numero_de_cliente	prob
11675570	0.00243429199111556
11675731	0.00106591566951886
11677630	0.00592661681766723
11678491	0.00149948917659
11678621	0.00145557913050353
11679331	0.00134651635554849
11680281	0.00111869731182587
11682860	0.000773549360879826
11683331	0.0103066094340461
11685801	0.000875845902378459
11687440	0.00116983551374739
11687720	0.000871518000307443
11688421	0.00342052508508895
11689401	0.0254442044610702
11690330	0.00259420493541331
11690740	0.0072843175441849
11691191	0.00415029031236041
11691850	0.00331835134699892
11695140	0.0629827246999386
11695321	0.00172597437210363
11697261	0.00263756633328779
11697490	0.0654688675908611
11698501	0.000875133866014826
11698641	0.00250609912041381
11700691	0.000732407885540972
11700790	0.00380596626370106
11701350	0.00104220101476757
11701770	0.00800735209992559
11702170	0.000786288918286721
11702430	0.000775527672636988
11702710	0.002249137314674
11703280	0.00079899965903732
11704161	0.00113661271691969
11704260	0.00213468367985733
11704650	0.00253124618191773
11705610	0.316330775989662
11708130	0.000742794995834713
11709131	0.00173371605479167
11713251	0.00165431097377775
11716360	0.00232396867611759
11717880	0.000863229262256799
11720520	0.0101602629107895
11723611	0.000842743211926017
11724141	0.000978550328934724
11724520	0.00242535655223347
11725200	0.071512958030534
11725651	0.00262021692029404
11729620	0.00324743898793286
11731950	0.00105409232535073
11732421	0.00261360829415872
11734201	0.00229106449903248
11738921	0.000735012853569146
11739140	0.000887749230215938
11740680	0.000961802988025111
11742460	0.00213050582963535
11744100	0.0014158062726451
11745200	0.00172857441039753
11746710	0.000931863807973089
11746730	0.00444907124768016
11747710	0.000907240709705085
11748120	0.0171514666428965
11748810	0.00118300045945271
11749090	0.00242414861738476
11750710	0.00525653501679394
11753050	0.00259863270990406
11753261	0.0124452799518926
11753910	0.000808378220915038
11758720	0.00291118757445283
11759960	0.00248239414905495
11760001	0.000856958587328107
11760370	0.0221306426973164
11760780	0.00175860826094484
11763160	0.000757336071080837
11763191	0.000736264951139303
11763301	0.0029292486946965
11763540	0.00754629215262148
11764540	0.00660676106947321
11764971	0.0048062240704795
11765330	0.00159518879604067
11765340	0.00138997121800087
11766751	0.00718155851553652
11770150	0.00201750641491211
11772500	0.00108869033676145
11774481	0.00771143173898532
11776961	0.00077066828825215
11777661	0.0013649964154096
11777951	0.0014355797756257
11778631	0.000811808536657964
11778761	0.00262626860016466
11779270	0.00164741462451398
11779810	0.000800754581855331
11779820	0.00382589380754112
11781360	0.00218793303225657
11783010	0.00325681987569862
11783150	0.00180438834103434
11783410	0.000987495285455126
11784561	0.00158752295173185
11786491	0.000767572582313861
11787140	0.00266954531009681
11791581	0.0257521778165129
11791601	0.000823791201922857
11792120	0.00406378592059465
11796240	0.00476414468907726
11796660	0.00469745633088843
11796800	0.00152376040763326
11797200	0.00202549546429781
11797600	0.000778962981975242
11798331	0.00262935017785412
11799690	0.0137545363103178
11799940	0.0105799467262853
11800250	0.00200538334199343
11803021	0.0030033176788004
11803461	0.0843410830979919
11804131	0.000742682851274706
11806990	0.00161035881073455
11807871	0.00104211956662448
11808110	0.0189940380244063
11808561	0.00713392040471543
11809921	0.0176805742692738
11810460	0.00137774855635199
11810471	0.000905730664018957
11812131	0.0576450680118651
11813501	0.00204483555810593
11813740	0.000788535951110497
11814221	0.00427898840395958
11814850	0.000840780175892528
11815150	0.0151093093723381
11817641	0.000819078429909117
11817661	0.00134636599705388
11818221	0.00380553141022706
11818280	0.0685217316824898
11819171	0.0326391608090691
11819851	0.000833930156033225
11823130	0.00250955876471165
11823820	0.0185509604259344
11825210	0.000867011181542765
11825791	0.000779881940412873
11827140	0.0201700966904105
11829801	0.000847364050396929
11830211	0.000925423850132063
11831940	0.0024518530450812
11832070	0.000840813722385217
11836770	0.000775247372774553
11837590	0.00292739755980901
11839680	0.000763006931428885
11840920	0.00146340632470765
11840961	0.00636191470654544
11843021	0.00094200856452317
11843700	0.000747659328262421
11846280	0.00234888890996257
11847140	0.0043367051321154
11847950	0.00211354107181888
11847991	0.000753605706032457
11849630	0.00802614728843447
11849921	0.000838655103049226
11850850	0.0255563461003082
11851110	0.00155896570449583
11851550	0.00203552729112626
11854590	0.00252107219630715
11856821	0.0167057426118024
11856971	0.0025560993062717
11858970	0.000833627332187202
11859000	0.00157833207347829
11859041	0.0195735995749711
11859380	0.00707495980648737
11860070	0.00909995972961356
11860421	0.000813088672914126
11862570	0.00275309325754096
11863861	0.00404636556921138
11865070	0.00156928296854089
11867800	0.00278950584009878
11867991	0.00387952299556986
11868131	0.00135688086401269
11868360	0.00254641553955023
11871930	0.00249404386627226
11872780	0.0029603886168662
11873330	0.00174766365733827
11875810	0.00268692428249041
11876421	0.00243676267242258
11876900	0.000755844679404589
11877221	0.00269356735080701
11879861	0.00140909775978801
11880961	0.0011636435145265
11881091	0.00341798423531369
11881200	0.00689265358584133
11881490	0.00578876966062118
11881590	0.00343167891634844
11881921	0.00546866771282395
11882290	0.00179701542549091
11882310	0.00183635458611253
11882430	0.00524422266566879
11882751	0.00296707954873041
11883520	0.00382888280048779
11884770	0.000776671216024341
11884780	0.00279059298070172
11884920	0.000892557173466677
11886341	0.021952947821223
11886430	0.0130133568583107
11887940	0.00136480563078458
11888510	0.000742682851274706
11888941	0.00081596784297265
11890270	0.00411963896670755
11891800	0.00206415534808812
11893180	0.00168899125760452
11893521	0.000852998848463454
11893651	0.774229051258111
11897180	0.00333768517316606
11897730	0.00287762073254056
11900121	0.00255024776038848
11903100	0.00079217134394336
11905890	0.00257254884568069
11905921	0.00135437992098352
11906300	0.00146029260082338
11906310	0.0105762305479463
11907110	0.00183331329951812
11907291	0.0157981925011521
11908240	0.00270878300668107
11908401	0.0025308731730085
11908500	0.00232490518385501
11908650	0.0043480768317362
11909491	0.00366021280795863
11911100	0.00379581958139063
11911970	0.0011002480242757
11914290	0.00185873428238121
11914590	0.00200589478098094
11915981	0.00705993770838935
11917470	0.0022242457405761
11918461	0.000838742006530739
11920080	0.00200648311520091
11921880	0.00134425891834704
11922840	0.0155444349599709
11924200	0.000837195962008144
11926181	0.000742682851274706
11926280	0.000776656119559544
11926440	0.00157338071928584
11926891	0.000867266731354329
11928920	0.00133339710555718
11929620	0.00328642450995556
11930420	0.00076018841721101
11930860	0.000838239649236938
11932821	0.00180956598022613
11933620	0.00224590965037958
11934840	0.000855762811138743
11935561	0.00109919701874858
11935650	0.00147951726111517
11935711	0.000775675808954355
11935960	0.00166902981176039
11936500	0.00437586419465969
11937070	0.00415172467389524
11939011	0.0217828954308604
11939390	0.000753215702402839
11941720	0.012809336517999
11942471	0.000785641751145905
11944760	0.000738792189129294
11947581	0.00688374839341905
11948401	0.00363062943663225
11949310	0.0128151709093474
11952350	0.000868921363982401
11954191	0.00654550707237248
11956080	0.00728166615049859
11957081	0.000765009193344843
11957091	0.00812725813889296
11957221	0.00419940749891332
11957491	0.00162150710283492
11958310	0.00074237266409518
11960360	0.00120025579396772
11961791	0.000784225946292121
11963581	0.00540504561693663
11963660	0.00421932408949959
11964790	0.000824178948745366
11965870	0.00294320811276086
11966820	0.0133642330973094
11968500	0.000980390871165393
11969501	0.000955327797090432
11970311	0.00289713993074121
11971390	0.00382890069042394
11971561	0.0062127819487625
11973890	0.00180710976505693
11975691	0.0116030247827699
11975711	0.000887103862203152
11976350	0.0120469562363386
11976920	0.000743383911093677
11977781	0.00078532612467879
11978970	0.00163154944475802
11979151	0.00403585113883981
11979421	0.000806425339308894
11979851	0.00159592997777678
11980100	0.00110261318859995
11981740	0.0014275992422239
11981850	0.000821444770876524
11984220	0.00359595881138994
11984490	0.00440841332971687
11985231	0.00458023721994147
11986891	0.00148309545395951
11987530	0.010627302162681
11988890	0.000849787838078333
11990000	0.00345309747566094
11991520	0.00254709262944545
11993450	0.00194442637295509
11995831	0.000821971849718043
11995960	0.000932090314640217
11997300	0.00851966987901841
11998700	0.000868598189069706
11999161	0.00129995961410136
12001590	0.00261066324940291
12002950	0.00206384535330253
12003650	0.340307766998414
12004230	0.00235096516114461
12004381	0.0112437626812714
12004480	0.00119959724088613
12004900	0.00369201708506217
12007561	0.00146765512189722
12008060	0.00223367469210194
12009740	0.00114448395740228
12011230	0.00220858257630724
12011291	0.00230000249839404
12011431	0.00419311083674982
12016760	0.00156597436089641
12017221	0.000909209733807741
12017290	0.00368489814512533
12018260	0.000788473894223389
12020060	0.00653878300396915
12020620	0.00373973817938154
12021081	0.00114444019846587
12022191	0.013391556939338
12022280	0.00493719304069239
12022840	0.00148575357597752
12024511	0.0067806375266852
12025060	0.00078296321409969
12030000	0.00249819648601292
12030171	0.000781417641040179
12030820	0.00303210600201385
12034260	0.000792764882078114
12034850	0.0223043048945148
12036350	0.13606722217339
12036490	0.00164663149796014
12036951	0.00412703034041437
12038010	0.00226653326406467
12038700	0.00072928566524651
12040251	0.00163408981450656
12041600	0.000811440409273152
12041610	0.000889426024442809
12045481	0.000887313006021556
12045730	0.00100419516919523
12046710	0.00077173249899528
12049081	0.00654306455895862
12050540	0.033791347599209
12051691	0.00384270261705951
12051981	0.000910749064468596
12055431	0.00234820193409442
12055650	0.00211738803369806
12055831	0.000824274102251985
12056050	0.0196573672564848
12056121	0.00344367495870314
12056460	0.00304577564459581
12056511	0.0251387091691488
12056521	0.00243747823749808
12056951	0.00176614854989236
12058000	0.00168287550622993
12059120	0.00329744776634395
12063930	0.00350011099625788
12064261	0.00974049330392575
12064780	0.0365190083874843
12064890	0.00318504199832223
12065880	0.00146301498077135
12066851	0.00397687120821052
12067151	0.00224009832046364
12067370	0.00832346911442563
12069481	0.00597629884764181
12070670	0.00151614555106087
12073330	0.00177544405267739
12076320	0.00287448839947943
12078830	0.000745958989990331
12078871	0.0556282845495107
12083541	0.000776145654568919
12084900	0.00182468118042026
12086800	0.00130573636675521
12089300	0.00142549639669546
12092200	0.0019520188257545
12094991	0.00380666662523261
12096210	0.0021075462510133
12097700	0.0114245892831217
12097891	0.00107049547717338
12101471	0.00940433733082362
12101870	0.000752800595332009
12104091	0.0015703312437797
12106171	0.000838875730058786
12106810	0.0104495250429757
12107530	0.00205028268597846
12108781	0.0009564188098463
12110290	0.180273489989458
12111080	0.000956884897017121
12111230	0.00301400968303733
12113331	0.00204415693085495
12115271	0.000782471484462915
12115971	0.00072928566524651
12117160	0.00251079309847549
12117201	0.00285611030489389
12117560	0.0019989052722243
12117860	0.00178197328325144
12118021	0.00104555590044965
12118800	0.000912309330995609
12119660	0.00213097970655996
12119790	0.00408588853753088
12120251	0.0029460277903749
12120590	0.00612328419749526
12120730	0.00213942249086058
12121460	0.00273204063004836
12123110	0.000863243306555674
12127151	0.00177216325961922
12127640	0.000765795596887037
12127920	0.00185844581235541
12128050	0.00283894101671527
12128760	0.0136164588856364
12129040	0.0238916804656797
12130721	0.000856387913724491
12130991	0.00396611687445632
12132340	0.00376969645249208
12134530	0.00180972579000085
12134670	0.00116487588223675
12134840	0.000736264951139303
12136450	0.00200677155110122
12137300	0.00496176088229374
12137690	0.000752662894757788
12140941	0.00163565079576063
12142031	0.00255064043299281
12143121	0.000771657239895453
12143360	0.000807796632653962
12143900	0.00695131843844292
12144921	0.0017795544672348
12145150	0.00154266515732771
12145160	0.0184555423090383
12148200	0.0148460061709774
12149020	0.000741278305848288
12150591	0.00080067649479936
12151620	0.00194603929862922
12152050	0.00121216697234307
12154260	0.000754630617965906
12154270	0.00371249370841987
12155940	0.00161146338905276
12156361	0.0407322518851415
12157351	0.00830038747559444
12157690	0.00259187936680843
12157990	0.00194195439444553
12159681	0.000741278305848288
12163920	0.000739512800026276
12164050	0.00210202523766092
12166380	0.00079444730225864
12166660	0.000737730618752873
12167250	0.00466911707130626
12169321	0.0717160801689227
12169870	0.0033276810600142
12175240	0.00312237307574445
12175551	0.0060384349331667
12175971	0.0610926853399641
12176231	0.00106494547686459
12176730	0.0120277414202813
12177040	0.000773702517372548
12178250	0.00371601587447663
12178581	0.0374401273906162
12179281	0.00077173249899528
12179541	0.00353916950980563
12180030	0.00100070070539641
12180340	0.00394165736092291
12180620	0.00858938634584117
12180921	0.00216822074557357
12181550	0.00077993929952457
12182410	0.0023143451173427
12182680	0.00198002986243389
12183551	0.0125419275081444
12184050	0.00796046418939253
12184661	0.00399043633522325
12185010	0.00180623275627459
12185840	0.00245368779437369
12188371	0.000895139651767745
12189410	0.00626035753279004
12190721	0.00184659017454924
12193830	0.00836175382326671
12194000	0.000804220117405908
12194130	0.00308026033959162
12195640	0.0044994508745639
12195760	0.00125559487162055
12198690	0.00101967115872481
12200361	0.00640116280089079
12201321	0.00077993929952457
12201590	0.00284581144021399
12202650	0.00586666689375616
12202800	0.00142040062058111
12202810	0.00784761700871738
12202950	0.00177525908317605
12206260	0.00241754747520855
12206431	0.00103330006765091
12207141	0.00245491944544523
12209751	0.00141490027569005
12210820	0.000767045036009717
12211070	0.000732639685915293
12211100	0.0014683961545369
12211220	0.000792751772231678
12211681	0.00243605638322344
12211811	0.00284795655784718
12213061	0.00380802694492607
12213130	0.000788837591196218
12213160	0.00214241087691625
12216580	0.00953387930009554
12218940	0.00175361837143459
12219541	0.000985664967831314
12219770	0.00466505198213058
12219920	0.000765921938085315
12220590	0.0116230186558739
12220600	0.0116111812567752
12221570	0.00152898963365911
12224760	0.00662225452662418
12225201	0.0049225349975666
12226680	0.00342854627060418
12226950	0.00306232848711242
12227510	0.000952927119104267
12228440	0.00850178731968287
12229191	0.000780509761639809
12229990	0.000886039141217192
12230250	0.000728356850259871
12231480	0.00149828858544365
12233980	0.00569726490694196
12234230	0.00241707483559834
12234680	0.00385285112754909
12235541	0.00582760090797329
12238530	0.0107669960400786
12239620	0.0012345388631142
12239930	0.00108108852873888
12240921	0.00619730373153746
12243780	0.0212463512021975
12245051	0.00872731495636471
12245860	0.00399582494841401
12245960	0.000977478755060176
12247080	0.00187143778340377
12248491	0.0302959795774689
12249830	0.00214830805206344
12250250	0.00146627707169791
12251060	0.00219855894252202
12251630	0.00863084886571373
12252850	0.030300886720962
12253980	0.000742682851274706
12255900	0.0033940674376079
12257871	0.0027450744741473
12258721	0.000737204979233018
12259251	0.00344837188836416
12259360	0.00363612808036363
12259510	0.00139616397477266
12259941	0.000853979095617349
12260101	0.00215882115656146
12260740	0.00959719028732212
12261400	0.000793485920979215
12262991	0.00212053227667438
12263271	0.00102089354881256
12263381	0.0121825816877541
12263941	0.00114647645651515
12264491	0.0124550334991825
12267330	0.00171116733294168
12276020	0.00518071175923002
12279111	0.00223775593966871
12279131	0.00187642275141484
12279241	0.00245162270452895
12280030	0.00236290521244344
12280641	0.000736264951139303
12281420	0.0046767418014772
12281861	0.000787025211233692
12282421	0.00174065566877371
12282810	0.00410946551146213
12282831	0.00345090343152704
12282841	0.000988826486753651
12283470	0.00188548293022709
12284511	0.000846775790303156
12288020	0.00197281932027578
12288621	0.000843679907261314
12289591	0.000742682851274706
12290540	0.0149633707731379
12291070	0.00254981475691492
12291620	0.00548244944269101
12292501	0.000745241096342449
12293540	0.00422823298204343
12295791	0.00554339742276062
12296341	0.000827486215868207
12297400	0.00170887475610784
12298380	0.00151548183791472
12299931	0.00569229831423452
12301410	0.000859518620527714
12302090	0.00141157703333204
12302141	0.000735642772885472
12302230	0.00251608787177587
12305581	0.00195016667419363
12305850	0.00276002108411987
12306500	0.000736883472982911
12306841	0.227151172431631
12307241	0.0407055587734363
12307401	0.000739512800026276
12314670	0.00163148602871824
12318431	0.197735222875344
12320020	0.0357273736158014
12320231	0.000752051278224264
12321530	0.00148002282514934
12322110	0.00313734477192731
12323521	0.000799114344952201
12323620	0.00187605960173149
12324901	0.000786424990130153
12325130	0.000836278994095739
12325321	0.000825842485154587
12325810	0.000876110208313687
12326011	0.00226446079268489
12326390	0.0191843617655478
12327251	0.0158498304961194
12327920	0.000840601334851524
12330021	0.00108521585668559
12331500	0.0444254540509823
12332491	0.00147829799404863
12332580	0.00173652824500668
12332980	0.00150772679325199
12333031	0.0125942670095012
12333130	0.000786477970908111
12333461	0.00072928566524651
12335230	0.00140288713939259
12335521	0.00476507703231676
12337530	0.00214415143027842
12338660	0.00157546351357212
12339090	0.000901699530046909
12340010	0.000747554272630817
12341130	0.0224422675823314
12341830	0.000791436308849604
12343371	0.00488964727702933
12344730	0.00147182310366483
12350001	0.00715918499414495
12350541	0.000799963911558807
12351900	0.00206704151840157
12352300	0.00850845182131242
12355360	0.0140322455149162
12356980	0.0274694830362006
12357000	0.00123760084410842
12361181	0.00158641181801021
12362380	0.00156105190306498
12364860	0.000769894845249853
12365301	0.00365909064842193
12366411	0.00199658489922894
12367360	0.00183152102252223
12368160	0.00346837305953192
12368850	0.000879458143791566
12372850	0.000888714049972454
12373260	0.0025564025038531
12373980	0.0026925858730624
12378250	0.000858858354266564
12379360	0.000763134864354886
12379890	0.00103797637296883
12380320	0.00349550612604197
12381861	0.00292539526847826
12383060	0.00199428743607281
12384611	0.00188793376195709
12385970	0.00290665464008236
12386831	0.00373089786325779
12387880	0.00327189586175622
12389150	0.000966448415201504
12390421	0.00650648370633837
12390500	0.00269801952924384
12391801	0.000813885151125942
12392611	0.00105204296519747
12392700	0.00155110401778711
12393861	0.00496576314053539
12394810	0.00242348212184877
12395050	0.00158451642845763
12395630	0.00076061694286615
12397940	0.00191563362648856
12400050	0.000770177090827303
12403651	0.00755548808527185
12404331	0.000779933049657047
12404611	0.00253659935130534
12405130	0.114645714709471
12406541	0.000803276188999898
12408300	0.00180541951854998
12408560	0.00805646747513603
12408730	0.0069577373546369
12409290	0.00286782366445964
12410281	0.00206016969154016
12411781	0.00533983504114673
12415070	0.00105574003037466
12416300	0.00530641921826102
12419330	0.00779969168718621
12421940	0.00787199117629777
12424160	0.00186588082437039
12427641	0.00229011441680455
12431190	0.00174526777974435
12435040	0.00337776663043653
12436481	0.000957606874537731
12439730	0.00323800761353626
12441161	0.00388665769470607
12442800	0.00073452495724485
12443600	0.0008265518381407
12444720	0.00100877133089235
12444990	0.00669318316249199
12446660	0.0120776183648679
12447221	0.0155487995757039
12448170	0.00276170946353289
12448191	0.00196826952867237
12448341	0.00472897521802274
12448461	0.00106385229780402
12448830	0.000889715984125381
12448881	0.0027789377903883
12449151	0.000749134385732945
12452570	0.0022150711146065
12452700	0.00542459179677374
12453021	0.287138661789617
12453100	0.00225457762047151
12455880	0.000735642772885472
12458391	0.00180476802049932
12459760	0.000832564032796128
12460051	0.00291370829361953
12460321	0.00140716722744005
12462411	0.00213780290882938
12466520	0.00873862734386104
12468850	0.00309283173680478
12469110	0.00974924672389987
12471771	0.00153931551942655
12472741	0.00107938192845914
12472830	0.00599150577400683
12473311	0.00432124078524173
12473670	0.00339821048198553
12473940	0.0109883855655367
12474370	0.00118840150787393
12474380	0.0151352127759705
12477031	0.00100240381029324
12478760	0.00487435579333289
12479210	0.00411606461661589
12480590	0.00124415719679681
12480751	0.000937748086246913
12481240	0.00203374962727305
12481680	0.000852554642218321
12482200	0.000898306064951057
12483170	0.00123277618584409
12483921	0.00195516315058483
12486110	0.00148994176226683
12490380	0.000761819773795541
12490900	0.00157313503292951
12491091	0.000832635081187962
12491361	0.000741278305848288
12493660	0.0527953563058214
12494681	0.000803437649987133
12496560	0.000845381998683119
12497410	0.000796338093974584
12497940	0.000792483418044611
12500560	0.000757671532320424
12502520	0.00239036726029228
12504570	0.0399848785502696
12505390	0.00854956914616764
12508020	0.00447086735903408
12508170	0.00144435775857525
12508270	0.00280717966290382
12509100	0.00392799220091535
12509981	0.000758252422615338
12510681	0.00236326351001992
12511511	0.000765009193344843
12511580	0.00182086502174188
12513441	0.00207746698991988
12513721	0.00162810546802298
12515610	0.00479655766216493
12516881	0.00397107245567503
12518100	0.0121399425726285
12521120	0.0015424147284754
12522661	0.00397690833636476
12524170	0.0024996806594541
12524300	0.00405581283916254
12524570	0.145134049343452
12524720	0.00192425271598508
12525800	0.000785586716014155
12526630	0.00392695440267472
12529270	0.0203161581541037
12530220	0.00238658397626632
12531320	0.000832888096772527
12531890	0.00977323959670723
12532020	0.00795367776349766
12532840	0.00399954442193314
12536830	0.00197185671054097
12537250	0.000781061559346101
12538490	0.00207882619921078
12540041	0.00217053102156903
12540290	0.0018844885679167
12541810	0.0085905414232313
12542381	0.000826348930931612
12542811	0.00172166504938596
12543160	0.00140589439823994
12544170	0.0528747959313132
12545011	0.00800792786032555
12547620	0.000773732284867563
12548140	0.00553340238601632
12551211	0.00274407294883501
12553421	0.00302251057159934
12553550	0.00140255602106007
12557230	0.00344107840944069
12557680	0.00334115285635342
12558090	0.00166569278469453
12559060	0.00240254554016521
12561841	0.0219001873015558
12562941	0.075498481482385
12563771	0.00802917061136423
12564041	0.00229674771523602
12564871	0.000996330610212428
12565680	0.00697577984561143
12567340	0.0019122630038379
12568191	0.000825993446577943
12568611	0.00341949703229122
12569100	0.00322015324600136
12570541	0.00173888289504451
12571481	0.00132828126483016
12571501	0.000929703831832815
12572580	0.00244130144482137
12573660	0.00606871991424637
12575761	0.000814188206661018
12576260	0.000780757332257779
12576400	0.0130452870958025
12576591	0.00845287459560168
12577250	0.00590754796502779
12577831	0.000779741554974518
12578070	0.000760092682629746
12578640	0.00076220548985277
12579310	0.000888703189614716
12579730	0.00511620541749415
12581011	0.00146972517736693
12582220	0.00233158798233358
12582671	0.000742033197031879
12583621	0.00168406058969015
12584451	0.00149006922263625
12585431	0.00252581431260114
12586251	0.00169746096810185
12586370	0.000862551708713217
12586801	0.00099366480222208
12589380	0.000944585865046439
12591040	0.00151480531193973
12591071	0.00317557554548155
12591870	0.00158972452778336
12593271	0.00327024705169082
12594220	0.00697705942599494
12597520	0.0046909197951489
12597670	0.000801777793707555
12600171	0.000985264561360699
12602370	0.00279753243850974
12602791	0.00149062181294366
12602801	0.000852458608271919
12603610	0.00373136346221597
12604120	0.00119276467305267
12604400	0.00110199487481407
12606200	0.00191237346168524
12606480	0.000776476516471959
12607160	0.000824349024864304
12607901	0.0320100604866737
12608280	0.000833718188427443
12608840	0.000755449185908342
12612451	0.0112586417266104
12612601	0.0042118120853108
12612871	0.0023137280758893
12613800	0.00179294955122763
12614050	0.0218513867913524
12614121	0.000996849538585838
12616591	0.00247210842645758
12618920	0.00180319247462661
12619081	0.00353148624541666
12619880	0.0018419452077983
12621161	0.00212517560532741
12621640	0.00292305288540174
12621800	0.000903257994615001
12622401	0.00473252150678275
12624051	0.360929794070634
12625161	0.00568094720732119
12627050	0.00499406105870266
12628311	0.000748606951317773
12633400	0.00129064237066029
12633950	0.000843986563311344
12636591	0.0221967255256194
12637930	0.00134879154735796
12639020	0.00513769985641966
12640140	0.000860264716069983
12640850	0.00169126703393186
12641230	0.00448545078024912
12641650	0.000888373802737594
12643580	0.0018808286683857
12644150	0.0182264039267473
12645510	0.00113717433921835
12647300	0.0138659826146785
12650261	0.0008356905035522
12651560	0.0252137965546657
12654480	0.00161930620300941
12655330	0.000836433592544746
12657841	0.00430450616383932
12659771	0.000742354998903751
12662460	0.000768788617855554
12662671	0.0243460454386441
12663170	0.00224098577571857
12664390	0.00124405418254767
12666060	0.00123642219887112
12666220	0.00308818420602554
12666320	0.000742682851274706
12666500	0.00241111154788134
12668120	0.00156866194476615
12670350	0.000847209084438823
12673230	0.000772703389237334
12674661	0.000771040564027072
12675621	0.0768782689928578
12675710	0.000911488381641699
12676570	0.00150832528630172
12678330	0.00653827237415966
12679840	0.00894637056710735
12680441	0.00569474404387064
12682111	0.003291084162619
12682880	0.000772284052958618
12684451	0.00210357887116492
12684581	0.00248516045116052
12685930	0.0187109151493221
12685981	0.0893272501820789
12686360	0.00130154210102378
12686500	0.000794035154229585
12688010	0.00280901090474104
12689681	0.00159614306446621
12689971	0.00242896822497987
12691290	0.000862921397936755
12694501	0.00177588154502876
12694521	0.00154870416645583
12694740	0.00257761515796059
12697271	0.000737324414023878
12699160	0.00144139199856097
12700390	0.000772632167007101
12702340	0.00448248921881567
12703980	0.00138859427520506
12704140	0.00380760117194341
12704851	0.00161235149725514
12705971	0.00152043693816578
12706450	0.000783536332640207
12706501	0.000849432954723402
12706610	0.00162642054576308
12707970	0.000742934310029422
12709350	0.00161482746892622
12709930	0.00153233146272709
12712540	0.0560079467411102
12712581	0.00365904659310753
12712670	0.000789565013019563
12715051	0.00154676122978465
12716311	0.0131803609067588
12716431	0.00076131762141848
12717760	0.000771528969225313
12718381	0.0015084027360109
12723440	0.0041765326405891
12723970	0.00231814021184095
12725920	0.00274903803756874
12727730	0.0374186186995802
12728250	0.007504913527422
12728680	0.00220602281443248
12729090	0.00410211332492951
12731211	0.000742682851274706
12732240	0.00148236386953043
12733811	0.000743302523871977
12734241	0.00461880258562117
12735481	0.00406034480723192
12736041	0.00248224603027255
12736940	0.00225777984888825
12738651	0.00166607400817706
12741090	0.00161154618394589
12742330	0.00299281642101254
12742781	0.00290804380136774
12744930	0.0449456828649073
12745821	0.0262819961525454
12746470	0.000821874621794038
12746501	0.00607617216896114
12747071	0.0199187941422508
12748250	0.00404521569258946
12748940	0.000811672405433156
12749070	0.00313403038307624
12749620	0.00242373417180907
12751491	0.00395716338457075
12752810	0.00253347845976083
12753640	0.00620444704251127
12753691	0.00300244388955912
12754231	0.00191511769443133
12755430	0.00169818964428565
12756380	0.00216610789501661
12758791	0.0010508400457126
12758890	0.0135340412417634
12759290	0.000732407885540972
12759870	0.00247955043268218
12760991	0.00542923385897373
12762371	0.00357969299136124
12762460	0.00165492376749231
12763860	0.0056789070746397
12766791	0.00182663898525641
12768400	0.00635794347231225
12769800	0.00101034782328768
12770521	0.00148321880942651
12771331	0.0013534853223517
12772110	0.0109329775869378
12776161	0.00195295469488676
12776571	0.00277463805782519
12779341	0.00128207242882738
12780120	0.00200779611643089
12780571	0.00224018831927224
12780810	0.00186696440463125
12781210	0.000920844845298846
12784021	0.000894581097834404
12784110	0.00434314702156667
12785100	0.00290059054154323
12786241	0.00173637963752191
12786880	0.0357413328394148
12786931	0.00126019288173899
12788031	0.0143374112075569
12789671	0.0018501488068469
12789831	0.000797151475007554
12790610	0.0546088428450164
12790740	0.00078129270794143
12791030	0.00581395844347312
12792970	0.00190334805938056
12793060	0.000804630510249608
12793141	0.000766702993137827
12796550	0.0014750279865822
12796711	0.100375395247328
12800981	0.00135361719327945
12801890	0.00441079387818937
12802590	0.000984043360701787
12804021	0.381123761341208
12805230	0.00217159354221939
12807850	0.00504759683672084
12809350	0.00343730538765097
12809640	0.00231942079652989
12810511	0.00142278862699821
12811061	0.00205711114432437
12811410	0.00359086824371472
12813220	0.00147530566648011
12813360	0.00182843444383049
12814620	0.00146965029614627
12815280	0.00141710872995077
12817220	0.0434085041905183
12817890	0.000780459158313595
12820561	0.000751843102480189
12820581	0.00462300870898045
12821640	0.00184731826525585
12823471	0.000791145532220987
12823820	0.000752998378340127
12824390	0.00224010435453431
12826200	0.00183298544915279
12826211	0.00215510328876016
12826320	0.00259643674047469
12826921	0.000753206067174833
12828861	0.00074190524687955
12829370	0.000749774944109037
12831830	0.00223957405250696
12833541	0.00253281989702164
12833610	0.00188320185920666
12834750	0.00174782614887109
12835481	0.00296593285623072
12836810	0.00830465094719303
12838781	0.0206963934367733
12839341	0.23348312634219
12840831	0.000743650068364851
12840960	0.00619427903910339
12844151	0.00286610835145092
12844410	0.0028399470505839
12845770	0.0048008158320988
12846231	0.000806448655547204
12848561	0.00430682409533029
12848841	0.0029254726102023
12849330	0.000758499170592355
12849510	0.000823596627267445
12850170	0.00312356643393821
12851020	0.00356828258624257
12854020	0.00115742696057386
12854170	0.000823387384738674
12855051	0.00214234858820838
12858730	0.0036628253466683
12859461	0.000742682851274706
12859550	0.0100746858164199
12862200	0.413622862073833
12862440	0.000765353978468183
12862481	0.000872612178490684
12863970	0.00199955901786846
12864920	0.000890043146124909
12864991	0.00159673830230941
12865941	0.000743751542448764
12867020	0.00374413586046032
12868520	0.0020089909340923
12869220	0.0189314415126467
12871410	0.056822848888557
12873880	0.00282444448039154
12874491	0.00272883626482459
12874860	0.00266662336269116
12876520	0.000741979308242157
12878570	0.000784359079852056
12880411	0.00362445238090027
12881111	0.000750560170658254
12882730	0.00129373691471857
12882761	0.0218225742439555
12882921	0.00131171938375861
12885241	0.00493486301294692
12885480	0.00381033963815037
12885500	0.00243806088957201
12886300	0.00254853639119609
12886771	0.00304733083735176
12889801	0.0254682257226204
12891000	0.00189218584101004
12891550	0.00179536473141225
12892390	0.00105240007208222
12900021	0.00112135664536967
12901920	0.00847726192645027
12905070	0.00142549412986438
12906730	0.00372785062415705
12909251	0.000817161270939559
12910590	0.000762360569871283
12912001	0.000736264951139303
12915881	0.00215050316335558
12915990	0.00153132238050346
12916851	0.00543452085375034
12918201	0.00305369311336208
12920691	0.00072928566524651
12921371	0.0321820851122983
12921640	0.00208435221952679
12923430	0.00117913469546937
12924271	0.00107320243277562
12924421	0.0038419308077737
12924530	0.00281609016170735
12924961	0.00358053935597843
12926020	0.00083726207198581
12927120	0.0025447357126457
12927741	0.000736264951139303
12927820	0.00378576924019239
12929350	0.0007547082576065
12929671	0.00295096653215102
12929750	0.00207363295455739
12930050	0.00157086665691356
12930460	0.00145259716491732
12931741	0.091898891138652
12932551	0.000741979308242157
12932961	0.00366384908756292
12933511	0.00438790083550515
12934050	0.00444797269410464
12934631	0.00213534071520648
12935031	0.00497245122172144
12937200	0.0475206914998056
12937811	0.0331507378349482
12938771	0.000768828342150806
12939820	0.000845993469162489
12942481	0.000783501950160147
12942710	0.00155610064797991
12942730	0.0564305400052146
12943321	0.00319411485556878
12947591	0.00102479302887316
12948370	0.000736264951139303
12948810	0.0079030079311761
12952950	0.00283437587879104
12954751	0.000921813669397707
12956110	0.000762465851100153
12956541	0.00540579797454317
12957811	0.00147991366823601
12958611	0.00194156720712313
12960790	0.00141579781843036
12961330	0.000795639178860956
12964630	0.00088741960124534
12966450	0.0104146231758586
12967540	0.000917576977110555
12968510	0.000965516407229037
12968691	0.00148329517389727
12968831	0.000983127311660576
12970081	0.00169227222845637
12970160	0.00645838805362335
12971731	0.00144715260811516
12972151	0.000804958201487864
12977210	0.00301869267452032
12979270	0.000742986110207698
12980281	0.00202440512765897
12980810	0.00072928566524651
12981080	0.00144012393297646
12981490	0.00249510507148331
12981531	0.0174003715239031
12982180	0.000882055249749037
12983110	0.0039640417592735
12983161	0.00916585002258075
12983461	0.0375563067369198
12984951	0.000762260403425402
12985231	0.000743494041625487
12987110	0.00119351433182169
12987301	0.000822417110843362
12987321	0.0105499612481264
12987550	0.00220353201782405
12992080	0.000754726717123517
12994310	0.000824999581707889
12994580	0.00200727983489419
12997801	0.00106363042738618
12998310	0.00086863718862079
12998450	0.00713909919836895
12999181	0.00081957291822981
12999581	0.0024678377912818
12999660	0.000821447157506458
13000900	0.000927720067007369
13001661	0.00267207838998552
13001770	0.00266774087984609
13002590	0.00590468200030767
13002611	0.00219270164893338
13003520	0.00148384565260485
13004421	0.000834745288592332
13004971	0.00210266612870573
13005450	0.0361329705769953
13007530	0.00284803788191259
13008350	0.00213926911659925
13008500	0.00799734976326485
13010881	0.00176025336635007
13011400	0.274313153246893
13014331	0.00193777563253799
13014560	0.00258558700337036
13015520	0.00678280984422081
13015670	0.314882517922456
13015991	0.00207209452482878
13019991	0.00722005466937447
13020421	0.0133067584402826
13021600	0.00218276240351745
13022020	0.000754985906895293
13022170	0.00234944058491443
13023031	0.00156004089214194
13024510	0.0018351300571892
13026331	0.000753745935986183
13026860	0.000964815837381704
13027120	0.000797928380878622
13027420	0.000814557327557508
13029661	0.00446033637964533
13031260	0.000748446982177425
13031930	0.000827994195359302
13033200	0.0018213453560049
13035700	0.00164460450424451
13036561	0.0159394269179679
13036800	0.000736701341134504
13039530	0.00563873365745897
13039731	0.00117049618446274
13041210	0.00136553971416206
13042491	0.00139599931838727
13042980	0.000822693455682541
13043690	0.00727795479298573
13045231	0.00349212329055615
13046980	0.00100318122698571
13047810	0.0243704208593435
13053610	0.0012375170093658
13053750	0.00233953474295827
13054061	0.00110022917048792
13054321	0.0579679424130616
13054761	0.0448650532360551
13055270	0.0224069613544008
13056070	0.0261746415608027
13056220	0.000811347183175264
13056230	0.00141276507404357
13056281	0.00222969040450515
13056900	0.00124889275249555
13056961	0.000736264951139303
13058010	0.000814380522180697
13058040	0.00270513444315248
13058140	0.00252577596777229
13058191	0.00933846256094443
13059680	0.00072928566524651
13060281	0.0145609502485781
13061340	0.000826090799799012
13062310	0.000937938256135351
13063800	0.000742682851274706
13064230	0.0804965441778958
13064920	0.00364145752885462
13064930	0.000735642772885472
13065641	0.0354120668966828
13068541	0.000758320463679646
13069101	0.00077993929952457
13069190	0.000954952470242296
13069511	0.0262720104498395
13072070	0.0135219849185344
13072490	0.0119304585913956
13072941	0.00285276864574044
13075561	0.00103078420771249
13075830	0.000800551398886163
13075930	0.00079407790832228
13075950	0.00985841144665115
13077091	0.00294771746519557
13077860	0.00504167014724203
13078191	0.00236662136866114
13079930	0.00347220624365697
13080111	0.0281192113717323
13081450	0.00218399881581463
13082560	0.00140191917930317
13082731	0.000889791722712038
13082881	0.00318285729807319
13083280	0.00326600012970297
13084131	0.0141625891903426
13085590	0.00135590140993973
13086321	0.000852225545906098
13087140	0.0810274972414364
13087650	0.00138282065045911
13088801	0.00968644223127797
13088951	0.00189083649157625
13090321	0.0321151988494779
13090680	0.000743190575528222
13091000	0.00818905194993415
13091510	0.00163005447974995
13092121	0.0177936614447744
13092240	0.00119686322629604
13092821	0.002313303653664
13094430	0.00164127979356516
13094471	0.00167656205694131
13095721	0.00432809290230038
13095841	0.000807574221112814
13097590	0.00168892462946205
13099021	0.00318543393971923
13100360	0.000783978544305905
13100661	0.00200901314248324
13101040	0.000929139060233304
13101351	0.000800641272302035
13101781	0.00396339352238464
13102000	0.000732587986569594
13102560	0.00244261615598609
13102741	0.00241667618756876
13107110	0.0017217712815182
13109221	0.00207906280247046
13109911	0.000795013977907702
13110280	0.00223569843035264
13110960	0.000751360355311736
13112380	0.000730335092490978
13112650	0.00213219382409408
13113060	0.0137956213416801
13115680	0.00227639379434222
13115690	0.00685323788550796
13116210	0.0169358348671672
13116681	0.0296380907267657
13118440	0.00299547585449785
13119110	0.00383784709916018
13119130	0.0017632659142273
13119370	0.000783802292412996
13119981	0.00489776532148027
13120500	0.00218440294975869
13122030	0.0026903163385651
13125440	0.00181665318705772
13126481	0.000742682851274706
13131380	0.00231505123151815
13131680	0.000779176660106405
13132681	0.0223081141177351
13133621	0.000748446982177425
13133720	0.00519733785570041
13133850	0.00423578027800566
13138191	0.00151925694448955
13138270	0.000960084160586338
13138871	0.00116839356948814
13139250	0.00210318200991865
13143431	0.00133149875452427
13143930	0.0593169780123079
13145170	0.00152242697892573
13147571	0.00104699262106573
13148261	0.00081280174022842
13148620	0.00838828186738476
13149730	0.0208148591400915
13150000	0.00561254420488843
13150300	0.000814779982138819
13150410	0.00364062750609871
13153361	0.0220680347153439
13153450	0.0019297234212212
13154260	0.000791112629335317
13154420	0.00102405142994855
13155240	0.00139516999995094
13156381	0.00098060050050027
13158751	0.00544164975819099
13159800	0.00381265372531727
13160090	0.000895534816153893
13162700	0.00152267709248932
13165211	0.00091422970989358
13165430	0.000795218508963948
13166830	0.00277377285177248
13167841	0.00150476861893187
13169631	0.000746045791892382
13170440	0.0031062500316211
13173570	0.00354659179313132
13173610	0.00602496907550317
13176330	0.00395543518586394
13177170	0.000798942499024946
13177610	0.000976561553235969
13178181	0.0047250709093135
13178810	0.00389510976591811
13178820	0.000967135271985876
13179711	0.00270953585023323
13180121	0.00135368817324691
13182850	0.0477709143451235
13183530	0.00312856843123237
13184910	0.000784345545662589
13185351	0.00167608771514435
13185361	0.001751073118018
13186570	0.00484760504309821
13186721	0.00497365396904669
13187540	0.0090175888694843
13187961	0.00143142038347681
13188630	0.00414176619277535
13188740	0.000767572582313861
13190051	0.00291693060936497
13190331	0.00345505403034983
13191701	0.000879551884049095
13192080	0.0033291005250647
13192190	0.000735642772885472
13192890	0.00088404712247452
13193761	0.00247120829890525
13194970	0.0347494812919364
13195250	0.00113991361814448
13196531	0.00329994696546272
13198960	0.00842015022297128
13199421	0.00155112656679952
13200381	0.00896337729641183
13200391	0.00943324035274461
13201160	0.00247862085934466
13202560	0.000761290883086218
13202670	0.00085349142995485
13202960	0.0842495048008899
13203271	0.000969120239994292
13203510	0.00758734965274788
13204920	0.0130368820884456
13205840	0.00346786855382405
13205990	0.000735642772885472
13209320	0.00073897385891401
13209361	0.00237025899611197
13211021	0.00155411404034537
13212671	0.00366748539115313
13214540	0.00200537238092852
13214710	0.382965518993972
13216630	0.00233847478545
13219240	0.00229400190530941
13219640	0.00473300840692605
13220661	0.00247073110388658
13220880	0.0272054664791925
13222181	0.00117323991860195
13222710	0.00320361746234134
13223691	0.0124780642873126
13223961	0.0025795802989621
13225631	0.00083435354296188
13225850	0.0184639916516816
13225911	0.00183219456614017
13227090	0.00214300643886863
13227961	0.00327370747558795
13232941	0.00422689647352731
13234570	0.00155184584715119
13235271	0.00143197847100105
13237611	0.000946937014047325
13242000	0.00201392304541579
13242290	0.00592024036311464
13242721	0.00460617891543646
13242960	0.000854326711334672
13244241	0.00340179376957965
13245170	0.0246170147227589
13247431	0.00076547305584788
13251291	0.00134217089865079
13252730	0.00143971301506249
13253331	0.00338282013114653
13253860	0.0114309006231117
13256080	0.00142146065264396
13256391	0.045380170993331
13256610	0.0043856452667341
13258181	0.000893312496541086
13258461	0.0220560701698226
13259240	0.00262910810893823
13259821	0.000736264951139303
13260111	0.00988351401739201
13261331	0.00221131737711871
13261341	0.00197191235851468
13261840	0.0028966616838981
13262270	0.00143415886877715
13262581	0.00620345584695665
13262800	0.00248945587969488
13264671	0.00669597848170907
13264941	0.00079502394904923
13265450	0.0509681738837735
13266940	0.000767212446571433
13267001	0.00134618883476402
13267401	0.000788535951110497
13267670	0.00334544009074004
13268620	0.000746388249261277
13268870	0.00165355223520588
13269331	0.000895562803902855
13270451	0.00165805509727556
13270660	0.00129700759259337
13271370	0.00280149675748763
13271510	0.0019787336381919
13272040	0.00190805931559964
13274840	0.00250462203467807
13275811	0.00517762820936198
13278430	0.00080544278015558
13278690	0.000829412738941542
13279390	0.0359601027728861
13279971	0.000760252881041652
13281771	0.00205910577549947
13281980	0.00278419227418621
13282410	0.00108819686842875
13282530	0.0038523844919852
13282991	0.000826778892936624
13288651	0.00074190524687955
13289621	0.00102914223014415
13292050	0.0021741005189479
13292391	0.00111528071151243
13292490	0.000778459323045605
13292750	0.00882997284388773
13294960	0.000853668116653815
13294970	0.00580206712860735
13297901	0.001478915864487
13298520	0.00184948212602267
13300941	0.0023697281804528
13304521	0.000778372415568837
13307070	0.00142025522578111
13308511	0.0174747709227808
13314861	0.00208132705536256
13315561	0.000839936768523217
13315940	0.00363674497268498
13318041	0.218417336638478
13318680	0.0044575697333767
13318851	0.00228629560156075
13323281	0.00189535118571674
13327370	0.00157628250521714
13327660	0.00904866365141651
13328050	0.00229188113007374
13328091	0.00207243929716619
13330380	0.0106766217646586
13330930	0.00301317395928416
13332361	0.0157753009266373
13333300	0.0040072785294516
13333840	0.00287499621164872
13333980	0.0104343078318071
13338680	0.00142326192188705
13339490	0.000888510504194714
13339650	0.000845471148348375
13340890	0.000745731843938442
13342021	0.00081572145124287
13342800	0.00115633330624148
13348081	0.0106878879438906
13348310	0.00222167767625071
13348730	0.00459279434247352
13353051	0.00965563691928291
13353461	0.000737730618752873
13355811	0.00265883553537056
13356371	0.00260377991698409
13357030	0.038758810353933
13357051	0.00165827648270459
13358171	0.00236098671149961
13359070	0.0271338625885476
13359360	0.00217241645410532
13359490	0.00517129621763328
13361461	0.00169816503412313
13361550	0.00737873289378445
13362011	0.00242454046290092
13363121	0.00732145564375661
13363650	0.000742682851274706
13364450	0.00196570617737324
13365580	0.00139001815577499
13368190	0.000800469200876408
13369010	0.000957091621230123
13369550	0.00181159380151172
13370130	0.00942440142599118
13373280	0.00254540294631461
13374240	0.00416208002735323
13375401	0.0335992099127891
13378940	0.000788635377689027
13379261	0.0127013938164047
13379620	0.00610229708269617
13380040	0.0296820723060632
13381430	0.0028278099023693
13381731	0.00123685589066227
13381820	0.0127485562191875
13382930	0.000748827718552511
13383240	0.000754619420802973
13385450	0.0040938286110455
13386390	0.00334097458352653
13390130	0.00147320105020311
13390540	0.00362904533541111
13393881	0.00107703635709209
13395951	0.00181835727355254
13397601	0.0022446032289998
13399080	0.0182844622678612
13402000	0.00177016187698058
13402110	0.00635965820789049
13402431	0.00116021619751073
13403080	0.00968009873055429
13403131	0.00601498129959973
13404890	0.00160459554216948
13405481	0.00146314807325885
13407941	0.00241904191986959
13409960	0.00313995032154988
13410151	0.000789779525277464
13411531	0.000977995176473458
13412351	0.00375234324959579
13412600	0.00534769793429585
13412890	0.0007483116698246
13413331	0.00111008830785043
13413820	0.00111360782322049
13413970	0.000787402960253232
13414851	0.00369806796791983
13415951	0.000744259996753192
13416050	0.00249142616013497
13416371	0.000737655817850898
13419121	0.00108239710693571
13420040	0.00224166045002696
13420590	0.00403748136914456
13423121	0.00379024896812403
13423200	0.00156244586324423
13423470	0.000833956352576587
13423510	0.000753167163081294
13427100	0.00140804441016261
13427111	0.000776919441049698
13427200	0.00304564894183283
13428081	0.000736264951139303
13430920	0.00232455445424413
13431411	0.00142551977717038
13431951	0.00077336043844918
13432470	0.0216266892337189
13434520	0.034526581707015
13435890	0.000800747793197417
13437191	0.0950018838487045
13437950	0.000771080372135468
13438691	0.00182930143743409
13439340	0.000736701341134504
13440050	0.00316272751083149
13440310	0.00815976803394419
13440781	0.00331606437808936
13441950	0.00334114185179999
13443111	0.000806514868942566
13444901	0.000741278305848288
13445601	0.00103223924842905
13447381	0.00504086254304372
13448610	0.00072928566524651
13451490	0.0115356373065884
13453560	0.00072928566524651
13454790	0.00306197423242307
13455780	0.000859704565597238
13459951	0.00181988348416969
13460200	0.00356294904393184
13461140	0.0036258045893547
13461611	0.00234576234046943
13461840	0.0015997442942036
13462640	0.00249736502834251
13465420	0.0017891271415062
13466161	0.00169882463813412
13466250	0.0023396428463297
13467510	0.0013942593645993
13467521	0.0106822245296485
13468440	0.00304663726631463
13468870	0.00177548549461644
13469061	0.019695781754279
13469150	0.00876395879939364
13470370	0.00434966868532823
13470800	0.00291823382433655
13472330	0.000959117045473467
13472440	0.00171349218411303
13473881	0.00372881801705897
13473970	0.00135326724455095
13474250	0.000741278305848288
13474680	0.00237577595741745
13474991	0.0037777059746878
13476231	0.000902267557557585
13476740	0.000776743922754917
13477430	0.000785634988681126
13478281	0.000798628798712004
13478790	0.000930547597322393
13480341	0.000810440608568913
13481950	0.00272530533596287
13481980	0.001905678967429
13483760	0.000765009193344843
13484570	0.0122215328499365
13485430	0.0153451884907898
13486141	0.00205565130107569
13486961	0.000891056876304082
13491101	0.0352612974999387
13491770	0.0028528304342233
13492211	0.000831857898539866
13492870	0.00309782894395555
13496160	0.0141900766430045
13499811	0.000955669987176607
13501430	0.0106152289304545
13501581	0.00125185498057644
13502421	0.0147951588961664
13504020	0.00815959081690475
13504330	0.00314928815499762
13506530	0.000818621910938918
13506681	0.00207039821147792
13507600	0.000749208808387401
13507770	0.00389408752551222
13508901	0.000772842959130684
13509710	0.000771100019004342
13511371	0.000770684125906352
13517160	0.0262492313134318
13517461	0.00120287581836687
13517690	0.00999394465706964
13517710	0.00145528264505095
13517861	0.000811922514111556
13519320	0.00135323259370176
13519511	0.000976752438388117
13519801	0.0192020316939868
13520870	0.0125186487004404
13523780	0.00950289715158312
13525130	0.00725702929010565
13525311	0.00304818988040606
13525810	0.000754914867079438
13525960	0.070304574523705
13528840	0.00337566195066069
13529020	0.00263536344246706
13529550	0.0169895905245758
13529570	0.0123572753382976
13530271	0.000837199966562275
13530910	0.00488574667718442
13531521	0.000888191745065544
13533400	0.00123803448533506
13535190	0.318002142383699
13535521	0.00796142592678691
13536860	0.0182243444286694
13538821	0.00317531640547143
13539121	0.00137325595075513
13539620	0.00163594520431035
13541731	0.000839999650833964
13542011	0.0110682352033949
13544341	0.00073897385891401
13545280	0.00151728448352558
13548840	0.00233040088011698
13549270	0.0021546247151718
13550001	0.000759104704923926
13551480	0.000830933138970478
13557601	0.000763895798894333
13558080	0.00264982036474399
13558390	0.351681821669022
13558981	0.00336250882615106
13561390	0.000764382743143204
13561410	0.000758358411540077
13561530	0.00260814544441542
13562770	0.00338552826598096
13566120	0.00608555102088972
13566551	0.00323761392813152
13567060	0.000867639328986981
13568430	0.0120639655509516
13571880	0.0115011117283216
13574350	0.00442558689336325
13576331	0.0208300195576604
13578821	0.000745295930174489
13579531	0.00113022066467826
13580700	0.00734681374550643
13581711	0.00172657047776058
13582250	0.00104782890480016
13583060	0.0148254920928747
13585451	0.00117319403126447
13586220	0.00309450776224979
13588450	0.00384628207568727
13591091	0.00186455620969767
13591220	0.018773349089573
13591641	0.00128037090885679
13592710	0.0091194869308767
13594900	0.00092698360235861
13596191	0.00284921038879511
13596560	0.000742682851274706
13597321	0.00319528421076294
13597721	0.00152259978758781
13598790	0.0056678807640507
13599050	0.00147120112870884
13600071	0.00460233906426034
13603091	0.00186943849317356
13606350	0.00130670911189632
13608550	0.00236407771746031
13608761	0.000793737664180337
13610121	0.000751505256371683
13611190	0.000858577086437516
13611350	0.000754834499896714
13612191	0.0020477337861814
13613400	0.140556127366862
13614640	0.0020614971748399
13616560	0.000776458712344002
13619060	0.0221712922545675
13619750	0.00134786756279985
13619781	0.00297784734924937
13620560	0.000731355482055213
13621161	0.000867342379879951
13623480	0.00266259058078857
13623661	0.00257890795593421
13624170	0.00185427750078272
13624211	0.000808128343056168
13626271	0.00456619533129085
13627310	0.000833295448452623
13627590	0.00115262542778528
13630780	0.00304564488285051
13632590	0.003082793692463
13632751	0.00299709080944765
13633420	0.00146087721506682
13633851	0.00310227054743817
13634640	0.00310289808358486
13635460	0.00191713076349717
13638551	0.0109079867827291
13639720	0.00227333484267829
13640621	0.00160042660047837
13641021	0.00224531349919686
13642110	0.00155520179637458
13643641	0.00150746232278396
13648481	0.000766331669371023
13648860	0.00271557284420934
13648990	0.00805038925553379
13649250	0.00215889759626331
13649550	0.00254436778808671
13651641	0.00085635762498722
13653581	0.00109613545025386
13653680	0.000751989325083224
13654100	0.00087718681953891
13654251	0.00264655638758153
13655750	0.000783849945445158
13655921	0.00480411303170488
13657451	0.00301716859566795
13657561	0.000806955159817576
13658100	0.000744259996753192
13659241	0.00398945050747306
13659760	0.0191604741049062
13660730	0.00297553351564749
13660970	0.00168970989565156
13662480	0.00373029984924109
13662510	0.00525475350632892
13663760	0.00309644618518518
13664270	0.000875196491036806
13666210	0.00149778970062533
13669140	0.00174110848267398
13671460	0.0028349499993557
13671470	0.00177330796417988
13672601	0.00119780217153484
13672710	0.00175421417524791
13673301	0.000776743922754917
13673960	0.00271973604796862
13675070	0.00223353194402949
13675101	0.0022291586258682
13678920	0.015273133861645
13680331	0.00273400703995026
13681520	0.00704633017989838
13681960	0.0436634994433216
13682520	0.00211831300511141
13682920	0.000935620425264649
13683330	0.00192580713043202
13683600	0.00308851519138757
13684580	0.00148554338893231
13685550	0.00149752166068991
13688300	0.0249471596633365
13689510	0.00295205773391125
13689830	0.00111742034745018
13690380	0.00076435729068172
13690490	0.00283894666540671
13690750	0.00337399127894802
13691180	0.00209408083417762
13691470	0.000771586690754902
13693421	0.0015311879623738
13696331	0.000754026535873136
13697260	0.000812536374384478
13697380	0.002774882607053
13698131	0.000831916058790279
13698251	0.00255357781182237
13698610	0.00622967637552679
13699491	0.00527137149845963
13701120	0.00614817010102231
13701711	0.000762845745556709
13704150	0.000787402960253232
13705400	0.00543980439690604
13705680	0.00157819672728542
13706490	0.00359506869727157
13709000	0.00140018943378524
13709940	0.000804930359715959
13710340	0.00299762729913385
13714350	0.00176342530384259
13716201	0.0375555855873335
13716300	0.0021810528757754
13717660	0.00508949154219597
13718381	0.000825960395764049
13719060	0.000805741581383535
13719081	0.00130149087855001
13719190	0.00341534548969737
13719880	0.0135832339805772
13720010	0.00271386492872799
13723761	0.0672208716129032
13723911	0.00219557573005207
13724020	0.00192224678919912
13726090	0.00224280090145502
13727730	0.00143797937684976
13732171	0.00194855107093147
13732270	0.000740037216947713
13732430	0.00952549475855037
13732540	0.00200578473667861
13736690	0.0089793133682533
13741851	0.000735642772885472
13741940	0.00130116124458893
13742080	0.248965655381369
13742401	0.00186031260303311
13748030	0.00100477820004733
13748061	0.000851077564547315
13748150	0.00699370886156272
13750111	0.000805279531147979
13750121	0.0072477793416505
13751481	0.00154176666360238
13754090	0.000949320091418451
13755190	0.0353210851396615
13761390	0.00174081548611518
13761841	0.00280375072147246
13765520	0.00275235198562052
13765660	0.000818703976230553
13766050	0.000911663516137549
13767730	0.00123004604922564
13768721	0.000735642772885472
13772270	0.00156413167287795
13772410	0.000774510598077879
13772420	0.00110561616803243
13772670	0.00147349407910291
13776150	0.0147347355776991
13776430	0.000809088871495705
13778080	0.00364936314648563
13778210	0.000752092352634855
13780120	0.00996775326330218
13780160	0.00159250174575098
13781250	0.0295764251998904
13782101	0.00179842842972187
13783201	0.00308542260033203
13783641	0.00156776159980205
13783730	0.000859088513353493
13785370	0.0566807298573899
13785711	0.00159189197035687
13788861	0.00253466441044967
13789780	0.000795419732099256
13790381	0.000766012201071648
13791730	0.00223639739667882
13793161	0.000744259996753192
13794640	0.0045224690369232
13796461	0.00219407220363076
13796550	0.000896094477501453
13796741	0.00133167605431607
13799020	0.0168108460464891
13800311	0.397133369188009
13803481	0.10610143251836
13803641	0.00073810781326128
13804451	0.00170911179947678
13807071	0.00184506267389846
13808430	0.00199901322403743
13808680	0.00673615342494036
13810791	0.00077173249899528
13814050	0.000845593531428244
13814941	0.000736264951139303
13816260	0.00143732284358846
13816550	0.000787699055459884
13818880	0.00400568236941306
13819850	0.00428531119953834
13819860	0.00188667017762663
13820690	0.00392227544400872
13822620	0.00193051290858359
13824410	0.00364751066988053
13825230	0.00188160020189572
13829510	0.0724682513618695
13830870	0.00125704564770331
13832041	0.00158604920971964
13832120	0.00188706992505249
13832321	0.00308361092003355
13833780	0.00382623986299155
13834121	0.00106849443365628
13834360	0.00228067734055705
13835611	0.00074190524687955
13835880	0.00316800140356024
13837520	0.00253837192419299
13837630	0.00105787570450101
13837650	0.00578753040871255
13837940	0.145850541981573
13840010	0.0024585239843463
13840410	0.00492488144676681
13840540	0.00220014352284007
13840950	0.000791527017385685
13843850	0.0105859212907183
13845401	0.00264240392034473
13846040	0.00144439370114634
13847160	0.000748777710569618
13848451	0.0153402363065171
13849141	0.000808800505397524
13851980	0.00119385461952846
13851990	0.000855408104069019
13852031	0.00101633324835309
13859881	0.00285547264011428
13859990	0.00268984489779927
13860021	0.00505397825026165
13861370	0.00160915429169331
13862801	0.00795654265398741
13864181	0.00297819651911686
13864461	0.00783221532480006
13865951	0.00887549838315659
13867980	0.000734872534177992
13869360	0.00074190524687955
13869421	0.00151089632046867
13871560	0.00188056339239774
13872711	0.00798785561052362
13873141	0.00174399124671962
13875590	0.0008121658684488
13877370	0.00194366597084024
13877770	0.0160095903797716
13877821	0.0026529830776755
13880380	0.00325732646574552
13880441	0.00423151848299443
13882910	0.000735642772885472
13883341	0.000812061538839866
13884680	0.000798656874480706
13885250	0.000790876213152005
13887140	0.0144678384110735
13887570	0.000940874354108853
13888270	0.0057988859619081
13889220	0.00315187915905929
13889811	0.000836817599834399
13890750	0.0185822748078188
13891180	0.00072928566524651
13892150	0.00123334743119722
13894931	0.00227360497062434
13895061	0.00109974878774545
13896560	0.00230575473641028
13899000	0.00694144484350728
13904550	0.00318541476057196
13905001	0.0274631898787371
13905421	0.0166268006314131
13906210	0.00829905821266037
13906870	0.000859683484318464
13908560	0.0052029671185623
13909100	0.00336758115058399
13909220	0.00217184960832204
13909281	0.000824349617108219
13909500	0.00337400792998974
13913551	0.00760187186828858
13913971	0.00456188795459999
13916280	0.00146796175074474
13916410	0.00244875321764573
13916721	0.00077721559125417
13917261	0.00945050774196042
13918750	0.00287819138997915
13921070	0.00107884892280571
13921520	0.0012594817605264
13922040	0.00168177718080199
13924161	0.00614980182793331
13924571	0.000991839040608879
13926750	0.00188715413760029
13927850	0.0090377532334791
13928031	0.000733556802490595
13928560	0.00475794713072515
13929510	0.0311601796751502
13929541	0.00209203217674034
13929681	0.00338229125495769
13931051	0.00529812367450112
13931481	0.00430956235381093
13933001	0.00242808951095999
13934460	0.00545154173815306
13934600	0.00171370096574427
13936680	0.00386717031229973
13936851	0.00238606823600525
13938730	0.00394101932832965
13939450	0.00189189134397148
13940800	0.0390411354956679
13941821	0.00172583936484551
13942890	0.00105262360398117
13943160	0.00312378036346103
13950350	0.00109280328271469
13951170	0.00540295875076052
13951440	0.00997849077938032
13952301	0.000829859900481754
13954750	0.000819909917003245
13956650	0.000805578615697992
13959840	0.00311191409118088
13960311	0.000776194534522478
13961671	0.000746376083548458
13962190	0.00175009638316947
13962381	0.000869777827803591
13962470	0.010980026399728
13966340	0.000791646924532697
13966381	0.00270283364761482
13966600	0.165527104414059
13966720	0.0103277156715648
13966911	0.00133533448973002
13967201	0.00294925529970168
13967310	0.00147127065876067
13967580	0.00154865132280525
13967830	0.000784403307322288
13968451	0.0860671884257135
13971700	0.00169621460589521
13972130	0.00138349861223549
13976161	0.00481200313562557
13976370	0.00476490137944326
13979201	0.000736264951139303
13980950	0.00276847990693918
13985630	0.00189226540558715
13987321	0.000742682851274706
13987960	0.000737204979233018
13988110	0.000765597575819731
13988270	0.0270289674913442
13989610	0.00079646076679699
13989750	0.000820714570579315
13989760	0.00199921983236044
13991720	0.000859980315815739
13992410	0.00252246121811424
13992540	0.00698681304321881
13992940	0.000735642772885472
13993490	0.00247662838500022
13995010	0.0141875071981621
13995720	0.000753677119628902
13997350	0.0039752039252053
14001230	0.00534540741691694
14002580	0.00583824123553126
14002791	0.0792518879221223
14004291	0.00150450876768572
14005671	0.00110204026327455
14006231	0.00322312341646135
14006710	0.0115786452437683
14006720	0.000988458405416629
14007741	0.000801007724919292
14010491	0.00338817314721539
14010890	0.000935838719500059
14011311	0.00294537065600776
14012520	0.00194684622781089
14013100	0.00533086282043144
14015061	0.00396693555119198
14015160	0.00587067685379874
14018030	0.0180395942357039
14018200	0.0073319280894909
14021931	0.00274203987095661
14022460	0.00074299011063145
14023201	0.00200260252054419
14024930	0.00240509134791647
14025931	0.001666518093953
14028571	0.00167160207546771
14031191	0.000877480704346053
14032120	0.000907661737793051
14032260	0.00243590708212553
14032400	0.000857513354972681
14032780	0.00072928566524651
14033200	0.00637855868543723
14033261	0.0170670057124618
14035850	0.000779001436662123
14036530	0.00144478403973862
14036711	0.00142881607934679
14036780	0.00354898455597755
14041230	0.00581260303979572
14041350	0.00778861388797315
14042300	0.00282915720926149
14048940	0.00154068266865323
14048950	0.000735642772885472
14049801	0.000764498786496151
14051120	0.0139387995124819
14051871	0.00202239586837434
14053490	0.0042303298222648
14054710	0.00166947484124204
14055061	0.00279987555345318
14055400	0.00141762064922871
14055820	0.0490573827306872
14056920	0.000807819591675187
14056971	0.00248944649698631
14059181	0.00265776760525253
14060971	0.00112404938524941
14061801	0.0377544279033274
14062610	0.00277349840903712
14062921	0.00182727883381495
14063321	0.00956232152053435
14064370	0.00136888513460765
14065740	0.0174319997485182
14067591	0.0027590596134614
14068001	0.00206015244017219
14069251	0.0013632476357587
14069480	0.000957300758457407
14071601	0.00910220568592463
14072110	0.00240380905207928
14072711	0.000869505074531426
14073391	0.0108701782469952
14073480	0.000738792189129294
14076090	0.000931315350490881
14077470	0.00232930820665242
14077811	0.00167761297716921
14078300	0.0020557241598176
14078641	0.00171616745157421
14079570	0.000773129501965713
14081070	0.00169045519808798
14082891	0.000750052093701581
14083540	0.00217187716775572
14084110	0.00565152931456411
14087191	0.000742682851274706
14087280	0.0169068487976887
14087741	0.00289196183680905
14087960	0.00374881830722075
14088151	0.00202027564267798
14088271	0.00426612463931685
14089230	0.000786925984758497
14089401	0.0327350304635023
14089521	0.0853237133744964
14090310	0.00335094011273212
14090911	0.00221192337221706
14091710	0.000771353519381205
14092790	0.000822140248288452
14093780	0.00181094355266356
14093910	0.00247787312456347
14094351	0.00886452595051142
14094440	0.000737730618752873
14095000	0.000901735428757313
14095670	0.00653918989550341
14098290	0.00273871899194738
14098481	0.00504212773250261
14099051	0.00154616970954123
14102190	0.00143462059571475
14102850	0.00135947996397691
14103451	0.000735642772885472
14103570	0.0310776101125225
14103591	0.0073656855104541
14106470	0.000852779622889954
14107270	0.0017384066458294
14107280	0.00248363797041567
14107741	0.00403962585391199
14108841	0.000772687684619163
14109330	0.00437390262617579
14109750	0.00236879284052173
14110481	0.00368236037666428
14112701	0.00349036732556984
14113371	0.00449238743186976
14113760	0.00296275406827932
14116100	0.00143205788131889
14116701	0.003515976538525
14117931	0.000735642772885472
14118990	0.00596403534693341
14119270	0.000893006219231336
14119530	0.0948853752377551
14119700	0.0030159629894702
14119830	0.000785268575425855
14119980	0.00110795108096741
14120691	0.00174825079532621
14122330	0.00142683613091347
14124650	0.00274869913473593
14126361	0.00117353355166465
14128421	0.00745131493412927
14128920	0.0234827612554298
14128950	0.00944687815430927
14130870	0.00580112194751908
14131041	0.00175212351892939
14131731	0.00151534324117394
14131851	0.00180002043895482
14132411	0.00147634151159666
14133121	0.00485679892650358
14134010	0.000882149045824736
14134560	0.00237359011077854
14135810	0.00301249175143484
14136370	0.00324130830237297
14136431	0.0177676476069414
14138160	0.0134346821217414
14138471	0.00167534353786563
14138570	0.00405117775315979
14138700	0.000788658733576954
14139150	0.00103338905563267
14139530	0.00143137714312851
14139550	0.0025156062549107
14139711	0.00300834721717859
14141241	0.000793647811703984
14141781	0.00439959162280583
14141941	0.000978030896841268
14142361	0.00141923298006108
14143120	0.00200899504796471
14143410	0.00421815907702408
14145890	0.0034147045739551
14147010	0.000772632167007101
14147851	0.00244123583946438
14148530	0.0545518534012096
14150710	0.00374801557748578
14150990	0.00151024632305643
14153111	0.001439926035867
14153190	0.0171139900226168
14154430	0.00079130276361094
14155420	0.000805812735107595
14155991	0.0101771732219085
14156230	0.00154626025009616
14156910	0.00233855585117469
14157251	0.023497394298855
14158061	0.00185500977780796
14158860	0.0160129163457522
14159940	0.000879382987749174
14160261	0.0013291716384328
14161040	0.457817441244433
14162221	0.0014747182106261
14163171	0.00298372239757853
14164271	0.00106102122653906
14168790	0.000800397026759457
14172370	0.00192418007615196
14173801	0.00222926186353969
14176640	0.000765697427434697
14179451	0.0248035745711346
14181180	0.000754176476341562
14181340	0.00294647776055258
14181391	0.000852845663682339
14182331	0.00114426469621725
14182741	0.000769255556155352
14183270	0.000743382134161891
14185251	0.00505580517264109
14186280	0.000737730618752873
14187810	0.00718006895324494
14188080	0.00223391213732869
14192001	0.000737658673057384
14193651	0.000739649328796858
14194611	0.00342036044452135
14196210	0.0187556893000264
14196961	0.000815772626967585
14200070	0.000927948769522592
14200780	0.00203324227219177
14206901	0.0016358578706286
14207550	0.00147853146144514
14209730	0.00469567227409862
14210420	0.00598052644436695
14211731	0.00301363572268529
14212261	0.00196377207631442
14213200	0.00198846978113005
14214160	0.0119597482756268
14214180	0.0137201944345965
14214741	0.0201454836930059
14215410	0.000810824004021438
14218321	0.000928081948388016
14218990	0.00103482018065225
14219721	0.000734872534177992
14221030	0.000839664350901542
14221661	0.00425727227978776
14222440	0.00141558983821158
14222611	0.00226871270955584
14225911	0.00786882978689888
14226720	0.00404445452393814
14227400	0.00412062471386481
14228141	0.000765838389910965
14228941	0.392779565783337
14231011	0.00595087211110888
14234341	0.00140099992145134
14235120	0.000795215510986355
14235970	0.000737332716639876
14236090	0.000770145905205141
14236790	0.000736701341134504
14236941	0.00387267192751672
14238331	0.0483143633127693
14238850	0.000748309660449848
14244941	0.000731355482055213
14250830	0.0210272680938076
14252261	0.00602485977394466
14253340	0.00667857011093874
14254030	0.252292763030949
14254191	0.00233714432782308
14255000	0.00138495108083322
14256080	0.0106946636599844
14257050	0.00986669085376563
14260131	0.00214001476098477
14261641	0.000754834499896714
14262430	0.00223941566425176
14263410	0.000841810385253361
14263550	0.00213451258633248
14263680	0.00218709308212081
14264401	0.000739393011014096
14264551	0.00263292316154374
14266130	0.0012953176413693
14267370	0.000957402008440527
14267550	0.000863290486010397
14268360	0.000754343051307084
14268900	0.00173959623017214
14269200	0.00177913947211637
14269580	0.00378797819196266
14270481	0.000732407885540972
14272521	0.000793144880365379
14273030	0.0157325098608193
14273180	0.00156842737128128
14274181	0.00177911252002291
14275550	0.00283886773754697
14278741	0.00157614162867403
14279120	0.0126530800877525
14279431	0.00077299467175011
14279441	0.00240556895829666
14279530	0.000751246918556276
14280360	0.0140196896741447
14281750	0.00237424749800092
14282451	0.00148227021095698
14282871	0.00189173021131904
14284200	0.00382816495340368
14284510	0.00226715709303317
14285870	0.000752296186270221
14286010	0.00531134601685545
14289081	0.0191239166040248
14295670	0.001373651310766
14295851	0.00321237968143084
14298481	0.0180165045017751
14298960	0.000750860158253244
14299981	0.00125201276247796
14300770	0.00072928566524651
14302140	0.00823277101887098
14302300	0.00072928566524651
14302420	0.000880996374751238
14304531	0.00201419678943141
14305631	0.00766392508923466
14305730	0.000778354054621237
14306980	0.000742682851274706
14309651	0.000742682851274706
14309771	0.0182996464716108
14310150	0.00081243561758511
14311530	0.00192182056117826
14311981	0.00143233180441332
14312330	0.00112018330040706
14313470	0.00235879542798347
14313781	0.000785243082652846
14314861	0.00165207372274182
14314871	0.00368789365017029
14315161	0.000766021866521742
14315250	0.00282891453216305
14315711	0.0082251548292292
14316900	0.00153478501539127
14317621	0.00175489702423317
14318130	0.000748194932122548
14319421	0.00176853089322113
14319670	0.00148929723743757
14319831	0.00110457135877829
14320650	0.00163105548920736
14325050	0.00180724908523189
14325590	0.00724064697179432
14325990	0.0671714617393074
14326980	0.00073879386037176
14336791	0.000828601547769851
14338591	0.0014320049772613
14339380	0.00244234815544998
14339670	0.000908272187594925
14339790	0.00292084685387296
14339920	0.00135522616738652
14340241	0.000739322814563301
14340370	0.00111473062117503
14340630	0.00223570474706369
14340640	0.0011093829460848
14342731	0.0013608361533627
14344190	0.00134179249422016
14345890	0.0675323845734499
14346741	0.0743233770609453
14351011	0.00190824902109865
14351820	0.00136539453945703
14352681	0.0206877980476735
14354990	0.000913984228284425
14359141	0.00446966867635421
14360060	0.00287782470626498
14360111	0.000835814695200463
14360220	0.00135874068983219
14360640	0.00466092146039594
14360760	0.00495637387464455
14361720	0.00342864196662951
14364360	0.00115581568820472
14369050	0.00469763121570202
14369180	0.00147076634211857
14369911	0.00190512770886546
14371120	0.00331969254214113
14372801	0.000927326281577412
14373460	0.00286306896124048
14375080	0.00416093515570968
14376791	0.000823379691385811
14377460	0.00137761396997
14377590	0.00880657196180326
14380651	0.00642641967137453
14381580	0.000937809494069367
14381771	0.00120748102734306
14382451	0.000736264951139303
14383230	0.00725540277765879
14384070	0.00194760827452897
14384640	0.000745958989990331
14384671	0.00932991559768599
14387001	0.0027383812524346
14390991	0.00196733026098705
14391120	0.0011912459465434
14391910	0.00331644274384205
14394051	0.000772284052958618
14394550	0.0016782080708318
14397071	0.00261054145098485
14397840	0.000735642772885472
14398120	0.00111643543449042
14399220	0.0137434498405021
14403500	0.00274591060025874
14405071	0.00268141009322133
14405870	0.000758320463679646
14406871	0.00266079938938791
14409501	0.00812469829945467
14410581	0.00232149466999481
14412111	0.00378173897643297
14414410	0.000740403222510165
14415831	0.000951414770906392
14419250	0.00302802769755721
14419650	0.00571029179235566
14421050	0.00076750108790368
14426530	0.000783238104104689
14426991	0.00132352881634969
14427951	0.00285340781575491
14429361	0.0160853065028527
14429621	0.000744256105337571
14429891	0.000767572582313861
14431780	0.0212290495203892
14432880	0.00203103807970469
14437440	0.000735642772885472
14437481	0.00181973426880047
14437580	0.000773048727102169
14439951	0.00506217157810528
14440870	0.00776877681585964
14441221	0.00425338606608028
14441420	0.0682406978108264
14441891	0.00160916497006062
14441970	0.00165200428573181
14442041	0.00148726057630841
14442260	0.000929342575885035
14442830	0.00111676786196287
14446120	0.00139644668267947
14446181	0.00241521412747088
14446400	0.00087974695553659
14446700	0.000807463182482961
14448760	0.000787030536992546
14452180	0.0113115705621114
14452381	0.00147474515316673
14453221	0.00640319918463742
14453970	0.00163416902385433
14453980	0.00402758252676294
14454410	0.00193058645812599
14456050	0.00166829290852935
14456391	0.00158569228527859
14456910	0.00301568932264106
14458021	0.0021953506124509
14458041	0.00268290630247332
14459230	0.00152142845354632
14463080	0.00382831436488258
14468330	0.000764863520993877
14468470	0.00077415372680099
14471240	0.00109812946901338
14474861	0.000773439373157119
14476111	0.00213463507392693
14477580	0.000747385330670664
14478530	0.0345316094880638
14478721	0.00305619061203083
14481860	0.00161852139207101
14482550	0.00159112310135296
14484750	0.0103083346194237
14486721	0.00105475371551772
14488501	0.00920430173455153
14488661	0.00385841444561873
14488801	0.0285658384823624
14489700	0.00115555632845358
14491131	0.00101090345148331
14492740	0.00680646077619083
14493870	0.00644832009698417
14494031	0.000760257198714485
14494161	0.00166743632101851
14494311	0.00082132885848438
14494571	0.015934024875386
14494680	0.00247643441793518
14495780	0.00285671325888221
14497471	0.000940519613757371
14498940	0.00240291088277178
14499961	0.00754548909154606
14502680	0.000859111631743344
14505201	0.0129029778335457
14505321	0.000790189147107659
14506420	0.00136095386707837
14506571	0.00133727041507314
14507001	0.0151797590814139
14509321	0.00219765830046258
14509601	0.00144468903101414
14509730	0.0011077454170696
14512241	0.00786131822554
14512760	0.000954473698089636
14512860	0.00382226691987384
14513860	0.00383424313881651
14514410	0.0104741048109249
14514690	0.000739261922157565
14515510	0.00756819459333407
14520340	0.0432694694482314
14521321	0.00450704484501723
14521980	0.00227653803850495
14523240	0.0107536399760524
14526540	0.0013442728486242
14529211	0.0222997287998704
14529611	0.000803359624653791
14529761	0.00079218861315033
14530581	0.181877945897822
14530851	0.062240390953818
14531890	0.00191255766112682
14532730	0.00736215650610809
14539380	0.00230775273401735
14539910	0.00147459240469213
14540651	0.00776516281320338
14540911	0.00137358419608263
14541560	0.000958978732798105
14541820	0.000747192852113796
14541830	0.00921160116367166
14542550	0.00183780249797612
14543671	0.0133166449520709
14543770	0.00563431255321957
14543951	0.00137171935344063
14544511	0.0010286573887559
14545850	0.00355878955715235
14546270	0.0713508259440659
14550650	0.000751691224186134
14552651	0.00148533669519345
14553290	0.00679004177128104
14554550	0.00158222857387836
14555230	0.0057709509123687
14559271	0.00199727139098959
14559681	0.0299124037237999
14559790	0.0014544250781085
14561430	0.00220208368460995
14561550	0.0027448021887511
14561621	0.000773803635441716
14562940	0.000749903469408375
14562950	0.000735642772885472
14563411	0.00288354768893085
14564470	0.00509418730075788
14564730	0.000787683013121287
14565471	0.00306283966816947
14565860	0.00327854522361006
14565881	0.0402329852962942
14566291	0.00198898235648308
14566660	0.0027498467300925
14567671	0.0089335522629294
14568221	0.00252732941029901
14570130	0.00176459704760974
14571131	0.00393520212501479
14572200	0.00153418693699588
14572310	0.0104457936056716
14572600	0.00205115691790676
14573700	0.0058544407287222
14575200	0.0596811388926691
14575551	0.000739714017770245
14576330	0.00235145176700267
14577300	0.000769890146746752
14578100	0.00164616031226561
14578571	0.0358207224049753
14579360	0.00216330932248193
14580101	0.000963842860737024
14580470	0.00089167913175704
14581710	0.00313179717289994
14582530	0.000781569488785755
14582861	0.000769255556155352
14584190	0.00135002646615159
14586650	0.0549624036782261
14586670	0.00148614497510669
14588480	0.000759355451630792
14588511	0.000781683863794089
14589201	0.000861404465097325
14589860	0.0253047018321584
14590130	0.010641843697339
14593051	0.0104197549703014
14594780	0.00651443501206413
14594981	0.00193641013379353
14594991	0.000971113230960838
14595220	0.00561125041818706
14597051	0.00173284694885678
14598810	0.00185997448866371
14601201	0.00142459758224356
14602581	0.00214082195512502
14603961	0.00483773929731245
14605731	0.0215968101333215
14606090	0.000806824544297154
14608440	0.00953559409407574
14610100	0.00579776661415626
14611121	0.00701835816302507
14611910	0.00130670911189632
14612781	0.0012061789359661
14613061	0.00158017526993727
14614021	0.0513881279662986
14616890	0.00247560637393808
14617331	0.00903153745949207
14618551	0.00137036858099547
14620071	0.000877276138023973
14620470	0.000747322308520454
14621820	0.00138790547851002
14622561	0.00770789202109711
14622971	0.00218125679598791
14624860	0.00434135689677767
14626370	0.00351637993699283
14629120	0.000855127103226394
14629331	0.000785602878428121
14631060	0.00710435249248117
14633160	0.00779122935624252
14633290	0.000921600698495661
14637410	0.00182000924135297
14638670	0.00472584434916135
14639070	0.00182340998757358
14640091	0.00288263867041457
14640430	0.00166530890803203
14640491	0.00390714913751664
14642551	0.000735642772885472
14642810	0.0025464713582763
14643541	0.00232887052039175
14643640	0.0321384383974562
14643951	0.000795273101167927
14644621	0.000736264951139303
14644641	0.0381835291424318
14644990	0.000809187504147548
14645970	0.00290552409464507
14648880	0.00195545357901276
14650110	0.0313185514353168
14650281	0.0249027926629819
14650650	0.00178068763131018
14652231	0.00138912557058586
14653700	0.0022172039571843
14653840	0.000764417262309012
14656891	0.00536174085136907
14661741	0.00401654509439287
14662851	0.00196850045015146
14663661	0.00383512309801804
14664481	0.0454421263933497
14665530	0.000755472897500673
14666220	0.095283265161041
14668590	0.0017660518275106
14668621	0.00645288489183403
14670271	0.000743423218662231
14673530	0.00182508423147559
14673560	0.000981165589694155
14673670	0.000765508708889367
14674571	0.0125656775815392
14676081	0.00230795651637238
14678001	0.00533855113261202
14679780	0.0009948352772107
14681331	0.00146160448250238
14684010	0.00077173249899528
14684860	0.000958542703967328
14688850	0.00160189504642642
14689991	0.00340061540872363
14692481	0.00114610516249853
14694131	0.0179006262492748
14694431	0.000803305800457797
14695480	0.00498007727035829
14695620	0.00497551671454983
14698151	0.0029885687095883
14700990	0.00241477261269142
14701980	0.000734872534177992
14702080	0.000782124163455197
14702110	0.00548312250437659
14702400	0.000920624887234718
14702520	0.00155441100181368
14703050	0.0015293729304957
14703231	0.00168463397610618
14704061	0.00349721989129007
14705800	0.252226021594294
14706080	0.0111995632685719
14708430	0.00537335410547353
14708700	0.0191309438206933
14709451	0.000890729242168975
14710011	0.0061207814303889
14710090	0.000778457684435869
14710230	0.00962790998074189
14710240	0.036612215075658
14711080	0.000828482058318616
14711750	0.00303377563184152
14712211	0.00199423077670658
14712351	0.00185219009860805
14713980	0.00223306413138922
14714841	0.00182570508225303
14716600	0.116487505076101
14716761	0.00279028961281304
14717820	0.00652483708321357
14718670	0.00113892896740382
14719080	0.00184515739731116
14721871	0.00147433401935131
14723890	0.000746771571567888
14724980	0.00200384102321308
14725680	0.00160950032371745
14726090	0.000770957888944921
14726151	0.00920138744759062
14727880	0.00354867661096041
14729120	0.0248325710858798
14729150	0.00350926100806598
14731480	0.00638442871380557
14731921	0.000812764605258723
14732191	0.00132031266696055
14732351	0.00129677224156633
14733970	0.00150114616866817
14735941	0.00286629482684715
14737601	0.00180714553222949
14740341	0.00216517168360034
14741980	0.00131010786311902
14742900	0.000793540995628371
14743251	0.000776071182747539
14744061	0.00168311553718551
14744290	0.00198754941909268
14748600	0.0216158501139575
14753031	0.0017766210729858
14754541	0.00179887740985419
14757120	0.00076364796126355
14757420	0.004407708716797
14758650	0.000742682851274706
14758770	0.00385529592848251
14759600	0.00113887185557457
14760891	0.00215992812584486
14761670	0.00637098286380099
14761700	0.00282746554855314
14761810	0.00169896748220915
14761950	0.017057120653834
14762390	0.00108765460059307
14763590	0.000759355451630792
14764140	0.0209091223487536
14764881	0.00552930611004921
14769451	0.00173723410198676
14769981	0.0221944128775927
14772901	0.000785998177769179
14772980	0.00161351790737083
14773520	0.000753211435862524
14774510	0.000867447202973788
14775490	0.00950452461790011
14776450	0.00215698654903423
14778250	0.00170527305825271
14780891	0.00262286615410678
14783600	0.000900315343712806
14785301	0.000750221267383624
14787490	0.0094108056583748
14788160	0.0424560126080985
14788180	0.00118732431384085
14790551	0.00305396026986177
14792000	0.072906519148349
14792471	0.00770770243475865
14794790	0.000736264951139303
14794971	0.00448547300547686
14795450	0.000903000481516566
14796621	0.00873965920075497
14797171	0.000736701341134504
14799340	0.000776833263322885
14802391	0.00375638557106841
14802421	0.0053700670154829
14802910	0.00255590190520694
14803310	0.00106310029748675
14803511	0.0010523794951943
14804690	0.00377066361811862
14804710	0.00270825574043739
14807620	0.00180891235697908
14807760	0.00339809320414773
14808071	0.00165557850101611
14808730	0.00173282664105781
14809011	0.00260881012987896
14810401	0.00291259642306277
14810910	0.00153213024994518
14811781	0.00161335809544174
14815651	0.00457178241981601
14819921	0.0961101291524403
14821000	0.00180313045853451
14821250	0.000736264951139303
14822240	0.0449990938821933
14824461	0.00349945218429586
14828751	0.0021417596957468
14829520	0.000743423218662231
14830080	0.00079687861325592
14832471	0.000789053782767182
14834630	0.00213900576847693
14836160	0.00559514504650503
14836761	0.00153622257755471
14837510	0.00229114776002611
14837790	0.00206607002717675
14838380	0.000779507079759125
14839040	0.00301681680586804
14839781	0.00141318637756524
14840690	0.196647331286895
14840710	0.00077138806535507
14843200	0.00120545581054797
14843371	0.000823989447954182
14843931	0.00169031294163595
14844201	0.0293044783898921
14844280	0.0193450419631511
14849841	0.0968128831797205
14851860	0.00597929253668522
14857120	0.00230597910378087
14857270	0.00610040889322101
14857711	0.0132588135134881
14857930	0.00200997150161765
14858380	0.00472142131392181
14859480	0.00343721419054029
14861940	0.0022437272838187
14865820	0.00613650238384769
14867030	0.00439093085398427
14867101	0.0020839362894161
14867860	0.00185385169100091
14868430	0.00183114379097634
14869141	0.000864438581226045
14869971	0.000825136196998432
14870210	0.010742414001481
14870261	0.00230989257853815
14870490	0.0027528633844095
14870640	0.00088812025872046
14873171	0.00208929232481156
14875320	0.00291576307998935
14876160	0.000801446128825872
14876690	0.00497112158419179
14878060	0.000964947518157239
14882060	0.00906477755614917
14883740	0.00202746710630067
14883781	0.000773325306163644
14883791	0.00479875840407573
14886131	0.000735642772885472
14886640	0.00167180602863691
14887590	0.00179689718268739
14890780	0.00102692062917902
14895050	0.00152309829485136
14897270	0.00498884724755724
14898541	0.00143400219097353
14898821	0.019757984145156
14898910	0.000826697130097607
14899580	0.00580354920547676
14900201	0.0322709111063554
14904321	0.000774510598077879
14904570	0.00251489494813665
14904820	0.00405856141739502
14906521	0.000981570258780928
14906910	0.015583369291092
14907351	0.00287235606641064
14909011	0.00136020915032095
14909831	0.00606226301990862
14909930	0.00634550895720206
14910951	0.00405223380805114
14911761	0.00203420731503781
14911911	0.00183404102108399
14913981	0.000745035342260902
14916690	0.0553184489045561
14917691	0.0021787829690707
14917851	0.00691925365204429
14919040	0.000736264951139303
14920570	0.00088524927433954
14920710	0.00465320579529157
14922370	0.00290286578207281
14925141	0.0788762095498932
14926370	0.00175528268540227
14926900	0.00175329722225667
14927180	0.00187629085912284
14928550	0.0017564623813426
14929021	0.00199559943299516
14929130	0.00236267445111991
14931901	0.00383146657518387
14932970	0.000852871575148584
14933930	0.00144002557777967
14935180	0.00275680922494481
14935501	0.00240639422178667
14936280	0.00342268234497256
14937701	0.00816269792164217
14938220	0.0501511013293268
14939590	0.00323463551052556
14939771	0.00292377333180387
14939911	0.00082457992470337
14942910	0.00080889470391011
14944031	0.000758123670590613
14944420	0.0118329064256502
14945910	0.0881823063358085
14948990	0.00279853054883129
14950121	0.00355748476079155
14950511	0.000742682851274706
14951320	0.00312427308777049
14951720	0.000795363552175144
14953360	0.000739749372761281
14955330	0.00179294152444689
14955600	0.000817503516081967
14957281	0.000832690558661535
14959061	0.00185616787982555
14959501	0.00254672227392726
14959710	0.000812828583622157
14959730	0.000989635191044115
14959880	0.00202667760726189
14961650	0.000751924924463845
14963590	0.000747562510453594
14963720	0.000735642772885472
14963990	0.0116849178626483
14964010	0.00341251463084824
14969390	0.00147551125938398
14970111	0.00307367392960662
14973090	0.00145859670876231
14974671	0.000742682851274706
14975050	0.00185707686083526
14975720	0.000802537472007041
14982511	0.00350514191973145
14983501	0.000786820801969425
14984680	0.000856429235402363
14985681	0.00500951446486277
14986811	0.00135106508557794
14987450	0.000795065516995507
14987570	0.00077173249899528
14987590	0.00145783786211964
14987990	0.00192758814374766
14989770	0.00128734899134983
14989831	0.0415560795239506
14990531	0.0162207600232579
14992140	0.00170833738716167
14992991	0.00384374419403626
14994070	0.0190216245178225
14994750	0.00103900221466433
14995020	0.000960911096031415
14995590	0.00132856938940426
14996311	0.0388488530370279
14996581	0.0025417956193111
14997411	0.00418899869955602
14998190	0.00443166433921549
14998610	0.000777385843301862
14999631	0.000867181857657052
15000670	0.00303099955959018
15001681	0.00289023881519142
15001940	0.000829528111364906
15005380	0.00171880656560795
15010121	0.00139118147016256
15010381	0.00137464874522992
15010490	0.000842949935218444
15010910	0.0738005435330286
15011040	0.0015390718195031
15011320	0.00181867073955285
15011631	0.00127024107060297
15011720	0.000824195634501522
15012130	0.00165216656582829
15012660	0.0040823400838779
15015040	0.00574499003219476
15015761	0.00546839515652671
15017011	0.00258065201694031
15017261	0.000872058439309072
15018511	0.00682288619711786
15018921	0.000938001478842087
15020260	0.00263283115557858
15020290	0.00138435051298471
15020700	0.000742682851274706
15022241	0.00107384191291179
15022480	0.134693815589899
15023420	0.000996579331411011
15023850	0.00165723229574688
15024120	0.000976876888052615
15026490	0.000735642772885472
15026610	0.00191031461451564
15027491	0.0182309889926187
15028010	0.00475960959665416
15030080	0.00655480871325329
15030651	0.000741278305848288
15034080	0.000958856559397954
15034531	0.00381466966778306
15036660	0.000741278305848288
15039320	0.00723200583043157
15040820	0.00601742757555627
15041490	0.0971807451733698
15042320	0.00197453871048969
15042651	0.000888897323455545
15042870	0.00127558566998318
15043891	0.00331777121526116
15044250	0.000740037216947713
15048950	0.00154028755670264
15049401	0.00102218781267362
15052321	0.0032373126464665
15052571	0.000743832780826752
15052810	0.00712865771874521
15053910	0.00220648007274893
15055840	0.393153484278531
15058880	0.00139652840613634
15060161	0.0071247359068918
15061691	0.0272064729117813
15063580	0.000744259996753192
15063850	0.00357924556312729
15065080	0.156739288708476
15065131	0.00181754368386649
15065531	0.0511981785968613
15065640	0.00746443523037207
15067160	0.00383356986981688
15067730	0.00251634045143971
15068670	0.00380599166248135
15068690	0.00333079791252398
15069240	0.0123054943339921
15069370	0.00234758721739199
15069780	0.00371518630698384
15070060	0.000810440608568913
15070381	0.00139585750499847
15070620	0.00194326957393296
15071440	0.000818794170925776
15072431	0.00322232702913851
15072721	0.000862532331371359
15074760	0.000782471484462915
15075191	0.00207021825500984
15075290	0.00102103122287112
15076120	0.00196222744501316
15077220	0.361002964454414
15082900	0.00166137505738969
15084690	0.00100663803134423
15085240	0.0065915513117442
15087621	0.0329939378910944
15089490	0.0107167066657274
15089910	0.00162254152904725
15092311	0.00550727707787
15094511	0.00109422666920137
15097210	0.00158896760686617
15097930	0.00190583023168564
15098771	0.000826570397896781
15099280	0.00418843101512813
15100701	0.000767481189933252
15100930	0.00102965890171819
15101620	0.0132328499320608
15102610	0.000751716035107601
15105961	0.00751976714272305
15109131	0.00141889827902238
15109551	0.00801885533225577
15110781	0.00210843103499994
15111751	0.101826546163579
15112171	0.00572149110204874
15113200	0.00255169164163185
15114210	0.00268741517468159
15115871	0.000849903819453844
15117951	0.00559001870670359
15121271	0.00334287070155358
15122180	0.0020345184029635
15122720	0.0362073531292294
15123761	0.00076885485044789
15124110	0.00231755662720892
15124120	0.00262893354442844
15125141	0.00506894562452487
15126760	0.000983602647448835
15126860	0.000741278305848288
15127751	0.00186322993847424
15129520	0.000830121169160716
15132120	0.00174881159522345
15134921	0.0015448589906424
15135461	0.00145995599130685
15137520	0.0020639768964179
15139741	0.00072928566524651
15139980	0.00454847434774983
15141620	0.00151103933212798
15141920	0.259186483020948
15142190	0.00149811559805551
15142480	0.0160869645636942
15143010	0.00140488820500319
15145811	0.000850039281472324
15146091	0.0103434747471713
15146760	0.00807303589019085
15147020	0.0122865866111604
15148971	0.00286753587253905
15150081	0.00252678887812516
15150320	0.0748272312072665
15151960	0.00164986690972556
15153801	0.00079891912545459
15153920	0.00494104672844176
15154440	0.0227731731857664
15154921	0.0013073608730152
15159270	0.0038961558469273
15159741	0.000784244833964011
15161930	0.000731355482055213
15162450	0.00772174502493054
15162771	0.00363563213409359
15166081	0.0225688076381803
15166631	0.00163271948878727
15170860	0.00483302206851964
15171881	0.000755449185908342
15172171	0.000743751542448764
15173340	0.000780644978875845
15175591	0.00224344597190514
15176380	0.000765009193344843
15177610	0.0015301510419298
15178091	0.00144377050385292
15178190	0.0101364330859793
15179290	0.0025279821892827
15179990	0.00627955202014159
15180240	0.000801626871777421
15183871	0.0103584177659664
15188110	0.00118523165262769
15189360	0.000833157484481546
15190880	0.00245718215765739
15193131	0.0632211506913677
15195710	0.0140402870462033
15197620	0.0035079302224104
15200380	0.00149905526462281
15200940	0.079016856474997
15201131	0.00287643410999855
15201230	0.0016234654121609
15203850	0.0020862425174886
15204530	0.00330430327930473
15204571	0.0016287341255789
15205610	0.00118315742443595
15205681	0.00072928566524651
15206231	0.000763238137813961
15207440	0.0770829538415174
15208230	0.00410998180230675
15208800	0.000949135695303921
15209370	0.00534400088818971
15210460	0.004407742602929
15211451	0.02251783620055
15211990	0.00172369870381981
15212640	0.00232252715824994
15213070	0.00778623072032902
15214600	0.000837048729617707
15216680	0.00197785960428977
15216981	0.000786820801969425
15217360	0.00299151038877194
15218450	0.000805712317496415
15218781	0.000793886249697359
15221480	0.000778970592189666
15222330	0.00823148871976479
15222341	0.000736264951139303
15224831	0.00100876999687962
15225200	0.00225266607986037
15225740	0.00376293756103959
15225780	0.000804921167239429
15230740	0.00150053164782579
15231171	0.000946295142535981
15232021	0.00116339013869826
15234491	0.00105579045831301
15234570	0.00301286918424246
15234590	0.00356755056202834
15234730	0.00201137643760617
15235260	0.0012131698198379
15235280	0.00624951943085866
15236301	0.00291092613259284
15238990	0.00495074115937366
15239270	0.0185657884862535
15239440	0.000743751542448764
15239581	0.00462783536326315
15240971	0.000765009193344843
15241600	0.00635621830301018
15242450	0.00131817828828625
15243461	0.00167454131142937
15246091	0.000763792432295414
15247010	0.283233820600809
15247810	0.00391897887957255
15248670	0.00193827607563793
15249760	0.0108314921461865
15250341	0.00394519622880343
15253661	0.000776252037417198
15255331	0.00100942131991038
15255881	0.000734872534177992
15257600	0.0104518141272477
15257890	0.00312353887194085
15259260	0.000842622123005932
15259471	0.00466962106852636
15260370	0.000765899386319754
15261080	0.00315059139635849
15262611	0.0159618422581306
15263530	0.000735118350056226
15263670	0.000774429763339786
15263680	0.00169396466129903
15265080	0.000770330988174619
15267031	0.00291601422821602
15271041	0.00105477899421526
15272390	0.00306966193787351
15273101	0.00520615403209866
15275670	0.00161884046840834
15276841	0.000799284992540995
15277900	0.00310501489753
15279410	0.00078337475755106
15279420	0.00192344254829928
15280360	0.00164172566069514
15282190	0.00181907220033845
15283250	0.090026907866767
15283960	0.000843191132141795
15284001	0.000780770449406692
15284240	0.00705067115621958
15285060	0.00266526548589348
15285630	0.00133665108906589
15287581	0.00162740820505548
15287731	0.00104978885079897
15288360	0.014876693538116
15289210	0.00417457868060046
15291400	0.00171173165949968
15291991	0.000824139484505845
15293200	0.00318238183395181
15294720	0.0025371567571379
15294891	0.00189597166921379
15295010	0.00189454323461789
15296260	0.00328517447490216
15297640	0.000805672090482807
15297941	0.00381033972244038
15298061	0.00345743861365241
15298320	0.000935798178631287
15298840	0.00176239132215656
15301921	0.000856452478218626
15303601	0.00902131660214484
15304120	0.000921700123001898
15306010	0.00109685159510097
15306221	0.0026903469988815
15306471	0.00379346613937947
15307041	0.0022253019628944
15307591	0.00130914176381943
15308390	0.00116035223269497
15308660	0.00774956458225893
15308910	0.00117378026362902
15309641	0.000796426342374461
15310481	0.00078501613926714
15311110	0.000840763494105035
15311280	0.00352932477380073
15311940	0.00492506931238868
15312910	0.00129682315434614
15315000	0.0014268554312766
15315021	0.00112598925990044
15315400	0.00324429389420542
15317801	0.102408754583005
15318191	0.0271766370240525
15319041	0.121606018205326
15319270	0.00303479424599526
15319560	0.000742799573301367
15319581	0.00109631529797772
15321350	0.000793699092889225
15321610	0.000782821305024265
15322020	0.0024201314228162
15325040	0.00229177242811034
15325070	0.000975439058599584
15325511	0.00205544287675871
15327171	0.00202658866358075
15327311	0.00186076617253141
15327840	0.00236173836658719
15328220	0.00252813826828228
15329190	0.00086765317402802
15331950	0.00495447677819683
15332490	0.000764143376198115
15333450	0.000958054692533354
15333730	0.000800387639773344
15336800	0.0049238488681373
15337470	0.00109968809693503
15338351	0.000994099952140613
15338430	0.0031406376176318
15338830	0.00102684719135227
15339451	0.00183133156326199
15341180	0.00227297854912818
15341450	0.000873009011659178
15341740	0.00171691000385123
15343250	0.00424165541630253
15343991	0.00202794963764078
15348500	0.00167233488600942
15351270	0.000768113944108065
15351731	0.00958099877085863
15352011	0.0112536076624742
15354020	0.000815310119921701
15354180	0.00134279087421413
15354481	0.00290269077879738
15354570	0.0148034546887817
15354720	0.000879102793274774
15356380	0.105194189612431
15358990	0.00108808499630781
15359591	0.000973526818048633
15362440	0.0373161612537386
15362751	0.00272153705265611
15363031	0.0133826453034652
15363841	0.00291251114299436
15363960	0.00235506498347103
15365320	0.00150909534439159
15366881	0.00134114515279476
15368920	0.00642367650274732
15371380	0.0113451887122678
15371660	0.000790712903554219
15372900	0.00239916640681352
15373210	0.00102901470597514
15373600	0.0032601585155697
15376920	0.000741206014428379
15377310	0.00150837434962369
15379021	0.00267868976284571
15379130	0.00454537469071511
15380551	0.00154167825337602
15382751	0.0167914769702817
15384070	0.00992004119732319
15384370	0.0151673302760011
15384411	0.000790210287416381
15386341	0.00626468326050743
15386550	0.000742682851274706
15388681	0.00172181211308465
15388790	0.00262409129419563
15389931	0.000734945894010039
15391260	0.00192311310699578
15393610	0.0150726799753389
15394030	0.000763238137813961
15394621	0.00159542107046545
15396230	0.00467922726213506
15396531	0.00926027928382256
15397580	0.00194162756943502
15398450	0.0391111786349553
15398550	0.000737730618752873
15398730	0.000752129162067712
15399721	0.000791009648271264
15401641	0.000829271812734378
15401661	0.0513911278898313
15401900	0.00259613107162827
15402321	0.00298254339882247
15404691	0.00114761331288278
15406140	0.0010110541857141
15406550	0.00079655642793866
15406690	0.00904809094421642
15409350	0.000847960924577359
15410170	0.00330518888350988
15410550	0.00373466264074482
15411800	0.00198137551778476
15412360	0.00513235702468769
15415701	0.00265636972695086
15417470	0.000876838700440779
15423280	0.0033175420515282
15424240	0.00281086736172267
15424520	0.00337248403984769
15426030	0.0043833094420116
15427280	0.000820008946089611
15427400	0.000799987481025299
15428500	0.00401919641119584
15430891	0.00518764387843675
15431140	0.00380003077790259
15431171	0.0211801177539162
15434170	0.00083755363294747
15434191	0.0138403310793542
15435571	0.000762081030050027
15437740	0.000759364643271544
15438461	0.00148271039334208
15441450	0.00564695068609747
15441651	0.00572072614337486
15442181	0.000741278305848288
15444090	0.000794700011484158
15445600	0.00156644910321713
15446010	0.0179519700143211
15446051	0.00102295895097537
15446290	0.00072928566524651
15446751	0.000735642772885472
15448531	0.00106876961143921
15448620	0.00388471801228219
15449371	0.00159282959464151
15449600	0.00204167819620006
15452380	0.041286537634679
15452480	0.00270567067171485
15452661	0.114345407854492
15452890	0.00160129100961788
15453911	0.00478963843797877
15455230	0.00190399733759938
15456661	0.0223507747437174
15456780	0.000751856036921394
15459431	0.00331449396958214
15459780	0.00230539525196162
15460090	0.00679840273190992
15460951	0.000779945778969658
15463950	0.0110311743458914
15463971	0.000882528479493417
15466550	0.00408013134917195
15469030	0.00184809446191118
15470140	0.00212332813692865
15471301	0.00329598061564779
15471510	0.00305369939192294
15475390	0.00116009866405546
15478300	0.00294619283643465
15478820	0.00196496394125713
15479260	0.00186073637708694
15480770	0.00346507744870788
15481320	0.00558314102347692
15481340	0.00477779240253301
15482710	0.00941019184023451
15483230	0.00825745964472741
15484131	0.00135726344796647
15487551	0.0177748055922483
15488230	0.00177623577134911
15488880	0.00217778055219456
15490201	0.00285488800626486
15491120	0.00235132649315255
15495141	0.0074152844537825
15497050	0.00175073477163618
15498000	0.00225286692637345
15498201	0.00151973542090721
15498540	0.00972757011447142
15499011	0.00157593895428886
15499680	0.00346003879928612
15499800	0.000771040564027072
15501160	0.000743727110724461
15502051	0.0133747521612002
15502710	0.00209886403706831
15504541	0.00226732510110575
15505310	0.00374777002945518
15506420	0.00325300415703223
15507380	0.00104528059790302
15510440	0.00361929774968696
15512610	0.00664772612034513
15513030	0.00218397464608104
15514130	0.00110545585882456
15514311	0.00149751175603821
15516480	0.00172764135174657
15516640	0.0017404899860675
15519001	0.000751381113657362
15520360	0.00189236205004491
15522960	0.000848427652434831
15523551	0.00113877899625365
15524261	0.000935908151365109
15525081	0.00293344400217807
15525190	0.00115733166020356
15525501	0.00136211919341764
15527660	0.00484282924719975
15528261	0.00436128401740455
15529750	0.00143578008630014
15530451	0.0150674219047524
15530990	0.0208007380939608
15533071	0.00244085856249899
15535360	0.000738887879217954
15535380	0.0007748363551884
15536391	0.0254857933507403
15537771	0.00102700663511901
15538331	0.00139783599370587
15540890	0.00496569810040509
15541440	0.00258441156108778
15542311	0.0634662172694896
15542321	0.00241903009854244
15543131	0.000765937499385794
15543370	0.0167280314482657
15547291	0.00460527486205238
15547770	0.000808696775307954
15548401	0.000783958644153892
15550690	0.000773178017747859
15552070	0.00350031700640616
15552780	0.00318509051310313
15553771	0.00359823551630915
15555141	0.00303085300507658
15555500	0.00396055693836507
15558560	0.000770436947447286
15558741	0.323121134590827
15559370	0.00190394594173694
15560231	0.0819217739468711
15565150	0.000874751093754514
15565840	0.00548306532617359
15565870	0.00101155936912907
15566851	0.00298380365851013
15567920	0.00281316989908165
15568490	0.044884566632236
15569190	0.0431749831141116
15570120	0.00500520453360331
15570581	0.00229395228047513
15571271	0.00412456632848125
15573471	0.00305359687365385
15573901	0.00127521650298983
15574430	0.0391522704161221
15576630	0.000807897526410858
15576651	0.00107318632526979
15577170	0.00976312772716625
15580661	0.00206755319996535
15580760	0.00670680115137964
15581880	0.000731355482055213
15583920	0.00181999690923235
15585501	0.00644136299439386
15586010	0.00733630475880575
15588880	0.000805235307925893
15588910	0.00414466333397621
15592801	0.00352779580597158
15596880	0.003949628349164
15598441	0.00106528158593072
15599090	0.00257399477343795
15599701	0.000821380939514263
15600220	0.0111920646797136
15601850	0.00219100771067174
15604231	0.00341317872577211
15604470	0.00670856443930483
15605071	0.00172976577327411
15607630	0.00318895927072872
15608630	0.00203977419068348
15609061	0.00108556610482625
15609290	0.00308799220429948
15609590	0.000742682851274706
15610161	0.00240298743724359
15610451	0.00212633395936946
15610820	0.00307538320069652
15612340	0.000734062054740638
15613180	0.000899035987080038
15613700	0.00818181843748219
15615650	0.000819241472852391
15616251	0.0173264945265342
15617201	0.0301526631618704
15619131	0.00256031977099128
15619370	0.00211136931067514
15623561	0.00280105425201802
15626940	0.000755252904830777
15627100	0.018846137050655
15627691	0.000742794995834713
15629730	0.00366773146176649
15631760	0.00321860326648477
15632910	0.00544752922082552
15633150	0.000799313760975386
15634000	0.00657916825922047
15634451	0.000847426783795394
15635490	0.00813292628422622
15636070	0.0237906515425288
15641310	0.00229223602425679
15642110	0.00251018340652187
15642270	0.000787402960253232
15642280	0.00173356648501085
15644740	0.000810526313154166
15648371	0.00103197954073728
15650700	0.00080523830251043
15651811	0.00141642393240875
15653201	0.000763238137813961
15653460	0.000736264951139303
15654970	0.00171012443371527
15655210	0.000788857793727807
15655640	0.00766474654419013
15655831	0.0493850287325581
15658010	0.00178060062965088
15658711	0.00105538516458897
15661191	0.00374704093933507
15665891	0.00120109507828404
15666260	0.00298897033125672
15666800	0.00149721330245063
15666861	0.00466148715963728
15666940	0.00269030305084554
15667770	0.00253010287576261
15668190	0.0140118666239525
15668511	0.000791737668823571
15668880	0.000873709630141841
15669020	0.000944906920632244
15670800	0.0025894171026393
15673201	0.00153138355600549
15673560	0.000811924223105642
15674280	0.000790029133182477
15674410	0.00661178914818079
15676101	0.00566617506551205
15676511	0.00416714136769629
15676641	0.00083022262151141
15678660	0.0041040438024928
15680511	0.000846145553574095
15680620	0.00333038698567684
15681840	0.00282570323793499
15684170	0.000788312644447841
15684350	0.00120030958813997
15687370	0.0010218608595185
15687620	0.00167127528130822
15688210	0.000795796076982876
15688610	0.000793523393935582
15691360	0.0157738587365846
15693420	0.0015495683203194
15693440	0.00179665451042508
15694021	0.000879270024195346
15694161	0.000748105586385841
15694311	0.000735642772885472
15694571	0.000880586324269845
15696771	0.000755183579552019
15699110	0.203923933467573
15699780	0.000793876091237
15699811	0.00422946637239023
15700180	0.00082888155862818
15703790	0.00336971148130258
15704501	0.000973207640440579
15704600	0.00354528424114001
15705201	0.000936695466222627
15706970	0.0026282088754122
15711121	0.00272870009796237
15711141	0.000834037390468064
15711251	0.00183231677332016
15714380	0.000853151996923566
15721201	0.00247662700558189
15721621	0.00292833995155143
15722100	0.0267856943711912
15723520	0.00186853829523671
15723900	0.00258637482071305
15724381	0.0155788513764009
15724631	0.00213277826693306
15725591	0.00167155197396512
15725720	0.000737324414023878
15725970	0.000778459323045605
15726171	0.0200179929630257
15728170	0.0012979718692251
15728860	0.00675022220238674
15728911	0.00247533164417855
15729710	0.00613594813138123
15731111	0.000742682851274706
15731531	0.00581222032033871
15732310	0.00228578222913477
15732791	0.000936300474336587
15735510	0.0160530656826382
15735531	0.00198064519374267
15736921	0.00173910913592467
15737980	0.0199506083357392
15738820	0.00159776197287194
15739510	0.00140197574304196
15739900	0.000769362590250828
15740470	0.00243026183135685
15743070	0.144188934776481
15744340	0.00168532438735521
15746441	0.00175405597321959
15747111	0.000737828477765084
15747541	0.00211852425538593
15747750	0.00104215140945407
15748211	0.00334148334800964
15749341	0.00147920225812503
15749430	0.00381680238194289
15752160	0.000761006885951644
15755500	0.0664752952928918
15756101	0.00201641820228179
15756491	0.000734872534177992
15758421	0.00428526895840514
15759811	0.000961586315649734
15760200	0.00310273393540376
15760491	0.000929728406799678
15761731	0.00287769902557092
15762410	0.00171059202142085
15763541	0.0069088487721928
15763890	0.00142593316772851
15764600	0.041321137880325
15768860	0.000788535951110497
15770370	0.00217239887874491
15771200	0.00489229144632423
15771640	0.000741278305848288
15771681	0.00752711822114426
15772180	0.00422108800910325
15772651	0.00095364927134133
15772870	0.00357869247493746
15774031	0.0264877224539321
15774851	0.00079538179726212
15774971	0.00225968760877436
15775340	0.00159595680498362
15777430	0.00133349428810011
15779910	0.00572354876505598
15781171	0.000798818939580166
15782100	0.280211629020253
15782151	0.00328130027189753
15782841	0.00144701840294015
15783060	0.000772770918009437
15783370	0.00220418656762374
15783650	0.0028792361617628
15784200	0.00310342178776207
15784850	0.00148445287176198
15785270	0.00727762837297155
15785731	0.00077173249899528
15788580	0.0085375981389349
15789051	0.000964886673790511
15790660	0.000827547962566557
15791951	0.00185075247919722
15794660	0.00269965762391325
15795681	0.0022665823739254
15795740	0.0026677718707267
15796761	0.00191905573589097
15797061	0.0158512737766944
15798400	0.00515543113151573
15801680	0.000743751542448764
15801881	0.0109947926505747
15802640	0.00173651128173314
15806011	0.00282660901029004
15807230	0.00139121187851641
15807740	0.000876799137182412
15810540	0.00239320567443204
15813611	0.000879272849412349
15814820	0.00186746955733382
15816300	0.00103194238575717
15818530	0.000736264951139303
15818691	0.00254378753559051
15823490	0.00072928566524651
15823640	0.00182552885735347
15824891	0.000961255380579634
15826100	0.00173650196660158
15827531	0.000785268575425855
15837191	0.00163908888696581
15840061	0.00324339248325338
15841430	0.00400654762619438
15841810	0.000766613676658682
15844040	0.00323601457045471
15846971	0.0442027167680626
15847460	0.00234290900095781
15848720	0.000735642772885472
15848751	0.00619990709870186
15848761	0.00298106198520023
15849031	0.00201147950187368
15849311	0.1276948886267
15849850	0.00188507376574397
15852850	0.0171757137340923
15853570	0.00391600610216695
15853861	0.00384674445399425
15854080	0.00194086421465137
15854120	0.00362781691382697
15854220	0.000755546283450232
15854640	0.0129097257545096
15854930	0.00072928566524651
15856600	0.047754212403549
15857191	0.000749072199008283
15857851	0.00246872142319303
15858541	0.00360541304673002
15861881	0.0321554744199672
15863121	0.0197650862401796
15863190	0.000727808173191202
15870011	0.00351501529398854
15870131	0.214415567675392
15871111	0.0329087598771199
15872040	0.000811028725102135
15872911	0.005858320963421
15873881	0.00842786597408818
15875231	0.000836676000124028
15875360	0.00587448449906915
15875801	0.00225752760166461
15875931	0.000928659575222452
15877260	0.00821830263099911
15877410	0.00606645279410323
15877800	0.00949285177798373
15878910	0.000812302331435306
15879320	0.00198336964822728
15880611	0.00423695910536423
15882561	0.00448499327478219
15882821	0.00143677573049611
15884290	0.00184076523660603
15884621	0.0166968323054669
15885970	0.0119513892047662
15886260	0.00478445168123846
15886770	0.00227776723979348
15887220	0.000796605802859323
15887770	0.00081507057403182
15888840	0.116822139144333
15891500	0.000817145636813531
15891931	0.00459920167071935
15893871	0.00180228585828072
15896290	0.00204954686764853
15897670	0.0042583971548122
15901400	0.000737730618752873
15901410	0.00305107064125094
15901461	0.00220291373979585
15905410	0.00554849294481045
15906650	0.0029938943827121
15908860	0.000744755067118738
15910800	0.00177378644804509
15911220	0.00072928566524651
15911231	0.00136995787000259
15911490	0.00280265248921587
15911641	0.00296288911132342
15911781	0.00392634541756755
15912071	0.00156445230847581
15913441	0.0039515010726863
15913581	0.00445653389379222
15914151	0.000768656390494856
15914701	0.00805418347656696
15914920	0.00190152714753163
15916491	0.00518574478829409
15916751	0.00456554104166148
15917110	0.00579103794396859
15919480	0.00895265391132874
15919511	0.000775272190856789
15919740	0.000987718429079481
15921550	0.00074770744587895
15922910	0.00159343549788375
15922961	0.00332912343059321
15924600	0.000949642736748294
15924840	0.0355893853690019
15925550	0.00778912002829789
15925861	0.00342938051589577
15926940	0.00345361137221835
15927241	0.00201142471539863
15927330	0.00355767768131341
15927460	0.00285474880725058
15928440	0.00999641350907909
15929041	0.0113018409084652
15931391	0.00125105005029507
15931910	0.000781211564133305
15932420	0.0014328974753818
15932970	0.0394499393143303
15934780	0.0029503378319372
15935091	0.000859461230610805
15936030	0.00307163399193224
15936061	0.00130417389557475
15936990	0.00197626594104443
15938421	0.290020482027903
15938800	0.010176307256523
15943630	0.00199743335290515
15943931	0.00072928566524651
15944341	0.00204342648491728
15946630	0.00084091741190194
15947630	0.000735642772885472
15948040	0.00958929839492531
15948331	0.00185213347067631
15948901	0.000769180538420238
15950531	0.00264942661997809
15952980	0.00247227374754985
15953700	0.0013987434449652
15953851	0.00209520517292382
15958121	0.0020360855852419
15960570	0.00194938865885942
15963921	0.00153952979441507
15964351	0.00826597980629191
15965011	0.00236909186643435
15966240	0.00753018425065071
15968290	0.00187058563281116
15971200	0.00218251151925653
15973591	0.00284653254905115
15974770	0.0339764486501652
15975221	0.00263366441565916
15975501	0.000996438771187976
15975771	0.000938550208977477
15978961	0.0043083223423254
15979921	0.00861970555470044
15980191	0.000814014677381799
15984860	0.00889617182000896
15986650	0.000948198906769642
15987450	0.00150079961185578
15989301	0.00171759995846225
15989830	0.0050645657266073
15990780	0.00555279280454348
15992580	0.00831571505323842
15994780	0.0273145432194588
15995101	0.000745684517886907
15997680	0.00286266630001675
15999781	0.00345918760795593
16001380	0.000762294920125487
16002251	0.0107946097092952
16002691	0.00743289116010202
16002780	0.00123452640390907
16003091	0.00072928566524651
16003241	0.00652921794881738
16004020	0.00223675419383917
16004181	0.0049130019018706
16005280	0.00590373882742834
16005400	0.0018837048461199
16007880	0.0147986530165401
16011501	0.002356961244551
16012181	0.000986447915057004
16012990	0.00194429823380266
16015081	0.00252162916299347
16015610	0.00228749747009263
16016580	0.00074856045962602
16017820	0.00598644757999293
16018370	0.0583241833453815
16019760	0.000851050879327284
16021550	0.00124931255322247
16022500	0.000833556186629694
16022930	0.0213680649009383
16024481	0.00210818656852336
16024580	0.000845808930937068
16026811	0.00436106344485034
16027781	0.00330989078244207
16029171	0.445581726459766
16030271	0.00349830023061163
16032621	0.00266274753166108
16034121	0.00219949007719715
16036601	0.000761121795319778
16038790	0.00547379646569442
16041920	0.00165694103349846
16041991	0.00160784824655299
16042900	0.29686318771211
16045151	0.00208097922171915
16045431	0.000832956328466701
16045691	0.00465581482789546
16045841	0.0082489869476848
16046490	0.00558670350275881
16046801	0.00170199900246547
16047740	0.0127161076378359
16048451	0.00531677819834144
16049421	0.00217328955699686
16050620	0.00936048912959996
16051231	0.00630060564125674
16053561	0.0290199792656294
16053691	0.00173463812894381
16054480	0.00167105800912817
16054661	0.00493423506949099
16056331	0.00526795929875706
16056611	0.00142315979287881
16057021	0.00567496178983484
16059170	0.000992876184038691
16059631	0.00304765099648293
16060891	0.0105023635836734
16061130	0.000736264951139303
16062490	0.00130049890667668
16064150	0.00428916333291016
16066200	0.00200075828530709
16066500	0.00238255204324993
16066531	0.00182186437534351
16066941	0.000874425393320018
16068731	0.0011503597281846
16069370	0.000917323777144074
16069950	0.00181293933716166
16070750	0.00194682321134742
16070890	0.000750915288476156
16071211	0.000780072734535945
16072820	0.000773862447164468
16074251	0.00359731216224611
16077380	0.0012070987046255
16078210	0.0031715895898265
16080140	0.00237300521050151
16082101	0.00231926383600969
16083340	0.000758869889837591
16084171	0.00112051037287959
16085500	0.00211710749325447
16086521	0.00293831188442803
16086681	0.0048663782506628
16087430	0.000742682851274706
16087771	0.00280412925410141
16087880	0.00815414024660787
16088950	0.00334034975462255
16091040	0.00437549906962568
16093510	0.000843347185530989
16093691	0.000857475344591938
16094920	0.00643055071557158
16095091	0.013451438211081
16095870	0.000812539049328224
16095921	0.053408063393294
16096290	0.000758312939763634
16096400	0.00313854918273398
16097421	0.00208307719801173
16098740	0.00475604093978111
16099570	0.00115198054136893
16101991	0.00293864391680495
16103361	0.00283495517483476
16104741	0.0588256529673513
16105520	0.02537403933518
16106070	0.00114959490415284
16106360	0.000743751542448764
16106370	0.00189290024181777
16109500	0.00235385105047321
16109841	0.00345312154196674
16110340	0.000736264951139303
16111901	0.00138292686190367
16112140	0.00289621537128726
16112430	0.00147512495500678
16113301	0.00778780467509701
16115361	0.0118931978929548
16115750	0.00430569272619441
16115880	0.00362893741687054
16116810	0.000820722672558241
16117431	0.00350716103034223
16118661	0.000863464596470958
16118811	0.0040634857423319
16120020	0.000791862509714412
16120041	0.028531764540961
16121220	0.00293265001117592
16122190	0.00868158278700874
16122401	0.018183822813292
16122640	0.00116099481418589
16122951	0.00427658009142683
16123850	0.00344811827622975
16128400	0.000778397709036153
16129431	0.000732196810828427
16130900	0.000769255556155352
16131990	0.00505180213847029
16132850	0.000781307590314946
16134880	0.00218708155297066
16135180	0.0578500023004098
16137370	0.00301910626337154
16140390	0.0022467677876614
16140560	0.00115122030977042
16140741	0.000754781357748206
16142320	0.002537672490417
16142511	0.00181419608929205
16144031	0.000888856152982468
16145380	0.00280726966239002
16145510	0.000847755629784461
16146231	0.00128574159478348
16150210	0.0010646495570639
16150610	0.00169184445090801
16150760	0.0111364930650814
16150801	0.000952876749462328
16151751	0.00187526293175884
16151761	0.00295714295445029
16152721	0.00220872918476102
16154090	0.0020905996830615
16155010	0.00238780764189262
16155201	0.00215309002975181
16156721	0.000821127115566352
16157120	0.0280743877785788
16159201	0.000984577622038506
16159611	0.00159285343251432
16160260	0.00178561615855804
16160670	0.00564060628774296
16163071	0.00353225486311309
16163430	0.000836851118191974
16167221	0.0682437007304751
16167911	0.00136786419453463
16170180	0.0563105000776619
16170371	0.003512257446462
16172000	0.000741547716668201
16172021	0.00468897672964456
16177370	0.00110552220366793
16179481	0.000805683894515798
16179590	0.00144303145953592
16181780	0.00102887253714246
16182091	0.041554955994811
16182391	0.0326463723069659
16184690	0.000945151647816324
16185971	0.000974721716290707
16190610	0.00387239081543353
16191280	0.0282936950274454
16192871	0.000933822303488554
16193951	0.000800189125110263
16194231	0.00196134226633219
16194360	0.0064189261809698
16195590	0.0811671333189677
16196591	0.00898980740229141
16199071	0.00186752047541424
16199751	0.000914228000319539
16200031	0.0145653065252855
16200130	0.00172180046168163
16200260	0.000969270402241854
16201900	0.00284523664121438
16203751	0.00136684102048217
16206320	0.00183836346655721
16207081	0.00334013930022074
16209360	0.00111208114496854
16210050	0.000908263603286457
16211071	0.00295827015578671
16212461	0.001542974710391
16213510	0.000886262704903006
16215351	0.00545356174676087
16216110	0.00268793104040889
16216410	0.00254142112428229
16218350	0.00195323161451789
16219341	0.000903824175344836
16219730	0.0105899916493808
16221070	0.00245975381543167
16225770	0.00948035227042182
16227201	0.00282278230479247
16230050	0.000988979433469576
16230661	0.000886593476081109
16231030	0.012312561564009
16231320	0.00178797359999009
16231351	0.000743935415993785
16233070	0.045399678372026
16233770	0.00182348667136222
16234480	0.00268753528890073
16236140	0.00144801810658342
16237080	0.000788085348038574
16238101	0.0016063454202942
16238661	0.00149775826250253
16239140	0.000736376127315297
16240431	0.00103742322522913
16240441	0.0181101218842724
16243720	0.00205439830065574
16246740	0.00184774577537459
16248151	0.0237153292902361
16248970	0.00079651478471175
16250040	0.00166430884796942
16251580	0.000736264951139303
16252171	0.000765009193344843
16253220	0.000793706532379688
16253671	0.00100515725564969
16253800	0.00372762871945042
16255450	0.00751387387488506
16255570	0.00357027040534461
16257070	0.00588364927697245
16258600	0.0422584220909561
16259461	0.000752090521675496
16259741	0.0011039133413419
16260270	0.0338123976662921
16260400	0.00452399114357155
16261281	0.00450463621646619
16262190	0.000791148486335415
16264280	0.00075137855106847
16265510	0.000803721907494678
16266310	0.00375544431516873
16272851	0.00131680209525445
16273380	0.000902839146190597
16274350	0.00126610392965437
16274580	0.0103837564359797
16274900	0.00307553578013879
16275550	0.00647565068589455
16275690	0.0155189527535604
16276790	0.000744903125470329
16277520	0.342325683489096
16279310	0.151942850879623
16279761	0.00362210740701023
16280260	0.00283589062654929
16281671	0.00132790059597872
16282340	0.000868663562452623
16284000	0.000806714677456234
16284800	0.000795407699292259
16285121	0.000959942680867129
16285370	0.00191934182464401
16285520	0.0242469090963684
16285650	0.00394279884332965
16286180	0.00630057774610951
16286750	0.00228250971234317
16286880	0.0102752805294903
16289340	0.00283376015288504
16290491	0.0200668926987686
16290651	0.00482820468517332
16290880	0.000737730618752873
16291071	0.00236145630871025
16292930	0.000735634499453747
16293780	0.016823365268249
16295700	0.00159307240275715
16296161	0.000741278305848288
16296800	0.00193278062029051
16297200	0.00515022874748701
16297251	0.00137383544849416
16297900	0.00120149267907767
16299580	0.000758148945989077
16299871	0.000901941622685808
16301220	0.00200455820065687
16301350	0.00155059167218809
16302050	0.0108538345333643
16306470	0.00259979329995001
16306501	0.0129364749499047
16307741	0.000807067212853193
16307881	0.00144153626927177
16308140	0.00189980581702886
16309500	0.00213152929629701
16310040	0.00214119685934866
16310081	0.00282882558218628
16310330	0.000845812751894887
16310931	0.000825010726206158
16312721	0.000742682851274706
16312790	0.00464219057902201
16313510	0.00515803017924813
16314190	0.00345181821546373
16315010	0.0019927372939233
16315300	0.00096189267579186
16316120	0.00539291107692941
16317380	0.00143397053057206
16318200	0.00475055301469127
16318771	0.027050023522813
16319700	0.00134190812892141
16320721	0.00868126103490384
16320820	0.00741065162959992
16321230	0.0035579081292006
16323540	0.00178938074197633
16324031	0.000738207698198825
16324141	0.00099828237555829
16328950	0.000738887879217954
16329080	0.00233805599527275
16329121	0.0614385525290572
16330351	0.0610408885150422
16331840	0.000813009384055234
16332281	0.00545160137000794
16332851	0.00077751883051383
16332950	0.00865399847822475
16333100	0.00123300737781707
16333770	0.00376460408010003
16334211	0.00232915423708645
16335820	0.00616890489889811
16336680	0.0021354165049256
16336691	0.00212324723789003
16338190	0.000736264951139303
16338491	0.00332276203650764
16338610	0.00220066949346832
16339550	0.00295108419150874
16339591	0.000806235133597739
16340410	0.000804223705066228
16340421	0.000763009758834784
16340991	0.00222788803561484
16342351	0.00187873159773061
16343980	0.000831886509898795
16344090	0.000849934369491265
16344930	0.0131243339769863
16345080	0.00091414196506062
16346170	0.00469210056031998
16346990	0.0167068572435156
16347891	0.00900645081116384
16348100	0.000731355482055213
16348981	0.00371360303777725
16349230	0.00295801153459168
16349500	0.00212987813928023
16349671	0.000805146642601435
16350470	0.000736264951139303
16355191	0.000788832574197964
16356400	0.000735957442470721
16356650	0.00231312014338134
16357121	0.124915066692334
16357961	0.00094854221400423
16359010	0.00416972571485494
16359041	0.0206187274366081
16359451	0.00663247651442896
16360920	0.0053984568886259
16361811	0.0218030703414085
16363150	0.00297706306342697
16364130	0.00793683115826153
16364431	0.00443090476081937
16364820	0.00887006304899753
16365951	0.00198201408443945
16367270	0.00075833364811908
16367710	0.000797220097973654
16368810	0.00192898709479619
16379420	0.0026344779088282
16380110	0.00339565895673025
16380711	0.0132424496615244
16383560	0.00625305217740308
16383680	0.000749208808387401
16384571	0.00254092075898646
16384981	0.00647260998559705
16385780	0.00135610892505905
16386231	0.00413430670067096
16387430	0.0218557752324048
16388151	0.00358090102978362
16388561	0.00159179357258746
16388950	0.00217469261807191
16388971	0.00171210508237636
16389391	0.00199092071133927
16389750	0.00320744827491622
16389900	0.00109584882774308
16391120	0.00194773944300654
16391400	0.00130132591790963
16393880	0.00635408567805337
16394880	0.0151598099512006
16395980	0.000764440887634467
16397941	0.000742294318840982
16400790	0.00145760007157801
16401811	0.00355398283036604
16402320	0.00164285106925768
16404810	0.00129244207072426
16405600	0.000765009193344843
16405661	0.00159641759330495
16407461	0.151840389576734
16408011	0.00729840112622611
16408971	0.00171694744015029
16409241	0.0019386647871327
16412930	0.00638110860161614
16413401	0.00318859436155266
16414580	0.144950685864421
16415461	0.00434059325358771
16418600	0.00347131065006433
16419260	0.00279204463417227
16421121	0.00254207348806205
16421500	0.00868070788536661
16422501	0.00150652032589909
16423140	0.00947782886887783
16424240	0.00169011255056528
16424360	0.000762303842459773
16430361	0.000814466841812783
16432220	0.0187086468125452
16433200	0.00677729122013452
16433600	0.00192833732421864
16434901	0.00156643936645676
16436230	0.0032532053949298
16437531	0.00106469238511299
16439130	0.00143445134182263
16439290	0.00303278227318139
16439530	0.00304492857333721
16440841	0.00145382325194617
16443690	0.000749539685392388
16444640	0.000743751542448764
16447280	0.000728661185451918
16447670	0.000870947295656867
16449801	0.00269383879340987
16450310	0.00199264990884512
16451540	0.00408132251390573
16452281	0.00564536567238357
16453511	0.00101133992664039
16454150	0.000789719072294787
16454201	0.0473085332475075
16454501	0.00218093980184867
16454870	0.000807345442964394
16457760	0.00175521510604029
16458180	0.00632787487040649
16459451	0.0014624553506445
16459731	0.011486098035695
16462361	0.00176374498159312
16462761	0.00186345884087162
16463461	0.00263146105298466
16464831	0.000807941755415523
16464950	0.00129800837112854
16465220	0.0036137255908342
16466710	0.000882525938020866
16469651	0.000820394134558947
16471140	0.00227155644130948
16471721	0.00153724010527977
16474980	0.00113905069230517
16475420	0.00111071092439235
16476120	0.00145346299887712
16476411	0.000840213410201556
16476630	0.00390258094328282
16476981	0.00090763486230227
16478061	0.000857558198756068
16479571	0.000945681188693154
16480770	0.000795425134773676
16481490	0.00154504418769907
16483670	0.00104684521715944
16484411	0.00437326012726717
16485360	0.00595882158033882
16488281	0.00364730895116129
16488500	0.000771040564027072
16488770	0.281478882446756
16488831	0.000956884897017121
16490611	0.0103994331191753
16491410	0.00134576143920311
16491840	0.00252207062624531
16494310	0.00249308496999746
16497511	0.000875057364447248
16497521	0.0136579646712425
16498440	0.00355230950977173
16498761	0.0101651941650221
16499591	0.001431969986006
16500380	0.0344975974303843
16500670	0.00768768618358273
16501921	0.0034121747933558
16502211	0.00569651801110075
16502720	0.000818804864166126
16502901	0.0161736723675839
16507680	0.00523653260796566
16508961	0.00289050683680479
16509450	0.00283801070829534
16509590	0.00427058304168448
16509661	0.0171859187020268
16510331	0.00101450917704364
16510420	0.00176086219222306
16510450	0.00462890499532411
16510491	0.000780212255505617
16510850	0.000815796908185239
16511010	0.000768788617855554
16511571	0.00098530475336509
16511731	0.340867654917436
16513921	0.0157617286783462
16516390	0.00180508939920418
16516530	0.000757759168178088
16518081	0.00664832268622533
16519410	0.00073599678851991
16519970	0.0289160846469253
16520971	0.000832564775532247
16521890	0.0112958750949057
16523291	0.000763691412946505
16525760	0.00176615733073926
16529231	0.00107314086646554
16530000	0.00286118820148908
16530051	0.00122947474866729
16531431	0.00543641850443892
16533241	0.0088103360733313
16534450	0.0323524428951799
16535441	0.00585646433053418
16536811	0.0130269356529478
16537050	0.00323160691953967
16537470	0.000778457684435869
16538351	0.000736264951139303
16539930	0.0024215308733138
16540411	0.0113222782019405
16540421	0.00114127501586503
16540551	0.000758771019035735
16540760	0.00140155810471842
16542071	0.000824612745251694
16542331	0.000800624740128811
16542341	0.061023213118162
16542611	0.00366898805819721
16543010	0.00206267390667572
16544811	0.00116851229271167
16545870	0.0209238443908059
16547011	0.120353531010131
16547161	0.00235586613863231
16548080	0.0337134731862548
16552220	0.00275384251127818
16552350	0.0038332060852395
16554830	0.00151820707122358
16554990	0.000744676044482297
16556760	0.000825962522240817
16557600	0.00434798047798887
16558440	0.000749903469408375
16559140	0.00124149891950594
16559701	0.00140137599947873
16562601	0.00749833210171007
16563100	0.000743751542448764
16565931	0.000794557166827035
16566840	0.000818532441967181
16567431	0.00290745563620608
16567571	0.00237777095924837
16572340	0.00148794722717694
16572531	0.000748372275721352
16572920	0.00431033167896565
16573740	0.00152697934591867
16575301	0.00163681743210183
16576271	0.00240628399162898
16577931	0.00072928566524651
16586481	0.00390564517325859
16589480	0.000995302874613286
16590970	0.000858739333636329
16590990	0.0674054973927518
16593610	0.00175158010767861
16594580	0.0072646819960754
16595820	0.00274364794099764
16598071	0.0038018090842087
16598970	0.000829238269731657
16599100	0.00152597090552685
16601900	0.00296745379815112
16602700	0.00360039378513975
16603670	0.000889631581643836
16605211	0.000807819591675187
16605931	0.00309953208544997
16606860	0.00815615858802222
16608100	0.00278452337298367
16609190	0.000992362352788209
16609720	0.000786844733429051
16609730	0.00261837307083178
16611930	0.0028308000133645
16612500	0.00261824406795262
16612941	0.00365132489916663
16613180	0.000735642772885472
16615281	0.000793336645963557
16617200	0.00457852303662299
16623920	0.00192594298534176
16624111	0.0115066532471323
16624350	0.000952206572152306
16624391	0.000838416231655145
16627510	0.0016179556210695
16627841	0.00292081505284225
16630030	0.000767572582313861
16630201	0.000879648779945142
16630980	0.000756801807187664
16635841	0.0015716048603512
16637720	0.000793685942482383
16638871	0.0032268841870094
16639100	0.00082566834492986
16640360	0.0126307231310547
16640951	0.00685707342705473
16642601	0.000984233219038029
16642680	0.00248299539506173
16643301	0.000841439293843216
16643581	0.00295212456983118
16644271	0.00099113691342208
16646201	0.000895391204244011
16646280	0.00210040673109091
16646680	0.00153967501534604
16647380	0.000764417262309012
16647540	0.00683699596255875
16649071	0.0029630334927103
16650201	0.00109705390313794
16650311	0.0236567554431767
16650440	0.00257649371747122
16650710	0.00304549897658967
16653170	0.00588467296057296
16654820	0.00252715358050602
16656350	0.000757879776805589
16657750	0.000781371536812917
16658280	0.00338885266550404
16662580	0.0027546983772937
16665600	0.00143341330617137
16666171	0.00146099560369375
16667100	0.000787148169768434
16667790	0.000744259996753192
16668080	0.00422869899951467
16669170	0.00282145929422058
16670540	0.000742682851274706
16670840	0.000765529590919664
16673231	0.000770252205680679
16673460	0.0081080329994306
16674430	0.00111610979686812
16677231	0.000873899379199307
16680381	0.000769255556155352
16680770	0.00363307382916291
16682420	0.00118626525823597
16682461	0.000771109242110084
16682751	0.00203116599203922
16683100	0.000908666716807302
16684750	0.0010246042703147
16686440	0.000748921048066987
16688101	0.00100487035022752
16688241	0.00906657478986517
16689050	0.00087377118326173
16689180	0.00105022209153023
16689740	0.000763238137813961
16696401	0.010509426187302
16699021	0.000855788997831704
16699650	0.0140014663173955
16700811	0.00256286593559572
16704060	0.00196078477902723
16706670	0.000731355482055213
16707281	0.00290894760229009
16707961	0.000813014213650947
16708671	0.00151661646530246
16711770	0.00192176537914003
16712740	0.00448888321811879
16715271	0.0117285155378213
16715411	0.00111094192034661
16728770	0.000736264951139303
16729211	0.000910236937047102
16765320	0.057068583365161
16782690	0.00165459862066935
16838120	0.00176355622877654
16947111	0.0354196618391143
16964610	0.00209121083207855
17000641	0.00231887936220387
17020040	0.0247775219097454
17031261	0.00791715822040482
17114930	0.000833951763672837
17125451	0.0016811235946214
17199081	0.000896080709397162
17205120	0.0017830478206997
17318791	0.00412132604627281
17321950	0.0108163481968804
17353090	0.000853092233366997
17398050	0.00305920549569493
17427881	0.0244457957538677
17515850	0.000738207698198825
17563130	0.000885898904503124
17563280	0.0016986571544039
17572380	0.00210968383870823
17665360	0.00360995816614728
17697760	0.00125440561397247
17713661	0.00077066828825215
17719011	0.012596881089712
17773190	0.000904988791593989
17850950	0.00776719938442213
17881320	0.000824894432090381
18010000	0.00265670393541715
18015541	0.0016706036611122
18053170	0.00531258977616336
18110031	0.000737730618752873
18184740	0.000764342716042976
18186120	0.0146389995863362
18271470	0.00307554066851893
18327730	0.00289136809510494
18350630	0.00870700528628773
18384140	0.0197391890735125
18404410	0.00161852427241729
18449360	0.00149497507045041
18502391	0.000856761218912788
18516800	0.00687341393865962
18576861	0.0116312286821777
18582740	0.015943049827177
18590350	0.001443039778384
18608830	0.00916216613635013
18619420	0.00534343436372707
18723270	0.00273626223316894
18797941	0.0143595724713865
18819021	0.000754985906895293
18838071	0.00180478092269088
18842471	0.00260287210727983
18889870	0.000752312214583626
18942601	0.0010870772331556
18946020	0.00575957712843454
18951960	0.00321140857947171
18971370	0.00328438472237049
19006130	0.000924706453225679
19028350	0.00290362895684037
19040890	0.00126004953227334
19068890	0.0813703421142639
19075800	0.00139402940430395
19090690	0.0120576816298295
19186650	0.10685331560827
19194130	0.00145024924372659
19216890	0.0024424774308443
19330271	0.00568878374386064
19336470	0.00129523394949154
19337540	0.000898379013421889
19349881	0.00582139968961298
19359101	0.061035735246423
19495030	0.00210398434715485
19546240	0.00167755026339469
19569510	0.0399279934752424
19684280	0.00079570117916484
19737080	0.00166593545180909
19750870	0.00186255754592475
19905500	0.0051667647139245
19925121	0.000763496571543474
19950501	0.0031826150638045
19956360	0.000812609078875473
19993760	0.00195692801123799
20086871	0.000819098593808747
20150451	0.00225707968844031
20153340	0.00178629544390252
20175660	0.00385012366748092
20185771	0.00140074967685667
20187100	0.000742610422981609
20188651	0.000958339691248774
20189071	0.00347309755021309
20189351	0.000751246918556276
20190031	0.00978423935397661
20192900	0.00335178273354021
20192920	0.00523388440360996
20193730	0.00267303053437447
20195421	0.00118389915677066
20196060	0.502408543992451
20197310	0.000916197511287511
20197590	0.163082385821129
20197850	0.0117093086435777
20199011	0.00200962795950266
20202550	0.00122673825159359
20203411	0.0128478491756079
20204391	0.00193154405185918
20206990	0.000812256943260366
20210280	0.00214806741502715
20212890	0.00194738174949607
20214741	0.000765508708889367
20216261	0.000833645954867091
20218970	0.00101163604607523
20219100	0.00689229758747321
20223021	0.00408909447613264
20223141	0.000864401758326849
20223650	0.00176303817880648
20225710	0.00559068177839118
20226731	0.00078264548642912
20229061	0.000783786718651056
20229430	0.00072928566524651
20229611	0.00315185170233496
20230311	0.0604757330166297
20232111	0.00162833487623083
20233870	0.00144921634742747
20237740	0.000879246033761458
20241030	0.00103534453775385
20245201	0.00111665986440312
20246301	0.000875833943297888
20250591	0.00241730858157488
20252630	0.0284448724354318
20252801	0.00277976546207772
20253061	0.00238655775632223
20253580	0.0016424918009033
20254420	0.0331708650657968
20257081	0.000798690967995797
20258171	0.000894001113555361
20260521	0.00245162591691519
20260890	0.002160355538496
20261190	0.000804296134403844
20261580	0.0049263707902623
20263100	0.00230780113675559
20265600	0.0197440929491481
20266120	0.0163556057740076
20266991	0.000874691000088039
20267260	0.00124322190187892
20269351	0.000882246966992675
20269720	0.000787764462316526
20270461	0.00250794094380805
20278410	0.000793937792217751
20278581	0.00137943100967465
20278660	0.0295866038007415
20280091	0.00088960856107982
20280770	0.000788117543594942
20281071	0.00264844235023466
20284890	0.00386679409115377
20285891	0.0221800031221649
20286700	0.00117423454857686
20286731	0.0370267026461034
20287961	0.0052392917196787
20292750	0.0015545759717073
20294431	0.003996679505598
20295780	0.00161955281764648
20295900	0.00149744593436123
20296060	0.0114965547859372
20297061	0.0098023009675603
20297840	0.00466026657864785
20297870	0.000782821305024265
20299390	0.000784472861576839
20300220	0.000967418966703435
20304931	0.0309383663032828
20305081	0.0132117585020051
20307001	0.00675989065856802
20307350	0.00101990580625363
20308340	0.00223269349869698
20309611	0.00146428814622371
20311520	0.000812461106563874
20313491	0.00205411031361676
20314311	0.00224997792212028
20315650	0.000819196102228885
20316210	0.00978127156465098
20316921	0.00175270191165208
20318530	0.00406529958242138
20320931	0.00605165806308536
20321850	0.00534968969251013
20322400	0.026564516839826
20323520	0.00180455754243025
20325590	0.000812235409916418
20325631	0.00554596932038755
20329020	0.00700860360912546
20329420	0.00246371557467662
20332070	0.00280072103570632
20332361	0.0125839547187234
20332801	0.0146769902818558
20333010	0.00265604184967118
20333300	0.00201565404729624
20333440	0.00118922565783861
20333570	0.000735642772885472
20336350	0.00247450332548329
20339940	0.000744125719663268
20340450	0.146349474567258
20340781	0.00443921532273374
20341550	0.00238011257121234
20342410	0.00257379464705072
20349000	0.00103119216626714
20349611	0.000770882705326534
20350591	0.00495697213824937
20353310	0.000738792189129294
20354110	0.00781433260011792
20359281	0.00384299346931984
20360730	0.000801314536972523
20361160	0.000735642772885472
20361410	0.000889268943216222
20362110	0.00122927879924459
20363790	0.000756430736521233
20365201	0.000830264923905503
20365310	0.00364784013760617
20365710	0.00264840983499892
20367920	0.0027365301084916
20369300	0.0028380366747706
20375090	0.00205808252791657
20376890	0.00563343845522196
20377170	0.00202403959966833
20377290	0.000735642772885472
20377751	0.00185686927039635
20380860	0.00412129957899975
20381860	0.00880148912791768
20381960	0.000947707366564614
20384210	0.000754814791317164
20384600	0.000878681412023734
20385700	0.00685835304072441
20386410	0.00513849694996916
20386790	0.00105255990773221
20388330	0.0022493457905232
20388460	0.00102320659500493
20389331	0.00168123184890725
20390971	0.0411683852121507
20391681	0.00113106524477549
20392740	0.00348107480600564
20393461	0.00813957051247274
20395240	0.00170599926939545
20395401	0.00246957255694847
20395790	0.305671858035655
20397290	0.00146485382791473
20397700	0.00253288565077966
20397820	0.00631517968325749
20397830	0.0014819711365992
20398550	0.00412963065492956
20399240	0.00495227929317713
20399480	0.00585953407242675
20401201	0.00134526828627267
20401731	0.00269377466106906
20402281	0.000777468055045558
20404081	0.00197376483317691
20405591	0.00499822240940902
20405980	0.00223562695167826
20410711	0.000783278208347536
20412610	0.00409911486288398
20413601	0.00162760986618006
20415750	0.00328281368048473
20415790	0.000938269414523701
20419681	0.0435387889481009
20422960	0.00128125394583538
20423610	0.00186883850915837
20423620	0.00686612222927122
20425540	0.00137720021170976
20425840	0.0017330750893319
20426861	0.000787516636288404
20426920	0.00162868705828711
20427640	0.0101961558091573
20427760	0.00173850546435672
20427821	0.00347806017011415
20428160	0.0242374724573409
20428580	0.00196068833308055
20430021	0.00440474243323338
20430400	0.00113205760213536
20431801	0.000829082924375934
20433591	0.00216190321436444
20435121	0.00320525933075468
20435681	0.0017474494334191
20436231	0.00102855481987134
20436501	0.00133065581532662
20436511	0.00127552467754123
20437181	0.0155880713649188
20437540	0.00195044615697565
20437611	0.00541995530398941
20440211	0.099562053409625
20442800	0.0148987058847686
20444870	0.00185365396598579
20446021	0.00378140669933071
20447401	0.000785429690701014
20449041	0.288359503927997
20449970	0.000743751542448764
20451480	0.00213337973026511
20452710	0.00218491689447499
20452730	0.00226285383688589
20454410	0.00292082566248424
20454520	0.0511349847121216
20455531	0.0108607270608927
20458120	0.00288955594648127
20458270	0.000735012853569146
20458851	0.000981033025158217
20461830	0.00179726683247189
20462260	0.00079683928658802
20464901	0.000731355482055213
20465331	0.00080696713263919
20466680	0.000800285725572999
20466940	0.0565936701246168
20468221	0.0023911054778018
20469150	0.0450787592822541
20469280	0.000764417262309012
20470670	0.00212635663882766
20474250	0.00104428285671226
20477680	0.00243224196415654
20478950	0.00461492430979021
20479190	0.000910374337692287
20481031	0.00110408577137848
20482141	0.000784291948199534
20483910	0.00232556159319841
20484880	0.000807740816218733
20487060	0.00134535121579182
20489150	0.00185165284512869
20489601	0.000912269605612505
20490510	0.000954559518516993
20490930	0.00439775149074814
20491090	0.00336766194670787
20492621	0.000966637303904636
20493400	0.00418381611788508
20496310	0.00620343559732053
20497530	0.00134840501037639
20501160	0.000745958989990331
20506961	0.00458943961012021
20506981	0.00321247708140623
20508190	0.00184447146595003
20509331	0.00078691159972266
20513810	0.00666706246459547
20514431	0.000820364807321455
20514800	0.000737204979233018
20516700	0.00379842786994183
20517881	0.00105846645031321
20520761	0.00169536610782161
20520840	0.00476765372511004
20521451	0.00320246085925444
20521601	0.0017838992016442
20522100	0.27623189943691
20523330	0.000762866672246067
20523401	0.00167897540026385
20523470	0.00190823922164458
20523651	0.00173676263323062
20524570	0.0551269277884306
20524700	0.000798198117342045
20547210	0.00650813250450642
20549171	0.000786970508597901
20551610	0.0049552340481146
20553140	0.00461804244329567
20553861	0.000797052241806234
20554380	0.000893192603793205
20557420	0.00622396806170117
20558131	0.00184434902376085
20559870	0.00434769955575098
20561321	0.00532386804446852
20564341	0.000779595463244748
20568460	0.00239119748325457
20568901	0.000801025596941465
20568980	0.000820719672690524
20570821	0.0429291434613062
20571320	0.000762936890183563
20571750	0.00167772669217202
20572341	0.00580933977223607
20573840	0.00157906460535888
20579501	0.000741278305848288
20580611	0.00185407689531562
20581000	0.000782152766051032
20581321	0.00361595179515219
20581950	0.313075960808495
20584061	0.0347666116536899
20586940	0.00730187950791342
20588030	0.0045606550806025
20589820	0.000826616075835643
20592191	0.000873736171669265
20599770	0.00106125015719979
20600150	0.000829491002399997
20601571	0.0425897379331822
20601871	0.000904838743507405
20601940	0.000811643857646813
20603350	0.0173821840457746
20605150	0.00181910904903669
20607381	0.000782098414639031
20610110	0.00299924283742735
20610910	0.00102398765652069
20612700	0.00220264490683636
20612751	0.00892134056088084
20613410	0.00235735666075561
20613451	0.00441967819254214
20614940	0.00277184619108939
20615070	0.00233723740120276
20615590	0.0400769405067906
20616211	0.000928258697332629
20618210	0.00123847146514003
20618681	0.00146621007745691
20620071	0.00076431402361817
20620560	0.000939362088366747
20621981	0.00281611499907948
20622640	0.00220649054612359
20623750	0.0169879677809648
20626411	0.0371689978657782
20627651	0.000851250130633985
20629010	0.00893329168695669
20629280	0.00459002841900959
20630800	0.00079458336531713
20632020	0.00077066828825215
20632290	0.00217970575495645
20633390	0.0185377010482283
20636280	0.00101832727487461
20636420	0.000786487081780082
20637181	0.00252728144622095
20637701	0.0349976989050563
20637731	0.00279492037671389
20638250	0.0243726845990527
20639241	0.00079315505106937
20640990	0.00198038363087928
20641301	0.00320258233255415
20646340	0.000864826853890231
20647221	0.00254756185398478
20651460	0.00684527437385649
20653260	0.000791792447014805
20656051	0.00163012395407567
20656191	0.00334998678189614
20658681	0.00443507150118246
20659890	0.000791757121431146
20660181	0.0641261734890356
20660280	0.00342412121289883
20660570	0.00136965166543619
20660901	0.00140412647726901
20661800	0.00107781493374179
20662930	0.000829743129547814
20666780	0.000997966446089617
20667791	0.002127117394367
20668270	0.000790284302648813
20669540	0.0045468136095289
20669940	0.152151030817157
20670531	0.000862406665774832
20673171	0.000727668774184756
20673400	0.00122373661549473
20673861	0.00619918870470088
20674100	0.000743423218662231
20675381	0.00121885543026688
20677130	0.0300615542532009
20677311	0.00658243758770272
20677431	0.0101639198713071
20678660	0.000875780041838274
20678831	0.00587143064397704
20680041	0.000835497866288691
20681550	0.000869676839745338
20682111	0.134207811664948
20682900	0.0152215882438062
20687221	0.0019737062350111
20688461	0.0132682039906681
20690391	0.00139355397889438
20694401	0.00203306169326251
20695371	0.0014658311315923
20696440	0.00078206893118739
20701790	0.00556862933588012
20702671	0.0854938955851111
20704970	0.00135343644039976
20705581	0.0390633704421671
20710240	0.00081031583262146
20710900	0.00086025408485506
20712481	0.00450333174813046
20713431	0.0571345748490497
20714380	0.00164272435345368
20818190	0.00488503194298766
20825001	0.000781240715906785
20827460	0.0212249925635883
20829250	0.00190928289891462
20834500	0.00339315487317009
20841910	0.000744313285000987
20844451	0.000767790095325082
20844861	0.000860675874222685
20846371	0.00165075178736701
20852270	0.00311745555416086
20855580	0.0172307485584492
20855870	0.000760904526169339
20856980	0.00430244788212541
20858231	0.00354184107963679
20859201	0.00613391909605225
20859611	0.00108239304493537
20859751	0.000830039787525233
20859911	0.000945214232031112
20860181	0.000922748505936364
20860840	0.00222922829012064
20861240	0.000809795476817988
20861790	0.00169616454226607
20866241	0.000759908201288268
20868991	0.00185934904140625
20870651	0.00544032323006846
20871050	0.0017223028910661
20871150	0.00190133663670135
20872700	0.00308458449610177
20874190	0.0262979193402973
20875621	0.00156549222998178
20875771	0.00209905956465971
20875830	0.0057775443700411
20877090	0.000766552272934229
20877131	0.00159686984187388
20877630	0.00207860820071857
20878651	0.00326576850177552
20880830	0.00428758583183023
20880970	0.000747659797249152
20881271	0.00214921779447068
20881350	0.00424242390133737
20882060	0.00164472359531231
20883331	0.00370873883542238
20883741	0.00316747402915533
20883860	0.00187190442187929
20885940	0.00139749236449121
20886941	0.00354073278314222
20887710	0.000764417262309012
20887761	0.000742682851274706
20888721	0.000920913277160074
20891990	0.0481760325912925
20892301	0.00204371334085364
20892731	0.00218016689722637
20894511	0.000944670284583871
20898460	0.000801435451656822
20898791	0.00424163119918987
20898931	0.000993582492236152
20899440	0.0185412198874601
20899990	0.00173205000207056
20902111	0.000774282097949621
20904150	0.0114915534545573
20906760	0.0038357288538967
20907430	0.000746735891055065
20907481	0.00436389005650507
20908841	0.0416320947423417
20909210	0.002759746587553
20913760	0.00089950377056245
20915140	0.0142465467959716
20921281	0.00180618909213344
20923870	0.00100363777652002
20924301	0.000837233177867306
20925971	0.00430228742823596
20926450	0.00403932513195974
20932530	0.00227192825633011
20932581	0.00224630954374674
20932991	0.00114593781468986
20936250	0.00360217928438923
20936390	0.00131336248040056
20936400	0.00214149191891397
20938180	0.00082737185493828
20939300	0.00293691155832751
20942470	0.00277699535765897
20942860	0.00788888326601818
20943290	0.00112137602112207
20946040	0.000878587045457943
20954760	0.00766965374626825
20957110	0.00673058632797436
20959590	0.000747709266175724
20964140	0.00209195147729531
20967181	0.0657824928742123
20967580	0.00411813711487381
20968711	0.00170641172954361
20971150	0.00242245722249313
20972790	0.0585543715774708
20977251	0.121524784356177
20977671	0.00685173718152925
20978501	0.00410574308068991
20980540	0.000979703546679156
20984291	0.000755128677602003
20984711	0.000830771087772415
20985261	0.0111712666448697
20994480	0.00618929740393125
20997780	0.00278789225802562
21004120	0.00454407307059418
21005811	0.0872560494526051
21010071	0.000778533669925471
21014850	0.0112324451752119
21015000	0.00982307584295585
21019041	0.00624675292064521
21021261	0.00270963914892979
21022180	0.0379383702257031
21023420	0.151465762552539
21023601	0.00399476724365292
21024230	0.00120477973595955
21028520	0.00267552844364038
21028701	0.00397395324948656
21029961	0.00099429599619766
21036441	0.000992783625243307
21039181	0.0750387740856745
21043840	0.00164126811598828
21045640	0.0176962510813303
21046361	0.00183661139840759
21049111	0.00238414404379344
21052920	0.00295044907123956
21053220	0.00219369024300761
21053620	0.000765697427434697
21056230	0.00804702227030349
21058081	0.0118541671504267
21058580	0.0462878315401441
21058750	0.000853141198498022
21061330	0.00327705017152961
21063540	0.000791821408162984
21064130	0.0448406300085208
21064920	0.0040789644475942
21069521	0.000936146085285942
21074491	0.000933443258685619
21074600	0.00383119907042632
21075830	0.023445339767538
21076411	0.00303981980613038
21078641	0.000751805887423174
21081900	0.00687828709866557
21082621	0.00146268804070168
21082720	0.000967359632352492
21087990	0.00111055895882445
21088411	0.0022399844331318
21091471	0.000761006885951644
21094580	0.000735957442470721
21095731	0.000859485881298765
21098061	0.00828186792254716
21099830	0.0611044716760983
21104660	0.000824766003479067
21104670	0.00074766334713293
21105230	0.00115905195325354
21111420	0.0178339275738167
21113330	0.000752214197517755
21113651	0.00296709813830393
21119250	0.000785519921915717
21119540	0.00246138513835098
21125610	0.00185912653284223
21126570	0.00240352764173525
21126621	0.00298677853966444
21127321	0.000767572582313861
21127400	0.00212391877744361
21130050	0.000730709980217373
21130150	0.00418499674475526
21130700	0.000800151218240712
21133811	0.000807582185879673
21136640	0.00439494902641013
21139700	0.00100307638782846
21139840	0.00247674410055429
21140240	0.00147352294220328
21141641	0.00240235107768527
21141801	0.00396020125087121
21142430	0.00165825201503387
21145121	0.00229952187987554
21151461	0.00291493697917434
21152370	0.00603214757724655
21153231	0.000864212172794029
21157470	0.00447372099213407
21157600	0.0442739529599813
21158310	0.00668894521215639
21159021	0.000878816580557175
21160380	0.00487540944703857
21162911	0.000808782552574793
21164551	0.000770098493040412
21164971	0.00094601402397007
21167461	0.00328084678102836
21170170	0.00187562668676456
21170320	0.00270397572291361
21171940	0.000811557987812424
21181450	0.00081297754229463
21183721	0.000818849105276115
21185070	0.000799333677968991
21185600	0.00772502403449445
21186300	0.00700070284144795
21189180	0.00464450800633226
21194051	0.00326718717054509
21195550	0.00182141034956176
21197180	0.000947173746967053
21200411	0.00107650333242398
21200500	0.000941094146913605
21201040	0.0192542627347275
21201600	0.0203212612644576
21209040	0.00389261094862463
21211851	0.353001666427087
21213221	0.0129857434977825
21214211	0.00308296944260288
21215660	0.00186862527166762
21217200	0.00194404168586819
21221460	0.00127669396794812
21223540	0.011944339760686
21224930	0.00879634627901645
21226870	0.00160432238657334
21228910	0.00833098646552688
21229501	0.0037062410332638
21233760	0.000786591380620339
21235280	0.00217740109951616
21235301	0.00113243059847696
21235950	0.00426583458460493
21237590	0.000740209486325323
21238590	0.170585729676581
21240281	0.0031649708601704
21242030	0.00270400603328052
21246570	0.00079197792666342
21248691	0.00170255217592323
21250410	0.0114321190767376
21255311	0.00267072210681436
21262150	0.000778489091188126
21264251	0.00298738931089438
21271790	0.0226770822008023
21277091	0.0027856570528401
21277911	0.00185590367347653
21277921	0.0988166927089816
21278410	0.00119508504933419
21279281	0.00419007677574608
21279291	0.000856577708354939
21280811	0.00332919476193071
21280920	0.02106966962773
21283510	0.0175238825103673
21285870	0.0021943226681112
21286041	0.00462048364308678
21288671	0.0016601801358324
21288900	0.00141469609106493
21294170	0.0028224842361383
21294280	0.00904951120643989
21307540	0.00078596233173144
21307790	0.00165316966356181
21312930	0.000796594211548255
21313160	0.0014746382561153
21314570	0.00153214472387987
21318680	0.00202641665378771
21321720	0.00558735611632471
21321860	0.0102678831132218
21322950	0.000746600284640581
21323940	0.00201814741497223
21323971	0.0294993473115007
21324381	0.00802507017520767
21324510	0.000769469438701971
21330840	0.00154479837186987
21331011	0.00774363513574584
21331161	0.00072928566524651
21333320	0.0602775190323691
21333600	0.000736264951139303
21335120	0.000789000369927857
21338010	0.000741491492626691
21338260	0.000784506862138528
21338601	0.00250998999374429
21338611	0.000763237890747009
21340060	0.00456478208505957
21341310	0.000764342716042976
21342000	0.000939159049995815
21343561	0.00175397187430238
21344230	0.00123066649328983
21347230	0.000955045837023824
21347291	0.00287550895510276
21349781	0.00445248142199562
21350950	0.000830603555349748
21354591	0.000811125371585895
21354710	0.000870895343201875
21355090	0.000928081948388016
21355130	0.000823079034827859
21355421	0.00417085324597008
21355530	0.00217998691260141
21357771	0.400772512920419
21357880	0.00246669897236378
21360080	0.00349767916125599
21361060	0.00437984188101173
21361160	0.000778663680733893
21362960	0.00164701173971622
21364531	0.000845416066310337
21364541	0.000840481161593114
21366861	0.000777521596150355
21367120	0.00453079789190079
21367691	0.0213530331179541
21367971	0.000736701341134504
21368951	0.0122289057949923
21371110	0.00121476184242632
21371220	0.000782639590316796
21373320	0.0030627148663778
21377310	0.00072928566524651
21378041	0.000786436735063254
21378270	0.00164133858124006
21380801	0.00466582612997218
21383230	0.000793500782378714
21383250	0.00168548624348435
21383291	0.000782411357105787
21383400	0.00075137855106847
21385491	0.00264810524407215
21386471	0.00151908126043943
21386960	0.00940497339617308
21390991	0.000809116056684366
21391110	0.000810312661908287
21391681	0.256258615062375
21392780	0.00176760909732689
21393180	0.000962155792835582
21393450	0.000797157095521607
21394321	0.0596512281837096
21394881	0.00149677470049526
21394970	0.018834528847758
21395640	0.0020798333914943
21396101	0.00351557354125167
21399220	0.0104572671022559
21399831	0.000742644877258898
21401570	0.0081591365321441
21402830	0.0127509157763163
21402940	0.000745958989990331
21405020	0.0234589281550458
21406250	0.000736376127315297
21406301	0.00296102969682733
21407561	0.000818167830066482
21407701	0.00211166618546237
21408941	0.0238963535244227
21409061	0.0022908722285223
21410410	0.00769682726908912
21414250	0.00118933589952209
21415141	0.0113536995855484
21418420	0.0182833329785359
21420770	0.00242656014018078
21422250	0.000804654914328166
21423271	0.00700331147307026
21424220	0.00317650613787343
21424640	0.000780332184287273
21426680	0.00957997525665859
21429211	0.0100901483506783
21429300	0.00203798869105894
21430461	0.00231436453078196
21430851	0.00081897149772418
21430871	0.00075157741447952
21431940	0.000957882655352501
21432791	0.00207572291359921
21433020	0.000814165742710082
21433160	0.000751381113657362
21433771	0.000805949506694914
21434311	0.00180654858439915
21434540	0.00121336737353956
21435001	0.0322060023478664
21435681	0.000983100461125371
21436791	0.0116104406928165
21437180	0.00547758178172271
21438741	0.00523368112496328
21439131	0.000878849909964276
21439510	0.00197119397701673
21442120	0.000937140238773511
21442820	0.00096610136220221
21443770	0.000737382209027313
21443981	0.0086603864662701
21446400	0.000812691688427592
21446571	0.0021119058927332
21447510	0.000738279697402548
21447930	0.00204726919805388
21449440	0.000972431699725339
21449980	0.00426117542270852
21450321	0.00541748911089918
21450980	0.00718917141665986
21452460	0.000766130575549789
21452931	0.000804035625202901
21453840	0.00262294497906127
21454560	0.00258963374157865
21455650	0.00578697795470786
21456501	0.00472022620805075
21456521	0.000779168235726517
21456651	0.0011111370043451
21456921	0.00148704074940527
21457030	0.00475594970719034
21457040	0.000995662920544974
21457180	0.000849817792629585
21457420	0.00203344495626981
21457990	0.000963899345096541
21458041	0.000945544172092838
21458250	0.00178211394312044
21458571	0.000786820801969425
21458950	0.00129960568361489
21459011	0.00153708955768993
21459370	0.000807819591675187
21459681	0.00134793265846015
21459790	0.00141050866670837
21460080	0.0114670553748265
21466660	0.00327709016619053
21469730	0.00171987266791522
21470840	0.000916583546766176
21471831	0.0547146974500884
21472661	0.00254894057096393
21476220	0.00121424532121678
21476460	0.00123204900321998
21477300	0.0031735428197997
21478291	0.0327230896379639
21479650	0.010078358135158
21481170	0.00146752017076226
21482981	0.000810058920371789
21483681	0.00209054884660947
21485170	0.00323802874112392
21486451	0.00171080195795673
21489450	0.000781582035771256
21490250	0.0025411702413858
21490311	0.00230757934676141
21490851	0.0120980673952128
21493450	0.00261314904858413
21496231	0.000858251348614304
21496330	0.000979959357867322
21497290	0.00099499531558872
21498871	0.00179589642101421
21499281	0.00989680307730479
21500111	0.00102227821722953
21502390	0.000778887997479734
21503001	0.00664556424681027
21504340	0.101597070189009
21505170	0.00207462384379718
21505860	0.00109006329061817
21506291	0.00499170556219644
21506711	0.0235015249976104
21508480	0.00146916316069959
21511001	0.000827205058177457
21513461	0.00267496817952177
21514820	0.00082773670291076
21516630	0.000876915673564295
21521720	0.000932148068114041
21522151	0.00321427843072745
21522660	0.00086835632879868
21525690	0.000735642772885472
21526291	0.0835735576883203
21526400	0.00567570316571713
21526790	0.0022586993145056
21527350	0.00200693679264748
21527510	0.00117867451877274
21527650	0.00150542841600719
21527770	0.00454447721145505
21528050	0.00134600960520125
21529461	0.000934363534399956
21531620	0.0294036598518183
21532661	0.00133081836350738
21533040	0.0433130343358171
21533730	0.000825050810183767
21534110	0.0033470612397435
21534130	0.00185269932418229
21534270	0.00080874663796845
21534311	0.0483622173765486
21536050	0.00199348213862741
21538540	0.000743040252308509
21538841	0.0107836471106492
21538960	0.000956462108018409
21539100	0.000794907583034658
21539340	0.000762457401997523
21539480	0.000974158008098942
21539520	0.00115898797341686
21540580	0.00257517668554548
21540921	0.0160345139936373
21541211	0.00472392393488794
21546721	0.00343132906045028
21547531	0.000996385076872451
21549621	0.0896427182607038
21551200	0.00232763334189512
21551551	0.000798104230780626
21551811	0.00284611220905557
21551910	0.00076654726680414
21551920	0.000742682851274706
21552880	0.00101507996358569
21553071	0.00193729606604934
21553690	0.0061811233610347
21554970	0.00221765392708261
21555660	0.000737730618752873
21556730	0.00278655524698008
21558110	0.00114737930705132
21558431	0.00147307753887766
21559080	0.0222327863128362
21559930	0.00256819911515739
21561461	0.00216588546922225
21564180	0.00439597179553866
21564511	0.00426465520033578
21564730	0.00280795408791369
21565020	0.00216631479337945
21565300	0.00152581630827126
21565680	0.00217972655939642
21565830	0.00128929990942018
21566400	0.00212850988640009
21567780	0.00081853560428839
21569051	0.00127687495327144
21573710	0.00479342616564984
21574721	0.000874213228118292
21574800	0.00101503827351914
21575760	0.00416178055769698
21577751	0.00174539381156864
21578281	0.00315235796603296
21578581	0.00304104424748958
21579350	0.00118359746244473
21580070	0.00961986337203612
21585321	0.00131378337068542
21585471	0.00811528451878237
21585990	0.000783278208347536
21586810	0.00742679301284611
21586960	0.00894155219374784
21588791	0.00858829170820783
21589041	0.000796574264039973
21589280	0.00124338602047435
21589540	0.00232925251622754
21592440	0.00453224865000875
21592651	0.00142849073954826
21594841	0.00217793969229229
21594940	0.00233351803241726
21595251	0.0028090466555113
21595541	0.000904161487797901
21596050	0.000814396026407102
21597030	0.00134835561961971
21600631	0.00112255917210342
21600791	0.019379504439318
21602691	0.000844542171983259
21605461	0.00171279003427271
21607541	0.0059647752486824
21607640	0.00551810102344517
21609440	0.00080748222162105
21609960	0.000946251991911473
21611941	0.00163004824686588
21612511	0.000956334250680228
21612860	0.00112215710980331
21615620	0.000949232771900616
21617420	0.00282144876430877
21618141	0.00164598385774396
21620190	0.000780451250783578
21621451	0.00937175011504862
21622551	0.00259541019892225
21625540	0.00877263759864887
21627080	0.0109277804685413
21627271	0.000855285749976659
21627801	0.000734945894010039
21628870	0.015338566093891
21628921	0.00092889805117182
21629540	0.000841447171664357
21631200	0.00413176716369183
21631780	0.0177578134771726
21634130	0.000771076137236647
21635101	0.00249947633553969
21637430	0.00111062976426602
21638551	0.00166004452109852
21638831	0.000800369208061038
21639070	0.00438976839178402
21639101	0.00072928566524651
21639190	0.0036639304755168
21640921	0.00316909096435961
21641700	0.0755073520876997
21641850	0.000763917884674886
21646411	0.00208911119556812
21647090	0.000736264951139303
21647370	0.000752594177206768
21650161	0.00084303104625158
21650301	0.00171826212119331
21651760	0.00210730203643081
21652030	0.00075024674049711
21652361	0.00375815955326435
21652641	0.00870359324331207
21652730	0.00360908165115069
21654790	0.000814602139880625
21655060	0.0114625957264389
21658011	0.00585113671420463
21658090	0.0060081666759422
21659511	0.000979581514521997
21661581	0.000821694359504993
21663080	0.000803088760508703
21664610	0.00137359710004345
21669820	0.00227812961264343
21672040	0.0199701139237558
21672091	0.00752012607395264
21672470	0.00154493220786376
21675480	0.00522381444065433
21675910	0.000926936122310257
21676491	0.00153005953933058
21678561	0.0319088989163524
21681420	0.0010251766461781
21681461	0.000799529012851192
21685160	0.00555495537902025
21685331	0.00100429669988275
21685430	0.00218761351649747
21685871	0.00266418322206762
21687651	0.00263030453728822
21687811	0.0126764281534161
21688061	0.0010037575736967
21688091	0.0122248468210831
21692751	0.0975920272100216
21693680	0.104337518252907
21694250	0.00121465362961275
21694520	0.00709419498899098
21694650	0.000983526348866912
21694701	0.00151711320678438
21694920	0.00948131917752423
21695651	0.000980673753070844
21696361	0.00505209574713771
21697581	0.047199748917215
21697940	0.00073810781326128
21698110	0.000741536427244009
21698500	0.00419481329999535
21698520	0.000961614879082682
21698530	0.0630133314709874
21698640	0.0159892969362558
21700860	0.00830584349752036
21701321	0.00743981168902363
21701581	0.00950075135596978
21701731	0.00077173249899528
21703261	0.00344898578433581
21703750	0.0196249993359163
21705171	0.00772184879704996
21706370	0.000764331424138383
21706640	0.000736264951139303
21706971	0.0011133479265042
21708330	0.000768259417971657
21708621	0.00276138464440196
21711180	0.00082901805494836
21711371	0.00142653703381405
21711470	0.00101750957050152
21711760	0.00309253416966194
21713560	0.000737658673057384
21714141	0.00100145615938934
21714380	0.000755115702183162
21717410	0.00461802689148407
21717970	0.00349879468010274
21718421	0.000832233675788964
21718650	0.000899860508178248
21718920	0.00409142188446664
21721800	0.027182401562185
21721810	0.00198186114075881
21723200	0.00111519953859169
21723770	0.00404560766780757
21724840	0.00121535090589667
21728331	0.000949311299011276
21729550	0.000824946049986915
21729690	0.00280278074419668
21730370	0.000743423218662231
21730421	0.00228674162564418
21730640	0.0121136039086569
21731080	0.000765009193344843
21731241	0.000727053854816401
21731890	0.00350609159350431
21734961	0.0101383246475418
21735040	0.000755932560624909
21735320	0.000742682851274706
21736440	0.104119982754498
21738821	0.000763238137813961
21741980	0.000839404702420906
21742110	0.00165977642146741
21742510	0.00149350774149087
21742930	0.000762982818894716
21742981	0.000736264951139303
21744211	0.00500090135832768
21744280	0.00167699120494796
21745250	0.0054676647919302
21747490	0.00125465728525851
21751460	0.003817915576853
21752081	0.00152673028185844
21757270	0.00393105503429823
21757800	0.00136932875395868
21759180	0.00086592841137401
21759890	0.00116484588304687
21760010	0.00261186658682332
21760700	0.00757343826368402
21762401	0.00248913316995232
21762650	0.000920842920574123
21763870	0.000821317600054504
21763900	0.0210174835118484
21766691	0.00462199367328073
21767241	0.000949589474210971
21767740	0.00788503184797751
21769451	0.00139621535363005
21769851	0.00154658089149922
21770900	0.00257496759135208
21771381	0.000787952955822108
21773031	0.00610995449426109
21773581	0.00312787949051457
21775490	0.00717415731478832
21776310	0.000840588028989173
21776580	0.000789495204965609
21776860	0.00125560667804562
21777311	0.00101817218768124
21778350	0.129783196366314
21778390	0.000825737011307217
21778510	0.00512962106055897
21783361	0.0469284471768596
21783511	0.000793841881098151
21783661	0.000910686576919903
21786411	0.000876916276444331
21786691	0.00086802181473269
21786900	0.00100599955121563
21788741	0.00305556698943603
21789110	0.00574580942889593
21789171	0.00130455063052409
21790001	0.0143583171259937
21790080	0.00187929351604201
21790800	0.00157164725695025
21791521	0.000822343828555353
21792901	0.00152959563020132
21794920	0.00103247449176445
21795050	0.00105957372248159
21795221	0.000828483306003028
21795450	0.0605405191534103
21796211	0.00193138480772804
21796440	0.000739512800026276
21796690	0.00421867557417964
21796850	0.000804707196774912
21797151	0.206516349736306
21797410	0.00079541769286266
21798780	0.000849507733716322
21799221	0.0035597407765632
21800860	0.00144960811084656
21801390	0.00322298435148965
21802131	0.00160167444257983
21803501	0.00388434831606081
21804491	0.000887437248214036
21804690	0.000765009193344843
21804730	0.00503958958955099
21804761	0.000921324832561888
21804840	0.000835449748804016
21805000	0.00202239185295174
21805250	0.000736264951139303
21806831	0.00302741530049284
21807371	0.0417845155296159
21807931	0.00181600271345698
21809540	0.00140351480632908
21809930	0.000767017511864863
21811361	0.00350992156148126
21812191	0.00109103023055106
21812321	0.0117657008362411
21812570	0.00534812225805557
21816010	0.000998321515164901
21816061	0.00137300384300814
21816481	0.00106926607050212
21817810	0.00233897395552072
21819320	0.00074653213296929
21819330	0.00113560473436578
21824140	0.0922892607298514
21825680	0.00200836084172403
21828761	0.00342078115685379
21828830	0.00494600467085618
21830210	0.0178411990450486
21831210	0.0338392637018326
21836181	0.00182550833180093
21836830	0.00977796262562647
21837530	0.00596487039408
21837991	0.00148459694173555
21839720	0.00106606346024579
21841161	0.00557036143999958
21841171	0.00188871150386593
21841660	0.000764461558002872
21849000	0.00136545563036762
21852881	0.000817182676266526
21852891	0.00639339323498664
21858801	0.00459840915354563
21859730	0.00377303554224581
21860450	0.000812303390459666
21860830	0.0143413950903218
21861841	0.00102226472420916
21863901	0.000989469849214709
21866271	0.00193413236453994
21868280	0.00270727637357448
21868331	0.0007815381662654
21873151	0.00134576143920311
21874070	0.00180732921816431
21874220	0.000997208879469057
21875901	0.0466287137744549
21876980	0.00250074908614972
21879771	0.00186964140893687
21880310	0.00232073070125279
21882401	0.00109367160920159
21882890	0.00275747897914378
21883221	0.00337092614473128
21887501	0.00259489164739736
21887580	0.000815810432675556
21887600	0.046807921926853
21888300	0.000857622703315113
21888481	0.00157041052056592
21888820	0.000747554272630817
21889011	0.0018379965194319
21890920	0.000754800326250601
21892170	0.000763728235597192
21892980	0.000727053854816401
21893291	0.399592499236263
21893660	0.00110710615254916
21893971	0.00482898898455292
21895221	0.0191372245401784
21895491	0.0433980123259764
21896420	0.000993761126092003
21897841	0.000827243849898882
21898251	0.0496108379229174
21903641	0.000904273570928384
21906620	0.00151699570403167
21908830	0.00101252116165697
21909520	0.00405850235592093
21910401	0.00138155351954946
21910890	0.00154757018991473
21913820	0.0172612531342668
21914090	0.00498735898857778
21914671	0.0419401639934068
21916400	0.137905186353711
21916550	0.0020154208156413
21917831	0.000949970853391401
21919621	0.00169128568697362
21923170	0.0313017311233789
21923300	0.00362279352688235
21923610	0.00172990732234318
21926111	0.00424884657428107
21926470	0.0182323816419756
21929650	0.000774610962080992
21930060	0.0108181650067196
21930111	0.00362282843480587
21932690	0.0541204393652403
21936120	0.0127451758652637
21936171	0.0368325195786056
21937110	0.00173999031669329
21937161	0.00282023663179321
21938101	0.00240966291280695
21939170	0.012694124563454
21939870	0.0102432875912774
21939921	0.0060964291058024
21941421	0.00243331630360341
21942661	0.000836133449806868
21945551	0.00134288482607468
21947091	0.000959890849480332
21947990	0.00296535223034601
21948850	0.0319658615532984
21949571	0.370701409448411
21950401	0.00370681993676668
21950630	0.000814702571141351
21950890	0.000814568039757389
21952581	0.00273502584507206
21953230	0.00136666431248533
21954521	0.180726638861389
21955600	0.034885097433883
21955750	0.000790194798927346
21957780	0.00791724551542544
21958480	0.00188622562855435
21959320	0.00214253214091704
21961961	0.0014393590777295
21963300	0.00449232664663312
21964041	0.000821774494670772
21965431	0.00072928566524651
21966190	0.0019644535351709
21967320	0.00104896134733862
21967341	0.00396039983693816
21967450	0.00103626059620557
21968430	0.128804279612564
21969431	0.00120327104239502
21969841	0.00388082157653061
21970951	0.0483721453699222
21971481	0.00138090079171693
21975160	0.00175202356909022
21975610	0.000903265263742885
21975631	0.000803050498000032
21976840	0.000735642772885472
21978750	0.000871316059693262
21980581	0.00784072274048854
21981151	0.005229907328279
21982371	0.00256383852238958
21982490	0.000751204652122044
21983160	0.0469243549127517
21987440	0.000970282684225999
21990320	0.000828926109572803
21991700	0.0440120903069254
21992601	0.00122103866665762
21992721	0.000969515860181555
21993090	0.00760948468296296
21993400	0.00156445366479476
21994630	0.00188513231837013
21995030	0.0047872797045163
21995631	0.00350730040050239
21996830	0.034266600151553
21997701	0.00275734274397866
21998101	0.000780237000099587
22000321	0.000802072119894408
22002111	0.0623326735570612
22005090	0.00437495019112774
22005291	0.00198242255304654
22006651	0.00126801546726155
22015901	0.0014832861707681
22017380	0.00336648272027216
22017810	0.00072928566524651
22018190	0.00098652631271775
22018641	0.00172631909814142
22019180	0.011579902211648
22022320	0.0212484062492157
22023980	0.00202847220701995
22028110	0.00154008860840982
22028430	0.00260757390559174
22028441	0.00258064432176775
22028581	0.0025619609678145
22029821	0.0096013458913883
22032400	0.000819070249194337
22037390	0.00451258540959818
22038931	0.0365484887619128
22044290	0.000771080372135468
22045561	0.00392942253296964
22047191	0.00295965685634489
22048991	0.00822735701581985
22050251	0.00409875134219542
22050610	0.000888760141362452
22051471	0.000787402960253232
22052731	0.000738792189129294
22053790	0.00776295895781842
22055201	0.00544839295463133
22055280	0.00196644047889071
22058241	0.0131605000647984
22062730	0.000749131710655333
22063081	0.00405345476669936
22063420	0.000837664830755744
22067320	0.00845735089667032
22068280	0.00548833185219458
22070730	0.000787159367193491
22075440	0.000796379791614733
22075450	0.000971962539609024
22075690	0.00143830491297041
22076380	0.00216005744530684
22077011	0.0056307266776129
22077800	0.000908119908796196
22080830	0.00810148806470745
22082340	0.000802120215710366
22082921	0.00331775021898279
22083710	0.000791182339846666
22085930	0.00075029890893007
22087191	0.00423847760660189
22088380	0.00206188896650603
22088581	0.0025895776351918
22089910	0.0130554868459937
22090340	0.000841008235442549
22090381	0.00273121964934427
22093090	0.00377667994141276
22093900	0.0013762074896462
22094600	0.00488746884802157
22097961	0.00418072605635494
22098890	0.00192332287699403
22099420	0.00252561583954346
22103150	0.000962661597018308
22103860	0.0412460956992546
22105660	0.000863852691587854
22107560	0.00472273974167519
22109080	0.00570717843304691
22109110	0.00227160197469287
22110590	0.000804860186546973
22111730	0.00441517763206895
22115140	0.0186894872867109
22115580	0.0052631112943739
22117671	0.00194089667940102
22117780	0.00305360488667867
22118060	0.00239149432635054
22121401	0.0119452876894448
22121900	0.000743423218662231
22122511	0.0250368203342058
22125500	0.00204426234768171
22126231	0.00101237291403729
22126241	0.000751880609225174
22126610	0.165014560417897
22127881	0.000838569125843135
22127901	0.00148625123160148
22127960	0.000763238137813961
22127980	0.000837299704285778
22128960	0.00145959745841012
22128991	0.000731355482055213
22129271	0.000895779593142977
22129821	0.00082337198140637
22130911	0.00316885436193885
22131860	0.000801090391035272
22132721	0.0016128027232813
22139980	0.00158362428422421
22142460	0.000952525494460789
22143030	0.0501776483227256
22143700	0.0028338506707407
22144581	0.00180133281963922
22146340	0.00289607921778073
22148950	0.00131165271155603
22148981	0.00153565228335745
22150450	0.000832595151466286
22150750	0.000761495211569719
22151891	0.000743062575928713
22154101	0.000793229870594987
22154351	0.00072928566524651
22154381	0.00348841710403675
22154651	0.00265075264194751
22154880	0.000787402960253232
22155420	0.00077173249899528
22155570	0.00226674451338342
22156311	0.0450704950669064
22157001	0.00659489937649097
22158931	0.000975843749611841
22162631	0.00817671135282306
22163130	0.00397949748583402
22164171	0.000794824646671649
22164561	0.00235297344029025
22165121	0.000792761700557839
22165541	0.000793753566641433
22165821	0.00285136707469783
22166771	0.000777385843301862
22168960	0.00449601282072628
22170060	0.00620459456492487
22171170	0.00156738486227442
22172520	0.00765165831542333
22173251	0.0020029006490216
22173610	0.00297221959276415
22174180	0.000789644708524283
22174600	0.00609560781615725
22175731	0.000951703020862637
22175741	0.00237357023548641
22176100	0.00113467341718993
22176981	0.0644872578683989
22179170	0.00248460818212247
22180431	0.00539420914959908
22181210	0.1949564912914
22181261	0.00130080215500139
22183741	0.0103499974540282
22184650	0.00238484521743861
22186771	0.00206201190757815
22188270	0.00642864277533815
22188691	0.000885505376876571
22188991	0.0132654231781869
22189811	0.00203949217388318
22191331	0.00494053145295874
22191850	0.0165818244912558
22193370	0.00198128662568528
22193500	0.000825095033653905
22197391	0.00225557356330451
22197890	0.000993384493539564
22198030	0.0109751039856387
22198050	0.0151815570558591
22198340	0.00273332369842311
22199280	0.00260410682929399
22199820	0.00870741670351335
22200370	0.0321996026425051
22200981	0.00198117233230308
22201200	0.00300420362148049
22201610	0.0666915342298905
22207270	0.00337158542802411
22208141	0.00335623761427245
22208790	0.0015011281370996
22209220	0.00118070284860088
22209671	0.00369649359710767
22210860	0.000737204979233018
22212161	0.00116887323020995
22215041	0.00136375605135636
22216971	0.00160361369224564
22219051	0.00299452701122086
22219300	0.0835003979851766
22219410	0.00132240585315841
22219540	0.00100423258081336
22220431	0.00170952445228569
22223000	0.00163984531238782
22226071	0.0392695873941418
22226460	0.00240641410601852
22226590	0.00106353752205189
22226750	0.0040414600388943
22226890	0.000809194966153437
22228520	0.00521264626621898
22228670	0.00177228394128788
22230501	0.00570164367985587
22230781	0.00516260107795571
22231020	0.000972512403431148
22232291	0.00303414515135149
22233640	0.149284152954002
22234610	0.00630788415604805
22235710	0.00202586249710895
22238040	0.000828886427998499
22238081	0.0020370194689533
22240551	0.00245343496319479
22241101	0.00252055642456242
22241541	0.0018733051707698
22244820	0.00080908759808564
22246190	0.000840950244382228
22246341	0.000766631132423996
22249080	0.0100374753131575
22251041	0.000777797974925361
22251850	0.00077957945498063
22251871	0.00275737715652423
22252540	0.00119687710769845
22253610	0.00301486238546211
22253880	0.000780446499721348
22253890	0.00881757507679398
22255181	0.000826607342310033
22255280	0.000737300193270523
22255881	0.000738466052995824
22256161	0.00124730150212926
22257531	0.00183022068182614
22260950	0.000743382134161891
22261200	0.0024237493456397
22262641	0.0059235902055457
22262720	0.00140472653598914
22264110	0.0257939242609275
22264530	0.000795436896688933
22266891	0.00587031362326111
22267171	0.000865289620469419
22267960	0.00976381923348346
22268711	0.00113331918241249
22269080	0.00245265695518046
22270590	0.0013613167300965
22278580	0.0213274001910648
22278621	0.00304804681339941
22280421	0.0214772776039652
22280961	0.00182459543308912
22281890	0.00129411791272673
22283830	0.000811347183175264
22284961	0.00874363516031427
22285090	0.00176740748652087
22285931	0.0112240548054094
22286290	0.00132939019390962
22286310	0.266017569437015
22287410	0.00617451350589513
22288500	0.00132328811160427
22289200	0.00201831989073547
22289340	0.000885048441993271
22289371	0.000822020955342391
22289801	0.00328721326492256
22291420	0.0114400848636745
22292080	0.00271444553743102
22293180	0.00253177193349471
22293630	0.000838520061189227
22294170	0.00265750491832039
22295700	0.000768534696501912
22295820	0.00154225511486915
22295950	0.00684390038025904
22297371	0.00225714778468957
22298481	0.00274635271177316
22298870	0.00151169675690747
22301121	0.0170669069543172
22301630	0.00082576000390914
22302150	0.00146699996616443
22303861	0.000760252881041652
22305200	0.00101037060479145
22307120	0.00256037325382821
22307540	0.00148889099890869
22310030	0.0146955933310504
22310430	0.0229744413565873
22310440	0.00248181862142633
22312131	0.00256386608022676
22312260	0.000749131710655333
22312380	0.00180336479807384
22312770	0.00405023761940422
22314040	0.00580456304194776
22314300	0.00290221691540094
22315270	0.000738234959986326
22315451	0.000988458312297841
22316630	0.170509970407768
22318631	0.000731355482055213
22321460	0.00377014208843021
22321941	0.113669873935658
22322010	0.000993303852765851
22322160	0.000976537979474732
22322331	0.000793514907536594
22323171	0.00074237266409518
22323711	0.00163912992169152
22324291	0.0039141382131924
22330491	0.00179714599884408
22330631	0.00730155810938653
22330860	0.00909510973087722
22330970	0.000781312184904631
22331560	0.000745824946236047
22332131	0.00103209203937886
22332291	0.00133669398398068
22334351	0.00134860305956906
22334730	0.00141655783843448
22336090	0.00173559463744166
22336380	0.325024192028978
22337391	0.00249773279349021
22337641	0.028911843083159
22337740	0.000872081995792657
22340670	0.000791130695068201
22343871	0.00112378570620451
22343940	0.00354296346700274
22343960	0.00402753416138222
22345470	0.00692075368719736
22346730	0.0030709729341456
22347390	0.34937137608071
22348401	0.000835116782233664
22348561	0.00176284422523434
22348691	0.00234936324312623
22349921	0.00200263226656084
22350071	0.000748446982177425
22350310	0.0029473692788981
22350450	0.00337595026696505
22351010	0.00549423998666771
22351530	0.0540496970849694
22355711	0.00188466405298856
22355840	0.00749900477788094
22357200	0.00083088749440622
22357661	0.00277809747395199
22360011	0.00280742591516013
22361091	0.00660234261748153
22361460	0.000836160316870201
22361931	0.00125891933666511
22362970	0.00226664790780964
22364650	0.00478350603304186
22365040	0.000736264951139303
22365111	0.00206394044299198
22369921	0.00109588437757644
22370320	0.0133092090591266
22370980	0.00120998109669757
22372240	0.00515167293051196
22372800	0.00285334762225325
22373371	0.00350262513285524
22373781	0.000809784820600275
22373791	0.000782248775232192
22375420	0.0206367825286903
22376821	0.00643401796143794
22376910	0.000757017388066123
22378010	0.0148550437104708
22378491	0.00274563414758742
22379441	0.017505977260635
22381470	0.00190922003682089
22382160	0.0138916570950639
22382280	0.00276801151544396
22384271	0.00493308813855652
22384620	0.000826257601701338
22385320	0.00220408124289814
22385771	0.000779626333243001
22386471	0.000843254867444442
22390000	0.000850928256109834
22390570	0.0172429890353667
22391820	0.00074377054654926
22393630	0.00937501568366058
22394051	0.00398356756619751
22394150	0.000769182437783825
22396220	0.00136801872057195
22396230	0.000742682851274706
22397361	0.00475533784178851
22397501	0.000854972345373138
22399520	0.00410653223452606
22400821	0.00273837121455335
22401170	0.000796350285150848
22401210	0.000814248759876504
22402030	0.00259310254249455
22402321	0.000771206603789154
22404350	0.0013365253529975
22406341	0.00950655804568534
22406761	0.00333086121300203
22409101	0.000771513579694753
22410300	0.00832926240382886
22411130	0.00130801981391331
22411431	0.00087393128568746
22411441	0.000749903469408375
22414601	0.0109897084833131
22416541	0.00309432850117631
22416930	0.00210892518202422
22417491	0.000843515653186344
22417921	0.00129450929811212
22418590	0.0278635890246426
22420100	0.000790830011712224
22422730	0.00605181365357644
22424510	0.00198889700997558
22424930	0.000969749306434138
22426150	0.00150479158198829
22426430	0.00356730816945922
22426881	0.00257074211332769
22427431	0.00501520683424205
22427701	0.0031075213868226
22428200	0.00405859083368644
22430010	0.000800708896376666
22430440	0.00184444922491552
22430461	0.000981217993109522
22430550	0.018715481916186
22430761	0.000803706668587915
22430871	0.00394053323283261
22431940	0.0019795849260913
22432760	0.000742354998903751
22432920	0.000837386206081612
22435031	0.00287617429663955
22435151	0.00072928566524651
22435650	0.000759364643271544
22435660	0.000737730618752873
22435701	0.0022758321792484
22435790	0.000864756017496056
22436001	0.00108689406363771
22436060	0.000977471298284536
22436220	0.00189026565217151
22436900	0.00278596659774185
22437310	0.00209751368905647
22438731	0.0077164870010788
22438860	0.000759595301905335
22439960	0.000853601487972494
22440531	0.00082492870918516
22441590	0.00102561665329968
22442891	0.394229983526258
22443140	0.00152436924760992
22443240	0.000805301604262194
22445070	0.00517798776717215
22445620	0.000749131710655333
22446570	0.0140391698138858
22446611	0.00240083464519499
22446700	0.00102477575729673
22446850	0.000794902163472254
22449720	0.000869396766374911
22450601	0.000749684160641424
22451561	0.00257566551058389
22452630	0.00442682347571841
22452961	0.0014493100933763
22453921	0.00187644960251062
22453990	0.00102591717777355
22454591	0.0092577969742791
22454850	0.000737730618752873
22455110	0.000991072661426541
22455240	0.000743751542448764
22455370	0.00573670847919555
22455390	0.00304266205585632
22456951	0.00105180904305517
22457030	0.00079765784239779
22457511	0.00306943047474875
22458341	0.00268576942051007
22460370	0.00290897861284875
22460480	0.000776525979445772
22462461	0.000753833320743032
22463250	0.00106903817330632
22463380	0.00313672603577886
22463701	0.0030856033945942
22463820	0.000876450456168124
22466051	0.000883625666991893
22467540	0.00367298218561089
22468340	0.0124330407572966
22469460	0.00186740878466474
22469921	0.000773048727102169
22470300	0.00290605743642682
22470960	0.00208951329192939
22472080	0.000763238137813961
22472630	0.0033208468811539
22472760	0.00219510233868466
22473231	0.0196991492716408
22478321	0.000898352956006166
22478471	0.00155239756432631
22481211	0.000782493886893149
22481880	0.00429044221339257
22485030	0.00181838732011318
22485091	0.00343776495655744
22485160	0.000750921462160005
22485231	0.00220847867582897
22487141	0.000810262622960833
22488111	0.000834244479160996
22489211	0.00673802104893818
22489651	0.000783070064135958
22492391	0.00123362096887095
22492941	0.000772785775086982
22493921	0.00243455226545883
22497740	0.000736959957211903
22498000	0.000776811085312856
22498741	0.000910421935203717
22499540	0.00371788950321509
22500070	0.00702468644226017
22500490	0.00229545063530458
22502611	0.00320146627688096
22505501	0.000731355482055213
22509621	0.00217903623406678
22509641	0.000736264951139303
22509781	0.00275008610314671
22511551	0.00150685425510778
22513340	0.0363588524459633
22513430	0.000890552536171717
22513450	0.0023647574937341
22514820	0.000751145323393453
22516620	0.00383508934645759
22517060	0.000736264951139303
22517911	0.00593508211487382
22518471	0.00147821564404316
22520350	0.00231977672714408
22522430	0.00142964404815751
22523090	0.0045702510972543
22524760	0.0572046484991447
22525231	0.000808847823884499
22528671	0.00261810114087453
22530430	0.00139312949691349
22533491	0.000728661185451918
22534000	0.00395572515139612
22535831	0.0123564908922169
22537221	0.000745107846413783
22540531	0.00215788480921165
22540661	0.00229578834709845
22541170	0.00274219451560111
22541891	0.00109563054626293
22541911	0.149991294050775
22542710	0.000841826756809741
22543131	0.00697735173209079
22543650	0.000736264951139303
22548531	0.000789903303321959
22549040	0.00093226130448995
22549170	0.00134177871988713
22549211	0.000739970020686509
22549231	0.00160042238599905
22549351	0.000906112470473529
22549720	0.000966601292911421
22553320	0.0023931753031263
22553450	0.00192066065722822
22553501	0.000743813653112035
22554840	0.00736090629789779
22556600	0.0122043930393153
22557170	0.00189694399500369
22558451	0.00424484717518484
22558830	0.00190198531095438
22559411	0.00355192456187545
22559930	0.000995043634298933
22560600	0.0043051784149534
22561300	0.000759036135260955
22561470	0.000781569195624621
22563131	0.00142777021648459
22563940	0.00534744092922503
22565050	0.00123861132151834
22566601	0.00399211063192327
22566741	0.00162701943919418
22567670	0.000809416970137452
22568671	0.000885403378822632
22571151	0.00189546743273191
22571380	0.000737971347875805
22572480	0.000814476282482909
22575360	0.00122884743657614
22575390	0.00135121535930943
22577201	0.000805432260498514
22578540	0.000895051842736025
22579100	0.000815108933960502
22579230	0.00382691218260934
22579691	0.00345520655960101
22584101	0.00473528548832095
22584951	0.02440057251752
22585310	0.000845653578584672
22586710	0.00450635806872166
22587431	0.00273778551125822
22587541	0.000757158933376027
22589570	0.000873809936149406
22591530	0.0016704778909877
22591551	0.000830758485427398
22595380	0.000834149990734348
22596931	0.00244425395505803
22597570	0.010962395000486
22604070	0.000788846614113353
22604340	0.0852804529104506
22607110	0.00174797060493829
22607401	0.00167727921461646
22610390	0.00496384742532458
22611691	0.0334971780449053
22615510	0.000758320463679646
22615541	0.00593127819745609
22615650	0.000909665125727891
22618270	0.000784084413108462
22618441	0.0045940845372707
22626280	0.0386428610885643
22635530	0.00306442989556672
22635760	0.012099411736962
22637040	0.00777196649425961
22637901	0.00279324842539993
22639421	0.000818416630275245
22641420	0.00100827102649662
22644111	0.015943156380292
22644460	0.0474094579725387
22649601	0.000757908562208833
22649621	0.00161414541516247
22649990	0.000735642772885472
22651910	0.000737324414023878
22652781	0.00257988085856048
22655001	0.00247576116843149
22655650	0.0112870609901252
22657201	0.0239193645730957
22657761	0.000915917443487094
22660231	0.00801138430017735
22661990	0.00155329248948176
22667630	0.00300968561375813
22668760	0.00346281014244198
22669550	0.00401282769424607
22669560	0.00280688566458031
22669970	0.00348983481676801
22670041	0.000774779334732002
22671220	0.000820831515544918
22671811	0.00256290120231332
22675411	0.0032032280987013
22675541	0.00100510416333742
22678130	0.00137441359083629
22679230	0.124753604247577
22683370	0.000847536394314766
22685300	0.000873256777709743
22686861	0.00247270621565076
22687930	0.00165543344907659
22689410	0.000978761772196311
22689860	0.000742682851274706
22689901	0.000767689772568419
22691401	0.000737730618752873
22693290	0.000815542332488667
22693440	0.00191388148023594
22694041	0.000814395095361033
22697870	0.00151882331350949
22697970	0.00297217738826575
22697990	0.000743423218662231
22698041	0.000986633597711097
22698151	0.000783819101155061
22698301	0.00182831515996306
22698410	0.00593957393026367
22699100	0.0010852594905263
22699360	0.00082381554614893
22699380	0.000928576984594459
22699411	0.000854335786406301
22699640	0.00319904887738564
22699650	0.00553394274573343
22699790	0.000950441311989067
22700070	0.00208266914055445
22700170	0.000908862714346219
22701601	0.012533292005455
22702011	0.0016316475876856
22705040	0.00139766606057356
22705331	0.000930809184850028
22705410	0.000831570283145097
22705420	0.000781526881731244
22705830	0.000766130575549789
22706441	0.0144013886984114
22709611	0.000736997255519073
22710171	0.00320061041113076
22711080	0.000815527357406591
22712200	0.265171162410577
22712371	0.00321717637127986
22713590	0.00115635477205657
22714120	0.00170896138377128
22715111	0.0244965578772156
22715380	0.00275388042189874
22715681	0.0112793565238803
22717310	0.00657818890192213
22717471	0.000735642772885472
22719900	0.0220504024306468
22720310	0.000742682851274706
22720720	0.00176667702914692
22722711	0.279182505309037
22722940	0.0212326273744243
22726280	0.00077774259990619
22728480	0.00593229029323698
22729430	0.00463331437305662
22731401	0.00614673413029569
22733601	0.000755445732278476
22733891	0.000878417111085626
22736190	0.0553177268361197
22736330	0.00925657464854612
22737560	0.0462938240086104
22741191	0.00352585375748343
22742670	0.0512681806826021
22744480	0.000974337977336246
22746140	0.00735098160060691
22746561	0.00143151768023229
22746991	0.000796832069500556
22747230	0.00085329858393243
22747240	0.00349412660380637
22747961	0.00274029960101455
22748070	0.00179647879705585
22748320	0.132462470503762
22749560	0.000744541765352753
22749710	0.00210211437517593
22750660	0.00381524905803342
22750810	0.000761971110761702
22754561	0.0187207727085041
22754820	0.00199248055413554
22756580	0.00158940752926907
22756740	0.0078638337694804
22758390	0.00749578250539132
22758680	0.00189393918173315
22758721	0.00118918919649281
22759251	0.000896711843222837
22761430	0.0016558494599194
22762861	0.00222988752045337
22763261	0.000905663324769635
22764180	0.000763363131491431
22767951	0.000804521440607903
22770721	0.00172135389891046
22772091	0.000998966720024966
22774790	0.00709882775383039
22776901	0.0061808247145984
22778380	0.000743686589850141
22778930	0.00392697470282436
22783230	0.00266093738274881
22784221	0.0599366887887587
22786100	0.0137738196887115
22787920	0.00131196379454552
22792740	0.0120984551312153
22793181	0.00426947324501888
22795681	0.00210637195944971
22795770	0.00262710760326663
22796631	0.00865269171071074
22798831	0.00156187318712938
22799650	0.00698847418528752
22800211	0.00140714461479713
22804200	0.000838325057365644
22804221	0.00139785025176777
22804921	0.00276524543380564
22805140	0.0813997125622386
22805810	0.000763238137813961
22807111	0.000797578343001367
22807190	0.00926456808375546
22808030	0.00176861776563178
22808071	0.00387705998497357
22808491	0.000731355482055213
22809041	0.00315615369930965
22810161	0.000805663008403253
22812911	0.000749903469408375
22813041	0.00183086557614436
22815251	0.000749903469408375
22816091	0.00411117319580836
22816231	0.00104901138845689
22818500	0.000764316922608068
22819951	0.0018883463245549
22821731	0.00075875114580001
22823651	0.00122369012696515
22824211	0.00276764774458099
22825741	0.0130995938686711
22827600	0.00631092833056385
22829540	0.00105226463169864
22829810	0.000731281327075994
22830411	0.00165192911775063
22830680	0.00074602167816803
22831050	0.000745515780956285
22833560	0.00266151894695687
22836580	0.020267354020745
22837861	0.00200141740910108
22837871	0.014160801412736
22839360	0.000831281226619789
22840491	0.00097778195335827
22840980	0.000779091975408121
22842680	0.000773648416339668
22842851	0.000741278305848288
22842981	0.00155220042249526
22843330	0.00389007044917131
22843350	0.000799528024726474
22844771	0.00352630312768894
22846680	0.00137179746307144
22847261	0.000969324569710014
22847330	0.000850817532877358
22848570	0.0152701662710758
22848730	0.0024965012248229
22849950	0.00268653307421309
22850400	0.000802308584432735
22850540	0.00108770339970187
22850930	0.000791379135051081
22851111	0.000756491100273087
22852030	0.00072928566524651
22853601	0.00366310106653133
22855651	0.000827937028034713
22855780	0.000815223950473436
22857560	0.000812140550849908
22862390	0.000996239180579772
22862780	0.000875717572666194
22862940	0.00781618198450821
22866131	0.00074190524687955
22866141	0.00167446656492033
22866400	0.00255910279532765
22866930	0.00167732834923186
22867880	0.000736701341134504
22868740	0.0373795276868817
22869851	0.000971918735700773
22870561	0.000993385706030903
22872040	0.00112738703380393
22873830	0.000770935995942525
22873991	0.00077066828825215
22874380	0.00221759360251737
22874431	0.00203167482232178
22875180	0.00302977725987931
22877051	0.000793753566641433
22877731	0.0148702590616231
22878141	0.000769383931270105
22878660	0.00335895661833942
22878691	0.0020241478846253
22879080	0.0552061380743115
22879610	0.00151709358371045
22879941	0.00236224995490999
22880010	0.00157996600231211
22883060	0.000776071182747539
22883190	0.00586790584981592
22883500	0.0348220435541176
22884720	0.0030175212091086
22887900	0.00201430495905099
22888491	0.391037939905658
22888580	0.00360858508237567
22889420	0.000754914867079438
22890541	0.0157769449940623
22890800	0.0191473467414923
22890981	0.0155789735980017
22891630	0.00249093832107482
22893120	0.00149802234829371
22893461	0.00152731238559592
22894930	0.00208786484007277
22895760	0.0038485230332554
22897861	0.00177286579143797
22899770	0.00234138007981706
22901690	0.0673478440839381
22903180	0.00189651668654359
22903641	0.0121883277397174
22903791	0.00386489138687542
22903880	0.153840519928808
22905660	0.00263954268250897
22906360	0.00212197329722782
22907220	0.000865574499279376
22909441	0.0129194972640586
22911320	0.000782835795406094
22911340	0.0013243337298373
22914131	0.00157629666062597
22914261	0.000754914867079438
22915770	0.000777940861834572
22917461	0.00210714404409596
22918691	0.000825179991769893
22918701	0.00626798333601183
22920331	0.00156569076208049
22920751	0.00585943048413884
22921321	0.00086011483336827
22921680	0.0228628907293641
22924081	0.00654271779921526
22924140	0.000817254717998266
22924460	0.000955050817327479
22925150	0.00120809589813742
22928201	0.000790439048743126
22928430	0.00705947181399884
22931480	0.000794033665743723
22933010	0.00367274708647339
22933270	0.00231579187502151
22933540	0.0056135909623149
22934520	0.00210139358532997
22934530	0.00165051005179631
22939600	0.0134339824705653
22943880	0.000852179344877301
22945120	0.000809903807854396
22945390	0.00114970231944981
22945940	0.00211901232344932
22945960	0.00176909769558607
22947490	0.00838925891690181
22947890	0.00356766878329424
22949591	0.0133249523975714
22951190	0.000830191191694545
22958971	0.00386001327012802
22959371	0.000792620265783603
22962650	0.000785294382163167
22964201	0.00135982063549289
22965960	0.00233385349940522
22967450	0.00110557756684424
22968331	0.0267147474333595
22968901	0.00095365147292885
22972341	0.000760254234689047
22973410	0.000918057878960323
22974930	0.00288402220900839
22975070	0.00173738017633368
22977441	0.00141510370487321
22978831	0.00256173408842451
22978951	0.0010276649628336
22978971	0.00247078986632176
22980331	0.00077347509118657
22980870	0.00359736521543674
22980891	0.0205690801429804
22981120	0.000786665529148294
22981270	0.00224598641835772
22982790	0.00128613551511609
22982811	0.00394385067348644
22984410	0.000778888530804239
22985950	0.000893981176443614
22986261	0.00131331196198441
22986490	0.00146900800238081
22987241	0.00342981062053721
22987310	0.00305285268849054
22989011	0.00338041714565805
22989311	0.00352953281341783
22991101	0.340698249241652
22992310	0.000975926242494645
22994531	0.00170737460161468
22996570	0.00167655987666903
22999170	0.00276672911289364
22999310	0.0016586695710822
22999880	0.0253145751263868
23000270	0.00386231376269108
23000580	0.00871238056115085
23001100	0.000977994386029962
23002131	0.0121310375943265
23002520	0.00186360720784794
23002890	0.00129746668338237
23003091	0.00108414375894567
23003720	0.000930999569701723
23003791	0.00172494421601194
23004751	0.00252311308818067
23004761	0.00451589052862949
23005711	0.000976198498309354
23008010	0.00106920592426938
23008871	0.00280155171473194
23009861	0.00612194072258358
23011880	0.00133476087295697
23016030	0.000763238137813961
23016430	0.00079564597975013
23016440	0.00121734726074356
23016820	0.00168630875242064
23017250	0.000791899903235256
23017441	0.000848324240137761
23017991	0.00267899919635621
23019091	0.0533789499290616
23020440	0.00324380099866206
23022541	0.0011433617705311
23023351	0.000748292131427315
23024580	0.00233970390542225
23025311	0.00283078825644186
23025701	0.00074488556298507
23025711	0.000797296369034416
23025830	0.000764417262309012
23026240	0.000790156923204578
23026401	0.000823943837212622
23026411	0.000803027295554905
23026531	0.00133050256428096
23026650	0.000765983745263848
23027221	0.00300389527200018
23027340	0.000759087563021552
23027440	0.00287542725393174
23027450	0.000742153413462737
23027580	0.000853070186472389
23027600	0.00132891559521953
23027651	0.000772146920633268
23028051	0.00104923457339591
23028201	0.00297313180713923
23028321	0.0194477810695143
23028331	0.000763148097980386
23028440	0.000736264951139303
23028710	0.000850399741449313
23028860	0.00072928566524651
23028980	0.000805155443679184
23029000	0.00119154265538308
23029021	0.00266413319480632
23029400	0.000798104230780626
23029441	0.000770844321894701
23029690	0.00103744756512838
23029851	0.000795493242507796
23030001	0.00110295493122739
23030131	0.000908384026262634
23030230	0.000735118350056226
23030261	0.000869027165690902
23030531	0.00080449706077121
23030780	0.000740543133892448
23030910	0.00081497852062872
23031170	0.000946838266749188
23031221	0.000749978947280878
23031460	0.00112622866409286
23031491	0.000809802714793951
23031590	0.000769334220950196
23031730	0.00077334850914345
23031750	0.00077609410710013
23032331	0.000778457684435869
23032450	0.000793113729222059
23033130	0.00134946031446643
23035211	0.00223959167316946
23035231	0.000822906345960592
23035890	0.00150264167462468
23036430	0.00711953382905819
23037530	0.00175771940382129
23039440	0.0040284192818611
23039880	0.000771080372135468
23040850	0.0120747930173088
23041171	0.0208125845439871
23043651	0.000804309864709261
23044341	0.00159179043467119
23044601	0.00284455342085008
23046340	0.0054659270727899
23047361	0.000843883283469874
23049930	0.00483820666979835
23050661	0.00241080264226935
23050910	0.0160899817739782
23053171	0.0190441378018783
23053240	0.000775934265112248
23053370	0.00314774884975112
23054131	0.0014785801566701
23055190	0.00374935297217497
23056140	0.003487695486924
23056820	0.000738887879217954
23057800	0.0011152184462117
23057930	0.00126925655177711
23058790	0.000747192525584302
23061540	0.000896887922466492
23065701	0.00796118531239917
23066811	0.00182773393055994
23067060	0.00339689825978679
23067901	0.00252261583885058
23070671	0.00105775201893126
23072960	0.00189780314118216
23073270	0.00325191705316477
23074381	0.00546043308077183
23074391	0.000771777218257821
23075030	0.0822699772978656
23075440	0.00318483691724215
23076010	0.0136323364134392
23076061	0.0136945959483546
23076331	0.00554410014879583
23076341	0.228737647682953
23077090	0.000852187247261841
23077971	0.00105422835574856
23079340	0.00105836823702498
23079511	0.00090986562594462
23079880	0.00101031933311636
23080331	0.00466600549163072
23080881	0.000821301441395165
23080970	0.000775328323242044
23081571	0.00275021172065037
23081670	0.00373140933831561
23082910	0.00269974553030452
23087050	0.00253909021007023
23087221	0.000786892101039212
23088710	0.00167120386117085
23088881	0.0125954702972971
23090340	0.014609057101459
23091740	0.0013872577082231
23093981	0.000846649089051983
23094801	0.00113527919940222
23096881	0.00121437719704471
23096980	0.000894567292239832
23096990	0.00263446411860401
23097120	0.00077036293800234
23100400	0.000810973580924094
23103081	0.0021657052698826
23103091	0.00110918084187504
23103160	0.000736264951139303
23103300	0.000788790223838983
23103351	0.000743751542448764
23103470	0.000735642772885472
23103740	0.0229026442723697
23104300	0.00266081326207693
23104550	0.000851099089199138
23105431	0.000863549855420446
23108260	0.000898288379945122
23108451	0.00210709346961857
23114630	0.0020322676416396
23115310	0.0517488439394602
23115341	0.00122798108564376
23117001	0.00196603420000233
23117841	0.00106478784881691
23118230	0.00530978557690667
23121691	0.00357971108541847
23122251	0.00217614167382119
23122630	0.00136053482529794
23123750	0.00188238730668828
23128130	0.00150457961837439
23129271	0.00708752526198752
23129851	0.00288500531292315
23131491	0.000900444094888163
23132010	0.00215149680628135
23132260	0.000792455132541148
23137120	0.0338206022507444
23137551	0.000822683274988436
23137701	0.000776001184301643
23137790	0.00366406995423887
23139621	0.0039712789796994
23139860	0.0454288615162512
23140581	0.0546427459245889
23142920	0.000786982237950701
23143160	0.00233046973641301
23144710	0.00281147861851859
23147211	0.00114246300888891
23148881	0.0145001413383729
23150381	0.000788960968189836
23151170	0.000807914435652506
23154740	0.0014884296351524
23156441	0.00117047112592276
23157390	0.00112886980493348
23161271	0.000746930010490703
23162671	0.000833179044891315
23163341	0.00373729963433008
23163911	0.00112598282730087
23164670	0.000868894306713558
23164851	0.00111544643039532
23166671	0.000813257003925139
23169650	0.000782273294183779
23170320	0.00079481834058014
23170941	0.000769762427770776
23171850	0.00166890170452831
23172560	0.00315370195498663
23175160	0.00152887831856342
23175710	0.0130285125671581
23180711	0.00178695146476519
23183221	0.00138295612278635
23185281	0.000909838032686076
23185930	0.000830221236653746
23186050	0.00360323305343828
23186060	0.00084833120572637
23186350	0.00111509130542102
23187010	0.000842059342618305
23187310	0.000863592602736245
23187320	0.00409904778047827
23187341	0.00314213304212824
23187471	0.00257378563726302
23187850	0.105325193327557
23189640	0.000768630483112158
23190880	0.00104107884631795
23190890	0.000813337909975554
23191170	0.00170017949358577
23191720	0.00197456541342223
23192181	0.000800372229898497
23193291	0.00503979874114884
23193670	0.00269923474332672
23194350	0.00325177335097962
23194671	0.00515656049243219
23196960	0.00548152825213797
23197131	0.00116012150052471
23197380	0.00146867096714383
23198880	0.119994702556665
23199160	0.0046853869388914
23199740	0.00095129220119098
23200181	0.053217842263581
23200871	0.000796275532608176
23201551	0.000884200285234213
23201971	0.0050763026304073
23203061	0.367102183634895
23207730	0.000852049066103379
23208940	0.000741554346111861
23209660	0.00176906245928297
23210231	0.00102503390257764
23211970	0.000876681858782447
23212810	0.00344380390254828
23215191	0.00513358254667399
23216021	0.00218527619439126
23216041	0.00184278818181333
23221790	0.00205543615073066
23222330	0.00260741894874648
23225640	0.000887599128171452
23227331	0.00608099948241288
23228171	0.00843373980552681
23228181	0.00178466802688631
23228301	0.000810050202836513
23228581	0.00377158223494855
23229770	0.000850974367610234
23232250	0.0034487418913526
23234651	0.0350783375412099
23234740	0.00104023174645031
23234791	0.00173825557937137
23235010	0.000814535688416101
23235331	0.000862627245465737
23239170	0.0048499676557717
23240451	0.00140105220349482
23240540	0.00101150329830304
23242480	0.001356064560747
23245660	0.0144737559877079
23247300	0.00154865074812658
23248700	0.00198029341398449
23250620	0.00286752553468523
23250870	0.00159374595167158
23252550	0.00138635973575919
23252711	0.00358127658443667
23253401	0.00423173657854946
23255061	0.0017490961170425
23256280	0.0325233919548929
23257411	0.00566258610658337
23257961	0.00593748457224491
23258651	0.000734872534177992
23260690	0.00495286731550922
23261281	0.00965272896261722
23269070	0.00487647711860522
23269900	0.00115762424040231
23270060	0.00203725653717897
23271710	0.000742794995834713
23275690	0.00831393911426048
23275830	0.0785459600738858
23276520	0.000964536693827677
23276981	0.00109654863659522
23276991	0.00201653945960452
23277391	0.000750253822600286
23283321	0.000804630035266956
23283450	0.00584233937530926
23284011	0.0135738935068003
23284260	0.00988553028794973
23284810	0.00355498421553322
23285141	0.000937009708411768
23285790	0.00274208623769736
23286070	0.00356805351511879
23288120	0.00153519608680934
23288390	0.000801733739385306
23291000	0.00104672211803415
23292000	0.00366631819121882
23295150	0.00328978641037825
23296441	0.0569818736108696
23300530	0.0123748127637035
23301941	0.000771439724561861
23302170	0.00274694065455604
23302880	0.00132401607370163
23304311	0.00231014935739023
23307280	0.0033415850298039
23308120	0.000934272154270302
23309370	0.0215102975950191
23311160	0.00442889338508737
23312991	0.000745958989990331
23313111	0.00208371408236288
23314310	0.0025225430323394
23316021	0.00311261202658338
23316270	0.0200249852593137
23316851	0.00222793632360909
23317271	0.00762547440575649
23317480	0.000893225272646314
23318351	0.00886911178844738
23320540	0.000830106761015988
23320711	0.00247770551966748
23323731	0.00297127938862301
23324520	0.00366361785493354
23324930	0.069341322812595
23325200	0.00173030537863561
23329230	0.00110160856873045
23332281	0.00121627738933187
23333900	0.0494805247095772
23337510	0.0146071471053918
23337681	0.000755698597019615
23340120	0.000828196656713353
23340851	0.00144998425104796
23345401	0.00141296068423674
23346330	0.000811675006025718
23346450	0.00178461331985094
23347290	0.00362906466180899
23348151	0.00131098762322927
23352701	0.0010018524658405
23352930	0.0150727783728702
23354310	0.0149267438672784
23355311	0.00601569733428088
23358371	0.00116273404457287
23360581	0.00659526019008063
23361271	0.002932249594694
23361801	0.001019831971698
23361900	0.000742408558167451
23361920	0.00111176966563974
23367170	0.00101000320287871
23367720	0.00110022783271923
23371160	0.00726993287607735
23372670	0.00325665927732419
23372971	0.00330386478842166
23374340	0.0145899368306877
23378081	0.00105161229635861
23379030	0.000735642772885472
23379710	0.00145460011437898
23380991	0.00111325122176614
23381251	0.0105905797996081
23386351	0.00212293288991775
23387410	0.0022324310215274
23387451	0.00167682011914341
23388640	0.0104628955080524
23391120	0.00408087524456893
23392411	0.00156567126160814
23392650	0.0303320989294497
23394211	0.00567565280861613
23394460	0.000776811085312856
23395830	0.00076546365950887
23396360	0.0729016353381414
23399290	0.00409862083655266
23400691	0.00718004923017552
23403570	0.000737324414023878
23404240	0.00196576047117835
23404810	0.00077173249899528
23405401	0.00722971849648446
23408380	0.00112175629123341
23408390	0.0273091489739901
23411000	0.0023850175211746
23413360	0.001149096860869
23416120	0.00209444409862718
23421090	0.000755533254964743
23421220	0.000739297255556459
23421890	0.00231293690056378
23422190	0.0065156631119076
23425050	0.0186132371178514
23425890	0.00533261361725037
23426610	0.000778810649442153
23429080	0.00109129417145486
23431420	0.0302385505164866
23434641	0.00311461966242122
23436691	0.00400096686011821
23437070	0.00191059196396663
23439130	0.00187275693080889
23439301	0.00205303658474327
23441210	0.00238307649376625
23442290	0.00153131360903564
23442580	0.00121184300201758
23444011	0.00372835284734611
23445330	0.00178875820896496
23445770	0.00150400823148866
23446481	0.000945723660084159
23448380	0.00475039756854937
23450351	0.00208190294826224
23451881	0.000937213356463024
23455851	0.00221813816345166
23456001	0.000738887879217954
23456120	0.00261862304473626
23457220	0.00159763056724902
23461620	0.000789215676538494
23462590	0.000822064021946865
23463301	0.00213588415069176
23466061	0.000735642772885472
23466081	0.000836154118816459
23469101	0.00409497047556571
23469330	0.00587919795862894
23473531	0.00108898075749902
23473811	0.0227039349866026
23473921	0.00900290967907847
23477760	0.00141708615931331
23480080	0.00157980321879897
23480431	0.00231557590231138
23484080	0.00258937132236425
23485671	0.00468998369028852
23486361	0.00304132082899812
23487741	0.00282822659714097
23487980	0.00262642473916668
23490580	0.00678033599217433
23495110	0.00119686855927221
23495731	0.0033512572344501
23496520	0.0184679243218216
23496640	0.000867672245754043
23498020	0.0828418268315082
23499000	0.00134991954940514
23499970	0.00151052354355197
23500821	0.00082046250849177
23503270	0.00100191792156049
23503830	0.000766315032639551
23504500	0.00147889414357377
23507800	0.000805060739434602
23507840	0.00319271742633049
23509251	0.0086698008302145
23509750	0.0012908882126344
23510420	0.00107474671956642
23513661	0.00264448156168756
23515120	0.00282975421614914
23515820	0.00107842941366586
23518471	0.00223749187475236
23519321	0.00154396029093228
23520230	0.00221030645494806
23523461	0.000783497856400646
23526071	0.00495775044372616
23526150	0.20437898056204
23527420	0.000809815338694188
23528070	0.00177641078410903
23528141	0.000758492828383783
23529590	0.00514975961329419
23530160	0.0022190543985771
23534180	0.00230869182209354
23534720	0.00753330365231886
23535301	0.00110841587280572
23535390	0.000766782157752867
23535840	0.00108346085554696
23536500	0.00133796295554793
23538730	0.00939870804964268
23542290	0.00288229619437111
23542341	0.011078858944526
23542751	0.00113667947598522
23544350	0.000819034270995194
23545801	0.00124877351007875
23545880	0.000913467703991297
23545900	0.00373738009036735
23546310	0.000780792385234305
23546860	0.00978350919882853
23547410	0.00143227403297063
23549330	0.00254206480490562
23549350	0.0011330458855806
23549791	0.00104430721862216
23550710	0.00175843651184225
23551540	0.00131611604550235
23552210	0.00125064156926279
23553651	0.00078209294250501
23553791	0.00151230983250222
23556121	0.00393144563702446
23558990	0.00261902426081501
23559540	0.00283624058397365
23559560	0.00615803607122884
23562621	0.00948730903454597
23562690	0.000957794265382584
23563000	0.00998984429867841
23563280	0.00671845017438318
23563410	0.00579641204369403
23563591	0.0755382537331205
23564131	0.000844875133539751
23567861	0.0157428687735959
23569740	0.00500317905852638
23571031	0.000889131122158613
23572660	0.00155053050055014
23573180	0.0596093784986329
23575311	0.00123917095602271
23577050	0.00205490267788085
23578410	0.00104539154532525
23578560	0.00302727647526639
23579991	0.0145468794570153
23581241	0.00102492579459734
23581580	0.00072928566524651
23581730	0.262765816255104
23583100	0.00182142324565481
23584831	0.000902237473102315
23587161	0.00128429216517057
23587270	0.00118672504341099
23589610	0.116373722365885
23590440	0.000788806800172362
23590450	0.00185364209519025
23592271	0.00378575261378228
23592801	0.000759930489756147
23593210	0.00106824636612198
23596240	0.00868770608823878
23599810	0.000821319648193328
23603240	0.00154084065140837
23603260	0.00314674055127363
23605460	0.0232093923417622
23605590	0.358975883783904
23606321	0.00854817703100377
23607031	0.00138388027792816
23608401	0.00452450949043387
23609030	0.00235877501847004
23613101	0.000858842993233413
23613200	0.00343093631537319
23614440	0.00137304045752359
23615260	0.000824436285906767
23615861	0.00133525006622646
23616411	0.0139460589531858
23617180	0.000855899673085793
23617931	0.361381653953876
23619581	0.00276271468272753
23620521	0.00427994792551924
23620821	0.0035421333960641
23621050	0.000834759482196931
23623230	0.00620248398392725
23623240	0.000908263642937395
23623400	0.00206508744047
23623940	0.00891073778869012
23624630	0.000770744253261561
23632541	0.000735642772885472
23633791	0.0393741162492668
23634030	0.00764445291326263
23637761	0.0011977694816855
23643571	0.000896873505170324
23643851	0.00175835784402446
23644620	0.00900597766217353
23645170	0.00386633629287955
23645771	0.00181567023446624
23646741	0.00077774259990619
23647031	0.00320312059893388
23647301	0.00139689787993516
23647851	0.000748921048066987
23648770	0.0107595885168228
23650410	0.00392616466110568
23650560	0.00181484406936011
23652910	0.00891218435345982
23653761	0.0960678466790935
23653870	0.00509401018510936
23654020	0.0025036626115404
23654280	0.000773821502269842
23654570	0.00308832624398843
23656811	0.00407139278618943
23658201	0.000752051278224264
23658321	0.000798462888385762
23658980	0.00206556658859421
23660681	0.000919286041910686
23660890	0.0336072076496921
23660920	0.00692215193281525
23661501	0.00108621840295636
23661890	0.000947028336963618
23662300	0.00181531578055797
23662591	0.00106063126402057
23664131	0.0415095829347644
23665450	0.000807615636467895
23665460	0.000955364206244377
23669081	0.000804376794115816
23669091	0.000734011797904646
23669911	0.0015247947911155
23672401	0.00365185695417754
23672920	0.00105328198565328
23673351	0.00307121660272262
23674191	0.000961984138917507
23674311	0.195786896911624
23674970	0.0018422612300761
23675670	0.000739512800026276
23675711	0.00112642903913971
23677091	0.000936258683734381
23677750	0.00130672737751049
23677761	0.000777055476814971
23680500	0.000820338907782606
23680681	0.000977309835374298
23682410	0.00106744070498818
23682810	0.00180359663472886
23683800	0.00382266672902691
23683930	0.0102501520370802
23684661	0.00474259583703613
23685180	0.0090851189073377
23685330	0.000898940863702978
23686031	0.00455943468884872
23686810	0.00141896348201454
23686990	0.00655531791723593
23688951	0.00349860357410641
23689190	0.00255908175714851
23689860	0.0057217415731062
23690990	0.000787402960253232
23691240	0.00113851013933048
23691950	0.00079473940873114
23692121	0.00144399105740569
23692750	0.00859348130004956
23692931	0.00199332186618891
23693631	0.0015402072712631
23694331	0.00133878145821571
23694461	0.000835680048883498
23694690	0.000817265759327849
23695161	0.000790477536615753
23695510	0.00263347115969376
23695540	0.000973454650911336
23696671	0.00137883764617317
23697761	0.0152595244519592
23698810	0.00192009087247706
23699370	0.00368076013787883
23699421	0.00351514461789437
23700360	0.00127089268447622
23701501	0.00271813289784869
23702171	0.000793470602932014
23702710	0.00155148372907585
23702741	0.000810996549866452
23702830	0.0531269359300057
23705320	0.00296560268741965
23705990	0.000805192529447257
23706260	0.00645030673252532
23707100	0.00129928028699523
23707240	0.00225026055245454
23707281	0.00247141086092969
23709310	0.000775491861369344
23710000	0.00214837472174926
23713460	0.00281265093071042
23714441	0.00236033620901104
23714980	0.00439960199835241
23716190	0.00753482133430642
23716241	0.000825743126696833
23717610	0.00218292433744039
23717850	0.0568581958998943
23718420	0.00208301987488835
23719090	0.0010003006651707
23720920	0.00276414257401722
23721980	0.00181029301917406
23722850	0.00885252880396948
23723151	0.283923398889425
23724241	0.000749271549014992
23724951	0.000888077980105526
23725751	0.00101273674687884
23725860	0.000810881901946987
23731120	0.0024527103308138
23731411	0.00204538123418184
23731810	0.0942422024238279
23732630	0.00304962137203169
23733621	0.00293599788609263
23735920	0.000740768595043931
23735971	0.021920931628525
23737850	0.00196333996427491
23737860	0.00203266017499233
23738031	0.00439200828910719
23738290	0.000894955023424443
23740330	0.00505032684318035
23740941	0.00338708811672477
23740951	0.000942235082993161
23743250	0.000753605706032457
23743831	0.000765009193344843
23746041	0.00109241702345533
23748600	0.00159810074337098
23749190	0.00144885199109587
23749580	0.00134255624583371
23752791	0.117927942328844
23753911	0.00802702290037733
23754301	0.00417940867949759
23754840	0.00201008185473829
23755571	0.000777041523774087
23756521	0.0157690238965887
23757560	0.000744903125470329
23757840	0.00120627981016629
23758830	0.00366537972582344
23760070	0.0157742048547358
23760241	0.00197147373748014
23760781	0.0272071128997982
23761501	0.00124402831264285
23762120	0.00080166286906308
23763260	0.00104161519855689
23765880	0.000871185592597648
23766321	0.00151900475054168
23767510	0.000784645792064973
23768791	0.00151380658072767
23769891	0.00415748400591803
23770130	0.00178403244043949
23770161	0.00227360411610889
23770441	0.000754322700545123
23770800	0.00728342447929899
23770861	0.000821452759149385
23771120	0.00199536013590662
23771660	0.00493325535808799
23772381	0.00107204132229256
23773050	0.00323771959579956
23773361	0.0022294379056916
23776740	0.00446521405027458
23779271	0.000736264951139303
23779380	0.00176175798341912
23779961	0.00151431781136212
23780381	0.00677032261875584
23782451	0.000802887204302374
23783250	0.000746804919213093
23784740	0.00213346781816637
23785471	0.000768443755254635
23786250	0.00430645818170392
23787551	0.000833734732425863
23787630	0.00459918509690508
23787821	0.000878129715550121
23789351	0.000891742450560393
23789980	0.00112344929725117
23790400	0.000860988285232968
23790410	0.000746864609809146
23792460	0.00274206993475966
23792480	0.072920273280972
23794430	0.0257779216115498
23797450	0.0333550156694825
23798571	0.00391261984333952
23798851	0.00283656028536414
23799121	0.00435854245645188
23800251	0.00141459767287375
23800760	0.00098650489539876
23802711	0.402810401293543
23802840	0.000790300062892044
23802970	0.00595218041528634
23803561	0.0204785874582422
23806571	0.000766741721152831
23806970	0.0018057630075232
23807530	0.0823934420809812
23808630	0.000742682851274706
23809010	0.000739789027226438
23810171	0.00284982414328896
23811530	0.00240078974881387
23815011	0.00102616493352681
23815681	0.000841287940833314
23817631	0.00620558928715436
23821700	0.000970804839366719
23822670	0.00397731902013533
23825440	0.000732502749325893
23826110	0.00254008871124736
23827681	0.000835437617117345
23829010	0.00271966101570725
23829040	0.00100548260145069
23829450	0.000810439994996357
23829830	0.034249160516095
23830520	0.00464963674959183
23830930	0.00274131836402796
23830981	0.000749684160641424
23832641	0.0267493712851861
23833891	0.00751879132580902
23835001	0.0553562077403161
23835620	0.000781588121983998
23836480	0.00165240310052685
23836911	0.000820372118169812
23841491	0.00208848826332644
23841830	0.00216786943263208
23842120	0.00382294774578917
23843250	0.000806685808087724
23845180	0.00412223813849438
23845290	0.00570564187747798
23846800	0.00359247596899153
23847760	0.00126741900733648
23849850	0.00198937234334003
23850000	0.000742682851274706
23851421	0.00296113260984892
23853440	0.00894878249312506
23854950	0.00072928566524651
23856330	0.000856739328357373
23858250	0.000839892686222601
23859770	0.00410888034219159
23860350	0.00194880639648315
23861611	0.000824806552206461
23862940	0.00304558529298343
23863961	0.00125480438292488
23864760	0.0105148754049852
23869720	0.0107125542057275
23871831	0.000782447704021498
23872381	0.000822035929434496
23875070	0.00232959208080807
23875691	0.00184551457489806
23876771	0.00100718184694282
23877201	0.33961089502205
23877700	0.00134897566289261
23880101	0.00077066828825215
23880580	0.00218231119089058
23882451	0.00669047557320987
23886940	0.00309457755667008
23888521	0.00415099044582876
23889000	0.00405949599328741
23889471	0.00112143464742029
23889710	0.000981690154756374
23892511	0.0640441120706382
23894410	0.00112001370665263
23894970	0.00198146690054843
23896060	0.00300625438195914
23896900	0.00274738985305492
23897160	0.00155174103950395
23897170	0.00398067629746649
23898270	0.00187763446869687
23898530	0.000820667109227805
23899261	0.00257060700648048
23899941	0.0027503220257743
23900480	0.00137409206817877
23900880	0.00233833068058065
23901410	0.00106185703053485
23903500	0.00948708338381499
23903650	0.00214415840413809
23904241	0.00155987525672659
23904351	0.00550665404480791
23904720	0.00105109253889741
23906301	0.00171365391529085
23908590	0.000873949628221493
23908651	0.00116822400001989
23909430	0.000869192518201949
23910000	0.00246878201544864
23913731	0.00553591706852053
23915370	0.000797307444257772
23916361	0.0351662635243694
23916491	0.00110604236602943
23917181	0.00778156467339121
23918151	0.00198508521299682
23921830	0.00150220627513635
23924091	0.00255547931876221
23925170	0.00126938254811224
23925591	0.000748921048066987
23926380	0.0020312733822572
23927640	0.000760143384481296
23928101	0.000894757537460416
23928221	0.0223676028415929
23930650	0.000782233804604263
23933041	0.000904296073577946
23934780	0.00279196752448402
23935100	0.00479681341944051
23936491	0.000879116505314954
23938851	0.119494618288822
23939080	0.00092902400158911
23940631	0.000739512800026276
23940740	0.000742462854900099
23940750	0.00258913420069923
23941270	0.0688145016811918
23941451	0.019304014943162
23943391	0.000847708678727453
23944371	0.00903844450141672
23944470	0.153459810104268
23944641	0.000886049904267699
23945400	0.000804547075290558
23946660	0.00194712122782977
23947121	0.0127952301709934
23947910	0.0185134495716919
23948911	0.000809141153041879
23949170	0.00143500452721748
23949840	0.00421340907692136
23950520	0.00160245054436898
23950561	0.00199763083403539
23951790	0.00259402302132734
23955210	0.000873244663565723
23955391	0.0111762109904021
23956211	0.236024100982593
23956880	0.0015141326683396
23957720	0.00470277640723503
23957891	0.00247102411072876
23958110	0.003435144115029
23958141	0.00380800200951977
23958431	0.0133630311478684
23959470	0.000787402960253232
23959681	0.00113755041581251
23959801	0.00132647919207242
23961840	0.00105508578513039
23962110	0.000821633393914206
23963220	0.00160337415788173
23963650	0.000862831980389234
23963821	0.000948302997519795
23964641	0.000894618328329121
23964860	0.00293680815980188
23964870	0.000764877298519112
23966141	0.000897619072668039
23967111	0.000790885819792373
23967780	0.00286410992228677
23968870	0.00200704560130786
23969331	0.00190999432653671
23971090	0.0224586076319861
23972180	0.00207800815834652
23973171	0.000851449725957093
23973550	0.00162472325155803
23973680	0.0012708410470683
23974151	0.00151592225865248
23974841	0.000818167830066482
23975381	0.0031669961799676
23977331	0.0104303146225321
23979210	0.00147385688826276
23979220	0.0214846727393912
23979620	0.00103830160943578
23980030	0.0935469447036092
23980450	0.00346180939723815
23982250	0.000834937262486936
23984231	0.00281360260499445
23984911	0.000817795876562118
23985000	0.00835174357541352
23986711	0.000770996348540092
23987370	0.00205248910530926
23988631	0.00084988206971735
23988781	0.000997114520532821
23989690	0.0015140093214487
23990520	0.00880702418537836
23990790	0.000863798616320637
23990800	0.00106773872778924
23990810	0.00177164565932617
23992050	0.000809258417870147
23993420	0.0049387989112233
23993950	0.000807974249527993
23994971	0.000804746728986086
23995391	0.00125196643443436
23999210	0.00072928566524651
23999490	0.00613294336927236
24003811	0.000735642772885472
24003890	0.000982909328918522
24003920	0.0830489710686666
24005031	0.000735642772885472
24005041	0.00177461389721794
24005840	0.00280034569021275
24006100	0.0110991020983253
24006120	0.00911544291937554
24006291	0.00485935769303247
24006551	0.000750560170658254
24008190	0.00141720043831622
24008221	0.00136943660782751
24008751	0.000748606951317773
24008761	0.00150905483665792
24009871	0.000877550669891913
24010790	0.0010690926538918
24010851	0.00286391834111522
24011070	0.00487062550409534
24011910	0.00621881895094935
24013570	0.000737730618752873
24013581	0.00161610841927143
24013690	0.000883068346564464
24014500	0.00193036837698776
24015931	0.00778479712476747
24016190	0.00949792488525609
24016450	0.00136939911081792
24018390	0.000818167830066482
24019760	0.0198366510678703
24020891	0.00106990986139152
24021680	0.00203460288482049
24022790	0.000916100851824128
24022971	0.000790799088640935
24022981	0.00156521929928994
24024040	0.0011156978209241
24025530	0.00342320284637309
24025601	0.00100067687787287
24026650	0.00993541485666409
24027391	0.00151372447039371
24027470	0.000848307219902203
24028061	0.0107518293055283
24029820	0.00114329494955122
24032481	0.0020332850856206
24032491	0.000755115702183162
24032901	0.000780373344832298
24033120	0.00377876247544723
24035090	0.0492258493965926
24035320	0.00157382473833476
24040501	0.000790897522666385
24040911	0.000869561423575414
24041161	0.000754401364842865
24041810	0.000920088218735282
24042681	0.00118016199856628
24047261	0.000824754594971644
24050640	0.0019547999917412
24052771	0.00209929392122822
24054920	0.000890519236229655
24055371	0.000790908686170665
24055490	0.00306222484952281
24055620	0.00115270414062273
24059350	0.000800421559962222
24062401	0.000755449185908342
24064290	0.000843001193060814
24065260	0.000945309186868636
24065311	0.000809194966153437
24065451	0.0671769979841805
24066100	0.00906614334360462
24067870	0.000836772703460265
24068361	0.000925720147645321
24069441	0.00197964540199497
24071381	0.0314277533365919
24071910	0.000742682851274706
24072351	0.00142937579352651
24072361	0.00803619236943383
24073120	0.000733257623635526
24073451	0.000739297255556459
24073731	0.00200027445481379
24074530	0.0214625724749236
24076170	0.000922406547638408
24076320	0.000864921979028297
24076891	0.00250623975347909
24078350	0.0381376113493527
24078490	0.002645278635826
24078961	0.00214435257600137
24081280	0.000871888093124336
24082401	0.00230294830230122
24082530	0.00784060205747487
24082971	0.0109022653781343
24083111	0.000743751542448764
24083371	0.00182068148071096
24083910	0.00251638592351218
24084221	0.000756564881351644
24084460	0.00086324315077612
24085010	0.00432200241432286
24085571	0.0010124517260984
24085861	0.000825352069911381
24086670	0.00248246101447578
24087610	0.00364715068573541
24088471	0.0057654636168396
24088860	0.00104602603133365
24090670	0.00817480711611677
24091490	0.000860049184849026
24091770	0.000819689511677267
24095770	0.00271439506986774
24095890	0.000810307723979068
24096170	0.000815107702091957
24096720	0.0107190422722829
24096751	0.00913078258393336
24098910	0.00078164326461933
24100030	0.00123530965028341
24100170	0.00153697802391975
24100211	0.00624768441792493
24100600	0.000832902197190012
24100850	0.00761573691202285
24101540	0.0304761878910933
24101721	0.00363999747545184
24102681	0.00144095511308808
24103210	0.000751861030593583
24103320	0.000903880072345926
24103641	0.00128015704379587
24103890	0.0148638343975205
24106401	0.0285382000314948
24106630	0.00116591003078025
24107180	0.00109651618652716
24108430	0.00236321548171864
24110230	0.00629417253255121
24110650	0.0123774260275125
24110780	0.000812179325078067
24110790	0.00198994897102913
24112170	0.0128502355000997
24112191	0.000861068111678967
24112690	0.00276903857864265
24113171	0.00270423685195817
24113981	0.000853671561002849
24114250	0.00239665111809496
24115391	0.000994766203218641
24115460	0.00119596167627925
24116000	0.00182112923783788
24116460	0.0382916438609748
24117431	0.000883200512932316
24119101	0.000948712503235461
24120720	0.0453961937501097
24121041	0.00322225946643062
24121120	0.0035131439110282
24121800	0.00287298611718702
24122210	0.00167097667218927
24122500	0.000821155470448623
24124570	0.000735642772885472
24124611	0.00214639575371219
24125830	0.00225823908453499
24126531	0.000736768291124367
24130141	0.0294394100019751
24130691	0.0015748774736853
24131921	0.00153089650143913
24132010	0.0632517221118346
24134520	0.000934984535646341
24138541	0.00102983225621172
24139900	0.00873256820258534
24139921	0.000936294273174007
24140420	0.000756115889223991
24141701	0.000818498848961852
24142940	0.00738732126447519
24143740	0.00180735170018576
24145301	0.0147239507189128
24146421	0.00516687731367961
24146490	0.000931201824072612
24146691	0.000812416606361053
24147771	0.0805194045147294
24150131	0.00077173249899528
24152071	0.000824822112157829
24152351	0.00281113729805793
24154630	0.0142379044707982
24157571	0.00831325736260452
24157851	0.00126760260314712
24162090	0.00153767549109293
24163860	0.000827050576424641
24166480	0.0070177326866744
24166910	0.046066836760524
24167060	0.000820766776357466
24167310	0.000995492061186593
24167590	0.000779611596253688
24171091	0.00695268871633023
24171200	0.0143392460619556
24171210	0.00539590781883667
24171241	0.000833480613971262
24172410	0.00178610971404409
24173161	0.0012180753951062
24173390	0.000762325043955425
24173930	0.000735745580501486
24173981	0.00076168024822985
24174500	0.000757258104807426
24174520	0.000842167767545159
24175101	0.0237575295531442
24176130	0.00355186252860297
24177260	0.00117149170253929
24177800	0.00188593489874607
24178801	0.00130627390271436
24178920	0.000968485754089524
24179241	0.000882287179665294
24179651	0.00151480297105925
24181130	0.00317560134832327
24181250	0.000864430130352593
24181270	0.00107415392282537
24181981	0.00089771444856672
24182401	0.0103406086743764
24185291	0.00107712195397332
24185701	0.00075858444267601
24186961	0.000900392573992648
24189240	0.00981786841278441
24192300	0.0178161826130815
24192680	0.00172667954539782
24193400	0.000800768955770716
24194340	0.00108295108436881
24194760	0.000837430526313097
24195470	0.000890950888258971
24195631	0.0141334305404708
24198070	0.00201279699267501
24199030	0.00465872756480004
24200990	0.0106719329865802
24202780	0.00500728087051559
24203091	0.00112659449807838
24203511	0.0144299028960402
24204550	0.00128818414563452
24204960	0.00144461451541419
24205011	0.00120506195814284
24206900	0.00277555715530089
24207610	0.0054096346155912
24207931	0.000787146403818417
24209100	0.000759051157880295
24209120	0.00205365704281867
24213441	0.000875541168918906
24214760	0.000792196057530098
24215091	0.00203681412301193
24215761	0.0144581453012933
24217031	0.00100342712461179
24219300	0.000817437469763889
24219491	0.00206348938313802
24219720	0.00273863464422697
24220430	0.00222299374263596
24222200	0.00112123925055397
24222391	0.00129595413111076
24222790	0.013498736947175
24222801	0.000736264951139303
24223320	0.000840621208077624
24224270	0.000810704579474275
24224731	0.00133452383584824
24225141	0.0158375534448295
24228150	0.585000166511294
24228170	0.000751446786588534
24229571	0.000735642772885472
24230661	0.026610155088992
24231091	0.0157665232281989
24232400	0.000821316626261423
24232451	0.0328774161328857
24234961	0.438748512274701
24236540	0.0184084897848909
24238620	0.00246673507851572
24239901	0.005743176398025
24240720	0.000784704502761709
24243160	0.00211388548799804
24243720	0.000810939752389591
24244020	0.0808043619793729
24245400	0.00196298577121735
24247330	0.00391359406694538
24247491	0.000985037259556548
24247870	0.000746488347418145
24247901	0.00105665244082007
24250241	0.0120156438644807
24251361	0.000743382134161891
24251621	0.00334115001375157
24251911	0.0009054207027226
24252300	0.0020961043582748
24253851	0.0674671567930034
24254750	0.0024405015001467
24254791	0.00361367778125587
24255850	0.00262118465064585
24256260	0.00595077515536685
24256591	0.0263590188569891
24256710	0.00196669362715314
24258101	0.00165791983259137
24259580	0.00283672451365533
24259901	0.00112481873011044
24260300	0.00337798493438373
24261301	0.00589165754515278
24263320	0.0143605509980106
24263580	0.0074998909991629
24263590	0.0283472433264909
24263720	0.00385075128410742
24265161	0.00840167090567996
24265920	0.0030836850114906
24266121	0.00166813611315606
24267511	0.000885270282983821
24268120	0.000977724375630733
24270821	0.00079729528805846
24270890	0.00210308082105469
24272120	0.000787402960253232
24272550	0.00284859399015441
24273301	0.001356064560747
24273540	0.00087263622798206
24273831	0.00614475650997993
24274931	0.00488762060073761
24275300	0.00126687899827656
24277120	0.00132145528675242
24278230	0.00218368514116436
24278620	0.00173347754367761
24283860	0.00156184096027581
24284451	0.00164355963530139
24286391	0.00185448361717577
24286510	0.0327107038989826
24288540	0.00158528804946481
24289291	0.00933938249408574
24289301	0.000935191252486227
24289431	0.00943494364076452
24291361	0.00597847284027159
24298080	0.00269901652615759
24302210	0.000738031857039311
24302630	0.0481092114727541
24302890	0.00204770107100075
24303081	0.0021962273923351
24303491	0.000850958063727875
24309701	0.00173759627805732
24316680	0.00398801871654059
24325240	0.00210489948948663
24327290	0.00276051192419242
24327621	0.00130546454669184
24335501	0.0017613677721697
24337390	0.00340278044425583
24344290	0.00172983318627412
24346460	0.00185698411308826
24351450	0.000735634499453747
24352560	0.00078497787996896
24353401	0.000838779898030968
24357770	0.00267182593342061
24362360	0.00166147355149688
24362630	0.00155645106048911
24375590	0.137946161879331
24377100	0.00191265151271087
24379491	0.0010536195796627
24381390	0.00267965267144679
24383140	0.00134244720215685
24383881	0.00074190524687955
24384810	0.000752392358914822
24389541	0.00946098384012246
24391710	0.158057603231647
24392420	0.000872830759877365
24394770	0.0035122834889244
24395450	0.0122278738420255
24395710	0.00105031988892113
24399881	0.00164659090545848
24406781	0.00287272831116602
24408130	0.00209414585893576
24409900	0.0111732547006585
24411061	0.000830300380504996
24412851	0.00145822895572715
24412861	0.00336213327211607
24419331	0.00270681460824207
24424140	0.0125364384005764
24424581	0.00094022535800456
24426661	0.0248161051020546
24434330	0.000845120660673368
24442030	0.000818905935436245
24444581	0.010818529257766
24450860	0.00468404501991074
24460270	0.0185706199170543
24460660	0.0145389410671673
24465900	0.00166016122738543
24472301	0.00315024387287129
24474350	0.00085777782543759
24475010	0.125845320796924
24476810	0.000804004494991493
24478870	0.00201308632121175
24484110	0.0073059964109728
24487280	0.00333357381363913
24487471	0.000810207036660613
24493360	0.00235367289760159
24498450	0.01152572996971
24499751	0.00183368471156004
24502320	0.00729979519890837
24507321	0.0053717918240034
24508120	0.00083735954884889
24508701	0.00558183770394538
24522641	0.000956672132152793
24523440	0.00101326350450449
24537230	0.00185708734694868
24550091	0.000820289739725553
24553230	0.00354210305924385
24560991	0.0476704905740553
24561340	0.000820620939947913
24565261	0.133393892057098
24566470	0.000793374639634778
24571000	0.00508537704931674
24571700	0.00340998713383241
24573340	0.00388954888575169
24575311	0.00212713167650175
24576650	0.000782589763116252
24576680	0.00099992053886771
24577510	0.00867840029194766
24580831	0.00411562553933248
24586160	0.00134568723623271
24588151	0.000783043035947182
24589500	0.11679254957406
24590091	0.00317659001153028
24590470	0.00102474551963081
24593910	0.0007574376391563
24594990	0.00170962522240785
24597360	0.00256808567727154
24597460	0.0010588317679126
24604701	0.0167497108984205
24610180	0.000793876078728802
24610641	0.00208512451219099
24614901	0.000824514118194515
24617241	0.00382546538277597
24618201	0.00128019966638606
24620961	0.0118126710038863
24626501	0.0019778392928643
24626730	0.012283122245195
24632400	0.00206449459602191
24634300	0.00370028576290214
24639000	0.00308964997439504
24640080	0.00258975871431949
24652131	0.00260010126224222
24653870	0.0564151408929212
24655670	0.00561075051854817
24660490	0.00206417687065131
24665360	0.000855503665928306
24671810	0.00184022990755217
24674761	0.00201664314311777
24675301	0.000734872534177992
24681931	0.0024662267849407
24684800	0.0141402299262566
24686631	0.000837912223301915
24691800	0.000978393569568169
24691820	0.0609957698300677
24693910	0.00157806538995557
24695390	0.000788535951110497
24701770	0.00275083239346959
24706621	0.000813002047144316
24713101	0.00247938206096171
24718000	0.0721840687215886
24721470	0.000759908201288268
24723380	0.0053156650332968
24724131	0.000783018225257408
24731790	0.015057120166336
24732370	0.158738545857831
24732790	0.0300792311998559
24742140	0.0116279526530998
24744660	0.000807577642690912
24751940	0.00712238959663612
24756961	0.0261989766431279
24760780	0.00201075585657054
24767140	0.00230964373385653
24767820	0.00161403837651372
24768391	0.000742605573219802
24770570	0.00673453062132714
24771370	0.00210631965879509
24771380	0.00278264153795481
24773900	0.00076452345999229
24777070	0.00444990864686623
24781491	0.00786968504941236
24791380	0.0029276078642473
24801440	0.139228615626174
24806820	0.00276886412024429
24811431	0.00344911268058743
24814830	0.00332748061884942
24815240	0.0182229157448689
24819021	0.00229028542778146
24821740	0.00869608672834731
24828941	0.000780139501095433
24833361	0.000732587986569594
24833450	0.000997125771161023
24837570	0.00179044018552541
24838830	0.00255410787112154
24840791	0.000816605763188236
24852101	0.00342897762524707
24860531	0.00233888130664874
24864470	0.0127774197839604
24868510	0.00210490042486765
24870130	0.00306532232820806
24874041	0.0104771538346581
24878980	0.00111629033314353
24879100	0.000735642772885472
24880600	0.00449677636252169
24880760	0.00200298148929663
24881710	0.00301429212749412
24882020	0.0166202020743933
24889740	0.00930757930507604
24891131	0.000810495035100585
24895711	0.000839270805640147
24900080	0.00199970095269533
24902441	0.000921542100659097
24902560	0.000859077345285065
24906741	0.00144214973906133
24907670	0.00713020062550125
24913720	0.003254744905728
24915670	0.00412218004300792
24916740	0.00545173044715234
24917880	0.000822423510097523
24921180	0.00299673220721004
24922570	0.00144326783266587
24924640	0.00327575768019205
24930250	0.0192568887881801
24931831	0.000771691194949032
24937440	0.0020537901767611
24939910	0.000816071564104704
24940620	0.0185035710384514
24941621	0.00471611247631511
24941901	0.00084936844576283
24942430	0.014419397521724
24945071	0.00271404968578082
24945600	0.00077993929952457
24947281	0.00202291001262862
24947350	0.00413639323900975
24950130	0.0106573222519022
24952231	0.000954115872973916
24952760	0.000734179601702534
24954161	0.00188491970924506
24958601	0.00397561953248619
24958711	0.00144074526488779
24963800	0.00403463126544066
24968330	0.00142194472146131
24970721	0.000782755891001238
24970991	0.0143914076033537
24971100	0.00814463618003903
24971681	0.000794090970777767
24978021	0.00338989670625991
24978451	0.00142384274347077
24980521	0.00294522658672325
24980900	0.00335976252299328
24985061	0.00125730162556664
24987920	0.00222674755990315
24990680	0.00393869214197072
24994861	0.00365549471016767
25001351	0.146771793215908
25003691	0.00788310464643002
25006420	0.0215243898337766
25008231	0.00204108505304597
25010560	0.0590608835880788
25012320	0.00149308794084924
25014960	0.00195980101666619
25017481	0.000831836967530212
25020210	0.0376970644564906
25021410	0.00243088590983057
25025590	0.00348108480440006
25030151	0.00205682610408249
25030830	0.0041057526616916
25036101	0.00275146091756433
25043541	0.00347685208190889
25048050	0.000963421243930147
25049040	0.00247554820314948
25054561	0.00137642878723659
25054701	0.000849764572383888
25057020	0.000908844162532663
25058421	0.0018076447772668
25067261	0.000965266867723418
25068450	0.0118912047755021
25070301	0.00248701770595163
25072771	0.00829459239363492
25077201	0.00109691308763377
25077300	0.000912308877605774
25078940	0.00192489581999408
25079111	0.00357353679180284
25079490	0.00393412998157135
25084600	0.00196479049276064
25086960	0.0807945337931811
25091811	0.00145977766770618
25093680	0.00266649335363587
25097321	0.000736264951139303
25100101	0.00324418135390323
25102691	0.00289302478504371
25104590	0.102789957529001
25113130	0.0019976281537213
25113181	0.00700501615641671
25118390	0.000799065649486163
25124030	0.00363664600156129
25124040	0.0121801911074637
25130281	0.00345050646363398
25140610	0.00312718049065063
25154650	0.00145808409017558
25155200	0.0022957870348085
25160290	0.00423915281862071
25161820	0.00590985605378327
25162110	0.00197781639461373
25166380	0.00611647385363821
25167080	0.000736145687838099
25169041	0.00399049701724252
25170250	0.00261631910712922
25171521	0.011289565246184
25173960	0.0606711379878435
25174971	0.00958191587363493
25176840	0.00283631630674618
25187900	0.0065470388381557
25198950	0.00103553889963346
25211521	0.0577006569064779
25213311	0.000996361228961879
25222500	0.00448349351610456
25224450	0.00859132881938015
25228300	0.00232456816976416
25231870	0.00111430887291444
25245571	0.00813868752974676
25260430	0.00973904449868033
25265800	0.00241554197069292
25274421	0.0010201157273856
25291070	0.00782954457869289
25299490	0.0016160507992172
25301930	0.000816720840729564
25304211	0.0181546716299611
25308010	0.00306370469785341
25311781	0.00072928566524651
25318790	0.000761368563132916
25332410	0.054286998423726
25339791	0.00230725582312995
25344160	0.00488623934293404
25348420	0.00155174600202014
25356700	0.000754191889801628
25363860	0.00360281027239319
25380970	0.000763219718340853
25383990	0.00297065412825224
25386121	0.00288238262490497
25402490	0.00159344645199908
25405090	0.00283218191378724
25408321	0.00842467369692693
25413281	0.00645150995770543
25418811	0.00468935633528941
25425400	0.000961366015629467
25435050	0.00257391082902292
25441640	0.00184194510614889
25443091	0.00162670608618333
25444570	0.0198219192959152
25448321	0.00409756257464566
25455761	0.000735642772885472
25457561	0.000758320463679646
25459300	0.00134996869214664
25461281	0.00179952051690903
25467170	0.000779794630384137
25471901	0.00129374753604796
25473120	0.0113988555231643
25473220	0.000817990351355721
25478750	0.0238160863603732
25482371	0.000839020011537798
25485540	0.0268933177415461
25494050	0.00785456956696732
25502220	0.00290928438292367
25511020	0.0974378097595472
25511850	0.00216560152821787
25512970	0.00111128963222364
25516861	0.103575319814909
25525920	0.00275209451133621
25530600	0.000749830337470902
25534241	0.00233667196698939
25536150	0.00121498225398534
25538251	0.00101792767378389
25542620	0.000814825234369202
25553390	0.0192293334237945
25555560	0.000899071710361289
25557210	0.000805443334826766
25559460	0.00177992570991506
25562781	0.0199119749361024
25563621	0.00154638546128178
25564171	0.000782866940408528
25564581	0.00607677238759647
25566050	0.000813948597444471
25566381	0.00776281879111008
25570801	0.00127842036996012
25571071	0.00175026454205412
25571211	0.000748370558519227
25572871	0.000805741581383535
25573080	0.00438716942943123
25581401	0.00570504282646969
25582511	0.0075516720569114
25583000	0.0101767240316408
25588181	0.019699981706897
25588250	0.0621902521557434
25596140	0.000776706775132472
25596680	0.0021109936391529
25597271	0.00080172338432046
25597360	0.00078561242106454
25600540	0.00730017774085555
25601100	0.00330877649912211
25609821	0.000749130468850345
25613220	0.00351532793220487
25615830	0.0517389395367204
25618740	0.000764499983648068
25625141	0.00446102394527905
25635010	0.00107896117950607
25640431	0.00168685268617916
25642760	0.000908604912713411
25646511	0.00164152342074516
25649750	0.0010518776974474
25649941	0.00170920651727881
25652670	0.000906178419292635
25656270	0.0286704566589656
25657060	0.00149450559263238
25658771	0.000824886409338225
25662860	0.0055671825604901
25664650	0.00521795645387154
25664950	0.000907722549081413
25665760	0.000754914867079438
25669541	0.0197292322816327
25674371	0.00102099074429606
25675280	0.0188832502036718
25675341	0.00342461383229958
25675410	0.00101457966563255
25675980	0.00964290689377848
25676920	0.00072928566524651
25679550	0.0231483614188295
25679891	0.0167657702795731
25681350	0.022719349112777
25682081	0.00289430296907525
25682631	0.00301365040671341
25682921	0.000792984308721774
25683731	0.00399175739160897
25687960	0.00566414740494848
25688920	0.00224772231661272
25689521	0.00124814678416473
25690480	0.00201502285538684
25690781	0.0185779396344993
25698990	0.00210124109718241
25700960	0.0123788260881975
25701060	0.0030555175535162
25703751	0.00132148634216407
25704161	0.00788777358561028
25705340	0.0189332451211311
25705760	0.00962868430336053
25706020	0.000966729832561134
25706850	0.00164615359609488
25707430	0.000901386795135829
25708141	0.000880146413681968
25708230	0.00377514748035182
25710570	0.000745168418748928
25713941	0.017289027094133
25714221	0.0466711363365842
25714501	0.00118352907475612
25718310	0.000760908619285414
25719840	0.00722010913934876
25721401	0.0007483116698246
25724390	0.00276035024284557
25725370	0.00351073644269703
25727270	0.000755932560624909
25727960	0.00327666412867866
25729480	0.00122456423784385
25729890	0.00602532244645788
25729900	0.000944812569158078
25730710	0.00181579676797827
25731321	0.00147173048097357
25734720	0.000762348593519077
25736961	0.00600114347390957
25738750	0.0124559715141499
25741681	0.0134985630851535
25742860	0.0026694440090904
25742980	0.000837826326954546
25744831	0.00187245352447697
25745780	0.0015677989861578
25746040	0.00816908415446177
25746740	0.00172167940145537
25747000	0.00429164345413362
25747540	0.00088504901756484
25747990	0.000738887879217954
25750750	0.00590513058067108
25751960	0.000742794995834713
25752291	0.00246514101362068
25752370	0.000895945774220559
25754290	0.00102956969433716
25754590	0.00580122350974484
25754921	0.00476196093297788
25755331	0.000833326874412018
25756090	0.0011605978202164
25756930	0.00512913516163886
25757251	0.00353422099041036
25758060	0.00272168739793159
25759160	0.000742419082665122
25759960	0.0110037979584669
25760571	0.000794090970777767
25761080	0.0102983899201449
25762040	0.000839347076177161
25762450	0.00558742306456842
25762470	0.00106204067580141
25763550	0.00102971988068204
25766570	0.00173674974740433
25768530	0.000960833255479205
25768851	0.000834638039748304
25768910	0.0672748583137667
25771400	0.000736264951139303
25772161	0.000794969079363169
25773900	0.00145079457332882
25774720	0.000798893539003293
25774751	0.000886273857442137
25774911	0.000831974253319924
25775980	0.00282526827326177
25777511	0.00243937375141924
25777941	0.173345851319607
25780080	0.000819391882617642
25782470	0.0244737874871066
25782570	0.0248021209427468
25783191	0.00212226724359492
25783420	0.00329444775026512
25784141	0.000907745039268977
25784510	0.0170725240224519
25785951	0.0205303672185348
25786740	0.00272812450931478
25787721	0.000791775645762138
25788500	0.00277024984059803
25790030	0.00544214054598943
25791410	0.00124122495190068
25792080	0.00578638926761615
25794221	0.00175452548643754
25794980	0.0195832380383178
25795010	0.000821993292786409
25799950	0.00260757905966027
25802170	0.00088373947927407
25802631	0.000823365249319506
25803430	0.00110736771559134
25803840	0.00104461123914248
25804100	0.000812812471687398
25805360	0.00105548586717707
25805910	0.0900996474406365
25806720	0.00163662146829929
25807000	0.00220611158876522
25807430	0.000832520911918068
25807830	0.00880909205009258
25808001	0.0143695113456213
25808940	0.00525880782731126
25811120	0.00754246774956105
25811840	0.00162771382155592
25813330	0.0127671427913561
25813340	0.00184892385998819
25814901	0.00540646586345954
25815120	0.0170884162718355
25815181	0.00134860305956906
25818560	0.000735642772885472
25819161	0.000816296040936311
25821080	0.00191034486676728
25821101	0.00120324958942353
25821210	0.00102346566601947
25822570	0.00768227485305054
25827390	0.00183958919668312
25828131	0.000755614682525679
25829610	0.000828576924352969
25829740	0.000842386836726294
25830191	0.00078275753865137
25831140	0.00302403064111303
25833801	0.000745958989990331
25834710	0.0028400917565231
25834870	0.00351283949206047
25837101	0.00275894413880781
25838590	0.00183863362808382
25838761	0.00075137855106847
25839810	0.00129107792634551
25843041	0.000980491648871863
25844350	0.000744259996753192
25845050	0.0127628082261695
25845511	0.000787761728123006
25848110	0.00530282629767751
25848490	0.00192554073176687
25850570	0.000927331129803353
25851950	0.0047112150919069
25853101	0.000735642772885472
25856821	0.00197575820345985
25860080	0.00182245343583152
25862170	0.00875293546058089
25862320	0.000773485269494766
25864261	0.000737730618752873
25864401	0.073871150363397
25865330	0.0261568973541961
25866621	0.00135063482424985
25866850	0.000957186070820776
25869511	0.000764417262309012
25869890	0.00111082629151085
25871970	0.00602064370720919
25872760	0.00169176384359733
25875130	0.00394467439141778
25875550	0.0147585879226434
25875571	0.00152889586979498
25876561	0.00077066828825215
25876800	0.00394125347317198
25877911	0.00291927587432327
25878741	0.0035369318961377
25882201	0.0027295430879436
25882550	0.00084829309742594
25882901	0.0007729660219153
25883380	0.0106076936466832
25883670	0.000803933540387787
25883800	0.000789777857818029
25884121	0.000812328189990644
25884380	0.000862901540060457
25885521	0.00114065041564102
25886730	0.0267405309032959
25888070	0.000824442470922687
25888141	0.00203127374144152
25888360	0.000912251978720403
25888500	0.00398257156942501
25891181	0.000735642772885472
25891670	0.00077066828825215
25891790	0.00472536716935345
25893180	0.000844603758061724
25893190	0.000843417635255489
25893890	0.000746045791892382
25894320	0.00378623416983887
25895680	0.000842524615253901
25895820	0.00873424658086796
25896070	0.00074988113230133
25897180	0.00311742356416603
25898040	0.000747647408313714
25899520	0.00204249127498591
25900780	0.000774263174451373
25901740	0.00420547140290882
25902010	0.000737730618752873
25902611	0.000743751542448764
25903291	0.122584123824113
25903451	0.00208842441925908
25904240	0.000736701341134504
25905521	0.000980470896377307
25905631	0.000819259299039244
25907680	0.00122209976409675
25907810	0.000870098642915565
25907861	0.00539297846259168
25908360	0.000738792189129294
25909460	0.00101060208992884
25909490	0.000760689365175223
25909911	0.00444438793301862
25910690	0.000795479821574199
25912281	0.000930751878380449
25913890	0.00475808735003349
25914061	0.000926936122310257
25914270	0.00245208214575222
25916210	0.00158357914180836
25917310	0.00418278278445781
25917720	0.00298787725698459
25917890	0.0815028410994765
25918051	0.0011608370458312
25919100	0.00266105716816023
25919680	0.0145886144987026
25919861	0.00140531076606918
25922331	0.00318187440165939
25923240	0.0267979646044288
25923690	0.00334166904556199
25924490	0.000735642772885472
25924831	0.00493045879608429
25925200	0.000946699682821575
25926010	0.00128519864786125
25926980	0.0186628383023598
25927571	0.00290120372508729
25929781	0.00172507122069524
25930010	0.00605822652461961
25930040	0.00077173249899528
25930860	0.00140986754183067
25931031	0.00145905206705914
25931100	0.000741343967075839
25937221	0.000736264951139303
25938570	0.00346017169348833
25939800	0.00139996174909025
25939940	0.000845333096325532
25940551	0.0017146840401307
25942321	0.000796437110777843
25942690	0.0029122238581313
25942881	0.00311120634093538
25943171	0.00149488249074261
25944411	0.00116091971410522
25945221	0.00134380630697732
25946170	0.00308232761304064
25947950	0.0131193681677133
25948900	0.000744775106571541
25949060	0.00145079054597837
25949170	0.00118646834880572
25950621	0.00298777110949635
25951161	0.00104026781203791
25952790	0.0286463019649266
25953491	0.00145150363719408
25954280	0.000887877578645995
25954430	0.00151839893598708
25956001	0.00180424334620359
25956100	0.000843590633314797
25956681	0.0251054628199193
25957771	0.00478093339419193
25958830	0.00082356841393564
25959021	0.00393572568641408
25959920	0.000736264951139303
25964121	0.0202259594858242
25965030	0.00100112372577855
25965091	0.0260058812688546
25965351	0.0140516663110459
25965371	0.00241486934305475
25967841	0.00182880490824911
25968490	0.000824112628425443
25968531	0.00232655519932611
25969241	0.000857498174404696
25969310	0.000991371091074824
25969330	0.00104392385307012
25970181	0.00160881454155897
25970881	0.00143590747750497
25971270	0.000735642772885472
25971831	0.00131497217508355
25973610	0.000879800850360243
25974051	0.00191489056569009
25975120	0.00216704393275883
25975260	0.0042002845451435
25975291	0.00129478555650158
25975380	0.000762888569450306
25975790	0.0184213953000911
25976060	0.00100656434883173
25976541	0.00266433973859764
25976630	0.000783597254098377
25977850	0.00146428912133256
25978451	0.000736264951139303
25978570	0.077021231076005
25978580	0.00073995111362144
25978700	0.000762173170426
25979120	0.00085896000709127
25979680	0.00175197018218641
25981050	0.00101922883097075
25981651	0.00159291250748073
25982051	0.000743062575928713
25984521	0.000758320463679646
25985460	0.00412051122217534
25985511	0.000935343853386208
25985641	0.00436482040872414
25986990	0.00380035162953443
25988080	0.00346480212488628
25988610	0.000841668192855838
25989101	0.00214903020985363
25990471	0.00161995404925528
25990960	0.000767129939931131
25990970	0.00140915970335518
25991930	0.00140669497285478
25993221	0.00240519687237302
25994440	0.000835396508566951
25994451	0.00187358434514234
25997020	0.00088533202720521
25998300	0.000785032675771892
25998331	0.000826745568459625
25998540	0.00079664334204619
25998840	0.0051418697351819
25998960	0.000960012505154889
26000610	0.000748921048066987
26003540	0.00635117422414333
26003561	0.00717936937256743
26006400	0.00470395263477693
26009570	0.001470297274179
26010461	0.00077001705997521
26011920	0.00072928566524651
26012620	0.00145571014389627
26012640	0.00102006394336519
26012661	0.000797160831176129
26013091	0.000746350422985854
26021621	0.00237204307720072
26028360	0.00615371465454548
26028931	0.00225955467118629
26031711	0.000804510131865305
26033730	0.0174921767238579
26039930	0.00306826682485371
26040521	0.0114860976050075
26044811	0.000789053782767182
26045710	0.025613085599205
26045720	0.0023455857906374
26048090	0.000742794995834713
26048880	0.00564399309512068
26049481	0.00138455501857117
26049631	0.00144268773175499
26050950	0.000765009193344843
26051110	0.00434884021880039
26057211	0.000735642772885472
26059250	0.00571174456199316
26060941	0.000735642772885472
26061020	0.00107703568856957
26062051	0.0024084881750924
26064391	0.00668739371625776
26065771	0.00170339325103714
26067530	0.00185259800434025
26067800	0.000965463415746191
26068080	0.00175913884821608
26068791	0.00291827194205389
26069840	0.000761050580489446
26070731	0.0122698741455577
26078861	0.00133479634172419
26079001	0.00681412510041958
26080480	0.516432774323971
26085150	0.0236787580144282
26086970	0.000767750667577472
26088231	0.0070889572828897
26088801	0.00138917951895692
26089600	0.0035968358829608
26090020	0.130421214155977
26090051	0.00103139862942687
26090680	0.00089918534660904
26090851	0.00100360144817999
26091100	0.000817016787446037
26095660	0.0523558986726842
26098800	0.00212449247821718
26101471	0.00153862109515218
26102171	0.0019262796657391
26106601	0.00222589998724711
26108371	0.00336402285608257
26108740	0.00234111307324807
26110530	0.000837912777221262
26110700	0.00270047197229514
26110940	0.000824819504419096
26118690	0.00855946788958807
26119520	0.0279321063758685
26124910	0.00235113235821706
26125471	0.00243487530976287
26127561	0.000830361034746734
26128241	0.000765353978468183
26129700	0.00110804574855202
26130270	0.00498772692932978
26130601	0.000831370796336337
26132210	0.00568519272812864
26145051	0.000742682851274706
26145710	0.00506076515476507
26147790	0.0782881096248212
26148050	0.000946361006771404
26148801	0.000753900770220234
26158420	0.0019275870637453
26161211	0.0253190242423413
26161310	0.00159674047340592
26166970	0.00248264459395787
26169430	0.00273697047492196
26172730	0.00144534124172946
26177300	0.00076093267201356
26179500	0.000963945282620631
26180180	0.0333340922626569
26182161	0.00221237835706569
26184921	0.00101651027764154
26185450	0.00648804989554984
26185690	0.00118442033756992
26185761	0.00119775620007608
26185850	0.000920154254028545
26186400	0.000842721516339675
26186680	0.00164847009968507
26187650	0.00140250785906074
26187780	0.00924941218234411
26189440	0.000749539685392388
26196760	0.00382397484174564
26202441	0.00166561362240069
26205570	0.00172119672267807
26209481	0.0203956546806572
26213840	0.00639753970544546
26217601	0.000880193843820085
26218100	0.00131671364384244
26220081	0.00223042187148687
26220641	0.000894120854490777
26222100	0.00610978493596002
26222800	0.0019275618638107
26223770	0.012240245641317
26225420	0.00456966968127504
26231370	0.00185096216321378
26232440	0.0142123136993083
26232501	0.00941802084772412
26234161	0.00436445199020709
26234550	0.00180968348686263
26234861	0.00298157362763923
26236900	0.00369966839979077
26237181	0.000769255556155352
26237321	0.000758320463679646
26237410	0.0210829904308225
26239271	0.00247023779897346
26241280	0.000916620606641154
26241700	0.00143604470071872
26242240	0.000851879861429753
26242421	0.00343581637543039
26243411	0.0358894381040477
26248081	0.000776169638999363
26249461	0.00719679365480467
26249960	0.00269337083109015
26251230	0.00326750011614637
26253061	0.00640622866919611
26254800	0.00528736846645573
26256211	0.000994095960604115
26256340	0.000794928126072018
26258000	0.00354468703731686
26258991	0.000776087564447336
26259111	0.00072928566524651
26260081	0.00344409302490388
26261611	0.00970599931519141
26266810	0.00123693207548701
26266960	0.0103174791087588
26269731	0.000742794995834713
26271620	0.000812179325078067
26271920	0.000953355041511044
26273170	0.00236659809423106
26275770	0.018165570582427
26277710	0.000788873021847288
26278011	0.00214756328753158
26278301	0.000847903889321954
26279790	0.00320883323165675
26281550	0.532203339839859
26282540	0.00509220410400581
26288720	0.00083822877066225
26289820	0.00100555170580553
26289990	0.000753794491155142
26290301	0.000967521992830241
26291671	0.000750080629251809
26291951	0.000810776283764422
26293171	0.440077422079423
26299190	0.00078209424528347
26301201	0.000993095014901913
26301420	0.00197552890133955
26310920	0.00333469884175704
26312231	0.00181661382834039
26313471	0.000820379898539865
26315801	0.00305476344383657
26316091	0.00902850800814744
26316190	0.00115699059188997
26320091	0.00469936200511029
26322431	0.000800756856424482
26324020	0.00381293533137182
26325670	0.000763830559130267
26326500	0.00476963985938654
26326670	0.000891145558703011
26326961	0.00077173249899528
26327101	0.00165292413727253
26333840	0.0117109751086614
26335900	0.00185741649511821
26338360	0.00276170571057226
26344840	0.00249169861776169
26344901	0.000780089767454611
26345181	0.0436757214769971
26345260	0.00249155061842072
26345311	0.00139825763888683
26345731	0.00154673823016801
26345820	0.000830792357821678
26346400	0.0127788076774781
26347880	0.0024623648637152
26352201	0.00273195514496195
26355740	0.000881076262693484
26356730	0.00992845586314593
26356990	0.000737204979233018
26357191	0.00146787263317757
26357700	0.000742682851274706
26358910	0.000827826586946283
26361000	0.00413549101730016
26361710	0.00166339004891021
26365840	0.00660522379768456
26377161	0.000741278305848288
26379320	0.00492690998320201
26379811	0.0239385101422208
26384440	0.00335895183301911
26385601	0.0711214420869901
26387500	0.0110029092722406
26388621	0.00284687962512458
26389191	0.00690499794703991
26389420	0.00306149332282601
26392501	0.0143378070421906
26392631	0.000772577341884569
26395091	0.00164347497134336
26395791	0.0467966308240164
26397150	0.00151490291928416
26399750	0.000961886355558079
26400590	0.0612004683228095
26400990	0.000815582912086269
26401010	0.000829814073716904
26403480	0.00626356562096436
26404290	0.00256883138504257
26405570	0.00111605697012003
26405711	0.0149238580089175
26408560	0.0466661040646206
26412010	0.00319723655853155
26412180	0.00276599222491152
26413010	0.00235047047651606
26413871	0.000822627124618447
26415880	0.00119248042855807
26422640	0.0061361653724614
26423791	0.000874070636570034
26424580	0.00288086461075285
26427910	0.015478394348417
26428201	0.00111730467102904
26429800	0.000727053854816401
26431900	0.00147844717517725
26433010	0.000967610587953962
26434271	0.000844416202299909
26434401	0.00784505241288941
26435770	0.00169613926944234
26435870	0.00607964663585467
26437280	0.00831695882564047
26437410	0.000743751542448764
26438500	0.0313673336468252
26439630	0.000955106486962815
26440010	0.000980236101024823
26440160	0.000804546500491557
26440320	0.0010946715936262
26440980	0.0025993437860556
26441041	0.003736777668896
26442110	0.000787931264504017
26442360	0.00323303267424883
26443361	0.00530835784699902
26443931	0.00077612933617399
26444881	0.00131340992023003
26445810	0.0893109055974606
26447460	0.000971658657665131
26447610	0.000951964362243918
26450001	0.00125103925375211
26450650	0.0498169188663988
26451080	0.00116287389936669
26451210	0.00186100095489063
26451320	0.0196224483815442
26454110	0.00229398620361542
26454951	0.00324018980702051
26455080	0.0032483056944666
26455200	0.00503593532600689
26455251	0.000750498016294427
26455801	0.000806184107138498
26455900	0.000885384211194097
26455931	0.00102750564395531
26457120	0.0239139165291879
26457140	0.00681292265225876
26457420	0.000793195758972266
26457540	0.00315521776465341
26457851	0.00568019811767254
26457930	0.00219530834257063
26458230	0.00369240533269745
26458401	0.000815527851385064
26459791	0.000794851982659567
26462671	0.000867831893005323
26462691	0.00164378194846734
26463200	0.0061356204311586
26463641	0.000984509276204555
26464570	0.00183969284209673
26464631	0.000872011262375503
26464700	0.0173239154445229
26467241	0.0161676517737693
26468331	0.0021628876935994
26469380	0.00143745249182791
26469660	0.00173974285164514
26470411	0.00101477256053326
26470421	0.00159943664372017
26471101	0.000894651811225549
26471221	0.000917568930393868
26472290	0.00194237178933824
26473161	0.000973791591447036
26473861	0.00887710159691508
26474660	0.000773172428266642
26474671	0.00831121611876999
26475190	0.041204993435987
26476481	0.000761050580489446
26477181	0.0016300816617799
26478520	0.000959804632050202
26479651	0.000745552481151014
26480840	0.000732502749325893
26481021	0.00112240333264246
26483040	0.00106380798725144
26483630	0.00297033188870414
26485130	0.00206251517310955
26485581	0.0477936782388471
26486360	0.00110119714412221
26486780	0.00087706732992813
26487480	0.00078748039074775
26488430	0.00112335655742331
26489400	0.000973427021557132
26489650	0.0340195361590732
26490391	0.000767618211436207
26490630	0.000977290426525993
26491070	0.00112269228165513
26492611	0.000875987315100146
26494370	0.0623617474680458
26495030	0.016425842545683
26495241	0.000814396259047745
26496690	0.000891244106331668
26498080	0.00104404432037876
26498650	0.00170111238131745
26499501	0.006310821612164
26500150	0.000743751542448764
26501530	0.00415296174838661
26502411	0.0269397871563161
26503040	0.000784673864523464
26503900	0.000764530781728391
26504481	0.00371583325241189
26504560	0.0345849628073904
26506480	0.00194894974538963
26507200	0.0154518511547958
26507631	0.00193377239190833
26508481	0.00409631098420826
26509171	0.000759696878933235
26509530	0.0202997335572644
26509690	0.00106689712496055
26510401	0.00377478473128057
26511781	0.000860084584037028
26512280	0.00222896547319857
26512730	0.00260342446203358
26514391	0.00486604599150264
26515081	0.00211683559090727
26515631	0.00150159253740931
26515720	0.00089641373717591
26516621	0.000936093903282853
26517011	0.00252752899892087
26518350	0.000862955239426249
26521000	0.00705207253640281
26521581	0.00238053390980526
26522640	0.0139114582973949
26522831	0.000892564784486599
26522900	0.00201290520581922
26522941	0.0092786010365029
26523381	0.000804055097221279
26525140	0.00228586129014027
26525721	0.00315154311554604
26528741	0.0209036168377962
26529281	0.0186379052112035
26529390	0.00398272709452025
26531340	0.0176182327191036
26533400	0.00159241783497747
26537950	0.00253945660501407
26539040	0.00282673234641396
26539631	0.00306370946173654
26543750	0.00290998246892271
26545021	0.00577495342487034
26548280	0.0105240449181013
26548580	0.00189655974603743
26548601	0.0112674504974889
26549960	0.0323113256912391
26550210	0.0330988770807327
26553841	0.0165559928188786
26559071	0.000860479514112669
26560280	0.0204096148271254
26561650	0.0018400188461186
26562770	0.00104794080196668
26563190	0.0026597435050262
26566890	0.00197872111012631
26569441	0.0333739696672634
26570401	0.000822387847688548
26574671	0.00227304066154115
26575231	0.00176946587355969
26578090	0.00217175085899889
26578401	0.0244065172181004
26579860	0.0800771741286517
26579880	0.00148216222586364
26580341	0.00384296369557299
26582391	0.156825555111314
26583730	0.0173007582788836
26585571	0.000835858644573247
26586271	0.0023269303607073
26588580	0.00388076377804531
26588970	0.0263355851483968
26590200	0.00844317442358669
26590360	0.00134847454435685
26593151	0.00088157653514542
26595570	0.00678904772369495
26596400	0.00633287355652296
26596980	0.0724979864127604
26600980	0.00122377333410979
26601120	0.000789650444659957
26601260	0.000894543279767169
26602521	0.000821231681596306
26604260	0.0023342878315606
26604300	0.000798984207739251
26605291	0.00185984750731678
26605530	0.000750844497841388
26605701	0.00766449887267421
26606370	0.00139704471156602
26607430	0.00100691215628529
26607730	0.00191842399186068
26609291	0.000735642772885472
26609411	0.00225383997360119
26609431	0.00464236200011455
26609780	0.000748446982177425
26610470	0.000980146513032518
26610880	0.000973409623816753
26611921	0.00258564561232487
26612280	0.000727053854816401
26615221	0.000763486580346713
26624010	0.00233248536388368
26625021	0.0246576315481548
26626391	0.00395707140268111
26629271	0.00463820843498238
26632810	0.00186121190202285
26633411	0.00216265863326448
26641161	0.00260944199543778
26641711	0.00174875141816154
26641770	0.00723598856987676
26641841	0.00350319385938909
26642251	0.00145010354515965
26642371	0.00465713911304475
26644290	0.000759036135260955
26646101	0.00159629263031784
26648471	0.00230960672475963
26649810	0.0416858755127763
26653021	0.000915533643281528
26653561	0.00291373473147497
26654060	0.00205109814839955
26654090	0.00394452390226402
26655570	0.000744256105337571
26655611	0.00160150535469498
26656400	0.00169475605958681
26657810	0.00207081289433558
26658490	0.000814188206661018
26662220	0.00317321796136041
26662750	0.000797115708354088
26662760	0.00146883860360166
26663061	0.000760537012807995
26665571	0.00220112826795307
26666060	0.000730335092490978
26666531	0.000760537012807995
26667180	0.00186902571201942
26667450	0.000965412740084613
26667710	0.000747192525584302
26668161	0.000911378732074747
26668871	0.00196329581817082
26670090	0.000742682851274706
26670740	0.00126682634300042
26671180	0.0212741695728468
26671211	0.0657922252761499
26671720	0.00342244637117391
26671740	0.00234658884095362
26672120	0.00090552291924552
26673100	0.0019105657430933
26675290	0.0535985588203448
26676020	0.00812853565388523
26678511	0.0837246705865704
26679840	0.0283639943892167
26680301	0.00246555502457921
26681291	0.000996717873095612
26684120	0.00164542428944572
26684301	0.00264639269358244
26686620	0.000727053854816401
26689510	0.00152514700201106
26689561	0.000812115374165594
26691190	0.000947319154338586
26691300	0.00466869550466758
26691570	0.00229495276813792
26692171	0.00164941909175301
26692810	0.00200072788593357
26692851	0.0396936308860793
26694531	0.000892423318396149
26694770	0.0104588321736233
26694880	0.00181209127539476
26696461	0.00193888684716045
26696581	0.000878662126492473
26696731	0.00139667916185796
26697670	0.0010595188851788
26698231	0.000741352304672371
26699761	0.00104921552126871
26700810	0.000745782046088308
26700871	0.000801577681191694
26704051	0.05685267566359
26704690	0.00161516482210679
26704711	0.000748825945199571
26707730	0.00125303140790324
26708000	0.000750567106201844
26709411	0.000914875872232176
26711020	0.000772054422130901
26712041	0.00365505587349746
26714590	0.000744125719663268
26715290	0.000823783899745203
26715460	0.00660371150505054
26716430	0.000817713158272556
26716830	0.0167844032265457
26717131	0.00242938057498847
26718870	0.00083620549809498
26720130	0.0942247303087029
26721001	0.00177391136837613
26721561	0.00166733848500756
26721940	0.00112311047824345
26722060	0.00136762124667168
26722080	0.00160459904407595
26724120	0.000755115702183162
26724311	0.000742794995834713
26725650	0.000793365836215204
26725841	0.00274670024796384
26726101	0.00129059039964068
26726791	0.000755087150341281
26727481	0.0574433116144586
26730371	0.000873654707263004
26731870	0.00123565123066979
26736991	0.00141171720503355
26737220	0.00112547292125023
26737770	0.00103359280976614
26738241	0.000753031920797609
26743730	0.00197004869270862
26743891	0.000824251407107767
26744321	0.000989774550591874
26744670	0.00196894709411526
26745630	0.000874597746813583
26746080	0.00138521318357924
26747160	0.0095441533447668
26747450	0.00146644583437585
26749370	0.00667446110873573
26750521	0.00570399201119734
26750791	0.000771253730244705
26751570	0.00724687523343803
26751741	0.00257731521206762
26752041	0.00150403625781996
26753001	0.00342916363703728
26753121	0.00117177778945525
26754050	0.00738947620251266
26755341	0.00589436715779806
26756550	0.000933950413001605
26756851	0.00252088672880281
26756970	0.000796676107192641
26758371	0.00200413178641875
26759850	0.00282651858371715
26760240	0.00359005810403417
26760260	0.00081075739311392
26760970	0.000818823927335097
26762081	0.00112311153717492
26762361	0.00150462434235812
26762501	0.0011975565541894
26762630	0.00196135066277195
26762791	0.00088603258156601
26763061	0.00140452756764687
26764660	0.000917620035302113
26765401	0.000820179906974543
26766081	0.00072928566524651
26766900	0.0590737270148672
26768530	0.00289192640727284
26769070	0.0111532462014084
26770470	0.00185255746584747
26771881	0.000779605244536385
26772110	0.000820224405221854
26772960	0.017507297714028
26775160	0.00116968118028718
26775560	0.000735642772885472
26775830	0.00129771483081589
26778200	0.00515758940453542
26780861	0.00228122947365272
26781261	0.00074862260389876
26781360	0.0349576795984763
26781380	0.000739342057300705
26782340	0.00107265521984027
26783010	0.00210011249005801
26783280	0.00174862392338072
26785650	0.000919182689406052
26788021	0.00226637052708482
26788380	0.00623250032720819
26788670	0.000883010450391528
26789001	0.000765529590919664
26790511	0.00357287189158666
26792120	0.00200044019529123
26792930	0.00490828150625251
26793401	0.00104333230702339
26794330	0.00134212650616257
26795710	0.00178732061709526
26796151	0.00194793991679794
26796820	0.000806954341742618
26796991	0.0138558742571577
26797760	0.0123312727640621
26797831	0.000758506380871654
26800110	0.0668598700311456
26801141	0.000767572582313861
26802730	0.000836220105529571
26802740	0.000783883850474565
26802750	0.000806071716695066
26802760	0.000749830337470902
26803290	0.000902729677385287
26803471	0.00103983508107352
26803751	0.00111513272116908
26803830	0.00229629800951946
26803840	0.00979126804979006
26803901	0.00114111676470691
26804140	0.000776117628389792
26804721	0.00263407291688907
26807000	0.00224715399411155
26809100	0.000731355482055213
26809480	0.00179728929208176
26812670	0.000816703449898764
26814470	0.000828505124734339
26815960	0.000812729510982696
26817121	0.00109792506103596
26817890	0.00088529060934988
26818590	0.000809768311622908
26819280	0.000838452813511269
26819891	0.0016681717145323
26820240	0.000940646424269723
26820950	0.0017709059103305
26821671	0.000851269208468882
26821920	0.00478037719394952
26824100	0.000736958195624153
26824171	0.000993628365050369
26825261	0.00078510365230039
26826720	0.0049503854102785
26826760	0.00117928516199517
26826990	0.000743927250021252
26828550	0.00135556925139882
26829750	0.00686443783382591
26829890	0.000942238674333245
26830050	0.00221765073853785
26830170	0.164300604711609
26831201	0.000891059892730877
26831310	0.00103181006339995
26831341	0.000843756845051647
26831830	0.00121751829145623
26831990	0.000832341442202688
26833240	0.310658326804094
26834990	0.000867172306519748
26835051	0.000990608101521709
26835601	0.000743751542448764
26835700	0.00143708724776538
26837391	0.0111544642907737
26837811	0.00162165408007107
26838211	0.00305325132015517
26838620	0.00284998367274388
26839030	0.021769147760354
26839410	0.00280557114900232
26839461	0.00520667582054513
26839960	0.000942511088151319
26840281	0.000737204979233018
26840711	0.00539196681847499
26843020	0.00114601706373846
26843191	0.000913435348956251
26843461	0.00612199994481511
26844161	0.000770098493040412
26844281	0.000875202286089604
26844550	0.00331712594593848
26844650	0.00237158765904696
26845521	0.000969663570769627
26846320	0.000850388228925174
26846990	0.000742682851274706
26847741	0.000757599156999369
26847881	0.00729700367796043
26848390	0.000747852162354382
26848431	0.00921913665807984
26848950	0.0883257669770278
26849220	0.00337628544228605
26852151	0.00072928566524651
26853801	0.00216707288683552
26855720	0.000796867478565418
26855990	0.000910359367207708
26856100	0.0157482902840562
26857640	0.00312531984800799
26858460	0.00339845067465626
26861131	0.000981406903305351
26861230	0.0021161305646337
26861271	0.000806425339308894
26861370	0.00749103483612561
26861610	0.000847068906595866
26861780	0.00195461112730517
26863430	0.00408363158024102
26863990	0.00256007786581013
26866781	0.000812409925796695
26871181	0.000812764605258723
26873470	0.0161985228814589
26873661	0.00467857842466288
26875160	0.000742682851274706
26875690	0.000948794028051928
26876441	0.00266353281441448
26880011	0.00311769426792906
26880670	0.10208908437309
26881391	0.00272772880596158
26882340	0.000879328163809837
26882351	0.00525440631792902
26882491	0.0264910120488366
26883540	0.00329909706871358
26885811	0.00186465368984791
26886710	0.00242376802928303
26888120	0.00527764209477068
26888960	0.00146368702542985
26890361	0.000763363131491431
26890511	0.00258225109491621
26892520	0.00105841703160275
26892841	0.0133503966569891
26894860	0.00156451575627118
26895010	0.00522297450378344
26895400	0.000757401591869531
26895440	0.00833051307214297
26895820	0.00352289469678369
26896831	0.001251767128084
26898030	0.000749774944109037
26898320	0.000806232161982448
26898440	0.000776338620325211
26899280	0.000852741969380898
26899580	0.001441789333274
26899680	0.0175558840278621
26899710	0.00842631016034039
26900940	0.00220877969894995
26901910	0.000847448141632972
26904370	0.00162639850482091
26904561	0.0054314265436861
26904640	0.00190559659225055
26905791	0.072063907423387
26906081	0.000735642772885472
26906740	0.0474320925910089
26907751	0.000736145687838099
26908950	0.000755983024351598
26908981	0.00113679641531563
26909360	0.00574517526807686
26910081	0.00160801712372741
26910091	0.0112120124559515
26910440	0.00103937143535398
26910450	0.00117087427521235
26910921	0.00344911277014188
26912151	0.0205146565375605
26913200	0.000830795710929952
26915000	0.00431987387557584
26915420	0.00128555042952412
26915461	0.000743751542448764
26916110	0.00283347289833484
26916390	0.000987599479164249
26917640	0.00227050330227527
26918750	0.000762399445735961
26919160	0.000840700369485018
26919451	0.00166747411999898
26919861	0.000747032391873792
26921111	0.00207081606364375
26924100	0.0116739105224017
26924230	0.00075750377827318
26924530	0.00093312533612287
26925080	0.000762101924575313
26926341	0.000860391945824323
26926880	0.000785286136750045
26928421	0.000763112619102649
26928500	0.000735642772885472
26928691	0.00346321705924615
26929620	0.111442657801327
26930850	0.0033460949676586
26931441	0.00325894585722743
26934460	0.00359164495021139
26937371	0.00230857305712315
26937951	0.00200233632697071
26938160	0.00162741837664369
26938201	0.0029354175763383
26938211	0.00118430643853936
26939331	0.00200017025185528
26939430	0.00300437317223378
26939570	0.000775212547379772
26942720	0.00285474959494365
26946590	0.001910668569367
26946621	0.0105957704905353
26946781	0.00249266935897705
26947441	0.00214845326908496
26947560	0.000967235856913361
26949391	0.00799132567718698
26949740	0.00086882142038642
26951581	0.000754914867079438
26951850	0.000797368247877315
26951861	0.000785531771676891
26951871	0.0105535057868755
26952390	0.00072928566524651
26953511	0.00204501294516566
26953610	0.000782041543998886
26954071	0.00076979998939632
26955540	0.000807795059339301
26956770	0.00180928200112069
26957610	0.00108520282617415
26959451	0.0857773438652618
26959560	0.00871353890758779
26960431	0.000757953591209536
26960541	0.000831326210926448
26960821	0.000856948647222136
26961870	0.000777274318621091
26962600	0.00259312803346772
26962710	0.123011411605052
26963591	0.0364038623336516
26963810	0.00654361623457505
26964230	0.100183198471285
26964640	0.00122702061542176
26964950	0.00103232299476162
26965121	0.0118443018310797
26965261	0.000796864979880276
26966621	0.00145208060158799
26966730	0.000779001436662123
26967830	0.00075459957496281
26968001	0.000949885631477554
26968800	0.0116801002991051
26969791	0.0341338479453761
26973070	0.000775893714469376
26973111	0.000736888086618207
26973460	0.00078320182419644
26973671	0.00341367868479453
26974450	0.000826244415666929
26974621	0.00230988403783874
26974710	0.000753362144262343
26975000	0.000763163706448778
26975871	0.000797836216516872
26976120	0.000858372754930652
26976701	0.000821933395539864
26976790	0.0149200741816525
26977600	0.000788111963485256
26978560	0.00995941661297472
26978980	0.000924869562289496
26980220	0.0010505446356075
26980670	0.00232104846774993
26981371	0.00089703289961537
26981521	0.0556855666033285
26981910	0.000820788872269107
26981921	0.000779593380114637
26982751	0.00085132745968345
26982901	0.000817388496914118
26983171	0.000886158800389763
26983540	0.00166958225071803
26983601	0.0845690034332385
26985231	0.00208614487868107
26987140	0.00758641157906617
26987690	0.000835769628853807
26987731	0.000843321627874566
26987851	0.00450486968788391
26988940	0.00132643053527679
26988951	0.000793781320501382
26989040	0.000736264951139303
26989050	0.00127521858140905
26989060	0.000976213590476584
26989910	0.000750224870301227
26990010	0.0168889450983596
26996500	0.00241213871073533
26997180	0.00150590055161123
26998190	0.00124571241390967
26999861	0.0024798708803692
26999991	0.000877557255179545
27000360	0.00116504863356548
27001511	0.0208278551898353
27001781	0.00229703612101967
27002970	0.00072928566524651
27003711	0.00314724138414825
27004011	0.000863360006639346
27004490	0.000743751542448764
27005050	0.163074423141693
27005651	0.00235458753939807
27007871	0.00428821202065767
27009060	0.0100220554696451
27009630	0.000777674478139796
27010570	0.000767064965381493
27011031	0.00225151079866931
27012271	0.00239340909963513
27013340	0.00184533609127496
27013460	0.00239439286377821
27013600	0.632320560318978
27013740	0.0030657543707453
27015260	0.00995692444740463
27015420	0.000760959129150873
27015950	0.00651918861955281
27016421	0.00828270384322235
27016650	0.000815846799564481
27017241	0.000748446982177425
27017770	0.00491820975076627
27017931	0.000817498870709501
27019810	0.00189266024833655
27021350	0.00246483451074376
27021801	0.000859192372092399
27022420	0.000781799118677221
27022970	0.000771040564027072
27024271	0.000757302813686529
27027000	0.00127349666677093
27027010	0.000873692522247719
27027280	0.0660380224975819
27027540	0.00134006004471736
27028411	0.00234009225007287
27031820	0.00236663118933712
27031851	0.00576311528962287
27032681	0.000749903469408375
27032910	0.000936066693694445
27034010	0.00199537778671614
27034290	0.000737204979233018
27034300	0.00210312122145338
27034460	0.000832864910160187
27034970	0.00440489954874092
27035840	0.013011694043261
27035851	0.000938934581359622
27037791	0.00686595515686731
27038061	0.0726006159001071
27038720	0.00261042178636173
27039110	0.00126448229654398
27039140	0.000893329958554956
27040421	0.00280511449965585
27042881	0.000828180766511598
27043130	0.00304198919525516
27043560	0.00110018541308442
27043960	0.0157483895768548
27044261	0.00169207627458907
27044961	0.000912210983508317
27045231	0.00210978389244993
27046020	0.0479214843316598
27048390	0.000735642772885472
27050010	0.000811643857646813
27050550	0.00153164842116374
27053880	0.00896406690423806
27055291	0.27104041832092
27055380	0.000933276885402444
27055711	0.000735642772885472
27056070	0.00073703176350714
27056240	0.0045307826858722
27056640	0.0010321635021201
27058040	0.000850353350225575
27058351	0.000782471484462915
27058891	0.000742986110207698
27060001	0.00090894201449068
27061651	0.000735642772885472
27062211	0.00631520362404756
27062690	0.00234655523322285
27062970	0.000732502749325893
27062990	0.0142178199556298
27063311	0.00246388992012039
27063790	0.00103181945414338
27065750	0.00103617764359533
27066720	0.00105199495616964
27066751	0.00072928566524651
27069190	0.000738792189129294
27070010	0.000999494158436261
27071581	0.00677724145845648
27074590	0.00217659443181721
27077750	0.0216604000053983
27077880	0.00225262641545133
27078860	0.00235853179232494
27079031	0.00110574871036876
27080230	0.00114522922860064
27081050	0.0029624055451534
27081231	0.00232099449945318
27082040	0.00106091512597175
27082550	0.00102269067968498
27082570	0.000838837796484211
27082580	0.00454370468992262
27087291	0.00083340285959572
27088480	0.00371295657713894
27088770	0.00213403848372586
27090960	0.00135130919783115
27091520	0.000826375249294546
27093771	0.463657703923896
27093781	0.000758388031725618
27094410	0.00397945170885225
27094450	0.00181771653902377
27095291	0.000736701341134504
27096251	0.026882122379093
27099021	0.000785791570748454
27099161	0.00232613391182018
27099250	0.00545128235505799
27099280	0.00191683700944513
27100240	0.00132750281547291
27100821	0.00089075138484369
27102130	0.000737695360173327
27102140	0.000775231158284807
27102690	0.015906633618188
27103380	0.00358435463397433
27103950	0.000826571488959174
27104951	0.00362814469373858
27105050	0.173402333461974
27107021	0.000790876213152005
27107970	0.000868140567136739
27108100	0.00356155459411263
27109101	0.0211707076785928
27109231	0.000776169638999363
27109911	0.000746045791892382
27110181	0.000737404950898539
27110580	0.0037980415798211
27110840	0.0023255771913085
27111670	0.00178795541412244
27113730	0.0129999565968226
27115830	0.00386984783412532
27116230	0.000941227770035619
27116640	0.000938822693004588
27116760	0.000736701341134504
27118450	0.0022277678186506
27119930	0.000941584081657134
27120610	0.00179823147018898
27121600	0.000753167163081294
27124060	0.00309668405863096
27124531	0.00126837229771828
27126000	0.000837313410411758
27126010	0.000771164927978446
27126140	0.000839140945250368
27126150	0.00179750221517812
27126570	0.00182804796675559
27128001	0.000814868476768561
27128640	0.00290777883119456
27128661	0.00202590214552746
27128941	0.000770098493040412
27129050	0.088408165556037
27129320	0.00203760007826181
27130170	0.00953190631977971
27131960	0.00093641616038215
27132490	0.00338877161057172
27133190	0.00549010552982761
27133231	0.00199005183355126
27135680	0.000795161016215639
27138181	0.0152443168633761
27139400	0.000743759123025841
27139810	0.00320365051452526
27142160	0.0145673980521832
27142591	0.0096653591060779
27142860	0.0040890737957021
27143100	0.00077640441873435
27145211	0.00539368302962371
27145641	0.0283477298610194
27146280	0.00162842032901135
27146540	0.00228890197549916
27146560	0.000736264951139303
27146700	0.00072928566524651
27147130	0.0013097897158628
27147960	0.00106985008762199
27151540	0.00183763330341733
27151660	0.00260379338204039
27151930	0.0166878665356489
27154980	0.000736264951139303
27155660	0.000843507830322738
27155701	0.00176318682695886
27156360	0.00082189796997357
27156640	0.271282701057616
27157921	0.00855085827659548
27158440	0.0053756148317063
27158540	0.0014244960128803
27158871	0.00235868267299718
27159230	0.000771040564027072
27160070	0.0130131404253109
27160080	0.000897972116487248
27160630	0.00132504879994446
27161040	0.000805893512162562
27161211	0.00345182244023028
27162871	0.00379673899214632
27163090	0.000749590268744652
27163291	0.000742682851274706
27163551	0.00219581345889281
27164360	0.00373171537539856
27164391	0.0365780218442733
27164920	0.000836146504993196
27165081	0.000878079720995495
27165091	0.00796801135048647
27165590	0.00144970983705492
27166130	0.000799068848011291
27166290	0.000780059117565059
27167780	0.00072928566524651
27167991	0.0036940055313162
27169091	0.0016522170862483
27169190	0.00532681793643126
27170130	0.0384679231992521
27170560	0.00768169481663382
27171011	0.0010856169791177
27174150	0.0023341283560074
27174680	0.00077173249899528
27174830	0.000793818312696963
27176261	0.000941828252112785
27178130	0.0248883401068061
27179790	0.00097146608038633
27180391	0.0163824108841312
27181190	0.00287968926046187
27182731	0.000781110323553749
27182840	0.00260345165745123
27183250	0.000784155025415214
27183260	0.00151918965079667
27185221	0.00115606885375506
27186601	0.00294998178934078
27186690	0.000911726595631235
27187291	0.00503409749720234
27187920	0.000820287127317321
27189460	0.000942229693016141
27190591	0.000771418686456095
27191141	0.00103520454129312
27192931	0.0146732593312699
27194020	0.000783425554624571
27194591	0.00299596330572143
27195001	0.000867512565584012
27195660	0.00360870516202564
27195991	0.00153481174772582
27196190	0.00121899338250892
27196360	0.00097447222897825
27198010	0.0010461183019118
27198120	0.00272409891922934
27198280	0.00135372917603899
27198741	0.00120719894425445
27199711	0.00419281440086741
27200360	0.00103413690361844
27200750	0.000956549645100609
27201460	0.0116903140146694
27202700	0.00578678454620428
27203780	0.130088221365768
27204480	0.104299637913618
27205310	0.0042158314797312
27205450	0.00270265000996702
27205610	0.0703843507674149
27206300	0.00256277414689581
27208080	0.00172223138025905
27208521	0.016112824888481
27209330	0.0023364898197058
27210041	0.153542655476138
27211640	0.00350684347473869
27212360	0.00115061609286038
27212370	0.000911019397795818
27213180	0.000856886617628772
27213870	0.000784495037273351
27216890	0.00365504188768907
27217341	0.000764126271499158
27217720	0.0214195587073611
27218260	0.00147274510699985
27219011	0.000750052093701581
27219540	0.00084625025161115
27221320	0.0022698343536223
27223291	0.00295429565637972
27224121	0.00130060174992352
27224931	0.000971819982423424
27227370	0.000799072550433935
27227571	0.00193297629378561
27229980	0.000763350312453842
27230710	0.000749539685392388
27231701	0.000875839091472949
27232401	0.189395442562028
27232951	0.00204016313815337
27233020	0.00120515550040903
27234010	0.000773126418390573
27234181	0.00536129963262801
27235220	0.002718928759573
27235810	0.000860716729948899
27236080	0.000887629845622175
27239940	0.00221960847510368
27240210	0.000740166169771665
27241330	0.000755739452658895
27242680	0.000894072184744545
27242700	0.00194973893879252
27243520	0.00197208499543491
27245150	0.000746488347418145
27245361	0.00152077839115303
27248060	0.00989619979497346
27248350	0.000879848744161361
27250031	0.00604812953336177
27250581	0.00083277174226958
27251120	0.000816180503391885
27252671	0.00100462968554992
27253010	0.000934910476942938
27253330	0.00215566288693059
27253631	0.000922976063865663
27254000	0.000746930010490703
27255131	0.00242485593443121
27256900	0.00104118455283864
27256951	0.000742682851274706
27257880	0.00073995111362144
27258400	0.00128730226710878
27258530	0.00112688756778673
27258690	0.00281524497952095
27258991	0.00376770910192814
27261440	0.00245419760873078
27263431	0.00072928566524651
27263571	0.0015867139518565
27263961	0.000852744568753799
27264511	0.0103444966549842
27265850	0.000779194379627895
27266670	0.00072928566524651
27267240	0.000759493620116761
27267670	0.00155911314727726
27268770	0.00121725145282533
27273061	0.000736264951139303
27273481	0.00439930247253402
27273880	0.00416200712618918
27274110	0.00092437611728974
27274120	0.000766216405813964
27275151	0.0117571744267272
27275831	0.000877866079053286
27277481	0.00417988241026038
27277720	0.00236274860632166
27278110	0.00384516145810166
27279380	0.000735642772885472
27279650	0.000790885819792373
27280080	0.00185325890062749
27282130	0.000796888365683628
27282970	0.415685233114683
27284490	0.00105204548211398
27285471	0.0028189770783445
27285771	0.000959033075090831
27287100	0.00115135765274903
27287510	0.000894723860373511
27288770	0.00508917448712983
27289420	0.00423926694845378
27289730	0.00097177837723041
27290550	0.0103591163235764
27291360	0.000743751542448764
27291831	0.00337619256904998
27292180	0.507206695808114
27293180	0.00296877018174941
27293870	0.00126619632943002
27295151	0.00224478570085302
27297050	0.00095950046675985
27297351	0.00437288706001646
27297761	0.0493765097488508
27298670	0.00314979545100471
27299630	0.000827387602953267
27301150	0.000893337652129143
27301211	0.00624916179922989
27301631	0.000795476201209326
27302820	0.000742682851274706
27303141	0.00246548648743484
27303650	0.0682101685826003
27304880	0.00320024820405153
27306311	0.00113348972242117
27307151	0.00406407630314446
27308060	0.0013162018022797
27308470	0.00427797869126059
27308651	0.000813313691170793
27308750	0.00905099618686183
27310820	0.000801860305222596
27310861	0.00248459776067847
27311670	0.000937297101948573
27312760	0.0106119871057847
27315121	0.00100854161513119
27316910	0.00109941823680641
27317170	0.00177102826797802
27317570	0.000784500905307198
27318041	0.00123094467858879
27318250	0.00617004715089769
27318591	0.0703943475063438
27321621	0.000996561716746599
27323070	0.00157594278740332
27323770	0.00136574778607406
27324371	0.00269744834006551
27325020	0.00261371289252525
27325751	0.00110048431326191
27326380	0.00423145018089281
27326550	0.000849743538718245
27327390	0.000827857730851184
27329700	0.000917711924630529
27330670	0.00966019650477227
27333560	0.00073897385891401
27334690	0.00074190524687955
27337881	0.0275359632013939
27339350	0.0200931323279218
27339541	0.00146318154476556
27339691	0.00252006494462005
27341000	0.00573631196189293
27341010	0.00134691987644932
27342851	0.00597698203592964
27343681	0.00220068751744573
27345170	0.00307833353723335
27345751	0.00280465267976258
27346151	0.000789499702789579
27348050	0.0231662467172604
27348060	0.0082642976316428
27348791	0.00523546990222193
27348921	0.00344719693138302
27349461	0.00080308851979165
27350130	0.00595114718851201
27350700	0.00479013835466158
27350970	0.000799332071415862
27352111	0.00338674443095777
27354571	0.00165727159878537
27356720	0.00520554234226905
27357191	0.00115644229509776
27357601	0.00652186376582582
27357990	0.00378786975430522
27359001	0.026584951577324
27359531	0.0040776944116809
27359630	0.00496048145135823
27361331	0.000784279601984576
27363941	0.00189175896277999
27365891	0.0248250553606633
27366240	0.0032520173977518
27366270	0.00251650857071193
27366690	0.00268296302567433
27367620	0.000782152766051032
27368040	0.00077993929952457
27374970	0.0786037210616369
27377860	0.028908077568443
27378130	0.0163925513242718
27379500	0.00316047431634085
27379941	0.00163571123238421
27380620	0.00776250432999265
27381690	0.000862111544613307
27386021	0.00100780395814718
27386670	0.000774560727808936
27386991	0.00248208795299524
27387900	0.000928349021043636
27389000	0.0083104917604106
27389051	0.00261175031432659
27390301	0.00101293210811794
27390810	0.00293507073908989
27391401	0.018700598681423
27391681	0.00090403666313123
27394250	0.00189442833008776
27394711	0.0020609407013914
27395240	0.000769383931270105
27395551	0.000736264951139303
27396361	0.000791280112148805
27397761	0.00311001993376406
27398021	0.00213935785268832
27398800	0.00114033174258664
27399541	0.00149589386707749
27399951	0.00414271388595181
27400340	0.000856974807353835
27400730	0.00108310553950625
27400740	0.000736264951139303
27402561	0.000841479682273668
27403131	0.00362149840443426
27403531	0.000999356144661428
27404470	0.00106331850043224
27404921	0.00477691155904283
27405010	0.0248851188028069
27405601	0.00407387436767098
27405720	0.0227250503746543
27406800	0.00133438312757221
27410240	0.000744797303426461
27410991	0.000791604247496823
27411060	0.000821817297591602
27411531	0.0014309728053536
27411640	0.000761015072315317
27412300	0.019024079646386
27412381	0.00917416140218289
27415951	0.00212052053165044
27416740	0.0235196422679779
27418240	0.000900652380008602
27419640	0.00269273944041715
27420460	0.00182160483723239
27421201	0.0231811231423393
27421751	0.00106495202124911
27423630	0.0600774608887034
27424651	0.00182998606462977
27425341	0.00119707531333485
27426680	0.000807819591675187
27428170	0.00142959019809041
27428190	0.0144515414672173
27430021	0.00308376425727865
27432470	0.0026066361531148
27433061	0.000782124849547345
27435900	0.00203447229213886
27436590	0.00161599881740688
27437420	0.000907172580270199
27437580	0.000885000261664671
27437731	0.0149551246199103
27437891	0.00188371364478927
27438260	0.00618795705189191
27439200	0.000925076197912563
27439910	0.000805333566574361
27440300	0.0013270234950128
27440351	0.000762951477790109
27440631	0.000818797792988587
27441560	0.000815767241964702
27441570	0.00476579396790554
27442230	0.00108882062638163
27443630	0.00110722066784233
27444491	0.00184051863043848
27446120	0.000926368656486274
27446270	0.000772770918009437
27446380	0.000828564016797986
27447770	0.000734062054740638
27448300	0.00206714587994173
27448750	0.000802113164440271
27449061	0.00396871993064545
27449550	0.435855897516472
27450390	0.000868558152187656
27450800	0.000731281327075994
27452091	0.0028276868738818
27454090	0.000837616160574197
27454510	0.000771796565533687
27454680	0.0406786214019646
27455251	0.000822446372186425
27455470	0.000934841250660083
27457061	0.00172769727115907
27457160	0.000807487532219915
27458691	0.0277681948125071
27458701	0.00126869145864886
27459620	0.00284742377351722
27462571	0.00185781704577009
27463360	0.00249442310965593
27464470	0.000814599125847679
27464901	0.00184971584718308
27466520	0.000922031165338501
27466711	0.000880234085257997
27466790	0.00117533258608284
27467220	0.000759012603310215
27468730	0.00275072175959235
27468761	0.00953742895402167
27469030	0.00197883871786314
27469280	0.00126054684256314
27469710	0.00208014832381791
27471060	0.000728661185451918
27472850	0.000768906434119615
27473881	0.0199362937811837
27474110	0.00285208048064584
27474380	0.0028018088378286
27474991	0.00112437309296984
27476990	0.000816676323795801
27477030	0.00193646854060749
27477700	0.00558491046305369
27477741	0.00072928566524651
27477950	0.00174435898980452
27478790	0.0007861162680659
27478851	0.00522828368338659
27478981	0.00184669594522655
27480200	0.00109594551931277
27481741	0.000849532542519002
27482441	0.00509092588458928
27484450	0.00218199840366899
27485290	0.000964359782767538
27485560	0.00343529574796106
27487121	0.000821017726801075
27487791	0.000751145323393453
27488231	0.0631298189835807
27488501	0.00168476303472643
27488621	0.00114041186630019
27488750	0.00105411789333759
27490301	0.000918665215392607
27490441	0.00161488819164132
27491910	0.00163504696109438
27495340	0.0198487012951342
27495480	0.00977823329411974
27495760	0.00226641872582089
27495770	0.0013401613652298
27497560	0.00193053007993697
27497700	0.00401958549775543
27497731	0.000748921048066987
27498271	0.000990674789654411
27499101	0.000870520257418425
27502151	0.000808070052947374
27502540	0.00318444625896984
27502930	0.00139320192738789
27503200	0.000748825945199571
27503780	0.00176897150578362
27505960	0.00269478733530124
27506571	0.000924687054050062
27507050	0.00072928566524651
27507261	0.000760092682629746
27508430	0.00248917841839907
27508501	0.00104950180146657
27508840	0.000895450910427052
27509160	0.00175436777137964
27509461	0.000832655278249327
27509710	0.00169946834047541
27509721	0.000741278305848288
27510131	0.0045743054359149
27511630	0.000973002781026694
27512040	0.000811262371463284
27514001	0.00934758858582983
27514540	0.00397796766148479
27518810	0.00176494613194017
27520610	0.00240523121264549
27526100	0.00353884967881023
27526370	0.00178877926549334
27530561	0.00210392055343436
27531500	0.0030800710328647
27531801	0.00318448058835636
27531811	0.120003497136849
27532720	0.00119709056801093
27532740	0.00378964838474062
27533160	0.0105854943136023
27536720	0.00390028290992661
27537020	0.00487287842109056
27538411	0.00263916090719333
27544361	0.000932433451728744
27545161	0.00220404883234242
27545290	0.00479079436518817
27546120	0.000891005563165408
27547251	0.00421210649985379
27548471	0.00076982628761561
27549820	0.0148287167787144
27550360	0.00142851649225322
27552710	0.000948604255590356
27557000	0.00082213821680627
27557181	0.00320977739474769
27557390	0.0112344894845613
27558790	0.00414613434425782
27559740	0.0027754643033745
27559880	0.00145334685058569
27560600	0.00561395954219272
27563220	0.00179108616547064
27563630	0.00184845714378896
27565570	0.0173234894939574
27566291	0.00239211448982998
27568030	0.00136701536361319
27568710	0.000772309480934199
27572740	0.000927292174175661
27574370	0.000764323187440648
27574780	0.000720770915367662
27575900	0.00226460486326051
27576631	0.000898456788568975
27577451	0.0037601416337959
27578390	0.00707903219475334
27578780	0.00116835646686072
27580310	0.000851355403207894
27582090	0.0015352503550788
27582770	0.000867918393076547
27583200	0.00257085731803949
27586691	0.0232526355538721
27586831	0.000830121465230385
27587180	0.08435459535975
27587200	0.0030812875658214
27587610	0.00232493483846329
27589301	0.00229406161978461
27593171	0.000742682851274706
27593700	0.00087927952529586
27595200	0.0018340963821556
27596201	0.00298179849826894
27596221	0.00388821815165855
27598701	0.00155067814118105
27599391	0.00448595872273281
27601861	0.00090896813435115
27602421	0.00108650105616513
27604751	0.000864143015927755
27605250	0.00159730028981532
27606220	0.00167941352797299
27606530	0.00494851608602981
27607111	0.000908604912713411
27608020	0.00379078209658479
27608560	0.000819154173959237
27609660	0.000806133056198928
27612741	0.0181082031776685
27613420	0.000864301293364597
27613540	0.000736264951139303
27613940	0.000801590753973355
27614660	0.00119962891369664
27615050	0.00325690364071803
27615651	0.106248521771969
27616020	0.00201979541483706
27616160	0.00215104875177327
27616710	0.00239632212242879
27617380	0.0463375316921463
27617581	0.000850868068699386
27618681	0.0656682344012459
27618900	0.0064271906132415
27619050	0.00140849714450927
27619070	0.00092966555968986
27619890	0.00553735535810087
27620000	0.0050130406101942
27620430	0.000735642772885472
27621550	0.000740115008377105
27623781	0.000793421773095434
27624191	0.00118545616838021
27625150	0.000925326393237853
27625301	0.00265176607060176
27626210	0.0688924314451065
27628331	0.00222144759490162
27628980	0.000783497856400646
27630531	0.00095966099592999
27632901	0.000995792958869552
27633851	0.00576150940778373
27634660	0.00081779567624279
27634821	0.00512920494857706
27635310	0.000911088325750087
27636040	0.00195270349420185
27636580	0.00161450789847188
27637151	0.00162535218783548
27638370	0.000777385843301862
27638760	0.00121650266618399
27639070	0.0103091406612231
27640351	0.00217956452396625
27640901	0.000948712646693823
27641110	0.00072928566524651
27642070	0.000828294267721394
27644150	0.00211248088157683
27644290	0.00167091310103598
27645571	0.00246393190839677
27645830	0.00099841101460935
27646760	0.00731086806093431
27646971	0.00404293951702831
27650620	0.00494954567889614
27651081	0.000739440680655752
27651361	0.00147371124937876
27652761	0.00168850982055591
27654421	0.00509147675206813
27654691	0.0220996028615395
27654800	0.00600344073855406
27655750	0.000890819008724691
27656030	0.0013159951857779
27656341	0.00150589592025459
27657161	0.00100070652958046
27658210	0.000736264951139303
27662360	0.000831585042504204
27662480	0.00106604511252609
27662941	0.0773149735847187
27663200	0.0032340995004229
27665540	0.000770979158489587
27665721	0.000739649328796858
27671060	0.000998476468245234
27671511	0.00366135951614722
27671781	0.184582990235672
27671921	0.000734872534177992
27672270	0.00284676083397203
27673100	0.000897292135674384
27673390	0.00752904377151577
27673810	0.00292865025405382
27675580	0.108673864842043
27675651	0.00356313409373506
27678910	0.000735642772885472
27679050	0.000836572746985583
27679081	0.050113297489163
27679900	0.00101327020322582
27679931	0.051810718394238
27680481	0.000775864322798538
27681301	0.000787588365038528
27681851	0.00221793970864787
27682541	0.00102775882970061
27683620	0.0102499976431492
27684450	0.00190288023255573
27685410	0.00459633298939273
27686230	0.000763102256104634
27688331	0.00362883582837482
27688830	0.0022281601635778
27690111	0.000945865940965732
27690900	0.00842037631911168
27691030	0.00082901957552266
27691921	0.0661299721026558
27692191	0.000816727183000087
27694210	0.0058556313615714
27694821	0.00295159619575965
27695740	0.00954832303643947
27696191	0.000837481261168614
27697370	0.000832288149789118
27698240	0.000770098493040412
27700041	0.000890970430388634
27700461	0.00752775176318843
27700680	0.011157150688055
27700850	0.00116899261443617
27701670	0.000841035557001774
27701830	0.000794700011484158
27702080	0.00854882683368972
27706681	0.00654625564557158
27707040	0.000739965046472447
27707211	0.00210834704342978
27707320	0.0020491849650623
27707470	0.0107227238787067
27707791	0.00292938189549077
27709000	0.000820870686155038
27709100	0.00124831890174811
27709820	0.0008810079990765
27710340	0.000871124584701161
27710380	0.00106582444872808
27710951	0.000740984928272034
27711241	0.0016514033432986
27711491	0.000758186352513754
27711890	0.000749399725982318
27713110	0.000981809544691168
27713230	0.000872205215520956
27713680	0.0719507355208306
27714360	0.00314052968302761
27715050	0.000828395096082541
27715511	0.0130029673828032
27716820	0.000736264951139303
27717991	0.000924112944809184
27718521	0.000800011050354505
27718760	0.00981584802230273
27719221	0.00107999141978156
27719631	0.00112998129985759
27719890	0.00075306855579526
27720840	0.000889650242750387
27720970	0.00322213654053882
27721141	0.000883813480168937
27721151	0.00198168283922068
27722100	0.00533657386051546
27722551	0.0170975446029716
27723050	0.00215544606705628
27724000	0.00753101705458256
27725130	0.00191815657972188
27725971	0.0140740744952006
27727511	0.0026913042080692
27728970	0.00102976429498075
27730510	0.00472221106297153
27732410	0.0128134149900162
27732591	0.00234873156810655
27733800	0.000885245041253849
27734650	0.00202236958345955
27734811	0.0140064966185662
27735211	0.00293311604350271
27735580	0.000858033824564213
27735791	0.00306851264371337
27736751	0.00206158883356169
27736891	0.00312107156834137
27737100	0.00156665501958248
27737120	0.00146227649582785
27738910	0.0010253660322273
27739091	0.000777468055045558
27739480	0.000969399556536005
27740181	0.000747119691581962
27740400	0.00167465379340344
27740461	0.000888154893244155
27740471	0.00107061721084472
27740540	0.000783450256280903
27740690	0.00230237974143936
27742961	0.00139904372400587
27743320	0.00851228187150268
27744591	0.00100345970337588
27744871	0.00226025426051188
27745151	0.00378467732597723
27745561	0.000765104333997372
27746510	0.0029616747132082
27746941	0.00145184989808355
27747750	0.0013756014473375
27749161	0.00105642071975159
27750610	0.000736264951139303
27750681	0.000753279528103462
27750780	0.000732587986569594
27750811	0.00156319901771476
27750890	0.000812638033005216
27751371	0.000798200036056375
27751491	0.0017211468418355
27753540	0.00072928566524651
27754271	0.000776071182747539
27755440	0.000919185732354726
27755740	0.000824893774290897
27756061	0.000877290051753659
27756560	0.000767464670231631
27757680	0.00072928566524651
27757920	0.000779983047089967
27761250	0.00688233367526637
27765090	0.418743594899701
27765670	0.00101430289245767
27768321	0.000762454510920819
27768680	0.00364193505608938
27769780	0.0429891170617541
27769851	0.000764565199060349
27770230	0.00245678170557945
27770251	0.000749085115634113
27770811	0.0582049571257798
27770951	0.0128950557029214
27773161	0.0240835265932583
27773540	0.00130176299530232
27773640	0.00710939489816062
27775071	0.0613782733083291
27775341	0.000743751542448764
27776861	0.00191189086587045
27777380	0.00414744939281345
27777831	0.0140540198779275
27781250	0.00243168545320312
27783740	0.000753825940684907
27785120	0.000729784237398928
27786521	0.00106234572796842
27786780	0.00083184095134876
27787880	0.00167537095128859
27788051	0.393742192539466
27789161	0.00109463790274432
27791020	0.000792217060068571
27791290	0.00763829070875193
27791351	0.00263473348363724
27792120	0.000827279843471437
27794661	0.00189335531565543
27795351	0.255418652518419
27796020	0.00506228795707447
27797011	0.000882868000957165
27797090	0.000767166326068156
27798880	0.00134708407209732
27800861	0.00667602812104673
27801910	0.000727053854816401
27806470	0.000779048350749226
27807071	0.00139290699564493
27807430	0.0112254347938619
27808960	0.00139176016704137
27811610	0.00273492528649518
27812160	0.00416961470341784
27813650	0.0158625109808524
27814101	0.000863029917457805
27814460	0.000742794995834713
27815320	0.00222535992015293
27815621	0.000773725616767181
27815761	0.000751909202888222
27816191	0.00273984849701228
27816591	0.000818203594810239
27818671	0.00156841650329908
27819730	0.00273033105281659
27820991	0.00117519148823858
27821131	0.000741278305848288
27821141	0.00164050729065724
27821220	0.00220426246166703
27822340	0.002309398319897
27822511	0.0015685111926039
27823330	0.000765692277676754
27823840	0.0128398493012054
27824191	0.0420025286572962
27824861	0.00213108670647173
27825001	0.000906265533771701
27825681	0.000869057731924155
27826391	0.00104064919912084
27828140	0.00361238472276385
27828601	0.000743423218662231
27830210	0.00213127146680186
27830381	0.00109185102186077
27830500	0.00796880380910346
27830671	0.00109751310242089
27831351	0.00123957503501292
27832670	0.000811012390322391
27835160	0.00095195590863899
27837230	0.00911471505919251
27838931	0.000814772897358877
27839491	0.00288088280773996
27839761	0.000839026489784886
27843290	0.000990287296066902
27843621	0.00793693958659345
27844181	0.000766246781475658
27845810	0.00088188230953666
27846360	0.00324478035926271
27849151	0.00464015737605474
27849230	0.00272990090038795
27851710	0.0116065164737848
27851850	0.00431077852694986
27852311	0.00101547825958686
27854111	0.00148195528954436
27855590	0.0489997912804685
27858371	0.00933530299832796
27858500	0.00133149283338551
27859570	0.00340560027757498
27862080	0.000731211702338753
27862241	0.0498987942164033
27862251	0.000791130474006639
27862320	0.000812764605258723
27862610	0.00163784569270778
27862870	0.00074045697174636
27863761	0.00345701922744411
27864810	0.235982196925484
27865431	0.00140433413023501
27866360	0.000842331631527056
27866740	0.00307093403124398
27866750	0.349911389303651
27867631	0.00097621152807857
27868150	0.0039156624775097
27868181	0.00417083899405704
27868861	0.00200773651284261
27869360	0.00197252944989028
27869640	0.0471305386595695
27869940	0.0168314790290666
27869951	0.118125488935339
27870470	0.000777121610709096
27871290	0.00282583370667131
27871761	0.00381405563761464
27873800	0.022046573942249
27874050	0.000742682851274706
27875160	0.000897537841287389
27875450	0.00104345787354528
27877151	0.000867622863370948
27877281	0.0020573764213151
27879010	0.000737204979233018
27879730	0.000787704167275573
27880461	0.000777860405582883
27882340	0.000740996012449119
27882531	0.00131293335573484
27885281	0.00153615254391188
27885821	0.00104763512583421
27886241	0.00086789652609757
27886340	0.0145450977850161
27886620	0.0517810274461763
27886630	0.00387500795866769
27887471	0.000756564881351644
27888700	0.00373398371091852
27891320	0.00167429486126708
27891341	0.00105226348257592
27892110	0.0141867317646162
27892150	0.0168621451634776
27894251	0.000835142344565798
27895720	0.00871750962653661
27895761	0.00276325906470808
27895771	0.000799407197098523
27896161	0.00209982693875969
27896311	0.00338397899061279
27897930	0.00153158559022103
27897971	0.00597206304823641
27899010	0.00336406380145709
27899030	0.00525520558766638
27899290	0.00104782356024437
27899990	0.00246537307512874
27900441	0.000742682851274706
27901660	0.000865729651356558
27903280	0.00252851578865534
27903320	0.000766457285299527
27903420	0.00093110222756482
27904301	0.000752051278224264
27904680	0.000736376127315297
27904851	0.0132520060436323
27907870	0.019366560456083
27908010	0.00073897385891401
27909250	0.000849856331744357
27910241	0.00956914545833718
27910391	0.000855735836873924
27911430	0.00130436600158681
27911891	0.00188202262579876
27916270	0.00114680037543826
27916540	0.000770098493040412
27917350	0.0207924983186482
27917360	0.0236282034733995
27918610	0.0293704320401336
27919840	0.00268622706247104
27919860	0.00179959315500983
27920041	0.00258913375270925
27921510	0.000786970508597901
27921770	0.00113544061643669
27923150	0.00355711789368391
27923170	0.000916590588244804
27923180	0.000735642772885472
27923201	0.000748921048066987
27923331	0.000922963595048475
27923420	0.00186088621283776
27923751	0.000874429354551035
27924041	0.000789401200917191
27925561	0.000801203111832392
27926620	0.00259255897792371
27927601	0.00414583749775265
27927870	0.0240596399704891
27927901	0.00107786777259498
27928410	0.000868064552140339
27929080	0.00077001705997521
27929350	0.000885964071575929
27930241	0.00166466864294378
27931621	0.00220327210036267
27931840	0.00118661044749511
27931850	0.00153449314913371
27931901	0.000735642772885472
27932110	0.001050026035308
27932830	0.00108405847453545
27933230	0.0131833762064698
27933360	0.00558560938847594
27934050	0.00232478923692127
27936800	0.00304308719513268
27937141	0.00077066828825215
27937271	0.00294771773477219
27937951	0.00780623012757173
27939040	0.000770098493040412
27939560	0.000774551653554748
27939980	0.000735642772885472
27940031	0.00846320592537285
27940291	0.00110123161089573
27940431	0.00210143334978107
27940520	0.00267214857267907
27942190	0.00138766221932545
27942870	0.00078403842731611
27943430	0.000736264951139303
27945110	0.00188219447756261
27946641	0.000947782362947989
27947690	0.000792863511870381
27948130	0.00652007316078278
27948420	0.00078296321409969
27948451	0.0100415975503382
27948550	0.000960545949749598
27948660	0.00125048260759235
27948680	0.00447917956846284
27948690	0.00169441912084723
27948960	0.000899910002873074
27949001	0.00166117111074275
27949520	0.00111216765766152
27949671	0.000824510984366652
27949910	0.00592054401431148
27949971	0.271263358108271
27950050	0.0346272323549436
27950740	0.000909528286202286
27950870	0.000756108498512753
27951560	0.106944670547471
27952140	0.000768405519658026
27952151	0.00276202808206392
27952711	0.00154085036253967
27953541	0.00101069211030413
27953800	0.00106366178808998
27954050	0.00112238332425091
27955580	0.0201993661516873
27955850	0.00255268900298096
27957261	0.00383746824187908
27957271	0.000802976622491119
27957380	0.00194268130791947
27957760	0.00781909075633616
27958200	0.000914879920009285
27959580	0.000928015070616926
27959741	0.000844882350506448
27959960	0.00230521077609934
27960721	0.00284588441515378
27961490	0.00336062716233623
27961890	0.0011391581123285
27962371	0.0032074455357541
27962480	0.00534556344721471
27964540	0.0048428563227157
27964561	0.000968062985250696
27965110	0.000975828762323659
27965210	0.00207230965107232
27965350	0.00077295013902751
27965691	0.000961648198849921
27965900	0.000790009230117336
27966101	0.00986756113308728
27966200	0.00300120327134089
27967881	0.00275241406092071
27968400	0.000890651874964723
27969111	0.000905722073828823
27969520	0.00078296321409969
27970651	0.00552855899597884
27970921	0.00109153342931086
27971170	0.00274190364247745
27972410	0.00325050752362833
27972441	0.00292461258334931
27972520	0.00366939853764271
27972721	0.000824326481465555
27972830	0.000893426735538559
27973131	0.00544739943801937
27973141	0.000837989756741273
27973770	0.000735642772885472
27973890	0.00184062155346243
27973951	0.000748921048066987
27974210	0.000853154912719205
27974231	0.00288299467474366
27974880	0.000775279783289396
27976421	0.00180597891145179
27977200	0.100120079422483
27978870	0.0115121697732658
27979270	0.00281011346191756
27979471	0.0251533790521479
27979881	0.00102938595374819
27980011	0.00274888706430757
27980981	0.000830684857576565
27981111	0.00090783661734959
27982340	0.00653624070231994
27982511	0.0020295245260232
27982610	0.000772842959130684
27982740	0.000751612619830414
27982860	0.000771162606386887
27982931	0.000804689646931155
27986501	0.000828911127959065
27987310	0.0027870313277043
27987410	0.0008500415138758
27987450	0.00210977594042098
27987980	0.000803738530206988
27990351	0.000749539685392388
27990791	0.000915098470263844
27991010	0.000826389639992892
27991020	0.00117729083836176
27991030	0.000777468055045558
27991071	0.00106452937195128
27991130	0.00151322995487076
27991181	0.00168362367747244
27991270	0.000796301563335757
27991860	0.00181182735986585
27993060	0.00168194823387622
27993080	0.0026240463678795
27995980	0.00173532674555584
27996370	0.00236849039658642
27997920	0.000792238099485557
27998491	0.000781999665611114
27998990	0.000765009193344843
27999051	0.00160567046676207
27999160	0.000776549060522123
27999280	0.000787212667026769
27999341	0.000820427423757927
27999440	0.000922376579449376
27999471	0.00203631392146854
27999481	0.000935643191244763
28000670	0.00598876053409774
28000861	0.00859565634497229
28001500	0.000956251415874186
28002180	0.000739051538647719
28002300	0.000822967004339432
28004410	0.000825813428169434
28005610	0.00104168995330935
28006750	0.000775181599114588
28007310	0.000802120215710366
28007580	0.00207052162434569
28008100	0.00106946311309778
28008690	0.0055415706472237
28010511	0.00079197792666342
28010740	0.00390320571384524
28010870	0.00242458005236976
28011280	0.000912697105529713
28013490	0.000734945894010039
28015580	0.0008154356184827
28016031	0.00338787128428998
28016851	0.000743440909254266
28017261	0.0244206570486632
28021121	0.000787067994498592
28021220	0.0336296957414253
28021360	0.000939909584602428
28021821	0.00079665059338204
28022631	0.000815466414711162
28024400	0.00735185469156548
28024721	0.00439777114225044
28026580	0.00348639462886929
28027550	0.00075504891969964
28027591	0.0017669730236535
28028691	0.00232139386066861
28029790	0.00280443205300494
28030081	0.00138117855901421
28030750	0.00907076468770566
28031051	0.00075137855106847
28031290	0.000921892805578608
28031300	0.000954880426580509
28031311	0.00101004556863342
28032561	0.000854182447738959
28033941	0.00084154444389546
28034030	0.000755449185908342
28034221	0.00190363164086296
28034491	0.00386739325861836
28035201	0.00270728567724475
28036950	0.000738887879217954
28038330	0.00270756464200753
28039201	0.000862471178871626
28040100	0.00101870083912362
28040151	0.00900647424901532
28040161	0.00124943130629648
28040301	0.00160798773418255
28043170	0.00128524832616993
28043540	0.00469952242602799
28044011	0.0365663203890232
28044650	0.000743751542448764
28044701	0.000735642772885472
28046231	0.00584610178014388
28046371	0.00148574770556019
28047130	0.0801334085439657
28047260	0.00320084480103451
28047311	0.000798419751443834
28047710	0.00743162180158515
28048100	0.000789060258056801
28049261	0.000855836960081251
28049370	0.000900561942474559
28051300	0.0021459235534833
28052130	0.00116472938089724
28052390	0.00123759004057865
28052431	0.000860356553991005
28054221	0.00193353882115953
28054901	0.00979630377810049
28055891	0.000749903469408375
28056790	0.000952782074981276
28057490	0.000742794995834713
28058361	0.087236371062239
28058481	0.00192186750452797
28059051	0.00144832646189889
28059140	0.00712357737993958
28059201	0.00292395072961704
28059540	0.00115403880036066
28060090	0.000743423218662231
28060400	0.0287089725821848
28061080	0.00072928566524651
28062710	0.00239356843921996
28062880	0.000741352304672371
28062990	0.00576024886233673
28063010	0.000806657181751402
28063031	0.000744755067118738
28063061	0.00158772908649161
28063160	0.00456395013093031
28064680	0.000742682851274706
28064960	0.00445238250512637
28065330	0.00236943823177395
28065391	0.00341921989036274
28065640	0.0016294181888475
28065900	0.000917705828285453
28068530	0.367028108510983
28069381	0.000951266312354855
28070081	0.0406044016299954
28070501	0.000763699656877775
28071270	0.00100471666174537
28071741	0.000933005472467865
28072360	0.0122816880179245
28072561	0.00118764867709202
28072920	0.000735642772885472
28073330	0.00549732942711562
28073401	0.000787161592296066
28076780	0.00263682479207818
28076950	0.00236712325677037
28077210	0.000738647642642599
28077510	0.000833636322100949
28078590	0.000874458448218353
28079461	0.000779199661320635
28080431	0.0047348911894844
28081490	0.0224121875744355
28081541	0.00169919366143092
28081630	0.0025253499473862
28082310	0.000812892989262505
28083830	0.0008136010679955
28083980	0.00341600868712498
28084260	0.00154537508047207
28086221	0.000942824128784355
28086621	0.00164308447508988
28089941	0.00309679588812195
28090730	0.00722704798087984
28090911	0.00278479214979723
28091280	0.00254572892804209
28091721	0.000942933416355403
28091871	0.00072928566524651
28093080	0.0154306480397939
28093200	0.0010399200017082
28094440	0.00218465998775888
28095331	0.00422684118531344
28095700	0.000745958989990331
28096250	0.00344287297288444
28096650	0.000793441263945944
28096821	0.000773951394491549
28097220	0.00179461808765407
28097241	0.001895107624894
28097671	0.00085243327575755
28100110	0.000774507961654127
28101791	0.000918780623665792
28102150	0.000823129157861439
28102160	0.00269349958542045
28102850	0.0042754597346027
28103461	0.000758320463679646
28104141	0.000731355482055213
28104711	0.00137207557555061
28106160	0.0113144044050775
28106201	0.000761112853739965
28106751	0.00333724427090722
28107970	0.0125077615162138
28109070	0.00257844504257078
28109121	0.00124225240512303
28111171	0.0258390010935971
28112670	0.000931133111428659
28113941	0.0157646871666063
28114990	0.00305992676463665
28115301	0.00458236262745056
28115390	0.001650050106281
28116411	0.00127721010506455
28116500	0.00388704466864807
28117620	0.000746789509230438
28118430	0.000847361350763037
28120291	0.000828609506574487
28120421	0.00459977234870316
28120950	0.00116174627550173
28121101	0.112008369021348
28121350	0.037635226102861
28121401	0.00130513901427215
28121651	0.00479213036615521
28121801	0.000900055098968391
28121931	0.012929346801233
28123830	0.000850578120682322
28124291	0.000735642772885472
28125080	0.000859026309053325
28125090	0.00315818820512925
28125220	0.00622434965120755
28127270	0.00243746790611326
28127581	0.000776083302069559
28127840	0.000846526835063277
28128780	0.00290619268197431
28128821	0.00293143839185548
28129241	0.0175770097866956
28130580	0.00222020890773845
28131690	0.00190688033850644
28131741	0.00212194722634994
28133780	0.000851580814027738
28133791	0.000988509788119049
28134450	0.00099980902507651
28134491	0.00228394291861868
28134911	0.00358697505208539
28135140	0.00105737800848075
28135601	0.00104691081168686
28135960	0.00206888297458186
28137870	0.000768656390494856
28140291	0.0620557600926736
28140411	0.000758320463679646
28140681	0.00100711734311816
28142330	0.000848904515341027
28142440	0.000986706868481471
28142570	0.00293774186795842
28143410	0.0111983826220626
28146320	0.000785370970236967
28146600	0.00268314520471143
28147041	0.00074190524687955
28147120	0.00147245704965903
28147400	0.000864965603924178
28147871	0.00124896035222162
28148421	0.0188230182579096
28148940	0.000788292296034829
28149070	0.00973386239803215
28151120	0.0133225849336217
28151540	0.0045103029444066
28152500	0.00402467016020985
28153931	0.00138380186548905
28154201	0.00142598567558614
28155830	0.00126110190284383
28156390	0.134025656991434
28159041	0.00168117538146394
28159051	0.00102876173329873
28159140	0.00174683365795284
28162020	0.00243226313337642
28162211	0.00229372716525001
28162341	0.00082358978427212
28162911	0.000783126639141254
28163290	0.000757379052229615
28164250	0.00306407678878089
28165241	0.00236123008387558
28166170	0.000742682851274706
28167150	0.00081423169977392
28169070	0.000837638232869512
28171041	0.00295943794746774
28171301	0.00175300898112514
28172401	0.00303412375892971
28172561	0.00265477728717582
28174180	0.000800302320286523
28175591	0.00249580598086474
28177791	0.00584490836423954
28178830	0.00148956353612469
28179150	0.00088097233722264
28180630	0.206270699592193
28181360	0.00105966693059535
28181760	0.000777371637068664
28182450	0.00251519851063113
28183390	0.00606467697749307
28184780	0.00246739717826156
28185040	0.462460053535562
28185910	0.00403448236305529
28186280	0.000924467653839471
28186631	0.000742682851274706
28186980	0.00115846119284457
28187120	0.00217705788833471
28187260	0.000953756906000932
28187670	0.000939591868637397
28187700	0.000789932182064004
28188900	0.00105946222919535
28190710	0.001533839545248
28190870	0.00078462523263247
28192001	0.000826911673639387
28192080	0.00110602397527992
28192121	0.000981571463274256
28193900	0.0101034671105866
28194020	0.00107877963140346
28194040	0.000823054881821921
28194061	0.000928190813285163
28196070	0.00181868741958082
28197760	0.000765009193344843
28198471	0.0246810251138816
28198850	0.00210257909643418
28199010	0.00296120170042415
28201801	0.000866953106894289
28203321	0.00410441512533654
28203530	0.0812506053323245
28204350	0.0285324795927768
28204630	0.00341222729847677
28205470	0.00257065763558447
28206341	0.00212228392243752
28207851	0.00254361172033193
28208630	0.424094080265153
28209231	0.00231477367111448
28209730	0.00152476903481419
28210051	0.0213947172652717
28210611	0.00699696912837282
28211321	0.0528523621389874
28211420	0.000846768622157132
28211711	0.00130670911189632
28211871	0.000799371271830323
28214191	0.000794035361184393
28216650	0.00098141193439422
28218461	0.0178151193888335
28218611	0.00218051380331493
28218830	0.00118254844716238
28220541	0.0549453901204241
28221330	0.000790278396353789
28222160	0.000877669672786646
28222331	0.00088525450129586
28222901	0.00313470632793827
28223960	0.00246860055539067
28224230	0.000736145687838099
28224660	0.00191407229391159
28224681	0.000924078250176455
28225371	0.000810871866884053
28226590	0.00106841879391386
28228100	0.00113242944378196
28228281	0.000769167643924197
28233310	0.0024035294644862
28233661	0.00209947279443238
28235530	0.000771096464910521
28235810	0.0018096612296739
28236770	0.00204157148895826
28237450	0.000793513898495797
28237460	0.000876469650976424
28239451	0.00124538143102083
28239571	0.000879860414440792
28240240	0.00206465473184377
28241070	0.000865832438940371
28241610	0.00370734750744831
28243431	0.00183420695907816
28243540	0.00118388122255692
28243550	0.000763238137813961
28244131	0.000774263174451373
28245040	0.000851319693303035
28245231	0.000753167163081294
28246020	0.00258325662104071
28246341	0.001533992892064
28248620	0.0171580362887571
28249091	0.00515195136088289
28250840	0.00181555075232968
28255711	0.0016998988762138
28267820	0.000994339598387016
28270071	0.00162791016734505
28270860	0.00203094017546034
28272951	0.0111271671464106
28273651	0.00122816714479618
28274560	0.00348512160167264
28276141	0.00280674102105283
28276360	0.189046235375222
28279250	0.0783831964764237
28279940	0.00394423964625928
28280661	0.0023783461844682
28281030	0.000892969768732227
28281081	0.00181238542758624
28283380	0.00585466978892858
28286310	0.000842316123360403
28286430	0.0205746943484547
28288821	0.0237189593518579
28289300	0.0046938518437042
28289351	0.001923991933121
28289460	0.00246418436311164
28291561	0.00229734328343121
28292240	0.00522617172849004
28293440	0.00461789237223596
28294751	0.000737730618752873
28295861	0.00465530346201545
28296531	0.0125426804791033
28296640	0.00103542208656639
28298420	0.0119224040182084
28298580	0.000842056336542824
28299670	0.00153308410302131
28300671	0.0125291707436744
28300780	0.00462934871882543
28302201	0.00444827023018912
28302461	0.00174170232386721
28303690	0.0029227538211384
28304380	0.00411773664512292
28306130	0.00114050864804877
28306170	0.000782623435165411
28307930	0.000861768179901442
28307971	0.00827748869476071
28308060	0.0102872002886312
28308360	0.000868083352598769
28309781	0.0158552985441999
28312271	0.000955914039927246
28315031	0.0024690945316649
28316490	0.0233691895535095
28319800	0.000735642772885472
28320671	0.0230156383956701
28321071	0.00123095760957709
28322461	0.000783391338558442
28322751	0.0847933317609359
28323370	0.0850309145948277
28323530	0.000988933257907122
28324811	0.00175876079606883
28328241	0.00594620295763966
28330140	0.0117222052689855
28331971	0.0139461055007961
28338010	0.00239824084180201
28340681	0.00109226885385778
28340801	0.00494575471015415
28341860	0.0045650563722727
28349320	0.00133991719908623
28356391	0.00111384266960547
28357850	0.00295622738182948
28359411	0.00394885998173491
28360480	0.0717495598394784
28361730	0.000869075476958378
28365921	0.000899320190399953
28367971	0.0026401257284092
28368890	0.000814153650979974
28371110	0.00460857457874071
28372510	0.00260939253416824
28376080	0.0024328424394745
28377351	0.00168510528573349
28379291	0.00161048305139551
28380490	0.00397479797417773
28382280	0.0351543907367333
28382581	0.00200566508938472
28383431	0.00109566726773341
28384080	0.000957401905177364
28386741	0.00140886886100578
28389300	0.000867017324791839
28389710	0.00180967611040116
28390820	0.00112860498609865
28393911	0.00441085824936858
28395250	0.000816566056543834
28396340	0.00738401741043712
28396490	0.000731355482055213
28398290	0.00159457986988638
28399711	0.00807584680202156
28401850	0.00610565058794509
28402191	0.00077993929952457
28404200	0.000780110442709396
28405440	0.00211160826037848
28405880	0.000738887879217954
28407421	0.00203346075520585
28408900	0.00944612992959513
28410530	0.00249589781507226
28410731	0.000818773162595978
28413440	0.00233430808158513
28414690	0.0040420705457898
28416111	0.000767789202663663
28418010	0.00344524448839394
28419151	0.00299475189588636
28419421	0.00331486240297365
28419971	0.00151917599753245
28420511	0.00186778883352185
28420880	0.000927771849385287
28423271	0.00091777509664306
28423281	0.0184511892078186
28424610	0.00397056570031755
28426710	0.00134102619821781
28429201	0.000969816535208397
28429730	0.00253902502125143
28432180	0.000938366268218657
28432391	0.00231099135137723
28432600	0.00078613429684236
28433771	0.00102864927244465
28434721	0.00166742998821051
28437040	0.00117784746851996
28438451	0.00080304308794156
28438601	0.00252160060807014
28439541	0.551119923763644
28439660	0.00498766376453122
28439940	0.00675300458401409
28441030	0.00330992834760644
28443821	0.000826040089566031
28444781	0.00189785242631432
28444791	0.00640649862861172
28446451	0.000742682851274706
28446560	0.00131706592207031
28447780	0.00153291587148601
28448600	0.0023518280178221
28449880	0.0023023817212436
28450290	0.00165572692624497
28451640	0.00166783700963671
28456511	0.000983720132246164
28459770	0.016260406489989
28459940	0.00115323025196295
28460091	0.00209540132899864
28460521	0.000955137133775071
28461201	0.0701353181749789
28462150	0.00428633032114146
28462550	0.00244661662380179
28463500	0.0207571628124919
28466041	0.000915792587885963
28466690	0.00241746130487656
28467080	0.00085118076968271
28468760	0.00107728547469706
28470441	0.00265969463729049
28471681	0.00229907129920701
28475350	0.00221234820218915
28475370	0.0665483835729034
28476080	0.000930750725088783
28477191	0.0188877272482262
28478800	0.00211502443448731
28480661	0.000790876213152005
28481040	0.00422312130933964
28483151	0.00073897385891401
28483240	0.00406014514605908
28485310	0.000983308306376925
28489191	0.00291208364225323
28490560	0.00238471254425809
28492480	0.00167918190152079
28492791	0.122682302044785
28493351	0.024962707820787
28495001	0.00141343033864203
28495520	0.000945988863797996
28495640	0.0019673051505473
28495701	0.00161784803012904
28497150	0.00182582068256927
28498680	0.000804781865975319
28499210	0.00315973112517611
28500200	0.0124627987811764
28500381	0.000789655998560612
28501590	0.000801902283771669
28502451	0.000759510205716069
28503141	0.000732502749325893
28503510	0.000836342147845197
28504941	0.00413264757553547
28505071	0.000742682851274706
28506520	0.00143647658255829
28508381	0.000853151139358273
28511121	0.515999556136397
28514731	0.00202913602357117
28522530	0.000988636832219262
28523490	0.00221211814564587
28525461	0.000847953632342993
28531411	0.00118790686020419
28532340	0.000906957091068352
28533550	0.00265182992169121
28534701	0.00078189315622165
28534930	0.000808494706620842
28537290	0.00135668915563622
28539070	0.00110463511384676
28541191	0.000735642772885472
28544720	0.000801799746505759
28545481	0.004904367745403
28545850	0.0014170099071244
28546841	0.000755844679404589
28548231	0.00142801581770507
28549440	0.000797451914359701
28549751	0.000797200723162184
28549980	0.00289511147291591
28551141	0.00105742797202078
28551681	0.00102630176461593
28551900	0.000762437295074636
28552521	0.0009993232737535
28553030	0.0447180542539508
28553321	0.0136354057102029
28553840	0.0255739889183586
28555001	0.00573852147579267
28555801	0.000786372968117027
28557560	0.000797785569495602
28558540	0.00667954785551632
28559080	0.00970601630145838
28559531	0.000767497728576148
28560030	0.242995733008071
28560730	0.000739297255556459
28560911	0.00439463495508807
28561071	0.00099250271129467
28561450	0.000743423218662231
28563760	0.0184601546345945
28571510	0.00147281019903894
28574540	0.000885849119528635
28575681	0.00442763843201144
28577751	0.000754834499896714
28579121	0.00452415269919888
28580470	0.00682498033368355
28580771	0.00959034497638741
28581000	0.000990699172294731
28581191	0.000902403119452612
28581580	0.00130825277332023
28590690	0.00180707506414452
28591930	0.000781363376253497
28592091	0.001400993375051
28592371	0.000765445845710641
28594861	0.00106546161429506
28596880	0.00128174044097801
28598291	0.00503510660656866
28599790	0.00141121789902629
28600371	0.00746422065311032
28602171	0.00386039619708457
28603630	0.000887538411067773
28604440	0.00125562219096949
28604620	0.000891486868721685
28609410	0.0202142742810601
28610250	0.00257176943386129
28610281	0.00185396789509641
28611790	0.000777385843301862
28612040	0.000979943652474417
28612730	0.00159233732515895
28614031	0.00123766361427141
28614851	0.000753264037671135
28614981	0.00171107496535094
28616020	0.000838119524420356
28618151	0.0190265397252112
28618370	0.00099486690165489
28619100	0.00276607762807717
28619200	0.00160892614285285
28619210	0.358479834150842
28619630	0.00218146684718049
28619640	0.000758053781483752
28621830	0.00367092848658017
28621891	0.000800011050354505
28622640	0.000933500922911685
28622820	0.000798568285238609
28622920	0.00324744411340654
28624870	0.00245012896404902
28624990	0.00330900387228975
28625690	0.00194461644680895
28626670	0.00333310059160655
28626701	0.000766586711113517
28626800	0.000816417076548936
28626810	0.000790453636501637
28628990	0.00100388697753425
28631500	0.0147264553871786
28632771	0.000775772619371332
28633300	0.00833400657307851
28633970	0.00510735091087637
28634400	0.00283397265924181
28635070	0.00139561383600702
28635880	0.00185693693426337
28636580	0.000780763927188476
28636921	0.00085794349977495
28637871	0.000866841964140576
28638500	0.00133916430704097
28638640	0.00211738450282775
28638950	0.000811608299184412
28644730	0.0420652058456205
28646431	0.00202870224530133
28647801	0.0158872543221052
28649570	0.0176251686875058
28652771	0.169909224215608
28657270	0.00456896687952846
28663050	0.00112702071542783
28664610	0.0011295530392248
28665140	0.0041126871973916
28667220	0.00273517592290378
28668501	0.00245598072517236
28669020	0.00278698499554121
28672761	0.0121550986303988
28675740	0.00657205674464863
28675801	0.0463473494629885
28677680	0.0017017794659683
28679780	0.00314185168742694
28682291	0.000882975706599889
28682380	0.00243888352246459
28682831	0.000760160761082968
28684580	0.0103249652857811
28685000	0.0029572747403398
28685471	0.00430049135583462
28686571	0.00393946674265904
28686920	0.00145828128573709
28689990	0.00253168622251481
28690080	0.00518348834042237
28691760	0.00078772199874301
28692071	0.000764461558002872
28692310	0.02337006929693
28696430	0.00281331290107549
28696840	0.00437176637496259
28696980	0.00089373837430386
28698431	0.00105150783823016
28698790	0.00090051293771145
28700870	0.0154316837714125
28701171	0.0025764685224104
28703220	0.00200091001904779
28706561	0.00170928196371521
28707340	0.000889555878782105
28707931	0.00196116827732304
28708150	0.000927961141147765
28709881	0.000843300428246053
28710390	0.000946756646660758
28712761	0.000943902408678878
28714421	0.000799406006813985
28714660	0.000898526061121923
28714920	0.00504612893955257
28715101	0.00261633595280955
28716310	0.00578841411139788
28716460	0.000860161411761255
28717420	0.00100913323534463
28717851	0.000872065054925626
28717980	0.00173044818299102
28718520	0.00107763609474552
28718810	0.00623513713320911
28720020	0.0033892787737467
28722250	0.0306591793321672
28722910	0.00229194217730259
28722940	0.0145101317777122
28726500	0.000876343352571771
28727910	0.00116849937608393
28729161	0.000814294421092633
28729591	0.000751805887423174
28733570	0.00242298888327375
28734151	0.00269089054105364
28735640	0.00814710352920446
28736211	0.00191930562195501
28736860	0.000951714463048872
28736901	0.00221880750601369
28741031	0.00136271271720899
28741581	0.00840208835945543
28742090	0.00286965138636742
28744751	0.0184101041863371
28745540	0.00611064704173498
28746001	0.0014989263204292
28748700	0.00530998312405153
28749270	0.00110530746736739
28749851	0.00115468857135637
28750701	0.00160837245917297
28752211	0.0588900846345374
28753830	0.14900039199214
28754350	0.00202297894015404
28754821	0.000874549678824484
28755200	0.00077993929952457
28756160	0.000911681044419603
28756170	0.000771109858326006
28757280	0.00078462523263247
28760891	0.134284276326441
28762500	0.00344336879174065
28762951	0.248962330437369
28764280	0.00162903967970345
28765960	0.000774641276600138
28767661	0.0020580670195607
28768211	0.00505414384141278
28768450	0.00448755291688734
28768830	0.00270395462230299
28770271	0.000904314884064354
28770961	0.0012866492815545
28772460	0.000815481423776844
28773321	0.000897346283491788
28773560	0.000775452043720294
28773690	0.00196577481305304
28774141	0.00486086031414755
28774220	0.00113456374549862
28780300	0.00405787430714396
28780341	0.00194351401633794
28782951	0.00246770080161693
28783320	0.0019100673031095
28783340	0.157924215474462
28784040	0.00406549154457835
28785031	0.00120203415700933
28785550	0.00249910006583772
28785950	0.00076776685184978
28786821	0.000791182339846666
28787231	0.0011378304626706
28788460	0.00902069063844437
28789451	0.00115049842001496
28790350	0.000766836576470247
28793311	0.000747291667142587
28793380	0.00100137813799014
28793540	0.00132818129591118
28793830	0.487707536321697
28794520	0.0014012470299056
28796170	0.00263612062341204
28796491	0.080873517474714
28796631	0.000746045791892382
28797270	0.00255260677655583
28798561	0.000748825945199571
28799890	0.00254600643872831
28801010	0.00785026427998227
28801410	0.000763238137813961
28802940	0.00494807672643293
28804491	0.000749131710655333
28804980	0.0736358291949546
28805571	0.000744903125470329
28806940	0.0367479721366457
28807480	0.000832873890579834
28808010	0.000987366062842879
28808471	0.0230953524064413
28809000	0.000900267085577918
28809581	0.0037046169978511
28813140	0.00119992282257291
28813841	0.00386569502190054
28814110	0.000961791053311374
28816450	0.00141170134498905
28817390	0.0016295747136142
28818240	0.403843937195964
28818370	0.00360870786714356
28818630	0.00263879061720158
28820160	0.00083264759221586
28820410	0.105466240272398
28821540	0.00390357300803312
28823320	0.0023759020782265
28823501	0.0343385566128549
28824351	0.00078590406365106
28827231	0.00804497616739387
28827880	0.00340836391061295
28828030	0.000846502989986669
28829270	0.00100087078969125
28829981	0.00092968473202884
28831890	0.00220604554991548
28832150	0.000882658420389092
28832590	0.00114918352129653
28832850	0.000863739798841061
28833410	0.00176772834367687
28834961	0.000876812475038213
28835231	0.00198225699912177
28836061	0.00101519340733033
28837650	0.000828364690604113
28837701	0.000783885768942224
28837711	0.00218305876396805
28838510	0.00266366140087015
28838790	0.00720205478954349
28839081	0.0115478430379866
28839740	0.00239026112135341
28840150	0.00274663788729416
28841301	0.00127258739404787
28841550	0.00254757723701838
28842790	0.00337045112356907
28843210	0.00110204284727303
28843740	0.000838533491193482
28844611	0.00305297989466456
28845260	0.00345293337302928
28846831	0.00391519801742606
28847340	0.268272602103367
28847900	0.00123548060029723
28848481	0.00134773324544478
28850090	0.000735642772885472
28852211	0.0515089308086639
28852410	0.0157306209539055
28852731	0.000929894701122626
28854490	0.00352477802898004
28856860	0.000804199937799378
28857171	0.00280582278812868
28857970	0.00087818734642608
28858801	0.00131269269047822
28859170	0.00467084014415682
28859600	0.00169374599871606
28860300	0.0124208764704267
28860601	0.0177547676907275
28862920	0.00195069906199509
28866240	0.0733277731809378
28866541	0.00174905861238183
28866770	0.00113893547872756
28867491	0.00189484874947747
28868471	0.0011465586110346
28868690	0.00113864496868673
28868720	0.00177995937088692
28868741	0.000852904331899927
28869281	0.0175776234602074
28869510	0.00175862072898344
28870640	0.0410722407547717
28871480	0.000869934462545817
28872140	0.00101814090512684
28874510	0.00320221027724276
28876680	0.000770982965633373
28876710	0.00700679032487958
28877171	0.0080955210810564
28878401	0.000949046715865767
28878521	0.00164886952941509
28879880	0.391420222382142
28879911	0.00226011903032139
28880030	0.000743040252308509
28881380	0.00134650908401467
28881930	0.006710340505863
28883850	0.00508878886333386
28887170	0.000810285372938363
28888860	0.00433315998379852
28889711	0.136161376469778
28895091	0.00159157522077852
28902811	0.00498985528193793
28905991	0.00368756766818565
28906681	0.00492318536423325
28908321	0.000956566993693488
28913011	0.0026646593709085
28920000	0.00388309755826306
28920461	0.200966225083283
28922210	0.000758107148207243
28923860	0.00731599196220583
28924331	0.00436210808608148
28925441	0.0109049156229215
28925571	0.104534014920211
28925841	0.000787880110118848
28927361	0.00321843278248065
28929571	0.00143292216932611
28933011	0.00149404737950955
28934261	0.00092807081287779
28934340	0.0246540132186254
28938131	0.00170057127576511
28939351	0.0161818857374042
28940031	0.00137605314173975
28940601	0.00455387930976738
28940690	0.00232945150036691
28941940	0.00358498002375866
28943091	0.0141055364190928
28945360	0.00274815020067287
28946620	0.00340695398869454
28947590	0.0385203161135871
28948680	0.000775367395589225
28949120	0.0072420692980955
28949520	0.000750498016294427
28950490	0.003626516891762
28952260	0.000772533631364487
28952321	0.00112224850886346
28952601	0.000784244833964011
28953571	0.000836127944586162
28954890	0.00072928566524651
28954920	0.000763238137813961
28954931	0.00167909192374887
28956611	0.00231475318547124
28958661	0.00222447670486235
28959170	0.00240012873406648
28959201	0.00149865269658446
28959980	0.000774416160177606
28960051	0.00278670641578909
28961141	0.00727087390517037
28961820	0.00381095248408917
28963730	0.00409260456754724
28965940	0.00339272533171913
28966811	0.000746249941289548
28967980	0.000736701341134504
28968041	0.00199381612047765
28968990	0.0300843647450608
28970230	0.000860193478195175
28970360	0.000836890514908192
28973500	0.00202870455055528
28973540	0.00206687545594584
28973810	0.00139120550058978
28974760	0.000891536427429827
28975850	0.000805177189194227
28976280	0.000794084691097591
28976430	0.111967274228045
28976970	0.000892875000589845
28977110	0.00141977371261429
28978080	0.000786505329318641
28980530	0.00456118994010649
28981800	0.040984327738824
28982470	0.00147441073361944
28984041	0.00111111777080916
28984160	0.00258714036670528
28984260	0.00243605560922483
28984390	0.00283291513467123
28985691	0.0789525802429331
28985810	0.0108654160318807
28986600	0.00109066760220512
28986791	0.000820224405221854
28987201	0.00406616138588233
28987501	0.00263720630823829
28987840	0.00172539282239754
28987980	0.000793327021940028
28988430	0.000855814792706139
28992700	0.0127939106337481
28993770	0.00140093161943046
28994531	0.00287678168516397
28997770	0.00140322541234391
29000690	0.00072928566524651
29001380	0.00086025197654422
29001650	0.01111909003969
29001950	0.00173646947784477
29002111	0.0553041674142686
29002261	0.000754781357748206
29003570	0.000741727678095287
29004031	0.000763363131491431
29004940	0.00139356504246057
29005380	0.00288337395447999
29006500	0.00214738575538981
29007150	0.0021199939643688
29007771	0.0570144687505756
29008260	0.0038099183421862
29009810	0.00262709400427943
29010490	0.000769968213804749
29011310	0.000823540254431319
29011560	0.00108684055869938
29013400	0.00184661419672395
29018910	0.000956767164926339
29020741	0.00227283401648531
29020810	0.592947559815157
29021920	0.000759351204926438
29022350	0.00120088042130823
29027160	0.000814946781002768
29027341	0.0692033032360196
29027491	0.0136494307751906
29028451	0.00338074314829344
29030330	0.000914570442417947
29033380	0.000838665188137174
29033390	0.000908255169435634
29034070	0.00995249657963221
29034320	0.00397616327533236
29034490	0.000737324414023878
29034610	0.000738466052995824
29035331	0.000885296949787935
29035771	0.00304760625952392
29037100	0.000763238137813961
29038241	0.00394562500851516
29040110	0.00103554731848611
29040280	0.000794160172757281
29040871	0.522473704773045
29041401	0.073871577686578
29041411	0.00132629286468817
29043320	0.00179731089197369
29043740	0.000911128577678987
29044270	0.00395396225201524
29044311	0.000825259674384476
29045810	0.000796366483610176
29047970	0.00314321371370832
29048441	0.00171724160121699
29049541	0.00309533752217225
29050600	0.00256465073881995
29051040	0.00115445374468068
29051570	0.000837596215481029
29052181	0.000973508547647128
29054070	0.00104701204866375
29054241	0.0012301495947812
29055201	0.00103907304996842
29055481	0.000777385843301862
29055700	0.00239018321037574
29055751	0.000809543504671678
29056150	0.000848985686991717
29056560	0.000750956229930501
29056700	0.000769901183028428
29056970	0.00150023367991168
29057900	0.000748492453611347
29060000	0.000826872366142241
29060970	0.00148001138571865
29061220	0.0079599604841209
29061561	0.000769468510573481
29063580	0.00272779189862304
29064171	0.000966599119178706
29065271	0.000742682851274706
29066781	0.000736264951139303
29068000	0.00112579585880656
29068321	0.000738792189129294
29068451	0.00072928566524651
29068540	0.00777560219458688
29069110	0.00072928566524651
29069630	0.000748171411075285
29071191	0.00169742284879911
29072721	0.00380527427114947
29073380	0.0039265375887523
29074730	0.000961176853993147
29074760	0.00758148826322057
29075860	0.0167393109486351
29077261	0.0010256292829762
29077401	0.00331440076905017
29077900	0.000962845340138467
29077920	0.000796033003359192
29077951	0.000757547992518573
29079420	0.00682806369646051
29079430	0.000874820348054934
29080721	0.00664366771560311
29080830	0.000868217038236815
29081281	0.00286486967685537
29082350	0.00116707637879502
29083631	0.00369170043464943
29084981	0.000986297537973581
29085141	0.124723840078714
29086111	0.000863694851520217
29086450	0.00141350081856751
29086480	0.00338282060901861
29086620	0.0035594413832497
29086740	0.173511346198843
29086750	0.348708514411284
29087881	0.00178679110722019
29088161	0.0121633461962039
29089121	0.000855893848866938
29089210	0.000810836462525292
29089230	0.00184938103900205
29090320	0.00983475572378343
29091010	0.00364767437793447
29092021	0.00100859251487419
29092031	0.00280608752829134
29093261	0.000906328956248856
29093660	0.0010736355272019
29093930	0.00308113424839563
29094310	0.000996297188743284
29094361	0.0019244348663726
29096130	0.0233382850094253
29096280	0.000763910532858961
29098610	0.01298984784385
29098750	0.0207096324172767
29098870	0.0120644665191997
29100400	0.00207182085152394
29100851	0.000851471511733449
29101281	0.00170995185710546
29101760	0.00501291687613959
29103040	0.0018438695954367
29104520	0.000879096062634659
29105500	0.124794072012417
29105971	0.000956670529792207
29107140	0.000744259996753192
29107180	0.00204205282057976
29107590	0.00470390714471004
29107611	0.00175596305601073
29107761	0.000751009857288388
29107860	0.000836268213473378
29107980	0.00428569960896717
29108540	0.000937736506567073
29108970	0.00399137262155338
29110310	0.000932310532735663
29110450	0.00089930593514362
29110750	0.0162844386146489
29111420	0.00125311284293744
29112830	0.00119809620876673
29113070	0.00329278141097019
29115201	0.0014274972237902
29116680	0.00668549288278541
29117671	0.00133365369676088
29117760	0.000797059538172225
29118081	0.00100470816294718
29119000	0.000757336071080837
29119481	0.0217512456924303
29119901	0.000766315032639551
29120571	0.00123139579661363
29120830	0.00193954516792981
29122641	0.00129324296958492
29122880	0.000742682851274706
29123010	0.00141441792377067
29125121	0.000872362848614054
29126381	0.0212864980207572
29126580	0.00115250932756897
29127211	0.000819509019041225
29127550	0.00236279099461255
29129251	0.00246802892429777
29129370	0.00096582006247266
29130661	0.000933210344844192
29131030	0.000748195199287303
29132981	0.00680801769080107
29132991	0.000743751542448764
29133401	0.00108715560589317
29133900	0.000736264951139303
29134480	0.000767593219399471
29135440	0.000743260001920334
29135601	0.000735642772885472
29135970	0.0013117251553849
29136451	0.00205174149459463
29136520	0.000740984928272034
29136800	0.00145282296932976
29137780	0.000909345683239117
29139071	0.000758148945989077
29139850	0.00362050488154323
29140810	0.0371947694255171
29141821	0.00112094121085375
29141930	0.371514654140629
29142330	0.000884008970204841
29142791	0.000794846556939598
29143990	0.00157073603848402
29144110	0.000869346769163731
29151731	0.0472865607594361
29154190	0.00488904449583712
29156400	0.000750367109512884
29156431	0.00225506954985513
29157770	0.00593700059705089
29157941	0.0271234971408909
29158190	0.000813509555590911
29159830	0.000892481681073443
29160011	0.000912158628244233
29160660	0.000800813371879827
29160830	0.000915421925777751
29161691	0.00321493248530364
29162310	0.000834855822501552
29163420	0.00176018764035682
29166101	0.00179774793480625
29167881	0.000735642772885472
29168301	0.00112259337560415
29170241	0.00446741610922786
29174361	0.00773279476030313
29175160	0.00272630614103643
29176530	0.00100674459892131
29176650	0.00536730745859719
29176820	0.00449073673334662
29176991	0.00103708973524062
29181090	0.0237761668306547
29181411	0.00237201639625753
29181500	0.000878476740843025
29183061	0.00648276617818626
29183451	0.00131080695043761
29185380	0.00327328186456487
29186211	0.00109869852664776
29187130	0.00285442678926694
29187201	0.00104759161875085
29190511	0.00101503970686115
29191321	0.00643908606696918
29191471	0.00147232044556953
29192790	0.0061145320015595
29193951	0.00199776301427522
29194771	0.00142660989780287
29195160	0.00201403456380962
29196011	0.00084138810814275
29200421	0.0085235209408076
29201770	0.000833930156033225
29201790	0.0014036703255965
29201951	0.000876932319492301
29203420	0.000921130731579452
29203591	0.00542627750922493
29206890	0.00398066064678089
29208561	0.0023758806416092
29208790	0.000859656065065921
29209780	0.00163068625775027
29209801	0.00223651557568641
29209811	0.00529170656770723
29210890	0.0194793384148215
29211451	0.00090967440346317
29211741	0.00383703151568634
29212240	0.00735802411072726
29213121	0.000801239314431018
29213821	0.0317603950549653
29215420	0.00631448575121913
29215700	0.00141522964285097
29216370	0.00135632732217521
29220810	0.00937852332793875
29223430	0.00430646861840936
29223580	0.000732587986569594
29223720	0.00144472872248433
29229210	0.0765967061278159
29229900	0.00186339401210596
29232820	0.00115660680587353
29237740	0.00228256921938717
29238300	0.000767338266685403
29243461	0.0125429673362789
29244940	0.0178072246099109
29246720	0.000800599402968024
29249381	0.000743935415993785
29249640	0.00903249831617359
29251410	0.00839958494998608
29254320	0.00198093232947771
29255321	0.00323841646507642
29256161	0.0021939844220492
29259270	0.00103985818962776
29259950	0.00760576699245027
29263150	0.0097215823352517
29264380	0.00202845086326139
29266880	0.00188140801540338
29267120	0.000938526057225431
29267680	0.00139138277470705
29267950	0.0437486536087971
29270310	0.000730335092490978
29271160	0.0181267025146934
29271581	0.00168935703561726
29272411	0.000735642772885472
29275410	0.00397201071729745
29277381	0.000736264951139303
29278150	0.00403963920194323
29278460	0.0037996984180627
29278700	0.351777118390742
29279130	0.000904508581054217
29280640	0.000844288277751258
29283031	0.00649092646092456
29283140	0.000838352963260466
29285671	0.000854608002552804
29285750	0.0026967383022649
29285890	0.000742682851274706
29286320	0.000842340763693745
29286470	0.000770625260105438
29287020	0.00517074837719899
29287031	0.00108485290858087
29287560	0.00221544202574424
29287731	0.0134162909326695
29288250	0.0122315061963193
29290891	0.00174828079466236
29291461	0.435711608524637
29292380	0.00135675441581822
29293760	0.00695073244237454
29301661	0.0169085711531382
29302040	0.00109786472258535
29302450	0.00544204878927497
29304561	0.00111627658683907
29304640	0.00127701342058422
29305090	0.00585925607960431
29305791	0.00189653646252357
29306190	0.00390803588851068
29308910	0.00580329270707848
29309640	0.00103631405181084
29310570	0.00177733506145203
29312431	0.00254857355169672
29314560	0.00074932689777557
29316630	0.00364795545026125
29318020	0.00199304647426198
29318980	0.0136181927209412
29321360	0.00555982888119956
29321750	0.00129333804541269
29325801	0.000782840274936303
29326471	0.0445698309372886
29328110	0.00158521203117258
29328281	0.00765538867980551
29329490	0.00189530469242233
29329651	0.00172463732190734
29330290	0.00501292523744818
29331430	0.00092086559241478
29332401	0.00113074058133869
29333661	0.0149180109691875
29335390	0.00149986944540675
29335940	0.00801083344797854
29336701	0.00423858010140942
29336910	0.0012414253412723
29338460	0.393309429786956
29339830	0.00176570945394703
29341470	0.00178545668081165
29341921	0.00217940626531586
29342471	0.00384478443574276
29343161	0.000736264951139303
29343800	0.00871012125338712
29344261	0.00120988446074401
29344561	0.000951239274357642
29345091	0.00572255688398143
29345470	0.00179092628560896
29346700	0.0022180842755411
29346730	0.000832695160143237
29347161	0.000742682851274706
29347851	0.0057914512982918
29348281	0.00199158028412743
29348681	0.0034749752478991
29349190	0.000966432661132906
29349651	0.002084580938504
29350600	0.0275654139898676
29350621	0.000882226783621259
29350850	0.00574377218317703
29351591	0.000850326495632773
29351940	0.00197280783730009
29352001	0.00338609766596298
29352131	0.00293746134296332
29354051	0.00268107565330005
29354160	0.00573752099790476
29355041	0.00402926116316701
29356920	0.00341564178392214
29357391	0.00234912428926725
29358420	0.0104162779223122
29358980	0.00216907431638683
29361921	0.000854274773895144
29363810	0.000796080031989305
29363960	0.0027455255727574
29364640	0.00381213455766803
29365490	0.0347223931484227
29366160	0.000876511212128625
29366491	0.00109177416666344
29366631	0.00194935718234813
29367110	0.000746686009139559
29367581	0.0385126062566352
29368100	0.00147618033122615
29368551	0.00157799875000572
29369371	0.00101401408899216
29369931	0.0071029896120457
29370860	0.000775676338360832
29371530	0.00163848147692909
29372510	0.00226278029962632
29372790	0.000748704373933642
29372930	0.00399203405837361
29374761	0.000884673201936771
29375871	0.000767572582313861
29376250	0.00212754156092001
29376551	0.0273114380144295
29376811	0.0019708578955581
29377460	0.000847774373515042
29378180	0.00315416391904875
29379280	0.00329680142841346
29381511	0.000743190575528222
29381941	0.00109769471406129
29384930	0.00127700259497258
29385750	0.00185098103155767
29387981	0.0808750108582944
29388510	0.00795919883077592
29388630	0.00198195425678621
29390140	0.000747484401226686
29390690	0.0275924472219371
29392121	0.00179038830772982
29392780	0.00106758188176785
29394170	0.000782790596332263
29394331	0.00309114743341185
29394751	0.00173897715422484
29395270	0.00205427326058097
29396681	0.00262367638175101
29398491	0.000784865115184319
29399151	0.00100003909123213
29401630	0.0016394260308123
29402410	0.00177589505649802
29402761	0.00260544527072744
29403701	0.000818167830066482
29404961	0.0031506410706664
29405900	0.00655466887345155
29405911	0.000917587207245129
29406051	0.000916742175859152
29406840	0.00580674598428401
29407031	0.000924489147443542
29407680	0.00105865786760413
29408001	0.00273420225206729
29408531	0.00252521781396156
29408551	0.00130417229800568
29409241	0.000832288296838045
29409880	0.000786817660718207
29410010	0.00295019127404699
29410891	0.00326032131036558
29411130	0.000791681450470657
29412660	0.00269888678456218
29413241	0.0293797776889014
29414170	0.00529251515508856
29414310	0.00127754718761177
29414410	0.00479730251652161
29414550	0.00308023238181524
29415960	0.00103548519773594
29415970	0.00288171570680866
29416121	0.00120014070198897
29416261	0.0300412910666321
29416520	0.00939068835120507
29418010	0.000812689183883307
29418741	0.000763238137813961
29419260	0.00728615800911811
29419530	0.0221279418566359
29421310	0.00166853665256211
29421340	0.00194127939164312
29424951	0.153327453969917
29425190	0.000940389754620777
29425310	0.00398544357684902
29426430	0.000810541303124221
29427940	0.00799973386477219
29428340	0.000811693916391636
29428760	0.000868222960953742
29429781	0.00353660675543079
29430020	0.00384194261215333
29430270	0.00083520578400472
29430290	0.000766730057642233
29435721	0.00220468584730885
29436340	0.00173559793064022
29437371	0.00320812350106838
29437521	0.00380122577548388
29437890	0.000958396340753131
29438300	0.000744456182245739
29439270	0.000885086565225235
29440650	0.00336486887067222
29440750	0.00256518725956815
29440951	0.00200922321866855
29442550	0.479634650713356
29442560	0.00247256545944158
29443820	0.000759051157880295
29444380	0.0175159075174113
29445060	0.000932459807670604
29445091	0.00081348191726427
29445480	0.10229098580337
29447540	0.0255390489694048
29448251	0.00891811509216931
29449180	0.127713421566923
29450341	0.000901560023002378
29450430	0.000875774543087796
29450960	0.00319085428971469
29451711	0.0395363929139125
29452220	0.000815649525446092
29452551	0.000768405519658026
29452691	0.000744755067118738
29452760	0.000769255069314432
29453491	0.00198375620230581
29454341	0.0251268762720058
29454560	0.000767007533311928
29454850	0.0152736332496345
29455530	0.00269453551857361
29456131	0.00331070563577787
29456821	0.00417717043444329
29456961	0.00089826464665935
29457241	0.00184611801461302
29457511	0.00221986856941716
29457921	0.00245319387268901
29460920	0.000841641186789139
29461320	0.0238765682870737
29461880	0.00141086388929731
29462191	0.00100304102748825
29463650	0.00352042129563508
29463940	0.000735318026023058
29464500	0.000921396475905039
29464620	0.00272320247418977
29464671	0.000771040564027072
29464920	0.0652710866039446
29465030	0.0025760883964971
29465901	0.000841578659841412
29465921	0.00102371539287862
29466030	0.000930754623109106
29466860	0.00175635168383325
29467130	0.00335390826941338
29467561	0.000897496263940325
29469300	0.000799769400359669
29471841	0.00140241495933991
29471940	0.00115073235149903
29473890	0.00297070810815922
29473921	0.00116255232575045
29475301	0.000791604247496823
29476391	0.000761918398535752
29477870	0.0015467959782508
29479810	0.000891145895852607
29480240	0.00235038343972602
29480271	0.00102402844545316
29481771	0.00734934451996355
29481901	0.00205105688522266
29484080	0.000988900848557835
29484370	0.342192764884683
29484541	0.00355221576819328
29485470	0.00401446042089799
29487581	0.000934643956976754
29487691	0.000776073339995455
29487960	0.00164802507967112
29491100	0.0124343327164482
29494150	0.0346120361428048
29494591	0.00249879305058141
29496411	0.00212704360801416
29496890	0.00213199544235255
29497330	0.000991676153178609
29498181	0.000742682851274706
29498400	0.00447189808106648
29502680	0.00174064349823923
29504801	0.0010105374969246
29504941	0.000979483212675983
29505501	0.00542625749387505
29507390	0.000982948853300161
29510020	0.00187295330044115
29510540	0.000982824198962751
29511691	0.0410738446358246
29511820	0.00103142180823417
29511960	0.000799461503297373
29512241	0.00241789711639304
29512671	0.00154021790893247
29513211	0.00407424700432351
29514990	0.00205183077656594
29515001	0.000845611862927467
29516521	0.00194030621636645
29518830	0.00566999287874947
29520500	0.000932847396528674
29520750	0.0130502244003043
29521460	0.0010095719032854
29521570	0.000742670551913803
29522471	0.0054071350648035
29523680	0.00078831782491405
29526850	0.154739852902762
29527260	0.00110344957312092
29528740	0.00108393473568902
29529481	0.00236113236392522
29529710	0.000813616960397964
29530160	0.00082632757769152
29530410	0.0265836843193461
29532531	0.000745086296820329
29533850	0.000768217935943298
29534550	0.00137478218059928
29534680	0.00323699084495087
29535540	0.000887862694271047
29535810	0.00289747847510424
29535820	0.00500902657487596
29536251	0.00478726811254346
29538871	0.00449661190436221
29538990	0.00116476266490597
29539920	0.00247363210171703
29540080	0.00855167868805508
29540931	0.00672736046077588
29541081	0.00209489549872066
29541320	0.000954746081535575
29541570	0.000742682851274706
29543800	0.087338563688894
29545600	0.00102972993168942
29547431	0.00253641804887819
29548661	0.000912868376744659
29551240	0.00353506018761127
29552801	0.000805521727814725
29553740	0.00389154871920055
29554181	0.000783514394743472
29555640	0.000775534242738867
29557221	0.0110871455336913
29557310	0.00106897895385981
29559510	0.000799382509276805
29561781	0.00277617782151566
29561901	0.000913356026517305
29562160	0.0211117716602085
29566570	0.00206684072548137
29568050	0.000772807585256415
29568750	0.000774262896105045
29569091	0.0234185200441326
29569491	0.00599610565501675
29571021	0.000860680171110648
29571131	0.0182820894068372
29571220	0.00257800183605572
29571950	0.00393646322589482
29572330	0.000745747601641859
29575281	0.00101369681367396
29578120	0.00189938947607659
29579141	0.00389374103114918
29579920	0.000742682851274706
29581320	0.000740037586410051
29585430	0.000865075042235938
29585440	0.210743344275889
29586560	0.00188420600006123
29587220	0.0012570766658586
29587380	0.000781167326992222
29588050	0.00331530431249471
29588350	0.000735642772885472
29588740	0.00103756947752063
29589870	0.00092820451952186
29589990	0.000786933972533092
29591821	0.0249664738394474
29591831	0.00106225365898779
29592600	0.030061677158445
29592890	0.00330514181418919
29593720	0.00079900215329507
29594031	0.00141364997361662
29595701	0.000873127334944705
29597010	0.00077173249899528
29598290	0.00324098451615832
29598461	0.00265762948368852
29599530	0.00268374423995753
29603500	0.020957124275781
29608890	0.00148006260580909
29609361	0.000874849400010961
29610991	0.00208975099159242
29611500	0.00259845180040446
29617170	0.00168803147823887
29618171	0.00152852093087358
29620040	0.00823850924478697
29620870	0.00242587573898671
29621990	0.000736264951139303
29622110	0.0045562741137919
29623541	0.000837034084628703
29624050	0.00138061821301781
29627100	0.000924882738687003
29627650	0.0193755320243603
29630010	0.000791495835494455
29630161	0.000770098493040412
29632630	0.00276106839311304
29634000	0.00142356172574884
29634871	0.000914992530920323
29636080	0.0875048672765591
29636091	0.00161040518667286
29636770	0.000970457557905829
29638150	0.00668927228851622
29638690	0.00783317186615467
29640470	0.000755449185908342
29640531	0.00164538874053165
29640900	0.000808179692812005
29642970	0.0015853770081208
29644730	0.00656813597955496
29648060	0.00469964440494869
29648750	0.000790327152345962
29649071	0.000750608491513224
29650410	0.00216887247865776
29651541	0.000816029385585016
29653850	0.000755356993519653
29655151	0.00307722427149634
29657710	0.0127546744808547
29661061	0.0131644344669579
29661990	0.00232452559254036
29662321	0.00629817738841205
29665570	0.110960486790982
29666520	0.00152241443308844
29667250	0.000954763140008952
29667350	0.000967971894490086
29667701	0.000831630468831127
29669040	0.00101771287074463
29671681	0.003434963366116
29674571	0.00250630915627143
29676080	0.0017381781291408
29676210	0.000797431376816092
29676371	0.000984042661628465
29676521	0.00708756562181935
29678851	0.000833388705940211
29679001	0.02473537797891
29681211	0.00620036849666354
29684070	0.09492212850778
29686520	0.00125257835622687
29686981	0.00072928566524651
29687250	0.00488728068238959
29688470	0.000776743922754917
29689420	0.00259680904402951
29690021	0.37943175089272
29690560	0.00251371050461588
29691121	0.00081981063350108
29692050	0.00443616175972935
29692460	0.000783497856400646
29693020	0.000964362850308992
29694810	0.000778457684435869
29695490	0.0007763432181552
29696911	0.002910485153837
29700070	0.000797138963676351
29700771	0.00113809044479542
29702390	0.000735642772885472
29702650	0.000842477669817787
29702861	0.00127110765524317
29703930	0.00114950607233059
29705710	0.00127760037425765
29706380	0.000770098493040412
29706721	0.000741727678095287
29707760	0.0020621995253011
29708361	0.00234358294572458
29709871	0.0024966453600768
29713830	0.00136700489000023
29714250	0.000742682851274706
29714280	0.00208353693889037
29716501	0.000799764320287732
29716791	0.000928453770896221
29718260	0.000755632680882811
29718311	0.000786177479731105
29719281	0.0213831009734294
29721170	0.000789136023390076
29721871	0.00076315019892975
29722820	0.000944818983492873
29725481	0.00111065237884692
29726721	0.0034396961967479
29726930	0.0215946547590761
29729341	0.0125983637623158
29729611	0.000879390194311149
29732931	0.0191811964503097
29733041	0.000767572582313861
29733860	0.00318602591214483
29734380	0.000964938735777774
29736170	0.000800578014101085
29736180	0.000923605808848114
29736330	0.000818098439131256
29739350	0.000767637551872923
29744600	0.00638857566032886
29744641	0.34182833239817
29745410	0.00105310337659943
29745720	0.000808969695904246
29747510	0.00100590938381603
29748101	0.0528195187010903
29748340	0.000977088801089755
29750380	0.000776952824429943
29750660	0.000865287606492221
29751640	0.00150389439915486
29751671	0.0111171763979378
29751770	0.000887635604335876
29752931	0.000742682851274706
29754861	0.000791850815083617
29755640	0.00107340943582076
29756600	0.0117346080318006
29756631	0.00440954597024626
29758120	0.00173343101370802
29758571	0.0407279880294158
29760050	0.0362302340259894
29760200	0.00683255080609403
29761041	0.000733257623635526
29762581	0.00152414186066365
29763131	0.000763238137813961
29763411	0.000769736363660706
29763790	0.00120305383239005
29764310	0.00585019459328492
29764480	0.00119160992454364
29764651	0.000779917431861118
29765270	0.000965448842103035
29765310	0.000745958989990331
29766390	0.000836490686799976
29767821	0.000884656663468753
29767951	0.054920560637266
29769960	0.00409267878516183
29770291	0.000863095073576374
29770950	0.0144967783575636
29771411	0.00143587704087088
29772641	0.126823701883611
29772791	0.00955336232843909
29774130	0.0020476790017599
29774161	0.00084516887352974
29774510	0.00677542190220591
29774520	0.103253195703781
29776170	0.00449735858641019
29776310	0.000758004233229475
29778550	0.00648050012215822
29779100	0.000940410250859174
29779500	0.00453983854912715
29779640	0.001020118466987
29780221	0.000788310376301633
29782790	0.0316598417488279
29784641	0.00105050822750395
29785030	0.00141825775741198
29785980	0.0018479543455498
29786260	0.0146451331969505
29786691	0.0319734623195043
29787630	0.000834328318271892
29787941	0.000735957442470721
29788440	0.00216767753362634
29788730	0.00219695412281446
29788921	0.0072973342103683
29789960	0.00401145126742424
29792361	0.00134165535368749
29793010	0.000854627871162941
29796600	0.000890479875745153
29798380	0.00195510088089561
29799811	0.00479534743241647
29800631	0.0209713054245542
29801061	0.00117825478876525
29801280	0.00084852010782515
29804081	0.000743751542448764
29804460	0.00199404601901463
29805611	0.00749142898894323
29806981	0.000986913386820902
29807821	0.000782201961989434
29809191	0.00113773925025131
29810790	0.00096950320577425
29810820	0.01200332230017
29810950	0.0015064567911161
29811470	0.000766532037641077
29812631	0.000749131710655333
29814100	0.00467984984627022
29814660	0.00431786747425759
29815401	0.00126009054865531
29817570	0.00230410545132192
29819910	0.00125576243993472
29820460	0.00209104534057971
29821881	0.000736198665767696
29822780	0.00140396932362394
29825260	0.00297937369490579
29825560	0.0139835521575376
29825871	0.000972243966333907
29827220	0.0312230056414868
29828570	0.000745958989990331
29828750	0.000886752481307003
29829000	0.0161076209850683
29829400	0.00662720236109131
29831330	0.00247743861200506
29832160	0.003934592987397
29833550	0.000890222439134119
29836091	0.00279628967309612
29836300	0.00611365535802507
29837601	0.000939261487140404
29839941	0.00427583950740672
29841861	0.000745958989990331
29844040	0.000979209131401673
29846090	0.534050724648501
29847381	0.000824068713205522
29850411	0.00272876973316031
29851220	0.000790450968187506
29852330	0.000759051157880295
29853420	0.118100763327246
29854360	0.000895741953611962
29854910	0.00170801038126385
29855600	0.00072928566524651
29855900	0.00078462523263247
29857041	0.00187464019534709
29857530	0.000759817503174059
29857840	0.00176957733664292
29858260	0.00201448613698071
29860030	0.00090883030034418
29860160	0.000753211435862524
29860720	0.00220111951982329
29860990	0.00411721838321328
29861270	0.00161906408606051
29862530	0.000748848497573821
29862561	0.000736376127315297
29863340	0.00193016666103495
29863600	0.00443473057050847
29864351	0.00388006630074936
29864891	0.0191545434215405
29865150	0.00556091068143413
29865191	0.0010047358856905
29865991	0.00215220906948964
29867791	0.0102440980534349
29868010	0.000815676138462028
29872361	0.00114265499635378
29873181	0.0474634866865747
29873991	0.007562014260548
29875661	0.000811804766498589
29876361	0.000785602878428121
29879070	0.00084162274498684
29879750	0.00227881663342328
29880860	0.000843008192630027
29883511	0.0019656613894374
29884320	0.00169503154743826
29884850	0.00102727080490082
29884880	0.000774993898084476
29886230	0.000814127915285857
29888850	0.000753167163081294
29889181	0.000896182783329344
29889861	0.0013537461823183
29889970	0.00280487728660203
29890151	0.0172538159701861
29893020	0.526631769639163
29893601	0.000794350263163527
29895651	0.0119440423159007
29897041	0.00307302280404231
29898360	0.00373312429163165
29899760	0.000856314365960855
29900061	0.000800466663076633
29901591	0.000764056127236319
29901861	0.000941488675468164
29902090	0.00237173917426272
29902380	0.00177020290579893
29903910	0.00177835114840358
29904440	0.00107008734163563
29906281	0.00105065875098714
29906691	0.00453260624108424
29910110	0.000814472512079528
29910650	0.000757464396348436
29911070	0.00132245356286217
29911371	0.00399675043764214
29913250	0.000761441385317845
29914141	0.00076585546542875
29915190	0.00379814526488001
29916440	0.00161990971973557
29917051	0.00136338913763458
29917820	0.000925263504557313
29919641	0.00347761975648976
29920730	0.0037774902709332
29921540	0.000860921725914814
29921571	0.00272320214637379
29921861	0.0174302373203906
29921980	0.00123854968715016
29923870	0.000754176476341562
29923910	0.00621893304211099
29927330	0.00177221680970643
29930261	0.00135635116176496
29932491	0.00169824014590624
29933410	0.00206590258096843
29935630	0.00127178240801552
29937290	0.0142324126500787
29937700	0.00138696671337238
29938360	0.000804682387663246
29938411	0.00114042411705543
29941321	0.00225394972687954
29942780	0.000736701341134504
29944850	0.000871754205996211
29945140	0.000811605530444298
29945400	0.000737204979233018
29947511	0.002278444133296
29948560	0.000774681892205233
29948761	0.000743423218662231
29948830	0.000769255556155352
29948850	0.00419026640610521
29949010	0.000863246823663531
29950790	0.00104973460302389
29951050	0.000818128770175383
29953431	0.00228914790235272
29953530	0.000853987316925748
29953721	0.000782354779043915
29954121	0.00626462225834202
29954530	0.00101440706554588
29954971	0.000780814944991232
29957410	0.00386486309108607
29958640	0.00162428057248218
29958760	0.00093777206335809
29962350	0.000742562276593807
29963801	0.00112042708267802
29966660	0.00203214013780321
29967091	0.00209020580871632
29967231	0.000777799879105528
29967310	0.000812256943260366
29967750	0.00939228858806417
29969540	0.000787069642743659
29969800	0.000913895755811829
29971190	0.00229112991799194
29972150	0.00118851946504136
29974070	0.00416259173776337
29974401	0.00087275052862197
29974681	0.00158940397291806
29974760	0.000736264951139303
29975070	0.000856852667275213
29975661	0.00220426948048235
29977250	0.000813061692751371
29977270	0.00145895224287611
29977441	0.000887588155833856
29977721	0.00072928566524651
29979651	0.00124497884092232
29987221	0.0265526033466797
29987350	0.000978700854535607
29987641	0.00072928566524651
29988830	0.000831272718344084
29989721	0.00199086911300685
29991450	0.0018708204199075
29992710	0.00128483140127033
29993530	0.000781709370020984
29994821	0.000736264951139303
29995231	0.00198347889132685
29995361	0.00224824520266385
29996420	0.00492053181580156
29996461	0.00912506609923335
29997441	0.00153344074284548
29998110	0.00135701114193417
29998210	0.0161208277424946
29998500	0.0106324087139632
29998790	0.000771448880323197
30000461	0.00265434143264477
30001540	0.00076522979481755
30001550	0.00105400438219008
30001660	0.0290749608757679
30001800	0.00159445030871063
30002760	0.000826916324173969
30003911	0.000742682851274706
30004611	0.00270605791869128
30004901	0.00204865518882594
30006541	0.0011638339892241
30009390	0.0499264305959853
30010780	0.0032376119531163
30010900	0.00113676242001622
30011231	0.00313044288554103
30015310	0.00110659395984712
30015880	0.00998423358748897
30017680	0.00249206302252104
30018760	0.000759051157880295
30018930	0.00415152473210767
30020181	0.0169388993240076
30020990	0.00133845328432149
30021520	0.00105668935707452
30021830	0.00111458586152433
30021841	0.000956937493262425
30023590	0.0166626429389491
30024590	0.00072928566524651
30027600	0.00116278937385924
30029981	0.00539766719188622
30031880	0.00102327417344982
30032690	0.000921091546525548
30032980	0.000746220339308367
30035200	0.00937530109235393
30036150	0.000736701341134504
30036160	0.00100851414064009
30036170	0.000742682851274706
30036820	0.00167198384591192
30037660	0.000777385843301862
30038661	0.0137772292394143
30039210	0.000859210701138932
30040471	0.000770098493040412
30042340	0.000766055862328879
30043091	0.000825501072704361
30043610	0.000975865698040455
30043641	0.00478707240291449
30044601	0.000776494760599817
30044741	0.000987374134692467
30045270	0.00274274259663744
30045431	0.00528480599817092
30046220	0.00477804577253573
30046691	0.0373712347847917
30046780	0.000736264951139303
30047440	0.00340599876534913
30049120	0.00130312654719161
30050210	0.00361416514246193
30050541	0.00100786446575221
30053571	0.000889805787499015
30054630	0.000879041784044189
30055101	0.000754914867079438
30057441	0.00278343844525363
30058240	0.00962388654515631
30059371	0.000810581441794979
30060160	0.00077943264752037
30060850	0.00326514635566072
30064410	0.0014713755224685
30065410	0.000897292135674384
30066770	0.418895935906296
30069670	0.00226985925696312
30070961	0.00101442294672835
30071620	0.0013257877529523
30073141	0.002181180895924
30074650	0.00960687281233744
30076181	0.00198521582175145
30076321	0.000839389553733457
30077971	0.00113410611040005
30079870	0.000849921713188649
30081161	0.000741278305848288
30081640	0.000764390037020175
30082080	0.0454122256796345
30083480	0.00123001105295651
30083491	0.00535205331557045
30083850	0.0145192440891462
30085441	0.011439458488183
30087870	0.000885632621631202
30090360	0.000799722913088349
30090470	0.00349803571837181
30091361	0.00185561089904823
30092270	0.0026732002028076
30092280	0.000805623595201194
30092331	0.0523923485330904
30093291	0.0109236286568879
30093390	0.00226797808237629
30094630	0.00237262361855406
30094770	0.00267868206965627
30095020	0.000735642772885472
30095710	0.000896308495645447
30096550	0.0011768833057488
30097500	0.000733556802490595
30097520	0.000934987970216983
30098780	0.00506462227760949
30098931	0.000749903469408375
30099020	0.00629343344002229
30100201	0.00106823708860179
30100471	0.000749903469408375
30100570	0.000745958989990331
30101291	0.0138162672919275
30101431	0.000857663403843564
30101920	0.0124605868686629
30101930	0.002279619111765
30104030	0.000735642772885472
30104830	0.00377706963861254
30107071	0.00103592620201215
30107710	0.000933319237150335
30108410	0.0077967383532631
30109971	0.00479084312008438
30112601	0.00518234749301061
30113380	0.0213005701569514
30114220	0.00406269533187927
30116550	0.00121647627525083
30119430	0.00966720153272278
30120041	0.0177656870281135
30121691	0.0158017881008598
30123440	0.00116039460540559
30125400	0.000736701341134504
30128591	0.00101919289411123
30129120	0.000879482502175718
30129240	0.0032761847655122
30130101	0.000759451239012648
30133141	0.00272184305049288
30134370	0.000811316561691072
30135901	0.0129309860104659
30136290	0.00718142640017609
30137810	0.000853300171471371
30138780	0.0452213667128785
30139720	0.000786970508597901
30140031	0.000903650731602608
30140741	0.00354341428237821
30141281	0.00263218881455777
30142480	0.00460272894507187
30143361	0.000738234959986326
30145930	0.00517493693010048
30146760	0.00162051075334619
30147330	0.000894222764075004
30148420	0.0161241876238065
30150261	0.00165445203574362
30150500	0.00147992056746634
30152850	0.00098184799573414
30154360	0.00208415405308712
30157431	0.00232464839024776
30157500	0.000810616883215022
30157540	0.0010985622602703
30160290	0.001922242413053
30161411	0.00244215574477819
30161520	0.00396865129100501
30161790	0.000806302679059715
30162811	0.0105710165921089
30164731	0.000798995032713489
30167050	0.00410510249053099
30167460	0.0020892760014923
30169571	0.0154011795424529
30169981	0.000969242599963901
30172741	0.000732502749325893
30172940	0.00243923321628076
30173510	0.000985927523188853
30175201	0.00082336026885568
30175290	0.00338816229545154
30176861	0.000749903469408375
30178340	0.000834206714290505
30179290	0.00101577169840681
30180840	0.0333079512669189
30182371	0.0010882405903156
30182870	0.00580323713019744
30184120	0.00757451362490688
30184970	0.00421042538081521
30185401	0.000721808098910622
30186231	0.00150434391626096
30187150	0.000744012631628563
30187221	0.000780980020362809
30187590	0.00128655346902492
30187980	0.00249627333382999
30188270	0.00784183823213885
30188670	0.00127254227206639
30188721	0.000737069136752439
30188731	0.00116710539469928
30189281	0.000832546271747236
30189691	0.000822102047974772
30189800	0.000837109168161117
30190210	0.000868121420769656
30190391	0.00204993282682225
30190460	0.00104538877896831
30190490	0.025283027005376
30191310	0.000820497155103782
30192171	0.00182866878648472
30193151	0.000926726902669096
30195071	0.000744259996753192
30195471	0.000822611003143372
30195580	0.0025024913914732
30196591	0.00132503593147843
30197131	0.00389216219557293
30197260	0.00220659171092556
30197360	0.00143017662729677
30198231	0.0183522107435163
30199891	0.0354795903739564
30200461	0.000887572750646804
30200670	0.0108425457252723
30200830	0.0032726952709299
30201510	0.000889755173783092
30202060	0.0015682333457662
30202080	0.00139738624356938
30202880	0.000836947677731702
30203911	0.000735642772885472
30206101	0.00109722278670489
30206200	0.00092361506301015
30206381	0.00420423650579616
30206610	0.00164982101067911
30208010	0.00205789291630576
30208400	0.00185422586705681
30210060	0.0344575296789466
30212410	0.000787402960253232
30213370	0.00458195465706624
30213841	0.00206744646440776
30214661	0.00110532803207569
30214671	0.000776586962151159
30215040	0.000805663008403253
30215081	0.000795436710405517
30215341	0.000886509635996724
30216280	0.0034331691614108
30216290	0.00534243570289444
30217380	0.00402724186006192
30218060	0.00555731955264159
30219030	0.00662623329763984
30219420	0.00477459244101563
30220181	0.000933245521552928
30222091	0.00136450321437163
30222330	0.000957340013598306
30223970	0.001252014476646
30224000	0.00777598722850071
30224660	0.0780153973691568
30225131	0.000910824479908878
30227160	0.00131662048475103
30227221	0.00158588020820899
30227440	0.00255456623663778
30228540	0.00178669747704772
30231341	0.00355847088842506
30231881	0.00499841822088554
30232161	0.000781188061811333
30232991	0.000843280759070598
30233141	0.000939620654812095
30235580	0.000824276058020076
30236161	0.00193400025450122
30236591	0.00343291114434789
30236700	0.0036030952455513
30236950	0.00172482761596729
30237650	0.00121915850929219
30239710	0.00227417050286822
30240000	0.00197817046933681
30240420	0.00111012512513663
30240550	0.490106829102633
30240731	0.00114789925225738
30243710	0.00180737106817604
30244140	0.00168826475784278
30244861	0.000736264951139303
30246210	0.0344265667046985
30246770	0.00443045762968259
30249650	0.00348803809257401
30250231	0.00275066363850917
30250740	0.000865316640330821
30251300	0.000804061520963346
30252930	0.00102681505227827
30253811	0.00228577795412398
30258320	0.00169063556933498
30259000	0.021274387537032
30259201	0.00203649222396282
30259590	0.00307342149813555
30262610	0.00180491930327202
30262730	0.00494288905639387
30265121	0.000742354998903751
30265640	0.00106336811907004
30265920	0.00779709345660901
30266310	0.000822825105136369
30266340	0.000766163781517084
30266610	0.0007905693479675
30268820	0.000905306751253796
30269110	0.0222832234268529
30270101	0.0130969582192617
30270791	0.00295897174504335
30271481	0.0283510334387582
30272711	0.000743751542448764
30274111	0.00082770477621026
30274641	0.000743751542448764
30276100	0.00276004012688967
30276250	0.000750948348792126
30278791	0.0018585811157296
30279751	0.00077173249899528
30280031	0.00128930586426026
30280291	0.0032022160682266
30280830	0.000934345376967804
30281391	0.00314694324258651
30283590	0.00812270739805843
30284270	0.00925335065777714
30285811	0.00202555030680678
30286180	0.00441806969013664
30286610	0.000974332251115496
30287020	0.00688835469190158
30287580	0.000974320262299564
30288410	0.00122187521298824
30288431	0.00150153032603438
30288530	0.710806002566577
30288731	0.0175437540875793
30289780	0.00122162629976907
30290641	0.000744903125470329
30290890	0.000904500445006698
30291280	0.00113866367523711
30292041	0.00117310678252727
30297261	0.00151084533129118
30297941	0.000754960665624305
30299290	0.010664764436277
30299860	0.000791042559881113
30304250	0.000976503155635434
30305001	0.0113178728776182
30305230	0.0154196950138363
30306101	0.00363739397531312
30306880	0.00216884119902343
30307040	0.412264649852508
30307481	0.000846113708474257
30307621	0.000854380551228191
30308380	0.00364144262307915
30308930	0.00113281216658689
30308970	0.000994806625914139
30309650	0.00126673649578761
30311570	0.00087762527383031
30312291	0.000846979872055186
30313510	0.00953547617000439
30313520	0.000825038033475593
30314231	0.0007826636378472
30315331	0.000832139002956658
30315580	0.0260233697351924
30315621	0.000846752864639062
30316431	0.00262974022418514
30318440	0.00138237986760575
30319160	0.00726716603759933
30319341	0.00243971608718458
30320421	0.00180048260802922
30320790	0.0106022238686316
30322791	0.0022800586997443
30324971	0.00182806011493434
30326081	0.00224248875609775
30326450	0.000945477475872572
30328011	0.00509807786624737
30328660	0.00224488872081538
30330860	0.00982427776996643
30332011	0.110665631077624
30332161	0.00136063316500564
30333360	0.000765983745263848
30333691	0.000793515339278397
30333961	0.00089837031501136
30334180	0.00632396437715124
30335051	0.0020337381034215
30336930	0.00162350203678061
30337391	0.0181954025351085
30337630	0.00129382714750174
30338501	0.000741352304672371
30339680	0.00168711587760638
30339741	0.00354666814677008
30342791	0.000750221267383624
30342931	0.00243708368545451
30343300	0.000816493782880705
30344120	0.0104776619882362
30346491	0.00220566290044496
30346921	0.00233246048564195
30347010	0.000937109400084724
30347030	0.000804960698660678
30347560	0.00912092725838479
30347891	0.00272963124378825
30349961	0.000736264951139303
30353551	0.00274858119351881
30354071	0.00414440850080814
30354450	0.00425348104598907
30354911	0.00140356571806598
30355280	0.00116055101149493
30357821	0.00118122611786107
30359300	0.000745958989990331
30359560	0.00215905920753916
30359871	0.00778438966575971
30360141	0.0153511724669278
30361610	0.00214393185993044
30361770	0.00465398982710938
30362740	0.000838249811293081
30363601	0.00817285119125837
30363830	0.000743423218662231
30364981	0.000823131183258019
30365131	0.0221199799664802
30367290	0.00233757312274478
30367970	0.000796905597675464
30368110	0.0109667488691887
30369920	0.000866516972512781
30370580	0.00513386564849661
30371410	0.000740475435690069
30372851	0.000828984655888053
30374450	0.000808218097583071
30375960	0.0113206100265376
30376120	0.000952301484988825
30376520	0.00109469065368973
30376701	0.00217118289638864
30378450	0.00157365091524769
30379420	0.000735642772885472
30379461	0.00134257675046007
30379990	0.000845303309774706
30380161	0.0027803336622385
30381111	0.00276814514904075
30381261	0.00185284617638458
30382040	0.00091504335446999
30382330	0.0033625672536664
30382570	0.0174205046449423
30383430	0.000906667755672926
30383720	0.000770252205680679
30384260	0.00308824287164566
30385541	0.000785602878428121
30385630	0.00336522440577031
30386911	0.000774160806187454
30387270	0.00285299021127384
30389910	0.00121380091366662
30389931	0.00384453695170332
30390501	0.00164571042128381
30391311	0.0478389961265289
30392410	0.00119644147201019
30392530	0.00360945969116652
30394020	0.0487122330456253
30396100	0.00114161734981219
30396421	0.00139176016704137
30397220	0.00499752234446915
30397470	0.000803910074710482
30399290	0.0153018304158288
30400640	0.156770842125845
30402351	0.000848078655575828
30402860	0.00839232379834619
30403311	0.000946620200112764
30404670	0.00152851277772882
30405610	0.00607056661689457
30406740	0.000760773861166997
30408831	0.00608154525226321
30408971	0.00313706771212862
30410371	0.00949880115410716
30410481	0.00405356511026457
30411120	0.000735642772885472
30411950	0.00210186092370762
30412021	0.00149216180723132
30412950	0.011333933146433
30413750	0.00245079837987154
30414621	0.00504783061642953
30415440	0.00203096245204375
30416260	0.0040711344176345
30417241	0.00489801228845543
30418430	0.0163847218103725
30420011	0.00076632933894928
30420250	0.00229995269598774
30421521	0.00489454852526477
30422440	0.00125061153804956
30423331	0.00162136071243624
30423731	0.0146495753154405
30424971	0.000866939794919672
30427400	0.00103568373556557
30427530	0.000732407885540972
30427810	0.00156626434493234
30428380	0.0231215609152903
30428660	0.00395534564297172
30428810	0.00884342905244735
30430621	0.00352921936557818
30433791	0.000766586711113517
30436090	0.0065962584494069
30436971	0.0713512543029129
30437470	0.000769255556155352
30439031	0.000776466308985675
30439331	0.00072928566524651
30439670	0.00100667090144701
30439690	0.00153264019852208
30439820	0.00502706180464379
30441801	0.00170295832231219
30442891	0.00655973377316227
30443031	0.000920885728436948
30443160	0.000851941705941099
30445340	0.000783447934652215
30446621	0.00758152175431188
30447670	0.000760176001186185
30448571	0.00147887665105694
30448961	0.0424261700776025
30449391	0.00108735981250823
30449610	0.115150498948286
30450150	0.0010349607832057
30450710	0.00330125434490754
30450720	0.000736701341134504
30452691	0.000979870165553684
30454980	0.00110147135352976
30457811	0.0101123250854854
30458430	0.0279143920753648
30459390	0.00333550461968113
30459881	0.00106161586127555
30463020	0.0336050468333581
30464500	0.0407224235169305
30466440	0.00448968699374894
30468380	0.025723016723825
30469460	0.00275488641017059
30469931	0.00328403949930905
30471270	0.00132977734707782
30471881	0.000994537258601087
30476271	0.000803150858093193
30477060	0.000797732874548441
30477101	0.00197106659172836
30477210	0.00326811560448367
30477531	0.0017235247317261
30479260	0.00163672182253184
30480001	0.0027665298701766
30480141	0.000742794995834713
30480981	0.00124090077440587
30481101	0.0031862875866718
30481880	0.0015159634134221
30482740	0.000744541765352753
30483400	0.0123492222684966
30483830	0.0036812145007863
30483991	0.000823284926067931
30486420	0.00203986396444876
30486460	0.000882018443288368
30486771	0.00646790049585322
30487010	0.00081123543465782
30487721	0.00420334756264302
30488080	0.00370938101960003
30488271	0.00339363437423359
30489350	0.0117703382293198
30489630	0.00217751599175027
30492500	0.0745257685723374
30493740	0.000740966973104967
30494440	0.000825672109743268
30494751	0.00123809480228987
30495851	0.00676749011206574
30496681	0.000742682851274706
30498980	0.000820317999246637
30499731	0.00114488604634211
30500841	0.000895673259301908
30501070	0.0491933243122174
30501220	0.37871265318901
30502180	0.000758246636858767
30506600	0.364629573174272
30507591	0.000735642772885472
30507690	0.00127513576119027
30510081	0.00107392663709997
30514221	0.00114192941653637
30514901	0.0199158873210573
30515010	0.00188264831346418
30516910	0.00364034858908424
30517050	0.00218860477736883
30518040	0.00072928566524651
30518970	0.00100801478781009
30520411	0.000738887879217954
30526030	0.00280415321852384
30528001	0.00149515784042389
30532281	0.000807345442964394
30532821	0.000887946314419816
30534690	0.00106286895194643
30535270	0.00446437407577662
30538430	0.00318279715034026
30540551	0.00232738941580361
30540790	0.0007725887380997
30546310	0.00340521190324479
30546970	0.0074303981206597
30548510	0.00261204072316385
30552691	0.00600312824215275
30556100	0.00100880086266826
30556930	0.00285447882701769
30558351	0.0123450488207456
30558560	0.00141506117354638
30561381	0.00096085005597621
30561661	0.00778758518287707
30562430	0.0048086846698171
30563181	0.00167394880350362
30564920	0.00722691935881046
30566280	0.00338481109897226
30566690	0.00216673008989054
30567171	0.00155937798876829
30572110	0.000807251742232755
30573101	0.00105722031807744
30575830	0.00124693396443303
30577350	0.00905775625109504
30577730	0.00358283895320254
30578061	0.00196439832572915
30578741	0.00105846419709227
30579591	0.00172155564316749
30579701	0.000847773273778339
30582331	0.000903004236542401
30584831	0.025105565514417
30585030	0.016099508251288
30585210	0.0123291144129536
30589490	0.000848168023712287
30592900	0.0011180878633518
30594410	0.0175201986719867
30596220	0.00433725104318664
30596961	0.000902478323272032
30598621	0.000927336871965953
30602321	0.012834644414401
30602881	0.00136139932132187
30606270	0.000852162823345452
30606871	0.00157144155683421
30606980	0.000813350579024857
30607520	0.00101151581360654
30608220	0.00101690356433286
30612121	0.00324042812979554
30613070	0.000924502328521918
30613361	0.00395798548223882
30614840	0.000805180230699473
30615161	0.00501629422671015
30616760	0.00126479668833774
30616920	0.000921399979020905
30617040	0.000791130474006639
30617200	0.000791496687335576
30618051	0.0116908345105693
30618181	0.0010005463333907
30618881	0.00105195523717023
30618960	0.0172225168275226
30620261	0.000988322444729024
30620650	0.000763238137813961
30623171	0.000837087641143747
30623410	0.000785797643257793
30623650	0.000749903469408375
30623981	0.00896009157558512
30623991	0.000880094606744547
30624401	0.0234823772053374
30624671	0.000800004004816815
30625170	0.015880843675677
30626051	0.000764980493420353
30626420	0.010781470018004
30628801	0.00103193177310038
30629211	0.0216765628359826
30629760	0.00649875316093711
30633730	0.00134595811374525
30634550	0.00297564152578623
30634860	0.000766315032639551
30634881	0.00298467006654366
30634891	0.00340758676448519
30635240	0.00326399716932616
30636220	0.00271111600873245
30636240	0.00361240880854617
30637190	0.000786573623726017
30638741	0.000855037578267381
30639270	0.00114478329353237
30639441	0.00117604661234089
30639680	0.00236892198891216
30639711	0.000782152766051032
30643171	0.195123707861031
30643550	0.00187220382564452
30644131	0.0017481210654017
30644480	0.000850802189409455
30645720	0.00297183871231641
30649990	0.041698543999207
30651561	0.0605753433814
30653160	0.00364376427108427
30654440	0.000862873386235091
30654611	0.000845909216215179
30655090	0.000820868078294405
30655831	0.00291197171012684
30656681	0.00348382786494847
30658400	0.00128451749339178
30658451	0.0026944836693907
30658550	0.00091844428034651
30659151	0.00385931527137142
30660890	0.000772842959130684
30662341	0.000799853307292947
30662540	0.00168868197869063
30664251	0.00179310184623161
30664780	0.0212861726660054
30665091	0.00231826822181132
30665580	0.325936054786859
30666331	0.000876829421811686
30666840	0.00411751390434261
30668391	0.350583566849042
30668480	0.00265609115376924
30670150	0.0112713515187356
30670300	0.00847371076259078
30670331	0.00487640917742678
30670341	0.0194766048214717
30670850	0.000856268722229662
30672100	0.000818297091503328
30672391	0.000805741581383535
30672750	0.00350822027983019
30673340	0.000842516138111912
30673501	0.000742682851274706
30674181	0.0249127840086633
30676811	0.00100605880781008
30677631	0.00085677880243613
30678451	0.0149296763972645
30678820	0.000741278305848288
30679291	0.00223362082264187
30685340	0.401055589483534
30685450	0.00142973523686883
30685720	0.00197248188738332
30686000	0.00174049607561663
30686720	0.0106747577899901
30686840	0.000737204979233018
30687561	0.00165246514419943
30689740	0.00125528649263713
30689890	0.00819333694185073
30690140	0.0153449438307777
30691421	0.000765937499385794
30691981	0.000985903448866755
30694611	0.0152949220920377
30696740	0.00724361289874887
30697730	0.00463838895628238
30701361	0.000812504689129816
30701850	0.00332204229952437
30701911	0.000922431835018054
30703141	0.0008689432731907
30706861	0.00130972372308139
30709460	0.00270568368438523
30710690	0.000939443921012044
30713201	0.0869249112468012
30717211	0.0504365836470475
30718410	0.000827913141732315
30723110	0.00090188870567545
30723260	0.00790736385262055
30724101	0.000763531097935754
30725071	0.00161569695413755
30725580	0.000727778653281435
30726591	0.00185127127930414
30728651	0.00321401760496771
30730570	0.000781778377888036
30734700	0.00178107438237775
30739981	0.0107016309505767
30741341	0.000950924016331113
30748521	0.00904234553868208
30748671	0.0229692772056313
30753180	0.00129248401740643
30754570	0.00863980078997752
30757440	0.00608971613210989
30758570	0.00386415879129429
30761150	0.104194776874713
30761880	0.00126085435364574
30763001	0.00115369201800758
30766161	0.000816327293372656
30770280	0.00388643695174154
30772241	0.000822102047974772
30776050	0.00144937414967496
30776180	0.000777183448138954
30777190	0.0061611880459988
30777600	0.00804666848538054
30781990	0.00238179137975459
30782250	0.0105069820636542
30782570	0.00111443663564202
30782690	0.00256922403220681
30782731	0.0145176291350285
30788340	0.00134022463435105
30788641	0.000866619363483385
30789631	0.000737324414023878
30790031	0.00077066828825215
30790851	0.0053704666907735
30792180	0.000800351439998701
30794700	0.00074299011063145
30796101	0.000948909603529952
30797560	0.000857993764427327
30798871	0.000819720465311675
30801560	0.00128664411720534
30801911	0.0026548249256564
30802161	0.00115029800862472
30804620	0.000804057738126329
30805331	0.0105530517719426
30805351	0.00096822398684668
30806041	0.00187031902259909
30806130	0.00143141654775466
30806800	0.000763238137813961
30806820	0.000877592574821104
30806840	0.00453698367618273
30808050	0.00172854199997804
30808620	0.00349928867224883
30810591	0.000818931110486393
30815370	0.00188021833586461
30818400	0.00302313241851424
30820590	0.00145189100545523
30820620	0.00243887692247581
30821420	0.00104077105789852
30821700	0.000792834597152832
30821990	0.000878427089021401
30822270	0.00660585252376451
30824460	0.0239008150429033
30826840	0.000999427835060976
30826851	0.000749539685392388
30828190	0.0040352657312698
30829570	0.00175088392669261
30829580	0.00087279109312048
30830181	0.00375982676884164
30830250	0.000833750331757106
30831011	0.0348641367165816
30834321	0.000780736540177402
30834560	0.00252386509508563
30835350	0.00131349825001063
30835900	0.00424767212610177
30837071	0.00171216346845371
30837300	0.000828039989960866
30841460	0.00890215425718904
30841840	0.0010473924563765
30842120	0.0122115650630242
30842530	0.000889104555759238
30842680	0.00289135125196391
30843261	0.00101721206386464
30843900	0.0022542966232806
30844371	0.0169518012874762
30844911	0.00227575909954515
30845290	0.00424202980935427
30845310	0.00373534961978775
30846530	0.000786459544745103
30847831	0.00110424375496299
30849341	0.000743751542448764
30850240	0.00231624407648074
30850540	0.000967072738074203
30850550	0.000732502749325893
30850940	0.0184369010515334
30853211	0.000776924413772547
30853710	0.00253395385257674
30855541	0.00709822081899115
30855561	0.124001629216511
30857430	0.00187932476494983
30857461	0.000804630510249608
30857611	0.0156454988738567
30857730	0.0124874623632752
30858520	0.00102714821619965
30859110	0.00248981150988987
30859360	0.0034109734310066
30859391	0.00259646964644036
30859411	0.00111928331145147
30861201	0.00075732075143639
30861211	0.00797178831971345
30861850	0.00889995928393525
30862021	0.00170737635707136
30862810	0.00384848805659576
30863281	0.000980223386289311
30864661	0.000942160735043386
30865191	0.00106637097309229
30865280	0.0690371099316383
30866861	0.0279348425711204
30867640	0.00465087973253282
30869590	0.00125615602880432
30871620	0.000899325906875224
30872750	0.00091381333610696
30874240	0.00547311183459288
30877010	0.000801946670536765
30878810	0.00850975634279209
30879240	0.00145091609911648
30880030	0.00081586875508131
30881611	0.00107499123625353
30881990	0.000847507619345894
30886540	0.0022790605901453
30888330	0.00108859871392349
30889960	0.00109436205938039
30892610	0.0178573008531916
30892720	0.00287943706716017
30892931	0.00670986293213089
30893550	0.00110678641362286
30893901	0.000771040564027072
30894380	0.000795842727810279
30894540	0.00203843906187632
30897690	0.00334030567918759
30898530	0.000790388884754735
30898861	0.000792498675359174
30900221	0.00412327109150947
30901751	0.000844891278430989
30903001	0.00153219274687208
30903941	0.00152995951030326
30904030	0.012148346281501
30905751	0.00175158867333234
30908610	0.00096358426921387
30908791	0.000758977134521351
30909700	0.00274796776601739
30909891	0.000782380796083079
30910550	0.00163749258875969
30912190	0.0822388938664949
30913440	0.0364473172622921
30920750	0.00372381738319804
30923391	0.0286930155282466
30925570	0.000863360502479698
30925720	0.00204754987850557
30929191	0.0185171590252555
30929430	0.00124831395449704
30931681	0.00180813630724244
30934950	0.11087691070038
30935131	0.00126026187523478
30938291	0.00227370669469468
30939521	0.00112787624356013
30940340	0.00132938270408288
30943090	0.00211861895159726
30943360	0.00245315442864852
30945751	0.0109750693031904
30948101	0.00388919540248072
30948651	0.00189695531093767
30949820	0.0010213855255368
30954650	0.0019741338145315
30955090	0.000948618770096726
30955330	0.0062854747977095
30958240	0.00084928870805978
30958711	0.0126353611806927
30959381	0.000792207539516468
30959620	0.00109838998665035
30960180	0.335447925035889
30960300	0.00464873398971682
30960870	0.00524531261971841
30961010	0.000834841837925757
30962240	0.000922221731851129
30962680	0.00078071514257934
30963401	0.0125519450168278
30963811	0.00410851592428171
30964040	0.00168404027982041
30964050	0.00152192999649587
30965020	0.000816349637569927
30966431	0.000830483928892269
30966851	0.00382646418303304
30966930	0.00681890775751686
30967070	0.00338638902261321
30967251	0.00148188547171753
30969130	0.000856250672856341
30969290	0.00381787051731767
30971090	0.00188189457715501
30971210	0.00126930027251196
30972610	0.00100846110555642
30976351	0.000859833949419525
30977400	0.000851332968055379
30977420	0.00157823226833328
30977430	0.000871050085968082
30978130	0.00289268272042201
30978421	0.000791201592182313
30979500	0.0238558659878038
30982230	0.000917659810679406
30983330	0.00655497761336145
30983370	0.00204334794765098
30984040	0.000769756209535529
30984170	0.00100229700667143
30984890	0.00100340800875721
30985820	0.0349651041092966
30986130	0.00457683706717925
30987330	0.00722072997346861
30987770	0.0171872335180925
30988781	0.00414698590598631
30990021	0.0157203353032388
30990510	0.00216441356030155
30990540	0.00342840952233745
30991791	0.0191635703153318
30993061	0.00459538122366362
30995780	0.000927673940398741
30995791	0.00185684136653871
30996440	0.000843674808427326
30996590	0.000950194123979586
30997570	0.000829724015402185
30997591	0.000846572190925764
30997950	0.00105309661478945
30997990	0.000974370992189318
30998400	0.000766907909490085
30998500	0.00350894690961972
30999510	0.0112488580254438
31000361	0.0014839098739771
31000580	0.00448013572212867
31000860	0.00316148161934756
31001560	0.0116098476538986
31001850	0.00140519379844624
31001970	0.00332372790892771
31002301	0.000774885483264748
31002400	0.000737695360173327
31002551	0.00436597500664866
31002841	0.00280928543932395
31005400	0.000935082942699399
31007060	0.00101599945373192
31007210	0.000820592301825702
31007480	0.0171022880763258
31008641	0.00336622794297508
31009280	0.00153568008235765
31010011	0.00090222003682578
31010120	0.00680162359063538
31011391	0.000757404599398209
31011511	0.0827555169795177
31014161	0.00224106980174217
31014520	0.000753211435862524
31015381	0.00245548722100188
31015801	0.00106270799279133
31016860	0.0113803957006603
31017181	0.00759648534487683
31017191	0.00085428397342183
31018431	0.00104234060631563
31018940	0.000769217627038799
31019050	0.000792345673993892
31020610	0.0102612281853368
31020781	0.000984359031229105
31021461	0.000800635651257631
31022701	0.000791756359523137
31024071	0.012543004481122
31024201	0.000849632290874639
31024221	0.000968279875504856
31024720	0.0024712037421859
31025120	0.000773710900938614
31026291	0.00130894104532319
31027080	0.00208330165231865
31027251	0.00076987244011146
31028160	0.000822373029601214
31028880	0.00107069827549015
31030421	0.00110943551653942
31032170	0.000861300388921022
31032720	0.000763671057245165
31032781	0.000783962219744787
31033010	0.00199983018917819
31033150	0.0164676683706235
31033840	0.00116535131210426
31035671	0.00125289424942097
31035801	0.000955233489515807
31036740	0.0445656546412199
31036911	0.00200700162422124
31037191	0.00113411404731835
31038520	0.027274781334854
31038950	0.000813763998753782
31042540	0.00694854192724118
31042971	0.0362427594291543
31044840	0.00131162929388207
31046151	0.0152410541077274
31046630	0.0028127592984332
31048010	0.000873310202487318
31048160	0.000877952542416987
31048481	0.000984029069580681
31048600	0.00161440809056546
31049530	0.00253557143162647
31051090	0.00163303770031231
31051801	0.000744259996753192
31052330	0.0034588987952519
31054950	0.000781607627651747
31055910	0.00192791971149904
31059261	0.00575803444831989
31063060	0.0034480629533092
31063340	0.000986961607943043
31064351	0.00536842573828869
31065140	0.00339289678812221
31066670	0.000742660776042847
31067190	0.00077993929952457
31070230	0.00199315630598637
31070380	0.000791412482043129
31072290	0.00157839167438684
31072341	0.0130124973244001
31072440	0.00191618835638611
31072631	0.000819039731651786
31073530	0.0008048626814371
31074971	0.00347377032617547
31075521	0.00393162905347729
31075651	0.00136961678907384
31076491	0.020840867462732
31077161	0.0106154939392055
31079330	0.00669169238194486
31079760	0.0022956599527297
31084361	0.000754151066543924
31084450	0.000816541139258214
31084990	0.000877372843511516
31088570	0.0300774686251624
31088710	0.000938623893730118
31088870	0.00210021658316603
31090971	0.0443627987411941
31091921	0.000829597282259327
31092700	0.0014187615231772
31092751	0.00262300035457385
31094001	0.00329279857887286
31094250	0.000753730215432131
31094500	0.000767778748335
31094831	0.000744862661714154
31094961	0.000882796018156233
31095651	0.000886919634179288
31096351	0.00687239570407089
31096901	0.000826999265095249
31100850	0.000780673010603918
31106790	0.00331211501893216
31107040	0.00116924917886562
31113851	0.001573133497295
31120280	0.0198249032593284
31120580	0.00461311552605003
31123641	0.0019436130068717
31123781	0.0140816902349237
31124000	0.000966627529761521
31127791	0.00188333228964636
31128840	0.000823179587727855
31129280	0.0017151951634532
31132290	0.00551889160200866
31134541	0.00242852821348887
31144590	0.0912087169645322
31144901	0.00130499189875749
31146220	0.0278537229149745
31147781	0.000855225825756751
31147931	0.00163163846578539
31148730	0.0969741718829331
31149451	0.00230739388103606
31150541	0.00137225785921899
31151610	0.67198241722135
31151860	0.00142365745518833
31154531	0.00242293738499895
31157670	0.0097567266932761
31159101	0.000861076179297413
31163771	0.00106914952125084
31164901	0.00591396004887255
31164980	0.0262640790483207
31166281	0.0194807621398722
31167180	0.000883578567778673
31168020	0.0020124939063809
31170391	0.00481007608122993
31170510	0.00896568041725438
31170541	0.00111215200164402
31170760	0.0180182456976679
31171450	0.000774113853105535
31172030	0.00077815530450949
31172871	0.000796018622568037
31173151	0.00208415663506499
31173240	0.0359141014211673
31173270	0.000852867694842692
31173380	0.000735642772885472
31173690	0.0124808691617387
31175381	0.257548385215657
31176140	0.00332543105225387
31176280	0.000801134826338662
31178090	0.00558837083950152
31178551	0.000736701341134504
31180720	0.000769150518311891
31182200	0.00101627014373853
31182350	0.00265158454291692
31182790	0.00759722708224439
31183200	0.00589448708554767
31184030	0.00167423969352923
31185021	0.00238752961807482
31185161	0.00454373614113481
31185851	0.000769653220762931
31186510	0.00303583657653573
31186660	0.00130497551149326
31189581	0.000848960267967924
31191180	0.00108507694179674
31194750	0.00423991788114623
31195241	0.00374514921906224
31196020	0.00125644682090847
31197400	0.000871321150194047
31197441	0.000852950093345032
31197540	0.000803027295554905
31198391	0.00081613388361289
31198630	0.00212944375823812
31199060	0.00214853436158391
31200830	0.0149953592855724
31202060	0.00328190150998724
31202090	0.00253912765022058
31203060	0.00246560411079561
31203371	0.000967661028205223
31207651	0.00812425621913256
31208871	0.00177364362146721
31209281	0.000853790669977798
31209690	0.00339762192543795
31210360	0.0028467371984333
31211600	0.000749131710655333
31211651	0.000957499984318511
31211901	0.0552986001896161
31212420	0.00163399152525872
31212871	0.00286719401493473
31214200	0.00238851797764416
31214910	0.00450399678531647
31215200	0.00959039308727069
31217861	0.00128832371927826
31218401	0.00120294897910202
31218770	0.000905042927215057
31219200	0.000908493017281151
31220191	0.00099304169899917
31221660	0.00151305747091721
31221991	0.000970979085088693
31224570	0.00384549449814098
31225031	0.000814978551768059
31225151	0.00108248697498645
31225161	0.00142281509010206
31227070	0.00133082402673172
31229021	0.000737828477765084
31229660	0.000917766386529713
31232990	0.000755115702183162
31233520	0.000790319589499748
31237780	0.000751279641108247
31238200	0.00074216756879977
31238210	0.00104765121239279
31238961	0.137906765041738
31239170	0.00168736102623177
31239761	0.00085407301396904
31239870	0.00612262372415954
31240400	0.0199506970712991
31244020	0.00171543270932287
31244311	0.00597177557509996
31247231	0.000783247133613344
31251580	0.000768405519658026
31254111	0.0034886543840096
31255850	0.00264519753655358
31256970	0.0629162952940709
31260540	0.000771777218257821
31260710	0.000751780603241746
31262330	0.0016516563728254
31263440	0.000962571346348521
31265230	0.000733687350554751
31266770	0.000872058094891378
31266791	0.00228081041615332
31267720	0.0037882735265625
31268400	0.00217302519686901
31268591	0.000970583114499581
31268980	0.00709999737059042
31269370	0.0010442203504873
31269800	0.000952467660696179
31270360	0.00215454796249429
31270391	0.0172230626820686
31270401	0.00250155291449603
31270931	0.00372766944534442
31271600	0.00077173249899528
31271641	0.0347721106030393
31272051	0.000761241001239122
31274521	0.000764057818676648
31275351	0.00120391504653185
31277021	0.000936452094087743
31277260	0.000791681450470657
31277660	0.00115358907459101
31277790	0.00279261307068443
31278541	0.000950574531001167
31278661	0.00131345214382237
31278760	0.00149333880574733
31279870	0.00270128556936706
31280580	0.00114523812256219
31283600	0.010848789544642
31286251	0.00185761518386447
31286951	0.000790826624920861
31287081	0.00424684701465316
31287901	0.00287997841334424
31291290	0.000769255556155352
31293400	0.000776203624133043
31295610	0.00209184625600929
31301821	0.00933519684291223
31302610	0.000862495991400206
31302760	0.00473341146146286
31303310	0.000822911013678016
31306931	0.00230401723431927
31307020	0.00146415813653203
31307341	0.0300130824317471
31307921	0.00259201405999615
31308850	0.00807149377611829
31309380	0.00557655503090117
31309670	0.00138857917448795
31310801	0.000973138543146116
31310880	0.00077066828825215
31311631	0.0156866821998341
31315050	0.000909040049027247
31315600	0.00453968466035827
31317971	0.00399990596662772
31319470	0.00773059455280294
31319631	0.00236398976487014
31321380	0.00177334971353108
31321800	0.00138894951152459
31322801	0.0016651798656271
31328810	0.00318947486913964
31329981	0.000984996006803588
31330490	0.0535732745024278
31331631	0.000987738796279106
31332270	0.000838556398327634
31335710	0.00489827822782864
31337001	0.00361899984197139
31340861	0.0679583776697032
31341380	0.0103306144121353
31342231	0.000886709719105355
31342801	0.00169803465260562
31343040	0.00640964797395259
31343160	0.00156234373464263
31343430	0.00527450484515294
31345151	0.00191309824160058
31346470	0.00102553612299873
31346780	0.0348060428633615
31349360	0.00512328958931001
31350661	0.000825613944265918
31352570	0.0160408002955937
31352741	0.00343910111773671
31352820	0.00208785367773469
31353390	0.00776079584427274
31354330	0.0110978881140894
31356820	0.000753211435862524
31358220	0.00423165420358195
31358791	0.000963953198500328
31360161	0.0127704095931951
31360270	0.00556428675940234
31361510	0.00134586620476882
31365551	0.000957795252189056
31366091	0.00341059457191992
31366791	0.00164510071226229
31368980	0.00173188347287955
31369001	0.0576277627038302
31369910	0.000894455992902552
31369961	0.00270509432142308
31370050	0.00796392005367885
31371621	0.000736264951139303
31371860	0.0031927603110434
31372530	0.000815228204807423
31372980	0.0165612916427791
31374231	0.00221307115382721
31374921	0.000900033988640935
31375621	0.000791604247496823
31376820	0.000742682851274706
31377981	0.00947626299950882
31378080	0.00242333110161275
31378870	0.00175599353944642
31379751	0.000751993818440415
31383460	0.0173099637682501
31384301	0.00149979030074971
31385541	0.187085569608566
31386490	0.00179820268946241
31387040	0.00501053960364529
31388571	0.0336692017021976
31390781	0.000865586196855669
31391970	0.00383525014114426
31392010	0.0511421382876222
31392731	0.00196946988716466
31394630	0.00267616123924738
31397971	0.000781430157903909
31400451	0.000735642772885472
31400830	0.00516020397551313
31401121	0.00121354400701625
31403081	0.000786036211920814
31403331	0.000745552481151014
31404940	0.00220037018801025
31405141	0.00549436311659375
31405800	0.00227082964519655
31407481	0.00201156166273784
31411870	0.000961223569253204
31412031	0.00720075678725326
31412441	0.00109141873056249
31412690	0.00259153643596214
31413281	0.00700375144676604
31413401	0.00285071621106926
31413811	0.00943259387581277
31414220	0.000743751542448764
31417561	0.00123608563028891
31417671	0.0319023171951265
31419061	0.00639596287323951
31419180	0.154577428225941
31420120	0.0117867957637576
31420130	0.00237839767147498
31420260	0.00286529340425879
31421691	0.000745958989990331
31426941	0.0023814604608741
31428680	0.000737655817850898
31428930	0.016461375118916
31428991	0.0586114488682499
31430590	0.00074299011063145
31430870	0.00176971369537102
31432291	0.00234547518137259
31432841	0.000787743931015882
31433971	0.000910236289629513
31436041	0.0112422650852815
31437100	0.00545695872888271
31439040	0.00315353416025332
31440530	0.00241708805080687
31440711	0.000942687684476022
31441640	0.00417096803945346
31444041	0.000943330071513984
31444711	0.00185748350227993
31445380	0.000965023281769117
31446350	0.000766382823171213
31447201	0.00072928566524651
31447850	0.00264819333003268
31449940	0.00551053573326975
31450170	0.00253374895125176
31450200	0.00419818070862516
31450720	0.00807058691317066
31460311	0.00168218802002454
31460660	0.000940629426962917
31461831	0.00142458612087217
31469941	0.00109619397981008
31470170	0.00326624466435532
31471420	0.000871407845043677
31472410	0.000850249867199787
31473001	0.00181634414919096
31473780	0.0207052508688821
31475300	0.00210880516104516
31475461	0.0118878462796182
31477500	0.000869863490588905
31483820	0.000829019338237219
31485240	0.00466370764300397
31485360	0.00195956367642629
31487270	0.0192456177868626
31488161	0.00546286484070507
31488400	0.00100953659501749
31490460	0.0323353778304074
31491440	0.0109914331268865
31492151	0.00425621450939202
31493500	0.00369268593096818
31493790	0.000762794125581717
31496000	0.00136007467326753
31496930	0.00132576308081275
31498091	0.00145428286422069
31498241	0.00210010281685569
31502740	0.00264760207827503
31502901	0.00268780928167207
31503170	0.00100479875800761
31505380	0.0107344830839228
31508390	0.00836337982153729
31508581	0.00574285457649708
31512721	0.00189547626317264
31512790	0.00080133054483167
31513240	0.00513481384491289
31513500	0.0364604729378159
31513760	0.00076308656171159
31514580	0.119667060428595
31515041	0.0123116005030584
31515680	0.00077173249899528
31516011	0.00484414709872897
31517401	0.00089080688826895
31517480	0.000738792189129294
31517821	0.00467883462371559
31518101	0.00525139011598697
31520711	0.0007742591577385
31521470	0.00635315964180688
31521780	0.0061871524065837
31524581	0.0591411227464543
31524940	0.00208839499027185
31525070	0.000737730618752873
31525230	0.00254917260953703
31528520	0.00235913682272243
31530101	0.00171163556743153
31530231	0.000834023883398397
31532701	0.0824226753010941
31532991	0.00380332038983481
31533210	0.000783802292412996
31534791	0.000849062636195144
31536110	0.0155912604849421
31538480	0.000764934589397655
31540301	0.18385112643062
31540721	0.00166877839544191
31541350	0.00222290328562246
31541780	0.00217639857834481
31545510	0.0650904836896628
31545931	0.00523371187429558
31546060	0.00583309688310219
31546081	0.0048689105996822
31549350	0.000811642620722814
31549750	0.000735642772885472
31550160	0.00224887110469287
31553661	0.00158606862806274
31555570	0.000736264951139303
31556281	0.156935744182859
31557780	0.00284895866036886
31559311	0.00198608151578377
31559331	0.000743423218662231
31560670	0.00609970832629289
31561890	0.00149688519428801
31562030	0.00108276623053979
31563191	0.00112996282497742
31565251	0.00300334482739503
31568161	0.00115282336784395
31568411	0.00101507602819441
31570200	0.227883589367127
31570491	0.00557715555965385
31570600	0.00198399569255296
31570890	0.00122626304301163
31571731	0.101687558339462
31573050	0.000780202054099658
31573210	0.00115971888546014
31575120	0.00153162025061619
31575130	0.000737204979233018
31576090	0.000788737923285287
31576230	0.00423101589713648
31577900	0.00192771034495069
31579540	0.00189388549756341
31581630	0.0062778379818945
31582030	0.00221771434960431
31583061	0.000866781221959345
31583820	0.000871513030763842
31584680	0.00138847323048878
31586310	0.00113924038285728
31594300	0.0154984166920746
31594501	0.000876015598233908
31594781	0.000744259996753192
31594860	0.00179658196201988
31594891	0.00287017820947885
31595331	0.000859524362808047
31595430	0.00485266823673001
31595741	0.00202470128595532
31596500	0.000953584731405347
31597080	0.00184745802478682
31598570	0.00107557766440838
31600961	0.002736594802461
31601480	0.000883159037782853
31603140	0.0037593453158885
31604841	0.000963481729215655
31607290	0.0660979900168597
31607690	0.0038178060565189
31607850	0.000798859202456206
31608271	0.00379580008507975
31608821	0.00228754749473625
31608940	0.000754834499896714
31608961	0.00102232383870474
31609531	0.00207865547063133
31610081	0.0377770735095753
31611591	0.000792854991262524
31612571	0.00729081774382836
31613060	0.00337135158325928
31613521	0.000784196236324892
31614300	0.00287355373510609
31614850	0.00270765242849408
31616650	0.00261472988217083
31619861	0.00136072847716825
31620551	0.00694197092658387
31625770	0.000748958644041095
31625780	0.000761623514687743
31627420	0.00092876783142448
31628021	0.000817900761187351
31628100	0.0143954815813091
31628360	0.00342100136614695
31629340	0.00280592243628555
31630010	0.12761231946121
31631160	0.00096277402576571
31631560	0.0103232016590695
31632421	0.000918373733628067
31632561	0.00196970554082107
31634211	0.000765009193344843
31636110	0.000785322623768956
31636500	0.000931485870569043
31636640	0.00258984233765762
31637231	0.0171100783820728
31637910	0.00122924661387929
31638061	0.000979418985088289
31639400	0.0174995110854201
31639581	0.000822102047974772
31639700	0.00110785814015855
31642020	0.000735642772885472
31642501	0.000809306255080643
31642771	0.000837307829079787
31642901	0.000740984928272034
31643591	0.0125396927613828
31644421	0.000946892340705602
31645101	0.000898453748895826
31646771	0.000801577681191694
31648260	0.000783456075266286
31649640	0.00177840838295454
31654590	0.00714289041412615
31658430	0.000742682851274706
31659570	0.00268739824543257
31659700	0.00966090555990088
31659721	0.00489624949079892
31661630	0.00106444659318019
31661760	0.0366155700890003
31662300	0.00325897838005862
31662310	0.0240082444741949
31662600	0.00135713359819881
31664961	0.0338261574297185
31666560	0.00144516812259488
31667051	0.101638920728324
31667540	0.00762290681566397
31668131	0.002070891178581
31669330	0.000742051178016578
31670081	0.000913679113498226
31670430	0.00176971053855346
31672250	0.000881975775879666
31672770	0.0566496985152307
31672790	0.00369323680383973
31674710	0.00079078111692683
31674740	0.00121155981247172
31677480	0.0179197143368079
31681320	0.000744456182245739
31682570	0.00542905617035096
31683461	0.000783805158664816
31684411	0.00117895447973217
31684811	0.000793247435339387
31686180	0.0024883769375429
31686201	0.000850898171210639
31686600	0.00235531963346607
31689350	0.00103176055295623
31689750	0.000760167999454252
31692701	0.00172169298417559
31692831	0.00453425585833908
31693391	0.00198782957317876
31694191	0.000820396170872289
31694730	0.138587825229431
31694771	0.000765196749154843
31695820	0.198923910674473
31695830	0.00325982919646933
31695960	0.00131819833004709
31696920	0.0274163937913628
31698191	0.00121569842977129
31699711	0.000808153094357177
31700411	0.240913642807336
31706300	0.035490691380258
31706761	0.000786288918286721
31707181	0.00137606219798098
31707451	0.000783018730695015
31708360	0.000737730618752873
31708421	0.0125736583641576
31708660	0.000808376618961181
31711171	0.000828905265171296
31712240	0.000793118408443726
31712500	0.00224898897426491
31713340	0.0716359084251384
31715981	0.000832864910160187
31717590	0.000748754907128762
31718280	0.00660210564454468
31720281	0.00328361230387639
31720640	0.00126543494411663
31721111	0.000744999606471622
31722040	0.00557144103183574
31722881	0.00495449654953697
31724520	0.00149835370891239
31725050	0.0133992903923805
31726860	0.000828735637813815
31728141	0.0274183039343071
31729200	0.00158003110897354
31730440	0.00111171773690794
31730611	0.00147240179559802
31732070	0.00438861206869045
31732220	0.000744840801707034
31732370	0.0021824295202027
31733310	0.000751836003705897
31733490	0.00185765057673715
31734000	0.000800597462100832
31734420	0.000805573095854494
31735670	0.00886094144320455
31736230	0.00142907991098495
31737320	0.0027057941087552
31737600	0.00293464863538759
31738000	0.000979130523991518
31738980	0.000742558470756822
31739451	0.00233450507911198
31739690	0.00080921938678118
31740940	0.00391599861012365
31741381	0.00453047110928626
31742840	0.000881712416770093
31743011	0.000746045791892382
31744480	0.000735642772885472
31744520	0.000818785857492052
31745180	0.00660525255611044
31745661	0.000772206759009633
31746000	0.000947791858822619
31746341	0.00392199327245458
31749241	0.00389662237655007
31750550	0.00325541575429948
31752080	0.00186889026489439
31752090	0.00112016813174226
31753911	0.00089525883574818
31754901	0.000993445861279826
31755581	0.00149428389620958
31756800	0.000771578121378939
31756821	0.00215424034956239
31756831	0.000995570700833135
31758720	0.018372926985253
31759960	0.00117482493926944
31760760	0.000781891510389559
31760770	0.00161226269430866
31762010	0.00190468205044548
31764380	0.00153837807039144
31764500	0.0205200191412109
31764691	0.00224353897639195
31766020	0.00166098379186762
31766051	0.000956084333748049
31767390	0.0142019510173787
31768941	0.00105791717903737
31768951	0.001080937413879
31769241	0.00417754096960216
31771421	0.0106477655082224
31780121	0.000735642772885472
31781091	0.00195827964824527
31781921	0.768207797767219
31782041	0.000742682851274706
31783260	0.00348753984251185
31783441	0.00265582841099097
31785361	0.000929310002217334
31785610	0.00331230555507275
31787110	0.00223899708797949
31787240	0.00314903198571484
31789170	0.00144976146425604
31790440	0.00746119070948568
31791130	0.00082893580242804
31791721	0.00108764081130184
31792750	0.0141783101219241
31795530	0.0622268763396231
31796370	0.00157221566129111
31797361	0.0384066521272565
31799690	0.00938537168406334
31803151	0.000811062674276601
31803380	0.00166017304689021
31804370	0.000975319898689857
31806420	0.0203140841321962
31807790	0.00163429174524639
31808910	0.000764461558002872
31809190	0.00076799602666121
31811230	0.00107788376204518
31811650	0.000794350263163527
31812821	0.000873687895806316
31812910	0.00765458373737513
31813310	0.00204274184079187
31813590	0.000790860990516408
31813641	0.0118957335565899
31815110	0.000738466052995824
31816340	0.211642012767219
31816661	0.00228360604282716
31816681	0.000975673964842115
31817791	0.00234801689907882
31819650	0.000926850634698688
31820770	0.000763238137813961
31822020	0.000939742497436796
31822440	0.00545848368420316
31822680	0.0029567221558176
31822881	0.312452341352802
31823510	0.000778346199681111
31824640	0.00225586777571772
31825071	0.00654404392804694
31825600	0.0189630033124861
31827031	0.00079245264519515
31827691	0.0400152580702601
31828941	0.00178784862902704
31829501	0.000789718531964582
31830550	0.00739592221638243
31831810	0.00547895168102605
31832650	0.000887753930475683
31833211	0.0035162076748581
31833440	0.00296056146926841
31835031	0.000767459752636403
31836900	0.000960843299875642
31837631	0.00117143062736136
31839110	0.00610142074670828
31839151	0.00218664696195593
31841221	0.000805217780368397
31842751	0.000835149213675997
31845570	0.000875172933015793
31845860	0.00851429608796962
31846051	0.00246339381190481
31846840	0.00174599735718143
31847021	0.021672217712842
31848490	0.00258207826555872
31849440	0.0201804149666646
31850030	0.00525191264456685
31851230	0.0110221193746868
31853880	0.00079042741575036
31855100	0.00669927916268026
31855981	0.00074045697174636
31857720	0.000790673748821823
31858990	0.00744787796694589
31859161	0.00195415734280017
31859380	0.000778871927165858
31859991	0.00208913554921057
31863281	0.0010331762085588
31865460	0.03277223180655
31866181	0.00104633578754618
31866570	0.000805264710887764
31866960	0.00318643011953075
31867421	0.00507340773685899
31868111	0.000773395306120927
31870420	0.00150504399932532
31870471	0.000810972053836958
31870871	0.00165180678199661
31873911	0.000743751542448764
31874311	0.00611719759273634
31874710	0.00454672546357365
31878591	0.00081538197942215
31879011	0.00123973995558077
31879971	0.00220848590010915
31882051	0.0124332557342221
31882591	0.0181557114594144
31882861	0.00190925712907723
31882881	0.00153090539867104
31883800	0.000741727678095287
31883841	0.00254014715014637
31884060	0.00401663019063167
31884080	0.00100252061953155
31887670	0.000773430727360783
31888330	0.00261166365487195
31888600	0.000809229018780587
31888671	0.00077012287860772
31888780	0.00122613862913244
31889221	0.00294468033457312
31891650	0.000742682851274706
31895930	0.000793722125604219
31896521	0.00327880610504796
31896531	0.00136055041218538
31899930	0.00726933716112187
31900521	0.00396627367748257
31903100	0.0329756888600822
31906400	0.00184430649457781
31910741	0.00250827191866736
31910850	0.00376858479278189
31911370	0.00158314990941762
31914670	0.00256701689319934
31914810	0.00178105394760417
31917870	0.0021115215448237
31919120	0.0265807665381806
31919540	0.000915393502133676
31922280	0.00072928566524651
31922670	0.0565834300396835
31923551	0.00369344028852991
31927271	0.00167311819817157
31934410	0.000872840752047693
31934530	0.000789852947952238
31936121	0.00329353773727081
31936610	0.0303558216913473
31936661	0.000970637591848163
31936760	0.00182676656117029
31945420	0.00499498893661285
31946290	0.00485909602128432
31947841	0.0105009502175726
31948791	0.00168145501327833
31952330	0.00229393663409278
31954041	0.0041929230590805
31954840	0.000823381583750238
31957631	0.000907262793819548
31957980	0.0567476061877462
31958171	0.0161216638757246
31960760	0.018506814207633
31961611	0.00106891611306502
31961740	0.00469879478100312
31961870	0.00507037643458063
31963380	0.000853148503941624
31965580	0.00406057517048921
31967390	0.00495713250294223
31968200	0.000800039924995866
31970110	0.00082689837439653
31970270	0.00425024983333369
31972941	0.000977509996681613
31973730	0.000742051178016578
31975421	0.00242299736389197
31977071	0.0011442926307192
31977201	0.0113707705248412
31978690	0.000761200062038301
31982520	0.00312236798312663
31983910	0.00102146092970129
31985331	0.0252541491971966
31985700	0.00541093165523311
31985741	0.0075993538182109
31986810	0.000900485725040927
31989980	0.00118390349831629
31990441	0.00121472433218136
31992231	0.00171634143654745
31994171	0.000841682682275846
31995520	0.000828064157299725
31997730	0.0410017932114243
31999490	0.00292547994129928
31999541	0.0148337750272732
32001341	0.00197923410983622
32005590	0.0009892623699752
32010940	0.000746045791892382
32011401	0.00117185416276748
32015141	0.00130424236300534
32015541	0.000871214567959205
32016111	0.0243431399825932
32028730	0.100028792945511
32033191	0.00301657366611026
32033840	0.0291167279856049
32039790	0.0032758520917861
32040070	0.00242251481098651
32045020	0.00219137064807144
32047380	0.00249162456805765
32049150	0.000787128311291883
32049351	0.0471141620425587
32049901	0.00211821393491275
32050000	0.0690398625604632
32053881	0.000808477205550259
32055920	0.00196576678800951
32056750	0.0141530251170102
32058400	0.0010796499761696
32060340	0.000796670133837581
32061891	0.000764417262309012
32062540	0.00207582679944406
32064170	0.00185381487926893
32065461	0.000953493131446522
32070011	0.000847550094830918
32070800	0.000792620265783603
32071370	0.000953234263794769
32072580	0.00143770408081756
32072720	0.016636375676741
32073061	0.000736264951139303
32073751	0.00191268551639404
32074660	0.00113487813909967
32075941	0.000766001408319887
32078530	0.00191384095133866
32078851	0.161138347678968
32080340	0.000758271804198017
32082270	0.00095681921166976
32083060	0.00480388728967357
32084081	0.000758246511524593
32085331	0.00108075044183252
32086940	0.00213025826027073
32087890	0.00312108699911749
32088060	0.000759383593432895
32088491	0.0108431640471933
32088791	0.000976545140342496
32091510	0.00082525916242957
32091821	0.00175699561885476
32092070	0.000793999765924907
32093461	0.00107677583743686
32094151	0.002183756759578
32094161	0.000868065584431746
32095340	0.000746071628875502
32095391	0.000923726345265767
32095801	0.00915306515840835
32096101	0.000962609058712881
32096340	0.00327129015032827
32096501	0.0541257904003498
32096870	0.000785602220291904
32097680	0.000788100139470318
32097891	0.00107755455703571
32101410	0.126550664123051
32102861	0.000866715237778048
32103411	0.0008535847315221
32105341	0.0152595927078855
32107080	0.00206742311411835
32109051	0.000791351298036749
32109970	0.000766315032639551
32112460	0.00437167666740318
32112590	0.00642069170931495
32112720	0.00286360638414804
32113280	0.000804648707106955
32115770	0.00592899419810524
32115951	0.000782152766051032
32116330	0.00072928566524651
32116870	0.0011633773224476
32117041	0.00332904640917295
32118110	0.00126384430584599
32118141	0.000990233775137317
32119090	0.0014539102701563
32122120	0.00398743654245369
32122520	0.00125999709794277
32127080	0.00518587649552563
32127220	0.00253513078887075
32128610	0.000731355482055213
32130431	0.000765480728195307
32130820	0.000761574136545056
32131480	0.000742682851274706
32132610	0.0252276776708397
32136450	0.000885279980850996
32136600	0.0043968784462478
32136880	0.000901352591877094
32137871	0.00113330129224893
32137960	0.00607722259014195
32139340	0.00214598232124663
32139391	0.000848408660760199
32140921	0.00739683770099709
32141471	0.00410676971896392
32141980	0.00080488220176789
32142400	0.00198103983538768
32142930	0.000831298886315485
32143791	0.00129608161536033
32145990	0.00273284571318748
32146831	0.00311696591009388
32149030	0.00370449872574554
32150510	0.00254231459438637
32152730	0.00375055646594266
32153321	0.0502564971112263
32153741	0.000736193148274794
32157130	0.0054116011854565
32157140	0.000773319689898222
32157171	0.000782835795406094
32157840	0.000811729689373014
32157850	0.000924495883559917
32158800	0.00143330277175315
32159131	0.000742682851274706
32159210	0.00109104156380134
32159661	0.00100724162871789
32160231	0.00104103075288638
32161150	0.000770437801030138
32161160	0.000868137288410482
32161840	0.00172248393231746
32162090	0.000892692265268134
32162930	0.00293366256733285
32163101	0.00462862969309483
32164071	0.343683782322072
32164631	0.00172209910166632
32164870	0.00137697779238202
32165700	0.00429597960648351
32165741	0.00344162111451474
32165990	0.000896227976606992
32168631	0.000778504431800932
32169410	0.00384837298500498
32170650	0.00150856926617938
32170930	0.0419452073465185
32174680	0.00241843482880354
32175050	0.0125629825671098
32176040	0.000730989094370458
32177160	0.00178840157956145
32177731	0.00482176916969547
32180310	0.001867826101772
32180901	0.0053499315868902
32181010	0.00274386362257239
32181570	0.00191787349416556
32181881	0.000927086051055121
32182940	0.000866220478445987
32183500	0.492753979543723
32183910	0.000809215145039956
32184330	0.00114956410889649
32184850	0.25779944479425
32187220	0.00387305740623718
32189861	0.000818804864166126
32190220	0.000778757480726915
32190281	0.0094356872509281
32190400	0.0011595242536786
32192460	0.00755121599718822
32193321	0.00322675292991584
32198011	0.000800603005880882
32201861	0.00171401773016892
32202100	0.00484342774228893
32205820	0.00227270118816704
32207921	0.0403144867265304
32208460	0.00216544885995045
32208481	0.000755598944951315
32208771	0.00107388557875521
32210790	0.002878543640643
32211661	0.00479078034578485
32213031	0.0015386152947739
32217390	0.00433075816519433
32219320	0.00668454581155437
32220010	0.000831646213516964
32220020	0.00224375883044281
32220611	0.00476497107699578
32224491	0.00322971431466343
32225301	0.000755739452658895
32229280	0.00537864034117446
32230630	0.00253300452727998
32234520	0.0111629526072879
32236891	0.0011934127377194
32237250	0.000801574654911274
32238390	0.000819164306958492
32238650	0.000828160635671608
32240221	0.00156795164151398
32241311	0.00327964128032274
32242810	0.00106511092300264
32244361	0.00690904126615687
32244631	0.00117780996279959
32245560	0.000774690306915038
32246291	0.00160792241609986
32248071	0.00149212420869169
32248290	0.000965327805019491
32249741	0.00552348249147333
32253581	0.00443391308109381
32253810	0.0241610929055264
32254110	0.000904363323792519
32254240	0.00200639820852528
32255490	0.00140981280091793
32256590	0.000748615080940372
32256751	0.00109654773429333
32256761	0.000818093541177898
32257130	0.000940757905518027
32260450	0.000736264951139303
32261390	0.00116930537240165
32261721	0.00145956494038808
32261830	0.0010919578742073
32262350	0.00401777841823822
32262910	0.0269502401330748
32263381	0.00081414073318298
32263651	0.00119970163039077
32263661	0.0435269210988854
32265991	0.0030267948866716
32268351	0.0067426255075308
32270490	0.0050996650480971
32270520	0.000754383413637559
32271610	0.00176407730736381
32274011	0.0462129742897385
32276440	0.0016067512730413
32279470	0.000893421659389339
32280300	0.000811775882407222
32280850	0.00196012282373485
32281000	0.00103507234798349
32282961	0.00072928566524651
32283890	0.00129199115189638
32284211	0.00226378875026204
32285721	0.00211383023788328
32287050	0.000841212919487589
32288560	0.00103842966011169
32289400	0.00079136723589463
32290541	0.0147610836432207
32291361	0.00196321105579159
32291590	0.000884280541767059
32292030	0.00586727845579553
32292310	0.00091272631176049
32292590	0.000961745725345289
32293721	0.00774328333324237
32296341	0.000818695701848951
32297991	0.000939412241808036
32298691	0.000962999578518088
32298910	0.000910517231183326
32299620	0.000734945894010039
32303091	0.0019487532704462
32303210	0.00167252618102831
32305110	0.00275482596992787
32307931	0.00113001638181166
32308191	0.00177662450246137
32309981	0.000944804427558768
32310541	0.100525207116683
32310780	0.000939185007763669
32312211	0.00144634099176327
32312420	0.00458325933899664
32312840	0.00520287915326313
32315361	0.0215040534116129
32318380	0.000760786564765006
32319630	0.000832241358065237
32320331	0.00733780275801002
32322940	0.0163837449693669
32323740	0.0944403088162992
32323921	0.00212098385836688
32324040	0.000859806820635598
32324160	0.000856778813942723
32327111	0.00608258632881486
32327170	0.00247181600659232
32329451	0.000805741581383535
32329581	0.000790876213152005
32329591	0.0165476474772169
32329721	0.0134631364030184
32329861	0.00598231869460988
32330760	0.000843606944902615
32331791	0.00096082686279374
32332010	0.0337864015192645
32333790	0.00875188317893267
32335040	0.000927196211237596
32335371	0.00072928566524651
32336300	0.000786820801969425
32336590	0.000807024236521811
32337830	0.00076766783810304
32340560	0.0141191374710288
32340590	0.00320873514661599
32340960	0.0131649618340061
32342821	0.017899859349167
32345830	0.00138089087190307
32347091	0.00138129911678207
32348191	0.00126799229335289
32350121	0.00112120560865111
32351231	0.000856954345535425
32352170	0.000840857507380931
32353410	0.000783272073203274
32353650	0.00951623987030967
32356450	0.00111989575920778
32356871	0.00103473413337824
32359921	0.000783379655852117
32360690	0.00802299899370151
32360751	0.320873303391845
32362790	0.000910110859675942
32365311	0.00181929301184212
32365660	0.00301202032340929
32365830	0.00171663028986387
32366531	0.000776944667324068
32368550	0.000842539841868982
32368690	0.00885513473810275
32374220	0.00187994794093441
32375860	0.0269726401997139
32377971	0.00075188165291621
32378500	0.00319582336749744
32379101	0.000885456330024046
32379600	0.00103367158047628
32385991	0.00242175242449041
32387231	0.0166750219116169
32387501	0.000951765892426722
32389301	0.00627306528114772
32391890	0.000822513054968853
32392690	0.000955892612578042
32393650	0.0111780323872126
32393660	0.000833551253213534
32394620	0.00975086928376194
32396150	0.000743751542448764
32397390	0.0144948398880384
32398470	0.000769451689822181
32412591	0.136630554036418
32419231	0.0014222252359052
32429820	0.00284083932488446
32434340	0.0100236118712204
32436720	0.00351432679920734
32438190	0.00232913107075936
32448570	0.0119314024942546
32463870	0.00101211038250908
32467570	0.00319058485653135
32469821	0.000748189050974381
32473291	0.000742558470756822
32473691	0.000998195704379424
32479870	0.000876497495126192
32480000	0.0115324464682438
32483030	0.000852944718964881
32485291	0.0208868976831671
32485360	0.000743751542448764
32485520	0.000923652475051674
32485790	0.000765795596887037
32487190	0.00096340981466504
32487621	0.0031313080611896
32487880	0.00950057442132545
32488540	0.00532195565771734
32491990	0.00088764169174141
32494740	0.00109743065972364
32495160	0.002563762622102
32495641	0.00126894033268993
32498090	0.000983679407675696
32498330	0.000931888679312482
32498480	0.00183221467097029
32499450	0.000863967307439295
32502360	0.00437556855805627
32507700	0.00225851607195876
32509500	0.000857800676124632
32511330	0.000812381641390297
32512010	0.000855578881234131
32512570	0.00076664874848581
32512991	0.0150902472803295
32514060	0.00231493052051046
32515471	0.00763434531805804
32515481	0.000850916048497396
32517011	0.0604126751960289
32518090	0.00744518104186281
32520000	0.00100718963405566
32521110	0.000845715558733091
32522490	0.0183711357971399
32524250	0.00100707524743722
32524991	0.0351751255867688
32530111	0.0053295827465581
32531310	0.0113520238942092
32533831	0.00251905245947357
32534330	0.00745882464178394
32535180	0.0833712330420563
32537291	0.00313830619142391
32538620	0.000771410188374278
32540390	0.00202784333005858
32541131	0.00402663308972963
32541910	0.00132222810121126
32543621	0.0109236633675469
32544031	0.0015491045214818
32544110	0.00233043458038387
32544660	0.00237365671790348
32547010	0.000807402426345851
32547160	0.00212545801453411
32547840	0.0174304762100212
32548451	0.00172877458317206
32549510	0.000846009868764883
32549681	0.00136380366539918
32552441	0.145146151451332
32552601	0.00203640248822974
32554501	0.00277912186738767
32556010	0.0048204235494917
32557800	0.0019040671490409
32566641	0.00540419132333231
32567341	0.00568749823384558
32569770	0.000775055065546451
32569790	0.00102125964000708
32570350	0.000755281597860088
32570661	0.00482340118259992
32571351	0.00285238064022447
32572321	0.00694222752917588
32577090	0.00241490976802269
32579051	0.00234262681372442
32580260	0.00182791617166504
32580840	0.000868367933938963
32581001	0.183065486325779
32582330	0.000964600748720788
32582450	0.002467508918151
32583040	0.00110963589822306
32584530	0.00393759993959535
32586801	0.00103082069174128
32588181	0.00467351254036207
32588800	0.00115104133905341
32590480	0.00141027281884457
32590651	0.000881154982402501
32592700	0.000811878496141289
32593210	0.00370332316542805
32594501	0.000922467464531714
32597630	0.00136875775980409
32598480	0.000861528935742296
32599071	0.000980325870733626
32603481	0.00392367911608429
32603580	0.00114681360958391
32608171	0.000969859071101808
32608291	0.00110085845876835
32608550	0.000865396185478872
32608560	0.00227156366749954
32609240	0.000806415629085802
32610740	0.00384407201232432
32610801	0.00114509594564064
32611000	0.00652972922151802
32613121	0.00117892152865203
32614111	0.000756401119270282
32614180	0.00164884741134546
32616540	0.000818991838775954
32617421	0.00404973430940722
32618760	0.00234370631370303
32619000	0.00161524570752658
32619901	0.000779672513414558
32619970	0.00380192187541162
32620441	0.00208437341157839
32620520	0.00111459564416951
32621070	0.000783597254098377
32624530	0.00078661173473038
32624841	0.023549722379139
32625391	0.0967051939907126
32625930	0.000871382395554421
32627751	0.00311835232858379
32631550	0.00335767366505324
32634880	0.00249501037966231
32634890	0.0217850890171269
32635310	0.0129509231706885
32635601	0.00577488850426015
32636441	0.0045645894795776
32636820	0.00344526931847577
32636851	0.00452858780620802
32638460	0.00104819956606619
32639040	0.0124571523386252
32639211	0.00862772506414867
32639570	0.000841325682079187
32640650	0.000750216877353018
32640680	0.00171021428710966
32641110	0.000742682851274706
32641141	0.0017310995773491
32641490	0.00846924188687858
32642610	0.000749131710655333
32644431	0.00329565961725763
32644981	0.00138605923870445
32645411	0.00332818980922595
32645951	0.00337588439303407
32646911	0.00157432831526309
32649070	0.00404820863308801
32649080	0.0435386326307172
32649121	0.00310795914473148
32649790	0.00133111161012582
32649900	0.000737204979233018
32650070	0.000806402773371984
32653360	0.217978474076264
32654170	0.00365260039803903
32654200	0.000916843984465367
32657760	0.000835186607343179
32658620	0.00079809479258533
32660021	0.000778459323045605
32663751	0.0549541751992908
32664151	0.123827262945116
32666030	0.00683682891516682
32666340	0.00111380034949937
32669001	0.00359512485277107
32669770	0.000856441400649895
32669801	0.000735642772885472
32671881	0.0135011610556078
32672701	0.00124918944075755
32673770	0.00403963907383615
32673780	0.000769948555664806
32673920	0.00304681900870542
32675051	0.00290345687199214
32675420	0.000852601989553706
32680660	0.00234408383500739
32680721	0.00158825720842591
32680790	0.00199064684946566
32683611	0.000963713989746017
32684510	0.120016094848513
32684861	0.00754551108661569
32685350	0.000811134393894046
32685900	0.0160165323152788
32686221	0.000859225272313896
32686361	0.00149927027340369
32686631	0.00177728688040915
32687030	0.00245014861945588
32687710	0.00113871211778105
32689770	0.0124259366561561
32690781	0.00161271771158759
32691270	0.00201289467155017
32692281	0.00417749347153179
32692441	0.00684113109706704
32693080	0.00112319970697874
32693391	0.00115280216298713
32697661	0.001169391103684
32698440	0.00077173249899528
32699020	0.000811775741867708
32699580	0.000924316058381527
32699601	0.000793193824810119
32700571	0.0292244878763736
32701261	0.00136506959946214
32702610	0.017712587123138
32702750	0.00998265517508733
32703321	0.000892037195224604
32703990	0.00136942610809183
32704031	0.0056459782517356
32706330	0.000954101885266412
32707471	0.00709207549596379
32711400	0.00428255083691511
32712940	0.00244717134824421
32713681	0.00090274639511519
32714160	0.0311338955077877
32718320	0.00209722498304298
32718330	0.000914164455241087
32719140	0.0081383912268106
32723270	0.00217481978026041
32723591	0.00437591306803613
32724230	0.000911722701113593
32725370	0.00653550645285356
32728790	0.00184053139091751
32728820	0.0176224590939786
32730081	0.000736264951139303
32730901	0.00134083434027443
32731611	0.00170862062253486
32731720	0.0169375912107159
32735280	0.00138627176355268
32736281	0.00134632218800761
32738860	0.00384942747452702
32739031	0.000779463708070712
32739300	0.00262695373493712
32739970	0.00182186547786988
32740130	0.00831375194204026
32741350	0.000836809301556841
32742491	0.000814082477668091
32744270	0.00113951871327367
32744431	0.0193677409679658
32744660	0.00173889791215665
32744820	0.000808468256921155
32745920	0.00349603296172561
32747140	0.00279137679342281
32748281	0.0058160712365249
32749220	0.00154805467817401
32749251	0.00263047656223167
32749330	0.00718015167805911
32750040	0.00212534198066362
32750231	0.00809843196879486
32753890	0.00465645498906517
32754610	0.000958453672734224
32755031	0.00331110754539362
32755471	0.000973313981212605
32755550	0.00375408943665059
32755611	0.00153304162020574
32757340	0.129499227680958
32759700	0.00250792816408839
32760800	0.000801903615768432
32760831	0.00374213561596784
32761651	0.0029567795717622
32762201	0.000778469822333419
32768230	0.0179240541721474
32771270	0.00318748633937656
32773470	0.0014981096168497
32776431	0.10395892603162
32776701	0.00164465885402372
32779331	0.00788715741862344
32780411	0.0015844784132765
32780681	0.00266067398259175
32781220	0.00150434976921518
32782481	0.00141201115306934
32786190	0.000957566038565081
32786430	0.127870078681504
32786460	0.000770098493040412
32789941	0.000906458027631743
32791540	0.00127210222958739
32792800	0.000766315032639551
32793251	0.000771078749045991
32794320	0.000847535862373777
32795991	0.00105337111873245
32796520	0.00083632267962325
32797360	0.00227828556782232
32799260	0.0119446022394068
32799881	0.00236286518654115
32802201	0.00094803587482828
32806751	0.00211048928875184
32807390	0.000832255089113211
32809241	0.00265115465814535
32809811	0.0477030917868891
32810020	0.00327087859942789
32812240	0.00220301786685178
32812271	0.000852275083922103
32812981	0.000742682851274706
32815420	0.00277882242708525
32818170	0.00124201190269066
32820230	0.00102099693691333
32821180	0.000748848011865214
32821531	0.0368931188118665
32821671	0.00116192792039625
32821801	0.00103003803996962
32821880	0.00773681042861385
32822751	0.00465936407158268
32823540	0.000817682182880048
32823721	0.0434542354520312
32824910	0.00155953446341344
32825511	0.0418639108896462
32826061	0.000876013157807078
32826870	0.00176488512395568
32827441	0.00708807963124535
32827721	0.00266174343258622
32830071	0.00153077341690147
32831991	0.00253666990381643
32839571	0.000999578317168272
32840630	0.00224843582165096
32844230	0.00079351710740278
32845050	0.00203595158895125
32845641	0.00795435827648639
32845791	0.00378889286839846
32848350	0.000856282555228494
32848561	0.000748825945199571
32849501	0.00936318044588351
32850071	0.00195629319771679
32852920	0.00199255152800624
32855550	0.0070628805246003
32855871	0.00262784960692356
32856701	0.00120924964616309
32858460	0.00105439126751599
32859021	0.0010246211882144
32860360	0.00680328789302764
32862071	0.0256765039786878
32863540	0.00187260205850931
32865231	0.00206367888341595
32865630	0.00165449108785324
32865770	0.0152471350578797
32867810	0.00102209782196858
32867861	0.00802198538994074
32868411	0.00148308552780899
32870081	0.0019872498563867
32870450	0.00933912839882253
32871410	0.00405528371323656
32871731	0.004273619679921
32873770	0.00603959511162111
32875291	0.000769255556155352
32875981	0.00350007167645521
32876080	0.00720224359700319
32876350	0.000743751542448764
32881070	0.00280285437857179
32883560	0.00390263591320466
32884001	0.00195723335955457
32884350	0.00405407018344999
32884800	0.00132654009906973
32885801	0.000803018672777953
32887970	0.0130272003987089
32889870	0.0103686595123265
32894901	0.00416016392872559
32896070	0.000955559699543058
32896380	0.000823569087820952
32898290	0.00366291641649279
32898621	0.000743751542448764
32899000	0.00548372702267004
32899400	0.000809766620429504
32899800	0.00526930138266908
32900900	0.000849157396094453
32904121	0.00547238259270953
32905381	0.00440976327874732
32906450	0.0112098775911039
32906491	0.00279391366273203
32908240	0.00832517491223379
32908480	0.000757226005166507
32911260	0.00450713270771692
32917050	0.00101785641973716
32923100	0.00145159907162672
32924900	0.00254322335913903
32925641	0.000955373376663845
32925791	0.00339812545177961
32926601	0.191014113703203
32929310	0.0295126106017076
32931670	0.000758320463679646
32932681	0.00588562192138753
32932910	0.000867277000295986
32935250	0.00316307940098083
32935581	0.0030269571036416
32936240	0.000866892128300778
32936380	0.00302220676263588
32937521	0.000970835687961937
32938270	0.000736264951139303
32938621	0.000994105886109036
32939171	0.00119170421324466
32939270	0.000968839161090584
32942290	0.0287616589918146
32942700	0.00245171638142203
32942761	0.000879338927219751
32947800	0.000829499492257014
32948360	0.00658511502342345
32948411	0.00079646076679699
32949470	0.000778504431800932
32950580	0.071959029385372
32953651	0.00324730823779281
32954820	0.00343022299067307
32956240	0.00648718722993502
32956510	0.00077659177510549
32960001	0.000800575778109169
32962830	0.000736264951139303
32963851	0.000777935826727882
32965931	0.000827206885845356
32966030	0.00779098091293008
32968001	0.00119196419503243
32969760	0.00115283869371492
32971561	0.00235349245558877
32972210	0.012533636792141
32973580	0.000992358638298792
32975380	0.000949952239762111
32975540	0.00282137921247919
32978010	0.00188107964424034
32978201	0.0119741620784406
32979250	0.0512863070209841
32979370	0.00224779108115722
32979421	0.00131692902375679
32980070	0.00614116773779638
32981491	0.00112354729679905
32984360	0.00158334214236481
32985580	0.000987210529117366
32987250	0.000749903469408375
32987410	0.00271319433414167
32988360	0.00270651497952903
32988521	0.000817981687856322
32989361	0.00318876350533413
32990400	0.000742794995834713
32990840	0.000866490810066638
32991240	0.000775170307930251
32991691	0.00282105171523712
32994891	0.000781628861996647
32994970	0.000906981932762107
32995130	0.000735642772885472
32995141	0.00075830120050847
32995400	0.00215633599410398
32995721	0.0036734608498667
32996521	0.00182282226581342
32997071	0.00101954522720826
32998400	0.000792280366211572
32998591	0.00193235871415016
32999370	0.00506087842374109
33000060	0.00119583738526449
33000360	0.00226567887013956
33000780	0.00184165402288331
33002710	0.00457079920406086
33003151	0.00447154706389505
33004941	0.0007915297608411
33005030	0.000778457684435869
33005040	0.000829319963048295
33005190	0.000947117084436151
33010030	0.000970217756965021
33010680	0.00580804678038713
33011130	0.00227254475304729
33011441	0.00121140156143573
33012090	0.00078856503602135
33012630	0.000972197203182462
33014130	0.00288518299840736
33014191	0.000738887879217954
33014550	0.00306545451372972
33014950	0.00119233694199383
33017050	0.0022833438870424
33018720	0.00135878401844478
33020121	0.00300703347385972
33022440	0.00911917079652083
33023991	0.00135795395322196
33025221	0.0013539114574994
33027551	0.000791371259954573
33028251	0.00453116099851806
33029320	0.000990863394221591
33030290	0.00384657504924164
33030960	0.0507282227852007
33032230	0.000746488347418145
33032330	0.028020655818829
33032360	0.00092919882018299
33034191	0.000893449614711967
33034700	0.000744259996753192
33035260	0.455905309238829
33038031	0.000816120400811877
33038150	0.00698598054255381
33040931	0.0011049209748583
33041781	0.00224842419714364
33042850	0.00552425314765052
33043841	0.000834530336988099
33044401	0.00490230413080255
33045180	0.0104150319675183
33045330	0.00432465951815365
33048910	0.000771080372135468
33052200	0.00109849326020604
33052251	0.0259438805407796
33053201	0.00422225327819222
33054120	0.0279375175028661
33056610	0.00142404739437161
33056620	0.000742682851274706
33057460	0.000809784924713016
33060910	0.00886785338824114
33061170	0.00105493252253816
33061330	0.000804774578617621
33063100	0.0451283358360899
33063800	0.00201233755227792
33069621	0.00300595283735773
33073040	0.000842698058224585
33074970	0.00201738322830844
33080121	0.00240455928710703
33080230	0.00722750732312623
33080750	0.00312884099411653
33082690	0.018437726055089
33085570	0.000848650041797644
33086540	0.00175360244914325
33087500	0.00105151227499773
33090181	0.000742986110207698
33091530	0.00462265506189149
33094581	0.0037156958893544
33096231	0.000814524840278091
33097840	0.000777880414208261
33102530	0.00078268743855096
33103011	0.00253714861245287
33103821	0.00108122438639101
33103841	0.000742682851274706
33106191	0.0028646008814415
33108890	0.00107962197516995
33110280	0.00072928566524651
33110581	0.00210627833733515
33111360	0.00156269443474343
33115971	0.0132319111064692
33122051	0.00445363483813143
33127360	0.00748284719906774
33128360	0.0148349766705206
33128740	0.00152663491205376
33129570	0.0246147817602436
33139100	0.000829364949848166
33139261	0.00204250835949615
33143011	0.00171166343670793
33144231	0.00323633478201674
33156251	0.00257306473016013
33157450	0.0239649883603463
33159530	0.00631764844750347
33160641	0.00548021257265198
33161830	0.000776349162577273
33166690	0.00287123987844692
33169211	0.00127836989208219
33170530	0.266665932512573
33171510	0.00265783838387827
33171811	0.0246205837972371
33172320	0.00163326256177953
33172750	0.000845649834896256
33180350	0.00167812574845515
33181341	0.00133864235347176
33181870	0.00686355615503868
33183510	0.00268161802869502
33184111	0.00237968238938256
33184231	0.00676379624489342
33184941	0.0555541501470616
33185170	0.00102173762024456
33186021	0.00229162734155034
33187490	0.000767521586997796
33188371	0.00108610247098516
33189730	0.00316369740832963
33191100	0.00373617848557508
33192610	0.000847935555588007
33197690	0.000847710227489078
33198581	0.000923111982500272
33199110	0.00088825162836178
33199131	0.137604541520555
33202660	0.000961226463896759
33204180	0.00915005933261726
33204371	0.0017231262041788
33205901	0.00278706494274845
33205980	0.000820515884663844
33208750	0.000793664440816986
33208911	0.00113946584101862
33209010	0.000793604153944899
33211920	0.0738703187740335
33212900	0.000866870595451585
33213420	0.000792233464743991
33215070	0.242022582350167
33216480	0.00172796593233926
33217550	0.000802996320238674
33219910	0.0398253234581336
33222031	0.00437038111057532
33223070	0.0184036383427205
33223391	0.00611583140717793
33225481	0.000742794995834713
33225700	0.0147137821854989
33225830	0.000753458760752953
33226120	0.00291131051453075
33227951	0.24897419912521
33229071	0.00481321869611303
33229300	0.00226756319671334
33230011	0.00163282335885611
33230161	0.00382411040191117
33230510	0.000735642772885472
33230520	0.000816417076548936
33239380	0.00797921488886375
33242940	0.0031733500168743
33244460	0.0994976819329947
33245850	0.0461672177027739
33248381	0.00297306154032406
33249410	0.011146350144614
33251961	0.000850768772432976
33257290	0.000777468055045558
33257611	0.00534930946941576
33257891	0.000744259996753192
33258981	0.00323482948137807
33258991	0.00281256659869016
33261020	0.0016640274475456
33262920	0.00287581322761275
33264190	0.00112763935323284
33264730	0.176031673159079
33264870	0.00209889184080138
33264880	0.0111662062087846
33264931	0.000895098040132426
33266390	0.000874773339867431
33268620	0.0598561724978959
33268730	0.00100356581555806
33268890	0.000751009857288388
33268911	0.00265200103174858
33269321	0.0104225001791879
33271610	0.000774405921867207
33272070	0.0153499961460469
33273570	0.00158213228418812
33274100	0.00231724517134694
33276511	0.000796444501517762
33276761	0.000753678528167141
33277341	0.126592385070744
33278110	0.000738887879217954
33279271	0.00340906428910534
33279500	0.00585590139975085
33281280	0.00232646225329506
33282090	0.000841009872013932
33282130	0.000783379655852117
33283060	0.0147472995495256
33283381	0.0105423546582971
33283750	0.00492994620167546
33284710	0.0272776885530895
33284750	0.0132380615160598
33284901	0.00174812836613502
33285881	0.482324386836632
33286031	0.000727053854816401
33291610	0.00398106938657657
33292030	0.00919452479644213
33292651	0.00278417530845309
33293321	0.0012517929167488
33294540	0.00449997643345747
33296371	0.00429277524162123
33296590	0.0015349556283459
33296621	0.0224600177232192
33296880	0.000736264951139303
33297061	0.0214607243931743
33297300	0.000840297627492227
33299900	0.00598548821871766
33299920	0.00467652315583034
33300610	0.000973943554502174
33300631	0.000772284052958618
33301601	0.000767947312234588
33303821	0.00371487588873094
33305830	0.00260411892588022
33307941	0.000923555548085449
33309741	0.0101287640167495
33310540	0.00158367504717009
33311330	0.0120747829202789
33311370	0.000857135846628665
33311661	0.0119979710244837
33312060	0.000934709027488511
33314141	0.00138439089999957
33314380	0.00288738562729734
33317601	0.000880506361335679
33318141	0.000950454923868805
33318660	0.000914922449752808
33321731	0.121098878479888
33321881	0.000923084984633688
33323770	0.000755746934660044
33325601	0.0220922809976107
33325611	0.000791381241107853
33332430	0.0213428756485583
33332730	0.00629493397895869
33335470	0.000913409787266136
33343661	0.00443233836752995
33344190	0.00405745467841434
33344580	0.225243309457709
33346260	0.00112965160463457
33346701	0.00104125715527736
33346841	0.00227677339980468
33347531	0.00229091975850759
33348980	0.00209651752038044
33349331	0.00373760060059302
33349430	0.0519497663037579
33350110	0.0577028543717711
33350271	0.00551240763245515
33350510	0.000790876213152005
33350950	0.000795730031508476
33351111	0.00145304522306234
33352860	0.00298087643921242
33359101	0.00126088461316123
33360150	0.0407935012119599
33360501	0.00213601062735399
33361311	0.0115267903881377
33362090	0.0279613361139594
33363340	0.00573197314490789
33364221	0.0338598720482315
33369171	0.00390784417148307
33369570	0.00081764882246445
33370961	0.00668656156809591
33371531	0.00185083365979195
33372901	0.000847148292751503
33375750	0.000890228604288338
33378090	0.000776607063960405
33378110	0.0029089345758778
33378711	0.000752051278224264
33378910	0.00072928566524651
33380170	0.105832836833329
33382141	0.00117629292675565
33382541	0.000794984129520661
33385810	0.00320868749057265
33386291	0.000749978947280878
33387661	0.000750415387485904
33388481	0.000792964449816291
33393171	0.000787704167275573
33396061	0.00214303130342409
33397451	0.00293503306533895
33398500	0.00125671703917967
33400590	0.00144614471713006
33401301	0.00130106414070232
33402260	0.00110587305218944
33403910	0.000897305596001483
33405810	0.000995222927043237
33407921	0.00123081329418547
33408040	0.000847150502470825
33408980	0.000804648707106955
33409000	0.00186900373097112
33409670	0.000845976760765792
33410281	0.00634466861103911
33410831	0.001808941661662
33413601	0.0193044196513748
33416440	0.0200082937638899
33418240	0.00136575514237913
33418370	0.00103388389654749
33418670	0.00242283736981135
33419500	0.00927407114607683
33419880	0.00346561332787534
33419941	0.000898683886827656
33422831	0.00321578083293051
33423180	0.000758506380871654
33423801	0.00136184889499586
33424331	0.000970392170341828
33425140	0.000773430727360783
33425851	0.000803150858093193
33426530	0.00139730042622009
33428191	0.000866032836486771
33428840	0.00270247478822842
33428881	0.0874255702127268
33431880	0.000849252438011991
33432010	0.000823934169805613
33432850	0.0138596561098385
33432860	0.000803242620129383
33433280	0.00179897809134916
33434011	0.00106357403397747
33434350	0.00616774725792319
33435730	0.000777860405582883
33436040	0.00112324706019393
33437601	0.000911560991663388
33438360	0.000763760771259519
33439101	0.00269260384698396
33440061	0.0141965703491888
33440191	0.000925438462785888
33441171	0.00268238532459294
33441530	0.00262305982776452
33442350	0.00140080622681728
33443760	0.0116254185924204
33443781	0.00680933206245701
33443921	0.000954510135506248
33448460	0.000864127741194557
33449830	0.00284574263154847
33449871	0.00113703029321961
33451490	0.000818040630355635
33451641	0.00212186314939492
33452211	0.0142088178284839
33452300	0.000738887879217954
33453000	0.000867617602375112
33453431	0.114663026870762
33453711	0.000801142395341126
33455910	0.00234725045848109
33457171	0.000864775890282578
33457940	0.000782072432596386
33460631	0.00130766112684981
33462281	0.00104056027734133
33465301	0.0126040412486983
33465670	0.00161827663235513
33467080	0.0193957461468772
33467740	0.00081758056587013
33468280	0.0354565331371246
33471310	0.000751856036921394
33473260	0.00109795636029252
33475101	0.00367146847991307
33476030	0.018552534056863
33476761	0.00446111316918063
33479170	0.00188110806528431
33482281	0.00182600093055867
33482360	0.00359329765334384
33485280	0.000810448535937875
33489250	0.00175112323933269
33490900	0.00404861802986391
33491610	0.000868920392654748
33492030	0.00186311557859663
33492420	0.00636993672071324
33497140	0.00718305980043917
33497530	0.00576336808932607
33497591	0.00103622306969422
33501420	0.00394198155553925
33503030	0.00803675902765227
33504621	0.102548599432996
33508010	0.00176490873463789
33509011	0.00288539559239198
33511221	0.00115058314488638
33513000	0.000737527847488629
33514760	0.00334311862484485
33515460	0.000946982141941911
33516621	0.000959393651862408
33518660	0.00240546800980269
33520440	0.00637869119935317
33521390	0.0416869384645775
33521451	0.00121972197117171
33522230	0.000824877947958567
33524700	0.00330493779291444
33525970	0.00147621103852756
33527511	0.0102236151947115
33528960	0.00237281850104949
33530121	0.000773430727360783
33530541	0.00315504234266607
33532061	0.00228899171527843
33533110	0.0023211022485491
33535310	0.00105057277706427
33536000	0.000945633886286529
33536290	0.000754914867079438
33536611	0.000728597835090718
33537380	0.00175423690572657
33537561	0.00111611520959729
33538671	0.00155967912371309
33539241	0.0044461260779155
33539620	0.000815108933960502
33542890	0.00102629397055493
33546770	0.0176654250983238
33547340	0.0349868921409662
33547720	0.000855599236643522
33548280	0.000769786804658941
33549530	0.0010762301810755
33549721	0.00219027682077514
33550100	0.000777277475031416
33550111	0.0456520636984684
33553431	0.0135569736356135
33554100	0.000869044103054419
33555651	0.00188758230805429
33556450	0.00124152419802698
33559870	0.000739051538647719
33561810	0.00402347962901496
33565120	0.00234596966847347
33567720	0.00244275474403579
33568290	0.000744125719663268
33568550	0.00082344085785697
33569270	0.00582612456199773
33570261	0.00244296399034758
33571200	0.0007986914219676
33572731	0.00264179381994293
33575921	0.00266128436740121
33576010	0.00127094411141429
33576850	0.000794145007086535
33577270	0.0030975253065067
33577920	0.00719257946702507
33579860	0.00187626638224582
33580270	0.000808963579937308
33581141	0.00299111371485795
33586131	0.0143490072229506
33587631	0.000817591007696897
33593780	0.00214110585746429
33593930	0.000756598283682654
33594931	0.174383925350164
33595340	0.000873090039030394
33597660	0.00993496144349896
33597851	0.00210161589385394
33602500	0.000959301395120935
33602770	0.000827892510161976
33604000	0.000803374680656708
33606101	0.00165591284647566
33606681	0.00210261138318061
33607570	0.000737730618752873
33609370	0.000831424696474667
33609380	0.000987913731744153
33618470	0.00105269050191296
33618780	0.00482018662280593
33619091	0.00113989559962293
33619580	0.00104262547599373
33620191	0.000972172901585892
33621161	0.00864168234091664
33624741	0.305788323297494
33624751	0.00127406808909338
33625291	0.000912495057008006
33625780	0.000993409355388175
33626050	0.00267124985898025
33626070	0.00634849500844803
33628451	0.000754814791317164
33629360	0.000919873820932734
33630090	0.020059777635952
33631091	0.0562315731859803
33631921	0.00192909557415654
33633301	0.000789719072294787
33633431	0.00217952221748828
33636721	0.000783514394743472
33637680	0.000773515852057739
33639740	0.00221147634056661
33640311	0.000749262919373175
33641701	0.00175381856083414
33642370	0.00174525259906348
33644140	0.00192871407446985
33644181	0.0221429423882248
33644300	0.000743751542448764
33645001	0.000919890628319972
33645660	0.00324969746177257
33645920	0.0020706605228154
33646111	0.00100226749965364
33648140	0.000813934059155801
33650880	0.00243065065376585
33653640	0.010963005468814
33654910	0.00366915789475214
33655481	0.000736264951139303
33657800	0.00083708367918602
33658070	0.00788855426859832
33658261	0.338272767187466
33658401	0.000968043916974946
33659170	0.000765795596887037
33659290	0.000798854754927731
33661110	0.00269886431498208
33661390	0.00076380173547538
33661510	0.0154196837820397
33662050	0.0032762018966404
33662340	0.000831644054723355
33663621	0.00169190740285576
33664321	0.0139149240157361
33666620	0.00107445913347614
33667290	0.00180523833071961
33672461	0.000804339786044424
33672950	0.00107913735186458
33673360	0.0154544495040465
33673400	0.00102242542099571
33674330	0.0982573218413375
33676311	0.00132868858944258
33679180	0.000918925357988985
33681281	0.00210938279597026
33685411	0.0342561739498306
33685541	0.00106837461912186
33686070	0.00193368487446497
33686210	0.00179149031837991
33686381	0.000761379673086915
33687430	0.00556664765048569
33687631	0.00652863996476954
33689770	0.000732587986569594
33689790	0.00294697344972107
33691290	0.00611484243496213
33691330	0.0033709559351872
33692700	0.00111169718661438
33694101	0.000974660789283474
33694210	0.002030111323565
33694640	0.0202948800457557
33696250	0.00108056805379713
33697561	0.00761824971117218
33699081	0.000936541268837839
33699201	0.00238594726470029
33699870	0.453743220131437
33699911	0.00270829690556208
33702880	0.00124674258571581
33705670	0.001672976298685
33707771	0.00084953569516747
33708731	0.00229580887960206
33710360	0.00566095075108741
33710470	0.00317254491184702
33711071	0.000741727678095287
33716731	0.00410444901569334
33724980	0.00218584458388704
33725691	0.00139101440241315
33727870	0.000814721149944129
33729380	0.00078527263693921
33729510	0.00237801993550376
33729821	0.000849166862960074
33732970	0.0118609205876931
33733350	0.00233792356689432
33733650	0.0019496049172471
33733770	0.00433934303340512
33734791	0.000765658869274642
33736431	0.00264697216807781
33749691	0.0363436670400607
33750470	0.00394711417343951
33754361	0.0121079617729698
33754801	0.0013636820004761
33762620	0.000845991973774896
33762781	0.0815794792275052
33763341	0.00131291431399907
33768451	0.00316486297127843
33769370	0.00158951685179178
33770320	0.0139260790912357
33770740	0.00104615071167797
33773961	0.000791354558365278
33777800	0.0186009483385576
33782190	0.00485277285182271
33782310	0.000779400029598109
33783010	0.0740093894767891
33783051	0.00241628623891113
33784530	0.00157471709924263
33784991	0.0015127261993129
33786860	0.00374100085272524
33787140	0.0198512555009679
33788100	0.249540805688887
33796571	0.00329269520396443
33799191	0.0147126313250645
33801671	0.00109754681215365
33805070	0.00100632681901776
33808960	0.000740984928272034
33812130	0.000847431942139841
33818750	0.00433556787308561
33819700	0.077138860400065
33819761	0.00257730217159549
33820400	0.00357769691690225
33823160	0.00553174239884101
33823690	0.00151035140510964
33824280	0.000742682851274706
33828120	0.00267127213285185
33828550	0.00452623499091566
33828660	0.0585876372977575
33835300	0.000765838389910965
33843550	0.00189996499151802
33844851	0.000892664270051493
33844861	0.000808506413644216
33847550	0.000769782708967112
33848301	0.000847474817610283
33848810	0.00297150376195013
33848861	0.00143364754722574
33849630	0.000979617989328885
33851560	0.00132274548077628
33852680	0.00195865667693507
33854241	0.000755891908393751
33855201	0.000775630194694843
33855270	0.0165467983084128
33855850	0.00506296977978256
33859280	0.00177055101052656
33862211	0.0286381367053408
33863000	0.000756007488889587
33863601	0.0014019654827488
33864800	0.0025154538296834
33866720	0.00146040073415429
33871341	0.00420813294520987
33871720	0.00150707794505081
33872370	0.00435907543314824
33873500	0.0142910793906329
33879130	0.00274877223508063
33883191	0.000932238884776547
33884230	0.000803884018373334
33885681	0.00230521745259139
33886450	0.00461889603141092
33888841	0.00153319189821815
33889350	0.000860981238291327
33889620	0.00151887090177035
33890040	0.00187791399619617
33890850	0.00303447836343937
33891700	0.00163810137260428
33891850	0.0026568059692373
33893650	0.00207756093973177
33894211	0.000750498016294427
33899290	0.00223476096564075
33900571	0.00274109830918391
33904250	0.000807342805706448
33905780	0.000832186953074767
33906211	0.00192053123599005
33906761	0.000968323860834884
33907451	0.00144095924174644
33907550	0.00190736910517703
33910211	0.00142942197724074
33912001	0.000829363402520924
33912400	0.00102640271089189
33916961	0.00085662488549592
33920431	0.000751985497112531
33920920	0.000850838414252455
33923810	0.000732894146807713
33926880	0.0025886937220803
33928660	0.00221732508789441
33928711	0.00316203730044121
33929251	0.00577108261351428
33930310	0.00843344321519321
33935031	0.00197787396641304
33936421	0.00280301115145858
33938600	0.0124383420921737
33941101	0.000754222296779175
33942450	0.00331632825627777
33943690	0.00122618072970167
33946730	0.00618239416289308
33948800	0.00203374406535096
33949760	0.00077173249899528
33952821	0.0020210676126425
33961350	0.00625436620793695
33963031	0.00160914822982198
33963280	0.000742354998903751
33963861	0.00952897354972296
33965640	0.000777320306888015
33965770	0.00159417859752217
33966740	0.000786982237950701
33968370	0.210778826479533
33969740	0.00394362583817786
33971260	0.00276474659446784
33971420	0.00081639138521957
33972520	0.00282869875811339
33972930	0.0024730107075727
33973330	0.000766551456036111
33974061	0.00087654649787771
33976650	0.000801577700969763
33977180	0.000775563863844612
33979591	0.000780062318742221
33979991	0.00100822035578452
33982980	0.000813854010554874
33985391	0.00177249433471
33986751	0.0246568550660477
33987410	0.000798586320572433
33988360	0.156985165002139
33988670	0.00459716653538883
33989651	0.000945931538744215
33990850	0.00776256383798726
33990870	0.00076591658479376
33991700	0.0100355764250721
33992681	0.00231249253943467
33993460	0.00206140763379733
33997101	0.00798650274983277
33997900	0.00411455470749821
33997941	0.000798620756424853
33998580	0.000735642772885472
33999810	0.00106010466012899
34003871	0.000749903469408375
34006980	0.00493021974029941
34007130	0.000913381714427697
34008821	0.0159273209247154
34008951	0.000776763368043077
34010050	0.00100803786977499
34011830	0.0113089579184196
34012421	0.0428082354153453
34013791	0.000780506568775336
34015120	0.00143443502515137
34015321	0.00341032344726094
34019010	0.000887051967176016
34019150	0.000738466052995824
34020961	0.00134458079987868
34020971	0.00450560844231136
34021040	0.00123212631092034
34024401	0.0172905948220498
34025350	0.00107693284590005
34025781	0.00112548098508441
34027950	0.000748072112597446
34030351	0.00116633898380059
34031970	0.0065067985474067
34031991	0.000815649028100756
34032271	0.0028518195379654
34034460	0.00150841384441814
34035550	0.00156027764050356
34035970	0.0044260304725975
34036210	0.000927439998154918
34037080	0.00411164810780844
34039550	0.00295120819884483
34039690	0.0012440401117055
34045661	0.00289755889744635
34047960	0.00384024062123317
34048250	0.00193882766368485
34050310	0.00260112885734629
34050440	0.00846389818766019
34051000	0.000823060481698012
34051120	0.000807753217962937
34051800	0.0061018515382893
34051940	0.00705761587309311
34053750	0.00354191023772439
34054191	0.00159307795218118
34055721	0.000765009193344843
34056121	0.000794607725983042
34058690	0.00471739777114185
34059441	0.0169740609386036
34059800	0.00120299160062679
34060640	0.000870969220112241
34062611	0.000889992580857729
34064541	0.00370757064213454
34067161	0.00103855712749277
34071810	0.00408877658357084
34073771	0.000744256105337571
34075041	0.00422948468205293
34076121	0.00736107525317047
34076760	0.000780576819455148
34077070	0.00205517314584245
34077890	0.00200460454471758
34077900	0.00242900692954441
34078751	0.0323404858514979
34080250	0.724557730893364
34081600	0.00268838015171953
34082881	0.000814998405930421
34083270	0.000836458195009474
34084930	0.00251763948587583
34088080	0.000885109770518571
34088691	0.00079187798966277
34094191	0.00175863298300379
34094901	0.012560607593317
34096531	0.000976383026465545
34096551	0.00103487172643303
34097740	0.00757115719625112
34097760	0.00620790637630127
34098601	0.000781061559346101
34099711	0.00279737037021947
34100240	0.000811323677415555
34100821	0.00239803708389085
34100961	0.000742682851274706
34101070	0.000764011776274211
34101231	0.0150772385306342
34102061	0.000823654447736062
34103130	0.00192627683469073
34105200	0.00268636407132512
34106461	0.01363325784882
34106560	0.000971235187745185
34106840	0.00547601802114342
34108370	0.000801860305222596
34110030	0.0015396985556096
34110410	0.0307396696517627
34110830	0.00084267510074453
34111301	0.00113325741612307
34113730	0.000886537767427404
34115280	0.00288069802086246
34115581	0.00689569634666035
34116691	0.00541617856191457
34116801	0.00764360874262912
34117651	0.00406669612075523
34119421	0.00180184417398694
34122191	0.00325693344215174
34123240	0.000805183787271351
34124380	0.00195090217676137
34124391	0.00500002722392561
34124941	0.0031185801669415
34126140	0.000817618350140601
34127011	0.000777038116664527
34127431	0.00119269566775059
34127820	0.00569798079068958
34129381	0.0145628473910269
34131680	0.000897834860936379
34137070	0.000999442246725247
34137371	0.0130416930007617
34141860	0.000911009166850494
34142420	0.00405686711879505
34142560	0.00656008847177663
34142621	0.00206969488965251
34143151	0.012572453408797
34143370	0.0101896741190243
34143431	0.00116672100778889
34143851	0.00248990918407139
34145200	0.00483467040546328
34146440	0.002468535488152
34148210	0.00119426965444135
34149060	0.000829281541223385
34150041	0.00238424652445916
34150840	0.00216286616798634
34160111	0.000825680292932156
34165020	0.0156220069377353
34165491	0.00127965330078526
34166270	0.00109902247430662
34167390	0.000889726931483954
34167581	0.00101324582182379
34168200	0.00121458680048459
34169071	0.000959829723499954
34169621	0.00078814606692213
34170611	0.000892880686951243
34171011	0.00338863188553701
34174000	0.0225691488664036
34175090	0.001032216865901
34177160	0.00234457733355225
34178191	0.000884281290784638
34179270	0.00364011025958895
34179510	0.000743751542448764
34179930	0.00274061724178807
34180330	0.00259347202589505
34180490	0.00074299011063145
34180640	0.00082720567880384
34181300	0.0145458481746367
34182440	0.00472765174875381
34183240	0.000818777405090917
34184271	0.00093165579222864
34184681	0.000802966779935223
34184931	0.00076129604061063
34185060	0.000892176996727387
34186051	0.000835186670629253
34188080	0.00177551864613014
34189440	0.00109215441787792
34192060	0.00475763669806606
34192791	0.00218134595377434
34193740	0.000868649066197557
34194160	0.00109278349310117
34194550	0.00104375201352976
34197330	0.000926517907103021
34199510	0.000811145453860188
34199551	0.00791109722087889
34199571	0.00194598658111482
34200340	0.0016767055221567
34200630	0.00262453144879189
34201631	0.000747311905041237
34202871	0.0222004272025018
34203100	0.0239566410617611
34206260	0.00168629602560618
34206591	0.00241505045631474
34207540	0.00150507770060264
34210540	0.000825472743299738
34212510	0.00343675269297112
34212630	0.000768656390494856
34212770	0.00623814087633914
34213771	0.00518356989920715
34214041	0.000782152766051032
34214181	0.0030661722527203
34215151	0.000745251144255272
34216350	0.00414479704315431
34217880	0.000772770918009437
34220230	0.00201173019370518
34221590	0.0196066553352534
34222270	0.00188571517504533
34222550	0.00111344689506153
34223841	0.000782989172846428
34225980	0.00103805932378934
34228610	0.000788535951110497
34238810	0.000800229386112404
34239240	0.00517510059143038
34239691	0.00385565466496406
34240070	0.0097579104058886
34242530	0.0019001140099281
34243100	0.000964041237257751
34244101	0.000843764468646991
34244490	0.00223167762081349
34245631	0.000936610750521273
34246721	0.000862977095797417
34248210	0.00235224562268345
34248220	0.018342878647365
34251400	0.00158091524036202
34254331	0.00195270346603668
34256531	0.00119303520376684
34260070	0.000994398892561608
34260630	0.000837394828204017
34261040	0.0133904274194326
34263961	0.00476507968764675
34271011	0.00201301575045775
34271810	0.000774481681521871
34271971	0.000798518072804245
34272050	0.000736591833478551
34272111	0.0292694978010339
34273590	0.00217649032056798
34275841	0.00518958146044801
34278171	0.000835918402739917
34279151	0.0257022636975869
34280880	0.00698774338320844
34281190	0.00258329218614747
34281870	0.00167100825167315
34283271	0.000945321611226817
34284890	0.00329159914697682
34286441	0.0120850267357536
34287841	0.083190954156458
34288760	0.00170692751355665
34289211	0.000973437361331965
34290731	0.00578330502510722
34291011	0.00139679390200098
34291100	0.00101229116044844
34291220	0.0133945644986715
34292651	0.0193578614639252
34293850	0.0111899793606543
34294311	0.0249975235686304
34296490	0.000907478222611346
34297341	0.391774842049642
34300610	0.000783379655852117
34301341	0.0010256037331816
34302970	0.00360467614701345
34304470	0.000819488442436271
34306110	0.00292740373523049
34307520	0.000993430243517618
34310820	0.00527228412009979
34311811	0.00086495894794416
34311841	0.00350623409151347
34316340	0.00267268418179216
34318311	0.000758363310903231
34319790	0.00110753153742568
34322520	0.0118008467337552
34323770	0.000764520735467302
34323951	0.000735642772885472
34324190	0.00312301484888991
34324921	0.00715339632896434
34325290	0.00936806785779406
34325840	0.000805741581383535
34326960	0.00290441750751312
34327401	0.00230179002667373
34327691	0.00094361006011502
34328730	0.000919858074162243
34331271	0.0173070271904221
34332900	0.0020886810205687
34334010	0.046364195004995
34334250	0.108650685710326
34334820	0.000782277756092895
34335811	0.00632569476625348
34336241	0.000743558273724701
34336760	0.00229564131990691
34336911	0.0023669853801186
34337990	0.0323385317046033
34338871	0.000972851703154408
34340610	0.00164810169238859
34342140	0.00385592264202914
34343230	0.000878811234265958
34343681	0.00162449453944052
34348740	0.00220350683538937
34349000	0.00165788505946426
34349830	0.000837862002452394
34352641	0.0113393214837319
34353290	0.0164296819912561
34353320	0.00091513214025587
34353830	0.000792214069960861
34355250	0.00072928566524651
34355910	0.000838358348823184
34356340	0.000758320463679646
34356730	0.000973162929854326
34357280	0.000999811700026796
34357830	0.00134949618965258
34358830	0.000869777593651374
34359660	0.00224675395007615
34362690	0.000802359727027163
34364931	0.048072578926898
34366110	0.100540300771925
34366311	0.00110824656430516
34366731	0.0635831546448357
34368040	0.00312715578697779
34370820	0.00918780561517057
34370851	0.0400298532059023
34372511	0.0121308748348226
34373761	0.00477512689987468
34374000	0.000855768822477439
34374731	0.00191065627034119
34375370	0.000770260460564994
34376170	0.253157348013528
34376870	0.00392987181376955
34377331	0.00167232516405261
34377980	0.00448560780360065
34378270	0.00974240965522324
34379811	0.0895531546750732
34381020	0.00201777796200797
34382960	0.000957321153353795
34383520	0.000835566431754679
34387900	0.00106679575681496
34387941	0.00312344128040839
34394260	0.000909412801888802
34394520	0.000819700520658791
34396050	0.00905859384377957
34397730	0.00175691971618472
34398711	0.0010811522915876
34400470	0.00217174863366907
34406721	0.0515954100519903
34412351	0.000784998729927106
34416610	0.00225737499207889
34417741	0.00414560404024562
34423411	0.00296629919056836
34429310	0.141518905223384
34436060	0.00931259337177223
34436860	0.00268198733476275
34440221	0.00193958394128767
34441601	0.000757030333438564
34446090	0.00187765813967225
34449191	0.00281267237176105
34453051	0.00235924721903769
34453311	0.00108901410249091
34457020	0.00272001494788506
34457270	0.0862688277923033
34463470	0.00169963986377908
34464310	0.000932941765723124
34467370	0.000918241402991072
34468590	0.000783530035081929
34469960	0.0194188903499413
34475531	0.00993097931046209
34476361	0.0581735028059174
34477181	0.0261841404662278
34478510	0.04112518953322
34484511	0.00100559388814526
34484730	0.000798806704074507
34486120	0.000965529324195689
34490301	0.0113633686615239
34491070	0.00242705741205543
34494250	0.0598443344121723
34494540	0.0057164440811849
34497601	0.00411487347543033
34497741	0.00106067098216686
34497990	0.0018046687503051
34501950	0.000996820385379924
34507330	0.00163290212803053
34510240	0.00402894191163892
34511370	0.00352684231926205
34511681	0.0621373821948035
34513300	0.000823589171258912
34514130	0.0011575852838598
34518281	0.00442665999197961
34518851	0.000823537514678746
34519230	0.000736701341134504
34523880	0.0400200163327204
34524180	0.00127551850106867
34525270	0.00275804635376121
34525710	0.00170228476351208
34527111	0.0593011677452244
34527391	0.00109776056538878
34528850	0.00227671232912826
34529270	0.0539665498090927
34530660	0.00252623070167712
34530940	0.00306609850560231
34532771	0.0220659499520349
34532880	0.000848293299084118
34532901	0.0148452766535328
34534110	0.00242915774216906
34535200	0.000763727961812754
34535350	0.00137824083265414
34536641	0.000900367655338962
34537840	0.00077066828825215
34538920	0.00468516257109998
34538981	0.00177997452628033
34539460	0.00128869359213385
34539951	0.0856287240422393
34540190	0.000736264951139303
34544710	0.000773472980889234
34546011	0.00890883763584565
34546370	0.00159968752563128
34548891	0.000925424991573113
34549140	0.0195305536782369
34549840	0.00155510731838128
34549970	0.000984176685042473
34552481	0.00359172314324871
34552751	0.00226184194112736
34557430	0.00242527294173099
34559531	0.0118368362608953
34560081	0.00347320014351121
34561731	0.000865830362404288
34562810	0.00081847935564046
34565161	0.0062967572402979
34565410	0.000747495188842832
34568290	0.00372697594144516
34568460	0.000740475435690069
34569680	0.000877041162626128
34570390	0.0574867171313597
34571330	0.00377976099085876
34571371	0.000889431112150521
34573270	0.00213571816019614
34574640	0.0096055413541275
34574961	0.0101406506183912
34575360	0.00617355359015703
34578431	0.00254795206675621
34579350	0.00079398915309685
34579490	0.00111005624015305
34581130	0.000740690326097016
34582240	0.000933345319465193
34582691	0.0288398081661757
34585581	0.00349672586544589
34585950	0.00320664458113139
34588850	0.0155594628766819
34590520	0.00164728647122258
34595941	0.00209235141469741
34597410	0.00190677342405538
34599511	0.00554844411186026
34599921	0.00091526022875515
34600221	0.000743062575928713
34601301	0.000949537935579651
34603511	0.0104678906329527
34604860	0.0122814589596162
34605690	0.00322207372639527
34610811	0.00125545292536635
34613940	0.00119563326475273
34616580	0.0193977863711653
34616901	0.000764417262309012
34617140	0.000808668543777556
34618660	0.000756466801700641
34618770	0.000756083721686082
34623101	0.00154918959998772
34624150	0.0011884241705854
34625840	0.000800754581855331
34626131	0.00306854887414596
34626961	0.000743062575928713
34631050	0.00131772384731948
34634701	0.000815105260176484
34635600	0.000736264951139303
34636761	0.0194935097819908
34636850	0.000744125719663268
34637181	0.0114649520407866
34638131	0.00128214109974176
34638551	0.00706268984605712
34638650	0.00279814350460833
34638951	0.000755346147872721
34640631	0.0241826630403087
34641021	0.00164082334752314
34642831	0.00105138375741275
34644201	0.00108210578446619
34644751	0.00122084303960244
34646090	0.00188118709142411
34647101	0.0600995498101264
34648280	0.0057061710408922
34650080	0.401017458320758
34652180	0.00238209690972945
34652351	0.00145631852978704
34653270	0.00133708091756041
34655101	0.000848394371415712
34655600	0.00460207756241651
34656051	0.000804630510249608
34658671	0.00156031088329098
34660020	0.0025434340261131
34660700	0.000757007651531283
34661140	0.00337901120599047
34662250	0.00103477375028352
34664180	0.00119876287619785
34665690	0.00182728673693931
34666640	0.00376618550066427
34669650	0.000735642772885472
34669970	0.00726195488988383
34669991	0.00077315039810627
34670240	0.000771080372135468
34672191	0.000740080993869649
34672420	0.00202549448800787
34676871	0.00207904053909039
34676891	0.0039613911219521
34678660	0.00188427367835735
34679330	0.00114687416586898
34681721	0.00117966555069042
34682500	0.00279426075807188
34684321	0.00346465474784327
34684601	0.0029740626631712
34685571	0.00104362521318065
34687221	0.00134966870048965
34691060	0.000901879775684167
34691750	0.0788735855236447
34692290	0.000753167163081294
34694551	0.0327896986966794
34695860	0.00221087104326319
34697021	0.00166772671183829
34698480	0.000877766200922611
34701561	0.000788468982521794
34701861	0.0477781069221401
34702821	0.000757379052229615
34705960	0.00121639071457218
34710401	0.0473371823180174
34711180	0.00384885959031852
34711511	0.000780891149121201
34712481	0.0399053303226795
34714531	0.00112678380362096
34715101	0.00490266056641707
34715340	0.141232289167922
34715600	0.00111934068959102
34716560	0.000743423218662231
34717021	0.000776071182747539
34717670	0.00933248474172905
34720331	0.0274459315778464
34721230	0.00117744060580733
34722910	0.00146051629756338
34723720	0.00593282740891633
34723890	0.00372513820953155
34724061	0.000766248145787144
34724580	0.00179485559966014
34726531	0.00406139880278534
34730910	0.000985057181489407
34731300	0.000736264951139303
34732010	0.00100787744487074
34735590	0.00133816661263503
34735761	0.0501559214099269
34735890	0.000817426211003699
34736290	0.000937465903035962
34736591	0.0127980821963185
34737670	0.0020606247985106
34737971	0.000740984928272034
34740010	0.00591597991142061
34741370	0.00109742862202026
34741940	0.00090571283595106
34742200	0.00172115329395602
34742821	0.00102816995777698
34743040	0.00163409864218563
34743060	0.00384329727293669
34744020	0.00519568334854903
34746780	0.00557081283269485
34748591	0.00103454696207872
34748970	0.00255371115686126
34751781	0.000741306531146799
34753790	0.00208693500019193
34754920	0.0112662242510459
34755450	0.000759836821990281
34755710	0.00183962689523551
34757930	0.0105045724878721
34758230	0.000753603533314444
34761301	0.00439322701258186
34763371	0.00081967415770503
34763480	0.000737695360173327
34766271	0.00545663585728608
34768311	0.00248334475760323
34770931	0.000847604681128775
34780150	0.0720847170437173
34780540	0.00295583617449845
34783911	0.00076370149685661
34784690	0.0301123793051256
34784850	0.00459269517872028
34785431	0.00231926131708205
34785950	0.00290187113331565
34792331	0.00156705668769542
34792721	0.00320402794472436
34792741	0.000830912651593296
34795320	0.00976576554643009
34802070	0.00137180951015728
34802121	0.0112038456527123
34805790	0.00817189587996521
34807361	0.000879428644084111
34816051	0.0165455890989158
34819300	0.0119400642803087
34824041	0.00746016709397436
34828311	0.000847436265142062
34830760	0.000884511709928313
34836020	0.021612834339902
34836980	0.000853908239411768
34837220	0.00579121083360569
34838740	0.00198570567733328
34838750	0.00300655788182156
34839740	0.00109409898728222
34842251	0.000936660725656428
34842760	0.00147053026878106
34844810	0.00806521760066949
34849930	0.000856191474750258
34850910	0.00685677052160995
34851761	0.014549310199905
34853120	0.00456502342684756
34859351	0.00136640102738444
34860161	0.0186682977104762
34860840	0.00140676404893326
34863990	0.00398713193957598
34864441	0.000894586765883384
34866480	0.000886780217615469
34867361	0.00392403631608049
34868420	0.0116903234662248
34871840	0.00185764019791357
34873630	0.00810183319714863
34876851	0.00555855020097375
34877530	0.205770169676853
34881110	0.00633376645347937
34882350	0.0750814748750331
34883081	0.00546142580767528
34892861	0.00166645379199804
34892871	0.000822047074680119
34895331	0.0314874936610967
34900420	0.000770161126282858
34901380	0.00219812938677413
34905500	0.100398814575016
34913271	0.00283613518265643
34915140	0.00159268280088138
34917640	0.000916242028223886
34919030	0.0327602831901986
34920010	0.000758045756070363
34922251	0.00396033204165941
34925281	0.0245398181303504
34932530	0.0859381590904617
34933650	0.110944129498236
34933811	0.0491721129019512
34949490	0.00588080994042924
34949951	0.000967634850828721
34952930	0.00137864262626828
34957760	0.0621585034308949
34958730	0.0159037643335918
34959440	0.00390660276270282
34960800	0.367954205033654
34962890	0.0174251483526039
34964701	0.000810929142664772
34965070	0.25269284580825
34966661	0.00362740978314614
34971040	0.00817063749212563
34972581	0.000728368193016602
34974501	0.00105308630025209
34974641	0.00938902440111525
34974771	0.0319319092009941
34974870	0.00205363488450435
34975331	0.00209812790543829
34978091	0.00496527002592665
34979300	0.00170914277074213
34980991	0.00140168122862248
34982470	0.00143639649937115
34988810	0.00206569545047814
34989660	0.00347250690190813
34993240	0.000908808453125741
34993671	0.00337032740304173
34996021	0.00270836089720274
34996280	0.000769284431540691
34996971	0.00077173249899528
34996991	0.000742682851274706
35003471	0.00965103284981149
35004400	0.00163469088611497
35005401	0.00296095798650895
35006990	0.00497007226268338
35008561	0.00129702240775112
35008581	0.000853364529754243
35010870	0.000862256778015967
35011881	0.00082973430494355
35017391	0.000878053273090134
35017900	0.00141481004728924
35018180	0.00109263469855538
35019061	0.00238250478139845
35019160	0.000836808620033062
35024441	0.00266181211210392
35026310	0.00123914793843453
35028011	0.0145030774278943
35029650	0.000987195006326173
35030610	0.00482516689196923
35031321	0.00414931224316516
35031860	0.000731355482055213
35033620	0.00163295387541493
35034060	0.0548267664062495
35039130	0.00553298495876673
35042180	0.000782494752632303
35045920	0.000827700514717584
35047700	0.000740382531467024
35049910	0.000727053854816401
35051041	0.00256960736628829
35051150	0.00110086495536158
35051881	0.00455526246105648
35052680	0.00230842432023419
35053381	0.00137970526556043
35055140	0.0010307058420531
35059331	0.000737324414023878
35061521	0.000738887879217954
35062040	0.00107308407664163
35063171	0.00153460185994412
35065131	0.00286266016078408
35065510	0.00103283552636301
35065750	0.000749410302266595
35066320	0.00512391000169226
35069251	0.000825720268835457
35069661	0.000791283190612231
35069770	0.000812509933749421
35071201	0.00151318044708482
35072011	0.00306878356656722
35072441	0.000762492011089513
35073241	0.000798858611345555
35073521	0.00079840741548015
35073661	0.00083706890092862
35074330	0.00503776656924608
35076110	0.000771961967764288
35077251	0.000779018075341235
35077661	0.010560387948077
35077740	0.000871459123142748
35078091	0.000895982329893417
35079420	0.0011361488519792
35080260	0.0248918875456088
35080810	0.00102672918432647
35080961	0.000767456414768291
35082580	0.00158538262804347
35082921	0.000986203973009972
35083051	0.000795774619134643
35083400	0.00108920781381432
35084001	0.00127839478283373
35088301	0.000953921751725398
35089470	0.000979668262598361
35089750	0.0107836803379427
35090621	0.00334710320204139
35090641	0.000766340892389997
35092520	0.00955867423262316
35093521	0.000735642772885472
35094071	0.000735642772885472
35094921	0.000742794995834713
35095700	0.00308463550541833
35095950	0.00135984101210273
35101220	0.0235277195893749
35101531	0.00188561625294257
35102221	0.0020727346705084
35103311	0.00134129313349681
35103321	0.000826916324173969
35104571	0.000765815789385792
35105070	0.00119753976120603
35105890	0.000735642772885472
35107191	0.000885803950535672
35107830	0.000861516595848679
35108670	0.00096219356041125
35108691	0.000801297889537839
35109190	0.000824382077778139
35109661	0.00138305972072995
35110641	0.00231474193945072
35111130	0.000794466135711891
35111670	0.00236896669188031
35112711	0.00161543152467885
35112981	0.0122412531048631
35115130	0.00152622481951393
35115690	0.000777468055045558
35115731	0.00209622253730248
35119530	0.00234653155427634
35120380	0.00475617982298816
35122641	0.00167865615633994
35123020	0.00109567324990888
35124001	0.000857686656888567
35127150	0.000764472863024382
35129080	0.00280295817805427
35129750	0.000754119454301811
35130351	0.000782772202313466
35130710	0.000929517818364144
35131591	0.00725092502869372
35132520	0.00284219770119407
35133371	0.00108987468608889
35133640	0.00085709012524245
35136151	0.000843892348008299
35136780	0.00255588810975517
35136831	0.00305285015297558
35138361	0.00619829890968019
35138720	0.00432811133251307
35138840	0.00221932151552228
35143741	0.096744955665844
35144950	0.00211595735709118
35144981	0.00214270536466168
35149180	0.00215535806102458
35151970	0.00640326799539102
35154300	0.00125864113208023
35155041	0.000958421055556307
35155430	0.00321429418831226
35156940	0.00101766863254874
35157620	0.000797133356110777
35157740	0.000764720151996779
35158420	0.00237738585652065
35159290	0.000903381554094376
35159550	0.00201815017831323
35159741	0.00272662247959833
35160110	0.00256081452302923
35165121	0.000826320057608917
35166030	0.000755739452658895
35167260	0.00443157630287287
35168831	0.00131099860839392
35170631	0.00657557519386272
35170761	0.00241264530419113
35171311	0.00524686123483307
35172240	0.00103997550655509
35175451	0.000775596094436239
35175670	0.00205035353604218
35177480	0.00283216964406937
35177801	0.0580737701331784
35177910	0.00073897385891401
35178491	0.000778459323045605
35178901	0.000785994789340104
35179960	0.0492752015294626
35181910	0.000861641182702371
35188080	0.00089191105314538
35191031	0.000753167163081294
35191260	0.00321012096037508
35191660	0.00172946606341014
35193600	0.0126997858566416
35193770	0.00149103242079532
35196940	0.000756972912262511
35197590	0.00500874257580532
35198071	0.000823187870168438
35198170	0.0027945648038229
35199321	0.00184967109210663
35201340	0.00167581305119736
35204971	0.00111925443313429
35205231	0.000951943275601476
35205880	0.00112936794287105
35210211	0.000819045958335413
35211010	0.00272178249995071
35212800	0.0118789618510639
35213590	0.000895523190613858
35217310	0.00112346341295819
35217350	0.000790557138917588
35218870	0.000779416566904663
35219451	0.00105641727034544
35223560	0.00139985368672354
35224790	0.00195899592702699
35225361	0.00824639052729972
35228620	0.00083754825433994
35230590	0.00269933688058873
35230870	0.000817625435421935
35232930	0.000794436815570941
35233101	0.0106863512173065
35234160	0.0117649254194385
35235120	0.000889577758877874
35235171	0.0057692413027053
35235790	0.0222496596433668
35237801	0.076668420558263
35238331	0.0010959692755238
35238751	0.00545823393406746
35240480	0.000743190575528222
35242331	0.000845302980612499
35244110	0.000780372694760211
35244630	0.00262401566925067
35244800	0.00124736196463462
35245641	0.0147126705920812
35245730	0.000958226121613518
35247011	0.00100686065270435
35249091	0.000773312344290556
35249501	0.0180029318974454
35249651	0.000778698758181923
35250191	0.00213316586875832
35254020	0.0130142223419044
35254160	0.0184696266168538
35255011	0.000846108000699731
35255110	0.00588869959270124
35255660	0.00249984239580936
35256671	0.00243209133040633
35257200	0.00371614889080008
35257590	0.00112180595196809
35258550	0.000777385843301862
35258690	0.00114389161190817
35260910	0.304329597464825
35261040	0.00438982115221018
35261480	0.00209424937845721
35262901	0.00107234502161311
35269651	0.00220896324086688
35270321	0.000755232518918764
35270741	0.00120509418123118
35271380	0.00077299467175011
35272261	0.00174793112365688
35273210	0.000760544040866919
35273720	0.00074862260389876
35274010	0.000962090367484132
35274191	0.000894710782310748
35275561	0.0018525481635497
35276141	0.00528877696397392
35277890	0.00759460685437123
35278270	0.287177338160309
35281381	0.00106747833013135
35281511	0.000743423218662231
35284240	0.00191985542815138
35289590	0.00272988798151619
35291011	0.00174370723653389
35294881	0.00816677295018012
35295021	0.000904615104443601
35299120	0.00345019491690908
35302440	0.00085997765419715
35306871	0.000910939758512909
35307120	0.039136267192095
35308111	0.000774819561507812
35308750	0.00105872048265802
35315571	0.000753211435862524
35316220	0.000776811085312856
35319680	0.000775612020967583
35320620	0.00833415286885094
35322041	0.000988169932125823
35323520	0.00221078287956344
35325180	0.000738887879217954
35325200	0.000750957899222415
35325440	0.00224347232204721
35325641	0.000863223755935936
35326751	0.00197600812474386
35327520	0.000952244260838844
35330321	0.000888473051806095
35330540	0.000760959129150873
35337180	0.00117699916256335
35339370	0.00310491829970278
35340620	0.1201741350822
35346560	0.00081281170025759
35346891	0.00318729300552191
35347250	0.000910997499809179
35351001	0.000902414982946188
35351250	0.00654871930007735
35351551	0.000821152621280779
35351670	0.00336977569414062
35353351	0.000798596839339392
35358181	0.0022452104551662
35361081	0.000974806670161107
35364401	0.0142722164119321
35365170	0.000740984928272034
35371711	0.0278617389055719
35376101	0.00085366016666085
35377330	0.00179036699571884
35377491	0.000791039889064314
35381290	0.000963031801447052
35383090	0.00122248672150163
35383701	0.00196787685126732
35385771	0.0021152500984103
35386400	0.0850116647714409
35387110	0.00121764792253273
35387260	0.0550509631238496
35388230	0.00223954487033648
35391961	0.000749449902701082
35394810	0.00105282722528648
35398441	0.00168972687269654
35399680	0.000796542260295804
35400890	0.00363023196370255
35400931	0.000883278466815075
35404090	0.000737730618752873
35405751	0.000775608643831231
35407090	0.00151485090128949
35408060	0.00206141813288599
35411770	0.00258638703684724
35415431	0.00181953930831964
35416340	0.00091596837755151
35418260	0.0230706118706518
35418840	0.00369556656461751
35419011	0.00132505363738836
35419151	0.000776071182747539
35422010	0.000780237653685419
35425290	0.00409577073157515
35425481	0.00335936638464863
35426130	0.000951944403839124
35427021	0.0290178467389899
35427930	0.000998631170133751
35430960	0.000942666501637287
35431260	0.0098248813826426
35434031	0.00138925382291229
35443151	0.000879812521456276
35444080	0.000897841874967671
35444231	0.0229009247639882
35446270	0.00117980782332422
35448671	0.00114098357609914
35450530	0.000771501836280572
35453700	0.00118421090458685
35453870	0.0218012040841767
35456500	0.0013623236979677
35457331	0.000957208774683426
35460651	0.000820224405221854
35465560	0.0164405708934997
35467131	0.00102556064925316
35468641	0.00683293301014519
35468801	0.0271868723061429
35470451	0.000811611527693032
35471151	0.000972130082133408
35473840	0.540382855734481
35476200	0.000898847760076735
35476231	0.00116280301564851
35478420	0.0966380678478796
35478591	0.00485206164298064
35481891	0.00291924773680874
35482540	0.0163087867205479
35482601	0.00186833056437925
35482721	0.000762393477861601
35483131	0.00223373991336274
35483971	0.00270410889434701
35484391	0.00574591324456427
35485440	0.00997500429622296
35485980	0.0448464599020539
35493290	0.00200241148564306
35494041	0.00331152798705277
35495401	0.000770098493040412
35498380	0.00177004881464269
35498390	0.000820069028295667
35499530	0.000964135921836872
35502721	0.00319489441111099
35504060	0.018811480965078
35505580	0.0016846092339524
35507131	0.000914940368683787
35510950	0.0146841321119188
35512931	0.00533790856521019
35513450	0.00505599013882792
35515360	0.00112424114656507
35516870	0.000740576933002997
35517300	0.00665934112040004
35521341	0.0019730356496045
35529860	0.000750116997174749
35540241	0.00436632076675093
35545160	0.0108197354176841
35545990	0.00141903961050264
35548631	0.0011638002979013
35548880	0.00206205065572703
35550960	0.0220871396470747
35553071	0.000849387312895216
35556730	0.0117796880158791
35557840	0.269110891428202
35563760	0.0018017459565402
35565290	0.00201254346892905
35570431	0.00246624188757488
35571900	0.0037944749190774
35576361	0.00569535713343319
35576781	0.0567892819129026
35577481	0.00399655724059656
35577871	0.00164958137210053
35579661	0.0710417718195615
35580070	0.0015386321869843
35581580	0.000846972468062375
35581601	0.000803480110314377
35582021	0.00239327266047923
35583541	0.00553931209788755
35584491	0.159672463972771
35584771	0.00496016859907098
35585270	0.0125102424530571
35585560	0.000859631840753065
35587661	0.0139867977093716
35588460	0.00210170809002506
35588921	0.00220330293553654
35589990	0.000782209556442177
35591370	0.000958024876335433
35592070	0.0116887193209128
35594810	0.00473975618728523
35597410	0.0014692628589263
35597690	0.00211815330348367
35599261	0.000786208754800141
35605160	0.000751333399910521
35605960	0.00181620572412189
35607920	0.0349929300078617
35610260	0.00196829965091475
35610690	0.00166995744511102
35612040	0.000956993501340214
35613970	0.00563838910755155
35615521	0.0027436985677463
35617611	0.0265851580486251
35631121	0.00116872592693668
35634670	0.00229332900489157
35639470	0.000819345052068568
35639951	0.000736264951139303
35645300	0.00228928893989507
35646130	0.00669541174065925
35652860	0.00632853215725118
35654230	0.00210300308036926
35663910	0.00150274577757226
35667531	0.000894621906297897
35668040	0.0049536782738631
35669580	0.00336848798994201
35669980	0.000880562529577788
35676190	0.00149884758264683
35677041	0.00110483924006807
35681430	0.00491901843206632
35682390	0.000799946634173268
35683050	0.000749903469408375
35689160	0.0118930133065281
35690500	0.00338586586828356
35691791	0.00106795516261903
35693140	0.000900947841781912
35693410	0.000742419082665122
35693840	0.000839277598766819
35694910	0.000918599624002605
35696460	0.00230322552387053
35698271	0.00145102324062115
35699210	0.00561271841123597
35700491	0.000915738745603408
35701601	0.000828193334323833
35701980	0.00348660111636297
35704170	0.000846793065795534
35704290	0.00252761481231613
35704730	0.000760904526169339
35708150	0.000805374140170608
35709830	0.000804442595421973
35710120	0.00345838025586694
35711251	0.00248834367603213
35712330	0.000880853994410861
35713581	0.00139465105088739
35714260	0.000857475344591938
35716361	0.00204379350433205
35722080	0.00081025819948315
35724761	0.00423894880802685
35726841	0.00138693183083981
35727600	0.0056053143124162
35729041	0.000882667637780025
35729670	0.00315246623199629
35729820	0.00389592340857683
35732030	0.0164995061956215
35733000	0.00117816814473881
35734100	0.00439275448359961
35739371	0.00218817863784783
35739740	0.000827398586157134
35740020	0.000796358029328931
35741051	0.00105795011300461
35742821	0.0236179311345506
35743381	0.000971326408006247
35743460	0.0015490254366498
35744061	0.000823622067363061
35746971	0.000965669747046892
35748201	0.0094496625427654
35748320	0.00241898903568033
35750350	0.00104233816489357
35750390	0.00100756566721251
35756040	0.0101031198947445
35756221	0.158818678269024
35757840	0.0135568002101618
35758490	0.00162406334777195
35760860	0.00148731133552847
35761150	0.00100718190466667
35762250	0.00102358737075413
35763231	0.000804908455045279
35763480	0.000997984871848306
35763760	0.000758320463679646
35763791	0.000779324970843719
35765530	0.000920253620359988
35766660	0.000735642772885472
35769021	0.00465636788466527
35770510	0.0114048087223115
35773520	0.00114533593829093
35773721	0.00163745352498824
35774811	0.00268893322841994
35775080	0.00167588486087035
35776901	0.000834781818083609
35777571	0.0497127773083806
35777591	0.00108036963619402
35783381	0.00160497867786695
35783630	0.00724071204889064
35784201	0.00388662508749833
35785591	0.00236357140927835
35787470	0.000801262129391921
35787490	0.000732502749325893
35788201	0.00227899756063224
35789540	0.0141028650531165
35792460	0.00092766995864164
35794390	0.0030334044532357
35794920	0.0499144397312029
35795040	0.00078354069392306
35795921	0.00073897385891401
35796150	0.00171123089596349
35796191	0.000767714327817348
35800990	0.0291413877226168
35804020	0.00209144867960957
35804611	0.000855663637328532
35804621	0.00107743635565584
35810261	0.00200987558747215
35813151	0.00218738911162261
35813680	0.00211487536692661
35817140	0.00177262714606168
35819170	0.00641545641752417
35819460	0.00081284289341822
35820341	0.000759038099752943
35823801	0.0110808476092545
35826100	0.000797885678614861
35827860	0.00618553286592718
35829420	0.000775527672636988
35830401	0.0146026282322634
35834480	0.0207725353270602
35843610	0.00169562611807628
35843781	0.00118102340976374
35844280	0.0019309543128931
35844881	0.0010094868425368
35845410	0.00277658081721444
35845530	0.00140873068773922
35845810	0.00158834090775965
35845940	0.000889050928657401
35846131	0.000932376522980706
35846681	0.00583955787799402
35860570	0.00154499129095751
35860611	0.00219670932612977
35860731	0.00344648032590587
35861431	0.000788212865795587
35868590	0.00262346495267606
35868850	0.0175879331174908
35869311	0.00072928566524651
35877240	0.0041200546214858
35877940	0.00195998877625357
35878801	0.00167357672665696
35882671	0.0296296444399146
35884130	0.00133048051132087
35886930	0.000813701776395998
35888061	0.00218734468937516
35891750	0.000948397641861501
35893291	0.0017556811436388
35894210	0.000869702207689785
35894780	0.0089089459032435
35904820	0.00152979496634859
35909120	0.00120839150435534
35912191	0.00158934536799728
35912990	0.00409567680763106
35917240	0.00543085050433873
35921991	0.00126024465967379
35931860	0.00299455608162016
35932830	0.000755352249132457
35940191	0.000785937489604729
35943990	0.0136176234610477
35949400	0.000776071182747539
35956311	0.00518287251775155
35957421	0.0011740559890115
35958811	0.00529184908600672
35962360	0.0015506856790293
35964871	0.00615575978823219
35967170	0.000919476154931898
35968020	0.109492076925137
35968430	0.00865933337285507
35973930	0.00189305989756636
35975491	0.0392566199694271
35975781	0.00347097164150212
35977110	0.00136641971813232
35978640	0.000826556607665572
35981821	0.0156906074679228
35988850	0.0132066165256365
35989131	0.000769765870827606
35990920	0.00142200257621432
35993810	0.0144185398466
35995730	0.00235520727538228
35996591	0.00289378084201582
36005910	0.00177731938703412
36007180	0.0207003232011413
36009220	0.00141279136374486
36021950	0.0496200689985209
36022480	0.00173437266201225
36031180	0.0180189472682668
36032031	0.00249082532867758
36033660	0.00719441457745792
36035221	0.275855785837295
36042630	0.000816809979844431
36043980	0.00184482396224182
36046770	0.00400941879785481
36053220	0.0175277386444985
36055761	0.00279587899763682
36056731	0.00331042770288377
36059980	0.00156168675877177
36060400	0.00173710791597978
36060800	0.00223986423556736
36061120	0.00086291014957377
36061210	0.000886913754516373
36061910	0.00225186382710005
36062890	0.000886205814656866
36064810	0.00217614465466659
36065370	0.0046096323210121
36065561	0.00697712371882165
36065701	0.000918353368025798
36066620	0.00111010003949641
36066801	0.00493258159321952
36069401	0.142873853160405
36073121	0.00278267100741779
36075211	0.00268287017371054
36076441	0.00162033507407922
36077220	0.00320508242347547
36079150	0.000949238419701513
36083010	0.000849181474424795
36085671	0.000756437430822934
36089100	0.00663095181028346
36091290	0.0031206222391393
36091690	0.0141325569924064
36092130	0.00124967092792219
36092540	0.00574323471987803
36093671	0.000758164251435263
36095580	0.0259687742516391
36096120	0.00443685419672903
36097650	0.0315257989959922
36099440	0.00577325174278502
36102361	0.00165187285166883
36102610	0.00516256816522319
36102730	0.00111916364341153
36107211	0.000865785160179791
36108930	0.000883074113659941
36110651	0.00130564291165703
36112960	0.250857001213448
36113900	0.0135170129275879
36119351	0.000948979482316953
36119741	0.00842266825239927
36120431	0.0187178865612328
36125391	0.000746930010490703
36126921	0.131344058035526
36127450	0.0247953094390702
36127550	0.00207630994305302
36133360	0.000796023190792604
36133401	0.000879670992989081
36134490	0.000831255913057923
36134931	0.0138828456960131
36137380	0.0622347641134993
36137630	0.00230799271893024
36139191	0.00092789977022959
36140301	0.000793989938714731
36141811	0.00082854867516007
36142081	0.00660408437160387
36142330	0.000806830027991736
36143071	0.00201636790803818
36144530	0.00115537026759344
36144660	0.00090764096464848
36146720	0.00112193943096448
36147601	0.090871859501007
36149770	0.000735642772885472
36150470	0.00200665816208197
36151020	0.000849848021504919
36152400	0.000779853111502301
36153370	0.00133876198947921
36153930	0.000816057981373754
36155751	0.00111213050304191
36156270	0.0019780664078904
36156571	0.00580523133210087
36157070	0.000771610890645932
36160571	0.00127983886407282
36162781	0.000784244833964011
36163731	0.000929388461149706
36167051	0.00929055547466824
36170880	0.00135514371524608
36176240	0.00141680629656953
36176410	0.00304462330401886
36176800	0.000782152766051032
36177121	0.00105945914119397
36177200	0.000796513790119353
36177391	0.004334930154848
36177770	0.00121466580143366
36177890	0.00209828249685099
36177910	0.00266361038231065
36180581	0.00104461738495078
36182300	0.000762058102448937
36183310	0.0259489366049457
36186791	0.0123146088042961
36187341	0.00614166391045995
36187741	0.000776811085312856
36188281	0.000744849132670025
36190440	0.00454171288865422
36192950	0.000839037758615081
36195420	0.000950436875283084
36195601	0.000756253739465918
36200130	0.00228481610640361
36201131	0.00256246864498414
36201801	0.00222729480338169
36205951	0.00285898647339154
36206710	0.116156999077484
36211550	0.0034739724778417
36214870	0.00085758751876273
36215290	0.0046408587578096
36215700	0.00130673196671884
36215881	0.00561999194415049
36215970	0.00165986145327554
36216011	0.00326826458968192
36216400	0.000742682851274706
36220090	0.00336415675645591
36220540	0.000856809023189039
36222990	0.00197956792988372
36226621	0.00424152172492365
36232540	0.0841539410191767
36236291	0.00249411367485541
36238921	0.00235534553585213
36239030	0.00081662368867428
36239181	0.000795149478818786
36241951	0.00779036609452516
36242460	0.00169820543338077
36246720	0.00402620497906591
36251560	0.000834461663889449
36251741	0.000871137076245881
36251861	0.000918467565207373
36252100	0.000752903705015231
36253750	0.000975845386090784
36254781	0.00230942405161944
36254980	0.000960907339807577
36255031	0.000916144483860101
36258641	0.00643507999736601
36259881	0.00357232659749997
36260390	0.000735642772885472
36263400	0.000906285852615127
36266921	0.00125041860425596
36272831	0.000766778254408448
36273330	0.00148976957307547
36277541	0.00102299961565716
36277941	0.000797003682711973
36278470	0.00795341210825714
36281080	0.000832414212581894
36281330	0.0034069848583308
36281470	0.000797758684513519
36281770	0.00072928566524651
36282081	0.000868770349126911
36284551	0.00105287614775895
36284851	0.000911814436654413
36287120	0.00409633683521149
36287300	0.000857870632424331
36288260	0.00980127067667869
36288520	0.0010434477971608
36289610	0.00122297494906627
36289671	0.188809161755042
36289931	0.00078641681456403
36290440	0.000742682851274706
36291031	0.0321967312566039
36291270	0.000814041345654119
36292510	0.00894048387944129
36294211	0.00405710573620967
36296431	0.000878713258957955
36296660	0.00813992829913961
36297511	0.00332887203951246
36298201	0.00173837162856817
36298580	0.00271704085451876
36300380	0.00695281403791652
36300800	0.00098944992100342
36301780	0.00323755512909669
36305511	0.000783379655852117
36305890	0.0335779587489858
36306361	0.00190454924428842
36308780	0.00514443908758657
36309640	0.00785842738214286
36310720	0.000867140087682115
36311700	0.00118772826661345
36313121	0.00554393692526543
36313511	0.000801593873206006
36315700	0.0019829745693881
36316151	0.00182064318187249
36316271	0.0106597399751295
36317210	0.00104969275416436
36318320	0.000912131180224605
36321251	0.0017835728162661
36321371	0.00345929830135715
36324630	0.00964633217808506
36327110	0.000866636406726733
36330570	0.00105248106156359
36332841	0.147109452149175
36333320	0.000881478317698756
36333760	0.00150883834646948
36336431	0.0413806967213888
36338611	0.0254946891856324
36339441	0.000937544823961706
36346010	0.00732726709619645
36346460	0.0119338910564971
36346970	0.000845308841102514
36347130	0.00169006733927886
36347311	0.00552556719608582
36347591	0.000964991477960675
36348281	0.00187979088598944
36351021	0.00193417982299896
36353371	0.00416407149249522
36354850	0.000964559240622078
36354870	0.00283589037876242
36356220	0.0012055935349676
36356230	0.00946162359256179
36357890	0.000919412596778628
36357921	0.000763238137813961
36357931	0.00120744261950267
36358030	0.0199267326188068
36361180	0.00155392808382146
36365921	0.00287836162454167
36367290	0.00246110959503935
36371670	0.00250293940015408
36372940	0.00100457628716431
36374720	0.0354288841451847
36377101	0.00308375538488494
36377620	0.000824446773622691
36378590	0.00086709479355249
36379871	0.00081427569504284
36381361	0.00863959610494845
36382310	0.00083803580805079
36383000	0.000745958989990331
36383311	0.00653419387403699
36386420	0.0029058661470329
36388220	0.00114381497998007
36388230	0.0395736761305316
36388630	0.000851068541005466
36390191	0.00133957310305358
36390970	0.00201597626060389
36391270	0.00118950548565272
36394061	0.0643138422271596
36394611	0.0443154461296888
36398140	0.00858193744865766
36398850	0.000964257954255234
36399960	0.000935688338513608
36400940	0.000749903469408375
36401490	0.00918119741298151
36402560	0.00233628225012631
36403380	0.054691763791122
36404831	0.000743751542448764
36406071	0.000914364616353025
36407660	0.00300089596599293
36408090	0.000828131422254158
36408261	0.000824302518801007
36408770	0.000914850893994257
36411841	0.00077991527102382
36412531	0.000770385067923517
36413330	0.0014114438324429
36413641	0.00132856100254813
36414970	0.00076676872525302
36416271	0.000746451935276128
36417730	0.000937682066983611
36418440	0.00249690819677452
36418850	0.00835271818149288
36418970	0.000996295772385996
36422300	0.0171488891236001
36422980	0.000865848604620511
36427110	0.00407369779324861
36428811	0.0248549963270145
36429771	0.0590819562854885
36430751	0.15253458760666
36431280	0.00297421718784724
36433040	0.00076564561475059
36434201	0.00391932634943279
36435571	0.000818609394129692
36436370	0.00276912493527765
36436811	0.000737730618752873
36437730	0.00165148241322793
36437781	0.00448179345393194
36438300	0.000806596330848835
36438310	0.000763238137813961
36441200	0.000994205519133292
36442590	0.0033555906041871
36448500	0.00209532643115529
36449320	0.00111103004937903
36449460	0.0101093500217969
36450850	0.00075219449588475
36452141	0.00108615598049045
36453030	0.00104506373292847
36454820	0.0179576604164087
36454990	0.000762410063606949
36456070	0.000826186575286597
36459120	0.000744259996753192
36461870	0.00900088107153449
36461911	0.00085787176718552
36464941	0.0392417139228698
36465310	0.0038820406490447
36466840	0.000919067855218848
36469890	0.00286611133785161
36470150	0.00174990044505272
36472251	0.00378074108060901
36472821	0.000932128090958275
36472941	0.011865040225494
36474960	0.00318143452157435
36475421	0.00463190179185324
36476500	0.000815939864922317
36476920	0.00344518967961583
36478191	0.00110610578613144
36480220	0.0010761647783764
36481040	0.0141445898655271
36481170	0.0333279876102073
36482690	0.00118846256766187
36483670	0.000873542674764091
36483861	0.000859548319823423
36484100	0.000816454356064695
36484240	0.000747480295823833
36485990	0.00337142152177028
36486881	0.0110151980368205
36487960	0.00166425509007566
36489470	0.000776219317106393
36490310	0.00195849267468917
36490410	0.0140634915401361
36494191	0.033180675523591
36495100	0.000869902831178613
36496251	0.119343575513314
36497610	0.00146322970908636
36500210	0.00196991918390702
36502891	0.000824543822578836
36506690	0.00245256909778335
36513030	0.000970121083146907
36515510	0.000849870260905978
36515670	0.000746566443752935
36522570	0.00115875172575521
36523141	0.00178304689188919
36523680	0.0013428407469091
36523711	0.000872781914641337
36524090	0.00770472772608866
36524770	0.000826636995531583
36525091	0.000869074183633707
36525361	0.00151649939631471
36526181	0.000765009193344843
36527551	0.0969868941267757
36529501	0.00461623301604868
36529720	0.000786678513708369
36532531	0.0139069976785265
36534440	0.000998935930110886
36534540	0.00297106256594819
36534731	0.00105880503286596
36534970	0.00532429625804774
36535291	0.0217843293642461
36535441	0.00076604435210177
36535510	0.00119576574972854
36535820	0.00273036071427731
36538440	0.00315092919908317
36540801	0.00133875450698352
36543411	0.00156597892576813
36546130	0.0186194744756953
36546560	0.00729997068027316
36547390	0.00158530988228793
36548090	0.00180806714393365
36549030	0.000828787014098101
36549200	0.00252601123195074
36549501	0.00273889923899582
36552200	0.000780587948669944
36552620	0.00203770601366637
36552801	0.0027912874144539
36554430	0.00415083118742639
36555151	0.000763238137813961
36555551	0.000861369510765975
36555640	0.00450921516100074
36558540	0.000743741844253642
36559250	0.000742682851274706
36559520	0.0060982851657798
36562950	0.10336004485831
36564760	0.124934733760263
36565351	0.00936237068087361
36567220	0.000790885819792373
36568500	0.0123248226630834
36568511	0.00367391865886229
36575260	0.00231732955128538
36575981	0.000919338999329038
36576371	0.00302110481441694
36577211	0.193743716194551
36577341	0.00076006113445774
36580521	0.00126649482856383
36583681	0.00168052406585772
36585730	0.00112233923414654
36585891	0.00135059423085618
36585990	0.00614151530879221
36586120	0.00103080524335682
36588050	0.00165567048094743
36588090	0.000736264951139303
36588121	0.00080640984229376
36589330	0.0016928879672399
36591701	0.00196077452416084
36592791	0.000864687485685564
36593351	0.00676838235346569
36594970	0.00147292744106666
36601351	0.00101243711114683
36602140	0.00101982597246818
36603500	0.00137930580731756
36604470	0.00350969441473841
36607670	0.00220850229311205
36608111	0.000796867478565418
36608500	0.00167072108848019
36608600	0.00450105430948694
36609720	0.00363904508850182
36610581	0.00104653080283049
36613071	0.000778877054452796
36613860	0.00077173249899528
36619090	0.00499058057249474
36620241	0.000765009193344843
36620921	0.425007923649537
36622560	0.000739512800026276
36623390	0.0104013561329212
36625491	0.0069383591874509
36628220	0.00110044929222337
36630940	0.00583915930260832
36632900	0.000945292876731468
36633320	0.0021373980382738
36634110	0.00821346734456342
36637050	0.0102461879515768
36637341	0.000871515540439184
36638321	0.00104349468792423
36638430	0.00263503145798349
36640360	0.000804547075290558
36642010	0.0021264583899898
36643141	0.000875414453174942
36643790	0.000857953475393934
36644101	0.002199343811407
36646171	0.00110296252239749
36646601	0.0136962215289771
36647681	0.000773648416339668
36647800	0.00374887731554185
36647971	0.000803445154149449
36648610	0.00119420203822465
36652941	0.00129668642543326
36653430	0.00347958885889249
36654021	0.000898504730625165
36654721	0.00150784500048359
36657201	0.0292084598842354
36661351	0.000987437796543283
36662290	0.638977671547321
36662721	0.0189693963399436
36666260	0.00516309825303457
36667630	0.00074608567688622
36671240	0.00319093514611537
36671250	0.0043485630609471
36677201	0.00958968671187329
36679131	0.00308743204793411
36682550	0.00134797275466054
36684470	0.0042053547506191
36685440	0.000773551378347598
36685491	0.0012130268865505
36689980	0.000825975725727082
36690660	0.000963217724032086
36693761	0.000845095095706989
36693850	0.00146532289973224
36694120	0.0213460226484316
36694591	0.000896731021562385
36694731	0.00104036719614305
36697450	0.000919549819776124
36697471	0.00122732074878948
36698280	0.000798497800014996
36698560	0.0142370072060173
36700180	0.00159323709172827
36706571	0.027628639229678
36706841	0.00102935795126116
36712771	0.00115483423953158
36717191	0.000742610422981609
36717201	0.000854898742430227
36720450	0.000805503032239502
36720750	0.220008472143897
36721751	0.00243678901025753
36722701	0.00418931843435641
36722981	0.00251179000266962
36723080	0.00158785910602944
36723520	0.000802724353678143
36724241	0.000735819627389799
36726151	0.00141424260943521
36726520	0.00112105401605443
36727070	0.0022563531604539
36727401	0.0163096807354243
36727941	0.000830449906664969
36728921	0.00118678494306519
36730140	0.00184797684395734
36730660	0.000985080700466411
36732060	0.0230638682408168
36734110	0.00206287067081602
36734670	0.00250498100150888
36736880	0.000742794995834713
36739370	0.000767692614864824
36739490	0.00143240051642038
36739520	0.00146195507302409
36741150	0.00545206611123347
36741160	0.00194131838911838
36741560	0.000812921212031302
36742581	0.19533709419594
36742810	0.00180424401003133
36743691	0.0205271774773672
36744740	0.000737730618752873
36746410	0.00678293454194129
36751510	0.00182468715657555
36752921	0.000899857345733338
36753140	0.00100266659606973
36754311	0.000775136682744257
36754650	0.00614651651778365
36756210	0.00336147332483506
36756320	0.000791053324720239
36756491	0.0125932095715553
36757700	0.000893239014262038
36758291	0.000888720362741138
36758981	0.000805998205755462
36759661	0.000805159296116293
36760590	0.000790327152345962
36760931	0.0433167311242158
36763801	0.00111732529522699
36771521	0.0055602400831043
36773051	0.00278476774460432
36778171	0.000993403635640498
36780081	0.000779503431245195
36780101	0.000809756586712841
36780330	0.00226052726591788
36780730	0.00253675537553635
36780750	0.363479291465565
36780781	0.0392182490086079
36781181	0.000784863349772787
36782960	0.000984589923468452
36784761	0.00253241031985885
36786031	0.00183592891293752
36788060	0.00113739561415518
36788081	0.0321903078781411
36788761	0.00125842746082501
36790571	0.0242069145533291
36790711	0.00299614599594716
36792371	0.00841786593669607
36792511	0.00205665831409015
36794940	0.00287381718979018
36794960	0.00105462269544395
36795780	0.000977391052439754
36796081	0.00191919710479804
36802530	0.000777606687874337
36802640	0.012890522982706
36804580	0.000735642772885472
36804621	0.000787176306836011
36806100	0.000897472403961963
36806370	0.00114393467860487
36807640	0.00275407418411453
36811681	0.00139584959097453
36811780	0.00246029750608691
36813020	0.00087507723674704
36813741	0.0178499330530557
36814100	0.00116129828682209
36817020	0.00147077084949562
36817570	0.00112592670710755
36817891	0.00381573787463937
36823251	0.00419777541131173
36823490	0.00391948830887691
36823890	0.00096291365339997
36824450	0.00236004247915897
36824750	0.000745969379067448
36824850	0.00257479196966413
36825601	0.00095443722122943
36826130	0.00102889689594904
36828761	0.00242737032880499
36828890	0.00108415057136874
36829120	0.210422227340557
36832470	0.0014757650961618
36833471	0.0110518900235691
36833690	0.0880184506568906
36834141	0.00100135683081558
36834400	0.0138978626566867
36835080	0.000815576331436117
36835941	0.398942003557124
36838141	0.00288202918679871
36841980	0.00218618833662883
36842130	0.00128688193935328
36845471	0.00122365714258706
36846640	0.000736701341134504
36846780	0.000830106761015988
36846961	0.000815371635867424
36847910	0.00123872609047141
36848170	0.00135767902732797
36853010	0.000955772701325402
36853300	0.172398730786914
36854250	0.000761713525799644
36855770	0.000923428819587427
36858021	0.00193417949088813
36858821	0.000729312691621082
36859200	0.00213798128041366
36861721	0.00189088519013143
36862561	0.00482417687537628
36864020	0.00285321306392203
36870790	0.0663765704795375
36871381	0.0183818860146913
36871931	0.0199623016351384
36874681	0.000741727678095287
36875401	0.0126457153815048
36876880	0.00187671668139203
36879111	0.00173471891561794
36881991	0.000741352304672371
36882250	0.0330590939704113
36882711	0.000774039216676505
36885581	0.00080488220176789
36885710	0.158015239787584
36887671	0.0731074779142622
36889871	0.00449980108564066
36891350	0.00147853130200487
36892020	0.00274023170861757
36896491	0.00839627422968276
36896860	0.000743727110724461
36898001	0.00145285948694854
36899220	0.000790327152345962
36899880	0.00291525785104838
36902370	0.0172885077535046
36902411	0.000913919822972548
36903460	0.000795653770577263
36905010	0.000848029014367468
36905110	0.00153365708411396
36905970	0.000743493532612751
36910630	0.000759908201288268
36911190	0.000735642772885472
36911330	0.000786567244721869
36911620	0.00351295109730137
36911750	0.000767614734255924
36912491	0.00565453473386837
36914260	0.000748468996598692
36915740	0.00103105476841158
36916481	0.000918522742804787
36917940	0.00349025747322131
36920491	0.0010075455814164
36921110	0.000858271283408041
36921530	0.00149501469776779
36922770	0.0257562440444623
36923671	0.000783131286967228
36924491	0.00259182402087441
36929400	0.00143310606037931
36930790	0.00202969044392469
36930951	0.382572189100289
36931490	0.00569809469803169
36932221	0.00693758806635647
36932320	0.00783148138762942
36933851	0.00162371048015321
36934210	0.00854082044731827
36934920	0.000804079513405433
36935531	0.000846663792899699
36938490	0.00372412323797368
36940611	0.00280024744391345
36940621	0.000810836462525292
36941400	0.00172334846012392
36941721	0.00543958215781724
36942411	0.0347319613149933
36944720	0.00081712357162135
36946261	0.000776071182747539
36946530	0.00317183743678805
36948180	0.00469428472885483
36951060	0.000952023626951072
36951630	0.00102344366552236
36951760	0.00371817512166811
36951801	0.000950376565496826
36952010	0.00116492365194089
36952170	0.000916264411261442
36956491	0.00181261352543225
36958390	0.0024601905757362
36958920	0.00261760347798395
36959060	0.00080589128769843
36959231	0.000929363386424826
36960170	0.00179726444233167
36960310	0.000939920401839573
36960440	0.00226279142546455
36960741	0.0364788824009078
36961581	0.000736264951139303
36961830	0.00106491948032659
36964310	0.000747183794100436
36964860	0.0774292992435715
36965960	0.00256841418598753
36966070	0.00279562874703945
36966630	0.000963804691207062
36969550	0.00378715789726604
36969721	0.237562596018343
36970541	0.0151225477714994
36970681	0.00394658368512745
36971801	0.000786027806006124
36972150	0.000805107388398777
36975781	0.000876829803168515
36975900	0.00127464785051089
36976741	0.00617109361749996
36979070	0.000868831666256194
36981010	0.00104240134853968
36981280	0.00456880698161418
36982630	0.00135602265185509
36983941	0.000836984361552565
36984061	0.000956342639906392
36985110	0.00231431946262126
36985841	0.0010392651065985
36986210	0.00126697534771769
36986790	0.00457304674437919
36988000	0.0211660291853858
36991470	0.000952819026697475
36992030	0.00525781486422321
36992560	0.00238267188527869
36996211	0.000862184991839507
36996341	0.000808179692812005
36996751	0.0032560218878445
36996881	0.000765795596887037
36998401	0.00205814962449592
36998900	0.00311317115512439
37002640	0.00259724703770138
37005701	0.00447125538239882
37005851	0.0010035652822851
37006110	0.00288906399479811
37007511	0.0134143544778903
37007590	0.00774120560724351
37012690	0.0307602976061645
37021581	0.00343098576837568
37021981	0.000762101924575313
37024061	0.000793152001545789
37037171	0.278495310564217
37037970	0.0158358796026877
37038760	0.0116190317260043
37043320	0.000933470730291642
37045701	0.000790586922360533
37047221	0.00208732415780241
37050770	0.00651085497836231
37051361	0.0025072552331555
37051371	0.00177564609497432
37054760	0.0132274346997296
37055470	0.00078207649156553
37059880	0.000880549568978799
37062210	0.0347918071493117
37062500	0.00080933800305135
37073390	0.00591128540311939
37078121	0.000934088646286623
37080321	0.00193962698819628
37083450	0.00158564953282035
37085011	0.0534462509563442
37104540	0.00186821757179138
37104861	0.00619427207427778
37107771	0.000832555191154423
37110480	0.00100242193100261
37111440	0.000777468055045558
37116270	0.00771735619467382
37120611	0.00909426803861839
37126920	0.000803286767819948
37128850	0.00701876067386309
37137151	0.00708485409917515
37140550	0.00307713419550332
37147320	0.0223695136704657
37151440	0.000880757547141893
37164451	0.00136932875395868
37164820	0.000835133130504283
37172820	0.000745898156309942
37173400	0.00080886804781203
37173650	0.111508699030291
37175040	0.0300745164970282
37175150	0.0068864732831716
37178190	0.000912647091408954
37179621	0.00288150354805039
37181831	0.00387900882873989
37182391	0.0404283810065941
37183491	0.000989807866265184
37186330	0.00863629524538142
37187771	0.016146310138176
37187901	0.00370584081317442
37188700	0.00890085180975981
37189380	0.000932375661976368
37191730	0.00237069192620428
37193141	0.000948568511996879
37193291	0.000896121865320696
37194180	0.000950906922711209
37196970	0.0024251588145031
37197841	0.00162905454146205
37201401	0.00256425033516487
37201681	0.00109151983803901
37205821	0.00129633758935551
37206620	0.00962669203491765
37211310	0.00272999217114854
37211361	0.00119600954086562
37215631	0.10405776961936
37219600	0.000895874365205191
37221090	0.00170684968216175
37221660	0.00102694589772858
37222381	0.00146326205501364
37223020	0.000816178959104201
37224110	0.00727823775145065
37224660	0.00164825661140366
37224840	0.000812277012577177
37225120	0.000887825772563754
37225541	0.000859643627030924
37227280	0.00374309319375388
37229541	0.000821388940840388
37230060	0.000820787378484696
37230200	0.00127330843359963
37235280	0.000737204708644329
37237240	0.00606821316319102
37237360	0.00104615608633659
37237701	0.0060610642369895
37238060	0.00109933718888377
37239700	0.00198589208477292
37241110	0.000876053899509321
37242050	0.000986329776931762
37244390	0.00261703231951211
37244991	0.0180977531640593
37245530	0.000864272320139459
37245671	0.00832998577767142
37247560	0.00119236380177207
37248981	0.00197432665673173
37249261	0.000735642772885472
37249520	0.000795300608441914
37251560	0.000811038484184331
37253961	0.000863433750535439
37256400	0.00072928566524651
37260670	0.0335847670982856
37262900	0.00338399639147294
37263700	0.00116551896596869
37265100	0.00555392426628469
37265490	0.000819665464954791
37265630	0.00113864338442075
37266490	0.000768580413150286
37266630	0.000782152766051032
37266760	0.000749058653924745
37269811	0.00386746425641728
37274190	0.0023475053683106
37274801	0.00141569697729941
37276451	0.00148044720556141
37276981	0.00333630530957604
37279160	0.0394891000602421
37279481	0.061193008434971
37280380	0.0010023000030606
37280800	0.00102262209905344
37281261	0.0038907408205954
37281531	0.000831514417821826
37281671	0.000785992358771577
37282050	0.00236676637012901
37282511	0.00276022123008304
37287730	0.00269641281347121
37288441	0.000904340940278038
37290480	0.00188442466490521
37295140	0.00318135520052668
37296420	0.00564902377139749
37296721	0.000736264951139303
37298350	0.000844507195606281
37299881	0.00395272405351495
37301080	0.00507515144294921
37303430	0.00513890472870777
37303761	0.000774765033656386
37307071	0.0010327139237627
37309510	0.000761132353219847
37311420	0.0687663144056362
37313110	0.00322003557581647
37313510	0.00226251619467713
37314781	0.00118082012956116
37315621	0.00257452534238216
37315891	0.0183786894975713
37316011	0.000956133296338266
37317961	0.000911628597474472
37321531	0.000796956101214071
37323430	0.000979134502120314
37330501	0.00081719821859605
37331720	0.023396113361699
37331871	0.0140335966660393
37334870	0.00209089719540611
37336161	0.044906624737897
37337350	0.00380266809558395
37341681	0.000804984491232464
37342040	0.00660162181315337
37346740	0.00273894839752992
37395451	0.00204920073644014
37413241	0.00204553152754671
37416240	0.0027225941137191
37419321	0.000931030272371241
37420660	0.00130770485370473
37427980	0.0301191364695465
37430020	0.000834188410454704
37431181	0.000752108143582306
37431540	0.000742682851274706
37431550	0.00152210008326122
37432431	0.035345293778307
37432540	0.000886433086941417
37433780	0.00354058443142885
37434631	0.0379917820584364
37435270	0.000742682851274706
37436800	0.000809177656903808
37437381	0.00082930600790406
37439051	0.000788504811239226
37444090	0.0141538596895342
37444711	0.000742033197031879
37446091	0.00384014551341393
37447041	0.000930468911860587
37447140	0.00228723967925452
37448660	0.182504617872407
37448701	0.000768656390494856
37449230	0.000802563319190738
37450600	0.00241397458901871
37451980	0.00080304308794156
37453251	0.0232192977071696
37453371	0.000793195758972266
37454440	0.00082217962809535
37457920	0.00483344280101873
37460981	0.0025875433937026
37466880	0.00423460204539662
37467280	0.00108898909211869
37471840	0.00130736223972747
37472291	0.000841125975671045
37475331	0.000795663942214624
37479881	0.0007963623915246
37483591	0.00967928271497
37483680	0.00247673944527015
37484571	0.00164258806671486
37484701	0.000763238137813961
37486341	0.000778993876201165
37487420	0.00176961848013014
37488151	0.0278722852764814
37489210	0.00130180230692569
37489480	0.000751594717580872
37489740	0.00115525470393002
37491301	0.00322044696609472
37491540	0.00150529070986253
37492090	0.00604481394568967
37492250	0.00158488651830895
37494341	0.000815206589868677
37496831	0.00079206471147615
37501251	0.00369449146213207
37502740	0.000780632365124929
37503120	0.0563482619425359
37504220	0.00398261529828195
37505340	0.0579532126976475
37506460	0.00110475998473105
37509870	0.0106183561829153
37512780	0.000748446982177425
37513470	0.00209485863420581
37515690	0.00528915542432974
37517070	0.00178223897518904
37517251	0.000819396930694857
37519560	0.000736264951139303
37519940	0.00426146022639735
37520230	0.00432529923967355
37520380	0.00407296925023488
37524770	0.000925922100179418
37525661	0.00124969165255385
37525740	0.0122021171697313
37525880	0.00088926808957215
37526300	0.0027737902878448
37526450	0.0144496177240795
37527441	0.00218660258731625
37527540	0.0154576550418717
37528951	0.00198058984282656
37530320	0.00102879410286419
37531581	0.00233723842565549
37533111	0.000783492446499095
37533630	0.000872613126306263
37536261	0.00105396979992589
37537890	0.00242485774661185
37539591	0.00380337983580977
37541361	0.00119479870021895
37543550	0.00153264320478401
37544490	0.000765322432892306
37545340	0.00359766708104316
37546491	0.00104591181016045
37549610	0.0016743211430831
37551441	0.000822311946983384
37553620	0.000913356924981434
37555181	0.00230969208907296
37556800	0.00124782880980559
37558901	0.000870355832667881
37565661	0.000794295827658655
37565911	0.00117556971686006
37569460	0.00130353185429571
37569661	0.00112320036120349
37576100	0.00302368079482415
37577210	0.0173181423778563
37577931	0.0012387527209574
37585170	0.00214474187232711
37585190	0.00232448190987495
37587311	0.00352321673058601
37588541	0.000743810212210585
37588811	0.00316361006889208
37589330	0.00399323773489768
37594321	0.000775188444723676
37594570	0.000785075874357951
37594590	0.000807419578152413
37594720	0.00077993929952457
37598040	0.0682094888910237
37599031	0.00110219177562929
37601371	0.000857884115454204
37601580	0.000890015534380431
37601590	0.00480139819035731
37602980	0.000850255890851766
37604340	0.00301623497490563
37604660	0.00162013790310426
37605330	0.000792437165089136
37605460	0.00089887569917353
37605631	0.0115162752653271
37607571	0.0797951132113896
37609600	0.00166349621019091
37614150	0.000920652071723865
37621310	0.000890514188412449
37622010	0.00438968722494779
37622741	0.0015501846576222
37623291	0.0129586503954966
37623960	0.0162493771264585
37624630	0.000989293464607203
37624811	0.00859975400113919
37626601	0.00334703441084106
37626621	0.00393677149667388
37627670	0.000777347640541497
37628111	0.0260060795765961
37631031	0.00155084513609985
37632681	0.00939527583065961
37632811	0.00194154489032778
37632890	0.000778725630738951
37639370	0.000837259968832932
37639650	0.00206977939506147
37641620	0.00582221398082024
37643281	0.000937818530346084
37646020	0.00800967674871807
37649750	0.00130423938935762
37651441	0.00108901405360851
37653460	0.00593949757110154
37655920	0.000790421290316665
37657200	0.000816156574034697
37658440	0.00108761750723786
37659100	0.000860542804161698
37663971	0.0550901793929649
37667991	0.0129551143201749
37668340	0.00137042784166456
37670170	0.00812461930709716
37672790	0.000984673810345633
37674341	0.00335661950238567
37677371	0.00101123974597161
37678010	0.000831021239128007
37678150	0.000781297491784418
37680330	0.000942725033456978
37680381	0.000844331876219342
37682990	0.0008183650514882
37685300	0.00100757828684434
37685460	0.00192005278659853
37686881	0.00091930256021264
37687301	0.00150114354803306
37688760	0.00154114567219748
37689610	0.000741102473975911
37692350	0.000918881695369048
37693570	0.00112655128617864
37694471	0.000900616259891444
37695011	0.000786617489935356
37695260	0.000740984928272034
37696541	0.0173852998019405
37697911	0.000797264442537629
37698741	0.0010005010787752
37699800	0.000755932560624909
37699920	0.00139783468563061
37700490	0.00412127010894994
37700671	0.00170214557578055
37700890	0.000768774369840112
37701211	0.00282932021328696
37701501	0.0009030282898259
37702321	0.015345549342124
37703680	0.000806100457296342
37703950	0.00101948583734375
37704610	0.000902906060526284
37705050	0.00165452360578401
37706840	0.000832842963357944
37707530	0.000748825945199571
37710611	0.00169807380965642
37712651	0.000756564881351644
37714010	0.000736376127315297
37714051	0.000826577393831006
37714741	0.000771229597395154
37716500	0.000768788617855554
37716880	0.00855402149434959
37719851	0.000794350263163527
37720780	0.00831677337483067
37721631	0.00133992224913958
37723240	0.000755885122021296
37723411	0.00482092871745723
37723561	0.00132493516928138
37724801	0.00206441581142456
37724951	0.00130607525994121
37727230	0.0301202331538148
37727250	0.00259089777739749
37730611	0.0180845876418355
37733570	0.00257506482574745
37734290	0.000758136775220986
37736080	0.00131683884992129
37736190	0.0130608476307906
37737710	0.00111785757378597
37739411	0.004297410756368
37741050	0.000965250365827321
37741751	0.00743055304966661
37742550	0.01771055717025
37742710	0.000947906932357234
37744880	0.017467880633273
37746031	0.0019911971024949
37748671	0.000819603125437658
37752791	0.00083825229448802
37753020	0.00124232735317763
37754970	0.00158374531256869
37756070	0.000742682851274706
37756921	0.000873911650503104
37757710	0.00163443110619866
37758311	0.0548475652259997
37759630	0.00327438801215098
37759930	0.00081549497491775
37761730	0.00885256598943999
37762420	0.000874094485656936
37763271	0.119010452696232
37763650	0.00303222205721873
37764210	0.298575934131401
37767110	0.0151281877516539
37770250	0.00957913760334153
37770570	0.000980817117900882
37770731	0.012581055223071
37770970	0.00118407638504585
37771390	0.0516041022637803
37774940	0.00125746315167999
37776080	0.00152818381907033
37777020	0.00518579756255617
37778120	0.00077864985287431
37778161	0.000813904521578134
37779971	0.00256981645748586
37780880	0.00077410798330971
37781450	0.00387822813999401
37784210	0.0245475565454551
37784931	0.005055385951121
37788640	0.000891363523909773
37788811	0.00117677620551332
37791561	0.00187178039038719
37793300	0.00106805626597159
37794181	0.00183833759835622
37795681	0.00113035697634408
37796231	0.00332669892369349
37799401	0.000803157685098561
37805081	0.00601832870735939
37807800	0.00108585123511712
37812111	0.00408374978286347
37814731	0.000765422887565422
37816320	0.00210057430713323
37817570	0.00133686147425108
37817911	0.00481797017730652
37819151	0.00919824220477081
37819220	0.001966119496226
37820320	0.0357280865325937
37821030	0.00460586197789994
37821290	0.000836915350147751
37821430	0.00208541796663736
37823261	0.000803404096884009
37823670	0.000804598555018061
37824350	0.00333077247104205
37824381	0.00080093932626926
37824490	0.00774916793215679
37825280	0.00087478933033511
37825351	0.000994009541771745
37825481	0.000773702542350885
37827131	0.00366021357687055
37827261	0.00252921758664443
37827681	0.00106644717995227
37827790	0.00385095116531098
37828391	0.193005518139931
37828511	0.00126374416065247
37828730	0.0426698381951264
37829741	0.00277452456011692
37830171	0.00272640620554175
37832210	0.0010275678138434
37833720	0.00245407407261377
37833980	0.00332185841144343
37839141	0.00104952955161804
37839900	0.00132518866233234
37840200	0.00207439428157917
37841211	0.00343669782993494
37841280	0.000743190575528222
37842690	0.000782922265969773
37845481	0.169687881382002
37846520	0.000750513045272251
37847141	0.000791290292700348
37848511	0.00395619246733134
37849040	0.00108944134618885
37849440	0.0033248827763734
37852101	0.000823410044019655
37854161	0.00936136487074043
37854660	0.0141436475597592
37857580	0.000816620678539982
37857970	0.00327759204340346
37858591	0.00122985288228017
37861010	0.00112473332893769
37861471	0.00234147512266445
37863790	0.00244851874281384
37864880	0.00211639991260853
37864921	0.00654707497232859
37866871	0.00319983041954015
37867271	0.000988262315527644
37867401	0.00114216171141409
37867821	0.00130699367956314
37868511	0.00229336008230139
37869611	0.0212910945305123
37871271	0.00966069179971508
37872330	0.00245376232841257
37876860	0.000946106970274094
37877040	0.00144849918271893
37877280	0.00170999396903598
37878930	0.000829768343356554
37879281	0.00288335718335175
37879520	0.0012382100293018
37881560	0.000851150030557077
37882031	0.00982865029796493
37883210	0.00935701457599938
37884740	0.037789220733382
37885621	0.00139103547215191
37888030	0.00321927379061104
37888590	0.00184622270136965
37889191	0.0221901132460224
37890250	0.000973255099194394
37890380	0.000813503406931628
37890820	0.00106229377900978
37891821	0.00087604145476247
37891941	0.00222056356683192
37892070	0.00100234682663782
37892661	0.00075875114580001
37895271	0.00245524077799092
37896740	0.000885406599145367
37898851	0.000937375983777874
37900210	0.000919299926427631
37902820	0.00147019843550959
37903271	0.00322682233229947
37904070	0.000874538185957877
37905570	0.000787747240606947
37906790	0.000841776992042185
37909010	0.000846221432313433
37909150	0.000773048727102169
37912081	0.000754914867079438
37912740	0.00121020288066213
37913051	0.00073897385891401
37914410	0.00288516400703612
37914841	0.00102181866986488
37915090	0.00318597868790448
37920320	0.00215429442497838
37920330	0.0100286807716359
37920651	0.00658396827771978
37921041	0.00286510531047998
37921570	0.000734581689966361
37922291	0.411764003385003
37922830	0.000765009193344843
37922930	0.00221867460485316
37923500	0.000746930010490703
37923770	0.00566474774453927
37924791	0.0171814228553517
37925840	0.00130595123741097
37926981	0.00103311294923866
37927811	0.00141030606636384
37927890	0.00308202435582909
37928050	0.000773906212899495
37928720	0.00280642563265834
37929191	0.0024237798784889
37930380	0.00150690749261473
37931230	0.00993564680097754
37931750	0.0180093722741805
37937051	0.00213499108008978
37941000	0.00139242759328209
37941010	0.000736264951139303
37941140	0.00072928566524651
37941181	0.000808773832828576
37941481	0.00907219263497287
37941891	0.000833098152199952
37944340	0.00160574097751407
37944491	0.00690049702327426
37944921	0.000731355482055213
37944990	0.00104673842292633
37945700	0.000888903466031575
37946660	0.000778810649442153
37947240	0.00123647607548415
37947801	0.000882711690912618
37948361	0.00103823434537185
37948460	0.000962774685104882
37953410	0.00150315329240894
37953580	0.00117491118353305
37956491	0.000770095232733161
37957860	0.000810482304806012
37960060	0.00084103776127179
37961430	0.395518543582431
37961471	0.00101692517065788
37962441	0.000770647036252083
37963330	0.000844838953132079
37965170	0.0862875380448502
37965591	0.00249069092637411
37969540	0.00197817934447433
37970090	0.00360680786610708
37971230	0.00158494552726521
37973030	0.00119796468028705
37974260	0.00534725129677984
37977751	0.000912650642792259
37979821	0.00276939443812283
37981861	0.00157306629786716
37981950	0.00141394982871208
37982130	0.00151918349375178
37982790	0.0164822635053883
37983330	0.0152729480941463
37985140	0.000804521416024538
37986410	0.000749903469408375
37988081	0.00838656747324291
37989130	0.00355375769416658
37992351	0.00147039071188584
37993140	0.00168212909305709
37995880	0.00103321442607119
37996180	0.00150400965378697
37996880	0.003829510828045
37997130	0.00215546762089473
37997191	0.00115584864941484
37997300	0.000810922768088553
38000020	0.00121763172016222
38000190	0.000771040564027072
38002141	0.000761288788960775
38004231	0.000958006740349292
38004501	0.000823538904803553
38005440	0.0154755899863903
38008600	0.00238830986673774
38009430	0.000901679037664971
38009591	0.00817787929403717
38010360	0.00156954836430417
38013611	0.00116080689065151
38014561	0.000792014197697148
38014810	0.00207570742531987
38014971	0.000787497154509308
38015121	0.00117739140955752
38016050	0.000789445685332115
38016160	0.00163999751591494
38016330	0.00113022196322387
38016450	0.00213292615080195
38016491	0.000905098040978064
38017120	0.000821974818929392
38017270	0.00593229914909404
38018800	0.000795578892847249
38019490	0.00325243375520184
38019610	0.0022095940877043
38022301	0.00183517074625314
38023241	0.00342054867385696
38024160	0.00277478921689499
38028850	0.38103490799832
38032221	0.00121668043339096
38033871	0.00232581477116418
38034100	0.00178176662653074
38034400	0.474142017558145
38034950	0.00157897920655269
38035251	0.00747600355163283
38037010	0.000782421967468401
38038220	0.0290607354830621
38040880	0.00263813773437105
38041000	0.00158920569983961
38041031	0.00362895090153934
38043651	0.00181301737292334
38044300	0.000735642772885472
38044450	0.000874973453036756
38044860	0.000899834273123811
38045991	0.0683160616473637
38046971	0.00377868042318565
38048361	0.00137023309255381
38050831	0.036787285995828
38051630	0.00253302087294307
38052030	0.00119962486651924
38052150	0.00379597713917275
38052850	0.00105838847027578
38052891	0.00219147190593659
38055651	0.0158765030245694
38056211	0.000850227389143544
38058131	0.0187803693405068
38061991	0.0132805256083563
38063470	0.117329062431257
38064310	0.068640736480378
38065461	0.000766631132423996
38065940	0.00107985050340307
38066520	0.0023054277257198
38066650	0.00116987348344287
38069000	0.00159395698484161
38069010	0.00373005002102028
38071490	0.00138944254264848
38072320	0.000736376127315297
38072700	0.00084841586034696
38072880	0.000759290100065477
38073150	0.000826237982024292
38074490	0.00270906836361936
38074940	0.000945842417642104
38077441	0.00106530663627194
38078650	0.00315596318294423
38080150	0.000831022301847952
38081741	0.0101593641678003
38082240	0.000737324414023878
38083531	0.00286302976092562
38084351	0.00831795689879819
38084430	0.000997218198141224
38084730	0.414314054320023
38086681	0.000760537012807995
38087360	0.271329413621302
38089110	0.0008008182522067
38091040	0.00678195029444164
38091330	0.00396440537974312
38092761	0.0724463797358547
38097840	0.00093490204590835
38098110	0.0019142448807082
38098541	0.000833009388508092
38098831	0.000742682851274706
38101321	0.00100443470464784
38102390	0.000890988359007419
38104860	0.000737730618752873
38110670	0.000865654591201922
38110800	0.00817807229215282
38115330	0.00262424885452588
38115371	0.0146522826751405
38115460	0.000945279235367846
38117591	0.0127036190584372
38120071	0.00172020100138185
38124481	0.00124626996570317
38125000	0.00084787970119972
38127521	0.00143189681408448
38133550	0.0230444634332682
38137321	0.00255915849115825
38138520	0.000859350654282829
38138940	0.00114074686668959
38141970	0.0271432955799821
38142900	0.108479351297522
38143080	0.000836778691691012
38149571	0.00191718954141867
38151771	0.000926693735585417
38152290	0.000801230451856839
38153550	0.00138655946178477
38153851	0.00307278631336396
38154401	0.000842248766175012
38157140	0.00268365859496399
38157270	0.00350062086288931
38159880	0.00462793196706659
38163381	0.0107327097691469
38163781	0.0017763049712153
38164310	0.000792209178197796
38165250	0.00998185534090937
38165400	0.00072928566524651
38166131	0.00484283544411943
38167361	0.00157291555273579
38169930	0.00863020077706168
38172700	0.000802212019153922
38173311	0.000734643629856088
38173940	0.00725500631904425
38174790	0.00347587315128229
38176410	0.00195632999496008
38176461	0.00159041249976492
38176970	0.025157946004159
38177530	0.000742682851274706
38177670	0.0039148191898805
38178001	0.179013645321075
38180201	0.000762566203340879
38181021	0.0073827255137559
38181140	0.00152461060837939
38183381	0.0104951282364619
38183870	0.000803502271653534
38185451	0.000796743743518153
38188560	0.00138582677584884
38188570	0.00280727645706015
38188611	0.000860554301623089
38190261	0.000742794995834713
38190801	0.00105114766634971
38193800	0.000879680790879511
38194671	0.00215885251266273
38196130	0.00339736437493352
38199210	0.00212946084272365
38200071	0.00212351012515273
38204751	0.000735642772885472
38204860	0.000971769451169183
38206681	0.00087810806342536
38206920	0.124427043004659
38207030	0.00135797834103466
38208560	0.000739517160128985
38210801	0.0123884212640652
38212321	0.00128665274021553
38214500	0.00335871890387215
38215440	0.00178915173394825
38216820	0.00147257264397081
38218070	0.00160090697208656
38221301	0.000749903469408375
38221841	0.00107179078911394
38223211	0.000767572582313861
38224621	0.000816089871693503
38224720	0.138377103500105
38225410	0.00107107520328333
38227040	0.0014675381936988
38228960	0.000857453693421968
38229571	0.00178680157379128
38230401	0.00157372968924566
38230650	0.00355654280882478
38231241	0.0021592294947832
38232440	0.000941880996885853
38233000	0.000881306868074605
38235050	0.00689918935611761
38236181	0.000782932273883423
38236420	0.00172903763933931
38236990	0.0218812175566872
38237380	0.00239666217407105
38245130	0.00205016008348605
38245380	0.00327375461778801
38245390	0.00122312345114917
38246900	0.00286024595204112
38248850	0.000898450323207992
38249090	0.00134628138026798
38249410	0.00168363037934708
38250131	0.000820606652691132
38251511	0.00218088663386962
38252041	0.000782971298536155
38253421	0.000769180538420238
38254271	0.000864550593013583
38255180	0.00955524231592633
38255901	0.00105420003103965
38256430	0.00309219221426013
38261820	0.0105506596521626
38262510	0.00167511188469795
38264591	0.00314034947465292
38265650	0.0019722989954384
38265991	0.000990139739933214
38267570	0.000875637233630413
38268201	0.000999728705086134
38269790	0.00131655252348162
38276331	0.00659409218853932
38277820	0.00451229809061615
38279320	0.00325603141522102
38279880	0.0115594897741161
38281281	0.00190791429333013
38281500	0.000905473025018832
38281981	0.000871673347035596
38282900	0.000779097786279258
38284540	0.0156340746861494
38285421	0.00195683502187429
38286330	0.000941520297115609
38288321	0.000951868982096401
38290111	0.00158082789623108
38292830	0.00206132999405628
38293090	0.00078228935546968
38294391	0.000831810278003247
38294681	0.00158786794034881
38297961	0.000787711432456986
38300970	0.0580767557015854
38301920	0.00297524595955278
38302090	0.00723663313705181
38302531	0.00104557999404289
38303200	0.000757441134720733
38308120	0.00176583555129428
38308410	0.00479636141380534
38309431	0.0140304615463374
38309660	0.0682132958776207
38310360	0.00100026275018155
38313910	0.00143292216932611
38316321	0.000749903469408375
38319300	0.00214804574444488
38320871	0.000896502785753982
38321971	0.000876917250206842
38324810	0.0244073240773435
38326050	0.000913256526042716
38326220	0.000827111546342336
38326661	0.0183665921568578
38327880	0.00641756759250737
38331170	0.000951652560101679
38332171	0.001028982084414
38332881	0.000794311523806792
38333220	0.000920633861353802
38334811	0.00077001705997521
38335440	0.357899100517091
38335751	0.00259937903104987
38336840	0.000784506862138528
38338651	0.00205766631537317
38340000	0.000802804248126258
38340140	0.000742682851274706
38341670	0.00297612454323398
38343081	0.00115019889367167
38344140	0.0386221944120391
38345220	0.00364291537642621
38347761	0.000785589436018105
38348140	0.00122588507560591
38348321	0.00756299165814708
38349510	0.018593317768035
38349630	0.0107767835420746
38350480	0.0152512667193698
38354371	0.0106711953048005
38357400	0.000774938578789192
38357790	0.00132568084659415
38358060	0.00166089228433679
38360601	0.000879406597422712
38360950	0.00322962149287239
38361291	0.00132815846989982
38362231	0.00208227400534668
38363600	0.026208745286763
38365630	0.00074237266409518
38369431	0.0298952959199619
38370900	0.00130578799182039
38372970	0.00081279125733007
38375720	0.00146340745587617
38376120	0.00899081403274432
38376171	0.000858638033214612
38377090	0.000791280112148805
38377421	0.04982591147067
38378080	0.0039147290680865
38379211	0.000743205803630727
38379300	0.00156253632192913
38380120	0.00256744392057594
38383860	0.00118829741203203
38384000	0.0435376040292168
38385151	0.00165394039539959
38386340	0.00956937797205804
38387290	0.00815551024085971
38388550	0.00807836938901597
38388571	0.00113383577318249
38389691	0.00187916114000677
38389981	0.000856113481886531
38390630	0.000820991743714812
38390661	0.00100295922550786
38390791	0.0142539486335787
38391030	0.000793118408443726
38392711	0.00162068328859023
38393350	0.0105108741099337
38393541	0.00633496916536095
38393780	0.000883774274907076
38394340	0.00075875114580001
38395761	0.00125960443902456
38396970	0.326185376344949
38398760	0.00149967645292995
38399160	0.00520411576763475
38403290	0.00126332157183755
38404120	0.00281474942919048
38405261	0.0406666441829715
38406870	0.00084620312722908
38407191	0.000736264951139303
38414760	0.00333799106551068
38414880	0.00163796001019644
38415471	0.00752141578765522
38416260	0.0043721125473077
38416591	0.000869222062948922
38419570	0.000778150676217415
38420260	0.0239649883603463
38420690	0.0130090512011506
38424291	0.000988711768865782
38427020	0.00110417519715097
38429121	0.000762442446607349
38429131	0.00556981594092728
38429900	0.000765096168218393
38430880	0.000925449883380828
38434101	0.000846681003842148
38434620	0.00286717742866969
38434661	0.000743112722492552
38434801	0.000850153125962329
38436041	0.361499415090944
38436871	0.000814886971146605
38437281	0.0296700695591495
38443611	0.00660583849929607
38448431	0.0181536874683693
38449541	0.00194378675148034
38452270	0.00454736039937396
38457220	0.0130359163556126
38461261	0.000819595795548071
38461490	0.0342378314184715
38464311	0.00204373333375727
38465620	0.00421062372456775
38466610	0.000777385843301862
38466661	0.00123593829903604
38466880	0.000946685734441901
38467730	0.00778045571118498
38469930	0.0009679845433523
38470620	0.331409534302744
38473630	0.0137234541657817
38474381	0.000861402560035577
38476550	0.23815982477717
38477760	0.000776169638999363
38478190	0.000836076836101681
38481510	0.000763238137813961
38483611	0.00949844086995967
38483871	0.00312452015965826
38486221	0.000742682851274706
38487000	0.000774740733220318
38490081	0.0118009625691716
38490620	0.011359758056209
38493811	0.00123247705755275
38497100	0.0100429440303932
38498050	0.00106037028903743
38500161	0.00150886586452454
38501001	0.000735642772885472
38506511	0.000783379655852117
38508250	0.000859547228597841
38517770	0.00144391451880428
38521370	0.00581970340441813
38523570	0.00231609235191869
38524110	0.00209364169415793
38524141	0.0028713487757694
38524161	0.000753302631196819
38524820	0.00322999418409364
38528151	0.00137326940664157
38528950	0.0217750518437997
38529360	0.00711445541091963
38529401	0.0123495849918318
38530330	0.00171019903326735
38531331	0.107430310440139
38531820	0.00437004297158257
38532301	0.0249173747110591
38539591	0.000785014151312398
38540100	0.0021604252891157
38540650	0.000958367463856672
38541060	0.225774546790356
38542450	0.000877922326549719
38542620	0.12321218152863
38543700	0.00169804325600382
38543731	0.00564549412576376
38544031	0.00104974696396774
38546351	0.0116470923090126
38551720	0.0123892989987578
38554491	0.00116775284439831
38558340	0.0152838391559669
38560230	0.00132961031349896
38561790	0.0390511350140932
38562351	0.000919243036951087
38562600	0.00935150041056301
38565880	0.00367886058973024
38567840	0.000834192458384751
38568250	0.000821835372977987
38570081	0.0719028641492149
38570570	0.00242036655407897
38575420	0.001626389704376
38577920	0.0040070867957281
38578771	0.00209708959241228
38578850	0.000804548625325004
38579451	0.000792820122748576
38583830	0.00112171805177962
38584441	0.024283389386358
38585121	0.0049732471074155
38586860	0.00139646857400934
38587321	0.00267904252510025
38587471	0.00304745043543533
38587611	0.00156040235734005
38590710	0.00268846501641719
38591970	0.0129931741917895
38594300	0.000823391337814948
38595270	0.00481329555000909
38597791	0.000941570698384573
38598310	0.00192001129859146
38599410	0.0195986398746584
38601261	0.00106497274909027
38601640	0.00100029767496352
38602891	0.0147893936504092
38603041	0.00144021221748094
38603160	0.00829011050682404
38603440	0.00166795323511668
38603461	0.000825574654760008
38605261	0.00111045501845089
38607260	0.0138176899038979
38607871	0.0186438899246883
38608131	0.00538169834528104
38608230	0.00654514399744715
38610300	0.000813624645139909
38611260	0.0011916283375631
38611530	0.00362530917173088
38613600	0.00308608148627198
38615150	0.00287615242963332
38615670	0.000765529590919664
38619530	0.00220484883072732
38623420	0.00175037850064256
38624131	0.000894417978024385
38624821	0.313082759444492
38624950	0.156364184786169
38625600	0.00507141074228581
38627150	0.0463476038324795
38627290	0.0228616781942064
38627550	0.0058020551451823
38628561	0.000742682851274706
38628780	0.000767274457582529
38629050	0.00115747676120094
38630030	0.00691411915764641
38630460	0.0126354568727146
38630771	0.00934244335856794
38631410	0.000757379052229615
38631420	0.00701102707829389
38631430	0.0360435895967844
38632230	0.009474987783885
38632681	0.00336881749519611
38633101	0.00075360861842741
38634310	0.0145454314975075
38634460	0.000765983745263848
38635041	0.00476449008781912
38636001	0.00760787749798231
38636510	0.00224555705074474
38637101	0.000983508931713346
38637921	0.00116015260509184
38639601	0.00316909648289414
38641791	0.000789289762714281
38644770	0.000736376127315297
38645360	0.0011647489943589
38646440	0.000730261100947363
38646751	0.00867372217656428
38647461	0.000828222888297622
38649470	0.00497721638191717
38650290	0.00155399670099009
38652541	0.00085815074505253
38653180	0.000734581689966361
38654730	0.000829594356575419
38658081	0.00782462986651321
38660281	0.000828874456811856
38660630	0.00131078691982781
38663290	0.00444613291216792
38663451	0.000787940931170604
38665531	0.000831207800866525
38665760	0.00524250413962227
38667110	0.000735642772885472
38667570	0.00299058960544441
38668551	0.00575172365915126
38669210	0.000981141719809305
38672250	0.0132884934489539
38674491	0.00106270464598008
38677620	0.00687559305578944
38677641	0.0214528971557054
38678310	0.00462236129576852
38678590	0.00253347550961992
38680770	0.0220906050508122
38681200	0.00215269608983997
38683250	0.000759051157880295
38690331	0.00478849068469832
38692411	0.000822466071165895
38697200	0.00186768081967726
38697350	0.000835455123448829
38698570	0.000791747242653768
38699700	0.00136430215905619
38701330	0.00139268710669321
38701450	0.0022441643711443
38704811	0.00780886442907204
38705111	0.000857116845420196
38707520	0.00088872718903526
38707950	0.000765517204479423
38710840	0.00136673771640964
38711000	0.397941328781774
38711400	0.00213868300275232
38711800	0.00107743231394826
38712510	0.0996907700075266
38712630	0.00830599669540507
38712770	0.000940271478221251
38712940	0.00079159777155645
38713330	0.00253180553514673
38713480	0.00198610585457455
38715041	0.00134047333038809
38719560	0.157780407735674
38719711	0.00122890211262288
38720831	0.000982497500476444
38721641	0.000781610314974291
38722341	0.000846861515781086
38723291	0.0112762649152374
38727260	0.00882617221200061
38727380	0.0671385141229212
38727851	0.0225753383532504
38733511	0.00118949430461759
38737371	0.00535396356856203
38738440	0.00202056802988226
38739181	0.00665735071366445
38743700	0.00153409856248636
38743711	0.0345025433796726
38746430	0.00142943629812156
38748930	0.000751246918556276
38750580	0.0237283618174838
38752531	0.00199240717732398
38753911	0.00079809935139651
38755130	0.419405916725111
38756380	0.00124762221718894
38759690	0.00217784724388168
38760370	0.00385344603765767
38762690	0.00356792582743615
38764100	0.00198778599688522
38764780	0.00106350862833855
38768380	0.00318453011037296
38774150	0.00863239037963362
38774420	0.00197602527971822
38774481	0.00353040058797732
38777330	0.000861311021057635
38781350	0.000745306472116068
38781740	0.000736264951139303
38782820	0.000771789025682636
38783660	0.00522733946371374
38787431	0.0111781740189254
38787991	0.000861653956469488
38792090	0.00426737321085312
38795151	0.000765986945590106
38795161	0.00208849679994518
38795981	0.000841893911692942
38796340	0.000797185473292741
38798820	0.000828298829645362
38800080	0.000991425145047105
38803130	0.00152159883023577
38803390	0.00496081326458855
38803441	0.107276243728674
38803940	0.00368379871124256
38804920	0.00155380476341271
38804941	0.00175114745627487
38806140	0.000742462854900099
38806270	0.00129449286985294
38808951	0.0071665750049041
38811390	0.0158113458804112
38811920	0.000829525475381086
38813170	0.00102666746045933
38815530	0.00354493496542938
38817610	0.00146440017103552
38818201	0.00504020506177008
38821480	0.00142134653761733
38824240	0.00658469435962708
38825771	0.000817642318777322
38826850	0.0438039685118989
38831161	0.00310037561793355
38831930	0.00102057489324561
38833050	0.00466235163712605
38833491	0.0010601071010303
38833580	0.019447477004976
38835441	0.000983207998482185
38835930	0.000844455169723754
38837850	0.00147139926201491
38838570	0.000822841299787292
38838970	0.000789390484330234
38839960	0.00077120206251418
38840650	0.00140072728672064
38841320	0.000783379655852117
38841351	0.018400223270957
38843270	0.00204000911152455
38846471	0.000789448285456647
38847640	0.0013318521304494
38848111	0.000986622019949077
38849211	0.00077433074314317
38850000	0.00201944500137611
38850400	0.00107664979349622
38850410	0.00869406110654234
38852490	0.00678848630198155
38853850	0.0103892793079907
38854741	0.000953983884860993
38854980	0.124284045860648
38855540	0.00135171230905393
38856340	0.0337433946227932
38857740	0.00106862523630362
38858741	0.0119460960639713
38860650	0.000913660511783715
38862990	0.0401497017157564
38863021	0.000869368250912922
38864220	0.00129467090043943
38864630	0.000866956594783403
38864791	0.00244862708630193
38871431	0.000906601965472792
38872620	0.00175784908382055
38872661	0.00128367892845255
38872900	0.00494172391824899
38873850	0.00151861279363993
38873990	0.0396011557184428
38874540	0.0214237952459268
38875250	0.00632953002080064
38876620	0.00633028655513422
38880251	0.00671571710824294
38881990	0.00416468161118592
38882321	0.0011822866749051
38883240	0.0348302780375375
38883650	0.000793284834036011
38886311	0.00611918732054106
38886871	0.000793216806742394
38889750	0.000993469018419783
38890611	0.00406911354828073
38892490	0.00096714988747908
38892760	0.00333218412967689
38893160	0.00239692395133463
38893761	0.00189333793116715
38896121	0.000742682851274706
38898120	0.0291590508814911
38899151	0.00106821644026305
38899851	0.0288028124934176
38902130	0.00227478499598953
38902980	0.00113764698951586
38903500	0.000844597317802407
38904740	0.00670728300075782
38909501	0.00240470208094409
38912190	0.00252708935245156
38915520	0.00170502219081444
38915810	0.19828969532991
38916600	0.000903836052711206
38917190	0.0032709759903204
38917310	0.000967563621122676
38917710	0.00384116649015174
38918160	0.00178339195391504
38920360	0.00196412667072187
38921201	0.00616404300743745
38922120	0.0063868920356359
38922260	0.00130253319179914
38922991	0.0591848354849833
38924890	0.00221703601253692
38925481	0.00120210374594663
38925641	0.00202503636629493
38927120	0.0950083542151096
38930270	0.134199843269602
38930301	0.00102476659660873
38930830	0.00131203384037975
38933631	0.00262731462286535
38935220	0.00147450609708283
38936931	0.0014270743646315
38939821	0.000737730618752873
38944490	0.00873849642741674
38950461	0.00382916555216101
38951291	0.0176832517659483
38951520	0.00239497310720253
38953771	0.00208125596392285
38955981	0.00288198152440242
38956521	0.029843148241751
38958410	0.00102799531651281
38959141	0.000929850718830061
38960121	0.00242640120932465
38960251	0.0213745666449359
38961720	0.000791604247496823
38961891	0.0815712808873933
38963490	0.00114812864688208
38963640	0.000985799035363983
38966800	0.00185158154920103
38967930	0.00303055159044374
38970700	0.00408669316198982
38972730	0.00093781718174628
38973771	0.00073959885238658
38975630	0.000895045625681847
38978181	0.0112098130313338
38978820	0.000883932795173152
38980320	0.00073897385891401
38983910	0.00728098528255114
38984531	0.002754690173879
38986041	0.0011868216128304
38986171	0.000759382312904603
38986601	0.000957239136337624
38986950	0.000748501825275391
38987350	0.000747032391873792
38991670	0.0292985671116656
38992460	0.00289012966001533
38992521	0.00430146421741883
38993901	0.0235657304764344
38997600	0.000755485886460424
39003630	0.00108014665408759
39004080	0.00628196446697519
39004180	0.374422243641421
39005040	0.00083687092848636
39005310	0.0382160514600279
39007350	0.00194194549480551
39009160	0.00215496580753423
39010000	0.000744520052874062
39010390	0.0026472197268541
39012361	0.000906275052957966
39019271	0.00180020487809653
39020450	0.000999331044243037
39021180	0.00140105713593713
39024221	0.447430379004136
39025000	0.00624138534239198
39029980	0.00125568134745755
39030410	0.000742137896042407
39030960	0.00637574060248965
39031261	0.00185932478722892
39032651	0.00107076148105438
39033150	0.00100790812365542
39036320	0.000767446738229331
39038031	0.000804202598734292
39042981	0.00644758952319984
39043831	0.00863907300795288
39044651	0.0142136380550904
39046530	0.000803371096540065
39049870	0.0010291373863898
39049891	0.0017296734982363
39050011	0.000808043598549689
39050250	0.0137593971759127
39053990	0.0521048363160713
39054390	0.00414020864998073
39058820	0.0022580374451328
39062810	0.0821147993702252
39069611	0.000869370575269782
39069761	0.00314999956003511
39069830	0.00084088133788193
39070021	0.102762953230999
39074161	0.000885541769326282
39081580	0.00428098832344912
39081761	0.00093497694980232
39085741	0.00139819632488263
39086940	0.00362986712641389
39090820	0.000777034623652096
39093071	0.0020357640935833
39094701	0.00072928566524651
39098291	0.00246169766761112
39099391	0.00163770162733861
39101871	0.00228408050045858
39102400	0.000782183871260316
39102810	0.0974733040548342
39107070	0.00208608193511967
39107340	0.00561674376703634
39107411	0.000854612207153863
39110670	0.0106740302048719
39110920	0.000805540983384193
39111790	0.00234449827240199
39112921	0.000753505926476079
39115411	0.00125690127627857
39117000	0.000964352571960623
39118421	0.0007840137124775
39119920	0.00960065309626859
39120101	0.0263560050787584
39120860	0.000888510642246208
39121331	0.0102581551312207
39125960	0.000965949900267488
39126441	0.00123653060499044
39131271	0.00201036160094993
39133891	0.000844188774898651
39134250	0.000755356993519653
39138151	0.00373357537960013
39138920	0.00108932327814045
39140091	0.00127510415898272
39141300	0.00171635585918383
39142130	0.00200466933406678
39142240	0.00077993929952457
39144450	0.000891338053802578
39144710	0.0318075630189431
39145290	0.00106116954770275
39145700	0.00154664187529395
39146820	0.0400700709196883
39148631	0.000813861596938341
39151330	0.00117348959497437
39152040	0.0011542018090705
39152720	0.00308672272348091
39154851	0.00279388236927901
39155230	0.00299898850628857
39155750	0.00247528107592735
39158151	0.00157071830786113
39159671	0.00208024856917709
39160570	0.00158752140029861
39164600	0.00102940995058007
39165020	0.000939494665080975
39165960	0.102535838113548
39166001	0.00645507387280075
39167210	0.00102760035129521
39170360	0.0106287694142539
39172231	0.000891452080003714
39173670	0.00127628209421314
39174510	0.00214324511951733
39175770	0.00136545234225958
39176020	0.00083925594409329
39177861	0.00266839961589513
39179760	0.0229016014816919
39179910	0.015827082803139
39183370	0.0011179099376193
39183681	0.00112159955402981
39184040	0.000827221354156234
39184050	0.0596946945003175
39187671	0.000803359301497201
39191900	0.00617381388230065
39193591	0.0011161798459661
39199251	0.0228129003868313
39199360	0.0175928040090805
39201960	0.00227048559056757
39202770	0.000788680962596866
39204590	0.00213189891326179
39205041	0.00339965062351966
39209321	0.000755781375030189
39209591	0.00220329512766055
39211090	0.00281395469403314
39212351	0.000915643390625633
39216710	0.0102482168062091
39216751	0.00258745618988753
39219931	0.000892287291945905
39220600	0.00193112109843621
39222551	0.00409599457336168
39222920	0.000754914867079438
39223900	0.000882304433300034
39225181	0.0030580816160598
39226250	0.0076831602273462
39227231	0.0862453868963989
39227880	0.000804675130392729
39228850	0.0116475512374803
39229540	0.0111599921780322
39233700	0.00128091708651413
39234510	0.00162035668552628
39239200	0.000842281558240721
39239740	0.000750253822600286
39240911	0.000735118350056226
39242790	0.00889719700384282
39244570	0.000740984928272034
39244880	0.00166754286407772
39246660	0.00867239575651134
39247890	0.000746799916513256
39248201	0.00251730128846712
39248320	0.00571467976649961
39250790	0.0862408349818149
39252860	0.00100801872147561
39254401	0.00089840543044496
39255371	0.00072928566524651
39255641	0.00282719276792486
39255880	0.00249361878515102
39256081	0.00080012428191963
39259241	0.00395092712287888
39261250	0.00161612525349944
39264061	0.0376589136863722
39264170	0.000765517204479423
39265311	0.000980252439902257
39266080	0.00110525208042091
39267470	0.0028191539792767
39268170	0.000812831367857188
39269430	0.00284363695624132
39272491	0.000742682851274706
39276761	0.00103322859167663
39276860	0.000890810816852868
39279210	0.000750906866157664
39280050	0.00550513567925839
39280901	0.00800903630016222
39283450	0.00206456463825263
39284221	0.00278481726612241
39284331	0.00219751016890204
39286230	0.00161118709922093
39286691	0.00149343519921223
39286900	0.000818286437666842
39287101	0.000759908201288268
39290250	0.00258744912112154
39290510	0.00247971069246489
39290660	0.00092918004085962
39296020	0.00126467339266818
39297301	0.000890643708087143
39302640	0.159046633166157
39302831	0.00147563555695174
39303781	0.00988907391474222
39304751	0.00201408828000971
39309591	0.00238080462338885
39310510	0.00113441146286571
39315521	0.000805880754633847
39316471	0.00259760152614183
39317420	0.000799426198883263
39322790	0.000766992428973144
39324491	0.00268265329874092
39325021	0.0143578429315547
39328990	0.000880702103180357
39331210	0.00352865072474904
39332170	0.000930394990524118
39332471	0.0172615647020719
39332491	0.000793753566641433
39333011	0.000764313774562508
39335480	0.0016639601757914
39336040	0.00268865269119636
39336580	0.000946854363069823
39336710	0.00132498647040698
39336990	0.000848804905409227
39338100	0.000969746411345777
39340180	0.00083063171097198
39340440	0.000936425652773786
39344010	0.0014807455617063
39347231	0.00517659700847414
39349390	0.0311280354283891
39350070	0.00566937636460963
39352211	0.00231470073065458
39353270	0.00299512975928174
39355600	0.00256528646585549
39357130	0.0235485182624199
39357561	0.000813060905657905
39357571	0.000869184028161172
39357581	0.00085919150778259
39358251	0.000870071460770966
39358910	0.00171528368429361
39360980	0.000779349780552771
39364871	0.00161503518637375
39365161	0.069947277226093
39365670	0.0102524328204799
39365810	0.0275635121631628
39366131	0.0287073072670043
39366541	0.00139971397782824
39367651	0.00138460011112273
39368461	0.00219318114432633
39369280	0.000943073781129141
39369960	0.00171264275153393
39369991	0.00086868347195221
39370920	0.00249834870605549
39372061	0.00116049398965798
39373110	0.0593614102074624
39375631	0.000820357048972138
39376980	0.00120621365071109
39378500	0.00929773019642826
39379060	0.0517137862913191
39379070	0.179268891577701
39380041	0.0010078933820541
39380410	0.00137847828995085
39387610	0.00123849164772849
39390251	0.0140300133843408
39392410	0.00081592449935892
39392820	0.0022205851549105
39395221	0.000755614682525679
39397561	0.000942802462324312
39398380	0.00199984078260881
39398640	0.000921869748260856
39399850	0.000795825167566032
39403101	0.0013153429563447
39403480	0.000844042533746594
39404290	0.00164366305181783
39404310	0.000803152798950933
39404690	0.00197196041779486
39405711	0.0296163806094759
39405820	0.00166489251116203
39407371	0.00239192427472025
39408540	0.000913796443499714
39410411	0.00182761879551789
39411351	0.000744903125470329
39412840	0.000993451375333726
39413380	0.0017379316062792
39413530	0.00157116224833876
39415310	0.00680616424129901
39415580	0.000947974877813193
39415641	0.00095113703764209
39418220	0.00120329003436737
39419450	0.00254542804028376
39420400	0.135428232254871
39422780	0.0130328291783736
39423371	0.000842016971068441
39423911	0.00293543931894084
39424690	0.00131109964453723
39428980	0.0011297339530014
39433421	0.00249020670791892
39434350	0.0217188707556455
39434931	0.00650178157643481
39439160	0.000783278208347536
39441240	0.000807467443201758
39441400	0.00235529544652419
39441810	0.00277339495027178
39444321	0.04329145110885
39445250	0.0051586145994515
39446521	0.00201553475095521
39448420	0.00475078910497047
39449421	0.00171474603124653
39450121	0.00211947862438273
39450261	0.0335431074410974
39450640	0.013821572236812
39456181	0.000794902434275315
39459180	0.00112601161310465
39459190	0.130269472555939
39460031	0.0051213194580094
39461021	0.00307588318646788
39462050	0.000839646029294594
39462190	0.0124349948138135
39463740	0.000783597254098377
39464260	0.000864295404135524
39464741	0.000850661157266915
39464820	0.00079676627751412
39464970	0.00117357160670197
39468960	0.00107619555481014
39470391	0.050005636772667
39470951	0.000792175803500879
39474600	0.000860606698618846
39474630	0.000926838423214597
39475921	0.00421650695161437
39475980	0.00168556981456058
39476290	0.00378961760579726
39476560	0.0326271379065395
39478350	0.00111589014663264
39479740	0.000758320463679646
39481380	0.00159801446618228
39481520	0.000810721802986038
39483631	0.00579390049305281
39484260	0.000790695783341526
39484440	0.00278770523475113
39486370	0.00105515718671896
39486791	0.000821830098399801
39486941	0.000744239211001638
39488031	0.00182251337994648
39490661	0.000906033608409852
39490671	0.000800446901209635
39491710	0.153495379248849
39495751	0.0168663912523604
39496471	0.00238275869743814
39497110	0.000959052349033735
39497920	0.00349320831843183
39498200	0.131303487547769
39503341	0.000817281166959938
39503980	0.00245196285365011
39505431	0.00080663436190938
39505790	0.000790386719273836
39506340	0.00142563668650859
39507020	0.000740998880574737
39507631	0.00102228021502556
39508010	0.0014128129368826
39508461	0.00633919852267364
39508960	0.000799360376319533
39509831	0.00409670899532779
39509940	0.000784236016954856
39511010	0.0276931782457115
39512000	0.0135721716471532
39512850	0.000914987666792413
39515221	0.00756835672741681
39516331	0.00138905737127558
39516991	0.00213697338376325
39517380	0.00366214033344615
39517510	0.00256640546498752
39519560	0.00313794591271138
39519710	0.00658191722896545
39521821	0.00488935421368127
39528010	0.000742913652362017
39532940	0.00098064331758388
39534360	0.0041698678584124
39535061	0.000742682851274706
39539440	0.00452800490779144
39541810	0.00109713504651231
39544840	0.00111145116745311
39546870	0.000886065835543652
39548010	0.00136751468821537
39550180	0.00329083461071297
39551040	0.0264146810743087
39551580	0.000737706056302867
39551600	0.00281720616218511
39553370	0.000932277432855139
39553530	0.0010018721764107
39555280	0.00126469790496508
39555361	0.0125405270207749
39556171	0.00395783019279029
39556871	0.00102141156879678
39557401	0.0070782655079954
39560301	0.00163413396907931
39560700	0.000774106946642195
39563870	0.0125747378194363
39566080	0.00280510670964144
39567081	0.000756787228726528
39568311	0.0012183689715051
39568950	0.0264692527883866
39569821	0.000754834499896714
39570360	0.000906444532759221
39571061	0.000843594863616977
39572171	0.00226167530271019
39572451	0.000929383955007521
39572840	0.000770904205010199
39573250	0.00110427698810246
39575081	0.00254361081900899
39575980	0.00179166958533457
39576581	0.00107017408519426
39576591	0.000871128698510693
39580810	0.00111054986704883
39582890	0.0011275736496768
39585411	0.234348366723525
39586501	0.0188214449874142
39587631	0.00335724133145723
39588420	0.00273431837385752
39588940	0.000861065368547233
39591481	0.0151982716639482
39591580	0.00203754344876093
39592840	0.00100597379550578
39595870	0.0029683876054066
39598501	0.000766165507334964
39599201	0.0174528453185021
39602361	0.000989436194957639
39603020	0.00226522485029267
39603040	0.00314224908265536
39605780	0.000859012715125681
39605951	0.0158174184185223
39607870	0.000988127192440919
39608031	0.00126128383392258
39608270	0.486985056219013
39608711	0.0526469575075064
39609411	0.000961431212011231
39609490	0.00361715371895493
39609561	0.00252771761075296
39611601	0.00105045363666461
39613401	0.00181491782685296
39613930	0.236973235055286
39614340	0.00154060682019846
39615891	0.000841523599380209
39617360	0.00084383912651361
39618210	0.00158823900969417
39619170	0.000735642772885472
39619560	0.000737404950898539
39621110	0.000798692756384874
39621541	0.00139261406032901
39621821	0.00186170858222074
39622911	0.00598888163164125
39623020	0.00114283457192505
39623990	0.00074947761142716
39624851	0.00097688105062554
39625401	0.00167220121776872
39626190	0.000853806381263263
39626490	0.0195206582057882
39626781	0.0010539684384523
39627290	0.116584857737904
39628100	0.00329614592416505
39632110	0.00726893401366451
39632841	0.00107453420114226
39633121	0.00471656166054346
39634170	0.000891940408917722
39635010	0.00138097740973237
39635030	0.0512248953785928
39635351	0.001708583161785
39637660	0.000842820672481773
39637910	0.00284453515062462
39637930	0.00122472522637686
39639430	0.00563243754839717
39641391	0.000787452398306041
39642330	0.00102679015013632
39642651	0.00168197125077612
39642771	0.000736264951139303
39643840	0.000865713412200122
39644000	0.0176618301232551
39644841	0.00250615482914773
39645230	0.000888311025714664
39645691	0.000759863260420612
39648451	0.00157064791987686
39650040	0.00214602851905667
39650180	0.00196644199702448
39652670	0.000840199344793166
39653080	0.000962302044759721
39654460	0.000742986110207698
39654480	0.00102504581469508
39656810	0.000965306212650701
39656820	0.00192456929142561
39657340	0.00083198622367915
39658720	0.00246814933981888
39659000	0.00156516731316544
39659840	0.000819890513642034
39660830	0.00136500075788605
39660841	0.000993622429838128
39661510	0.00250219616102772
39662781	0.000734160732905281
39664550	0.172507643503769
39665200	0.000743062575928713
39666771	0.00346950749847272
39667850	0.00283025366511069
39668100	0.00475472303602841
39668510	0.00074488556298507
39669230	0.000973650627017607
39669541	0.00410215808537303
39669801	0.000869993120207557
39670081	0.000899885832269062
39670460	0.00105681080240665
39671300	0.00236470482834822
39674511	0.0240846104071094
39679310	0.0140564684057711
39680810	0.000771677458805261
39684130	0.00174109801215441
39684950	0.00189724462275967
39685131	0.00171511244657972
39686060	0.000831528361631142
39688930	0.000923198601944002
39689360	0.0274970138966733
39689900	0.0025438096167136
39693220	0.00968270926257616
39693630	0.00094845160582847
39694330	0.00256693167586358
39694931	0.00104983135181064
39695000	0.000903898265558439
39695820	0.00085321115282058
39697100	0.00142605605664158
39697251	0.00628117791079633
39697370	0.0040612898062241
39699270	0.00130850519093116
39700390	0.00108648072320526
39701350	0.000849307753756831
39701551	0.00766044482148199
39702221	0.00113310156161623
39705480	0.00101976331413715
39707010	0.00174404207071332
39707201	0.003816601997257
39707960	0.00521276353272301
39710231	0.00270288122486367
39710351	0.00821926437605477
39711061	0.000832282833393654
39711471	0.0017500185088275
39711970	0.00237038183082799
39711980	0.000737387254520481
39712141	0.000844910768017379
39712400	0.000822102047974772
39714050	0.000805741581383535
39715311	0.00165788420707971
39717661	0.00354913460631378
39719051	0.00150475083985687
39719420	0.000977860117523947
39720120	0.0131619513393049
39720141	0.00387331551802508
39722160	0.00255284053022112
39722211	0.000783791385874412
39727451	0.00357564234375843
39727980	0.00228946124420047
39728400	0.00173499705951499
39732820	0.000767572582313861
39735171	0.0168965617225718
39738200	0.000935635393620938
39739710	0.00195692405136814
39741210	0.000736264951139303
39742200	0.00108260735090726
39746450	0.0039205696262657
39748281	0.0218983282431767
39748841	0.00115205296702436
39749090	0.00145340128746132
39750740	0.000847096699137557
39750921	0.00471014203054849
39751171	0.000891418852413175
39752640	0.00103784607407301
39752940	0.00145401084089334
39754351	0.00239013285689249
39754610	0.0351813626089919
39758351	0.00117206288185366
39759861	0.00963819372212301
39761531	0.00429197998971392
39767850	0.00100207958238728
39767871	0.00115771629767679
39768021	0.00105803921523652
39768800	0.0238725835408409
39768981	0.000735642772885472
39768991	0.0210280356610979
39770600	0.00145902546207832
39771130	0.000767053919290528
39773200	0.00541794565998601
39775000	0.000954411133323213
39776831	0.00565830983949604
39778091	0.0255292366272943
39778430	0.000803924656344879
39778730	0.00152522843760696
39779430	0.00196075363449916
39779471	0.00109266482651327
39781121	0.00351564578378619
39781190	0.00250853826451961
39786201	0.000812076757667165
39786300	0.00208278698725005
39789220	0.0088836604788372
39791721	0.000923756320659309
39794710	0.00504520886444262
39795830	0.00126650537868406
39799601	0.00216227377736012
39801500	0.031612278803799
39801770	0.00183296138124287
39802771	0.00528233434036041
39805941	0.000908229751690491
39806460	0.00114890449569774
39806980	0.000929638741662631
39807420	0.000786820801969425
39808260	0.000800911612459956
39808670	0.00450175776614781
39811991	0.00085014165294329
39812780	0.00135438200723723
39813220	0.024444431415325
39815960	0.00233894357536409
39816770	0.000983171524988189
39816910	0.00124321804874391
39817050	0.000966973807609769
39818221	0.000958770906962271
39818310	0.000768020061304556
39818631	0.000866445163250082
39819280	0.00902704181810504
39821460	0.00127635266073732
39821470	0.00389619221790187
39823120	0.00246748463783628
39823270	0.00248970311210696
39823861	0.00189250458767199
39824551	0.00187858827987193
39824841	0.00999119665037073
39824981	0.00448819052734231
39825500	0.00334764835334363
39826061	0.00413097398656554
39829470	0.00078954982294456
39831441	0.00103286346227491
39831601	0.00158354916983708
39832230	0.00613932089520722
39834460	0.00780827694919188
39835031	0.00113846785985046
39835741	0.00234043146451995
39836090	0.00562655366257313
39836120	0.000773710900938614
39836770	0.0421427734407276
39837531	0.00127995595487495
39837811	0.00121783427898868
39838351	0.0186647611198513
39838590	0.0027747356262519
39839840	0.00101413402575718
39841391	0.0500851931102163
39843851	0.0225497448894443
39844401	0.000851308550380653
39846771	0.00097930382161608
39847420	0.000814620449259343
39848350	0.00195738498752489
39849040	0.00110181503450556
39850980	0.00280984912446792
39852810	0.00250207193579016
39853511	0.00987609159737598
39853651	0.00103060156911302
39857340	0.19122332359278
39858420	0.00107204206703679
39858751	0.0228308258801953
39859021	0.00175088652505096
39859721	0.000834738452334673
39861781	0.00200962586109124
39863960	0.00131112496360593
39865091	0.00251216201935247
39866201	0.00379283066445083
39866580	0.00440433111091194
39867140	0.00275640241715097
39867670	0.00608036573836314
39868250	0.00079711491728656
39868951	0.00248256424127722
39870020	0.0146911274506999
39870830	0.0340215728233605
39875000	0.0104648251279427
39875150	0.00101438181951233
39875181	0.000811556135876906
39875851	0.00153941184787228
39875871	0.00516011834812551
39878840	0.00139701143412502
39880681	0.00114633264959059
39880951	0.00110424143425811
39881350	0.000912363144876877
39881371	0.0138308237782341
39883250	0.00302855439922283
39885080	0.000992957983710965
39885890	0.00086520416155763
39886081	0.000761031306285172
39887940	0.0291832855552313
39888961	0.00423478901521167
39889750	0.000980688015941439
39891280	0.00118168554919989
39892551	0.00185343900812299
39894040	0.00268799391979541
39896831	0.00158216737469349
39897630	0.000899785615485671
39898351	0.0164187374256019
39899670	0.000736193148274794
39899841	0.000853023441022502
39899871	0.000942360120978821
39901760	0.00217779423745813
39904141	0.00107573213242475
39904250	0.00729583485384811
39904390	0.0485189491228906
39905921	0.00108694356213358
39906020	0.00121524618100347
39906440	0.000813515358860377
39906730	0.00319469772534162
39907000	0.000766951486954887
39907560	0.00214052702781544
39911130	0.0185531015410529
39911291	0.000827446503282634
39911571	0.000768160522438309
39912271	0.0334346561094513
39912951	0.000805430145888379
39913641	0.00677946930853411
39915410	0.000788769925300742
39916131	0.00107328416187619
39920660	0.00387326476322011
39921641	0.000971925189587453
39921740	0.000904758417330917
39922751	0.000798205426134354
39922860	0.00450734417710484
39923250	0.00087258828070363
39924961	0.000799799628579422
39925070	0.00240945778199554
39925371	0.0036410027654362
39927000	0.00215699209218826
39927830	0.000854740143479816
39931861	0.000782574072726296
39933631	0.00330047651050376
39934061	0.000957369506245091
39934310	0.00553495454713336
39935690	0.331225652769128
39936141	0.000783502339716319
39936681	0.000824222137318845
39936910	0.000828739289179594
39937750	0.00197137574068258
39940131	0.00187911600045273
39940630	0.000797956682543729
39942860	0.00190442891041454
39943820	0.00102684426993463
39944370	0.0127564278461948
39946020	0.283184767995758
39946840	0.357179226028587
39948510	0.00335947162239155
39949590	0.00102330360049254
39951530	0.00201994105588161
39951571	0.00153483662562852
39953310	0.000880375399893828
39955021	0.00237240997151623
39955680	0.00617935190590652
39955950	0.000781003227440653
39957771	0.000983446066701337
39960111	0.00253549252552817
39960790	0.00243765053957808
39961740	0.00841188762075776
39965610	0.00077173249899528
39966170	0.0237848211149603
39966321	0.00143203040842619
39968001	0.000988872527574925
39969371	0.00247445531150791
39971270	0.00356687340560749
39971670	0.0365400782710352
39972370	0.00647969890234759
39972531	0.00236459170310837
39972930	0.0174410004712919
39975380	0.000815889865607964
39976240	0.000738792189129294
39978020	0.000793834841560785
39978181	0.00106176613794816
39978611	0.00308835262647569
39980340	0.00212507676445592
39981641	0.00123278767517444
39981720	0.0013879000556377
39982300	0.00166989892596129
39985730	0.00109131333432688
39987431	0.00139530168206087
39988620	0.000969361784404569
39990140	0.000883301018982012
39992490	0.000770316309126353
39994000	0.00372161766186855
39994440	0.00797433269874537
39994871	0.00765255863583796
39996821	0.00222886990311616
39997030	0.000808611818179394
39997720	0.00181818651937525
40001091	0.00084280831622903
40001850	0.000975481886214004
40002061	0.00320597956719992
40003431	0.000782546603250322
40006201	0.00638357220604982
40006700	0.0585331319837447
40006840	0.000802930970084717
40009221	0.000823538827587426
40009600	0.00104344071430984
40010130	0.00348511873813976
40011920	0.000783379655852117
40012470	0.00345934017232877
40014140	0.000755375513551439
40018471	0.00218998502150799
40021580	0.00121522114761431
40021641	0.0020836850134781
40023021	0.000962028265685426
40023380	0.000882291996460586
40023800	0.00116909807874532
40024200	0.00382097883298854
40025901	0.000796135340547875
40033761	0.000732587986569594
40034010	0.00105293815835338
40034270	0.0519965299567697
40034440	0.00100103266628422
40035021	0.000737204979233018
40036510	0.00652832752617592
40038601	0.185182948028896
40039110	0.343647563090053
40041050	0.00640570779726503
40042130	0.00122171113833701
40042300	0.00310768671962766
40042550	0.00602120248655345
40044900	0.000756795222996562
40045371	0.000769572558800025
40045720	0.00124643196093171
40049341	0.204058843932627
40050960	0.00267718388072485
40053020	0.00308521929094701
40054540	0.0115738830599001
40061160	0.00982779794363137
40061170	0.00314317628449718
40062010	0.00261690443847324
40062191	0.00143468907173645
40063660	0.0474038537049305
40067800	0.000987028257428536
40069030	0.000831614037589
40071141	0.0010810166802348
40071230	0.00200800214580493
40071961	0.000771602205068791
40073231	0.000839527613541924
40073730	0.000774345941174962
40073771	0.000893894751256951
40075400	0.00116424414565951
40079571	0.00102374976484403
40081980	0.00414335286628421
40083981	0.000805331452786187
40085491	0.00110392226707766
40086591	0.001516712897238
40086710	0.00528739165611461
40088620	0.00080680793645107
40089610	0.00218341062649658
40091250	0.000985936285894198
40091681	0.08992030805543
40097980	0.000862657350859899
40098420	0.00296428091703244
40098991	0.000747546918768103
40099120	0.000736264951139303
40100801	0.000879726445988344
40102250	0.000842911150089065
40102321	0.00110610812358356
40108231	0.00570367328828431
40109590	0.00753313649601548
40110851	0.00303200499851037
40111630	0.0661585374732451
40112180	0.00078643697502058
40113560	0.00108717715581042
40113891	0.00166615489892393
40115920	0.0110954758605526
40116640	0.022990418125562
40116921	0.0334342944023902
40117061	0.000803636875750219
40117840	0.000819431116465466
40119650	0.000837398897063283
40120101	0.00419159103326981
40121761	0.00274169388907908
40123131	0.00200933472162383
40123260	0.00327336422195705
40124521	0.0013255470141252
40127530	0.00135359672075416
40128470	0.00129280378392098
40129611	0.000888761097558599
40129621	0.00104293674336725
40129880	0.0087837713738443
40130800	0.00113698469678187
40130980	0.000743751542448764
40131151	0.00518925979577929
40133071	0.000879958654119713
40138041	0.000790284302648813
40138290	0.00128621104967878
40139220	0.00207202932729336
40139411	0.000862406665774832
40139520	0.0010736355272019
40141570	0.00367488417766706
40141850	0.0267652820028005
40142430	0.00103963289287283
40145160	0.00195621379957048
40146830	0.00761267316844832
40147230	0.000887037606283289
40147670	0.0690847253261823
40148360	0.000779585191047295
40149460	0.00553385955293776
40149481	0.00106643637057528
40150871	0.000869416605097094
40151920	0.00938741617538342
40155691	0.00193586270672063
40156391	0.00221918902138264
40157030	0.00295472257533275
40158301	0.000735642772885472
40158311	0.00344659233635149
40158660	0.00118368134373379
40158950	0.000801777793707555
40160040	0.000885492673883936
40160661	0.00125116256138705
40161590	0.000851429367835744
40161621	0.0778413523035298
40163421	0.326385022109725
40163541	0.00797231661675057
40167630	0.00182434711445559
40169010	0.00738434176830693
40169631	0.000817534288168386
40173560	0.000948145499017204
40175110	0.000806192674402857
40176870	0.00429932523648994
40183551	0.00218940022992922
40186571	0.000975510398923591
40187110	0.0171088673906752
40187510	0.0155363273417658
40188060	0.000847098740971408
40189280	0.00381499207475076
40189450	0.000743751542448764
40190711	0.0137802541307636
40192050	0.000743423218662231
40192610	0.00106072312668302
40192860	0.000742682851274706
40194410	0.0073780263971832
40195541	0.000766057499228464
40198571	0.000943496114335827
40199770	0.00307687044461987
40201730	0.00798085701492547
40204750	0.00088791797775311
40206280	0.00193539694952813
40206690	0.00148025210377076
40206721	0.00123554575368066
40207080	0.00409592100140374
40207691	0.114699440691466
40208381	0.00564463330906718
40208470	0.000828767441965073
40208740	0.0241477809318831
40212870	0.000791899903235256
40213160	0.00260518102286314
40213300	0.00155204367534103
40213860	0.00576363982097914
40214161	0.000985491589001576
40218660	0.00284151588521916
40219681	0.184073559889925
40220091	0.00185807120877638
40220361	0.0172071238068576
40221450	0.000832663542391576
40222571	0.00296797752358787
40223671	0.000972628121846476
40225461	0.000829624767127242
40226991	0.00375898810517073
40227080	0.00132651158212722
40227271	0.00150591301116362
40229020	0.000766118005614904
40230100	0.0013111354731492
40231380	0.00163123336266345
40231510	0.00142390098649727
40231900	0.00138436121112068
40232760	0.000772082686194406
40233191	0.00616685548242055
40233290	0.00621739571189758
40233871	0.000906847900400442
40234311	0.00110909573962734
40237970	0.000736264951139303
40238380	0.000834937262486936
40238970	0.000784294241927081
40239360	0.0407843422737599
40240340	0.00234887901541902
40241990	0.00227397664651751
40242960	0.00588553066462531
40250130	0.000749168723417408
40250311	0.0469935287213986
40251100	0.0013474780573447
40257010	0.000792921627704391
40257170	0.00323456876195395
40257461	0.00166575362634747
40261850	0.00086807580170525
40263121	0.00112294328176531
40264511	0.00783395329879896
40264880	0.000829971676598728
40265680	0.001472288173458
40266301	0.00262975774987586
40266390	0.0383839171290933
40266800	0.00200192209433169
40268440	0.000837170111889632
40268631	0.0010214680377217
40269481	0.000790836823406547
40271401	0.00124528809392031
40272901	0.00075063594725303
40273820	0.000736565591389352
40273830	0.000807869907446364
40273860	0.0016116202333125
40276091	0.00323939273370035
40276631	0.000745999953160747
40277010	0.00266154236877444
40277751	0.00292874070945849
40278410	0.0115234072368105
40279661	0.0411338445649368
40280241	0.00106300029440697
40282031	0.000736145687838099
40282660	0.0250625438740884
40283480	0.00195866642151238
40285191	0.00262886194834849
40289280	0.00236697207180494
40292590	0.00146339503289817
40294950	0.00200239801373226
40295811	0.00128632645421162
40295920	0.00178035748491797
40299381	0.000806346100303257
40306581	0.000785586716014155
40306691	0.000751949529345079
40307330	0.00108076996697994
40310291	0.000883423554828987
40318301	0.00195081205296772
40319821	0.00354738404221455
40319931	0.0170722188410138
40320221	0.0035794226870218
40320740	0.00119281971793516
40321191	0.000742682851274706
40322660	0.00930691154855204
40326370	0.00469980282723745
40327521	0.000736264951139303
40334841	0.000866545045620468
40335490	0.000742682851274706
40335620	0.00193122754628186
40336730	0.00308181249214916
40337160	0.00190007587312349
40337311	0.000949072757528497
40337321	0.000927046414713761
40338250	0.000736264951139303
40338510	0.000748446982177425
40338971	0.46214465889036
40339470	0.00378031300204769
40339880	0.00308097813930016
40341410	0.00106043518831664
40341550	0.000731654119081687
40342161	0.00347931225871247
40343050	0.000998857328508863
40343210	0.00116818981648105
40346841	0.0232990504904802
40348330	0.00077384545011249
40349670	0.018488922595247
40351740	0.00158418555912597
40353670	0.00584662013326661
40355251	0.000864435807565227
40362230	0.00845396821912145
40364880	0.00245838956823463
40365731	0.00219780049556006
40365950	0.000733257623635526
40366920	0.0025590414307157
40367541	0.000736264951139303
40367811	0.00518465666780523
40370360	0.00124803401677867
40371080	0.0170168872240034
40377390	0.00140066164220752
40377451	0.0352903532687508
40377700	0.00121393674672337
40377960	0.000860235907331288
40378701	0.0117822492290606
40381010	0.000777890090405004
40383101	0.000973858049491077
40383630	0.000826623296218588
40384720	0.000860118762552372
40385881	0.000947973432202826
40389461	0.040974675510258
40390120	0.000920309899388218
40390920	0.00343692155670525
40391780	0.00196043902164544
40395330	0.00360938309555484
40395661	0.00752195241579669
40395770	0.00142278871755704
40399500	0.00541153201137704
40405420	0.235677149508785
40405840	0.00485558155402894
40407610	0.00083400370725033
40410650	0.010351879901098
40412061	0.454821113464426
40412751	0.00461853415538037
40414770	0.0104697531863889
40416720	0.0155680661722286
40418551	0.00075629220855994
40420860	0.000789956729196344
40423600	0.00142289614276368
40423661	0.000896153168215984
40424600	0.00220099345573276
40426240	0.00312920211021354
40427521	0.00384699638904474
40427630	0.000986431353609706
40427931	0.00266624969421207
40431760	0.033464000028847
40431931	0.00805971127638489
40433840	0.000859646969515069
40433861	0.000789858953987015
40435740	0.00074911478825433
40435931	0.000966492499489168
40437181	0.00291865305832141
40441290	0.00433431235346652
40441390	0.0281030376133407
40448201	0.000746071628875502
40448430	0.00417933699349678
40449171	0.00271162997619011
40449680	0.000833681209620365
40451220	0.000810525233245698
40452290	0.000788229554679167
40455330	0.003749083852101
40456440	0.000964788749060222
40457400	0.000877280131919974
40457560	0.00272927883939026
40457731	0.000742986110207698
40457991	0.00129358664480565
40459791	0.000837001893684144
40460020	0.00100439576737546
40462360	0.00127754524352917
40463450	0.000879026912833569
40464430	0.0022614029516288
40464751	0.000881590211708855
40465130	0.00191269102344341
40465810	0.00236123077476088
40466800	0.00343243139986053
40469721	0.00102634630394219
40470011	0.000983451769488779
40470230	0.00136375979352727
40471651	0.0876427288008645
40473161	0.000779614462993158
40474551	0.000747495188842832
40475381	0.000773021245636269
40477591	0.00110669249311583
40477981	0.00633837399247987
40478910	0.00670594694373336
40479911	0.00219759956862254
40480351	0.437893263133321
40482001	0.00158869116886841
40485960	0.000817564324864317
40486640	0.00104458823100555
40486650	0.00107480259445877
40487350	0.00423770197788991
40490760	0.00682723622754465
40495661	0.0313265228910941
40498831	0.000818639733692944
40499730	0.00579934018650654
40500341	0.000807538339598486
40500850	0.000808325209441144
40502971	0.000796842585317685
40503781	0.00823544170831968
40505380	0.00188125021419178
40506681	0.000757379052229615
40511781	0.00135171021413062
40512191	0.00319333231182667
40512960	0.084657863826174
40516280	0.000985094675718584
40518800	0.000799081790011098
40518961	0.00264863822242533
40519070	0.00115307756878857
40521390	0.0054850646735074
40523101	0.00084637258401571
40523860	0.000804547075290558
40524881	0.00465526835579739
40525130	0.000814301039885122
40525431	0.00327720401263182
40527730	0.0032376915706587
40528300	0.0013853958138382
40528440	0.0177768224555534
40529431	0.000871099702035171
40529841	0.00592802435211304
40533940	0.0108203051769112
40537171	0.000748073568117278
40538080	0.000842427553177307
40538391	0.00191719615544668
40539880	0.00147190474883118
40540611	0.00226997575735781
40541540	0.00303622188450241
40541680	0.000804057738126329
40543791	0.000848290954626154
40544980	0.00520818407983844
40547180	0.00127210150175029
40547900	0.000829562434256934
40548181	0.00372444565081797
40550961	0.000867005066036125
40551340	0.0295699780827368
40552290	0.00116479207788655
40556840	0.0175686936779416
40557031	0.0866616656666336
40559190	0.000786982237950701
40559310	0.00225808313979965
40559491	0.00129018421039654
40559590	0.00520493355977013
40561510	0.000945322725586086
40562261	0.000758492828383783
40562650	0.00231724167571654
40562681	0.00098614494182106
40565960	0.000812823245605922
40567300	0.0254761658864009
40569861	0.000767789202663663
40570380	0.00313913135174043
40573400	0.0370703893080684
40574230	0.00168837977440273
40574240	0.00198805567811906
40574821	0.00218945674763609
40577441	0.0013314328612889
40578661	0.000769255556155352
40580871	0.00246189762676613
40581851	0.00105334831970212
40584061	0.00278479791818332
40585390	0.0224900671940881
40588160	0.000772632167007101
40588690	0.0139848423867113
40588751	0.000882493061644956
40592201	0.000797610795062655
40594210	0.000839429543540686
40594401	0.0025272968672195
40597260	0.0008243808652106
40598510	0.0010197078053523
40599330	0.000739512800026276
40600611	0.00550390973942522
40607211	0.000804632977518539
40607570	0.0596315043745716
40608741	0.00120895685588856
40612181	0.0461173906054958
40613510	0.00347590717716342
40616051	0.00331153504504527
40618620	0.00264873681011163
40619060	0.00210724168193369
40619870	0.000861170546558591
40621151	0.00205986547790239
40621950	0.000746930010490703
40622101	0.00110575475715046
40624150	0.00178630574643398
40624321	0.00239354914552058
40624881	0.000890605789605949
40625691	0.000789200138852503
40630200	0.000798512560579393
40633100	0.200635903486923
40634060	0.000730335092490978
40635980	0.000909857120670454
40638500	0.0008614706139949
40641021	0.000841223183110943
40642370	0.00074856045962602
40644721	0.000826123697350671
40644980	0.00166540763212551
40647450	0.00309667034768625
40652670	0.000782725697143648
40653360	0.429614192862275
40656950	0.00329293788546689
40657780	0.012485649560001
40659980	0.000851657440802399
40664810	0.00147154291024827
40666780	0.0020619470161101
40668270	0.000742794995834713
40668970	0.00106729809538947
40669940	0.000843541375514886
40670880	0.0110448002975492
40672840	0.00153183965462658
40672991	0.00340137065802178
40673100	0.00156200770264871
40674340	0.0077265458782308
40677971	0.00455570962570969
40679771	0.00152510534852022
40680280	0.0025609689309542
40681821	0.00077299467175011
40683180	0.0413468162750734
40685780	0.00953061844769238
40687860	0.00734577131610261
40688670	0.00356386275058976
40689131	0.0126181900374129
40689701	0.00202240793287271
40694931	0.241198283445539
40695450	0.00327140247638995
40697701	0.00525275859796768
40697930	0.000778438536719628
40700270	0.0401923360300577
40700700	0.00143321868900526
40701950	0.00106954729345062
40703580	0.019288080850353
40709401	0.00410915498108895
40709701	0.00132865062615876
40710460	0.00572245014285405
40710770	0.0142211460287093
40710931	0.00080107810250013
40711331	0.000782891194933274
40712041	0.0067562863250471
40712250	0.000841563234164461
40712321	0.201518135080398
40713681	0.00101972982201361
40713701	0.00148525656714822
40715320	0.00186518683178983
40716031	0.0011761842802309
40717831	0.0104928719998774
40719150	0.00185466101487007
40719481	0.00136635981935288
40719850	0.00083645508083397
40719970	0.00112319070409245
40721500	0.00140900791858927
40722050	0.00159555379370855
40722480	0.00983843648770522
40723621	0.00111680705123495
40724690	0.000743423218662231
40727170	0.000946490596758113
40727491	0.00117332741320569
40729131	0.000813879986940221
40729510	0.00090283638815365
40730040	0.000782835795406094
40731170	0.00076218516579715
40732010	0.00100558897495249
40732581	0.0042504632912621
40733691	0.000798334744392162
40733770	0.000824189905222499
40736591	0.000905672135304512
40736851	0.000871435982667176
40746040	0.0737437490002333
40750091	0.0102180589304004
40753541	0.00081430974845063
40754101	0.00859511981475261
40756110	0.328778466369719
40759020	0.000845134308549197
40760820	0.00310368250948757
40761281	0.00595560850312682
40762620	0.00247526648935957
40763720	0.000809495739784918
40767020	0.0238904867106132
40767901	0.000820421100869235
40772041	0.00274947324603759
40773691	0.000817077857222333
40774101	0.000903400431342729
40774900	0.00155533816979945
40775631	0.0424711726424375
40778590	0.000876036249846484
40778781	0.0883401195104917
40778900	0.0931187573966844
40778941	0.00314626715065099
40779140	0.00260117407677665
40779201	0.00443457990680487
40781070	0.00364843617120299
40782330	0.00110452316875363
40784851	0.000937482057821759
40785401	0.00369197343369482
40786320	0.000762851757610544
40786730	0.000798072258115828
40786791	0.0338287836843749
40788581	0.000785218422159489
40788711	0.00109465936043034
40790371	0.00241307350899991
40790450	0.000776743922754917
40792181	0.00163620692804774
40796680	0.000982006395664267
40797001	0.00212635530290433
40797271	0.000774263174451373
40799150	0.000976734320434652
40802860	0.000923103763560458
40803180	0.00298949939452842
40803280	0.00233022759336693
40807140	0.000854492467334544
40807310	0.00611938235690289
40807450	0.000808079601531581
40807621	0.00263443873958053
40810511	0.000762866058595192
40812550	0.000967967414717653
40813141	0.00105124132904361
40813401	0.0029078535605929
40817900	0.00225468002831594
40820410	0.00382318555150663
40821930	0.004112365972678
40823140	0.00112028094491233
40823150	0.00111427879337774
40823331	0.00082442797534277
40823580	0.00134748208528938
40823730	0.00381187723710842
40827130	0.00475398497412306
40830720	0.00104371681778172
40831020	0.0559447496034726
40831601	0.000940755063985658
40832021	0.000756564881351644
40834791	0.00155068900192415
40835550	0.0007515717210035
40837251	0.00606178258605753
40838101	0.00106415274310035
40839840	0.00211723418449715
40841360	0.00156939240345468
40843840	0.000913747460041971
40845681	0.00127794488417122
40848171	0.00309858062870417
40848701	0.00761258079197054
40849220	0.0355868019215782
40851331	0.00191398372408964
40851440	0.000921102669257468
40852940	0.00075379324043787
40854750	0.00554199629050214
40856920	0.00231421531705414
40857910	0.210733384426654
40858750	0.00181906428804657
40859830	0.000953617093465608
40860171	0.00309088643189493
40860421	0.00154155474319467
40861121	0.00573823253484052
40862170	0.000836914917354768
40862330	0.00730441334716265
40864510	0.00575562492212992
40864851	0.0177879382203531
40864960	0.00316344163882991
40868390	0.0156999509085826
40868940	0.000799407820214495
40876960	0.00781822622974025
40877770	0.000747546918768103
40881090	0.00708179538996928
40881541	0.00167020496343545
40882361	0.00583975714812485
40882990	0.000759830003366687
40883201	0.000742682851274706
40883580	0.00111494847672897
40883891	0.000788644657958338
40884561	0.00156637096855125
40884820	0.000818451737894085
40885131	0.00117141352183408
40889241	0.00256372041372167
40889350	0.00293946391341973
40889630	0.000965678595522016
40892291	0.00193976846365579
40893510	0.000920780039432292
40899030	0.000903557397309929
40899861	0.0450912577556997
40900260	0.00103979395809509
40901661	0.000828498912961995
40903130	0.063453592065892
40903430	0.00430287281122503
40903580	0.000842977473735318
40905360	0.00170579124596081
40910730	0.00276959558442701
40914020	0.00230433697002695
40915300	0.00669309859331415
40915881	0.0357146787818349
40916161	0.00103646743135871
40917610	0.0312912824891502
40917671	0.00171637483986245
40918200	0.0010056660972002
40918300	0.00112844771991087
40918730	0.00239642663992718
40921340	0.000855561796972536
40921531	0.00108977195298762
40921620	0.000818486635440544
40921791	0.00615413702949865
40924971	0.00104143556858028
40924981	0.00269097704093768
40929620	0.00395405175151547
40929951	0.00594366118849058
40930860	0.0024592607630664
40931581	0.00119374349526951
40933610	0.000762845745556709
40935670	0.352929186881509
40935810	0.000732502749325893
40936841	0.000912999369759751
40936910	0.000818364614589026
40936971	0.000737133084761651
40937770	0.00101625511061524
40938030	0.000843453121724394
40938170	0.00100517695134847
40938341	0.000872894264403911
40938730	0.000839224504427989
40939680	0.00158333518139698
40940120	0.056558699487862
40940301	0.036955342991124
40945801	0.00164636947682661
40946071	0.00181689690819682
40946201	0.00082235860741515
40949210	0.00315478136775482
40950091	0.00109528014512969
40950320	0.00193780819678102
40951181	0.00161823504536266
40951670	0.00647626867925557
40954730	0.000732502749325893
40956640	0.0151018713932745
40956650	0.000970600278043429
40956790	0.00193069290319084
40957190	0.000970714660032859
40958150	0.000745251144255272
40958211	0.000813051173021476
40958310	0.000735642772885472
40958570	0.000806477725826128
40958710	0.000784302833238569
40960271	0.000765009193344843
40961760	0.000749173852872393
40965460	0.00442019212405087
40967140	0.00100022009542404
40972151	0.00142374078344844
40973511	0.000766613676658682
40975191	0.00162799336544938
40975550	0.00141547872548506
40976670	0.00154926822768138
40976681	0.000869753827244173
40977070	0.000846157468531471
40977200	0.000736701341134504
40980390	0.00345780627328979
40980790	0.000809184837004003
40980971	0.0025058807134554
40981780	0.00840173708387359
40982700	0.00179028945545213
40984380	0.000753161007493672
40987161	0.00108013353073158
40987741	0.00156213994081177
40987851	0.0288473186319074
40988131	0.000799127073482011
40989880	0.00304754091053139
40990020	0.000854222699383751
40991191	0.0011363682265294
40991530	0.000736376127315297
40991581	0.0016744807524597
40991960	0.000785268575425855
40992240	0.0454975214942397
40993350	0.000890385427953425
40994491	0.000758722959520954
40994590	0.00366603680621786
40994710	0.000909142742026238
40994720	0.0045784912376492
40994891	0.0359311548182094
40995540	0.000803489137540024
40998840	0.00315276254867794
41001750	0.000787532208480772
41002040	0.000881096852614669
41003550	0.00072928566524651
41008100	0.0238282887854888
41008650	0.000736376127315297
41009320	0.000937013475009539
41009340	0.00415789421726244
41009740	0.000861332627769659
41010710	0.014528243086117
41011120	0.00294622626454974
41011980	0.00152916105951053
41012100	0.000781061559346101
41013200	0.000752166552990437
41013320	0.000833534689824629
41013641	0.000893475063625855
41013791	0.00078071514257934
41014430	0.00161848938568053
41014460	0.00594735456756363
41015830	0.00359349290101465
41016920	0.00134325231441538
41016971	0.0016097816884339
41017500	0.00294852199351311
41018040	0.000809780046421943
41018980	0.000825994631198828
41019690	0.000861372493708301
41021330	0.000839203661937409
41022471	0.00151866941795998
41023700	0.00100640818689379
41024640	0.0126794654832145
41026050	0.00767363921613775
41027690	0.000801526774609653
41028350	0.00772093781929946
41028930	0.00127206765500016
41029870	0.00081731256132212
41030040	0.000798288178789884
41030631	0.000789053782767182
41030840	0.00214294931795912
41031400	0.000770491717119829
41032011	0.00083267761754675
41032350	0.00103674065060861
41032401	0.000909391875803432
41032510	0.000852584768721216
41038150	0.00236287200448233
41041101	0.000785478153074856
41041791	0.00244491673262395
41043800	0.0927446380070797
41045900	0.000856295693765997
41047150	0.000773375755903813
41049231	0.0225520331366503
41049371	0.000795923319589726
41050140	0.00072928566524651
41050600	0.0014502503079803
41051270	0.00108616396432793
41051970	0.00601395628573259
41051991	0.00189256788890535
41053241	0.000796523658820263
41053381	0.000849945270628034
41053931	0.00164077007694122
41057180	0.000796098340253053
41060281	0.000761391512816813
41060401	0.000740984928272034
41062051	0.000770364051909574
41063930	0.00221223287223678
41064910	0.168281229371317
41064940	0.00186385965736391
41066051	0.00076709151191817
41066160	0.000903846327262485
41066440	0.00114662854627482
41066450	0.00123798157141021
41066870	0.001220247015404
41067530	0.000837221965889252
41067960	0.00114295979513837
41070420	0.00563290985618295
41071581	0.00238116261315355
41072240	0.000736701341134504
41075591	0.0484302626107965
41076230	0.122319832777023
41078331	0.00158728704236731
41078710	0.00105437859283302
41080630	0.00144529047134129
41080691	0.017261290798275
41081350	0.000963376873557323
41081460	0.00430422965407568
41082191	0.00660574689327382
41082840	0.0025412734626898
41083830	0.000770317541776611
41084671	0.00236240190176264
41085231	0.00341457001276112
41085590	0.000794217223696067
41087270	0.266859804221128
41087820	0.00277441314551598
41087950	0.000804588592500845
41093661	0.046558499149458
41093750	0.0140451614967479
41093931	0.00112628113084307
41095731	0.00114070162474872
41095930	0.000749951843872967
41096070	0.000934421503529051
41096110	0.00122023928690909
41096831	0.000979644633041685
41097190	0.00181261250072664
41097480	0.00270311490262654
41099550	0.00237167449520806
41102430	0.000838392564614225
41102590	0.00638783323433506
41103250	0.000749903469408375
41103431	0.0057983359793696
41106010	0.000948837967331071
41106901	0.000842892911949393
41107400	0.00261286958472827
41107861	0.00112450232612682
41108360	0.000919759702732223
41108480	0.000852807860424789
41110611	0.00423927983287789
41111280	0.00103215655944136
41111930	0.00870327924804206
41112821	0.000781479101202543
41113781	0.000821183770986507
41114181	0.0202511082363194
41116821	0.00097375303814727
41118450	0.00306223922046794
41119161	0.000777674478139796
41122191	0.00223473161715452
41122201	0.00225302903651184
41123441	0.00232924918023597
41123930	0.00711217682293105
41124210	0.0108111804803417
41124660	0.00110872861589946
41125590	0.00129163610087925
41125890	0.000741727678095287
41127380	0.00351761776951146
41129351	0.00185089901583567
41130850	0.00248549480436287
41131390	0.0154501782410794
41132920	0.000754383413637559
41133781	0.00342250821170259
41134160	0.000795415433447459
41135650	0.00299670461774055
41135660	0.000787010485630041
41138420	0.000911020520044827
41139370	0.00109759616901779
41140640	0.00145501628208424
41140961	0.00209053900257831
41141170	0.000808566726440416
41141620	0.00182589212361153
41143110	0.00929021404656232
41144930	0.000773202487177463
41146960	0.00385575550856203
41147120	0.000797031778817249
41148531	0.00117786199524238
41151281	0.399338509744167
41151410	0.0497185147560915
41151971	0.00391507798152124
41152811	0.000755404454534708
41153050	0.00191725824992734
41155920	0.00198850326886219
41156340	0.00113776668885598
41156510	0.00538157923946181
41156760	0.000758320463679646
41158550	0.00129794296480141
41158570	0.000755840289797271
41158741	0.0215751796049639
41159250	0.00124906570855355
41159281	0.00106200281487754
41162341	0.00239928916130603
41163141	0.000840628428474084
41163981	0.0026323457824282
41164090	0.0938722156763957
41164220	0.00247828437022839
41164801	0.00162727655418663
41165071	0.0180553279467634
41166020	0.000856965180538877
41166591	0.00460913233459467
41167031	0.00164357704688792
41168951	0.0217906015825039
41171380	0.000888570441041038
41172900	0.0182179103898289
41173310	0.00373422633416158
41175421	0.00204729748394793
41178430	0.00455137382747486
41178550	0.00141614514565373
41178601	0.000844771183058022
41179291	0.00167822560601232
41180200	0.00106973206280389
41181361	0.000815659383646483
41185491	0.0410684687038464
41186030	0.0991794265432327
41186410	0.000838623217636744
41186611	0.00544748106548925
41187270	0.00684262858775165
41187291	0.000773178017747859
41187930	0.00165190808561121
41192750	0.00081335223338469
41193320	0.198885426868044
41194030	0.000800011050354505
41195680	0.014927929626258
41198041	0.00137543669497052
41198440	0.0139941909901151
41199540	0.000973199262370556
41201020	0.000942429804665464
41204101	0.000806830478639078
41204500	0.00220584639529792
41207250	0.00435184504558924
41207370	0.000879317227041928
41208811	0.021127411720877
41208821	0.000764479892179022
41208931	0.02453039307173
41210461	0.00425066075530272
41210680	0.00426267751597021
41211141	0.000742354998903751
41211270	0.000839306154221208
41212070	0.000852446060348467
41212671	0.0014834038064345
41216381	0.00079627605577913
41218410	0.000810836462525292
41222010	0.0030881479315743
41224080	0.00165804530960536
41224521	0.00207501137849262
41225450	0.00705654831060032
41225730	0.000885665529947158
41225750	0.00113217691165681
41226280	0.00255283621209087
41230611	0.00213767333701778
41230721	0.0127453748860345
41232630	0.000764417262309012
41233501	0.00174281370654371
41234461	0.0252851120002662
41236750	0.00306494943391821
41236900	0.000833583224275077
41237621	0.00374137394590079
41238581	0.00150685203151874
41239120	0.000787688501087615
41240661	0.000734945894010039
41241481	0.00189777195203836
41242181	0.00140977633717876
41242430	0.000871851947969206
41243640	0.17504403711028
41246721	0.00215620205190032
41247800	0.000861733409419337
41247831	0.000764543392532933
41248381	0.000960453739151978
41253150	0.00441918993408455
41254010	0.00082404752311006
41256121	0.029328046607949
41258140	0.00846760022151554
41258331	0.000748372275721352
41258581	0.00825454070935274
41258840	0.0401032117168079
41258991	0.000892148203482821
41259131	0.0010832589274881
41259400	0.00264655765752476
41259821	0.00104310895552493
41262690	0.00469647520777144
41262840	0.00236618109557739
41263950	0.00565036771636887
41264070	0.00109546848512206
41264381	0.00158526146960545
41265020	0.00166925564805145
41266540	0.051981177079999
41268671	0.000869182259072575
41270970	0.00756503042908441
41272241	0.00573896016252813
41274690	0.00568136556786079
41275390	0.00247436850350413
41276261	0.00961871795319076
41276870	0.000742610422981609
41277471	0.00132879420990794
41278960	0.00121057965284965
41279681	0.0202527355576601
41280080	0.00221259890689153
41280671	0.0016904420974777
41280740	0.00187155208172653
41283131	0.00249077816363218
41285180	0.00792599463449716
41285751	0.0794091391515773
41286830	0.000746930010490703
41287510	0.000840880852203828
41287790	0.0106626012582574
41287950	0.000922448166868912
41289020	0.00386054956146994
41289570	0.000783018225257408
41289911	0.0131204657618493
41290830	0.0126509471126631
41291001	0.00094487299686457
41291380	0.000738466052995824
41292091	0.0035311377554269
41295640	0.0364560532828395
41297570	0.00273900476781919
41297730	0.000759830003366687
41298980	0.00101978287397518
41301751	0.0179396428794592
41302051	0.00799858106739845
41303810	0.00100643286114438
41304220	0.000813229782460932
41305150	0.0016699423127166
41305180	0.000847788662945659
41307100	0.000750052093701581
41307670	0.000886665531289331
41309430	0.000917975244041404
41310711	0.000776252037417198
41312371	0.0663322601801236
41312531	0.000829883575633784
41314721	0.00251539813846464
41316730	0.000858858354266564
41316740	0.00874722246432429
41317331	0.00080997951320093
41317430	0.00223778131050173
41317730	0.00303566981026547
41321310	0.00078570292038609
41321891	0.00222910484839916
41322670	0.0676114117750172
41323401	0.00078373596422054
41323951	0.000818116089497883
41324241	0.0014037548742789
41325081	0.235236836234697
41327900	0.000768482858331896
41332750	0.00198983751869457
41335380	0.00119459897700214
41335520	0.00106474317457213
41336340	0.00113933305857701
41337631	0.000957445624403534
41339110	0.000971528680784483
41339930	0.00571502566914898
41341460	0.0029273087553586
41342820	0.000779416566904663
41342861	0.00108494148236966
41348620	0.00204374894668383
41350530	0.000735642772885472
41351390	0.0107294150579886
41351530	0.00107770625990975
41356501	0.0010177199301895
41357481	0.00273340663770744
41358250	0.000931959273904747
41358581	0.00375609564802745
41359401	0.00132459422661346
41360210	0.160598248834397
41361761	0.000897008220505628
41362530	0.00139988193045583
41364361	0.000780551897299566
41365071	0.00237621777754008
41366700	0.000804929631333397
41367220	0.0157595520960905
41368210	0.00830753970874468
41371790	0.00578488977364035
41372361	0.00410484840533502
41372870	0.00357255957241932
41375541	0.00102435017973839
41376040	0.000777356122964762
41377020	0.00218857892521858
41378800	0.00133721583430203
41382940	0.0184343028521806
41384231	0.000818773162595978
41389471	0.000857476972230179
41392480	0.00188112224374567
41393300	0.0142475705821314
41394420	0.00242977793292141
41397621	0.00205242736899482
41399620	0.0977499678669845
41402960	0.000781868599446232
41405840	0.00246536580549863
41407760	0.00656059284528508
41412580	0.00197927953132502
41413550	0.000943878392670703
41415620	0.00263052176038557
41417300	0.00300077710303113
41421300	0.00455862227247328
41421690	0.00499745952660773
41421960	0.000895309446095931
41422130	0.00160676274547918
41422670	0.146895734812333
41424030	0.000851848563940831
41424081	0.00096276366152228
41424371	0.00367258370412375
41424440	0.000783379655852117
41426510	0.000767230636873153
41426971	0.00077476119377675
41426991	0.000753167163081294
41428491	0.0351536720650315
41429140	0.0296424304191985
41430140	0.0010621233759347
41430311	0.0015236143914538
41431671	0.00116350290922741
41432511	0.00877152881233506
41433601	0.000895944626775081
41434031	0.0153830650839639
41434650	0.00260611325131552
41438660	0.00273123715452581
41439210	0.00165454040341426
41443941	0.00103132006598861
41444081	0.00123820850266728
41444990	0.00116568717511132
41445881	0.000745754003239659
41445990	0.00156227659974411
41447930	0.000883083449718047
41448761	0.000878459867701882
41448990	0.000980042690371166
41450301	0.000773129156606698
41450520	0.00319209864343917
41451230	0.00179521327256411
41451541	0.0026730866247945
41452351	0.000827870230880904
41454141	0.00111327802549248
41454151	0.000755449185908342
41454240	0.00076664874848581
41454851	0.000981477862727509
41455801	0.00102334230417247
41457020	0.00430231426343363
41458421	0.00176192069479437
41459070	0.010004481380376
41459210	0.0356482311872531
41466250	0.00267691082198361
41467480	0.001887711822848
41467811	0.00092946259033551
41468091	0.000778349232597544
41468641	0.00574855015362374
41470410	0.000846101026300358
41472710	0.0012092228253842
41472890	0.000837546429616149
41474011	0.00611178750928404
41474790	0.00313839631622873
41476310	0.015415324124624
41476901	0.00128233924183082
41477840	0.00432452322376846
41480330	0.000785387119379362
41481311	0.00277374696673131
41482400	0.000820870091746633
41482520	0.000816620678539982
41482571	0.00130221637906087
41484580	0.000809194966153437
41488050	0.0299819086453038
41490510	0.000772734895266827
41490520	0.000742682851274706
41492170	0.000850529023029431
41493720	0.0141276583598918
41494100	0.0100172904423496
41496911	0.00245383707454136
41499531	0.00958901072006282
41503541	0.00278462792951066
41504781	0.00515321533272432
41506011	0.00422093197253251
41509980	0.00593636543140426
41510291	0.000828048145183285
41517710	0.13286796898541
41518250	0.00116021843236256
41521471	0.000821402881917098
41522530	0.00169232564489675
41523370	0.00170991100227111
41523640	0.00135110427551283
41525020	0.000930114529723018
41526520	0.00367742386425346
41526971	0.00369894813590664
41527511	0.000768805551230689
41528221	0.00133305082579816
41532170	0.0104742136433834
41532211	0.00191158187714303
41533260	0.000748934740648429
41535190	0.00110678782076349
41536211	0.0015646403002062
41536320	0.000825778021038847
41536730	0.00134392715779622
41536751	0.00156021619106453
41539220	0.000902979824545385
41542831	0.000868894502579004
41544501	0.0101709988107221
41544740	0.000870998834532141
41545181	0.00453114140119709
41545731	0.00526517301852944
41545810	0.00129959567894292
41546950	0.00301300726753176
41547330	0.605269530554204
41549130	0.00155126822834261
41551880	0.000742682851274706
41552611	0.00340204500596456
41562790	0.00250096698129382
41562940	0.000879368175449678
41563080	0.00113578827381112
41563340	0.00859267348193371
41564700	0.000857715200288468
41565140	0.00115498868917893
41565601	0.00308531007777103
41565690	0.00125084575327165
41566691	0.000776586387998425
41566810	0.000797854136308864
41568450	0.0025330387861973
41568631	0.00492557855139281
41569670	0.00164961190282823
41569991	0.000742926626731156
41575480	0.00177132717365903
41576491	0.0146673622334287
41579890	0.00116561318156387
41583330	0.00194905562366605
41585670	0.00131746638573008
41596061	0.00089106377189953
41596150	0.00301845704979979
41598011	0.000807712801350614
41601110	0.00685148857117292
41605171	0.0290322889582477
41608980	0.000934643956976754
41612751	0.00412866555815552
41619801	0.00409673997340834
41619931	0.00402819054270211
41621301	0.00283118850692714
41622240	0.00174220476598628
41624051	0.000777608631702121
41624621	0.00707161702389017
41627391	0.0008172012287149
41630131	0.000763443422385023
41630520	0.0562429989834729
41632351	0.00112448594127104
41634370	0.00082442797534277
41635220	0.000757120358859205
41635241	0.00199427374971348
41636850	0.00118332337465973
41637441	0.0010731128267244
41643791	0.0058079129196652
41647740	0.00175282448517001
41648580	0.000803343240810613
41648850	0.000789795449121812
41649041	0.00387715629403272
41649530	0.00244251573643504
41651070	0.0115413715186317
41655060	0.00084231683915381
41655361	0.000859560026854143
41656481	0.00164583434650543
41658490	0.00196453204464122
41659750	0.00126669141723112
41662500	0.00241842401210501
41668901	0.0214492450740361
41669151	0.0494475559316996
41670380	0.000743751542448764
41672030	0.00161031967670059
41673161	0.00494707071166957
41673940	0.0034673310888953
41675480	0.00498791160779205
41678961	0.00104113368358833
41680590	0.00188235942116798
41685810	0.00219556240287681
41689571	0.1553225854891
41690770	0.00457776983924086
41693591	0.0223459388216956
41697301	0.00211060713620885
41697701	0.00181590464790153
41701970	0.0290701537901236
41702380	0.145838496940883
41704720	0.00320455532754206
41707791	0.00959459302065659
41713410	0.000808516147619155
41714920	0.0036102046862965
41718770	0.000863538471035504
41718790	0.00149484631948901
41719921	0.0352040518163767
41726240	0.000795828299209165
41727470	0.000865350828915445
41728140	0.000882836038343351
41728280	0.000861042030488134
41728970	0.00123151468979911
41729841	0.000766315032639551
41730951	0.00253208214658787
41731641	0.0110108822482333
41732881	0.00641019292108805
41734961	0.00255581650380204
41735610	0.00312832507535448
41737260	0.00125292038516863
41737390	0.00135950954664955
41737510	0.00098903318322151
41737550	0.00417697399255459
41739180	0.066278309801964
41739231	0.00154307483841255
41739330	0.00292920367384251
41739491	0.000814929007825175
41739771	0.0117419588503049
41740601	0.00207618554493259
41742610	0.00340534224411653
41743580	0.000784403559711223
41743720	0.000772632167007101
41744020	0.00105251917187352
41744160	0.00567006522342144
41744871	0.00101781187897942
41746080	0.00138129813792679
41746941	0.0022031209540912
41748201	0.000893981970183773
41748710	0.00165154058558815
41748970	0.0395317243741876
41749650	0.00106582854234091
41750961	0.00252141933953122
41752310	0.00400320652274137
41756980	0.00242595783296419
41760881	0.00135759561456332
41762480	0.00144519739186755
41762941	0.00100250943533087
41762951	0.00218392263646186
41764140	0.00072928566524651
41764290	0.274968052307591
41764840	0.000859494703364725
41764850	0.00120528485915728
41764871	0.0130452967907404
41767190	0.00733495736862312
41767361	0.00123750827016944
41767740	0.000822633621326072
41771600	0.00271352596619166
41772201	0.45003753989915
41772331	0.00476560066987226
41773001	0.00282086751563812
41773090	0.000936495590340162
41774801	0.0689774939604
41775221	0.0286467412586499
41776540	0.000979590472842537
41777820	0.0105003960804245
41777831	0.00635879238987609
41778381	0.0358034863444444
41778681	0.00176246776001012
41779990	0.000839831830570929
41782190	0.000738887879217954
41782750	0.00412488460149223
41783720	0.0101530265859772
41784140	0.00376809487095568
41786671	0.00072928566524651
41786880	0.0047485870596277
41790470	0.00819047471704114
41790760	0.00186478440836668
41790811	0.00155542138997279
41791310	0.000781006962041081
41792270	0.00151310186085443
41793001	0.00107024871011707
41793370	0.000914303474293328
41794531	0.000743751542448764
41795730	0.00234206905743449
41795860	0.00190337965796319
41797540	0.00228667258137445
41798671	0.000783597254098377
41798791	0.00440124708559595
41801291	0.00139366424577057
41803060	0.000773693203979741
41803631	0.239767696086477
41805800	0.00113364332884532
41807570	0.0455483800533576
41809981	0.0719417289121244
41810801	0.00117218630751971
41811341	0.000776464876651854
41811621	0.00177788833075616
41815891	0.000749308741500755
41815911	0.0015315266922233
41816440	0.000773444951105985
41816950	0.00142903260315827
41817510	0.00568444469586601
41820270	0.00359158081251523
41820311	0.00239492188950925
41820861	0.00131857856738276
41822811	0.00149284980853468
41823990	0.00124554227842064
41824041	0.00106278395295137
41825090	0.00320432746779323
41827440	0.3396552091899
41828461	0.0528787134739747
41828540	0.00373694514914141
41828810	0.00781923388058193
41829001	0.000784244833964011
41830050	0.0018676709158678
41831211	0.000901249675098206
41832441	0.00100106168731194
41832881	0.00111565165587186
41833571	0.00106716725710225
41834740	0.00241982444542807
41835470	0.000817901590671951
41836721	0.00479048162410127
41837561	0.00200026719867116
41837770	0.00117727535802392
41839180	0.000788267811854177
41839300	0.00187589527344674
41843071	0.00338752875590041
41844010	0.00360525016961783
41844430	0.000908459721841317
41844820	0.00102284762067637
41845360	0.027203673429979
41845790	0.000803381997790858
41845961	0.00103747587421101
41852451	0.000842834628982321
41855470	0.00083750931793596
41856530	0.00176042273334158
41857780	0.00398690938568358
41858251	0.00104685965621927
41858610	0.000965160569473927
41859150	0.00125526214935456
41861260	0.00927520289565571
41861541	0.0187125147672037
41862101	0.00278178727433643
41862811	0.0031809357156924
41863460	0.00321982042279917
41863891	0.000813414642544038
41864430	0.00243763762693234
41865120	0.370833681923249
41865650	0.00429033048088121
41865681	0.00136622561040054
41866320	0.000834416962791779
41866610	0.00434614682615974
41867901	0.00247015708786086
41868410	0.00398258256733528
41868710	0.00303314287633499
41868871	0.000787655084432153
41869810	0.000809739551340548
41870360	0.00688399585153164
41870381	0.0110976314609896
41871310	0.00283898577827232
41871891	0.004236620252801
41873250	0.00205773420114099
41873510	0.00217450841861071
41874050	0.000976794919934686
41874490	0.000764998627471873
41875840	0.0086472363587526
41876940	0.00078453641007024
41880270	0.00641426758941741
41882460	0.00104841021543203
41885370	0.000792964449816291
41887020	0.00866488091026145
41888700	0.0427300232748964
41889141	0.00118740333120297
41891970	0.0189972281040306
41896451	0.00637377634590079
41897490	0.00141590915132859
41899071	0.00727713655917706
41899911	0.000769255556155352
41900260	0.00194666313443787
41900540	0.00582370447151619
41901800	0.00132080415091586
41902241	0.00418492567883802
41902521	0.000749903469408375
41906350	0.000815457859340671
41907860	0.00157675494252779
41907881	0.00162692847431121
41909100	0.000971746729972772
41910220	0.00122674696025835
41911720	0.00889646900918254
41911870	0.00843531000124279
41912800	0.00939446856896939
41912840	0.00116080050903078
41913281	0.00831863477689707
41917831	0.0418791400608274
41919970	0.00084864630609641
41921360	0.000816075494016385
41924680	0.000785638691101284
41924690	0.0445850889844047
41925660	0.000780989145640243
41926740	0.00219268348791867
41927710	0.00118471125222429
41928711	0.00158514279025376
41928830	0.00102315895889874
41929011	0.00545697584998087
41929691	0.00122054399877166
41929951	0.00104545315525878
41932150	0.00110205403731954
41932441	0.00135791067094006
41934921	0.106185958472396
41935990	0.000812535608864222
41936991	0.000882665597989942
41942870	0.00118812972784332
41944950	0.00141412374493789
41945790	0.0325683395651703
41948680	0.0049781100152454
41951430	0.000777385843301862
41952861	0.00500940679948282
41953770	0.00601506176609186
41953961	0.000753473679546342
41955611	0.000982694369907936
41955970	0.00118844987602148
41956291	0.000951318244701028
41962750	0.000813608851179508
41962791	0.000736264951139303
41964420	0.00516010989776293
41964560	0.000872736314270746
41965900	0.00229868098569094
41966781	0.000773812305932407
41968311	0.0115401568644272
41971201	0.00090015155898936
41971450	0.00105518151201282
41971730	0.00103465522855559
41973421	0.000814188206661018
41975970	0.00111703346622404
41978200	0.0104228558813453
41978651	0.000894276028716364
41978760	0.000881544232061527
41979621	0.00984518684372003
41980021	0.0633167753653276
41981811	0.00112435177918075
41982310	0.00240883440597175
41983321	0.000957199887449669
41984550	0.00180280547580953
41985671	0.0182210825079575
41988820	0.000786326868281935
41989671	0.000975347752967547
41990470	0.00937761208998962
41991321	0.000758785477221969
41993001	0.000786970508597901
41994381	0.000965549946079828
41995751	0.000752282842716003
41997090	0.000736264951139303
41999560	0.00385387103878241
42000130	0.00702639032205604
42001080	0.0046877954116658
42001520	0.00217913077329001
42002381	0.000852432825048712
42005261	0.00150184841410715
42008000	0.000811998482684367
42011830	0.00127284135220625
42013531	0.00111584719005194
42015000	0.00163967291060835
42015710	0.154196394218159
42018631	0.00599647908232857
42020021	0.00117460536312636
42020161	0.00458961727531361
42024540	0.00589667087587891
42029920	0.00293767838232599
42033951	0.00137090042089037
42034190	0.000860805029067091
42034241	0.00285821462570988
42037531	0.00362504049729441
42039331	0.00181403895408964
42039680	0.00191661416178185
42041370	0.000955124177704843
42043030	0.00233200345306277
42043690	0.00318572151157181
42044680	0.000845479354773945
42049210	0.00100876740428806
42049620	0.00360849041659919
42050020	0.000771683445221339
42052431	0.00148018877522245
42052441	0.0047483895847029
42060431	0.000885767106351294
42060810	0.0042803084995024
42062320	0.0040566739629248
42067690	0.00624459685669849
42077811	0.00342294511620435
42079601	0.0180116385076208
42084250	0.00909420700312357
42086771	0.0020367067283105
42087000	0.00104103068292252
42087550	0.00128119438162139
42089750	0.027743885723545
42091181	0.00132819548164017
42091290	0.00632335489219476
42095680	0.000985146951779748
42100141	0.00119817603073867
42104120	0.00101541576558928
42109261	0.000848242937459823
42111591	0.0113479511204095
42112701	0.000808145700873596
42115601	0.000783692157963555
42115611	0.000936037398452154
42118730	0.126279576290395
42119471	0.000998436018670371
42121381	0.00234327495201072
42123280	0.000776547317816064
42128571	0.00411009804445838
42134040	0.0020086275329495
42136701	0.00102295372648972
42137080	0.00396025376285838
42141500	0.00238542190675349
42145261	0.00103866738483668
42146621	0.00338084136937573
42147851	0.0107964849055434
42149511	0.00138651156926045
42150481	0.0437368825026955
42153470	0.00240318132902823
42156630	0.00693013811128322
42156691	0.00141749102265056
42159161	0.0368270057021377
42160500	0.0105144377997844
42160971	0.000885708184300915
42162221	0.0550170466950571
42163851	0.000731284157627122
42164080	0.000965066495197591
42164821	0.000799752042661325
42167410	0.00644252294660457
42169600	0.00582860128450171
42169610	0.00131821049795295
42170491	0.0305377942244336
42171390	0.00471908233737163
42177101	0.000772632167007101
42181180	0.0172111703852476
42182720	0.0131358488560668
42187871	0.00275101044467583
42190310	0.00134049737006427
42191711	0.000759814714224377
42194201	0.000765122865364856
42195461	0.00977890501137794
42195830	0.000780745616140626
42196390	0.155751739987073
42197220	0.000759661653191058
42198211	0.0013136001924391
42198341	0.000801675869161154
42200131	0.00144686466988709
42200360	0.0779927004820132
42201470	0.0185242369359776
42203260	0.00277247244315847
42203270	0.00083357552407214
42206600	0.00353615060268477
42207130	0.0160248079462553
42207150	0.00800493687800842
42208230	0.000781258753795011
42211660	0.000883988441619842
42212281	0.0632847586682301
42212821	0.00822899868005346
42215031	0.00106695726046864
42217600	0.0254338230145877
42222450	0.00240194055042703
42222560	0.00119570259487547
42224900	0.000852433976011954
42224930	0.000981708321691657
42225101	0.00121127280889146
42227660	0.0180641014149415
42228070	0.00135439476276582
42228701	0.00247902958896769
42229241	0.001846454823675
42230051	0.000867163944144734
42231140	0.00351406153905408
42232281	0.00090550646661939
42234320	0.0010181513165992
42238850	0.00112413241211362
42241490	0.000773642121083823
42243120	0.00103244477331505
42245651	0.0014871155060182
42245740	0.00270036790846309
42246051	0.00087830004345992
42249630	0.0138298983722013
42250051	0.00242695450129548
42250761	0.0853297384564791
42251021	0.00114302376125101
42251790	0.00276360611007748
42254410	0.000823576401461217
42254461	0.00286550510650493
42255100	0.00120366136131039
42256900	0.00185314446585048
42260100	0.00107603596265892
42261641	0.00163028620420881
42262720	0.00155075082177374
42264930	0.00175316847285305
42272360	0.00112924706759082
42272500	0.00072928566524651
42272520	0.00590558687916894
42274181	0.00187225491477843
42275100	0.00235783937081116
42275991	0.0108092510597629
42276951	0.0231515199289494
42277620	0.000878530742875063
42278310	0.00448006449053678
42280620	0.00260706577510926
42282720	0.00161163123337927
42286471	0.267268878730108
42287510	0.00332065711239439
42287820	0.0502543956623477
42289310	0.255456090384926
42290310	0.000785255436341801
42297310	0.000911319806137516
42298580	0.00101243869817052
42298590	0.00124992620025699
42299971	0.00110647914077546
42300100	0.000776882451208141
42300200	0.00143116248919167
42300360	0.00080977141541641
42302601	0.000877463178909655
42303291	0.000820377647073208
42304121	0.000798381294240221
42307270	0.000818465315778643
42309361	0.000933671160792088
42309470	0.004932122727861
42314310	0.0157284003646562
42315670	0.00164038402528437
42315721	0.0227015604491401
42315920	0.00101490083913986
42318700	0.0136780216668294
42318990	0.00316252173945511
42319281	0.000874973789915921
42323000	0.0023890764900761
42323400	0.000840595504445111
42324271	0.000832087944980122
42324370	0.00280337144981918
42327171	0.253320903403277
42330331	0.0148698562484142
42331550	0.00119270364638605
42332060	0.000866518396086388
42332401	0.00478734556361932
42333160	0.0012686394019311
42336681	0.00433167025360934
42337620	0.00102596658482353
42343120	0.00906532123142731
42345030	0.00275285180521446
42348220	0.00604180071507963
42349211	0.00262724963203441
42349450	0.000793933152761993
42350300	0.000900471717544328
42350871	0.000873587740296209
42351561	0.00223892697934779
42352801	0.0260547443038676
42353330	0.00313722422450522
42354140	0.00433252492554997
42354331	0.00166554751953563
42356090	0.000847804968000644
42356100	0.0183633892670918
42356121	0.00126196771056175
42356941	0.00108428043776489
42357491	0.000994996322144214
42359851	0.00101052895019091
42360671	0.00179120200249192
42362550	0.000968214408835742
42363680	0.00131649406093938
42364131	0.00313770671707344
42364671	0.000857463363208661
42370130	0.00108825658155742
42370970	0.000860120448396938
42372350	0.00152648857375426
42374471	0.00187054449835559
42374611	0.000750224870301227
42375640	0.000770406547126593
42376261	0.00495434600223058
42379230	0.00265660042828003
42381030	0.000736565591389352
42383161	0.0014729089957622
42387670	0.00208954339580613
42387991	0.00527774950197494
42388090	0.00100767681514538
42391530	0.00088260993360328
42392791	0.00206547905898851
42394960	0.00316631944255491
42397170	0.00292784917860461
42398430	0.00123439274541503
42402150	0.00203415117310502
42403271	0.00102299780425874
42410840	0.0016913056516877
42412521	0.00214327062553152
42414420	0.00137634675192869
42414471	0.000943629926141861
42417071	0.00187911767644404
42418830	0.0243690851722919
42420360	0.00895252316183093
42420661	0.0868792738240216
42423930	0.000801366015114502
42425320	0.0138061766083537
42428490	0.032461563157226
42428880	0.0177096725877941
42428920	0.000803447301353308
42429720	0.00130532838213406
42431411	0.00097730846125719
42432220	0.00652694868783191
42433221	0.000747032391873792
42433330	0.00216382757528856
42434290	0.000964409873365717
42434820	0.000850601963977383
42435660	0.0218829794013648
42436060	0.00425786422605935
42436090	0.00110119632875227
42439380	0.000984693541968659
42440740	0.00119599165739261
42440760	0.00114488097565203
42443260	0.00123519697492884
42444671	0.00115026258339223
42446420	0.0007732730925728
42446881	0.0007352638115943
42449201	0.0065960401674737
42449580	0.0106646201957392
42452231	0.00103322019725523
42454950	0.000920089398418205
42457010	0.00328838901230947
42457180	0.0036523486421179
42457631	0.0698855318117778
42461180	0.012259620601618
42461361	0.000953510076194833
42463500	0.0127482686601144
42463950	0.000896579348069376
42464620	0.00105933452160672
42465030	0.00243714839785009
42466550	0.0041298851102681
42468750	0.00307507700709719
42469221	0.00222201442950817
42474171	0.0227275967781319
42476251	0.00955162191358476
42481221	0.0284268874217253
42481631	0.00930024905160949
42482540	0.00637152682644328
42483141	0.00124012587375784
42486571	0.00206412625887685
42491390	0.00167145799307594
42491691	0.00090781937219686
42492040	0.00615203707636922
42493010	0.0008297804245506
42494390	0.00394078550947488
42494451	0.00379674246392382
42496241	0.00088517967971237
42499961	0.0211587370184233
42502830	0.000828112684813602
42503831	0.00176439004752314
42504060	0.0133104897009167
42505580	0.00101387264297502
42507930	0.00184024760362629
42510991	0.000811205338620723
42515920	0.009649471772352
42517860	0.00169030063444193
42517990	0.00196083999839339
42518670	0.000796405587178962
42521341	0.00337753047787209
42524931	0.000834774379558515
42530161	0.00954067237549556
42531940	0.00081520548083112
42532771	0.000958299111009008
42533341	0.000767553626085865
42533761	0.00677788905014259
42539421	0.00732827356262115
42539951	0.00119521859852087
42540330	0.000797003682711973
42542581	0.0023976021463484
42542591	0.00101073073994203
42543920	0.00110005880125316
42546031	0.000814580728542174
42549020	0.00083076625784147
42551510	0.000772262436539186
42554660	0.0245526938499835
42557000	0.00547748168793314
42561201	0.00104485462922393
42563951	0.000818266179017817
42564641	0.00279385465908356
42565140	0.120348645586366
42566540	0.00168420893521348
42569201	0.00167809244462107
42569901	0.00912590735889171
42571500	0.00359410154142068
42571640	0.0317419805404552
42573550	0.000930248041220213
42574000	0.00153827753201629
42575401	0.000827135353180619
42577331	0.000880291844566589
42580880	0.00109493318983039
42583770	0.00585618062502197
42583941	0.00108217865915191
42586701	0.0047717678349205
42587401	0.407024306966991
42587531	0.00078121142376498
42590171	0.000909742979079875
42590260	0.00901784179105926
42594540	0.000906203922094829
42595531	0.00133137979905144
42595750	0.000740543133892448
42596730	0.00233221666799399
42597850	0.00406860825632564
42601881	0.0291815680198957
42603640	0.00093157014809741
42604101	0.000837522060818993
42607090	0.00485175530598361
42608771	0.000920901471053462
42608870	0.0140724842250518
42610281	0.0015226709934605
42611210	0.00247875495529213
42614421	0.0402690678272722
42618441	0.00151948770899944
42618550	0.00373504504669031
42625580	0.00072928566524651
42627801	0.0102652846005346
42628371	0.175559233530055
42635610	0.000821623807679449
42636631	0.000971194159990455
42638120	0.00250396715290921
42638510	0.00110802194404209
42639111	0.00154955833559347
42639640	0.00141577537863415
42641410	0.000821518297004675
42641751	0.00643633570935773
42641950	0.00150944745711198
42644371	0.0391674796308629
42644990	0.00122047087455553
42645170	0.000911464780756242
42646691	0.0102297542204295
42648231	0.00140201247463076
42649611	0.000867256137545683
42657850	0.00806951870926826
42658120	0.00112688783866367
42665550	0.000736264951139303
42665731	0.00082407394082498
42666001	0.000776806818964494
42672631	0.00246728491308435
42675381	0.0015573957012678
42676170	0.00926418121286246
42676211	0.00136679394238698
42676911	0.000874896797644893
42678981	0.000935882352769535
42679740	0.00253242036578807
42682240	0.00114343902180112
42682810	0.000828199765715866
42684300	0.000783383569261747
42686161	0.000979807675835563
42689430	0.00148709263778945
42691910	0.00097716722534473
42694421	0.00106768021479327
42695500	0.00146340732040622
42698250	0.0030228547274124
42698400	0.00988710169429734
42699900	0.000796221019484627
42701441	0.00086482071656318
42702571	0.00134209765347495
42703090	0.0354808626483556
42704860	0.00901037973915513
42705420	0.000830106761015988
42707610	0.338552033357544
42709540	0.000902131719156348
42712850	0.000881388232091595
42713710	0.0134777859647476
42716330	0.000944492630857303
42717441	0.00214301542951946
42718681	0.00269771558908848
42718770	0.00233188501540642
42719251	0.000787830135195282
42721570	0.00104764168511909
42724590	0.00813204468348944
42724621	0.000738811066603678
42725031	0.105655702531237
42725721	0.000872862541839958
42726281	0.00236001904805855
42730250	0.00120349060403623
42731360	0.00122037965856647
42731780	0.00316987645083386
42731791	0.0193101430512348
42733550	0.000816496697471964
42733591	0.00950036138200411
42734120	0.00460832419060041
42735350	0.006142258092831
42737540	0.00153112823259034
42738421	0.00117515873939394
42741970	0.114781224446523
42748580	0.00254948320107688
42748840	0.000973157996372177
42756050	0.000944980048808688
42756570	0.000910303918722697
42757461	0.00086313162303869
42759091	0.00116891871640432
42759641	0.00147784315662516
42761840	0.00799549241915859
42762780	0.0190905783129637
42763500	0.00099225577379619
42764570	0.000836329768575925
42764911	0.00675228069552838
42765861	0.00435339973054432
42766841	0.00176256049767195
42766920	0.00141725796255469
42768580	0.000747647408313714
42770100	0.00081329569961956
42770110	0.263770167206127
42770940	0.00526845848223351
42773550	0.00305845229495917
42775231	0.000809621866129245
42777940	0.00132982368804583
42778110	0.00244784263297598
42780071	0.000785828548509184
42780420	0.00237377900362807
42780710	0.00467444965845137
42782800	0.00101422840485938
42783921	0.000901189222764995
42784911	0.000753264037671135
42786220	0.000828629186722085
42786230	0.00258035301939366
42789571	0.000801445295338976
42791050	0.0188645245212359
42791750	0.00639500456898401
42792331	0.000967024155860774
42795340	0.000884636052501553
42795750	0.00232647367419329
42798510	0.00406471511673122
42800211	0.000927595918996931
42801830	0.0396138150732709
42801991	0.00102590501627054
42803450	0.00874359923081725
42805871	0.000912020867323251
42807101	0.00154916371525632
42807630	0.000947620924730013
42810131	0.00103258125584425
42810561	0.00447597663871587
42810620	0.000768906434119615
42811231	0.000735642772885472
42813591	0.00228842214296953
42817520	0.0050291340559386
42820471	0.00342492260181782
42820611	0.000885456330024046
42822951	0.256612321127512
42824160	0.00117545496283595
42826790	0.000834354378164667
42826831	0.00176344784356861
42827180	0.000811631844163015
42831490	0.0184706336709251
42832420	0.264415254082963
42835521	0.00122563248316688
42839350	0.00123493590500788
42840290	0.00137091011848204
42843781	0.00240575482564354
42843921	0.00265666925715074
42845410	0.00417821396446839
42846121	0.00531171537642929
42848840	0.000905345296056389
42849861	0.000799820964611001
42851610	0.000750498016294427
42854110	0.000921994703575766
42854630	0.00115117035629885
42854971	0.000786081759382618
42856030	0.00308566678591701
42857571	0.00204745992365708
42858090	0.0201698320750603
42860700	0.00278226091552268
42860741	0.0109289438395852
42864580	0.00133496036255863
42865940	0.00200861355619108
42866531	0.00200130211575226
42867170	0.00115754413785084
42868310	0.000853311581027073
42868331	0.000743112722492552
42868601	0.0157374695838196
42869680	0.00113940477232895
42869970	0.00278011994964491
42870220	0.0156940601043899
42870630	0.00317509521232377
42870811	0.00633148791913319
42870910	0.000953015058888258
42872061	0.000873978713061169
42872300	0.00972843750057583
42875241	0.000741727678095287
42875330	0.00116050737257003
42877940	0.00613307515997312
42878131	0.00101790021646009
42878350	0.00469814700447439
42882380	0.000746735916438061
42885100	0.000777769557978613
42887511	0.000842105460350736
42888130	0.000747804289828325
42894401	0.00206331624552279
42895491	0.00244332813887044
42895600	0.000974033532005379
42896170	0.000954253257202816
42897000	0.00139076792410262
42897561	0.000761107597323586
42899730	0.000813617961964468
42903491	0.000884644461687609
42904570	0.00404068691312244
42906100	0.000986811536552488
42907631	0.000911098943211288
42908451	0.000736264951139303
42908871	0.00116456235960995
42909230	0.000748256844498031
42909510	0.00608762260145806
42910210	0.016330858367727
42911600	0.00129110395530979
42912051	0.00100944190004458
42912061	0.000893503294304432
42913260	0.0308477604344944
42913370	0.00094919728381789
42914541	0.00331735512316834
42916160	0.00270061902814098
42917861	0.000819992085334414
42918521	0.000878045749149178
42918780	0.000818852883377665
42919511	0.00126359526304973
42922111	0.00170239813631159
42924461	0.00114992440212923
42925410	0.00115767753745565
42926930	0.00727096677215835
42927050	0.000910978880706008
42928430	0.0053228748741816
42929270	0.000800757223716097
42930370	0.00112569180160313
42931470	0.00146891652692437
42933780	0.000846727146035532
42935631	0.000797367621833223
42936451	0.000842860215563849
42937810	0.000743741844253642
42940830	0.000815912322168346
42942261	0.000945510499465607
42943190	0.0049118436575781
42943361	0.00535145772156595
42947860	0.00156498670103437
42951610	0.013394235463186
42952430	0.00241493553398458
42955170	0.000742682851274706
42955880	0.000936655002171651
42956201	0.00124763220702644
42956990	0.00082770477621026
42958531	0.0118241272420578
42958661	0.000983725377481433
42959860	0.00110009354397691
42960171	0.000794298139048094
42962920	0.000848902051204499
42963180	0.000809559408458257
42964680	0.00108732333953467
42964690	0.0223608979776803
42966531	0.222522190149304
42968430	0.00353015472181092
42968461	0.00218845535418822
42969421	0.000735642772885472
42969670	0.00123729238642645
42970350	0.0145912341068029
42970791	0.0803983667697467
42971190	0.00290476050401715
42972280	0.001008050800674
42972451	0.000742658124064613
42972960	0.000787830135195282
42973640	0.0220462496944112
42975590	0.00427713735095469
42977551	0.00443011203603925
42977650	0.0013766562099332
42978811	0.00140228033292673
42979361	0.00365531415884107
42981660	0.000963038801329015
42983180	0.00848406237574053
42984020	0.00104320450268634
42988150	0.00213255854791181
42989571	0.00279456210325234
42989831	0.000766021866521742
42990190	0.000911082357141416
42990360	0.628733325974154
42993100	0.0115849922826232
42993151	0.000742682851274706
42994381	0.0021952711417339
42995320	0.00255735487317801
42997540	0.000807721267906617
42998941	0.000759793143174684
42999860	0.000890183176338524
42999880	0.0149829570590641
43001780	0.00325508507949744
43002600	0.00342076368588001
43003150	0.00363447021144942
43003351	0.00113379235672084
43003860	0.00453157710185038
43004000	0.00116089281313407
43005971	0.00144781697879737
43006101	0.0101428887635184
43006230	0.00195340241171615
43010651	0.00085439902679418
43011430	0.0103119824467928
43011911	0.00442710952298384
43013831	0.00118090159872686
43013950	0.000778698758181923
43015631	0.000864342501291193
43018350	0.00101327943607234
43019501	0.00136079779821957
43020041	0.0089217544579601
43020311	0.00116163794635189
43021961	0.000983192165579439
43022320	0.000888763757498079
43023501	0.00083920146325141
43024000	0.0059310000547523
43024830	0.0013520493312918
43026490	0.407221072324883
43027061	0.196468622712663
43027860	0.000983840955825088
43032540	0.00095079009410298
43032851	0.0117396354101846
43034180	0.000777761361504866
43034811	0.000843374556447524
43035771	0.0138900478507173
43036420	0.000782935109177909
43036540	0.000750666666678373
43038661	0.00179129161858769
43039170	0.000895165717046295
43040010	0.00793191555785891
43040150	0.00208656815957969
43040280	0.00190604708531467
43043330	0.00443884482502263
43043560	0.00507267481138043
43048820	0.00943137576980049
43049011	0.00102910863732878
43050781	0.00126579101333491
43051420	0.000766086908192415
43052110	0.000830861545032909
43052140	0.000924009986621546
43052441	0.000836019450982665
43052960	0.00146975503521812
43053810	0.000938085114032073
43053951	0.000866508213482188
43055440	0.00155242614414913
43058180	0.0134336185698167
43059590	0.00565363561794333
43061541	0.00877905867712136
43064031	0.00118174297253207
43064110	0.000742682851274706
43065380	0.00134485272005123
43066661	0.000744259996753192
43067050	0.0394585545108135
43069681	0.0021917605501493
43070091	0.00961692226194738
43071170	0.00123364426049586
43072041	0.0007964183716898
43072711	0.00325947451855633
43073360	0.00143335068329424
43075211	0.00316783274515322
43078231	0.000899575684003608
43079030	0.0109424057657016
43080540	0.00416061997630112
43081670	0.00898316333102278
43083071	0.000901228581193145
43083211	0.0010786495883744
43083331	0.00364226111544508
43083481	0.0809827004271
43083710	0.178627816751584
43084301	0.00100193905046246
43085100	0.00080842956308658
43085230	0.00103172728841369
43086180	0.000851185662857065
43087850	0.00089638447801148
43090740	0.000961477892746568
43091081	0.0025279925295292
43093821	0.000875609150125606
43094590	0.00234081758466662
43096150	0.000752540108834631
43097900	0.306386932033189
43100591	0.0259259360651123
43103010	0.00162144448715107
43104041	0.00120288857320622
43104410	0.00092132390492397
43104861	0.00142950841897429
43105531	0.00105125617717262
43106200	0.00216096736342299
43106620	0.0185868734920759
43120520	0.00134708179947315
43120851	0.00229503294495289
43121370	0.002097543485664
43122460	0.000749903469408375
43128021	0.00109986368484413
43130040	0.000870454874259954
43130760	0.00638627103672272
43131180	0.0021385289037951
43132970	0.000758531511746969
43133250	0.0118989162872725
43133271	0.0844072209947828
43136260	0.00110546662154604
43138870	0.00446320851396183
43139211	0.00223391785647857
43140140	0.00949891189424839
43140171	0.00669495208287661
43140441	0.0035276559992627
43140711	0.00142119440993565
43141900	0.00376232294279109
43143461	0.0183714529565446
43145811	0.00185140878599546
43146791	0.00515718552744109
43148970	0.00143664297510275
43149141	0.000793014896894073
43150241	0.000831282217407961
43153380	0.000813135581745699
43153541	0.00614847494973521
43154781	0.00280290660167965
43158880	0.000975535343326768
43160240	0.000898900964491076
43162900	0.00091778766575156
43164161	0.00132396362831959
43164970	0.00072928566524651
43166730	0.00086833607533936
43167170	0.484929889639228
43167891	0.00141732112033083
43169340	0.000988579295912991
43171341	0.000879851506776882
43172260	0.00491831309592677
43176530	0.000735642772885472
43181090	0.0441848075804884
43181951	0.00271721183648326
43186091	0.017132564222643
43188920	0.000946335091309469
43189340	0.00331036468221384
43189900	0.00169316784735534
43190580	0.013782035381471
43192520	0.0048014567932049
43194211	0.0101901164931619
43195751	0.000837708057892447
43196151	0.0024286027873305
43201480	0.00906435586650793
43202860	0.0026049620441219
43202911	0.13493386854451
43203290	0.00276873244985912
43204380	0.0015833881262933
43204940	0.00124836588074215
43204950	0.0027122464570596
43205661	0.00413887880276189
43207280	0.00768393335369301
43209220	0.00311448550998301
43210050	0.0023313150220197
43210060	0.0021306002143109
43210101	0.000956867339555745
43210330	0.000922716518933078
43212851	0.00109155074033062
43213500	0.000736264951139303
43213920	0.290443287393502
43214740	0.0018039824647718
43214750	0.000801838171723204
43215680	0.00355957197794238
43216510	0.0848759976216052
43217541	0.00191989269747169
43217941	0.00075249671341301
43219720	0.00164603226433584
43221271	0.000957096052079521
43222781	0.00277199217425698
43223400	0.000774263174451373
43223580	0.0215690718538087
43225681	0.0144711193545431
43229900	0.000909172013997347
43231570	0.001465479999394
43233531	0.000836741865553775
43238060	0.000823588481841695
43244650	0.00149889573845738
43245650	0.0245050337728748
43247290	0.0011957241409552
43248270	0.273543673022927
43249941	0.00443361701729545
43251601	0.000880998019967324
43252421	0.000787574173012096
43255700	0.00368161939244007
43258300	0.00383370419916165
43261931	0.00384571237186008
43262160	0.0112137220732378
43263731	0.000814102115184738
43269050	0.00077173249899528
43274491	0.00244365187575337
43285630	0.000903195477308143
43286351	0.00611945386250173
43286730	0.00154180891192839
43291591	0.00218140880629819
43292120	0.00102097106159909
43299471	0.0200829637472351
43299560	0.00222776477657253
43301900	0.000787704167275573
43303840	0.039482452376912
43306150	0.00283072358174649
43307301	0.00677148477033357
43309251	0.00720437985104137
43310611	0.0092889774155327
43310710	0.00191210437443965
43311191	0.00183127886195481
43312240	0.000800446901209635
43312370	0.000842144248574295
43312810	0.0460876897998594
43317060	0.00132959344294381
43317651	0.0199945722099966
43319161	0.00298151256297983
43322611	0.00104915580753261
43322911	0.000825999789635729
43323390	0.00497053641991464
43323690	0.00289704474716231
43326911	0.0151986420505351
43330341	0.0027111928463763
43330361	0.00581649512889067
43330980	0.000838871103068623
43331881	0.000919257146886325
43333180	0.000846673738305756
43333330	0.00108691561825274
43333391	0.00263289061958579
43338501	0.00191365483001658
43339400	0.00319879206562394
43340950	0.00156432016373526
43346020	0.00100839330412126
43347581	0.000821326690176934
43349521	0.0103260055164833
43350351	0.211268465439127
43350850	0.000883413972843395
43351400	0.0356089046219465
43351430	0.14916593328766
43352701	0.00408767580858815
43353931	0.00457075309943347
43354891	0.000960202767448914
43355400	0.000955360536156059
43355441	0.000736264951139303
43355871	0.00703297362020872
43358280	0.00238662172944286
43359010	0.0586519360510875
43361501	0.00844692281790026
43368350	0.00417942475864735
43372490	0.00154601049597996
43373220	0.00120430879151821
43373251	0.00211365864612116
43373641	0.00229593512043788
43374280	0.000858049838157517
43376670	0.000968960984456373
43376971	0.0160952370560367
43377470	0.0019425652738948
43378351	0.00339710672113615
43379410	0.00716965634968571
43380401	0.000737730618752873
43380841	0.000995327725749379
43381610	0.00139455675722836
43382191	0.000844693836881055
43383181	0.0398866497413733
43386030	0.00543376748900992
43386351	0.0258851594259572
43387840	0.00156376684828186
43389060	0.000945352685430997
43394051	0.00577394513755669
43394211	0.000931339053905258
43399260	0.00263325702258227
43401241	0.00193071237590809
43403130	0.00114510020251219
43403520	0.00348046475086615
43403851	0.00135321736005059
43404261	0.00083460734002653
43410000	0.122883667106889
43411171	0.00287314344932103
43412681	0.000749903469408375
43413480	0.000736264951139303
43414201	0.00143651628877475
43416230	0.000957773741120733
43418481	0.000781251680520233
43418751	0.00297571474407413
43420281	0.00242059486113676
43420790	0.000736264951139303
43420971	0.00529378194441728
43423390	0.000815000521770008
43425791	0.000774394368413855
43426040	0.000909027320121465
43426170	0.0124997655907694
43427800	0.000839624543025253
43435171	0.000734581689966361
43437631	0.0367431007811114
43438830	0.00983308355070471
43441101	0.000957724593587161
43445860	0.0058275757132014
43447711	0.00598846474371781
43448210	0.00328423340524102
43457870	0.00117259056103852
43459520	0.00426240666233375
43461631	0.00109185331343052
43462960	0.00102819550132284
43464551	0.00154875179054141
43467011	0.00604283177483466
43467680	0.00126621844210898
43470970	0.00176174974711052
43472131	0.000938177756060714
43473501	0.00303762790284654
43475431	0.0246906753131746
43475510	0.00444236403323343
43477651	0.000861104895426002
43477890	0.00111380061949401
43479441	0.00750257875683677
43479581	0.00253943531434186
43482150	0.00976942830308637
43487230	0.00442975776338684
43491110	0.00112834210080759
43496630	0.206020085409334
43505870	0.0040277705901556
43506481	0.00283914734318526
43507831	0.000930622304802848
43519431	0.00155487377531763
43525340	0.00268742554323575
43528521	0.00961968760931857
43537440	0.02217293419035
43540791	0.00325253562587111
43543841	0.00238512909164028
43546710	0.00139739215172195
43552360	0.00075415297270261
43553091	0.0221476959261027
43554861	0.00267447544877251
43555141	0.00322359152925616
43556671	0.00244818174300243
43556920	0.0030876316169574
43564510	0.0646957035799855
43570550	0.00267653773567093
43570881	0.00367134195169684
43570990	0.00393986590106953
43571130	0.00704853705360553
43572210	0.0131224780660988
43572470	0.000776706161840626
43579260	0.00320892189009583
43581481	0.000919690216701234
43586120	0.000968266215398987
43586471	0.0012626364182249
43586560	0.0311184963100606
43587681	0.000743751542448764
43591131	0.000787585044361549
43592350	0.00132858888387136
43592610	0.00139228894156411
43592620	0.00249180120226595
43593440	0.0346269379252203
43598280	0.00124789719458622
43599930	0.00183359970853689
43601160	0.000771568720184346
43601310	0.00074989641383526
43603500	0.00276764911382004
43604910	0.00113607419321826
43606570	0.00274367521753496
43608600	0.000806607143104227
43619240	0.000842768800870781
43619431	0.00291520837632588
43621450	0.00186544406857573
43623650	0.000845451688161229
43625310	0.0012023364273175
43625911	0.00108331885598537
43639660	0.00542822345465644
43642451	0.00657266695690657
43653980	0.00107998625496313
43656470	0.00094149538066513
43657911	0.0013797382075228
43661040	0.00587101103714462
43662451	0.000875608819495356
43667760	0.00276059899898236
43675380	0.000783379655852117
43676251	0.00450592616342905
43676590	0.0072355015976663
43676870	0.0044594096190959
43677170	0.00278782890962075
43677560	0.0033543966328227
43679080	0.00234797225993261
43679701	0.000882675216785983
43680760	0.00104657415798124
43680781	0.000766631132423996
43681150	0.000790154634838561
43682441	0.009230157691384
43683080	0.00210037192890974
43683281	0.00419794746172865
43683530	0.0007976573834743
43683760	0.0442464144369783
43687530	0.0289045956756473
43687640	0.000820367125356447
43688350	0.00117153674637906
43689040	0.000806787732140788
43692760	0.0034552043985932
43692781	0.000966249760725737
43693150	0.000879554627829715
43693891	0.000902917165117119
43698380	0.00174621257181595
43699261	0.000782089738458193
43700170	0.00286024894318135
43701570	0.0124553094956267
43701881	0.000896875855845597
43702841	0.00109039181281715
43702851	0.05442624886382
43703070	0.0012402915489514
43707780	0.00095111131890629
43709471	0.00078296321409969
43710260	0.00103210626151031
43711370	0.000736264951139303
43714820	0.000850507296687036
43717710	0.000863424285314381
43718441	0.00080825541501799
43718550	0.000777761361504866
43719110	0.000794902163472254
43719490	0.0346821679101407
43719630	0.00360186756630891
43722530	0.000782169294625745
43723391	0.00143619676066778
43723510	0.00245821687740071
43724760	0.0117914835356258
43725461	0.00353635514818759
43725601	0.00160591264892788
43726250	0.00147932787022546
43726390	0.000746833739629769
43727780	0.00208719547799496
43727821	0.0298068073896033
43728600	0.0119960678205402
43729010	0.00119574748913835
43730140	0.000767572582313861
43730151	0.00423819918130162
43735281	0.00404520702716201
43735800	0.000808756852493331
43736890	0.000815837259393512
43739380	0.00475218980174626
43742260	0.0387370314548684
43743510	0.00100619261444009
43746441	0.0331367952115739
43746711	0.000950727912914116
43747001	0.00074377054654926
43749341	0.000967885157465455
43750250	0.00260649902807401
43752641	0.00420878030149183
43754250	0.0559812520838728
43755480	0.00408858152417466
43756340	0.00152861130405109
43756740	0.00261540029906011
43757030	0.000768288322901034
43758851	0.000765009193344843
43760241	0.000774490235229958
43761191	0.00171264359265851
43762240	0.101625193671271
43764241	0.00103843904456854
43765960	0.000917471524704317
43768610	0.0136518189770682
43769061	0.0171110032247191
43769710	0.000786541668206317
43770250	0.00101021276501678
43773191	0.00924372579426505
43773840	0.00223312904572509
43773860	0.00135948513968793
43779890	0.000963448200619024
43779910	0.000772127790731481
43779941	0.0017747261569541
43784911	0.00271814006222783
43787531	0.0012398355612584
43787640	0.0177874472999188
43789611	0.0195466795952632
43789980	0.00435249323276672
43790510	0.00715318696496211
43791411	0.00699029401962926
43794441	0.0496152393917687
43795411	0.000774961598127439
43795470	0.00835406318718542
43799411	0.00153841889787381
43799821	0.0027344302950312
43801580	0.000877187475142689
43802540	0.00392301547882971
43803521	0.00543251078744979
43806380	0.00512964708101826
43808631	0.000963679380531881
43808740	0.00112106001655433
43812081	0.00262567202700901
43812761	0.444920438894196
43816300	0.000779569289969654
43817051	0.00178810252985255
43817191	0.00079959890451702
43818920	0.00196146997404466
43821871	0.0047921266610025
43823080	0.00324610151968141
43823941	0.0026828636476121
43825140	0.00133542622036979
43828320	0.00180276082547644
43831261	0.000753211435862524
43831671	0.00103574662072633
43834301	0.00153026486937255
43834380	0.000902961543688214
43834851	0.000807246648369299
43834971	0.00117996956668918
43838021	0.0271299047817328
43838561	0.00127600702426063
43840590	0.00596817527580106
43846001	0.0744027674382382
43848440	0.0205030816795463
43849331	0.00202251999340315
43850790	0.00652913616924829
43852071	0.000804211070838882
43852440	0.00267922420945774
43852621	0.00221803233181796
43861010	0.00315767139921
43862530	0.000745958989990331
43864850	0.000950086516241075
43865140	0.00321899301344687
43872501	0.0100252298936602
43875230	0.00129483577298725
43878910	0.00603966908462557
43879330	0.0136131025331928
43880030	0.393163229789774
43880570	0.0176679312676588
43881830	0.0100557692632505
43886670	0.00323551239433771
43886711	0.00266088463963039
43889410	0.00219804917274286
43889741	0.00261594530103205
43890001	0.00368611439250351
43890021	0.00264387371742612
43890831	0.00306722464541151
43892590	0.00378335834459266
43894670	0.00198623651431794
43896361	0.00137975607014369
43896590	0.000853144564514104
43897410	0.00205260455421835
43898370	0.00256369507336615
43898421	0.144146181263684
43898510	0.00829620236773204
43898930	0.00666493296587565
43899500	0.000977367822711431
43899791	0.000852894906676814
43907740	0.00376578437795385
43911050	0.00460027762061088
43913940	0.00264282437423714
43915200	0.00100696296005686
43915251	0.00170778406611104
43922360	0.000780470228860439
43924331	0.000882883702584334
43932331	0.00133471503308766
43935350	0.000751518053554787
43935880	0.000779476878501437
43936290	0.00137951273042439
43941731	0.00117291851086943
43942701	0.000749164548493185
43943671	0.000887343315382351
43951350	0.000805479398871269
43951880	0.00311844544408037
43952700	0.00201846574583468
43952720	0.00893860103355616
43953290	0.000888988168524415
43954411	0.00172993425414169
43954701	0.000742660776042847
43956980	0.000795503167799799
43957441	0.000831233352891441
43959190	0.000795342137155035
43960761	0.00116437108902427
43962701	0.00297401706782673
43962920	0.00613636158009213
43963661	0.00406704857045123
43964081	0.00115758527226744
43965380	0.00087543093403944
43965520	0.000964522642920481
43970780	0.00106122576537329
43971381	0.0048448035886155
43972840	0.0577454439632052
43972891	0.00670868594401647
43972990	0.289599296208498
43974770	0.000746045791892382
43975941	0.0115845227684641
43976211	0.00187784348023705
43976560	0.00149779837274088
43977550	0.0437406873555859
43978800	0.000954569981183427
43980320	0.000853883569382602
43981110	0.00816203388364517
43981431	0.00841136535400615
43982131	0.00150553859362227
43982821	0.00428494650893904
43982961	0.00080598257361354
43984331	0.00209365981939943
43985380	0.0263721492679374
43987241	0.00142734359017663
43987890	0.000943164782589775
43991180	0.00349755728246506
43991870	0.000735318026023058
43993670	0.0398105243854921
43995180	0.00154152494686107
43995361	0.00115073792639372
43996201	0.00962964097756939
43997010	0.00151865238343348
43998250	0.00427819142099335
43999091	0.00102473791038087
44000280	0.000778856121349439
44000550	0.00255038381799207
44001270	0.0108772101071833
44001380	0.00136634210578463
44001711	0.0387219041434013
44002090	0.00159208980415341
44003750	0.000763363131491431
44005240	0.00572538507035475
44005680	0.000948678233955569
44005851	0.00319725305827019
44006671	0.00645571624535216
44008341	0.000759364643271544
44008471	0.00334914337100992
44009820	0.00322551795897371
44014681	0.000830603503636207
44017520	0.00126255934330432
44018510	0.000732407885540972
44019070	0.000818685457359938
44019501	0.000748921048066987
44023631	0.00121710908360012
44023750	0.00147154663811866
44023781	0.00192481164578539
44024160	0.00126714104677623
44024761	0.0102822181398177
44024970	0.00119244110273058
44025140	0.00151182851453652
44026941	0.000749313126508931
44028000	0.000847882020856983
44028871	0.00230956058190764
44029530	0.00195070606004177
44034360	0.000983194901712826
44035210	0.000968744817760474
44041711	0.0010428099629313
44045711	0.0036353707753718
44046370	0.00130267862175635
44046780	0.00132137471739436
44047180	0.000888348085475894
44048020	0.000742610422981609
44050480	0.00193626439159132
44051050	0.00437274093380788
44051620	0.00317769666463982
44055600	0.00758036393247147
44058271	0.0016147572216041
44058370	0.000746959539719673
44058510	0.000794849630334833
44060601	0.00364698426693055
44061240	0.000994294804114587
44061400	0.0591187519478895
44062551	0.000755472897500673
44063760	0.00219907130519055
44065971	0.000957115204552358
44066251	0.00142538387342852
44074360	0.000964485067747693
44076830	0.00138629326663251
44077240	0.0524121471533475
44078401	0.00787551257579383
44083440	0.00223609503181403
44083740	0.000831450281664721
44084830	0.00117150351819418
44088170	0.00100480132379783
44088191	0.000736264951139303
44089660	0.00072928566524651
44090760	0.00348005669044006
44093390	0.00232577515285132
44095071	0.00102753502785163
44102230	0.00331674762440153
44103901	0.000735424860377287
44105230	0.0163680699372954
44110900	0.166480374061136
44111160	0.00453304354482628
44111631	0.00101507540881762
44111750	0.000922600739156359
44112560	0.000807048490128041
44116550	0.000817193814056741
44119371	0.00119663532155738
44120171	0.00456204081857733
44120451	0.00302612834318013
44121011	0.000867856154636444
44121021	0.00240716091114839
44121810	0.000935919034864976
44122090	0.00255268539468919
44122131	0.0128375716950274
44122910	0.00115001974474462
44123020	0.00361447291920655
44124120	0.0010360569212534
44127730	0.00752089461144547
44127850	0.000771651639990808
44128960	0.00294297033799347
44129120	0.000807896815659532
44129380	0.00767430221300154
44129711	0.00318363568664546
44130951	0.0010910083006455
44131190	0.000990489511795649
44132741	0.00323671936787559
44136120	0.000784131038363409
44139190	0.0124808039282191
44145230	0.00157129323467597
44148290	0.0311860505070791
44155071	0.00890509777451877
44155880	0.00332695297251864
44156311	0.000897463847625299
44163231	0.00120533868344275
44163710	0.00459525973587852
44164530	0.00132385479965652
44164820	0.000968727399358768
44165680	0.000846139343377729
44166770	0.00238582443449316
44171740	0.000741693340887124
44172670	0.00174703673554087
44173841	0.000829516384889381
44175450	0.000743751542448764
44176530	0.0020175267605462
44176570	0.00139176016704137
44177810	0.00187925810262217
44179450	0.00104115650038443
44181510	0.00212983606662497
44181950	0.00106364071661838
44183751	0.00119591931919587
44187720	0.00475494945010297
44187860	0.000976535378563517
44189100	0.00205515277643643
44189650	0.00082472494092457
44192191	0.00110982013688297
44196410	0.0207660549189766
44197151	0.00282483384891389
44197220	0.00406652140281695
44197260	0.00199359588278837
44200150	0.000763174052968707
44201001	0.00325754887991458
44201411	0.0201738095799406
44203211	0.00472849950760354
44204950	0.00498510386016039
44205831	0.00111951629318344
44206890	0.000943695940599901
44207170	0.00477799573116605
44210121	0.00126071454873931
44211020	0.00100638930050719
44213910	0.0265342012918508
44215840	0.00096264289869248
44215860	0.00289383967398009
44218251	0.000881083566722774
44218740	0.00330070839532352
44220851	0.002668076445007
44222791	0.00336268949677125
44222921	0.00263127007492345
44224800	0.00221933696215772
44225390	0.010117237377254
44226521	0.000762631177153029
44227190	0.00533669522152421
44227341	0.000904955881158122
44227570	0.01929402472518
44229001	0.000949336220497217
44229350	0.00118114071303357
44229930	0.000897881554907539
44231221	0.00294512236560083
44231351	0.00481305764646937
44232810	0.000736264951139303
44234080	0.000748706251980449
44235700	0.00211833921590995
44237220	0.000743062575928713
44237681	0.000805605568026233
44238190	0.000850902757412503
44238391	0.00500672410386982
44239211	0.00598427271583199
44240660	0.00676409283934336
44241151	0.00297676047464578
44241380	0.000786982237950701
44244110	0.00106377243797021
44244591	0.0148823358687472
44245151	0.00119603762377091
44245691	0.00279811077016211
44251450	0.0019680350436332
44254480	0.00292442607200448
44256280	0.00307755325034289
44257520	0.00111059425763815
44257701	0.000763082519360106
44258600	0.0355547167731001
44259280	0.00312810399219796
44259840	0.0104322935321045
44263710	0.000952208310943974
44263751	0.0010375980520619
44265951	0.00111371689805457
44266890	0.00502757711557819
44268410	0.00119658625645795
44268571	0.000978676691398138
44269650	0.00290679841744534
44271580	0.0478309345844893
44271621	0.000851376995295101
44277561	0.00120892026617978
44279700	0.00119080653815442
44282610	0.000809671455623631
44283140	0.00105510812672021
44283461	0.000802556807522541
44285121	0.000850685927666877
44287071	0.00268758759749501
44287980	0.000853681453926914
44289281	0.00921241706795933
44289760	0.0405989576206892
44291970	0.00150218088306504
44299331	0.126527527427869
44300031	0.00451744050940879
44300841	0.000816444840820455
44301510	0.00125495834532569
44303040	0.0133872439485228
44303980	0.000822608990807628
44305080	0.00332629032570921
44308790	0.000987704291130428
44309660	0.000919576564987486
44310330	0.000784450794264674
44310661	0.00334354137637268
44311211	0.0229448294718388
44311850	0.000842944399137689
44312120	0.000763572160049695
44313671	0.00123119931150637
44316311	0.00171684787320273
44317480	0.00378571625113295
44318620	0.0135238419665125
44325200	0.00077703564329319
44332970	0.000774481681521871
44335731	0.00151920845640985
44336021	0.00440163289353484
44336820	0.00109970154569341
44337240	0.00148752720241632
44338791	0.000960607802342115
44341650	0.0017939435164457
44341790	0.0961530156306606
44345900	0.00121846577528535
44348441	0.00111345053240433
44348701	0.00158843066540391
44348861	0.000885094061958943
44351280	0.027532344311706
44352790	0.000853532999865637
44353620	0.0185337499377583
44356930	0.0339322215367736
44357370	0.000878549209506438
44358320	0.00646906086152831
44358470	0.00122721365545954
44358911	0.00191897562761598
44359321	0.00137147692140007
44360291	0.0037430425380414
44360520	0.00443818301661646
44361090	0.00541633743421742
44364660	0.00125499693186582
44364820	0.00205585311093252
44367280	0.00072928566524651
44368021	0.00153516464210224
44369480	0.0176877135755693
44370030	0.0330238910842994
44370351	0.000793644436056099
44371020	0.0283226533729169
44375051	0.0011911709987906
44376780	0.000867256137545683
44377951	0.00105264998914818
44378170	0.0380289254591454
44378730	0.000765982550253843
44379000	0.001481989077859
44380291	0.000836131004987705
44381350	0.0012122821358259
44381661	0.00298724463006917
44382491	0.0154182301845124
44383010	0.000741198920694466
44383020	0.00287179818517879
44384550	0.0134764288381202
44386091	0.0013153655828364
44386850	0.00101428902998571
44386911	0.000921352590114904
44387280	0.00101212419926995
44387341	0.0038360631117211
44392141	0.000998177222624301
44392930	0.000749903469408375
44393760	0.000747225723344551
44398091	0.0410252325951819
44399010	0.015612042666751
44399130	0.000905037270716946
44399260	0.00535937460430133
44399440	0.000971371873336854
44399871	0.00130424852274117
44401681	0.000793481581863018
44407560	0.00812773768882719
44408441	0.060260151963975
44409060	0.000736565591389352
44412161	0.0278168667492222
44415181	0.000980219452124324
44415540	0.00364911359366343
44416711	0.00118271386183606
44422091	0.00172454442017219
44424540	0.00767413224929084
44424660	0.000807873670393735
44425681	0.00173201469632289
44426781	0.000814292072617296
44430170	0.000856414446650469
44430180	0.000896802601829879
44430850	0.00209077825032537
44431031	0.00245943490569454
44431560	0.00430386420981935
44432141	0.00078667553746487
44432551	0.00841438310168855
44432920	0.00189759764067828
44433200	0.0149175059558762
44433350	0.00102788910059015
44434371	0.00170554387404842
44435260	0.0072080945546162
44436640	0.143737788418027
44436950	0.00114774626632499
44438621	0.00767863972728218
44440120	0.0905092502447848
44441941	0.237508410182043
44443570	0.00107704600357383
44445381	0.000788703555329668
44445941	0.135560124714989
44446221	0.0154011799347098
44449060	0.00110217953562885
44450160	0.00107298556077004
44452110	0.0108574927844911
44453480	0.00205473720754538
44456930	0.012859505608633
44456961	0.00159534287450653
44457241	0.00503688197467912
44459970	0.00753404819012699
44461241	0.00248039383447746
44464411	0.000795990249825076
44468561	0.00347077010775423
44471970	0.00164136790117937
44475530	0.00110143984920578
44477880	0.000809226783734015
44479861	0.0201123161781856
44480841	0.00198399843045351
44485640	0.0023825862959942
44487041	0.00077066828825215
44487530	0.00135029820969975
44488920	0.00278267910263063
44491000	0.00115774741762064
44492520	0.00136698535252952
44492770	0.0015216332254479
44493610	0.00146905686823039
44496100	0.00196071576837456
44497111	0.0108222553812936
44498481	0.000939002257974202
44504151	0.000847932973483955
44504421	0.000803913659820446
44504841	0.000908009634140014
44506710	0.00209890174378614
44507311	0.00919657693771021
44508421	0.00149840524185355
44509360	0.000954687224766513
44509460	0.000735642772885472
44510030	0.00281088868970727
44511530	0.0157986942475631
44512551	0.00292421823269521
44515410	0.000758805413102439
44515420	0.000739512800026276
44515550	0.00149042707388743
44515711	0.0019078942634389
44515830	0.0029048061568954
44518850	0.00225530342344916
44518870	0.0017278971018995
44518880	0.00666452091126433
44518980	0.0010538767671108
44518990	0.0198235971761522
44519181	0.00229844660183217
44520350	0.00159247811667845
44521770	0.00206421784465112
44522560	0.00105864433888161
44524250	0.00162129382190178
44526600	0.000742682851274706
44530211	0.00290691422077869
44531851	0.00130191577598395
44533630	0.000928851051962536
44535451	0.000918814146643602
44537750	0.00121087953679892
44538850	0.00337553781934726
44539431	0.0020092687203127
44540360	0.00407081957478715
44540920	0.000771961967764288
44542081	0.370010291872316
44543711	0.000843361427687648
44548800	0.000967321423456309
44550901	0.00106254776684761
44553590	0.0148427765039288
44555161	0.000764321098375439
44555280	0.000859642145108676
44556090	0.00398183515728548
44556220	0.000884448528652542
44556421	0.00117541661371289
44558191	0.000815349527089024
44558471	0.00119291598560996
44559010	0.00132597577962802
44559861	0.000829487577960409
44562320	0.0208510098322106
44564141	0.00113457787972414
44564551	0.000831998757229191
44566170	0.00191289527397936
44567311	0.00238961260914347
44567851	0.0109161470659643
44568001	0.00251088903688799
44569320	0.00153540351980559
44569610	0.00133172650020295
44569641	0.0368049291870276
44569770	0.000774481681521871
44571260	0.00283538372550992
44571410	0.00138998234750792
44573480	0.0216032233180341
44574051	0.00552096809922429
44578850	0.00403387160093425
44580110	0.00156538907269399
44580770	0.00222739708829758
44583810	0.00143703614001876
44585241	0.00169600553278037
44587861	0.025315771044803
44589470	0.000786820801969425
44591100	0.0012689984954702
44592640	0.00160557437675599
44593460	0.0293289292315187
44594720	0.000742682851274706
44596940	0.0688755188599858
44597241	0.000742354998903751
44598410	0.000736264951139303
44601870	0.000821435340031246
44602351	0.00194620757387749
44602601	0.0135151501415807
44607311	0.00511425547277766
44607660	0.00260531218987926
44608240	0.00360453172966752
44608790	0.000869462943798673
44609750	0.0597014948759866
44610601	0.00270509171813922
44611930	0.000761370289961134
44613050	0.0147834791055424
44615380	0.000967259029863657
44615670	0.00153596995967593
44616520	0.000832139002956658
44618280	0.0467453152680256
44620650	0.0335372337979991
44622191	0.00733916678405197
44625081	0.0250833288174618
44626000	0.00112819175941352
44626290	0.000890864221901713
44627981	0.00101497317921329
44628360	0.000962478136163583
44630341	0.0541159868380075
44631861	0.000788461061692384
44634761	0.00142705612146033
44634990	0.000741198920694466
44635390	0.0109511281447534
44638980	0.00296497448874823
44639410	0.0127326055531759
44640780	0.000784051758896867
44641610	0.000742137896042407
44644490	0.00108079741325028
44647380	0.00213088956669598
44648261	0.00216467117411423
44652551	0.00168602430974042
44653740	0.00242822694693047
44655151	0.00469953744306694
44671421	0.00249121475545227
44671960	0.000808226833146533
44677081	0.00619333506568914
44677190	0.457898813179527
44678440	0.00081042753807797
44679441	0.00350686541832247
44683011	0.00096266830190716
44689501	0.00101204894409312
44697761	0.00450855433190509
44698461	0.00435097344887474
44699011	0.000803119486790075
44704330	0.00092528881131797
44706150	0.00112029412337771
44710000	0.000810396548835433
44722280	0.0240565409316298
44724541	0.000882097625211901
44725091	0.000977168965148922
44726420	0.000826340866313407
44729710	0.00117752593401277
44732391	0.000775642157796166
44732750	0.000801430338242916
44735021	0.00119201564759522
44735961	0.0172834622487839
44743100	0.00131616833280672
44745361	0.00110101026739999
44747161	0.00830783267871403
44751711	0.00498338148430017
44751780	0.00321745654402491
44753300	0.0226851220940548
44755090	0.00256825419194347
44755940	0.00100500973829563
44757460	0.272106579173758
44757481	0.000841289996251028
44757980	0.000836041553390379
44758130	0.00361919740055346
44762020	0.00186602914717863
44762430	0.00093351640715428
44763110	0.013571513630126
44764251	0.000813487626261376
44766280	0.000811543122453322
44766960	0.00183123935487904
44767500	0.00360550445806755
44769081	0.000813515648230873
44769700	0.0045598987488822
44772050	0.427173210591278
44772470	0.0049084204757522
44772910	0.00137973963614916
44780770	0.000777183448138954
44780780	0.000774117688904928
44780900	0.0526276154003375
44784200	0.00191158611068031
44786970	0.000780814944991232
44788900	0.0029333816067282
44790191	0.000742562276593807
44791090	0.0298722882112963
44791831	0.0101329127351259
44792101	0.0100697744015844
44792340	0.000837013990263336
44793040	0.0172868508355469
44793710	0.00170200156220117
44795490	0.000774440675935033
44795510	0.0212560322943308
44798430	0.00374734839411479
44799701	0.00203096688243038
44800091	0.00109955932316523
44801071	0.00464614393922786
44803810	0.000771202451881072
44803910	0.0117046573879966
44806530	0.00081775895701194
44809720	0.00277489941599507
44810670	0.00279266767402594
44810810	0.0036718332154655
44814871	0.0020763458717607
44816490	0.00109258783008317
44816671	0.001366923895788
44818390	0.00238285537508668
44818400	0.00200499767788139
44818810	0.00378882113306355
44822840	0.00230750407782785
44827141	0.000891036202442646
44829180	0.00683515756661079
44829891	0.0012148387131519
44830991	0.00252761303448819
44831090	0.000857778678659733
44831390	0.000890075891447931
44833061	0.00234034871797781
44835780	0.000750637415291452
44836470	0.00211791261149495
44837850	0.00126979291304014
44841150	0.00167223208067722
44842981	0.00575540937897629
44843490	0.000769100525421603
44844340	0.000967053403005011
44853051	0.000854833292031801
44854380	0.00205218225221512
44856590	0.000895345085429309
44857980	0.000761723605301311
44862861	0.00130430144817806
44863141	0.00201456398195753
44863660	0.00109604680585848
44864040	0.00270186588296843
44865580	0.00353980057731596
44866441	0.0076210295782891
44871360	0.00257040827795455
44871821	0.00199518089231693
44874240	0.00451522205047839
44875551	0.00080977141541641
44876091	0.000958045072728438
44876880	0.0103755522687167
44878420	0.0161160749286819
44881850	0.00947464868846313
44883630	0.0344588809267298
44885440	0.00093809588467546
44887271	0.00197146408468718
44887620	0.00117022304114267
44894581	0.000795771912440051
44895490	0.000796080031989305
44900880	0.00435772314812333
44901461	0.000853334891965177
44902550	0.00188563415656481
44904350	0.00113596517276924
44905420	0.000829657473633574
44906400	0.00648511644694163
44907411	0.00130635397655801
44908340	0.00498139292608613
44910701	0.000834099614157389
44911650	0.00403641984350958
44912200	0.000799096938057564
44913181	0.000786474987309945
44913840	0.000833732743120551
44915220	0.000879493038102813
44916460	0.00564215641119724
44918561	0.000747562510453594
44918861	0.000742682851274706
44919380	0.00343208286555474
44923200	0.000959008940737702
44925150	0.0030992238502253
44926260	0.00543491916761345
44928860	0.000902765961009028
44929270	0.0110797311117986
44931500	0.00112913153187474
44931900	0.00288813978412649
44932931	0.00165690374364685
44933601	0.0362861160532175
44935750	0.00273188727494318
44935890	0.00116189827391767
44937160	0.000784506862138528
44937201	0.00184342557151556
44937601	0.00203818185131382
44938960	0.00203069495168346
44939360	0.00119787498861201
44941300	0.00296872571139543
44942800	0.00102708164138271
44942820	0.000994721493459711
44943541	0.0033305105770343
44944211	0.0145163820371956
44944330	0.00550247366916058
44944351	0.00091058554397017
44944610	0.00272133613032315
44946510	0.00220967776180258
44946790	0.00211753505025163
44948200	0.0202286524443997
44951060	0.00102183985186226
44951541	0.00161043546869447
44951811	0.00103771717892946
44951961	0.0253380693123842
44953751	0.00299606712246802
44953871	0.000815635128367723
44954250	0.000826391074883184
44954800	0.00127446424609251
44957191	0.0169862177004919
44959220	0.00394907075001426
44959671	0.00469766227194752
44960351	0.00747204490816291
44961130	0.00152872772804178
44962000	0.00122420294319895
44962431	0.00227672584274014
44964030	0.00246251780523473
44965341	0.00229908701215337
44965440	0.00089547729164492
44966650	0.000740984928272034
44967261	0.00115338935965819
44968511	0.00987025957557188
44969461	0.00122949698359785
44971111	0.000932583562686474
44971121	0.000837843469745183
44971200	0.0273175832653481
44971251	0.00440892416716939
44972101	0.000790790384635524
44972621	0.00157068457851316
44973000	0.000975345660129859
44973150	0.00413097690202524
44976050	0.00127372312367892
44978021	0.00223245379238905
44979961	0.000811845047706552
44980030	0.000817715364389368
44980050	0.0467925197454209
44980091	0.000892958136559853
44980631	0.0025008969492727
44981990	0.257468158900727
44985130	0.00307247567905145
44986120	0.063066248544966
44986711	0.000787096829360336
44990650	0.00307844680818033
44999190	0.00089203327519915
45001280	0.00428156137746856
45001290	0.00124513155249247
45001861	0.000888540193103886
45002831	0.0023337755495744
45003210	0.00113718000127101
45003401	0.000810526313154166
45004320	0.00255603291210035
45004511	0.00138855242629668
45006090	0.000939156785655068
45007230	0.000971983126471814
45008221	0.0101957014125685
45012170	0.0365195427523762
45014411	0.00075412433746219
45014790	0.0677875993483841
45014920	0.0078964246089689
45014940	0.000867371206991164
45015791	0.000798036305375981
45016050	0.00718803785481598
45016880	0.00741943214907246
45017020	0.00456545906758128
45017611	0.00180335980624598
45019610	0.00370762000295884
45024641	0.000774029446804052
45030551	0.00153341528225922
45033300	0.00129320308182999
45034110	0.00518765958912108
45034551	0.000873908302762894
45035080	0.00125803914331689
45035330	0.00210973397300314
45037570	0.000806573813921733
45038670	0.00382063329441034
45038831	0.000743832780826752
45038950	0.00149856803809209
45040050	0.00153694034538042
45040590	0.00450407800898497
45041581	0.00113369927371475
45043190	0.00310969315506966
45044621	0.00625232945140497
45044990	0.000779672513414558
45048840	0.00133327075547257
45049390	0.00152203926068407
45049451	0.00267438585036884
45054770	0.000933619783400959
45060430	0.00950257860201971
45060470	0.00247337742642555
45061840	0.00477458744236207
45062510	0.0023098301239139
45065390	0.0648863418289107
45065601	0.00347571364961635
45066141	0.00704430151326642
45066691	0.000890881922549593
45067521	0.000776169638999363
45067630	0.00100007426774877
45075320	0.00780411111639197
45075330	0.00385478416873855
45075391	0.000801170165433789
45075870	0.000871245694364123
45076330	0.00302943429368173
45080840	0.0024543995991028
45081390	0.00129085915389162
45081570	0.000803012262168759
45081741	0.00104730932377652
45082131	0.00365952366037476
45082701	0.000744136508959639
45083111	0.00106910641496915
45084361	0.000743741844253642
45085420	0.00104297202428098
45086291	0.00448363926157394
45087921	0.00458693816269647
45089711	0.0116303728489049
45089960	0.000878324663394637
45092020	0.00105007832473947
45092160	0.00137049945305656
45095801	0.00232720164019529
45099040	0.00205374477033814
45102951	0.00167154824665278
45102961	0.000910733206275638
45104010	0.00111492218991132
45104030	0.07920549206646
45104320	0.000991600517459907
45107630	0.000836520916314696
45110500	0.326891014792699
45113150	0.0351473097655705
45113280	0.00173564473549182
45113441	0.139147020643469
45113601	0.00102979769428295
45114640	0.000741071151807417
45115190	0.000741085579498903
45116310	0.00410519035350603
45116320	0.00101019813533667
45116730	0.00836355040919665
45117950	0.0969525016706942
45118230	0.0129690291172525
45122360	0.0104520090913137
45123050	0.00118773169609338
45123921	0.00107374610664481
45127740	0.000901748369172611
45127801	0.00482547304569351
45130080	0.00208654311987677
45132331	0.000796606915765502
45132901	0.000835211940206633
45133041	0.00083476488211065
45133871	0.00349930714708668
45136211	0.00123493063894567
45136891	0.00108029670157534
45138080	0.0517302576186447
45138141	0.000792646761340995
45138220	0.00453868500007985
45140710	0.010317614960599
45140761	0.00714476918832317
45141680	0.000792814163872462
45141700	0.000793400330433078
45143190	0.00324807737417994
45146281	0.00275296239308728
45149410	0.000809724012588138
45149451	0.00173373250966221
45150951	0.0105730306087319
45152430	0.00120372684452247
45154971	0.00296522834070708
45155880	0.00329044710359137
45157291	0.00414088841839224
45158220	0.00139398412503473
45159350	0.00296006452840417
45161981	0.00195906406986303
45162350	0.000888491856057159
45163661	0.00289338855823136
45164300	0.000825533004307485
45165380	0.00818334284277386
45165560	0.00203553041070561
45166121	0.000806955159817576
45166131	0.000818973467150014
45167371	0.00104070216274151
45169591	0.000876315295183617
45172010	0.000887574646917806
45173431	0.00103436046750507
45174531	0.000961372015273481
45176990	0.00749334688185732
45178480	0.00139525487627403
45180690	0.000901082234488475
45181161	0.00500794351383406
45181670	0.000961665782742427
45182220	0.0012446045043969
45182671	0.000937442064386246
45183030	0.0511223773744228
45183320	0.00078210377651233
45184690	0.000911127532985007
45185861	0.00118473748508837
45190951	0.00374284998803225
45194760	0.00184381020550343
45197420	0.114151608388159
45198961	0.001334607979742
45199221	0.00470645798977132
45199241	0.00469195929345688
45202391	0.000736264951139303
45204061	0.0013082928171136
45205530	0.00337994231655776
45207081	0.00168958093344029
45207771	0.000978432011315722
45212440	0.000773449956543639
45212860	0.000873156303080037
45214750	0.00155563283224079
45215911	0.0719920047713244
45219470	0.00108415007000343
45229270	0.0010930842312213
45230961	0.00237727751854328
45231210	0.0111291632572585
45231781	0.00391909614138299
45232160	0.000805741581383535
45232580	0.00270680120704089
45232601	0.000738901792063676
45235170	0.000888837981090554
45235351	0.000766150633992998
45236020	0.000928934312680684
45238220	0.00287855178685436
45239480	0.00199009020365955
45240850	0.00225885158190536
45241711	0.00255543274217982
45241960	0.00270134205635777
45242340	0.0054869766827693
45244690	0.0103044023936442
45245291	0.000839411222772379
45246630	0.00186648929216596
45246770	0.000863033237487111
45246910	0.00246830458319127
45248451	0.00150659950176076
45248891	0.0010976322944173
45249650	0.000986944032372275
45250500	0.00330093379598449
45250661	0.00116362276796773
45256150	0.162556089382308
45257790	0.00356155997651705
45258920	0.000764363794216311
45259740	0.00322250297607738
45260410	0.000860881658425205
45260440	0.00204286637022721
45262821	0.00213325658568318
45271761	0.00975031547416607
45275050	0.715144961686174
45277571	0.000865848604620511
45278340	0.00102332420688641
45280300	0.0120533448869826
45280960	0.00273756938431331
45281090	0.000814412996902674
45281370	0.00217648047247938
45281701	0.00196368496849146
45281780	0.00134884155312611
45282931	0.00079872346354763
45285640	0.00172697548259988
45286880	0.000810973580924094
45287231	0.0131847250829206
45288130	0.0649944884459903
45289390	0.00123765593624257
45289500	0.000829675127173481
45289581	0.00622200767395743
45290760	0.00251638651825001
45291590	0.000743423218662231
45292451	0.00760232777728504
45299200	0.0017688929418406
45301640	0.00150931138067685
45302200	0.00456728526381273
45302220	0.00080726844852644
45305561	0.00729481644978644
45307231	0.00900359901620155
45313360	0.00217152987642151
45314370	0.00116845111403122
45319020	0.0771894681161306
45321701	0.0026142108599787
45322210	0.00529088892707285
45323020	0.00296728630838487
45324120	0.00189700268446116
45328680	0.00260149897264275
45329220	0.00102970469261715
45329520	0.000921552769769933
45331351	0.000736264951139303
45331590	0.000827174804312438
45334750	0.0152835494764398
45334920	0.105161850760493
45335211	0.000818637542365979
45337230	0.000982200808509222
45337530	0.00238897839123556
45338900	0.00112383165996253
45340010	0.000753526225266528
45341510	0.0010303197877347
45346500	0.00132348264209463
45348000	0.000745958989990331
45348461	0.00245552132560203
45351170	0.00154254487314641
45352581	0.00156265723452977
45353640	0.351854709875137
45353790	0.00113578444564003
45354951	0.000829573130552172
45356031	0.0193404726304875
45357260	0.00366017810580974
45357670	0.0151252732553123
45358921	0.00319151227738635
45359911	0.0093596550922617
45361701	0.00271862285086295
45363481	0.00422304129604389
45363901	0.000767572582313861
45364010	0.00509530246700929
45365831	0.000754658224989974
45366190	0.00135654973498578
45367061	0.000762058102448937
45367351	0.00266772520749108
45372940	0.000796434250508361
45374231	0.000804322912257126
45374880	0.0055413024779122
45377260	0.000806842268321503
45383351	0.000894670629527568
45385421	0.00289853140802413
45386371	0.000755236177828597
45389530	0.00140633683601999
45390870	0.000916119007433032
45393141	0.224865264326278
45394350	0.000786210316609642
45396980	0.0036147899023408
45397271	0.00101285022167931
45398330	0.00302893599161063
45398641	0.00157318237880854
45399030	0.00379668239882689
45400311	0.00169498764507343
45401421	0.000788748067033713
45404140	0.00103749915545655
45405080	0.00104658991290288
45405660	0.00118418534837093
45405691	0.0461164559250323
45407911	0.199932201435865
45410941	0.000782435241421233
45413790	0.0012739350052371
45414661	0.00176844011405626
45415471	0.00091586533294903
45415860	0.00336868481895295
45416800	0.00142226255936875
45417230	0.00121468064895456
45418880	0.00208288520409274
45420311	0.0668804293925762
45421100	0.000889863747377753
45421370	0.00382477510848375
45422391	0.000790188966775963
45423071	0.00109605132326944
45424181	0.00082474619946478
45424451	0.000789600871916024
45425131	0.00117893264458321
45425671	0.00123095820189872
45426460	0.00113909791589827
45427140	0.00155233903627442
45428290	0.00113460049559523
45429250	0.00511899670591693
45429780	0.00324688433653565
45429961	0.000774960590546636
45430190	0.00121854025231271
45431990	0.000865309658781272
45433701	0.00267421550296874
45433780	0.00276798831181291
45436800	0.00148893450815117
45447180	0.00259607367331794
45447280	0.00479613053099619
45451700	0.0378700496192879
45453630	0.00107166258672652
45456680	0.00978661120669616
45456810	0.0673390279308065
45458450	0.00086840019374402
45461520	0.00267428479407429
45463741	0.00371535353487384
45464380	0.00190673956929288
45466781	0.00361715073958021
45469551	0.00148214596696968
45474921	0.00110849933844825
45479830	0.00302631991593513
45482371	0.00195659354652441
45484451	0.000736145687838099
45486241	0.000758312956843319
45490600	0.00075041189099446
45490911	0.000815727146742309
45491550	0.00237481397292069
45498350	0.000829191781848061
45500820	0.692236200895641
45500861	0.00186729143808518
45502651	0.00198835597998308
45512550	0.00164081124958751
45521090	0.00152701522005496
45524161	0.0121216817543317
45525210	0.00480538637780992
45527751	0.00138521195642313
45529090	0.00116700894013872
45532370	0.000966324922953872
45533951	0.000842529651528941
45535201	0.0183111316654372
45537411	0.00366775307472033
45539051	0.000849510658367456
45540151	0.086544156067651
45540930	0.000765009193344843
45542180	0.00990375558318453
45544851	0.00111086976760495
45546491	0.00243565010275367
45546860	0.000984371930255697
45548550	0.00101124927463195
45549910	0.000772717498208219
45550231	0.000741352304672371
45550641	0.00445318126668105
45551000	0.00548517780928651
45552161	0.000739297255556459
45552530	0.000992854815868543
45552920	0.000983975472235377
45557240	0.0198510869804058
45558081	0.00161849808865614
45559191	0.00110797002677385
45561480	0.00084136138755436
45562470	0.0074096509739556
45562651	0.000755042062323438
45565340	0.000782834567490036
45565470	0.00105624904023756
45565821	0.000951934985902453
45565910	0.000839938774475781
45568031	0.00101405345584054
45570071	0.001276120843315
45570081	0.00201644518671135
45570590	0.00081157261016638
45574750	0.00928143708592266
45574990	0.000783478830128757
45577671	0.000800775857578649
45580270	0.000884198823233043
45581190	0.00132129251044262
45581340	0.00280751471256815
45581821	0.000854750397163844
45582450	0.00134862248246036
45582860	0.00667753379723083
45583720	0.00184062858328943
45583830	0.00233883502014891
45585671	0.000780992574555694
45585681	0.00089685434380196
45585791	0.0007779187039253
45587030	0.00100606489367145
45587751	0.0190130075724764
45589121	0.00289934408649041
45589391	0.000779325885656107
45590180	0.00102411768527899
45590610	0.058413471125088
45591540	0.00101595903799671
45593230	0.00311038553835013
45595710	0.00233466795498405
45595721	0.00192074670972926
45595990	0.00125260228721853
45597531	0.0149846393114231
45598190	0.00243005357444108
45599580	0.026207703138791
45599710	0.00101011658904146
45601101	0.0012343486931817
45601760	0.00079451324277385
45606310	0.0657477899211202
45608360	0.0763376088768211
45609060	0.000910186478020805
45613780	0.00132993854310295
45614351	0.00103204701813371
45615270	0.000757759168178088
45617261	0.000759542172464348
45618621	0.000900553573304904
45619611	0.000753093713102409
45622180	0.000739624466265197
45622710	0.000829876603609802
45623120	0.00295242045075259
45624141	0.000737730618752873
45625391	0.0158139710422188
45625661	0.00077314054698816
45627980	0.00277154891252566
45629050	0.0575350267384694
45631191	0.00173859928387996
45632021	0.00912949815683172
45632940	0.00220716152007018
45637080	0.0204498987248471
45639680	0.00433622162497505
45640691	0.00126706752254802
45642290	0.00103484543187261
45643710	0.0143044893472805
45650850	0.0187480244292321
45655840	0.000970714342004021
45656551	0.00299889618112945
45663250	0.00102146008955198
45665340	0.000874232445590151
45666061	0.0152223145273986
45669470	0.000849018710639625
45670190	0.000773786038011252
45671390	0.00143197193008335
45672281	0.00220492094964584
45679861	0.00680502881474885
45679991	0.00222140306063908
45683980	0.00140861425904997
45689941	0.00091675719847262
45690180	0.00118614384588241
45691711	0.00175724819128462
45697371	0.00793322815939183
45698061	0.00229955378494407
45698560	0.00225178926833907
45698720	0.0028139888489034
45699711	0.00139417353290879
45700350	0.174404508915199
45700530	0.00520890241464658
45700841	0.0278245264455588
45703670	0.00848428153178891
45705941	0.000964707441621075
45708141	0.00356234785851713
45709480	0.000762656981010873
45710010	0.000943820555164706
45710030	0.00178652395128195
45710191	0.000895138156506048
45712811	0.0017968931286507
45713340	0.00111981936926003
45714440	0.00390216498376275
45715270	0.120544983976864
45716281	0.00122478965759131
45717661	0.000771884845063029
45721910	0.000775328323242044
45723400	0.00100788485065224
45723700	0.00316258546641107
45723861	0.00182670457216268
45725040	0.124298582142477
45725870	0.00405733227381916
45726170	0.00550406921483822
45726590	0.00289810272443954
45726970	0.00738186443118262
45728261	0.0773127498596026
45729501	0.00321772834801639
45731000	0.00596130789235461
45732800	0.00121786446963912
45732930	0.0235239548486722
45739380	0.00410561875394636
45740500	0.00468536204008427
45741630	0.00488022619348538
45744691	0.00363010413031267
45744900	0.00236797572796514
45744930	0.0342867451430011
45747800	0.000814060504395157
45749490	0.00118714969450444
45750180	0.0175664908652615
45751581	0.00195588896059654
45755420	0.000758722959520954
45760350	0.000914099299821595
45766410	0.000771799509633502
45767400	0.00121199760397819
45768261	0.00290048174107993
45770611	0.0323295339486569
45771711	0.00671337856196728
45772401	0.000783514394743472
45772790	0.000962592404765389
45774840	0.00236065712561811
45775171	0.00123889226367856
45775790	0.00340660115927255
45777760	0.0103783895326389
45778621	0.00132010025657469
45779390	0.000928346547140436
45780080	0.001552466230837
45781651	0.000900355374060831
45785631	0.00194892987864321
45786030	0.000789053782767182
45786761	0.00170503695048993
45788121	0.00419503581753399
45788770	0.00128486222641248
45789750	0.00114704361087754
45790030	0.000839537920965159
45795820	0.000927439810691944
45796210	0.00103420084498457
45800360	0.187727632617326
45801900	0.00542847414220834
45803790	0.00112788200404023
45804531	0.00289674656457912
45804541	0.00292600736249482
45807240	0.00203640243051282
45810000	0.00178142760025417
45819000	0.00072928566524651
45819151	0.00109495546626837
45832510	0.0445892540860946
45832811	0.000922960554005523
45835230	0.0142198030347439
45837740	0.0009954998894214
45844060	0.000983038667575912
45846311	0.00793178787406106
45852610	0.00220915215216895
45855540	0.00403937553603969
45857200	0.00258938742547146
45861180	0.00138512437583562
45865641	0.0035414847264027
45876401	0.00509564666260349
45877621	0.00782047398722365
45880391	0.00161411551488513
45881750	0.000781653450278188
45884251	0.132561298900652
45884330	0.1061148354805
45887441	0.0181326443435063
45887670	0.000874388405394388
45887820	0.00620960428056293
45887831	0.0177665834281014
45888910	0.000770825935479602
45889071	0.0291345791635097
45889470	0.00230103075663385
45890290	0.000972204782445339
45894440	0.4228437580514
45896490	0.00263977463040233
45898321	0.00118974081452945
45899130	0.00514144186123695
45899390	0.0199308229608603
45910591	0.00078954982294456
45914560	0.0130473742884861
45916801	0.00341719553539559
45917081	0.00345575623555325
45919011	0.00708259976731465
45919551	0.00119248270094672
45921221	0.017275834086553
45924371	0.0274093668850935
45925050	0.00480818506773918
45925290	0.0197733409231443
45927421	0.00260372244927887
45927711	0.000917250838364276
45929751	0.000748825945199571
45933330	0.0169672760068882
45933361	0.000855548472195249
45933870	0.00397686269446805
45936340	0.00108291898754706
45938680	0.000756094045938456
45939670	0.00123319391210208
45942041	0.00266959952229146
45942721	0.00771488581779233
45943910	0.00955528010954665
45944350	0.00645333217252026
45944391	0.0013507856560134
45945850	0.0017582546212347
45946041	0.00109592470303526
45946130	0.0065414253755778
45950390	0.00861431892844343
45950871	0.00751713748162441
45954290	0.0016554829267382
45954810	0.000869505074531426
45955250	0.000924637355946536
45956101	0.00146860462721354
45956521	0.00352981927267608
45957501	0.0146417446465187
45957580	0.214965350393523
45957901	0.0438898688602752
45959011	0.00101795287086004
45963080	0.000823193199105904
45963291	0.000848563718019325
45964350	0.0020879336034434
45965050	0.0109311016119497
45966410	0.000928956776699468
45966991	0.0010258776820013
45967670	0.101521904854159
45970441	0.0010121129036754
45971260	0.00186371188161356
45972870	0.0557846608935079
45976620	0.00123206138851403
45976890	0.00100502837690424
45977351	0.000806211884402567
45979271	0.00982501116201211
45980080	0.00274416042525544
45981040	0.00117919184687745
45983411	0.00139648350431062
45984241	0.00152865231566577
45987240	0.00103841386891599
45987500	0.000739512800026276
45989570	0.000755375513551439
45991981	0.00156164609996858
45995701	0.010929737359295
45995900	0.059936459500858
45996381	0.00207465822613797
45996620	0.000737324414023878
45997180	0.000955988922585589
45997191	0.00127663464762503
45999811	0.00295156344649874
46001020	0.0142812268865343
46002140	0.0015603947673767
46002540	0.00182804287960705
46003380	0.0025633464531701
46006680	0.000869285451335628
46007800	0.00240658747359264
46015230	0.00130167631596028
46015821	0.00115120930564989
46017611	0.00120760753874853
46029741	0.00366759322966734
46035760	0.00382834595546352
46037140	0.00345982012098479
46040760	0.000805741581383535
46041491	0.00476991263980901
46042400	0.00415615061825415
46044521	0.00077842515783788
46045211	0.00127978188017737
46045901	0.000755297346716788
46047971	0.00245098304973352
46048371	0.00091287107414565
46052661	0.00123744823674901
46053040	0.00152706883754008
46054540	0.000735642772885472
46058800	0.00103025007764962
46059920	0.0536106096444566
46063251	0.000888192449434695
46065051	0.000860705253163727
46066410	0.00229231895775682
46066540	0.0124066162564411
46066581	0.00184797873536583
46068330	0.00342349362183392
46069761	0.00243551119751459
46073310	0.00308066422823236
46073560	0.00122029967772368
46075691	0.00171956023894306
46076371	0.00645262346468678
46080350	0.000841006728556989
46080460	0.00175811102026634
46081761	0.0362157523496241
46082670	0.000978747219554381
46085191	0.000789302685943828
46086291	0.00213009704344589
46091780	0.000937227809696516
46094680	0.00230839500877579
46094970	0.00147384861851377
46098981	0.00500014670635293
46100050	0.0032886506637823
46101461	0.00236334748725453
46102031	0.0094440091349114
46102510	0.00107294449809512
46103760	0.000757118422657397
46105970	0.003322899744563
46106260	0.00117849396608116
46106940	0.000785595979630136
46107610	0.00142306907235842
46108300	0.000979122583116138
46108491	0.00485320331652693
46112211	0.00642943947748476
46114421	0.000907035567725233
46114991	0.00260831800596858
46115121	0.0139056195808957
46115490	0.00228328801545234
46115790	0.000777101245542952
46118011	0.00358892186316152
46119340	0.00222568753819821
46120070	0.00217848641149893
46120371	0.00121042113163661
46121990	0.00133098295585186
46122520	0.00105169459883373
46125201	0.000776386299521275
46125481	0.000786091228761557
46126250	0.00185939013825812
46131080	0.000755965631076939
46131220	0.00835382054068124
46132450	0.00138311689141427
46132620	0.0108652523406657
46134841	0.00666203961077154
46136651	0.000768805551230689
46138130	0.00118209990379027
46138581	0.00121632083461546
46139531	0.00168148463728576
46140761	0.000807982645491556
46141820	0.00130613736761279
46143521	0.000817040470707707
46143671	0.00106873886970741
46144710	0.000783040571948236
46144730	0.0136514780177165
46144901	0.000862078634462862
46146810	0.000759051157880295
46146950	0.00199103143429635
46147330	0.000800732701568574
46149970	0.000786576193594062
46151661	0.000787402960253232
46153061	0.0397873280001757
46155241	0.1103972535361
46157471	0.00081094309646021
46157700	0.00928490075794564
46158960	0.000769276844268147
46163261	0.000736376127315297
46163650	0.00545710860913608
46166270	0.000849228601816562
46166971	0.00215432457576791
46167121	0.000919801480164664
46169061	0.00213208267040457
46169130	0.00213743285322044
46172221	0.00177323282688199
46178151	0.000794836171907138
46182281	0.0525775852082322
46185970	0.000792244414888635
46186691	0.00103452839374827
46186831	0.00874967734712714
46190260	0.00477204272597883
46191880	0.00100183431249773
46196491	0.00396736278029101
46196781	0.00412755884633776
46207500	0.000861315897649917
46212061	0.00087168732023363
46213290	0.00495095565753103
46213861	0.00104434169262436
46214151	0.00272954726629648
46217150	0.00598055680378923
46218780	0.00104543672504963
46218831	0.00107698631074225
46224180	0.000936141897729471
46225570	0.00428024206044717
46225591	0.000826162914039361
46226021	0.00153435325152617
46226520	0.000796927981287106
46229991	0.00150308814513138
46241130	0.0022428274829623
46242500	0.000924897760643999
46245980	0.000802066463952398
46247320	0.000968114669843522
46258971	0.000961087857063536
46265810	0.000839380766316433
46267391	0.0056769302274884
46269051	0.000833418922041493
46271511	0.00118994002848064
46273171	0.00104412394378796
46274090	0.000757859681936532
46275801	0.078262820100315
46276341	0.00108081942824127
46276850	0.000839582174768408
46277000	0.000783249125086809
46289041	0.000992078298233905
46296611	0.00247612192318014
46299091	0.00120947107014479
46301311	0.00543302122551696
46302530	0.00184997091740248
46302961	0.205686391723775
46303781	0.00224363283322714
46304710	0.00131011735267004
46307511	0.000773940389813825
46310961	0.00304617583795264
46313110	0.00126263888392331
46313420	0.00375175666991929
46314681	0.0163108828446695
46315610	0.00166819022998623
46317721	0.0487646436548027
46318281	0.00429893256518527
46319060	0.000856571528256508
46319371	0.000725694696967821
46322281	0.00431825773380863
46324290	0.00085401760829591
46324611	0.00171168581896693
46326490	0.00206553564351867
46327320	0.000947307919681436
46328870	0.00108035878799013
46334760	0.00086050532438081
46334930	0.00171056229818074
46336570	0.00134254353320422
46337400	0.0090669626863535
46337591	0.00149230883636958
46338541	0.000769466948384426
46340140	0.00229146981222257
46340310	0.00416674357720001
46341550	0.00107528569274125
46342650	0.0538642811698161
46342770	0.00278624470584006
46344891	0.00408244127737622
46345250	0.000790377127385632
46345660	0.00496702437956231
46350780	0.000813085469266139
46351101	0.00100778324656965
46352830	0.0242531088971129
46354391	0.000829805967638456
46355760	0.00234755790619716
46356410	0.00207571570814978
46359490	0.00159901542679689
46360761	0.00259627689059534
46361390	0.000809863903879386
46362920	0.081353175574028
46363060	0.000829648034478041
46364901	0.00117234192415927
46365291	0.543920282192812
46366100	0.00187864807982487
46367180	0.000825852263390264
46368481	0.0072436678537705
46371590	0.0021946550727159
46374900	0.000800754581855331
46380000	0.000742934310029422
46381561	0.00756483216509003
46381670	0.00143677313480003
46383221	0.00186639111062188
46383890	0.00317664576990999
46385000	0.00324213718151733
46385390	0.000750844497841388
46390271	0.00104850125049517
46392590	0.00215845176765073
46393130	0.00489562033068574
46394661	0.0178334922467151
46397441	0.00146708659897339
46398760	0.0017783670364379
46400041	0.000732189299833364
46402210	0.0481332485628809
46404700	0.0197552860933538
46404980	0.00106566770016066
46407480	0.00102585586780732
46408980	0.0105582436519757
46409250	0.00135803760836752
46409410	0.000996335075268837
46410661	0.0692083861020773
46412871	0.000959525695973512
46412990	0.0248546965797327
46413660	0.0012404597744383
46419241	0.000987217670109188
46419590	0.00219540348104484
46420820	0.000889846806147983
46421120	0.000861095237381764
46424041	0.00778202661847228
46424871	0.0249291444480826
46426090	0.00150980815345065
46426541	0.000742682851274706
46427361	0.00125451911968031
46429110	0.0116949763876674
46433960	0.000863524694143813
46433991	0.00241444868389448
46434090	0.00965561089386208
46437691	0.00352204503685574
46438090	0.000908660536135925
46438401	0.00100193697613288
46440341	0.000883308192419658
46441930	0.00118477962610636
46445240	0.00453457369272126
46446770	0.00310657510438199
46448550	0.01158429826673
46448871	0.000783625848673217
46451200	0.0112605788123937
46452861	0.00594358530597219
46454661	0.00306387175784431
46455590	0.00091421877680774
46455870	0.000947462646441431
46456331	0.0150595266006857
46458760	0.0142436784674657
46459020	0.00101118552616385
46460560	0.00924605204358183
46460850	0.000755699018543643
46464321	0.00388655020631244
46466531	0.000847750931158005
46467511	0.00335581091229419
46469510	0.00106155646294826
46470951	0.00230232518729262
46472461	0.0482500515750091
46473950	0.00175904630978392
46476010	0.0247216617048652
46477001	0.00273669971212506
46477271	0.0103394021310457
46477920	0.114033199152323
46478750	0.00107702612611195
46481001	0.000864343490810917
46482880	0.000915678519058385
46483200	0.000798177187313866
46484581	0.00305652098681754
46485370	0.0161400384719851
46485800	0.000741352304672371
46486070	0.00252428958880539
46487290	0.00141138040335033
46488420	0.00581408484361608
46488970	0.00146835304719179
46490111	0.001905036136197
46491030	0.00702219388316424
46495621	0.00598975063464767
46496820	0.00790614699338945
46498261	0.000967977855085087
46500051	0.00275282516485652
46500160	0.000812355712819444
46500430	0.00102090300685433
46500601	0.000780303611813408
46502661	0.00121262166946792
46504451	0.0013134189552825
46506620	0.011574846665541
46509291	0.206801918114393
46509971	0.000947867408061273
46514521	0.00141864358571642
46516051	0.00105395006904032
46516120	0.00120890186844688
46516191	0.00115134711270908
46518391	0.000857223135790455
46523320	0.000885408549707048
46524410	0.00570324503732443
46525240	0.000856307373412082
46527170	0.000735642772885472
46528540	0.00615190252168147
46531150	0.0049565132126869
46531221	0.000819112274883271
46531740	0.00269896250481691
46535440	0.0550446019727336
46537260	0.00114275132464655
46540250	0.000737730618752873
46541380	0.000761488513750893
46541571	0.00340769114243097
46542101	0.353097841106002
46543300	0.000794437888525814
46545930	0.00107121787641889
46546190	0.00221123905339712
46546760	0.000789406434627465
46547310	0.00154866180479131
46547330	0.00156664763844415
46548301	0.0148028032490117
46549100	0.000783778494293433
46552150	0.00108028479309136
46552940	0.00648521713328418
46555440	0.00205614107299026
46556670	0.00110916732287343
46557780	0.00193909220872
46558091	0.00275098535259228
46560051	0.00186645447178927
46561011	0.00166374384195137
46561431	0.00395833298287685
46562480	0.000900178712866842
46564940	0.000881309079080378
46566251	0.000898809713585201
46567341	0.00992532170618674
46567361	0.0342158456058355
46570241	0.0211527743009008
46572250	0.00217809100279446
46572960	0.00423711920981487
46573770	0.000826237847289094
46575071	0.0303776878037206
46581660	0.00086475830032943
46582231	0.00108152976695879
46584540	0.000930927223438866
46586750	0.00848944020421787
46587201	0.00273713274555946
46588110	0.00138121615032734
46588451	0.000813315403090748
46588721	0.0558002544179425
46589951	0.00492638097100579
46590590	0.000891488119431934
46590610	0.000992599750640117
46591901	0.00116224109587685
46596031	0.000833699490228385
46596311	0.00443873403374794
46597691	0.000808277676848617
46601390	0.00115834351648793
46601930	0.00144394934317872
46603481	0.00105685927563274
46604390	0.00978491921094322
46604820	0.00347283742129473
46608120	0.00101321117025558
46608571	0.000789903303321959
46610630	0.000859263554119887
46612530	0.00072928566524651
46614521	0.000774381385410131
46616250	0.0240377677433233
46617541	0.00241916178716724
46620301	0.000809230830817641
46621531	0.000834068219785583
46623191	0.00283156202376507
46623870	0.000763238137813961
46624420	0.00185437670063261
46624540	0.00246935015668333
46624841	0.0017952299485081
46626480	0.00153656297147288
46626771	0.00971016352985844
46627601	0.00103950992409126
46631980	0.00083537002932054
46632680	0.00346632478139653
46632820	0.00076096581226668
46635741	0.000826186395628499
46635881	0.00331700495205192
46640540	0.00147597750467961
46641640	0.00142643800684891
46641671	0.00535655153625227
46644851	0.00110198856982734
46645001	0.000743423218662231
46650170	0.0608018212141332
46650600	0.00304995348214472
46652800	0.00192963382081095
46653500	0.00470219985083845
46653691	0.00168844524345835
46656380	0.0483691879055795
46656810	0.00361102132888221
46657230	0.000921898557200553
46657800	0.000736376127315297
46659420	0.000736264951139303
46661131	0.001507141917816
46661271	0.0108730855085842
46662480	0.00325192813647174
46663570	0.00198667849282284
46666600	0.0016555183666082
46669360	0.00459835281725466
46672151	0.00347695971248384
46677811	0.0436805168667534
46678470	0.00869534308684392
46679201	0.00180835977676103
46679761	0.00231643766292145
46683341	0.00429068506816867
46698931	0.0300174698678094
46702340	0.00263972811438355
46714340	0.0650745672930339
46714491	0.00940192571307529
46714651	0.0754262521335133
46716240	0.000797044078394356
46716421	0.00126163239173595
46720790	0.0217103187763482
46721230	0.000930802284998975
46726101	0.00363466389846217
46726730	0.00173103834339583
46727400	0.00309945595899274
46729070	0.0299047288321132
46730371	0.0375998023520012
46731840	0.00340191571309016
46739710	0.00207709259324176
46742450	0.00484924349042677
46742850	0.000841094510964475
46743601	0.253879858922768
46744670	0.000765983745263848
46745190	0.00795725683854781
46746460	0.00111901328250984
46748001	0.0202559588479172
46748800	0.000855189562014691
46748971	0.0791829825046176
46749811	0.00119245439530814
46750050	0.000806900938297998
46750761	0.00132240638060698
46755570	0.0145390151151
46756250	0.00210307236374552
46758440	0.000803239527382555
46759960	0.0194446082516172
46760120	0.00313353291308607
46760151	0.00412587478939888
46761630	0.33870516167144
46761740	0.235636602606646
46762081	0.000846045362152378
46763840	0.00365111982164717
46766020	0.00107568309645659
46767710	0.0471389000133818
46768441	0.00111813483688313
46769480	0.0014753649348303
46770030	0.0333341356753493
46770190	0.0461727349260847
46772530	0.00259551689577417
46774060	0.00467511229588063
46776991	0.0019378194251691
46779051	0.0234873876065587
46779980	0.00134576143920311
46780360	0.00255323555990742
46782310	0.0293629482555928
46782491	0.000764712063470305
46782730	0.003674215364603
46783570	0.00474145767601886
46783850	0.000855432290296621
46784660	0.002744340028946
46787601	0.0591366087668822
46788001	0.00659167908931627
46789661	0.000820716877394502
46790071	0.0275769607251738
46790231	0.00150088571960664
46792711	0.000788458004035179
46793600	0.000752166552990437
46795000	0.00231022453528929
46796670	0.00106634947712398
46796910	0.0180890357475658
46798081	0.00235777855282087
46800001	0.00616867290449604
46800800	0.00178089000383724
46801811	0.0777475443280039
46803051	0.00122750777693713
46808841	0.0120309519363285
46809801	0.00345199142284196
46811581	0.00106601579967428
46812510	0.00163622801761758
46818010	0.0176317072581035
46819530	0.00146163246737996
46819970	0.00075297341926598
46821381	0.00156956004948191
46822160	0.000776811085312856
46825870	0.00336138810915909
46826030	0.00117152561715902
46826471	0.0121441802738286
46827700	0.00449512756691402
46829111	0.0107956024700958
46833890	0.00250714758495508
46836141	0.0210756666512901
46837490	0.00539044713942967
46838081	0.0230573279659351
46838740	0.00575234629252137
46846221	0.000896045601773706
46847000	0.00414538781220956
46850710	0.000951250361261313
46851950	0.000774002842707787
46853091	0.00492266923262159
46853880	0.00827758147497712
46854700	0.0020246075565764
46857651	0.30440953791771
46859550	0.00148444430146549
46861180	0.00340188620100807
46865910	0.045654296216757
46865941	0.0019505409997134
46866460	0.00202210300195414
46872411	0.0279593920319198
46874201	0.135694915055101
46874351	0.00294726160750873
46874460	0.000825480822851903
46875851	0.000798781581062005
46881050	0.225341823527856
46881661	0.0823677215592399
46882040	0.0175807065854579
46884360	0.00094619834977901
46884380	0.00111595584387137
46885180	0.0182263576097644
46891670	0.00105940288906125
46892691	0.00088483600804201
46892780	0.0321793246436701
46894730	0.000766132728474615
46895451	0.00131922370815826
46895711	0.0067972075962672
46898331	0.018713915157337
46899871	0.00724954396812018
46900100	0.0013156937960537
46902051	0.000775136682744257
46903260	0.00168801266989712
46906611	0.000973460619353165
46907670	0.0875257241374458
46907991	0.0759692712642483
46909231	0.00192213413817396
46909770	0.00278539120563172
46919581	0.000833004761154094
46920250	0.000841644090413468
46921501	0.00400513186794579
46923550	0.00220415263866776
46924520	0.00304799163588366
46925091	0.000752477541419788
46925221	0.195350773582277
46929610	0.000874515388093836
46929890	0.0030534721606763
46930980	0.0044046468715683
46931041	0.00089722638083732
46931530	0.126145154555346
46933460	0.0489742669773181
46934300	0.000937722976567576
46935380	0.00280123377207415
46936480	0.00187927729084999
46936620	0.0792400604293817
46937180	0.00213692614871473
46938850	0.00432875567478259
46944240	0.000808759228908143
46944671	0.00105911036340851
46945200	0.00239884920963983
46946030	0.12148584671684
46946280	0.00153143393076961
46947581	0.00113749427535756
46950700	0.0087034175479944
46950990	0.00682088279414879
46951441	0.0100852206760818
46959711	0.00330730344090925
46961880	0.0586443964766169
46962611	0.00102583635997496
46963250	0.00421778038281839
46964380	0.000881526606300932
46964790	0.00104272628223654
46964831	0.00289604541934554
46968271	0.000761126320020792
46968750	0.0016626556194479
46969480	0.00081111450842549
46970560	0.111429491619154
46971031	0.000946903612602961
46972910	0.00372587731185987
46973781	0.00122912432924371
46975021	0.0133380568856698
46975301	0.000780749148317449
46976541	0.0345875088900201
46978440	0.000817362982509756
46980070	0.17942532231364
46982270	0.0303669023279976
46984350	0.00343544962227947
46987940	0.000892692990443121
46988401	0.000776160425421916
46989060	0.000870819137309527
46989491	0.000986301976430645
46991971	0.00447497509651553
46992500	0.000860669461626452
46992770	0.000864416650252445
47000510	0.0100038167082293
47001040	0.00612211893231114
47004200	0.000808104068473692
47006881	0.000868367072896395
47009211	0.00381013607178732
47013620	0.00685202019676958
47016661	0.000743113352374786
47016681	0.00617604026191717
47024920	0.00774655498644196
47025040	0.000845206043688404
47033781	0.00188641754537708
47043431	0.000952916930331718
47043510	0.00219520870117115
47047100	0.0302907069834941
47047370	0.000786353459567164
47050150	0.0251719881899416
47060060	0.0111643073423331
47061491	0.000797232848625617
47065570	0.0412226077972599
47068750	0.00150573388173083
47071940	0.0017700591937918
47074471	0.00108717617563626
47075411	0.00216883069089717
47075841	0.00110566596557039
47081020	0.00265005588484727
47081351	0.00869027742528266
47081481	0.000818900480900539
47082331	0.000768390621871538
47084121	0.000946703299168932
47086311	0.00398889682659358
47090051	0.0102832437777328
47093020	0.000777893302115102
47094191	0.000949566616665545
47095821	0.0011435174068907
47097160	0.0024405086559465
47097361	0.00084842856308339
47099151	0.00164171337317521
47103711	0.000964997508488251
47103950	0.000809043616705083
47104080	0.0050508643533098
47105501	0.0162989730577414
47107380	0.00115792363027233
47109761	0.00191983168793216
47110051	0.00534136159373963
47110690	0.000954572384804212
47111370	0.00157806483498157
47112190	0.000904180316204629
47113170	0.00349455068107491
47113611	0.098372202421163
47113700	0.000909926756173426
47119510	0.000774164812506089
47119971	0.00630734815194107
47123561	0.00162910865301371
47124070	0.068403519811141
47125501	0.000977528589201847
47127380	0.00390744034841766
47128811	0.012214145587908
47129440	0.000853562095716424
47130191	0.000797289460985263
47130950	0.000792969803706918
47133611	0.000932691247474319
47134871	0.000845375987273224
47136060	0.00176823216843368
47136661	0.00110273393681789
47137160	0.021303429564126
47137580	0.0024624902676273
47139421	0.0105602891077915
47139500	0.00387782083840009
47143630	0.00283189912837771
47144651	0.0200034755149423
47148750	0.0186560968237666
47149621	0.0010241837455601
47151691	0.269024530264048
47152050	0.00100993919486699
47155080	0.000820224405221854
47155250	0.0256975561503344
47158660	0.00153158761504089
47158731	0.0012905845658595
47159080	0.00261002990663923
47159961	0.000779388972892223
47160620	0.000736101581355192
47160921	0.000907271786090756
47161730	0.00922731039439084
47163131	0.000911119574113209
47167650	0.00103774298441724
47169901	0.00161807407862436
47171100	0.000941865790715153
47175110	0.000765675881957107
47177970	0.000811464713872277
47179940	0.00235439867328941
47185051	0.0409968037232345
47186731	0.00593333568875373
47189720	0.00079131690451794
47189830	0.0153728954960244
47192521	0.0126235945319009
47193071	0.0183251408940007
47193420	0.373169898370393
47195971	0.00188347089251509
47199350	0.00207839444012959
47201201	0.000798177187313866
47203790	0.00283883718537629
47203900	0.00338259463585388
47204040	0.00142095198900055
47206000	0.00345637695333437
47207831	0.00186828843243654
47208661	0.00613460713240167
47214560	0.00791121713252942
47220630	0.0026184919608836
47221430	0.00174417406346835
47222790	0.00538047461997111
47224170	0.0063991579867384
47225180	0.000808565674600969
47225730	0.000912916121004647
47226520	0.00276935191873302
47227380	0.00102792601623468
47232470	0.00897395260174794
47233461	0.00112512990165653
47233730	0.00190466782552699
47234280	0.00265640643914102
47234690	0.000762535849829349
47235141	0.00735062853880942
47241891	0.0302826523330513
47242100	0.0130577749062769
47243391	0.00077173249899528
47243520	0.000997955272551672
47243671	0.00207850076679881
47247111	0.000823766043004848
47247200	0.0114152034778452
47247261	0.000845407795364662
47249000	0.0106548221375682
47250120	0.000758003750285892
47251801	0.0156923363222992
47252631	0.00107752792362075
47253030	0.00222386641276983
47253590	0.000975173190053567
47258110	0.000852043056650473
47258721	0.000841867481655377
47260070	0.000735642772885472
47261030	0.0110874246176564
47261761	0.00112710200216937
47262110	0.00305799749450758
47265071	0.00113456664008022
47268310	0.000918498822416229
47273290	0.000831533409272168
47275210	0.00561230416891825
47277041	0.002012413862128
47277290	0.00395258871986185
47277341	0.00294142039472963
47281820	0.000793118408443726
47283251	0.237056957640164
47283671	0.000881116898097591
47284730	0.00337311435411772
47288480	0.0029609154331652
47291230	0.00248490239435086
47293321	0.0145228920203448
47293690	0.00115286844495072
47297611	0.000861802882843496
47298670	0.00457204648144311
47302581	0.000807995800928966
47304511	0.000821290316376524
47306820	0.0155771456911459
47308091	0.0149705193525068
47309540	0.000837985480375729
47309751	0.00875941565898444
47310981	0.000733067768488086
47314120	0.00682936231545827
47315780	0.0168471128852757
47318831	0.00279178400190039
47319821	0.00198419188214419
47321160	0.00171244235380332
47321300	0.0011479885711933
47325171	0.000954240356361316
47326141	0.000933268920113741
47327890	0.000749903469408375
47329041	0.000921766868912051
47329270	0.00280737528851783
47330270	0.0010477222532497
47332491	0.00199017934931256
47333150	0.00109848598661011
47334410	0.00102191216013366
47336300	0.00186607115591509
47338120	0.0010676215109854
47338161	0.0195229038370939
47338820	0.0155282901314803
47339650	0.000936514315652913
47339920	0.00101356116953537
47340491	0.00514393677366859
47347370	0.000826785676462415
47347391	0.00376297251440942
47349410	0.005503175375142
47350841	0.000882940363967384
47351640	0.00344835057361879
47353591	0.000889640175850624
47356600	0.00137621963650788
47357290	0.000808849526411991
47357850	0.000737730618752873
47360911	0.00112254777053695
47361990	0.00133388422586144
47363910	0.00530942209985859
47365611	0.00380747947111399
47368211	0.00153154507015547
47369171	0.000890129171459437
47369710	0.00120611069517251
47370800	0.00795787149239813
47373461	0.000799159277445759
47374650	0.00868585792928944
47376751	0.000842716726213541
47378291	0.0234293268907927
47378380	0.00083434622495371
47378790	0.0015155566877016
47379931	0.00384383078554668
47384631	0.00810067437368358
47386380	0.0128123212052293
47387490	0.0150124178900153
47390930	0.000748921048066987
47392030	0.000863055584624385
47392341	0.00239115437647674
47392491	0.00503211998971749
47392781	0.000947241715360314
47396170	0.0092376629794722
47399060	0.00213684025167762
47401400	0.000854088487082835
47401550	0.00122926204753256
47404160	0.00253444638092282
47406281	0.00615445241731493
47407460	0.00213086030726776
47410230	0.00879743299887588
47411620	0.0022976380004393
47415781	0.000793508580258212
47416901	0.00246586399457844
47417020	0.00738644867462513
47420621	0.000869388733426957
47421191	0.0031922928042693
47425960	0.000782795340665954
47426390	0.000981639196981367
47428211	0.000791008965727569
47431391	0.000956468333712186
47432621	0.00132322513360468
47433451	0.00138817279718003
47433830	0.0241923609091526
47434291	0.00198848700623059
47435651	0.00117545876479241
47435730	0.000873621595285923
47438780	0.000860293743438438
47439251	0.000795990575525198
47439360	0.00445299606532507
47442800	0.000776557579393914
47442930	0.000771777218257821
47444450	0.0027493769731051
47445250	0.00120034794058439
47447931	0.00225326173789979
47449430	0.0649811265162549
47452720	0.00135612250276897
47456150	0.0708177015730791
47457311	0.000941754144409271
47460170	0.00133982581591111
47461451	0.00198038999617374
47466930	0.00130818569744461
47466940	0.0016238421578743
47467501	0.00447663187969336
47468830	0.00108669167314901
47470760	0.000870111854071472
47471890	0.00737751926629155
47474261	0.000737730618752873
47474370	0.00198004442680429
47475781	0.0398368534828816
47476901	0.00306449261813245
47478930	0.00105568748603045
47479190	0.00483671041607765
47480440	0.00228868836438297
47480881	0.212823413473854
47481390	0.00157495699213544
47481410	0.00207424057620447
47486100	0.000749539685392388
47486230	0.00649049967415137
47486370	0.164545864330097
47487231	0.000748189050974381
47488741	0.0128614012418843
47489930	0.00381204997476786
47491210	0.00149866198707859
47491371	0.00234233305957807
47492040	0.00714125621036785
47492180	0.0269712990635094
47493311	0.000880151934653625
47495460	0.00267742696851102
47498940	0.000833775401456177
47500751	0.000996925065335073
47500830	0.00210054349576833
47501151	0.000962058450064087
47505851	0.00352163303457236
47506271	0.337511940618331
47508051	0.00306744502253787
47508970	0.000971288272893745
47511900	0.00131019452946561
47515170	0.000782639590316796
47515931	0.00120975793623459
47516191	0.00224404658646943
47518360	0.00294672990698568
47518480	0.00247081866718976
47519450	0.00596872035246555
47521031	0.00287702258959038
47524160	0.000798781581062005
47525981	0.00694023763159919
47526070	0.00147036036655692
47526910	0.00754157052600359
47527750	0.00078429582144892
47528611	0.0011016344296829
47531651	0.0012851674533124
47532840	0.173246377535435
47533410	0.00930234421428154
47533680	0.00108464713822273
47533940	0.00723397839871136
47535060	0.000921583761181992
47537690	0.00944603847881492
47541680	0.0250514142702028
47544040	0.00085637065252331
47544211	0.00178119478001668
47544341	0.00167297139220549
47556580	0.00088429030076935
47564731	0.000979150380043145
47564741	0.00115796055760983
47569540	0.00203238178048574
47570070	0.000817901590671951
47571040	0.00676245268720609
47572450	0.00375949434973853
47582551	0.0277523174436578
47586801	0.0328215690534884
47590531	0.00153753308055374
47597100	0.000765047898305064
47598350	0.00100793547177936
47605581	0.00145694921163034
47607450	0.0010395348298035
47607990	0.0639403986556549
47608990	0.00396082926065517
47610261	0.00118936158414442
47610401	0.00581562004719633
47612061	0.100781484377373
47612331	0.00299204222102859
47622210	0.00184369879490517
47625151	0.00263929789651177
47625561	0.0008296360025507
47626340	0.000947540597400844
47630480	0.00213080142618717
47630770	0.000867810573423881
47630951	0.0017724370592824
47632820	0.00108414285128343
47633130	0.00758423439363295
47633161	0.00299160390880291
47633920	0.0569770291445252
47635320	0.00613721115482097
47636280	0.000831253096525146
47636580	0.00152692291252059
47637281	0.00225891557146377
47637421	0.000749371992913275
47637991	0.0209194955817654
47638190	0.000812587939560735
47638470	0.000809149445060769
47639300	0.00158062528742729
47639860	0.00495099969517066
47640020	0.00080017605372243
47644440	0.00357743799363037
47646610	0.00312687028424811
47647330	0.000959070795030928
47648260	0.00596855596304667
47650801	0.00182822912657231
47654261	0.00146849099210004
47656260	0.00270718738507209
47660731	0.0391702307252165
47661561	0.0136681852944533
47662330	0.0109096006310161
47663190	0.00106024313863169
47664461	0.0028529995008904
47668680	0.00233665787598146
47669370	0.0164134463201649
47670261	0.000769611261158528
47671081	0.00250657889264032
47671300	0.000808741008073861
47672680	0.00173906634321718
47672871	0.133643692710785
47674261	0.000752469257881539
47676290	0.0020004394533566
47676881	0.00100275564556046
47677271	0.0103045234601289
47678090	0.00074377054654926
47679150	0.0725436091985978
47680280	0.0731085008224695
47681780	0.041840595042214
47682740	0.000879626527840812
47683840	0.00183248468742738
47684430	0.000793939839338333
47685151	0.221722616737833
47689011	0.00728096271934736
47689950	0.00128650291299131
47690610	0.0154781084751361
47693660	0.00230052239262257
47696550	0.00196213215070022
47697360	0.00738654261413705
47698921	0.00137914069970974
47702760	0.000984763297410341
47702791	0.00307318781949514
47705271	0.00337539342067532
47705561	0.017061912036049
47706080	0.000783497856400646
47706941	0.000888777068422757
47709510	0.000733456266592153
47714241	0.000852160577405305
47716680	0.0155689227234557
47718080	0.00168762476825216
47721630	0.00232024193292744
47725640	0.00170983888354792
47726791	0.00198490234071805
47727840	0.000997803241402571
47728181	0.00341744346177153
47731061	0.00234220306090225
47731970	0.00091626727029233
47733240	0.0105943842782909
47734880	0.00234121207874684
47736960	0.00272248811374423
47742080	0.000736701341134504
47743870	0.00173461993688106
47743911	0.00506987698841027
47744260	0.000790758569969235
47746340	0.0421437371602465
47748991	0.000874888104371686
47749110	0.00074988113230133
47750521	0.00081148686375126
47750770	0.0433306338316921
47752250	0.107993556907518
47757520	0.000947628036754553
47759580	0.00309496255022605
47759600	0.0159316117011259
47761910	0.00233481882886523
47762180	0.00222015345381565
47763710	0.00131486536034988
47763970	0.00226839520420151
47764311	0.000806657293830174
47765650	0.0259424498693188
47767280	0.000853753736357302
47768530	0.00335494423451362
47771180	0.00101342106929601
47771710	0.00424798782477173
47772700	0.00121486186478376
47774241	0.00142320205054497
47775601	0.00109631414710092
47777250	0.0205795230450757
47778381	0.00296299954556052
47780581	0.0027770402077732
47781780	0.000812449888475295
47782070	0.000751892745143526
47784120	0.000786396590474403
47788130	0.0017091255165286
47788171	0.000807896815659532
47791461	0.00220534462024675
47792800	0.246956764868091
47793080	0.00123621418473199
47793940	0.000829037867319348
47794060	0.00433124611285402
47794480	0.000825240631377599
47795570	0.0026128212263938
47795840	0.00468431493083054
47802221	0.0111064669490388
47802911	0.000946318833224649
47803320	0.000908490679107905
47803450	0.00131482548977285
47803570	0.0345849605380858
47805951	0.00198698268363386
47808151	0.231136402252646
47809691	0.000918370591952335
47811430	0.00394476424527475
47812420	0.00184979642714922
47815201	0.0337816355222593
47815420	0.00433534586700044
47815720	0.00606080446582593
47818911	0.000969028514568305
47819290	0.000790188966775963
47823980	0.00114533700671218
47826200	0.000859668566144185
47827160	0.000843657542826894
47831040	0.00455247267550011
47831061	0.00117056790330797
47838860	0.00119368874981708
47839201	0.00222142387925058
47842070	0.000892897685384798
47844991	0.00249778194658235
47846351	0.000909482142791678
47846450	0.00938286526452693
47849541	0.0478447008306187
47855550	0.00656950511867574
47856130	0.000893165349444148
47857630	0.00647846043692133
47857910	0.000771843566862199
47860031	0.000883359907469949
47863030	0.0030396512073188
47863601	0.00518729479543099
47864510	0.000734581689966361
47864790	0.00316511470522678
47865551	0.033155550461558
47869790	0.00102087111871241
47870491	0.0010577192534665
47870651	0.000817507498990894
47873230	0.00451277308712835
47874200	0.00927466993869091
47875310	0.0417370906320518
47877401	0.138981139513254
47877411	0.00110972091655279
47879051	0.00146357133855043
47880510	0.000930732681374363
47880701	0.000816515059840567
47882160	0.000827908935387032
47883420	0.000780129666983369
47884711	0.00400869578612396
47888691	0.00186663949089216
47892230	0.00301691956157227
47892380	0.00307252823420456
47896851	0.00453407357602549
47898351	0.000992782083920731
47898470	0.000905520927069613
47900421	0.00166149398164131
47901080	0.00168316922707633
47901470	0.00104172055779507
47903170	0.001412380896944
47903990	0.00133686994276007
47906160	0.0170790206941242
47907451	0.00188183114219496
47908670	0.00129354229474594
47909381	0.000854667734191011
47909521	0.126017692072376
47914170	0.0148915137283077
47916991	0.00183101715287807
47918740	0.020792190977097
47919820	0.00153241799011659
47920940	0.00911142478535056
47921090	0.00513848730819185
47921510	0.000962016879980542
47922160	0.000774067781305209
47922750	0.000991786292026078
47922870	0.00316910699300401
47927461	0.00590608075489787
47931000	0.0107710498973534
47932301	0.00122330355133166
47932820	0.00373741362442046
47934300	0.000970910261197031
47935400	0.0010278298642352
47935810	0.00150529788382733
47936831	0.0019924154901508
47937651	0.00340991347950991
47945941	0.00343904344263795
47947311	0.00107870613775891
47947710	0.0761981594525234
47948141	0.00466496242005557
47949220	0.000733088814679666
47950470	0.0737516725504909
47951051	0.0014721844903986
47952831	0.000932402671818656
47955700	0.069520423206694
47955840	0.000841321811153684
47957121	0.0906662679760922
47959731	0.0056065274176565
47964571	0.196659669803752
47966180	0.000834133571613319
47966740	0.000765697427434697
47975301	0.000787145395337557
47976240	0.0097612363336272
47976510	0.00123659254779263
47976920	0.00136631227181024
47976961	0.000886129151441766
47979290	0.000778814373587465
47983120	0.0117764432056604
47984500	0.00100656229134211
47986761	0.00175616941534831
47988240	0.0017682151144224
47989900	0.00181570092764511
47989910	0.000781290411530298
47991160	0.00106133203469313
47991601	0.000794350263163527
47992770	0.00202311922364855
47995830	0.000897633898364441
47996630	0.000963436676141852
47997261	0.00109137905966929
47997391	0.00350457638906893
47997500	0.762765857357997
48004930	0.00164929135149287
48007000	0.000841014533371675
48008141	0.000804953132631321
48011810	0.00309466233150477
48012961	0.00211855594340188
48013630	0.0245786526241865
48016001	0.00340515916414079
48017231	0.00180927694938916
48019670	0.00127370032658567
48021521	0.00115261956149014
48023181	0.00489513773110193
48023311	0.00077066828825215
48026560	0.00894535717187456
48033900	0.00185577883018017
48037340	0.000860377824728799
48042631	0.00645552100632319
48043280	0.122588109249209
48045371	0.0211848274242131
48052011	0.00176310901647137
48056971	0.0437920575608013
48068650	0.052751111299758
48078990	0.00719175253663452
48093450	0.00684399064107406
48094601	0.00583209325983465
48099270	0.00187388143190726
48100141	0.00837586433854368
48101730	0.00120698036202221
48104620	0.098747382620872
48106430	0.0173267967748373
48107701	0.0121610406705848
48109651	0.000887671504520673
48111021	0.0010588161233675
48111120	0.00190893977254782
48111400	0.000780398545987057
48113040	0.00541648715889074
48113350	0.00150753636760536
48114871	0.0147640928670456
48116500	0.00218368095736235
48117340	0.000957814397526569
48121241	0.00188645072690264
48127400	0.000795836912058492
48132380	0.0664958485578931
48132500	0.00206530678624716
48134030	0.00389841572748184
48135250	0.0230745653636809
48137180	0.001198899934115
48141371	0.00259363227480163
48142560	0.00851343237422989
48143120	0.00121625930369387
48144890	0.00267470028790111
48145221	0.00166934454365813
48145730	0.00100627273901687
48148531	0.000773922810823636
48149590	0.000858726985427568
48153170	0.00796150246000839
48156391	0.00460778967737887
48156760	0.00282612649370098
48158700	0.00170508009339813
48159230	0.00142747236772066
48161091	0.000783768274573729
48161101	0.0013720956540352
48162560	0.00106143304146194
48164271	0.000753919565607174
48169180	0.000866304390236585
48170440	0.00213054958555467
48172930	0.000922246527115519
48174860	0.0461187917966539
48176240	0.000831814462013464
48180681	0.00341520528163894
48181160	0.0708177015730791
48187660	0.000854301033719077
48188360	0.0241803828548785
48188391	0.00154615179783237
48190150	0.00126722423670692
48193180	0.00894827260544953
48193460	0.00840669452411943
48195380	0.0166364413638608
48197190	0.000859167873088147
48197781	0.000747952692901874
48197990	0.00239590525398635
48200070	0.00414973559844863
48200080	0.000905945396804148
48201720	0.00281553867638595
48202061	0.00204530836045302
48202840	0.000781922349280797
48204251	0.00345426800628511
48207161	0.00102356701387063
48208090	0.0280309768978091
48209050	0.0698573834654015
48212080	0.00196810770556743
48213440	0.014364498311938
48213470	0.00898627442561924
48219831	0.00106783196158271
48221590	0.238858248237835
48222700	0.00183485921170462
48224630	0.0157009397996908
48225060	0.000896085062246607
48226440	0.000885042698909189
48231230	0.000882803489228331
48232050	0.00226987180925353
48233091	0.00148907205116315
48235551	0.00133802309178802
48235670	0.00248292867664297
48236920	0.000891844673396872
48238051	0.000930468911860587
48239001	0.00160949392387393
48240951	0.000763497696135386
48242871	0.00108697689743179
48243130	0.00174163970047919
48243991	0.000777634008167523
48246430	0.00555650853427083
48251920	0.00261754816664898
48260210	0.00250932040770467
48263571	0.00855762601292667
48263971	0.00430272139910373
48266420	0.0127623276158548
48271981	0.0260190030020051
48273071	0.00112000725301749
48275821	0.000851979431948884
48275940	0.000800884336016019
48275950	0.00102612076403437
48281020	0.000849557566443682
48283260	0.0011340599191662
48287370	0.000834082530165024
48288121	0.00173150506141133
48290690	0.00256010481341728
48291240	0.0010232596500597
48297891	0.0276630831117113
48300210	0.000759728003905619
48300381	0.00100933959888953
48302000	0.000775710017431141
48302540	0.00136019687929735
48305761	0.00243613106317176
48306861	0.0113376262246302
48307100	0.0114735377248777
48307520	0.00141981679963359
48308371	0.0167189300902761
48314800	0.000980908345814089
48316231	0.00108908962504034
48319370	0.000782152766051032
48320511	0.00215206430687591
48320791	0.00126730707008741
48322591	0.000872365614415058
48327141	0.00101730892831716
48327250	0.0188852541384506
48328620	0.00332010452485251
48329580	0.000833966095880899
48331790	0.00304077251910059
48332590	0.00277622032737899
48332620	0.0021621496869299
48333430	0.000855837557112288
48334441	0.000870848945407033
48339421	0.00115766554933329
48341351	0.00297358645324954
48344040	0.00136670555173748
48344501	0.00121569969879658
48345020	0.000958538055973743
48345600	0.00737390221876147
48346250	0.160039152124661
48346301	0.000746459844867134
48349170	0.0013314999429916
48349280	0.00163631015727373
48350410	0.00184075708096681
48355380	0.000756811206112721
48355541	0.000978796080852278
48356091	0.00122387490483164
48357430	0.000841818215155046
48358260	0.000772770918009437
48358660	0.00472930065471889
48360791	0.00295506387294462
48364060	0.00289351193613483
48364371	0.0467531061808985
48368251	0.00456509839343592
48369010	0.00309925999670994
48370581	0.0479920968844898
48371411	0.09082517401294
48371520	0.0008035034981851
48373730	0.0161723345146965
48375510	0.00233804521100446
48375920	0.00162695465520623
48376630	0.0211125025202923
48376791	0.00114723389932719
48377170	0.00111595351952625
48377481	0.0011078265901029
48380630	0.001054658243637
48382441	0.00118640293485919
48384900	0.00119451103374485
48385491	0.00193822615676508
48390011	0.0042581757457497
48390280	0.00364931738125469
48391411	0.00631391769459586
48391660	0.0227582628533254
48394250	0.000738279697402548
48395671	0.000814802574542119
48396470	0.00108411119117216
48397751	0.00118614650513136
48397830	0.00135021328506442
48400490	0.00250570242756438
48400880	0.0160589625943256
48404750	0.00111863698772322
48406171	0.35827863163479
48406380	0.000796349615770426
48406540	0.00124801213856755
48411691	0.0122548257874817
48412210	0.00072928566524651
48415510	0.00135704993176723
48418280	0.00271131887436812
48422970	0.0162114731178141
48427121	0.00299406065032425
48430861	0.00240031650926397
48445820	0.000853813231059769
48457690	0.00188964860640377
48462800	0.0033707615019255
48468631	0.00323482454296325
48471080	0.00127488044385582
48474421	0.00543577774347536
48476620	0.000822348214239889
48477871	0.00209276110162503
48484491	0.00329705406837007
48490510	0.00324592003834488
48495350	0.00443172530664975
48497980	0.0127400553593314
48500160	0.00224831449304202
48501990	0.000932383356790326
48505290	0.00130096437266996
48514370	0.000790889826833396
48518540	0.0148801874491597
48519770	0.00885161338077023
48521810	0.0192476105634953
48527111	0.00413082542182173
48535740	0.00112019942113207
48536081	0.00226341512903349
48536330	0.0265199739116076
48536430	0.00230769611802043
48536740	0.000758144406106538
48536980	0.00419965780594643
48538151	0.00102230372761895
48539490	0.00238028402709912
48539630	0.0278216910848535
48550090	0.00334282918725545
48553120	0.0401113340730558
48558510	0.00301036559192992
48568481	0.00820240626940288
48569830	0.00468060041587094
48578011	0.0324463099052834
48580860	0.00291690725405327
48592911	0.00183230233391645
48593570	0.00251379136183147
48594981	0.00141684526021824
48595671	0.22751601042129
48596160	0.000984818648408251
48596590	0.00368493654558407
48596611	0.0120198937402535
48597181	0.00155846409144191
48599620	0.00113390115224462
48606541	0.00080895081220155
48608040	0.0120298380003763
48608050	0.00087584470718191
48608450	0.00230744404476439
48611880	0.00355717490729159
48614770	0.0315954671618275
48617031	0.000848633857107929
48621660	0.000921066976978338
48622561	0.00690929773082126
48623180	0.00118636901648768
48625690	0.00114460984518889
48627050	0.000986231049968701
48627521	0.111226276153484
48627531	0.0126002744452655
48634421	0.00304198829077787
48637660	0.00174618773673851
48639091	0.02410492565437
48641321	0.000768357229275998
48642800	0.000997856338160861
48643190	0.000948710044328049
48647361	0.0135414401449306
48647450	0.000787986775010842
48647730	0.00241310649102951
48648751	0.395208951538375
48652580	0.000988738274236999
48653041	0.00329066870408711
48653260	0.398936183256694
48658261	0.00220239077905134
48660710	0.00214183796522647
48662250	0.000808382987249583
48663911	0.000765458269512305
48666660	0.000750318813256892
48667170	0.00164874837015952
48667180	0.00129975852028641
48667190	0.00131079169894385
48667760	0.00366076476619429
48672180	0.00615307490826827
48674790	0.000836178342517203
48675241	0.00163616183135982
48676751	0.00150594472820721
48678360	0.00406418312146487
48685120	0.000837572277273004
48695490	0.000832582578902583
48696601	0.00228973833027082
48696871	0.00121051125889012
48698100	0.00104698369626294
48698380	0.00208229244794554
48699880	0.00380975227509442
48700321	0.00118125526458374
48704191	0.0208175388522796
48704430	0.00403603194950018
48705561	0.0487604468085261
48706350	0.000736264951139303
48708211	0.0127984055382893
48708820	0.000747119318586541
48709441	0.0015596724423332
48710490	0.00103221547874898
48711521	0.00112643720003141
48713530	0.0811625993408929
48713991	0.00215880291628991
48715030	0.000871439035103502
48716191	0.00087527435436571
48726520	0.0051410534117091
48728191	0.00131025266731123
48732960	0.00223958331435951
48733930	0.000813453092492744
48742370	0.144912792082078
48742821	0.00705094972969169
48743620	0.359166971839123
48747371	0.00216565465416632
48748710	0.00333010518736309
48751340	0.00131324665852516
48751921	0.000889114726420922
48754681	0.00944230391511676
48761831	0.0024982692556656
48767180	0.0157321326375289
48770801	0.00693401920740597
48772191	0.000986195575895691
48774931	0.0315826439867572
48777301	0.00130945392258573
48783460	0.00110934843526207
48786931	0.00387699758068015
48796540	0.00216890299001967
48822470	0.0059563421736877
48825281	0.00133875264454121
48837940	0.0010437432583124
48838261	0.0211394430259867
48840331	0.00513080486117476
48851160	0.00253398549114125
48851450	0.00289857265514458
48854261	0.001120996172607
48854330	0.00139931441261053
48854521	0.000808035386578295
48855020	0.000742051178016578
48856700	0.00366118362115138
48857510	0.000856520855895262
48858090	0.00501004524142348
48858350	0.00479398405408548
48860980	0.00175269605137248
48861961	0.00158509311340281
48865001	0.00100384846821583
48865390	0.00824867854243709
48866060	0.00085361669513557
48866350	0.0165520450801102
48866671	0.0017648786098877
48867341	0.000762454510920819
48868430	0.232014467956984
48869561	0.00763811883344889
48877981	0.0021109446199619
48881691	0.0271391957137705
48882340	0.0013686146796037
48883880	0.00223345663335755
48885411	0.02224769943924
48886671	0.00109732891748939
48886921	0.00222657163659741
48887150	0.00109160950935038
48895341	0.00415371252312647
48896540	0.00181981292110065
48896960	0.00309903491429191
48897500	0.00227486310790727
48897681	0.0515060992513354
48898381	0.00150807003138255
48899331	0.00134493884145774
48902801	0.00279016979146461
48903331	0.0010503024148488
48904731	0.000731355482055213
48907191	0.0160450484532957
48908150	0.00309871065205484
48908171	0.00140468995776091
48909490	0.000963403271269835
48912970	0.00154694549340058
48913500	0.000971195154643806
48914080	0.000870050919565526
48918340	0.00105025495808507
48919580	0.000894693418028253
48921421	0.000831632015329428
48924670	0.00310252416638224
48924680	0.0217485426844599
48924820	0.000852693498673602
48928021	0.00115499266210607
48928950	0.00157865198723457
48928960	0.000758531511746969
48929930	0.000920517152624023
48930740	0.000816285060047138
48931140	0.000824988278040089
48932280	0.00100417700625221
48934760	0.00529689919940202
48935560	0.00494338179914731
48935840	0.000989963300995357
48937500	0.00189223073168897
48939341	0.00228892376355981
48940301	0.000973223036262445
48943440	0.00309096251920266
48945131	0.00177855959197986
48949281	0.0048176339633891
48949380	0.00607375082343121
48949551	0.000827438022878945
48950350	0.00220165663847182
48950371	0.00174119434906148
48952581	0.00197606993508751
48955901	0.000946479779202377
48960700	0.00157941279919114
48961001	0.00735255992920148
48961121	0.00160517739835543
48962050	0.00107429935244261
48963860	0.000827579430286846
48965510	0.00196215078995804
48967621	0.000945172852972255
48972000	0.000861855432117912
48972520	0.00109463254276971
48974371	0.000837295094421038
48976581	0.00100821433792537
48977281	0.0215147697542438
48978521	0.000833994524486868
48979751	0.00102261446814871
48982371	0.00421778808985203
48983140	0.00214977057949861
48984431	0.00145242570790774
48986860	0.0026360670338308
48989360	0.00170159162544638
48993220	0.000734872534177992
48993951	0.0977982389029124
48997271	0.00100528447783345
48998091	0.00369199003236501
49001770	0.0794736458171604
49001801	0.0028006911731616
49005480	0.00354356075101919
49007071	0.000767602755662235
49010651	0.00118189030883544
49011130	0.00567299134528582
49012240	0.00318441454395967
49016270	0.0960512800023917
49016690	0.00176601465503173
49016950	0.00217555610178832
49017111	0.000862243354148733
49019150	0.000782431808921859
49020171	0.000820479249459938
49020940	0.00840708532544156
49023071	0.0012323741031759
49024410	0.00088467808159391
49026241	0.00695009997959262
49028431	0.0060551713923416
49028520	0.000742682851274706
49029411	0.000902232820572851
49032000	0.00447773669431602
49034231	0.000994927626135082
49034241	0.000750032134906024
49034351	0.0232505078477982
49035321	0.000744259996753192
49037480	0.00312066602604335
49038050	0.00366086761511756
49039191	0.00188602345254908
49042310	0.0107900683004741
49043580	0.00731672895199587
49051710	0.00892915781500427
49054501	0.00134731798145198
49055331	0.00192339045164212
49055410	0.00154941333245128
49059150	0.00195945315593015
49063960	0.0368259104269278
49064410	0.0425783945343967
49065610	0.00115100185842685
49066730	0.00445143048965064
49066890	0.0007791941279402
49071710	0.00543066672637826
49073330	0.00233429956801372
49075690	0.00101662517332081
49075950	0.020160538364819
49078310	0.0138863221607886
49078371	0.000885368618234272
49079201	0.00105889903937168
49082771	0.00101910965309688
49085811	0.00084990155354811
49085951	0.000912964534758712
49087000	0.00072928566524651
49090890	0.00137046180858391
49097791	0.00901802021418002
49097890	0.00087850512299164
49098310	0.00150197700385512
49098481	0.000816858237250345
49102300	0.0018512601832219
49103020	0.00291838570976119
49109760	0.000781377317368972
49111191	0.00138003966837236
49111471	0.00106879718450676
49112831	0.000751347791514682
49114460	0.000997969677511507
49114621	0.00108206284056702
49117740	0.00329057775421831
49120701	0.00454392128436576
49122921	0.00096773399834058
49127680	0.00174726918711153
49130310	0.00134756319087163
49132120	0.00104224500638287
49133671	0.000769255556155352
49134071	0.0116825839052029
49138501	0.00085874845252942
49140790	0.00699304820516696
49141941	0.00449937838766807
49142221	0.00146202089511792
49148141	0.00214469407518576
49149880	0.00323433421458979
49154330	0.251753945411615
49155280	0.00467642481741305
49158501	0.00355937251444433
49160500	0.00082632874848957
49161671	0.0337985308442317
49161951	0.00227865403347539
49163540	0.000765306255333208
49165190	0.00117121118555216
49165870	0.00086792823688308
49167031	0.00122128637426296
49169921	0.00537251066475086
49172670	0.00265960472866934
49174631	0.00260305109674808
49177111	0.00236382117221076
49180080	0.00386202919166485
49182310	0.0635744471867435
49182491	0.00891073341770699
49182840	0.000898151164207454
49186471	0.00140838661413192
49188670	0.00154506548480472
49189091	0.00137701419280327
49189391	0.000770145491170974
49193870	0.071141027098426
49196401	0.0013725015131237
49196640	0.00471115559304418
49198061	0.00259287514631683
49198320	0.00211226746863837
49199270	0.00192414453596465
49207301	0.00110762029514868
49210970	0.000976329687035138
49213470	0.201165219994863
49213760	0.000772039524426461
49215410	0.000920420190619509
49217531	0.0049998090974182
49220100	0.00144953373661009
49220350	0.000793813293677329
49221251	0.00438667652078505
49222430	0.00854917487583721
49223851	0.00372630176144511
49227820	0.00102524899111185
49231431	0.000822763325897878
49232961	0.253229249660725
49236910	0.00073897385891401
49237921	0.000933885260941869
49238160	0.001337719711067
49244141	0.0026639598114129
49245661	0.000783278208347536
49247140	0.00675601128386123
49247400	0.00279508829531407
49249490	0.0028377112188908
49253050	0.0267989732630914
49258150	0.000911246120297039
49258710	0.00149055128141337
49261170	0.00448016235905913
49262331	0.00217651098212584
49264210	0.00323227708613041
49267031	0.00265308427347047
49268831	0.00366147818155884
49271670	0.00578463033026952
49272340	0.000743751542448764
49273101	0.0560583956386592
49274140	0.00295469383220142
49274990	0.00480245935785168
49275280	0.00190033121597535
49281170	0.127612872426279
49286040	0.00419183462162617
49286410	0.000777693839194216
49287650	0.00208349210185599
49287981	0.00107254471119239
49289600	0.0528608124291024
49292070	0.000802432160122504
49292811	0.000992418067670562
49293091	0.000948189884607291
49294450	0.000738887879217954
49299021	0.00572368445856994
49299721	0.000957823551459558
49299790	0.00102985093629068
49300490	0.000774158223606666
49300541	0.00153950895082918
49301361	0.00131103026049641
49302560	0.11290096967399
49303250	0.000742682851274706
49303841	0.000757193950136383
49304821	0.00176525736062597
49306471	0.0032199961603528
49307650	0.000909503938766137
49308531	0.00197705430189306
49312671	0.0279920836443908
49313330	0.15147593391933
49315981	0.0260690476975165
49316531	0.0102541358905662
49316541	0.000756467905323746
49317221	0.000931005440045806
49317300	0.000818899883682783
49318270	0.00190355872017523
49318840	0.0234494906077424
49319810	0.00558632131740344
49319940	0.00083472365976315
49326341	0.00544558306583108
49326840	0.000859602672851356
49331141	0.00110443109752936
49333641	0.00602593626482568
49334041	0.00441590725007423
49335581	0.00258134171373582
49337440	0.00477951576121678
49339100	0.000872392371046842
49340531	0.00237889665720306
49340551	0.000833235295750658
49343090	0.00310453865228774
49343861	0.000736264951139303
49344210	0.000891387960007265
49344620	0.00185354408341888
49345850	0.00292072145267783
49346331	0.00652107125641304
49347561	0.000905207499933984
49348411	0.00570830780680851
49349771	0.00166857775885245
49350170	0.00186147582138246
49352111	0.00405614278686827
49352240	0.00770249599233785
49352671	0.00139212824859763
49353190	0.00109127091483585
49354160	0.0918726368111822
49359790	0.000825200688771803
49360900	0.00668446747137518
49363120	0.0039551685834018
49366150	0.0192332936844704
49367110	0.00456961427413923
49369160	0.00258764827903761
49370580	0.00122435219652835
49371670	0.0017439202349934
49372060	0.00101453672917653
49372330	0.00130874316419461
49372671	0.00998002595320694
49374751	0.00226264777851598
49374970	0.00260454509129264
49375090	0.00178145450020182
49375390	0.000776449571323804
49376671	0.000789309530260796
49378280	0.00595916807875553
49380210	0.00156316827573025
49382960	0.00089566258039683
49396811	0.000748109041310324
49399370	0.00385973758244037
49399991	0.198849734598928
49400241	0.00379148620004491
49400261	0.00180473165031824
49402140	0.00168407157489993
49405290	0.00242534650379875
49406560	0.00231205162790409
49407151	0.00490496170892461
49409190	0.00205770271478673
49409290	0.000880239830005475
49415281	0.00127740382498643
49417440	0.0034851024398816
49421590	0.0012356382899285
49422290	0.000856547135997353
49426581	0.00123017966676285
49429180	0.000852244670530878
49429610	0.000844466386371725
49430570	0.0014786877046348
49431390	0.00158541460271044
49437740	0.00340400185101152
49437880	0.00239071045774864
49438020	0.0203282646783432
49439561	0.046570506489282
49440060	0.000967456814408042
49445081	0.000828630231945671
49446721	0.00282313126859933
49451220	0.00561237653165216
49451800	0.000815554986103397
49457201	0.000875177367284941
49457481	0.0010223366940319
49458290	0.00188076750380298
49459630	0.0476613913476056
49459800	0.000759126248962188
49460760	0.0133595134170479
49463490	0.000946012908768054
49465061	0.001100489106313
49466031	0.0250869429685084
49466311	0.0427920808215187
49467930	0.00326042906421304
49471401	0.000735642772885472
49471691	0.00196114214059133
49472111	0.000808770650601561
49472210	0.0011621579032337
49475971	0.00133829579875266
49482550	0.00101504699047676
49486311	0.00251413605181708
49487080	0.000790212351812779
49487421	0.00107156679811772
49492651	0.00077976202550549
49495900	0.000921316367191424
49496381	0.00135398542354404
49497010	0.000944155704782637
49498140	0.0186871240565761
49500350	0.00113244588043765
49501061	0.00165084841300349
49502431	0.00105501541998146
49508651	0.00346858745392538
49512190	0.00176232944919334
49512470	0.000791049148912354
49513881	0.00173116536829781
49515390	0.00137322555745211
49517590	0.000854344391104916
49520521	0.000767114436483828
49520921	0.00169359773402914
49525191	0.000787747240606947
49525601	0.00267636983985222
49531620	0.00102245156561355
49531671	0.107889369575553
49534830	0.0349466230660713
49537901	0.000805921442080066
49539240	0.000786213778105898
49540890	0.00194952777867829
49541201	0.000951633901202805
49545051	0.000869983512676623
49547630	0.00080122977207399
49554400	0.0031071937706013
49555360	0.00168890468620504
49555630	0.00600517121900844
49555681	0.00793797695982604
49555811	0.00208735041731806
49556231	0.0190277998843917
49557621	0.00292092839823382
49557690	0.000892904698824741
49559951	0.00127312053857993
49560631	0.00089903548928691
49560740	0.0100136189786691
49562660	0.000925620293113986
49563340	0.000788162561530769
49563500	0.0039543157789367
49565351	0.000788905100858388
49566560	0.0360072655132518
49567121	0.0110535801693761
49567141	0.00629383003255565
49567671	0.00114757084779377
49569710	0.000754343051307084
49570250	0.000887738701830388
49570270	0.000800806236316972
49570940	0.000901342638940963
49571490	0.0021215966394933
49572310	0.00118441365140869
49572480	0.00418307943481678
49573970	0.00253469694280917
49576200	0.00878052224001338
49577481	0.0560141761613984
49578280	0.00121154242562147
49581461	0.00156383943955931
49581860	0.00131004942887615
49583531	0.000799409490299363
49584460	0.000843555364417455
49585051	0.000855048608043916
49586390	0.000925294634634125
49586670	0.00178095747406686
49586991	0.0043939030043081
49592330	0.000834854792889793
49592740	0.00299062834968168
49593440	0.00080709072312129
49595760	0.000831614037589
49595790	0.000749153570569828
49596060	0.00124599191262362
49597150	0.00231527887665058
49598151	0.00603560369449292
49598400	0.000911892447441291
49598520	0.00229038735692908
49601181	0.00285466573645799
49605611	0.00108169363186118
49607500	0.0685675440760887
49608860	0.00228044192199672
49609680	0.390517406975256
49609980	0.001348266059328
49610800	0.000846461325996266
49611131	0.0416582153965803
49619411	0.000777502677059913
49619620	0.0168382541588655
49620340	0.00147205346985173
49621990	0.000782238168753871
49622940	0.00254448318169839
49623480	0.00100947019943998
49624310	0.473997100016556
49624750	0.00169416651604099
49626100	0.000778777711250302
49626571	0.000758186352513754
49626790	0.00621713512447609
49628361	0.000793637646481769
49628921	0.00400549315711552
49629550	0.00255210499913904
49631230	0.00233857111598625
49633300	0.00171473570302886
49634161	0.00169476227332015
49636040	0.000810854074552287
49636470	0.00276940458175616
49636990	0.000788535951110497
49640351	0.00264772451849906
49641430	0.00321170969437779
49646650	0.000839490148046521
49648740	0.00200465907892545
49651401	0.0173418723079555
49652480	0.000893345089480275
49653601	0.000739512800026276
49653960	0.00102690068623007
49654540	0.000849402742230001
49655391	0.000857008241486542
49655470	0.00247853822778641
49656460	0.0011322916554614
49659531	0.00792580722683454
49661280	0.000857108323111707
49665311	0.000765739865522892
49666130	0.00206545712589532
49666230	0.00117609533266164
49666780	0.00187111109770106
49667360	0.00144337632009579
49667811	0.000836741071173496
49672761	0.0261436951717263
49674960	0.0010329849978066
49677570	0.00186859243961249
49677820	0.00119762589140911
49679821	0.000855267236478207
49680761	0.00214612755690635
49682680	0.0139889000341518
49682691	0.00122314539501738
49683370	0.00074254106692511
49684020	0.000790450968187506
49686250	0.0125295500986571
49687880	0.00123166221701092
49688310	0.00393198682131132
49688371	0.00764137592328015
49690400	0.00724507773631245
49693830	0.296198004024441
49698260	0.0112939595390855
49699090	0.001836959200629
49702640	0.0273126405864544
49703661	0.000736264951139303
49704460	0.000852049660243129
49711521	0.000787904749989532
49714011	0.00132475709255694
49717670	0.0011397354144187
49720751	0.000894658913107461
49721700	0.00124021833799736
49723241	0.00346477544402078
49724150	0.000903515069337901
49727470	0.0024915996400794
49728300	0.000797944505387895
49729280	0.0027551128082338
49732351	0.00114377691810276
49734240	0.000856541366870708
49736590	0.00389900473201465
49737420	0.00145854012135881
49737540	0.0109469150411995
49737991	0.00073935241508802
49738100	0.00629706868503195
49738770	0.00078879395288555
49740501	0.0012160967903583
49741290	0.00182817930008127
49744211	0.00228920311453186
49748221	0.00166418166515543
49749581	0.00662569516576757
49750120	0.000815194959175446
49750790	0.213119943911854
49751791	0.00114837620980895
49752081	0.0134442319677889
49752491	0.000875748038200927
49753530	0.0237139819206964
49754240	0.00186491942160477
49754961	0.00100046645941817
49754981	0.00087202734883209
49755381	0.00188529954950118
49757670	0.000837407858970255
49759340	0.00276240500387476
49765430	0.000755932560624909
49766220	0.00250837592898301
49767350	0.000825311849410274
49769021	0.000840079304684896
49769560	0.0331972244422673
49772040	0.00293642906949109
49772341	0.0018457244809494
49772891	0.000743070508335763
49773161	0.00136946667554469
49773711	0.000752499100758555
49773960	0.00250555690518097
49776341	0.00081038537439519
49780720	0.0044096816360023
49782650	0.00533011567568772
49782660	0.000866803665355793
49784580	0.000968736712093105
49784590	0.000759117650631524
49789960	0.0018889404469448
49789980	0.00158847666258449
49790551	0.00189219230716471
49790770	0.0163580749406977
49792331	0.000861602746057151
49793110	0.0010312611481671
49793670	0.0251002896637557
49797810	0.0100625688851459
49807610	0.00106458588233801
49809390	0.000756172943590562
49813690	0.00105613705474135
49817301	0.0272230163207421
49822110	0.00821646375633188
49822510	0.000742794995834713
49824280	0.000934019869248169
49824980	0.000950145139041239
49825010	0.00835873964451936
49836840	0.00440347438145338
49836891	0.000840058646892801
49844601	0.000929607956094822
49853550	0.000771255787135207
49854800	0.000938343027482039
49856730	0.000987268590874858
49863371	0.000780064340312174
49866401	0.00102869798124788
49869151	0.0966409968034272
49869940	0.00177189924955679
49871600	0.022732453515426
49877260	0.00339053581206986
49881291	0.00110111599597669
49884211	0.000965502424742274
49884741	0.00536176475757317
49885120	0.00478883369559772
49886920	0.00868019746333452
49887310	0.00100935837330015
49887320	0.000926656390731714
49887450	0.37685833821957
49888150	0.00159376304903318
49888871	0.00100873739052011
49889960	0.000872034484019347
49890961	0.000844450953019763
49891791	0.00121596041553859
49893930	0.00257463720412704
49895450	0.00333720646856791
49896700	0.0010288451492455
49898001	0.00146024241288907
49898780	0.000874257002838219
49900990	0.00106984219098487
49901670	0.00115349287816084
49903590	0.00111600469107618
49904741	0.000972673535475437
49905530	0.000806626715746087
49908840	0.000762314069351822
49915620	0.000841690025327094
49916580	0.0534616824351457
49917100	0.0027301283508952
49917390	0.00566861346504023
49919450	0.00267144710147368
49920580	0.00176647245762952
49922541	0.000952764953680531
49922890	0.00170352309095619
49923320	0.00248498334705594
49924850	0.00208175617877501
49925110	0.00130904174851131
49926750	0.23359425713901
49927040	0.00299309701744208
49927580	0.00118881200917551
49931231	0.00138348769016573
49932680	0.000857707478223772
49939850	0.0153031111678023
49942620	0.00521070863314795
49943030	0.0059372629809234
49945031	0.00186330403122423
49945250	0.0175142902046047
49945790	0.000743022579201107
49946941	0.00298181494289477
49947340	0.00128294551980225
49948731	0.00386378955540375
49950360	0.00104037423695454
49953380	0.0621736362754606
49955901	0.0017595750304017
49957540	0.00497599288179976
49959901	0.0030035939945609
49960990	0.000780482838803342
49962470	0.00332084353966412
49962880	0.000846938901636924
49964150	0.00212398891451535
49964980	0.000887038768380398
49969110	0.00225481215561582
49969151	0.00116195614039793
49976540	0.0110638154633424
49980580	0.00149501679934404
49980871	0.00146931795897318
49982770	0.000846897197139259
49983621	0.00408322918176462
49985510	0.00458822750873987
49985940	0.00081280133466558
49988181	0.0425881852340962
49990661	0.00807578931032698
49992191	0.000881085812994707
49997950	0.0728744042679788
49997961	0.000857201090686176
49999880	0.000863957353374551
50000830	0.00168093461426487
50001230	0.000872428181185268
50002610	0.00081577820823831
50003501	0.00168920956211278
50004591	0.000736264951139303
50012410	0.000912893144803695
50016861	0.00117547333479203
50020570	0.00687807552767577
50022210	0.00357002923173611
50025981	0.00133921351405375
50028420	0.012019727816937
50029910	0.000763363131491431
50030360	0.0008735200681281
50031310	0.0104586708444446
50032120	0.015169816713369
50039300	0.00552332494492284
50042760	0.000975749680199601
50044041	0.00955903392333531
50044861	0.0027655366494836
50046190	0.0455665297995301
50052031	0.000909866832781455
50052051	0.308901534202501
50053800	0.0023728046421947
50060161	0.000847562284062864
50062651	0.00154619665447272
50066060	0.000821915737117835
50069271	0.000793753566641433
50071300	0.0010736355272019
50071870	0.0024661776177409
50071980	0.122254597658371
50072660	0.0114696623411737
50074661	0.000856658932051784
50076161	0.0163812249824073
50078470	0.000855164768459157
50079010	0.00334042168470449
50080010	0.0018561943200077
50083891	0.000826473264276858
50084530	0.000777395945017586
50085240	0.00152586011868803
50087771	0.00487242716885686
50088321	0.00143850131247739
50088980	0.000788535951110497
50089141	0.00270141749907849
50090180	0.00279631583325213
50090241	0.00155881930463878
50090350	0.00266349478354338
50090730	0.00421563827939727
50093811	0.000784179014333387
50094070	0.0015954489949982
50095341	0.00369779422062574
50096321	0.000946681181627179
50100950	0.00107944545128156
50101910	0.00116448074127474
50102521	0.000852485366394827
50104820	0.00370917217476471
50104871	0.00215051687061257
50105541	0.0028626382985243
50105640	0.000987518966197181
50105940	0.000842332563255877
50108731	0.0153473603792172
50110080	0.0036209023054316
50110381	0.000764417262309012
50110521	0.000872399864403235
50111170	0.000853992939348131
50112021	0.010739354224979
50112871	0.00110365617755874
50115901	0.00512299526231857
50116380	0.0164231966098214
50116670	0.00107305300648311
50118070	0.00135755342032989
50119751	0.000916135313702216
50121920	0.00148511429013674
50121971	0.00391888960144945
50125531	0.00140480381267518
50127290	0.00304768202659696
50128301	0.00350283421318407
50129001	0.000845656866269512
50132031	0.00118216890278883
50133480	0.0147666495310565
50134361	0.0014538006966389
50138040	0.000863884793879724
50139450	0.00250098316545625
50141940	0.00465485329451049
50144400	0.000779629386849611
50145910	0.0170968123332269
50146490	0.00162688670010991
50148571	0.00213786904396801
50149660	0.033434457767325
50149941	0.00820994103018679
50152810	0.00859638786826951
50160301	0.0948493284328712
50164540	0.00107677196387241
50164690	0.0012224878939233
50166050	0.200780078658596
50168830	0.00283886220551383
50169350	0.00373689621397179
50169930	0.000761880095778667
50178651	0.000900981835143206
50179980	0.000836412708907819
50180120	0.000828978435598027
50181001	0.00356015011034748
50182620	0.0260641634813127
50184410	0.164289321132406
50186450	0.000829968592420485
50188301	0.0132431363499861
50191310	0.00160339728247935
50192971	0.00112115825349914
50193691	0.0102852738072049
50193790	0.000920564784512383
50198480	0.000849011404593254
50208011	0.00102267432867064
50208670	0.0010012237480039
50209100	0.000982842825020501
50209640	0.000914780738445255
50210200	0.000988451723055782
50210880	0.00128666477191054
50212581	0.00114406543277545
50215591	0.00097426469723505
50216940	0.00177316034485992
50217900	0.100636594350669
50219000	0.000800416242551897
50220721	0.00379227466226347
50224270	0.00237030910371271
50224441	0.000859945082903338
50224820	0.00080579455397842
50225411	0.000852118457538271
50227430	0.00897919344468342
50228920	0.0257456221784308
50229271	0.00124611223250051
50231591	0.0111664791574844
50231720	0.0235632807011293
50233760	0.00521721768968775
50235191	0.000918909755809094
50235611	0.000744259996753192
50236161	0.000758197856784684
50237801	0.00291046948766801
50239830	0.000993084046572113
50242040	0.00481801760592275
50242990	0.000829931709307157
50243601	0.0297785816783461
50244100	0.00531918274946234
50245650	0.00402120981991065
50245790	0.00312977073982559
50248100	0.00611356882348279
50250060	0.000951666841779133
50250330	0.00387910481204866
50252090	0.00129885705943734
50252981	0.00363355200677413
50253391	0.00358114869386846
50254860	0.00085953151281788
50262160	0.00264193903407425
50262911	0.00277785628011411
50263311	0.00590466342272776
50264971	0.00140091181544482
50265190	0.000979228911864404
50265470	0.0103216614353539
50267400	0.00246468339375738
50268670	0.0009485213077841
50270430	0.000764782782037542
50271721	0.00235449172548776
50272281	0.00110076564490515
50273101	0.000992716203061114
50274351	0.000999688503419148
50274631	0.011117606849932
50278890	0.000737730618752873
50279300	0.0175896662340979
50279601	0.00107479084174324
50283420	0.00134598635987662
50289401	0.0105451639063197
50290450	0.00307832915753734
50293770	0.00531716585866244
50297900	0.00116072339285435
50301811	0.0303401551473083
50306631	0.00211361589134738
50307051	0.00169727700554437
50313500	0.0141176627897101
50317050	0.0230613259449093
50321460	0.0708177015730791
50322010	0.00298894804850609
50322450	0.00393279069250272
50326061	0.0115427054244575
50338300	0.0048425530429228
50344370	0.175084275241762
50345251	0.00112011481404092
50346860	0.00695924730108056
50350201	0.00112001027669627
50351010	0.0147235770269632
50353811	0.00325891710229363
50354700	0.00363688334683501
50355311	0.00203999950815101
50360281	0.000818001674020779
50361101	0.00125223893375509
50364670	0.0140315240101253
50366570	0.000979951603867661
50367400	0.00340978763010184
50368120	0.0280946461627107
50374341	0.00105554932159102
50375861	0.000764780258794459
50376001	0.00883790470945584
50379280	0.0031168037533238
50379400	0.00156927703593508
50392230	0.00142506363928541
50392630	0.00283070399553408
50394331	0.00633513804555056
50400510	0.0349564634811067
50401911	0.0283612044275138
50408090	0.00500258115847003
50408401	0.0014568478761484
50411240	0.00219450202264306
50413750	0.00141174510149813
50413900	0.00156538585127423
50416790	0.000975611266446601
50419711	0.00786207355128991
50420671	0.00124517471288353
50422051	0.0244110685281195
50422160	0.00201382681783781
50422420	0.00548745459364965
50427291	0.000998225350212158
50428940	0.00218378143162166
50429791	0.00464635053704304
50433371	0.00171054795362189
50433921	0.00084455483006801
50436100	0.00224386513562113
50436421	0.00194043627062744
50438180	0.0120175128641384
50438420	0.000988978025816437
50439520	0.000856141166135149
50441651	0.000867546441859518
50442601	0.000734581689966361
50444421	0.0024643126533596
50445050	0.00479807241377761
50448251	0.00182901802624315
50449600	0.00211653580789082
50449860	0.00148825537958361
50451270	0.000857095468046042
50452620	0.000794272712141985
50452961	0.000802298613425953
50453651	0.00983314257423666
50458761	0.000742658124064613
50461210	0.00174058875337565
50462860	0.00307132739535038
50465791	0.00075502631162863
50465880	0.000840930216223748
50466761	0.00149071507836086
50467171	0.00247578721024766
50467841	0.00104472905871828
50471301	0.00336266940012516
50472240	0.001010025656584
50472531	0.00418006675069839
50474410	0.000765892813126828
50476080	0.000777761361504866
50476520	0.00310649963956633
50478341	0.000854767967512141
50479711	0.0273881371131551
50480620	0.00239033366988384
50484941	0.00827048998624669
50488640	0.00352320612053373
50489310	0.000849931972800231
50490300	0.000940730835448338
50491110	0.000967801252411059
50492811	0.00116712411276766
50494850	0.00126932261927827
50494881	0.000986526433484632
50495120	0.00228056544316744
50499441	0.00145702436322854
50501631	0.00114372024330085
50502881	0.000883577524584919
50505040	0.0436790635122606
50516640	0.0721301644682451
50524510	0.00185998936547497
50525310	0.00441270608625363
50527260	0.000926575769874263
50527780	0.336726295174907
50530051	0.00216795614561342
50532121	0.000792497590112223
50534181	0.000802060957527179
50535950	0.0788858317847399
50535960	0.0164513305899292
50539810	0.00417544063802591
50543820	0.000803437649987133
50555810	0.00259668094333299
50556470	0.00135148918194118
50569990	0.000946010262296944
50578420	0.00324147158769702
50578670	0.000967130567931264
50583421	0.00127371007257601
50585330	0.0196758986595458
50586461	0.00191913987256581
50589361	0.00111805283231243
50589901	0.00782081072301081
50592920	0.00121894794932604
50592931	0.000828027087834121
50595950	0.0155562423642094
50601870	0.00179084711631263
50602171	0.0298206614278333
50603981	0.0259229489347972
50604401	0.00624290660406603
50607110	0.00238005643121755
50608740	0.00098727903467256
50611131	0.0124458507500088
50612460	0.244683770654044
50612531	0.00333814870222486
50613071	0.00259172291775751
50613170	0.00076708593976164
50613310	0.0750484254756762
50617481	0.000742794995834713
50618171	0.00126755364021476
50619650	0.000894008143124067
50622020	0.00494042929099215
50624350	0.00483644599777261
50626690	0.00317566265994041
50627541	0.00241927601021613
50632340	0.000950034147542017
50634410	0.00195749360110708
50634581	0.0239039010775049
50637891	0.0014532562399289
50639090	0.0129627630204342
50639790	0.00337065679227847
50642441	0.000803152916408447
50645590	0.000830714689797044
50646260	0.000829546120090627
50647151	0.00237732994370864
50648880	0.00252559235605175
50651250	0.000839446138948673
50652180	0.00208381267565793
50653970	0.00103398922676159
50654581	0.00091476279927541
50654700	0.000921746898917313
50654830	0.00582151827597981
50655401	0.00432353254587694
50655831	0.00636298757318324
50658810	0.000894851999089945
50660531	0.235818135411031
50663100	0.000992234476862223
50663790	0.00092297595102236
50664210	0.00623284357594324
50665050	0.00113526753564843
50665761	0.000759364643271544
50667240	0.000977472551945602
50667401	0.00124739586354648
50667630	0.00282393342742068
50668521	0.00538958789125048
50670140	0.0027459146036351
50671920	0.00303456617410731
50672391	0.000970466300382622
50673850	0.00128946848632629
50677170	0.0865767591097472
50678000	0.0144372229414681
50681150	0.000759897542072429
50684080	0.000983356592473073
50686560	0.0213693321878428
50690800	0.00424554787255763
50691961	0.00281301054652471
50694950	0.00108031687883732
50701980	0.000785877168956426
50705611	0.02419843444522
50711411	0.00207193497148889
50714711	0.00792617545918468
50716460	0.00864108909897449
50722800	0.0018505632643373
50727520	0.00542291265285367
50748750	0.00384915718115066
50754530	0.0343644534963489
50755350	0.000825178887742205
50755811	0.000780557808677113
50759360	0.0514283620911481
50763360	0.000744125719663268
50764781	0.0173326616371975
50765970	0.00368229353841825
50767350	0.000773303441336162
50767541	0.00363638723607227
50768361	0.000904185761008207
50770120	0.00927330158261215
50770311	0.00174164010228252
50771930	0.000824119864742317
50775080	0.00158460333645796
50775401	0.000810813867217494
50775640	0.000763238137813961
50776771	0.000832010847845853
50777570	0.00274947891873567
50778021	0.00080794897476222
50778110	0.00193180189153924
50779100	0.000804863146420352
50779510	0.00119539901976838
50785341	0.0267420459265436
50786281	0.000825728232877833
50789481	0.000800769706310939
50790400	0.00103620375470472
50795521	0.00293921151060353
50796091	0.00171859613859252
50797700	0.000852601989553706
50797751	0.0274749607572687
50798240	0.00109402385115872
50798390	0.000938210384503124
50802380	0.00236159412046274
50806301	0.00127926605196498
50807750	0.0246295469607679
50809290	0.0108187047818629
50811620	0.000900107707347969
50813140	0.000753251669418953
50813720	0.00195208283476077
50817201	0.0010744214182331
50820081	0.00168154360198333
50823360	0.00134978944707339
50823920	0.00481793131282181
50826390	0.000766113402401932
50827111	0.001245535576115
50828470	0.00083958709634758
50832901	0.00332680481217059
50833061	0.00094717459227547
50838581	0.00094337199269591
50840071	0.0188188414147465
50841061	0.00571472180702791
50842161	0.0307842638561786
50843241	0.00548608723359496
50843391	0.000759747352110837
50844310	0.00853300447033325
50846001	0.000839503759107745
50850291	0.00092904903295582
50851811	0.00195881085620207
50852621	0.00264059032306412
50853061	0.00162478266647285
50854691	0.000918855522767929
50856341	0.00320551123218636
50859681	0.000859482289521896
50863880	0.00148059960384777
50864621	0.00075135055797562
50864911	0.0030271549742154
50869260	0.00117063712872118
50869871	0.00122597851113337
50872740	0.00086073065308326
50882680	0.351713972556331
50884020	0.0116741589746737
50887090	0.00212169974749209
50890650	0.00443398236791175
50891801	0.00130765505061615
50900710	0.000805009304033818
50900860	0.000773051968938028
50901160	0.0015714521942766
50901721	0.000881871892765594
50902540	0.000863808705159952
50908330	0.00428510230459831
50909550	0.00122039731849277
50909980	0.00087173345466893
50910360	0.00160553337106817
50910380	0.00354847181987035
50913010	0.000739946190088093
50918250	0.000761107038642008
50918660	0.00281451901492566
50920730	0.00107779191122534
50923921	0.000885592201345413
50924860	0.00316292151434939
50925010	0.00196948813134724
50925670	0.00144994146729302
50926380	0.00614804151231767
50929840	0.000920106023996491
50929861	0.000779684979311648
50932430	0.0101063600215183
50935770	0.00102265036064669
50936201	0.000957748399223913
50937700	0.00189581245841757
50938271	0.00121430136394895
50938421	0.00311029338124599
50941430	0.000905380915675849
50943101	0.00509694431881136
50943531	0.000976601096863329
50945150	0.00611219760078684
50945731	0.019302726089364
50949031	0.00106140090754694
50950500	0.00114589203180657
50951060	0.000857284617535728
50953041	0.274989400431464
50954841	0.0100398819011196
50955511	0.00404266558571422
50956700	0.00085764732133646
50957560	0.00242774672156795
50958151	0.01327820059938
50959610	0.00474621098104621
50960990	0.0253929028673566
50961150	0.00225810321217245
50961520	0.00128244897280805
50961711	0.0240509604577322
50963620	0.0018756290588285
50963630	0.00502693946834828
50964911	0.0139331027264953
50965420	0.00136538708939899
50966411	0.00230924831648775
50966831	0.00227913399135564
50967651	0.000767166326068156
50967870	0.000865505539668399
50968160	0.0028075537817654
50970541	0.00182900926904897
50970821	0.0019157042631198
50971190	0.0027061202634544
50971600	0.000765041758596135
50971931	0.00518140937313144
50972730	0.00102833259520852
50974500	0.00375275515797537
50976881	0.000901942550190916
50977021	0.00202389877204482
50977871	0.00660684765972109
50979190	0.00467389846683163
50980280	0.00106352452269925
50982411	0.00188561068587878
50985581	0.00156393200912287
50986500	0.000815545226568591
50988211	0.00531123135272683
50989260	0.00129794171804382
50989660	0.0011556504341598
50991241	0.00234433116059244
50991450	0.00108917371155494
50995740	0.00171811820966905
50997390	0.00133558477647641
50998961	0.0167764704226378
51001041	0.000909496149370737
51007060	0.000968301654459486
51008440	0.00675031008387661
51008860	0.000851232637855076
51012420	0.000894947301595521
51014261	0.00106801175842223
51015070	0.00113996393785661
51017410	0.0013148485836566
51017571	0.0340714190380335
51021110	0.000837470326959135
51024690	0.00323213646765906
51026401	0.0593764348233883
51028020	0.0048275165487132
51029260	0.000988542072365317
51029520	0.00231726160647654
51029731	0.00144372225346648
51030121	0.00126457548318222
51032621	0.00107552744270801
51034360	0.0113148115538863
51034490	0.0011059084169694
51037410	0.00304221839607546
51038240	0.000786062849662452
51038660	0.000770774506756722
51041130	0.00118119607225295
51041650	0.0074878042058624
51041680	0.00130751727086763
51045721	0.00102713111776785
51046240	0.00735640179992024
51046490	0.0124941850152323
51047781	0.000959804969731265
51048170	0.0066390843485287
51048850	0.0306684385298055
51049851	0.000777965737919235
51051091	0.00200762065120967
51052700	0.000902814525992681
51053280	0.00182397792801361
51055590	0.00706384386600555
51055641	0.00110974776629743
51055900	0.000937377147763817
51057981	0.00991350694758655
51059651	0.00691659598981241
51060450	0.000831504100835817
51060751	0.0075596431834376
51062230	0.000835333942844711
51066070	0.0409556363439232
51067620	0.00172151215378155
51071320	0.00298683978723052
51071590	0.000831008285421254
51073421	0.00893927847329898
51074490	0.00109561690976963
51076041	0.000862323661611136
51077281	0.0233186991534461
51080150	0.00582463002031163
51080570	0.00633904199275828
51081140	0.00202610765082146
51082821	0.00358740000341182
51082890	0.113040416464336
51083771	0.00154679172278444
51083911	0.00148701017219257
51085841	0.000735318026023058
51086681	0.00309076751715622
51090910	0.0015434741776432
51092010	0.0031542884892058
51093701	0.0100489231584202
51097561	0.000767572582313861
51098821	0.0304253776180161
51100690	0.0222776102028707
51102480	0.00166565735944265
51102531	0.00136496973872893
51103160	0.0031921836085549
51104550	0.00187996666359482
51105810	0.0027521207034341
51106780	0.000820909385081166
51107211	0.00650156000270039
51108160	0.000785048406560356
51108400	0.000938673250771493
51108700	0.00133984419634912
51109400	0.0106290047976478
51109581	0.00210913792844192
51109831	0.000835805694051542
51110951	0.0167840570656437
51112160	0.000823110728328776
51113390	0.000756010059746961
51115781	0.0634979781842234
51116720	0.00416306107872724
51117270	0.00389670262157008
51122480	0.00958259685407634
51125670	0.00415590736667801
51128160	0.00181891715458622
51128871	0.000791258755592491
51129141	0.00432403269969152
51132440	0.00108653434753578
51134230	0.0041752182830685
51134241	0.000836398467571662
51135351	0.000767032545615369
51136540	0.000851903448972758
51138480	0.00072928566524651
51143211	0.0030087778708103
51144690	0.011291436210851
51146401	0.00122931031239062
51147221	0.00173772117042888
51150220	0.00178687228158682
51150261	0.00257681703004939
51150740	0.00134222163420377
51156440	0.000813310486324533
51157500	0.00353764953013023
51165141	0.173361784829243
51167081	0.173831513688324
51168191	0.000877812815495172
51168471	0.00114346507086037
51173910	0.00652246984138966
51174750	0.00122101919259003
51174811	0.0368121836899106
51175580	0.00184211411828765
51175610	0.00241154493269479
51175720	0.014659679493062
51175850	0.00103499738222912
51179320	0.000730834381553878
51180041	0.00172459492384681
51182600	0.00407451246965357
51185691	0.00907997132183409
51186210	0.00120072550559353
51186251	0.00106408232908808
51187061	0.0252840455751712
51189561	0.000748848011865214
51189930	0.00428084720005617
51191071	0.00350027443094383
51195621	0.00175480154097013
51196280	0.00153725284470212
51196601	0.0194448393002405
51197971	0.00508590262697859
51199160	0.00581148210420987
51199990	0.000802192459375426
51203201	0.00106495115841572
51203290	0.000813325791985934
51204700	0.000769638732005488
51205151	0.00165322463253694
51210330	0.000799245571718946
51211190	0.000789730237470133
51211361	0.00877211073316781
51213260	0.00121985189758739
51213810	0.000952629663864788
51214241	0.00101212453332933
51214391	0.00369936455558548
51214941	0.00458686480760243
51221360	0.00284429937069505
51223460	0.00115496879446645
51223751	0.000773860657543371
51223990	0.00382964842077018
51225971	0.00301299115422513
51229260	0.000780307655156524
51229981	0.000894303631954481
51230210	0.000850740857855266
51230251	0.0571353278135851
51231160	0.00100499513490181
51232140	0.00356205806135113
51232420	0.00292836258486603
51235440	0.0199851705145435
51238671	0.000866198247372359
51239310	0.00201603334690763
51240581	0.00316019047211703
51241151	0.00223345103271087
51241421	0.014677371130999
51244420	0.00170969411954396
51245920	0.00706016408381647
51249951	0.00331266527688092
51249961	0.104791216204243
51258730	0.0124652988442017
51259201	0.0246799719355641
51261701	0.00451888075538935
51263180	0.00395280163529263
51266450	0.000748921048066987
51269370	0.000891975385401919
51270050	0.00263309028334187
51273790	0.00349533688471497
51274340	0.002734193410515
51275481	0.00128645863949585
51276950	0.38184091961687
51276970	0.000992807081898261
51279140	0.00228666725886722
51280560	0.00082203260178126
51285630	0.0110773325465625
51286231	0.000952979193902609
51286880	0.000783574844175316
51289971	0.000769383931270105
51293360	0.00491006727353189
51296031	0.00692816896448199
51296240	0.000920217893300694
51297110	0.00743120069708721
51301001	0.000894726132810417
51303290	0.00107491523159544
51303990	0.00152012624264632
51306190	0.0016390818759009
51309551	0.00495250762496419
51310480	0.000870327940914391
51311611	0.00557504763427181
51312711	0.000746930010490703
51313131	0.000969722014556299
51315280	0.0013990004903321
51316711	0.00143680185431816
51317240	0.0013704816753252
51317660	0.00120834216082775
51318641	0.00274141708215886
51318870	0.0127772082904212
51319160	0.00973020974603717
51319191	0.00849514662973147
51324140	0.00219312549314854
51324550	0.00365234709211701
51325070	0.0048049969467195
51326180	0.00447443794038081
51329391	0.00289555942054073
51335871	0.000758276289477074
51338750	0.000754814791317164
51339840	0.00117093898005076
51340810	0.00105788150176207
51343341	0.00118826529007104
51343440	0.000774815346293162
51343751	0.00197364791800748
51344161	0.00719860342514615
51346460	0.00642875839419078
51346521	0.00999543824844485
51348660	0.00116183800425847
51349500	0.00125505716104357
51350511	0.000990637766577705
51356711	0.0273325230437896
51357360	0.0058322418366121
51357541	0.00146891261840159
51357551	0.000963186305836346
51358190	0.046159365593922
51369551	0.0915627765318262
51369610	0.0772064865295612
51370911	0.0340779877958132
51373640	0.00164614932611354
51378491	0.00146387884073886
51380670	0.00515114878658384
51380701	0.0008307562056418
51382180	0.000794369643012572
51384151	0.00355510425103521
51384540	0.000878855243719942
51392950	0.032145718123497
51398040	0.00210896980388213
51399181	0.00967981934764922
51399290	0.00184986146756161
51401210	0.000834826846504328
51401780	0.00336229639748459
51402351	0.000984904344017576
51403820	0.000746194238946741
51406491	0.00159350544099121
51410081	0.00103273684909857
51410580	0.00125245206728622
51411471	0.00552421384213571
51414491	0.00186160999946592
51418050	0.000781743670132816
51418351	0.00252102138423355
51419700	0.000830197304396099
51420120	0.00314367262983871
51421920	0.00282728321753326
51422781	0.00731340818681396
51424520	0.00153594086758388
51426911	0.00133127631281943
51427601	0.00247260059251667
51430641	0.00404696136136288
51431201	0.00139156630661289
51432141	0.00160793153300367
51436400	0.00134236554580331
51436670	0.000828841137033784
51438160	0.00847441493491525
51438740	0.0035082377521367
51442491	0.00155630921872082
51442730	0.010972602195716
51442870	0.0764014353452403
51445360	0.00198818300569646
51449210	0.00129861757014945
51449470	0.00450152617789258
51451980	0.00421437730457307
51453210	0.00323843832774864
51455020	0.0543586428858825
51455041	0.00581404302566382
51456431	0.000787115069006435
51459810	0.00539918568855761
51460250	0.000835726647315117
51460370	0.00072928566524651
51462730	0.0039277442475944
51462921	0.00184207659237897
51463540	0.00775300693254319
51466351	0.0222323745252174
51471051	0.0138421114984178
51478751	0.00959553380943422
51480510	0.0125286019292987
51502730	0.0027489601153448
51512691	0.00160379598563465
51515721	0.00216009703435802
51516630	0.000959377684609623
51517210	0.00150390853832743
51518860	0.000797664842448963
51519830	0.000881830142035559
51520500	0.00212985133287938
51521870	0.0342137064937119
51522631	0.00471644608574489
51524011	0.00335251093602313
51524910	0.011646351550664
51526570	0.00104027476341852
51540561	0.0104660799586194
51543041	0.0230555326848724
51547711	0.000835703284380573
51561760	0.00340201834827148
51570351	0.0042231264519978
51570440	0.00148951355352176
51570611	0.267377911819194
51570710	0.0423318889431317
51571861	0.00143664548966051
51573801	0.000950565221038961
51574730	0.000895122463558524
51575810	0.00102956298108016
51575830	0.0010575970266409
51576411	0.00200181487269912
51578710	0.00198316670367112
51581521	0.00291831224738738
51582211	0.000795305280007581
51582850	0.000861024344582716
51586430	0.00108633232208641
51587970	0.00182303861703222
51589521	0.00100233324521804
51590730	0.000838948542648554
51592800	0.0017522694252407
51593070	0.00435168448839355
51595270	0.00356372082521456
51599010	0.00647991033644548
51599731	0.00133127585795936
51599820	0.000995746213266277
51600510	0.000837626020939259
51601200	0.000862887130038454
51602850	0.00101126085742436
51603021	0.0120114456238031
51606860	0.000817356023932501
51608480	0.000829474447257329
51608531	0.000848326209202294
51609210	0.695661722542783
51609641	0.00151871264331137
51610160	0.00336052207232889
51613791	0.00630427198892956
51616080	0.00076219264353169
51621231	0.000993824968141528
51623390	0.000922172752126888
51625070	0.00274756997403252
51625381	0.00446460355476965
51628271	0.000789673494549082
51628900	0.00374521221779685
51630051	0.00485809508135322
51631701	0.187682614738989
51633190	0.000909701498292586
51634741	0.00161592662034997
51634751	0.000885614604729701
51635161	0.000736565591389352
51635820	0.00286161608949554
51636380	0.00117337941492759
51637740	0.00080598015721043
51637771	0.00134717773579173
51640370	0.000743741844253642
51640391	0.00213281142668568
51643520	0.00395723306293876
51647291	0.00144698043233622
51647400	0.00546771632875583
51649330	0.00577421381403382
51651011	0.00129650976864578
51652500	0.000755973058163299
51652811	0.000947943642325338
51654030	0.00169204203888615
51654191	0.0034336244827455
51655311	0.00280502621480924
51657190	0.00478794079072652
51657620	0.00157546240350009
51658310	0.00548244599410241
51658420	0.00114647169629642
51661511	0.00115798882108393
51663530	0.00111632902373131
51663701	0.00196642255858938
51664510	0.00807998869194615
51665190	0.0224092149005336
51669040	0.0101083964201047
51669491	0.00340469293517647
51669641	0.00141018497658784
51670270	0.00493668922795275
51672240	0.00215283604465397
51675841	0.00185940596446013
51676080	0.000804608685299913
51681170	0.000985471141436727
51681180	0.00072928566524651
51681310	0.00073959885238658
51683920	0.000797455061218827
51684090	0.00122197336469789
51686140	0.00132653398560673
51690560	0.00128982536573646
51690980	0.00115968102385447
51692360	0.000897392070425829
51698311	0.0125217827501947
51698710	0.000810110040012415
51698720	0.0106493569477311
51700080	0.00132895734337405
51702201	0.000924968930719108
51702410	0.00110865181007786
51702680	0.00851015372552626
51704251	0.00216984094311083
51704750	0.00086231856381278
51711410	0.0146463533580301
51713351	0.00393764386260238
51719670	0.00715830943034895
51720661	0.000771338574992596
51728890	0.00285526367677503
51732350	0.00133794432352551
51733450	0.000997806962993675
51742140	0.00382088921552772
51747691	0.00322456258822687
51754530	0.00141437802905198
51783520	0.0587097612531709
51785600	0.000943256277001497
51791571	0.00408849384271111
51792480	0.00159781702475611
51795220	0.000770942623731473
51795271	0.000751995816886037
51797010	0.000761941778655518
51821190	0.00129157887628147
51821420	0.00127263758169358
51823541	0.00191107961368644
51825160	0.00148356501219293
51825280	0.00108368568884581
51825361	0.000889293153457033
51828231	0.00115336737857645
51830861	0.00338340756976183
51832511	0.000922771263711151
51834260	0.00201465354047795
51834800	0.000832465813966703
51841491	0.390028260695669
51849710	0.00659563939587464
51853211	0.0026304854968962
51855500	0.0068813651890454
51855971	0.00361760861315033
51856600	0.00275591229949096
51856630	0.000916307060946077
51857040	0.00351147446410362
51858291	0.00125473188595338
51860040	0.024362620578852
51862581	0.000859671150822816
51863910	0.0031142432662026
51864340	0.000930949082410882
51865351	0.000751432776741426
51870140	0.00375397500677796
51871240	0.0106830718160043
51877170	0.00766127475412645
51880941	0.00173162925994289
51881970	0.00417949092358495
51884050	0.014598949091114
51886841	0.00100590991812444
51889761	0.000841052154656097
51890390	0.12391328153305
51891630	0.00173976098237742
51896361	0.00236010284345306
51896600	0.0059334863815419
51898100	0.0023465371445758
51898540	0.000980638749975923
51901030	0.000826644572686705
51901730	0.000808773983239037
51902420	0.00103859344764672
51903070	0.0312026156207376
51907541	0.000781653690391234
51908480	0.000984769961837674
51909051	0.00655624968396586
51912460	0.00398333202419623
51912900	0.000810087947287729
51916600	0.00178808690718667
51917211	0.00695185017081436
51920050	0.00221978794835309
51928231	0.0228188963165334
51931251	0.000902401180413582
51932491	0.00130084880886405
51932890	0.000809330766643944
51934930	0.000869157069812623
51934970	0.000800800115066541
51935900	0.000939276870898665
51936651	0.000831365862410976
51936890	0.00779340943368149
51938581	0.00108934231401363
51940091	0.000865844827560583
51940221	0.00125716227344343
51941560	0.0103888606142702
51942421	0.00505664213656556
51945410	0.0014523901867388
51946000	0.00202193020011255
51946031	0.00349963754598019
51946721	0.000899683789408286
51949751	0.00193914644154129
51951480	0.0015059295894751
51955070	0.00220288114566131
51959890	0.000954576254253259
51965700	0.0404126125765906
51967941	0.0139560726200581
51970861	0.00335612521377903
51974841	0.00211165674036144
51976091	0.0291185401073408
51976101	0.00103287559523253
51976590	0.000828261163451265
51977181	0.00148525205808776
51978711	0.000940718992053836
51984081	0.00150204216742531
51988351	0.000739849702014607
51990650	0.00603641634107948
51991521	0.00130972961817307
51991931	0.00085404394695974
51992361	0.000975129542426372
51998151	0.00444824704333484
52006691	0.0217628560077449
52013810	0.00125358851796387
52014780	0.00372464919783115
52016221	0.000833423432898492
52028501	0.035854758609562
52037140	0.00104468820045072
52043210	0.0465740227261187
52045871	0.00100035263350273
52053171	0.0031081855655736
52059920	0.0121683568589783
52060891	0.00250997728890246
52065451	0.00227016992132763
52065881	0.000796326726898151
52076901	0.351652124395814
52079101	0.00126396122356912
52079371	0.625200816883318
52081260	0.0026220807044557
52096030	0.00106366517998515
52096300	0.000882573565294539
52103220	0.00247823216574842
52103500	0.000996020811018299
52105171	0.00162010118385689
52106961	0.0008565094867755
52109120	0.00217554936981278
52111231	0.000836981650963486
52112481	0.00167521624773794
52116150	0.00123004515772165
52116160	0.000779555581183248
52117290	0.0047159853389475
52117451	0.0011154645185082
52117560	0.00286513404805957
52120420	0.00109586138346671
52125301	0.00640255438595585
52128751	0.00106076247050839
52131220	0.00101655522580708
52131350	0.00209044241417031
52131381	0.00120577430446164
52132700	0.000736264951139303
52136201	0.00100737558334933
52136970	0.000804199371539452
52136990	0.000825033517184828
52137010	0.000910045087887664
52140071	0.0139076548378649
52140440	0.0105641537072913
52143750	0.000803997965664736
52144560	0.00141606814613836
52148071	0.00132631683832301
52148901	0.00163935502301898
52150370	0.000841743807687534
52150411	0.000936327486961436
52150421	0.000786209049242834
52152160	0.00234034993480622
52153451	0.00184779174725684
52153820	0.000844570796502534
52155740	0.000767540847842215
52155921	0.00187857888452557
52159661	0.00975487057184872
52161520	0.000872616947792525
52167180	0.00901567553041852
52168730	0.00235284011992404
52170531	0.00089356251959811
52172970	0.000993096716517839
52174250	0.0076125692397709
52175750	0.00122194223554068
52185400	0.000995998327121445
52186001	0.00323792799450468
52187630	0.00162542315756768
52187750	0.0077762900065529
52187791	0.00447226026029257
52189810	0.00203897797473627
52190001	0.00280082752219289
52193581	0.0144266804701975
52195221	0.00273660593148709
52197420	0.0100251714711576
52197431	0.00116491833009109
52198790	0.00164852064088621
52201120	0.000913615302358857
52203501	0.00905553237685573
52204891	0.000969605306287622
52205400	0.0197665341626154
52206240	0.00972416404642579
52206370	0.240319312656396
52207771	0.000881995715397324
52215781	0.00490534801629034
52218890	0.000908081135231264
52219060	0.000903654896862867
52219231	0.00873822916897788
52220201	0.00137193640768324
52223381	0.00235048501331469
52223911	0.000788591780662422
52226230	0.00075758724028959
52227381	0.00278234801996489
52228481	0.000885198139976663
52231180	0.0031085960649729
52231491	0.00764100772533699
52233431	0.00897484967743458
52233950	0.0018288781407131
52234251	0.00459021410247938
52236450	0.000780963303191169
52236710	0.000850360417768925
52236720	0.00126339212024837
52240850	0.000998773252515714
52241021	0.00241622889449665
52242360	0.00109651370613497
52245530	0.00399383001892216
52246500	0.00375075049465087
52247580	0.0042741977432414
52249971	0.0497097176434065
52250500	0.0940678298083711
52251211	0.000759491139767766
52255990	0.000800618721854642
52256041	0.0432902885625953
52258551	0.00182360702294479
52259211	0.00139216193259507
52259221	0.00109880052573949
52263460	0.00400171116523555
52263771	0.00293552308718777
52265031	0.000759223560186081
52269991	0.00308216150192545
52270401	0.00115866115737413
52272481	0.000924009475618468
52273001	0.000892251713430805
52274510	0.00110307500742553
52275850	0.000765969687045472
52276140	0.00731551052705972
52278531	0.00110820336508301
52287890	0.00110735678567693
52288680	0.00126215278780177
52301960	0.000910844282770701
52303371	0.00147642577048729
52305110	0.000820828369235889
52310381	0.00170973528616156
52310610	0.00153175058578821
52317500	0.00364888254078539
52318780	0.0016469432180307
52319850	0.000789344722499717
52319921	0.00105889708377482
52325291	0.00171951300663789
52325540	0.00323532681129427
52326490	0.00313379214902057
52328560	0.00290039507916338
52329540	0.0195281209158252
52330220	0.000779520669956505
52331590	0.00175775112243745
52331990	0.000894757609314312
52335300	0.000934384040438906
52336540	0.0499250806993051
52337691	0.00216131476959285
52338470	0.00852230618982834
52341821	0.000894629684371641
52342910	0.00254083398015671
52349431	0.093469629161109
52364530	0.000945983994065329
52368120	0.00156836844253378
52372140	0.000875140971111145
52374600	0.000864812178367939
52378801	0.000970443084489986
52382760	0.00949207028297024
52390050	0.0160952436502448
52390070	0.00118196110267717
52390460	0.000904347712033304
52403850	0.00101767513910155
52404670	0.00332063301338483
52408140	0.0167911793863446
52408660	0.00094308718705492
52412140	0.00231808009008543
52413141	0.00559782821125938
52414480	0.00455874097204011
52416861	0.00439302225647554
52421281	0.00667094441787021
52424980	0.00233481282039307
52443870	0.00202723473370746
52446641	0.00235482040449665
52449681	0.00308518221826104
52449971	0.00612925199503979
52452660	0.0512629371410091
52460311	0.00083472929054398
52473671	0.205233737238837
52474101	0.00407575809492235
52479741	0.0615818885287631
52482590	0.000784993648414203
52483461	0.00096702926946987
52485790	0.00669510052425558
52487881	0.0118402131096408
52488270	0.00115087078320207
52493531	0.000795799388203292
52496171	0.00512260930851762
52498330	0.00103620676361663
52501650	0.00119740305832529
52502101	0.00262996691908547
52503611	0.000775630194694843
52503730	0.00119889828925759
52504120	0.00221388108819298
52508950	0.000806803528299423
52514600	0.00102199194703327
52514760	0.00110222279066259
52518911	0.000767324462956281
52519560	0.0293218366120046
52524380	0.0515147878714104
52526450	0.0070482912649138
52527850	0.000955966457401753
52528711	0.00178063130543323
52533271	0.000919855873102862
52533350	0.00112688332456625
52533930	0.0587362689953091
52539061	0.00179543816534698
52540441	0.000901115795691086
52544240	0.0144720858366466
52544581	0.0232681651105969
52551710	0.00120899100351924
52554231	0.0028081770245369
52556270	0.0116369405024088
52558030	0.0060734802064692
52559751	0.0024529446508561
52562221	0.0035290920857929
52562351	0.00197818297789991
52572301	0.459701930524214
52576540	0.00105284419674237
52579400	0.0152206379502376
52579410	0.0012267885794561
52579871	0.00242667075991415
52580650	0.000776587775917687
52581661	0.0011215190924981
52586180	0.0011442188780651
52587731	0.00176543925577628
52588380	0.00074367901001179
52589070	0.00255437245848461
52590901	0.0370183910133913
52593531	0.00212812719408611
52597521	0.000810225153711444
52599680	0.00246632173146782
52599840	0.000968697941923542
52602310	0.00640298387853547
52605370	0.00653013118795704
52613190	0.00101956918765533
52617541	0.000940593678593339
52620110	0.00183536009321705
52621050	0.00249229525827174
52622641	0.0144696917732979
52622860	0.00408413466137709
52623260	0.00617767789997509
52623430	0.000865153085211855
52624950	0.00075784624814604
52626160	0.00152443807137776
52627471	0.000810447793613602
52628380	0.00353863767954727
52628411	0.000798693485870807
52628930	0.015112583022877
52630641	0.000912940801592406
52631120	0.00250081341773924
52632100	0.000810610757672985
52633910	0.000782190097363732
52636120	0.00540172524748259
52642211	0.410802657331881
52648821	0.155186823964056
52654740	0.000874194915075227
52657750	0.0608351119493439
52659840	0.0020607342955905
52660701	0.00141547954216794
52664650	0.000804871766616169
52665760	0.00173801064699643
52667270	0.00420623955617074
52669381	0.024962707820787
52670481	0.00083025703863232
52671140	0.0160351177860338
52672011	0.0031808076232707
52674980	0.00190592623837164
52675290	0.00419206100639304
52676841	0.0118037759903855
52677251	0.00141240327232996
52687570	0.000802452435713127
52694160	0.00188200749443288
52700230	0.00323559239726838
52700910	0.00197053563881489
52701210	0.000748443171643274
52703680	0.0136400956038553
52707400	0.00327671628891318
52711530	0.003934823877512
52723700	0.0235085578534526
52733740	0.00123401673613538
52749210	0.00174023883127273
52754881	0.0115251855306466
52756930	0.00132307616619759
52763591	0.000976888463043861
52766180	0.0157013141280671
52781750	0.0036143154108126
52782990	0.00628782651552069
52785450	0.00214099026694081
52787041	0.000795745543602299
52788281	0.0368568143416333
52789221	0.00280342974226469
52793760	0.00232596181898613
52796691	0.000941112292950001
52797720	0.0144865493435062
52800650	0.000824979244770728
52802040	0.00128819375337702
52812510	0.000947959905207407
52812961	0.0105167701798964
52819830	0.00734862505508337
52820541	0.0666459682388282
52824391	0.0124128890747987
52826550	0.00413742098562384
52826970	0.00074180346623372
52827000	0.0122278475661001
52827790	0.0169273826104746
52829651	0.000811620790004553
52830580	0.000742794995834713
52831000	0.00138969065142397
52835711	0.0036542867735927
52841030	0.00120471151161573
52844750	0.218584331791442
52846061	0.00334262418263419
52852910	0.00139784013935926
52855120	0.00095921504058996
52855790	0.00106791609419879
52857340	0.00345138018551187
52858420	0.00598439510217351
52862341	0.000749512979678558
52865050	0.000767212527153845
52872961	0.00091888650334609
52876340	0.000893435321742058
52877590	0.00118991540808997
52879090	0.00162591593874431
52881621	0.0804464329258916
52882611	0.000755524361096746
52883370	0.0149468948082023
52886290	0.00174331914248016
52886440	0.00421999931358064
52887670	0.00881895690936791
52890830	0.00127275345086147
52892650	0.00210039146980238
52893361	0.0885192085545282
52893590	0.107606803800572
52893710	0.00870216110915613
52893901	0.00265062693782769
52895520	0.000752984463255534
52900811	0.00356789629652784
52905020	0.00357164431640869
52905200	0.00690526304180205
52907711	0.0011622198271078
52914970	0.00100382636549391
52919530	0.140678912677161
52921921	0.00076840590238821
52923701	0.00120355981164794
52927411	0.001071927680756
52927841	0.000852925887736967
52928910	0.00169866684319925
52929980	0.00243198718787625
52937880	0.000892472618386053
52942290	0.000827244245809905
52947971	0.0328597741021271
52951291	0.00086522311548172
52953351	0.0119447786619856
52953470	0.00138400065389229
52955001	0.00197432541880656
52955360	0.120089708711342
52955691	0.00662436142970576
52956350	0.0144031164951823
52958051	0.00422529107990172
52958560	0.00221163354634806
52959950	0.00290907665775948
52961310	0.00169180104982502
52966311	0.00221232969923606
52968910	0.0034995234506924
52976101	0.00114733520464878
52981150	0.000985057405010991
52982390	0.302881799295636
52987281	0.00285013620883148
52988750	0.00110646078594462
52990260	0.0469490834814204
52992251	0.00232458676237457
52992371	0.00209830704186229
52999541	0.000858881161971714
53000641	0.000809783768784658
53001600	0.000915532504629229
53004231	0.00237901021945269
53006820	0.00317979716189667
53010800	0.00124985892645649
53011650	0.0293792866598498
53013990	0.00171593097574248
53016880	0.00218858411306375
53019940	0.00183601864176208
53021881	0.0123805547150737
53021901	0.00363840914827505
53028770	0.000885026097975686
53037140	0.00176827844005504
53044921	0.00699660067100481
53066400	0.00106112715853971
53067001	0.000868088274768825
53067090	0.0512392684017753
53074011	0.00746970376096324
53075770	0.00171470493882884
53076511	0.00180797543792501
53077830	0.00626640734864157
53079261	0.333163740989109
53079971	0.0455300968602563
53081051	0.0016801538495568
53081611	0.00301782473117897
53096070	0.000879086376303487
53096870	0.0023145808745099
53105061	0.0027516298605206
53116330	0.00394488743116588
53124440	0.000949866131843267
53125741	0.0204834432102985
53127240	0.000769364030936509
53128211	0.000827271938722879
53131210	0.00174999777679215
53132781	0.00125251780328923
53133181	0.00668760802348993
53133751	0.00554036835516801
53135080	0.000773449956543639
53135090	0.0022387132182936
53136720	0.000933406198577914
53138390	0.0779203550955878
53138520	0.0145782102358788
53139060	0.00363530718054325
53139070	0.00124795242226624
53140870	0.000966437053887136
53144740	0.00287877534591754
53145160	0.000961832388932907
53145461	0.00099426944823964
53145960	0.000806468831660963
53146410	0.00207211220246012
53146701	0.00104335373523406
53148231	0.00219878331053058
53148901	0.366609037376723
53152491	0.00168477904478576
53152720	0.00108272320514071
53155671	0.00178605035988263
53157550	0.000760214548399577
53158130	0.0693297477036607
53159060	0.00256637815456386
53160200	0.000812320315050463
53162291	0.0029243292338328
53163080	0.00129879017527499
53163900	0.00210589005497155
53164371	0.000770813653390296
53165410	0.000770602177448496
53165550	0.00190407745016012
53165611	0.00168529140854
53165741	0.00212967103952188
53167230	0.0152030824865262
53167261	0.00132897338489764
53167941	0.00176580998811397
53169181	0.0115221405790425
53170390	0.0051904380464773
53173140	0.00200427164701198
53175261	0.449397535606849
53176300	0.000826024055978553
53176440	0.000772206759009633
53176470	0.00077882596019817
53176610	0.000785481076512919
53179750	0.00301218499416423
53180020	0.00341644407626117
53181311	0.00547928770662732
53181731	0.000894599473669009
53182780	0.0107262899745624
53183340	0.00544465343681082
53185010	0.0109101507076874
53187470	0.00084029998269939
53188330	0.00703858012260899
53189171	0.0022907050356112
53190691	0.000840839971655839
53190851	0.0166384222324006
53191101	0.000863527914673505
53191640	0.0007966283878924
53191740	0.00386248179985214
53193420	0.00521143974881409
53198991	0.0298726521231957
53199791	0.000833252095628654
53200310	0.000903029513472774
53201140	0.000935711481406844
53201741	0.000861418165925985
53206640	0.00309249328056692
53206701	0.00496391980071693
53206800	0.00083457453940479
53207391	0.10284944979252
53208050	0.000906477395979758
53208091	0.0189526474933872
53209181	0.000765345470000474
53209420	0.00217975695754016
53212980	0.00110046246520282
53215541	0.0170452247445573
53215610	0.0498932220184879
53215661	0.00210083406840819
53216710	0.00364526586422381
53220751	0.00118151881101705
53221171	0.00568212636299551
53222360	0.000896550071431269
53224310	0.000796888805575081
53225980	0.266824204583371
53228771	0.0671162487290577
53229680	0.00197720109497691
53230940	0.00445040212679883
53236891	0.00190302402269787
53237881	0.00108608204789207
53238920	0.000788219050858852
53239460	0.0113930293776915
53240190	0.00289600422424141
53244860	0.000749867298634231
53246001	0.00191486614957437
53250910	0.0103122474038157
53252351	0.000784898889140754
53253191	0.00268414167115729
53253250	0.000778746577280737
53253680	0.000936768682913441
53258370	0.00133738182904106
53258390	0.00149722639269732
53261010	0.00409839265964344
53261150	0.00120547511540285
53263251	0.00225244379697196
53266551	0.000960521589441019
53267121	0.00104063454002399
53269560	0.00463863403034329
53276071	0.00298001845956209
53278821	0.000862264728526871
53282780	0.00179966837007588
53283190	0.00194427098464955
53287200	0.00444616453512267
53288970	0.00119183424066938
53289260	0.00272677950344093
53291210	0.00925824897799318
53291490	0.000924236767705953
53293280	0.00719027019711083
53295080	0.00142632712543291
53295210	0.000833911516203774
53296030	0.436840876716003
53296061	0.00279450450157216
53296430	0.00131542389098519
53297410	0.00544547493567545
53300040	0.0011517016156373
53300191	0.0172945715894125
53300300	0.000985261265054034
53301110	0.00373292914872236
53302530	0.00132195687346449
53302640	0.0643599392815066
53304481	0.00181284941118359
53305041	0.00450791444945595
53309861	0.0210150647499152
53312280	0.00858050000124527
53318261	0.00844535595505572
53318551	0.00189776887810803
53318561	0.000756757319729723
53322530	0.000825116208444175
53324170	0.0413897577683257
53324180	0.00387090047657305
53324560	0.0450806008875552
53325031	0.00129371441467
53325851	0.00327736718969808
53327391	0.00233853153583207
53330271	0.00106183129861255
53332830	0.111934463672471
53337120	0.000838417100245349
53340000	0.00113015469007138
53340870	0.00291309347575783
53341451	0.00674922111696077
53345110	0.00692449001689008
53346551	0.0010922447387078
53351490	0.00348843501406775
53351900	0.000765520038738269
53357711	0.00091718344698527
53357981	0.00115640666631065
53358240	0.000815476070851625
53362640	0.000863350273596174
53365670	0.000749539685392388
53368891	0.0025472139007461
53370220	0.0272585086493154
53370630	0.023753121353583
53371361	0.000794606945303249
53371600	0.000812392186645306
53371781	0.000842575271239275
53383911	0.0820954372542468
53386551	0.000845621835234261
53386681	0.00107677393092093
53390961	0.045720025847376
53391210	0.003538879037995
53397571	0.00583209596308591
53398131	0.000802882542527503
53399511	0.00207968327312033
53401311	0.00114232833648458
53401510	0.0038226993366932
53403221	0.00315040412904893
53403791	0.00204623131280341
53405810	0.00128124651617073
53408130	0.0259997000040989
53409670	0.00233380217992336
53410230	0.0215041561066033
53410240	0.322920533382697
53411760	0.000790350684686172
53411990	0.0016760797055524
53412310	0.0234492160057183
53414541	0.000809607880489464
53416690	0.0253056195595472
53417670	0.00152967130698369
53417960	0.0393456647943512
53419890	0.00632498739896284
53420420	0.0147912004126695
53422920	0.0044809957074686
53423921	0.00609871209053925
53424170	0.00311850948032789
53424680	0.00970128801452892
53425250	0.00112110626794051
53426401	0.00163708961872734
53426470	0.00467747450214573
53430620	0.00137991623105401
53434401	0.000791003841298754
53435880	0.000860609691851794
53436871	0.00313925821965938
53439860	0.000861264725846611
53440300	0.00755030175694381
53442480	0.000979390152235511
53445260	0.00135552973880026
53449851	0.0174531427617932
53451160	0.00084030968784619
53451860	0.0040052356184365
53453250	0.00428140551148541
53455651	0.0258333328334467
53455911	0.0243844498622205
53456150	0.000902539366204726
53457820	0.0107766394650644
53461991	0.00168750442051434
53463190	0.000870571517330951
53473411	0.0184571617973181
53476031	0.0213535102909322
53477640	0.0209874664447124
53479330	0.000817402643436646
53480580	0.0275011747492523
53481831	0.000879661157004356
53485981	0.0120456741951954
53487491	0.0811675200714708
53490480	0.000832464446284152
53492160	0.00280545767982837
53492680	0.00180825255580618
53501250	0.000954050541955514
53501530	0.00563417188372301
53503170	0.0058547686599571
53504840	0.176893259720222
53506340	0.00282142134904957
53509380	0.00368900254213475
53509500	0.000978145841310741
53510070	0.00213558150065794
53514610	0.00525528801277683
53525971	0.0145411154018522
53526220	0.00293205313953946
53531700	0.00308634870641371
53538740	0.0255851930914867
53539201	0.00112814680329311
53539720	0.000834490960223959
53541390	0.000791604247496823
53542620	0.004988889088514
53543501	0.00109441981178156
53545971	0.00491131238434834
53546500	0.000859544565082797
53551730	0.024993292785491
53552741	0.00292664825641617
53556410	0.00307864513358943
53561220	0.00109534416177406
53569390	0.0010270659266988
53571420	0.00159814689778025
53572000	0.00165347059016795
53575300	0.000809042340767744
53577230	0.00178703195466361
53577660	0.00933280908116901
53580571	0.0099816523087337
53584680	0.00114042499517212
53588031	0.00205648231921106
53588140	0.00810974733215646
53590040	0.0035408067164348
53591751	0.00127954539396309
53592110	0.0012317911791684
53592810	0.00142827190895997
53595320	0.00237806920876967
53598350	0.00230508563667179
53598490	0.00166862440225954
53598600	0.00415440571081153
53600280	0.00710659022492612
53601811	0.000816445766618738
53604000	0.0102651368583556
53605131	0.00146178806644846
53605770	0.000938371299023117
53608130	0.000851041583855552
53611170	0.0235069836716122
53614310	0.0067748498997306
53617920	0.00244565294658156
53619611	0.00147006618201886
53619751	0.00079713029100187
53622221	0.267309862283887
53622330	0.0170147381770095
53626340	0.00117469164550029
53626480	0.00105858788128796
53626911	0.00692601503756213
53627870	0.00391063058514312
53628311	0.0072135311016475
53631201	0.00383448733215431
53631840	0.00818319896993638
53632560	0.00235561053930746
53634511	0.000922772257149632
53637230	0.00289644812524291
53639020	0.0154218135835784
53639491	0.00252785800709588
53640540	0.0222430199791992
53640820	0.000903538716236072
53642480	0.0011362410269003
53642880	0.0159694675448537
53644380	0.00946319761136875
53644930	0.278705141456426
53646101	0.0035392905023248
53648660	0.0541635574807539
53649110	0.000864746084566201
53650320	0.000774997790005156
53651830	0.000904092591311216
53660660	0.00137221605588116
53664851	0.000772082686194406
53665510	0.00093121292526241
53666760	0.00265530498940632
53668940	0.0046545272811044
53668950	0.00230385324838477
53669620	0.000802381541038871
53671150	0.00354491279792959
53672161	0.00541585431334225
53672800	0.00176886608662592
53673811	0.129300555389864
53674050	0.0029007900105923
53675830	0.00239510666867858
53681001	0.00119230273648197
53681790	0.196509611403093
53685220	0.00133864890883156
53685360	0.0102283695148304
53688561	0.00131780582715763
53689401	0.00101760047908047
53693821	0.0062339866209817
53706450	0.000891815132277953
53717090	0.00117290667326853
53719840	0.000743621370715058
53732780	0.0066653626125069
53735140	0.102642191010536
53741220	0.000795216993806618
53750371	0.00145199327607836
53752011	0.00150714921880255
53752141	0.000858739058803848
53754641	0.000791710689094783
53755731	0.00116276198782154
53756370	0.00633245716710772
53756640	0.0132437157967455
53758641	0.000810607451485944
53760810	0.00659636808274287
53762641	0.48123381497292
53765470	0.00103375840853252
53765490	0.000822845901256059
53767321	0.0321247966528254
53768120	0.000769255556155352
53769821	0.000899595399599262
53770440	0.000878752642495915
53777801	0.00573651041078114
53777811	0.00134977880230068
53778440	0.0318304406327651
53781391	0.00269680535200662
53784161	0.0038437244796207
53786491	0.000769398710405024
53789470	0.00796318982630701
53791400	0.00151353066388643
53794720	0.00111049329433431
53795440	0.00320720146947551
53796271	0.00501208937340988
53799471	0.0024900652832351
53801770	0.00813622926089642
53802060	0.0398187337328937
53802641	0.000992910284853223
53803171	0.000991591762196872
53803861	0.00213513622064631
53810361	0.00277152771841491
53813760	0.00212202578448234
53817910	0.000777738593808755
53819280	0.00486848018456954
53821121	0.0661853443320713
53825900	0.0528815981433042
53827810	0.000994221573614321
53830190	0.289110055458148
53830320	0.00118352059727843
53831710	0.00273113872653533
53831810	0.00152902212446223
53831881	0.000967482751902532
53832431	0.00108712129652886
53834771	0.00079782113832403
53835550	0.0108876504800915
53839250	0.00334153004618907
53839451	0.00139228730297314
53839670	0.00528049324566248
53841070	0.00690789247693933
53841480	0.0204532433785729
53842170	0.152738700875355
53843960	0.00210196423357803
53847861	0.00107708458165572
53850221	0.000854343325757253
53852120	0.000840488080126618
53854700	0.0558014962898106
53855680	0.0582295618609133
53856670	0.00394658705595576
53857941	0.00114031989965732
53858860	0.024870108629788
53861610	0.000910254454685228
53861740	0.0209210498503068
53866710	0.00277635649114421
53873941	0.00128880097331743
53875270	0.00285285939787792
53876971	0.000982482273792644
53879660	0.00103695596465178
53880650	0.00393638925949343
53889910	0.00123057088664652
53891280	0.00478956275359307
53893220	0.0016685588437261
53893371	0.00886428134741619
53894570	0.000898303162124817
53904271	0.00208641606320478
53906061	0.0475945946030639
53909241	0.00570242281922387
53909460	0.00234744165042706
53910460	0.00725470564794822
53912691	0.143829038710416
53912770	0.000835543530191074
53918071	0.00146445807314242
53918201	0.0195012721060836
53922071	0.00524298904517457
53922970	0.0315861630768235
53923660	0.00381288550618549
53924971	0.00292389979526033
53929771	0.00145300536303491
53931010	0.00190926889157415
53932681	0.00598208309680203
53941190	0.000825227710594911
53949521	0.172192591145239
53958341	0.0486776490378472
53967561	0.00228101955234538
53975280	0.0779044370285093
53983301	0.000982479989017977
53998191	0.00130404547382058
54000620	0.00157284650204494
54000650	0.0033233242158258
54006580	0.000854338929114502
54015841	0.000876153748325668
54016230	0.00452191197840101
54017890	0.00107252913616533
54018140	0.00107432226651428
54023950	0.00305743887583441
54027431	0.001169822168794
54036910	0.000915163226149481
54050140	0.00176801796245053
54052350	0.00118930476540552
54066061	0.00125150841087474
54069060	0.0010690464074686
54080190	0.00735721401232471
54089231	0.287184276500852
54096791	0.0047012891231743
54097091	0.00943842548367354
54105641	0.00102140230129924
54114810	0.000843889232677541
54118721	0.00188465293830969
54119001	0.0039908336331632
54120121	0.000828225643273566
54121590	0.0011762785986959
54121860	0.00450689323217443
54123220	0.00106725726762333
54123400	0.00148048069463438
54136371	0.000960943093407986
54137211	0.00110227731664497
54137590	0.148665095894112
54139950	0.260949333601206
54152180	0.000845648794760627
54153331	0.00385461981006507
54153850	0.000825263997703634
54159401	0.000902008573110788
54164511	0.00244797816869401
54166540	0.000757594683295592
54168750	0.121511401728126
54169201	0.00282575618737849
54170021	0.371862007764949
54170820	0.0550828735005581
54173351	0.00401637023851287
54175240	0.398050166954263
54176360	0.00299493293434564
54178250	0.00112365794174194
54178290	0.000826296503504825
54178301	0.00173516311984684
54185580	0.0222113283646406
54186270	0.00843603749763894
54186520	0.00181452465270662
54187421	0.00178562093435486
54188371	0.000839823444133272
54188450	0.000929552422824966
54189030	0.00431233627361808
54189560	0.00725406382062985
54189720	0.203643670991679
54190390	0.000762965783256488
54191780	0.140128746086531
54193310	0.000809568869154749
54194840	0.00160646822066492
54204200	0.217882500307486
54204661	0.000843435626458179
54208801	0.002184262552656
54210171	0.00860772306275573
54210280	0.00137528529142395
54211630	0.00082880364076597
54212040	0.0204147689800642
54213201	0.00108620601108421
54214041	0.00161522427443686
54219480	0.0134486693629246
54221990	0.00105286422585486
54223121	0.000746930010490703
54224661	0.00216382941811954
54225590	0.00202595007743698
54225720	0.00116182887914173
54228180	0.000873662754415789
54230171	0.00276141387594286
54230861	0.223605947133824
54238431	0.00284500543765958
54242841	0.00321047540159145
54247650	0.0173847576580352
54248241	0.000764489458796685
54248610	0.00160160364023959
54249181	0.000902505046836666
54251090	0.005704669173776
54256241	0.0894474625231877
54257550	0.00101356759967433
54257570	0.00123097286794133
54258680	0.000794246231380621
54260330	0.00338392789628273
54261140	0.00229601052208899
54261741	0.000885051357160989
54266171	0.00134419104911159
54269270	0.00106784206645351
54277820	0.00393084573548226
54278110	0.00440601287161325
54278690	0.00143240381042646
54280340	0.00908511461287977
54280450	0.000986221092327796
54282660	0.153354752930876
54285160	0.00119335048840972
54285820	0.00109533838276081
54288491	0.00112027614564257
54289290	0.00306627189578866
54291111	0.0071897149014419
54294100	0.00151910580213112
54294250	0.00265784652951392
54295920	0.000946586816439255
54296320	0.000972829408653824
54296440	0.00102326427658983
54296901	0.00154383755054816
54297481	0.0163813930061518
54297550	0.000826416297792837
54299541	0.00169491920051235
54300060	0.000860486661985044
54300501	0.000753747016538379
54300880	0.0203758315832746
54304911	0.000826926283568439
54307500	0.0335406858649145
54311640	0.0107602278734579
54313830	0.00238089697340855
54314090	0.00654283823621822
54322790	0.00256066519063184
54322940	0.00642695670417353
54326120	0.00216772520068987
54326260	0.00173447823836709
54327350	0.00132939019390962
54327490	0.00214385082236886
54328020	0.00125616453723689
54328621	0.00297165351797428
54329970	0.00102615432091074
54332180	0.140233369327558
54333990	0.00215747323947623
54336501	0.0127249265799179
54337150	0.00424316929308206
54338230	0.00310662829570206
54338520	0.00140205537546236
54339271	0.00826043926244486
54339880	0.0321475751354553
54339961	0.000857016058347962
54340160	0.00108494630165958
54344590	0.00442505799669715
54345440	0.000782549417199385
54345540	0.00127862739617207
54345820	0.00470132439535016
54347340	0.00677749694846519
54348310	0.000960733439205659
54348351	0.00170380175558281
54349300	0.000819237141176378
54350701	0.000799607363902417
54350991	0.000906284251033996
54351541	0.0673302892116327
54353321	0.000937662739375411
54359490	0.000803934764131583
54362691	0.00126096800311128
54366141	0.00222983932883739
54367681	0.00843876318273384
54368590	0.0237175406878774
54371090	0.00293698727436414
54371261	0.000940228196449407
54375890	0.00173631725654874
54376320	0.000740475435690069
54378021	0.00141462157899738
54381451	0.155776526146041
54382220	0.0201698445843292
54385570	0.00150314260554522
54386110	0.165450166026023
54387600	0.000828897417058904
54387770	0.00337775854516972
54387880	0.000819632415935077
54389690	0.000951028594042442
54394520	0.00297578101473832
54394650	0.00108046622152495
54394711	0.00905541942665064
54395951	0.00379300003315877
54396201	0.000828400093573156
54396621	0.0181409055285326
54396740	0.00813985514333463
54397171	0.00112522033394573
54403951	0.00232243677164231
54407770	0.0102785635540585
54413881	0.000772213322923996
54415651	0.000767602755662235
54433810	0.00404703246978313
54436980	0.0131268645549653
54439091	0.00279712694836837
54444860	0.00173314485241783
54452580	0.0045266124330418
54452720	0.00273248286032303
54452730	0.00170457543239777
54452740	0.00673940448777731
54453960	0.00122108606079221
54454490	0.0132625443922248
54455531	0.000798834232326822
54458520	0.00107073359563905
54459671	0.000912750878067027
54459750	0.00747773931273665
54460201	0.0113390239027935
54462520	0.00164034253604195
54464761	0.0013996047024721
54465660	0.0519988996404452
54466080	0.000780798157727465
54468460	0.0113159826578878
54469581	0.00167335422104231
54471190	0.0101418294117946
54475480	0.00146267379100465
54476850	0.00138957150417988
54478800	0.0851839572231382
54482390	0.00092001116281324
54485260	0.000900964399495843
54487371	0.367250184057703
54493301	0.0119089395761962
54494900	0.000800853941014251
54497981	0.00305160911970796
54499180	0.00119643366744531
54502370	0.00240538302131891
54502411	0.000924604125267405
54502510	0.00112690239451935
54502561	0.000892023464090671
54502951	0.00489749743405976
54506210	0.00110652040486946
54507730	0.00483154658829036
54508700	0.00650841093651191
54513110	0.0101536349740981
54515600	0.0380035246494359
54516160	0.000886322189870852
54516580	0.0921450531332757
54517690	0.0126759831393164
54518131	0.00144176630817012
54518360	0.00568097982193968
54518780	0.00716000972354966
54519781	0.00277557760958325
54521520	0.000990428133949998
54521540	0.0016592889897609
54521680	0.004557817803988
54521970	0.00109255384004791
54522421	0.012194431975752
54529441	0.0034457161992938
54529790	0.00634753198319974
54529861	0.0029957521441844
54530920	0.00279871546493588
54534080	0.0280959888119999
54534480	0.00505993696230485
54535050	0.0843110122584822
54538480	0.000938262633629972
54541100	0.00202249948872354
54543730	0.0035845073028471
54543880	0.00119344791986296
54544580	0.00121373073967493
54549171	0.00172115100987565
54549250	0.00475936046830195
54551921	0.00115845446038432
54552040	0.0032533303318577
54552140	0.467422646883831
54552150	0.000761448000607581
54553530	0.00136787734723427
54556310	0.00235616291807678
54559050	0.0477043621066149
54559641	0.0061085197987042
54560041	0.0191617608825944
54563880	0.0039901291778628
54564860	0.00278879755010668
54565100	0.00113987646281484
54565301	0.0201439511607287
54565421	0.0173255725576997
54566401	0.00409203396371464
54567180	0.0282684478918192
54567600	0.00112031502197636
54569950	0.000906137577057908
54569981	0.000752234016081817
54570750	0.0208506889537988
54571931	0.00519688318727516
54573670	0.000897344920397218
54583231	0.12660030119301
54583931	0.0521199926981922
54585011	0.00811746695705691
54588310	0.22312566391649
54593031	0.0219109242519459
54599720	0.00344979145159847
54600980	0.00903308583892949
54601380	0.000969062233228946
54601660	0.00180208111299134
54602510	0.0111617693970101
54603860	0.00170074479582952
54603880	0.00129942203540378
54606521	0.00145490427214826
54607710	0.00722093627051939
54610271	0.397494267735266
54615160	0.0219199335452523
54615610	0.0603070993110199
54616290	0.000740475435690069
54616881	0.00309498983643008
54617441	0.00154499296025394
54619480	0.00747355124961709
54620041	0.00111633206741244
54624061	0.0015881844924505
54627631	0.000950700136352409
54627901	0.0399360745818857
54628591	0.00456035394087091
54629960	0.00127218348843379
54630951	0.00284787712269526
54631590	0.00151823753653034
54632321	0.00109083699782166
54632861	0.000997426816727433
54633400	0.000748058559593647
54633680	0.00312641836629706
54636700	0.00222268221622183
54637110	0.00118020166515971
54640440	0.00179850032308837
54642350	0.00107360876638798
54642630	0.0149877757804503
54642650	0.00102667751203815
54642671	0.0295490888944043
54646531	0.00585809699478151
54646821	0.000853001990775614
54647351	0.00187966543170014
54647470	0.000841799713333991
54647710	0.000803853753880913
54649421	0.00194673167590447
54649520	0.00214976030339896
54651901	0.000769383931270105
54652690	0.00217193701473521
54653411	0.013180663864327
54654510	0.00109179426882773
54655371	0.0010842004620654
54657370	0.00776893782046701
54657971	0.0472391573499317
54661100	0.0232996935789771
54663600	0.000862651101070918
54663891	0.000915167692824768
54665161	0.0174414536154136
54666381	0.000768875501477123
54668140	0.349658243665731
54668581	0.0901776450167209
54676680	0.00110061473759224
54678630	0.000953240678876771
54681431	0.0223613973140699
54681711	0.000847175305698175
54682610	0.0587557752599836
54683610	0.000789565273786644
54687850	0.00272698800559134
54687860	0.00730651651215721
54688560	0.0130901845769607
54688721	0.00205284584685177
54691621	0.00408284883485611
54694350	0.0157220374341013
54695590	0.00941628625894525
54697220	0.0122904111132859
54699071	0.000915804857875931
54700560	0.00081484556238328
54700721	0.00686251357529058
54702640	0.0118612938267828
54703310	0.000790258455417454
54704591	0.000834522499781648
54708010	0.00441290565655396
54709421	0.0550143197516362
54712461	0.00211437404322705
54713250	0.00157470454165959
54714320	0.000929123817641638
54715751	0.00110644162394071
54722620	0.0029752118052572
54725961	0.00098887087714932
54731020	0.000762041230150598
54732970	0.000958615904451074
54732991	0.358598998780859
54733961	0.00143731533561057
54735150	0.000902921064586567
54735361	0.00102014544214641
54745810	0.0139945178598623
54748601	0.00502324479330983
54750330	0.00318745732219072
54750381	0.00104913760557604
54752161	0.00115353700361095
54752390	0.000800269486163253
54757110	0.000783220334250029
54758900	0.00449992516049644
54760441	0.00158247117676708
54761220	0.00115802524935942
54763050	0.00147498967702633
54763481	0.0022366723622455
54765821	0.000992203646757827
54766360	0.00125599178011681
54773370	0.00176876153503221
54774770	0.000777146904709249
54778080	0.011763164664107
54780140	0.00453787865498715
54785971	0.0220308981248269
54786730	0.00145301252141093
54793811	0.00962168309554844
54803040	0.0027333776291873
54815180	0.000866030430193828
54824660	0.00112549655271369
54828820	0.00107491703462097
54830030	0.000817827063635058
54830740	0.00110812070985772
54832100	0.00156157506080533
54837141	0.000908901928966476
54839881	0.00593393164252007
54840711	0.0057847650610524
54842371	0.000762656981010873
54845961	0.00135145425102263
54846060	0.00219297049977109
54847481	0.00136935479288177
54847710	0.000989371971777753
54848021	0.00224906976734213
54848810	0.000746930010490703
54849360	0.0816219827057192
54849391	0.00092052636591383
54849920	0.00222883470526592
54849930	0.00177444900362986
54851410	0.00258213848706838
54852721	0.000746930010490703
54853480	0.00317320171615767
54855820	0.00209992236792949
54855980	0.00118246735176206
54856670	0.00117262668259969
54856680	0.00118554807286263
54858070	0.000911932276175991
54860240	0.00528896304303908
54860581	0.000977445823470248
54860991	0.0179174881776415
54861210	0.00225748966800058
54861490	0.000954552014599334
54863450	0.0012824294272502
54864311	0.00187074251286351
54867591	0.000915981471840393
54867850	0.00315089000813509
54868100	0.0235391906991037
54870730	0.474737718806764
54873240	0.000796352791284501
54874860	0.000981307195594965
54875960	0.000756351971844323
54878470	0.00239627789556127
54880011	0.0067992743790628
54882101	0.00311895499421246
54886221	0.00547596033889662
54886231	0.00339560234263514
54886990	0.000851789239522728
54887731	0.0176958323648141
54889100	0.00145523978637947
54889230	0.357103239557282
54889251	0.00314358994039293
54891830	0.0307412456098141
54892410	0.000804084615518386
54893890	0.00487665214499251
54894060	0.000879728787196672
54898361	0.000806836568834412
54900100	0.00181275819857848
54901210	0.0118132934112712
54902020	0.000936026821550287
54902720	0.0256426463462392
54904021	0.0157136728669934
54905251	0.00355156810315882
54905951	0.0825779438788746
54911061	0.00094805502498927
54911201	0.374865947710598
54916151	0.0121841232033884
54917961	0.00110214943667096
54918730	0.00197154447590673
54920161	0.00114236268465406
54922190	0.0053122482427306
54924390	0.000864604068949313
54927300	0.00206044432471839
54928410	0.00083487985295668
54930460	0.116536485518243
54932540	0.00382091724980381
54932920	0.00825241959496446
54935191	0.000755782901092617
54935461	0.00891514787079094
54936790	0.000826365314506046
54937791	0.000780509961823722
54939591	0.0106479154305843
54940281	0.00564617881604199
54941190	0.00448511682861146
54942170	0.0267817094222153
54945610	0.00595407975079978
54945780	0.000943602892302521
54947041	0.00157972614518185
54947331	0.00684304496738713
54948260	0.0171411466799036
54949900	0.00394144611181971
54953811	0.00319443683986296
54956090	0.00226680283275857
54956230	0.000784714966287903
54956670	0.0023270719827091
54957190	0.00113469473479975
54958310	0.00195818268882433
54958740	0.00217202853682916
54959471	0.000773814135600812
54959581	0.00982129821597312
54962750	0.00659847366362023
54962761	0.00312157544488924
54967280	0.00269674403983174
54968021	0.00189797362172256
54970590	0.000863343741294634
54972021	0.00312072616390975
54973230	0.00157462410033392
54973391	0.00105192607683427
54974290	0.000809075246449463
54975020	0.00225719280833434
54978160	0.0012025424171502
54979181	0.00226820068990155
54980770	0.00157851841702501
54981760	0.000769661972058799
54984950	0.000847995753908689
54985101	0.00850409618084427
54988510	0.000992308115428707
54988780	0.00134674239800598
54989770	0.00204057522936187
54990911	0.00216725307562132
54991441	0.00105739393816565
54995051	0.000935329536051178
54995550	0.00123681573599367
54997090	0.00198864212178233
54997791	0.00195842867584423
55010771	0.00102696086544506
55011010	0.0014854130080412
55015721	0.0200326654375254
55020800	0.000969248668267263
55023390	0.00155830436322099
55030891	0.00515582498875861
55033360	0.00113585444594603
55036080	0.103800820317786
55043140	0.00641084134507314
55053320	0.243613909795182
55060841	0.0022550554888005
55061501	0.000821961537593156
55072770	0.00311007155332498
55073060	0.00142181741453536
55074000	0.00219471570956275
55075420	0.000866092796040966
55077231	0.020586018003468
55078010	0.00104008258589521
55078061	0.00761891294319349
55078440	0.00114777607816596
55081760	0.0192161731721285
55083940	0.00124083828393237
55084490	0.00217887788507129
55084671	0.00102902401058384
55089460	0.0010235301685337
55091390	0.000837972997780376
55093921	0.00301461914589831
55096421	0.0186648726548812
55099711	0.00164447495933727
55101630	0.00419238924657754
55103250	0.00358977643380617
55104261	0.0009486984965218
55104790	0.00147183290590646
55107711	0.000936637617224298
55107820	0.0135864406607389
55108001	0.013221945754641
55108630	0.00228837898718025
55108640	0.00372117302716531
55108971	0.0070632429710947
55109350	0.00765179983971604
55109511	0.000842073177968043
55109651	0.00269371866076087
55112520	0.00147980558870818
55115140	0.00261855930612148
55119120	0.00169751211276886
55119861	0.000850136395602473
55120240	0.00426102105049906
55121610	0.000786552856571088
55123960	0.00255111388960836
55124070	0.00788279752747635
55125200	0.000941945818212535
55134471	0.000944030095130383
55134871	0.00166120187924587
55136480	0.0489100054137211
55137651	0.000828670699419792
55138211	0.378008979828439
55138410	0.0350375741177647
55138461	0.0010867048296523
55139260	0.00704004384717475
55141911	0.00270984700519162
55145460	0.00175375414574155
55147021	0.00114527422769269
55148240	0.0470000013235331
55148811	0.00417719907598511
55149190	0.00132175030680083
55151130	0.00196391644888824
55151701	0.0010729263218596
55155250	0.00201930421055395
55155370	0.00111565687329643
55157060	0.00757206069140271
55157371	0.0037690535428695
55160910	0.00878606537264985
55162181	0.00110410042385237
55164100	0.00534050356197098
55164770	0.00139410658074124
55167390	0.41617168203828
55170321	0.00317005356823939
55179800	0.000843460620742067
55180111	0.000827400813165961
55180681	0.0331688502291006
55181060	0.0530095048555546
55184381	0.179784465235951
55185870	0.00082629696189603
55186000	0.103421547079061
55187031	0.0013119931951427
55191260	0.00289323884331661
55192500	0.0015575136802154
55193921	0.00173043929937679
55194471	0.00182085778292344
55194550	0.000780784388504637
55196521	0.00188782815207902
55202891	0.00115694165893085
55206440	0.00779864369796244
55207711	0.00819521266626696
55211281	0.00354652649270034
55215711	0.00241788207066652
55217761	0.00228959736767793
55225860	0.0113900772455379
55228620	0.0236119999140324
55231561	0.00311030389520736
55234260	0.0049922986869397
55236470	0.00611049796323986
55240370	0.00452516956448137
55240630	0.00532696939975172
55242270	0.00342679811079489
55247961	0.00111978336117292
55248220	0.000931612528895988
55249300	0.000782013974220721
55257201	0.00232983036703439
55257911	0.0017364885532098
55259940	0.000813552028945289
55261221	0.00614988414122354
55262171	0.00202704604676962
55262871	0.000859332351351142
55262970	0.00662671986760142
55262990	0.00112054952356842
55264740	0.00316751286579894
55265030	0.00151853204138274
55265460	0.00175162494690706
55265481	0.00191860938721009
55265860	0.00109591968038235
55268460	0.00319999746809536
55268490	0.00189502681286747
55271660	0.00122780265441434
55277201	0.0364621875694421
55277450	0.0457708106683754
55278850	0.437778330954379
55283421	0.00082801592149346
55285761	0.0137911141814757
55285870	0.0426636221631229
55285901	0.0037117036235777
55286290	0.000813949441665219
55289590	0.00153832786497127
55291131	0.0142532493593343
55292261	0.00155702096147408
55298950	0.000766107245692422
55300090	0.000961457348753986
55302280	0.000865703871053725
55305891	0.00826830908081547
55307260	0.000883646341225184
55307940	0.00105715445764454
55307961	0.00122528716156271
55309310	0.00746629423783502
55309631	0.00477297915683058
55312320	0.00197861966234918
55313330	0.000761293331126747
55314171	0.0116752309614083
55314700	0.000810187238608443
55315800	0.000890248168290917
55317481	0.0047761802544365
55318721	0.00178065319259579
55319660	0.0024376186991102
55320490	0.00263138883293424
55321980	0.00140807678302588
55322041	0.00257730152498348
55325020	0.00678072820556342
55326130	0.0101024625144511
55326171	0.00194997648176465
55326731	0.00289664283686805
55326851	0.0030659745725945
55327110	0.00194987624193987
55327370	0.0724328021659019
55329580	0.00091348790098397
55329611	0.000868698787957126
55331421	0.00320856359778188
55331971	0.00077525645754419
55332921	0.383025646813911
55333180	0.00242939831926658
55333211	0.000832213608541026
55334461	0.00119166337591167
55335981	0.0398359610188793
55337211	0.000886984167704273
55339670	0.00147704569273425
55339971	0.00436320200526146
55340210	0.00907367169421904
55340730	0.000960915298744539
55341290	0.00077089633521015
55341300	0.00156041714674108
55342250	0.00136845066839125
55342840	0.211048035760743
55345030	0.00090561743404436
55346830	0.00334954496146646
55349140	0.0153614774553444
55349221	0.00102251681516633
55351281	0.000853985959140667
55353840	0.0233122696551219
55353850	0.000901436799359859
55354400	0.00310011836176226
55356450	0.0260308855051433
55361331	0.00119819534805493
55362110	0.00860973809697356
55363951	0.0162883739446887
55364941	0.00235365266076744
55366000	0.00217583973721589
55366110	0.0218391212075892
55367380	0.00391086138565563
55367691	0.0398670383472855
55367951	0.00344587426464673
55368330	0.00192459014454249
55370700	0.0008881116746908
55371490	0.00841872303427291
55371500	0.000849108897703604
55372781	0.000838694884403128
55373061	0.000905040648801187
55375780	0.000847257056575399
55377710	0.00255300855759395
55379900	0.0130894815378469
55380231	0.00112972004059937
55381071	0.000931972086638526
55381710	0.0036341975854358
55384091	0.000885486935061505
55385720	0.00419120677884241
55387001	0.0456425923584086
55388081	0.00694462411322515
55392590	0.000797739844802787
55396050	0.00857978048334124
55397901	0.0143840314230214
55399660	0.0154248868317844
55404050	0.0125688099638539
55405040	0.0425030152662851
55408890	0.000873933402673963
55410930	0.00294987867620634
55412890	0.0014159245712956
55424511	0.00359601766973493
55425891	0.000920700032836837
55435500	0.00133208785445496
55442441	0.0014801277917752
55443630	0.000958081519312771
55447490	0.00260945597836457
55454390	0.172398730786914
55455890	0.00374772537532588
55456860	0.013244649904597
55468580	0.00271708638332737
55469601	0.00789940816534877
55478130	0.151305729010771
55488791	0.0010427844580895
55489280	0.00387876630312458
55496361	0.00210183033571212
55503370	0.0369294748304721
55512771	0.000937630230604427
55516071	0.00597953106355148
55517020	0.00179943791253059
55525181	0.00129044572001564
55537061	0.0106722834679675
55544781	0.0183337278986448
55545280	0.00197017835542846
55549601	0.00130595137004323
55566810	0.00195981588540187
55572491	0.0236155204771443
55572980	0.010823144036007
55574250	0.00169150081643431
55574530	0.00319507987544439
55591640	0.0041795543306597
55605171	0.00107722076699136
55619350	0.000933850651949849
55620420	0.104875440097411
55625810	0.00103152501915587
55640990	0.000870925318851459
55641700	0.00165625513639745
55644280	0.00298757038221773
55646110	0.00115863388022411
55652211	0.000915924861170241
55657700	0.0377342363785026
55658681	0.0037609915464257
55672140	0.00103050102094611
55678490	0.00106771070734269
55685021	0.00324853912394458
55688341	0.00115812445408167
55690070	0.00111718329017685
55690261	0.00108087249627986
55696300	0.00266982891248892
55709011	0.00101620768388863
55709721	0.00228259977866792
55711480	0.00151423842054447
55711931	0.00158261052785127
55712201	0.0277600072525716
55712621	0.00282983016723652
55714210	0.00141382692970669
55718920	0.000956338013032007
55738930	0.000788028094934217
55742811	0.0326465391184113
55743320	0.00107985638248498
55751641	0.0639038849237341
55766251	0.00101634416387222
55782931	0.00303306457550906
55796051	0.00117904849012273
55801930	0.00262326506152709
55806480	0.0890954325871865
55819631	0.0143408344960046
55834500	0.000924601095746389
55841851	0.012767084070679
55842740	0.00269479437931963
55849230	0.00433414703987486
55857011	0.00195459220857477
55857421	0.00723193074240304
55863570	0.000795168733464949
55867501	0.0124721624420363
55868260	0.00139378886683816
55868410	0.00875098867180702
55868560	0.00526169575479422
55868980	0.00171598094578628
55870101	0.000851997370018982
55870360	0.00173048111080352
55872290	0.0011651305848297
55894121	0.0275042196638655
55900731	0.00144982348630182
55916721	0.00105543580104301
55918600	0.000952523853880426
55937360	0.00105785426680951
55940301	0.0189734419112765
55959150	0.000954190642807775
55966651	0.00262425060447601
55970251	0.000795453468543734
55977640	0.00096140422972478
55982060	0.00397703970828515
55986781	0.000777322493010542
55992930	0.00100951552963066
55993230	0.000897878306155829
55995840	0.00279018602932356
56001541	0.000841027119070414
56010060	0.00612551104894656
56013650	0.00136356384189017
56013821	0.00117384088657768
56019290	0.00152757068714859
56021920	0.0183731286676959
56024970	0.00262663993528078
56027430	0.00103827253074083
56038310	0.00389330705247444
56038641	0.000858680677978971
56039150	0.0102832673234775
56044561	0.00113006373201664
56045490	0.00109263855624333
56046091	0.000968640067138766
56048311	0.0128391419412264
56049070	0.0256982959195216
56049380	0.000857961661874023
56051990	0.00620925927815916
56053620	0.0430219516582863
56055751	0.00476589905342419
56056861	0.0260476136461967
56063960	0.000942498197658426
56063980	0.00764395486475801
56064431	0.000949070428702572
56068130	0.00913639456236883
56069111	0.000894039296439679
56071041	0.000885236289548624
56071130	0.000889150043038887
56071591	0.000879577164373856
56072161	0.000798415854237716
56074330	0.00198149266258655
56074440	0.000880208255589629
56076581	0.000788324679129307
56079201	0.0319424941549876
56081780	0.00218685462534171
56081890	0.00188117297565389
56083451	0.00167948475843419
56083591	0.000795929198647225
56086200	0.00682893076862553
56088701	0.00198474759670613
56090160	0.000965718754708975
56090511	0.00286375705418896
56090880	0.00193139830596152
56093401	0.0120197468725866
56096110	0.00178952622337765
56097681	0.000932705798702981
56099871	0.0868341820366675
56101890	0.00082451277102244
56102781	0.00082374949711499
56103041	0.000796356786687999
56103410	0.0022479827839217
56104100	0.000848411439322922
56104151	0.000803130274929022
56104370	0.00106105445482242
56107680	0.000842826784187794
56110730	0.000961278238785791
56112500	0.00502365022780189
56115871	0.00223299119669976
56116431	0.000948868503804006
56119680	0.0266235278814155
56122580	0.0331241530740996
56123331	0.0603408552003917
56124981	0.00709893139439473
56126740	0.000857736487933028
56128831	0.00284570056219904
56129750	0.00697787498715967
56132130	0.00370933279082468
56133200	0.0011195364676752
56134091	0.00225343569001491
56134740	0.000927453920625433
56135300	0.00149695337302387
56139980	0.393115760983256
56145101	0.0109660174410885
56145521	0.020136863588939
56146221	0.0123300673397148
56148841	0.00110574717220838
56149050	0.0010832991922189
56149340	0.00103464022897933
56150361	0.00105321699722942
56153480	0.0017480921974135
56158170	0.0283055046040405
56158850	0.00398687149102201
56160400	0.000911899901538657
56161101	0.0041854597759285
56161661	0.00337558181233998
56162700	0.00081160467850694
56163970	0.00248730967724692
56164151	0.000867217396416652
56167461	0.00294774416721888
56176090	0.0169869336194706
56178501	0.000772139460752245
56180630	0.000767065053641506
56181251	0.00113771514894298
56182310	0.0015876558972825
56183540	0.00457320156815098
56190560	0.00456046560329598
56191301	0.000934834335807221
56193500	0.00257947742505476
56196691	0.00235959467250907
56198600	0.0286309223407788
56199840	0.0689954475184318
56202710	0.0225226616219636
56202751	0.00211425727118605
56204220	0.00100359413864737
56205080	0.00580396191821788
56205340	0.000827459197446097
56206331	0.000817235580153262
56207410	0.00173318751698591
56207660	0.0146457661447977
56215670	0.0108350996521692
56215711	0.00523323432309095
56216920	0.000970661383348543
56218331	0.00244087131822369
56218860	0.00256894166869813
56218870	0.018459473562642
56220900	0.0021447690269325
56223000	0.00181643524810683
56223021	0.00181527417017472
56224530	0.00191985103645788
56227301	0.0018263937695894
56231181	0.00373189604046971
56233220	0.0011298167922817
56234600	0.00392367565031437
56241340	0.00198232007965966
56242710	0.00121318080699391
56243451	0.00119474389525537
56247031	0.0110727662612543
56248541	0.00415078380758435
56252930	0.00298021534581575
56253320	0.00258068761303568
56255571	0.0211438243057023
56260240	0.00211683317781422
56260531	0.00144451292193708
56260561	0.0277612228387174
56260951	0.000861586750866141
56264350	0.0101530025265142
56265231	0.0912232095229947
56266030	0.000906166575412283
56269511	0.00106197271838387
56270351	0.00259327467992368
56270850	0.00559584707731634
56271100	0.00331769534750185
56274741	0.00182076869999015
56277200	0.00329746518363415
56283810	0.0397071406224571
56285460	0.000923750627174658
56289791	0.00671109264953732
56295021	0.00141436814803101
56299161	0.000865698614087656
56299270	0.00474651369494041
56299830	0.00565989666251306
56300811	0.000828771356420096
56301350	0.000911087779421421
56303451	0.00239899787550264
56304350	0.00102669478435205
56306970	0.00227775958544008
56306980	0.000812358373369308
56309590	0.0024149989474413
56310300	0.00142985014013893
56314140	0.00145108480961936
56315260	0.0014562988668505
56315571	0.0432417649369288
56320750	0.00295220540339064
56321760	0.0988537762181668
56322130	0.00925934775279961
56323701	0.126730039950308
56329320	0.00499646452844214
56333371	0.000966180170601586
56335291	0.0028382954936987
56338461	0.00697374186572253
56342331	0.000819514063130558
56342560	0.002789884735954
56342611	0.00632191800634644
56346150	0.00144965945493704
56347530	0.000919716674614034
56349330	0.350171058544092
56350471	0.00205375924734129
56351141	0.000929362204023157
56356541	0.000834784217607655
56365040	0.0106687733697033
56371940	0.000862793027950828
56374601	0.00415298037574445
56378300	0.00625681025193054
56390331	0.00156285941659746
56400780	0.00939586265845396
56405850	0.00111861666026067
56410950	0.00111793341075882
56417300	0.00303056257991664
56417710	0.000817010509326371
56418430	0.381269338764295
56423100	0.008383435587666
56425361	0.116695696665291
56429491	0.0262138017059828
56429860	0.00473338906557623
56432381	0.00280466232731608
56433081	0.00088447769071634
56435011	0.00370183951618388
56435131	0.00164132909553543
56435770	0.000943150800571168
56436941	0.00119129152115386
56439431	0.00208130103289134
56441911	0.00136541839922285
56444261	0.00085522876317331
56445720	0.00136305603614676
56449221	0.00505347714745204
56457631	0.124830307589498
56458390	0.000827606450577715
56459950	0.00665144845547143
56460381	0.00121330293870677
56461361	0.000918038244926294
56464661	0.00137856796784201
56466130	0.0185071827714173
56467100	0.00911037318414353
56472910	0.00106473441428103
56474570	0.000935816541540695
56475360	0.000977699052061708
56476791	0.000918785355709949
56477030	0.00214098628597419
56477320	0.00468540927264101
56477450	0.00101707329733281
56478041	0.00556430197142873
56482181	0.00199879875170276
56482980	0.340554005138847
56483431	0.0238372432935895
56484750	0.00308443034091955
56488391	0.0215707714491883
56488750	0.00435940569837832
56491110	0.000886034625313439
56492070	0.0114988945875258
56492180	0.154959033513001
56492740	0.0322479434828391
56493580	0.00961396931389647
56494321	0.000815160428028774
56495940	0.00199426665276459
56498980	0.00448872602872046
56500661	0.0413758380344948
56507011	0.00193363712703653
56508180	0.00370873197432045
56510311	0.0407909037740689
56513331	0.00105998726478904
56521600	0.0171455211386786
56522181	0.0747548986901504
56525600	0.000992006744881229
56526660	0.00255561217579885
56527070	0.00422852168015328
56530700	0.00105828740885936
56532620	0.00129555009508837
56535100	0.00103228072915963
56535411	0.00176780931964209
56536890	0.0279518029630027
56538041	0.00322867797544231
56538270	0.00631903932398943
56543940	0.00125958732877382
56545590	0.000775037239560509
56546171	0.000866453709454618
56547620	0.000824911131633285
56550291	0.00168489836038853
56556101	0.000884678011944244
56556870	0.0374737199868454
56556880	0.000961440946223503
56557030	0.000951016410264349
56559421	0.000872436860045081
56562031	0.000861442095159559
56563281	0.0217456739700987
56564330	0.000864687079695445
56565211	0.000834497036434817
56566571	0.00123181221708672
56567360	0.00134521138901983
56570390	0.011421023814877
56574560	0.00585164653970276
56577020	0.00299337311131793
56577030	0.000814143062444373
56582140	0.0010416368585222
56583650	0.00118412768639109
56590701	0.00916726450794739
56594660	0.0781544305099571
56595401	0.00706211667719721
56598991	0.000776536038720267
56600590	0.0107439150285647
56601000	0.017222328227106
56601741	0.00213329722745124
56602250	0.00104988618751652
56607111	0.00101119237713533
56608880	0.0110086562978561
56609201	0.00163952706166311
56615220	0.00113533097079899
56620580	0.122065501249001
56629410	0.0013888235326993
56629461	0.00315544455603156
56629980	0.060772316262093
56634950	0.00409178568228394
56640330	0.0922891076123473
56643360	0.0714779934668723
56644440	0.0110966065800684
56645410	0.00178636949598727
56645540	0.00130015815167781
56647210	0.00112682339932127
56649420	0.00870266253635302
56651360	0.0246422856769123
56652231	0.000865263541781
56654370	0.018360460189981
56655080	0.0144103272622016
56655100	0.000799800848110371
56655121	0.00102085530867642
56655131	0.00834304823390157
56660720	0.00847903112174862
56661741	0.00248294462294292
56663200	0.0185713695055051
56663230	0.0112809550940648
56664440	0.0375601466399235
56669871	0.00104655483930679
56670301	0.00147507192378177
56672480	0.000830808629026558
56672990	0.0012908030470384
56673061	0.00290322505891198
56673461	0.00109200152946337
56674680	0.00309904607739383
56677400	0.0518559084609793
56677611	0.0107905539597941
56677680	0.180488712184961
56683951	0.00169289903095497
56684200	0.00492442196929204
56689560	0.00492980964602183
56699050	0.00187318128168174
56700231	0.0526377316269254
56700351	0.000929694719149034
56701850	0.00785890457015427
56702291	0.00121781316679693
56704450	0.00199612978360502
56705061	0.00353221218365746
56705550	0.00427935900592475
56705611	0.00205770982357399
56705881	0.00457646150079629
56707111	0.066685890985504
56708060	0.000844121869571483
56712091	0.00234138803465971
56713041	0.000898060898125093
56713611	0.0712862833737463
56714390	0.00133927208680497
56715080	0.00488797068852929
56716470	0.329886289609869
56717611	0.00484528918836239
56720020	0.00333032401053048
56721311	0.00108664609715026
56722510	0.00103478680760974
56726151	0.00183378419242592
56726680	0.000817466480591103
56727090	0.001126780341545
56727350	0.0014642252377286
56729871	0.0245100730939726
56731381	0.0184291578915982
56731511	0.000914966576054912
56733120	0.000876861972511602
56733950	0.000970231762929408
56735401	0.0209139653571846
56736170	0.00815785505363891
56744440	0.039942240117491
56746790	0.00147132556550411
56746910	0.00408875141008759
56747750	0.00394124061129047
56748621	0.000937244989762461
56750100	0.00161085326436947
56750691	0.000989646801733991
56753041	0.00106813158044817
56754220	0.00170679179550131
56755880	0.000821124017059237
56756600	0.0015751848831952
56758250	0.00145998753069833
56758691	0.386264564226564
56760700	0.000800039924995866
56764341	0.00203008007038014
56767360	0.00236395817064995
56768221	0.00358449596910764
56768351	0.000878449605450446
56768730	0.001631404056538
56769410	0.000857236139895973
56770220	0.0130765845049692
56773820	0.000804682422007988
56776320	0.00742489660978578
56778681	0.0158848009189352
56781560	0.00102239128709369
56782490	0.0333990497392217
56783251	0.00113523133678309
56784310	0.544728936838879
56785021	0.00284597840032644
56792901	0.0033776926277041
56798520	0.00239035412342587
56798530	0.0008105644396987
56801840	0.000872600242375243
56801871	0.000913919986398622
56803511	0.00504385897553248
56806520	0.00472235182855757
56810250	0.000874806975111829
56810510	0.00130077408548461
56812710	0.0105996291039777
56824061	0.00135030354813222
56828881	0.00170548531256369
56829161	0.00232064292810142
56830650	0.000910582837074801
56834121	0.122381368737635
56838951	0.00259628212348689
56839911	0.000803436415810284
56841991	0.00832179173798215
56843070	0.024025725699863
56844450	0.00175073464708465
56845960	0.00110276316446429
56845970	0.000773237342745225
56850831	0.00387634142719852
56853010	0.00191904054091621
56853280	0.0136460164407846
56856051	0.00668004858154799
56857151	0.00141063687793557
56859900	0.189519737192304
56860140	0.000766431160808816
56860751	0.237751276227842
56862930	0.0421999285227323
56863860	0.00286081784372339
56867880	0.00756573562847838
56869240	0.0010374562091148
56869451	0.00351409016202234
56870790	0.00665224673223779
56871490	0.0039628030206019
56872891	0.0342039858776701
56874660	0.00821260783663207
56877950	0.00218121348569041
56882890	0.023069979595524
56884990	0.020636746311619
56886360	0.000865174755259941
56895511	0.0318406696292495
56896061	0.00103163889072271
56897550	0.000998550303307096
56899880	0.388696845332924
56900850	0.00103688315462968
56901021	0.000947287240662567
56902671	0.000830465132546752
56902801	0.161246087571444
56905830	0.00278499051440887
56906261	0.0035694504157154
56909721	0.000855157041387838
56916010	0.00116589745325132
56916020	0.00390886965541913
56918060	0.00266507252186314
56919221	0.00185030225915522
56920270	0.00448348403889209
56921270	0.00248988796709989
56923760	0.000901595949665251
56924170	0.00511950379852049
56930510	0.00111795841214517
56935030	0.10961510737775
56937260	0.00634879022496152
56941780	0.00102820810996529
56941800	0.000878075230795433
56942391	0.0037872444357167
56943221	0.0051985521341525
56944690	0.00755022663320255
56947320	0.000807704551610726
56948471	0.00581349206088791
56950391	0.00277738801185994
56952881	0.000872626600107195
56954900	0.00514191921513654
56955211	0.00126588247523389
56955480	0.00245575643228694
56957981	0.00134519730496047
56971440	0.306230943966851
56971590	0.00163687192436961
56972731	0.00412089395261364
56974661	0.000929660108831531
56978340	0.000887643273540961
56979310	0.022659724115323
56979880	0.0154706557601104
56980820	0.000855237150932069
56981940	0.00175125241181291
56982480	0.00193026636234157
56984171	0.017637671504438
56986661	0.0340983974559149
56987071	0.00306813869052555
56987990	0.00185019297327689
56988031	0.00205065234171518
56990220	0.00170743280065882
56991160	0.00228464981665679
56991720	0.0734642027402814
56991901	0.00201198809146528
56995351	0.0595725006461326
56995740	0.00840693235211465
56995980	0.00107584717525628
56997011	0.0010018606410596
56997110	0.00249348180061777
57000830	0.00102180498698807
57001940	0.00128049557533807
57002951	0.0737684715961711
57004051	0.00167995514895125
57006890	0.0010616284872122
57007921	0.00126013226458455
57015300	0.0197745759513014
57018050	0.133295418806331
57020290	0.00454913092700092
57029790	0.00335672030445786
57030630	0.00285714711864593
57033530	0.00182967578892987
57033821	0.000773237342745225
57035621	0.0344218451574552
57046740	0.00380687661457138
57051611	0.000863425717586478
57053291	0.000934599841858014
57054781	0.00228955219208656
57056191	0.00484658945634263
57056430	0.000899483435363934
57057691	0.00084732493822665
57065431	0.00107988061317502
57065660	0.000929561528686216
57065910	0.00106882559020991
57066180	0.00112847444067703
57066320	0.0028668469564518
57067481	0.00302441729696326
57067600	0.00131150271884298
57069981	0.00457048190964833
57071860	0.000806194684299974
57076960	0.00173033467355056
57076980	0.00491810419990849
57076991	0.00458399202055813
57078241	0.000834952322280495
57079710	0.00182405703404339
57083730	0.00163359790224268
57087061	0.00183255476256164
57088031	0.0102293343068827
57091030	0.00158948673205695
57091341	0.00175314697185888
57092410	0.00689853775243133
57094231	0.00215479503397539
57097701	0.0151587440392863
57098070	0.000790892690705213
57102791	0.00102935391823385
57105390	0.00357110524813473
57106241	0.000904580049045012
57107010	0.000794020875104275
57108031	0.00304858319940791
57110200	0.000789415760721145
57113770	0.00248121989266564
57117831	0.00388339824858615
57121620	0.000963001986711172
57122911	0.000896430777833693
57124021	0.000789380200328083
57131071	0.0278506776827037
57133141	0.00205120527222024
57133930	0.000867162910773007
57134590	0.00384746932023732
57135180	0.000773831624899906
57140161	0.0010248009985808
57141411	0.000831961253774129
57141671	0.00104886911735244
57142620	0.00154449893431173
57148841	0.402322786458416
57151980	0.000925529139925913
57158501	0.0319694826203499
57161100	0.00196807407136602
57171211	0.00186899907612939
57173411	0.0325578336578278
57176161	0.00110658554803863
57177801	0.0128872820856805
57178371	0.0045804288735833
57178580	0.0011755884628252
57179420	0.337300883283266
57180451	0.00103604821007998
57180810	0.000844462562994801
57181350	0.00351731712664837
57181360	0.0160008365940657
57186381	0.00132431512570297
57187211	0.00318010623364904
57187611	0.000962067256636198
57189620	0.00108944013310044
57190651	0.00129371825192364
57190900	0.00252665029902407
57195461	0.00352713633315002
57197350	0.00137307997182242
57203560	0.00229201667975993
57204281	0.0509172393521456
57207871	0.0212341783061821
57209790	0.134156804721967
57210211	0.000807754389910614
57210450	0.0119656851851647
57211570	0.00775889300000499
57212161	0.000885833086070426
57213220	0.05794547834143
57214781	0.00117813728188864
57217401	0.00186075900414037
57218200	0.000958334566114719
57223270	0.00113780427723532
57223720	0.000850379300959033
57226081	0.000793620248685498
57226850	0.0495836350913954
57228950	0.080664696533462
57229251	0.000893127390555222
57230101	0.000800274696433825
57231010	0.214027128263985
57231201	0.000851114292733537
57231560	0.000880564332151986
57232431	0.000766949507672801
57234990	0.014883213334337
57239611	0.00177311783198825
57239700	0.00241352405495467
57240680	0.0020854170445001
57241070	0.00279911625952396
57244410	0.34164192725618
57245370	0.000907700106042031
57249910	0.00144784304203833
57251140	0.00303514458137797
57256991	0.00494448520416106
57258071	0.00623883350485499
57258911	0.00172976500607868
57268011	0.017461003683236
57268230	0.000979489870972397
57268701	0.00228451247625934
57270580	0.00127064838722213
57270720	0.000956834685781147
57272920	0.00203305533780508
57277200	0.000833752715552781
57278850	0.00126786869390316
57281090	0.000817373017799038
57282750	0.00948852222168221
57284660	0.00127321707683592
57286330	0.000808089244011661
57286921	0.00207062933761865
57288380	0.00473768884779172
57290050	0.00208785471059028
57292230	0.0016016413323891
57296841	0.00177066361876499
57297480	0.0023027493806498
57298020	0.00331950742349096
57303451	0.0124725823856483
57305111	0.0315457470267606
57305391	0.00433208830983233
57307810	0.00103292639683151
57314880	0.0927848250423613
57316151	0.00457861510633806
57320141	0.0257670405937707
57321490	0.000836307019204767
57323560	0.0144859137532277
57323820	0.0156119499063476
57323850	0.00335427513090933
57324500	0.00123129110058356
57325630	0.00113541447169969
57327270	0.00247787716476857
57330150	0.000853114817957179
57330590	0.00105365417158932
57335321	0.00225515644295646
57336640	0.0354812131170192
57337661	0.000792001560408568
57339181	0.0506970304944377
57342430	0.00460716736367591
57342440	0.133970689609461
57343010	0.000978823419341309
57349531	0.00102712891616673
57353760	0.000794628383077354
57355270	0.00102535861050288
57358730	0.0182749980172886
57360401	0.0082289585682436
57361791	0.000816692089642699
57363051	0.000806308604396042
57365620	0.000807642347910242
57371400	0.00103333266437157
57373641	0.0145011546347478
57373750	0.000792979121121254
57374320	0.00358671622577107
57385801	0.0723159266121512
57388831	0.0381394790412975
57388940	0.00324702999712874
57389180	0.00115790075296968
57397750	0.00128823175178736
57403940	0.00160752884700446
57430980	0.000998243011179295
57444691	0.000891929104230672
57453781	0.00121229958198219
57468681	0.021178909219251
57469720	0.000964671010015752
57470550	0.0598393532787947
57470700	0.000841660565546615
57470751	0.000873140004517173
57473320	0.0118654017285245
57474550	0.0424695561294004
57474700	0.00126626015224524
57475280	0.193051377755218
57479270	0.00223555958002232
57480681	0.00158972014595592
57481340	0.0196616835606396
57483140	0.00585387240668386
57484210	0.00117138928563054
57486201	0.000811950089999609
57488001	0.002800361099227
57490570	0.00114276924633697
57492001	0.416321603508894
57494130	0.0013795429309866
57494280	0.00108599372911411
57495660	0.0270452213380172
57503441	0.00196526948743713
57510481	0.00257501575676314
57512100	0.00136822991054526
57513600	0.000894971075842292
57514061	0.00581562512577393
57515011	0.00095694262887926
57515690	0.0133940003553589
57519680	0.00365093179175345
57519800	0.000901174975576395
57519841	0.000820536592633946
57520671	0.00418070591439961
57520811	0.00151790561499234
57525101	0.00101075866559539
57527370	0.000995960549415351
57528490	0.00622204961975632
57528770	0.00142972355746825
57532801	0.00120706535430486
57534560	0.000860200828243772
57537890	0.0236592326550702
57542430	0.0959483460283781
57543090	0.00911089138355667
57545071	0.0044373945771642
57548931	0.0466023804920024
57551400	0.00113298804603928
57553170	0.00367068415382038
57558311	0.206230450477921
57559370	0.0237695884780658
57561211	0.0149849793478092
57566741	0.00365879721162965
57569310	0.00193655759293991
57570031	0.00108760379170349
57571100	0.00206065880664787
57571230	0.00136907702370922
57574171	0.00205207800048241
57577911	0.18212069737198
57578311	0.000831908459813469
57579950	0.000921148569185934
57580780	0.0252418738721777
57581901	0.00636624021616027
57583100	0.00109068254964927
57587680	0.00191244886020746
57588630	0.000915958698151775
57592190	0.00674781599186897
57596801	0.00102791566342436
57597180	0.00229107564655708
57597570	0.0301673547011827
57601190	0.000862053337377943
57603841	0.000915521616930059
57607930	0.00114495670834291
57608780	0.000933564027742069
57609211	0.0205149897252355
57609361	0.000918118481295494
57610331	0.34991026195108
57613450	0.000783741940761577
57614581	0.00105418497169082
57615821	0.00673840180986758
57616080	0.00363842408755886
57617840	0.00084045158965625
57619670	0.00101513383274474
57622280	0.010405207611339
57628210	0.00155833385073718
57632651	0.000863447072177465
57633771	0.000976252055927044
57640360	0.0558597852802151
57641160	0.00113526126033097
57642601	0.00625479293875428
57647250	0.00261418176109231
57650420	0.0037331023832625
57652320	0.00163144550695109
57652781	0.0180649466208426
57654741	0.0026524025396362
57656251	0.00101667490163526
57658670	0.00195210898133758
57659910	0.0143492481597416
57660791	0.00410587775815514
57664231	0.017666107359973
57665061	0.00327066988577764
57666581	0.00316920548943858
57667500	0.000859832025241276
57667640	0.00112198148530063
57668391	0.000874990308606959
57669560	0.00213730953306106
57670851	0.000811531426965684
57672190	0.00094659968846919
57672641	0.00158786772897982
57675360	0.00121937823763182
57676900	0.00201274154100012
57681201	0.258626355021192
57683910	0.00204884259109321
57685471	0.00191620976551496
57688210	0.000920158104552501
57689300	0.00346183698346876
57689491	0.0303408548483069
57689891	0.00644441576961639
57695811	0.0871537153081743
57697150	0.00699553850855737
57698571	0.000933811398613799
57702800	0.00149510607724378
57704330	0.000764234814479224
57705341	0.000857596094959666
57705980	0.00221873590537264
57708870	0.00118493762223023
57710660	0.000811829725332839
57714400	0.000915845889603198
57716501	0.0140972477501006
57718000	0.00268247898005388
57719271	0.000991212733882283
57720900	0.00221182087418485
57721741	0.00170074006181241
57723910	0.00110403968256707
57724111	0.000797359528053089
57725420	0.00292094659499582
57727831	0.0146654225579317
57728241	0.000900154282573371
57728590	0.00294964836450121
57729970	0.00118803671053167
57732610	0.0289644993704708
57733160	0.0129688104636954
57733840	0.00479013874423922
57735480	0.000841840119664948
57737430	0.0287655198613154
57739640	0.00118127218708479
57741601	0.00100020931274214
57742041	0.00751195270045676
57746520	0.00419444482381449
57747001	0.000939041974051694
57752600	0.00112946289387062
57753830	0.0307938588755439
57758250	0.0550397897306474
57760170	0.0285581894982538
57763080	0.00855191476336095
57764870	0.0726356820267277
57770151	0.0172775607363216
57771660	0.000862394957950778
57771760	0.00306226872052964
57773430	0.000917740500235285
57774571	0.113124500817914
57775671	0.000939453138989566
57778680	0.0386646529039731
57782960	0.00084986510844808
57784580	0.0010264995031969
57788170	0.00236756513699961
57793270	0.00510854781169384
57794260	0.000805664401629312
57798370	0.00404009244396496
57799001	0.00456524940955808
57802950	0.00317759702089268
57804771	0.00122758590253413
57805871	0.00963428652402457
57809710	0.000879366015372213
57809871	0.0155414257529158
57810680	0.00100160005518112
57812040	0.00557227408035223
57813410	0.00727451408654675
57818390	0.00117277192716171
57818530	0.007669318743424
57818721	0.00125991790541736
57819251	0.000803421055814655
57819760	0.00124397296087106
57820340	0.282367532554818
57823650	0.00089544838104882
57824990	0.00329504100568916
57828231	0.00079434187148745
57828361	0.00248071373563561
57829280	0.000949497126318801
57831801	0.000890492582918316
57835780	0.395176017578963
57838390	0.0169860124571257
57842530	0.00139367966638427
57842561	0.123797016089389
57847500	0.00117556549640656
57848180	0.0219959313604705
57849000	0.0155887751774409
57849680	0.00100742098796269
57849751	0.00121912830998004
57849830	0.00113761586765338
57851350	0.00230595395952172
57851821	0.00410881614602556
57851880	0.00145420047745708
57852860	0.00106772630170945
57856880	0.00359938459575248
57858130	0.0026785902390119
57861560	0.000944046722027658
57869980	0.0113585287750609
57870431	0.071986423500601
57871060	0.0586651485260024
57874240	0.00148135051599934
57874421	0.00282650646342193
57882411	0.00483398311502926
57885130	0.0011376091328096
57885270	0.00160763479580272
57888300	0.00162348654692934
57895490	0.00112535371373606
57895801	0.00107704902744402
57896061	0.00122265275068819
57898400	0.000902736929262539
57901051	0.022353151166991
57901280	0.00396957475488025
57903661	0.000844649413339871
57905591	0.00285354333116367
57905810	0.00117866677224515
57910940	0.00437289703454517
57911261	0.000796373799449873
57922831	0.00163422315782527
57923220	0.000814288770128619
57923391	0.00288153427608676
57926011	0.000906590386857505
57928901	0.39211474034514
57931371	0.00610700425542581
57932730	0.000827608579445523
57932870	0.0243624679439108
57935251	0.0754853473786564
57936430	0.00198137401859499
57936870	0.00124319881887144
57941570	0.00245339003376121
57945731	0.000938200053434484
57946971	0.0042929804195158
57949031	0.00089227933636025
57949581	0.00277702377222826
57950281	0.000887785966347025
57952150	0.000988102445982565
57953741	0.00302043576964613
57953950	0.000778563999523613
57954981	0.00114354747312391
57955521	0.00161542806548375
57957830	0.368985361814206
57958380	0.00227676390203821
57962981	0.00230218141476077
57963870	0.00235840092625844
57966230	0.000930790410981771
57966770	0.00536195163993444
57968290	0.0484657572583332
57968860	0.000814928042705471
57968911	0.00608548401530065
57973451	0.0439340100068052
57973980	0.000825591702129258
57974240	0.000832172785512643
57975590	0.0128325488729231
57978961	0.0135386329971424
57980280	0.00882471958306897
57997171	0.00229656238104345
57998800	0.00109072529646808
57998831	0.00114985434111426
57999340	0.00221663943646704
58000860	0.143689665899925
58006421	0.00122342007854759
58008150	0.000944376445284965
58011320	0.00159548424561756
58069581	0.000849213764195761
58099870	0.0319515262038542
58099921	0.000962027104738733
58103580	0.0184679121983638
58103791	0.0229762452154793
58103850	0.000930372879236962
58105431	0.0650992533706956
58109721	0.00986430726449032
58112540	0.00190784666822199
58114350	0.00105863601979891
58115190	0.00124509508756633
58115740	0.00199419856473428
58116891	0.0481306717555003
58117400	0.00440661984508456
58118811	0.00269316952333825
58123761	0.00113413916769145
58124591	0.000776406103332227
58126681	0.00166040483831103
58127361	0.00428320427120863
58128331	0.00118544500391476
58132030	0.00102954807443399
58132160	0.00229689082434989
58136051	0.002379301024686
58136321	0.000878739598138027
58143990	0.00112526966349815
58146780	0.00110952042879751
58147580	0.000956301503487768
58150910	0.0120918785921658
58154480	0.000825274806746949
58154740	0.00279999803084644
58160061	0.000840109527449939
58161660	0.000838777195869681
58163921	0.00122587464466679
58164980	0.00088350080740304
58165011	0.0128753723515337
58166401	0.0010525455031157
58166951	0.00106152513150096
58178220	0.000839358047559528
58182750	0.00155513711468335
58186780	0.00158796019352852
58191590	0.00395666364460826
58192150	0.0022492585733748
58192290	0.01868924258334
58192540	0.000772849770331535
58200850	0.00113703129831371
58206241	0.00100943100633787
58208700	0.00105141124452944
58209360	0.000808593632898388
58209800	0.021059788084385
58210630	0.000818475531929755
58210740	0.00223313158387532
58215170	0.000973479843160363
58215330	0.0954542294682314
58221670	0.000970488215115457
58221821	0.00232269591457568
58221961	0.00116451091938614
58222070	0.000873412120074938
58222350	0.00114547678138347
58223081	0.00113747337574104
58225151	0.0638249803393917
58226750	0.000860873099104862
58228390	0.00534856369937287
58228441	0.00108975613436168
58230180	0.051191753679133
58230671	0.000826422741543045
58236970	0.0011223612082833
58240301	0.00397119024036251
58241390	0.00948034194842657
58243751	0.000862283387206445
58244010	0.134881596206242
58247450	0.276645814876608
58250101	0.00145220508257992
58252851	0.000854261359036698
58252960	0.000876448665641163
58254050	0.0027336343595319
58254460	0.00119298808634709
58257001	0.00103994397020844
58259180	0.000797824289564646
58265670	0.00123834112341737
58266730	0.00389072433145038
58268031	0.0139036655119032
58270190	0.00641783228201687
58270651	0.000992791934807403
58271751	0.0222989855776034
58273951	0.00345390353924568
58274101	0.0011187702204903
58274590	0.00257807676718981
58277520	0.00083445218089394
58284280	0.0065653125146677
58284810	0.00356664112372481
58284861	0.00155008598686029
58286381	0.00176290813147663
58286460	0.0149211289135027
58287290	0.00170961345691036
58289261	0.00872507832227534
58289650	0.00208928452213364
58310771	0.0350321910163012
58311590	0.00139873773696996
58312660	0.000780119258582365
58313380	0.000925317111663434
58314170	0.00463808242556812
58316981	0.000856178969746846
58322340	0.0243529341297506
58322361	0.00384222247454424
58325951	0.00124676429718783
58331830	0.000823002548417903
58332280	0.00378503469149246
58332581	0.00132687664089548
58339351	0.00228730931875282
58341090	0.000849580034947755
58347730	0.0118078923569979
58348140	0.0260811551523908
58348670	0.000782894654326387
58349251	0.000988290071871904
58349961	0.0087718108903388
58353650	0.00170838264524026
58365910	0.00111624048549917
58370381	0.00451011484287244
58371191	0.0159884829105406
58371410	0.000828790351754225
58375310	0.00541941739834144
58376110	0.00112132325722884
58378231	0.000822293013437258
58379280	0.00110578402368574
58381220	0.0146119570389891
58384540	0.00228263579922042
58386190	0.00113207721689023
58391170	0.000941125277570619
58391840	0.00516387743276323
58397100	0.0142857438929494
58397661	0.0030573017203755
58399181	0.00214189661226604
58400680	0.0662536351794412
58401090	0.0101536308843447
58402921	0.0248191791906742
58408571	0.0279628230985129
58410990	0.00101423168202102
58415560	0.00255135061937107
58417961	0.00100723836183077
58418030	0.00211565539221917
58420691	0.00327238416653303
58420701	0.000843485892343957
58420711	0.00140774722888673
58422060	0.000876255744249236
58424991	0.00299429531467416
58426511	0.000991728055408616
58426570	0.000814288770128619
58426651	0.00578849119725553
58435130	0.002823841515371
58438501	0.000948665673431167
58438730	0.20884447619522
58440161	0.000909830230890282
58443580	0.00211451537610872
58444090	0.0464350025650051
58445880	0.00473684501159004
58447710	0.010168407038799
58453391	0.00108954844902787
58453480	0.0153887019097659
58458020	0.0489781175682233
58458631	0.00120439636323924
58463570	0.000779586325505083
58466911	0.000904436934359039
58467560	0.00181269731679949
58467670	0.00163426121917525
58468220	0.00876366928454514
58468711	0.00293398909053395
58470750	0.000884067789392354
58472120	0.004741366815231
58472400	0.00219168273027291
58473200	0.000863311017994563
58475700	0.105407685301271
58475731	0.00442059231026478
58477910	0.0012343511279525
58480380	0.000938058204806203
58485080	0.001655779063818
58488711	0.00102937661656706
58488841	0.00137791843124744
58491420	0.00753817212002484
58491430	0.00219870336861354
58492271	0.00141516318651448
58498201	0.293799349444472
58500711	0.000821218994190869
58503881	0.00423690909725983
58504080	0.0110972181082523
58507451	0.0624312552315525
58509880	0.00103452661386912
58511150	0.00090272241893156
58511581	0.00385834927474255
58512681	0.0711745682290806
58513220	0.00376039231972104
58514491	0.0186700339540837
58514740	0.00644653488837495
58517781	0.000880429999631966
58518050	0.00813708148332444
58525921	0.000924398222357951
58526740	0.0159959485335985
58527741	0.00480435655614504
58528001	0.00109604011486726
58528110	0.000899441763278709
58528701	0.00567965302567998
58528920	0.00107832412569048
58538891	0.000799436725651116
58539051	0.0164669403680292
58543690	0.00387656634299537
58543980	0.000853402396911576
58547181	0.144962392907797
58548421	0.000848960841034161
58550911	0.00285877970039737
58554990	0.0273651477575548
58555260	0.000941417584861965
58559810	0.00205313813396798
58563940	0.00268969006375694
58564760	0.00086972594847986
58565470	0.00101304516003982
58565490	0.000783025126064395
58567041	0.00102725293173175
58567161	0.195279476443129
58576671	0.00100222672412959
58578191	0.00725693373533667
58582201	0.00155740705955619
58582980	0.00298625378696151
58592811	0.00197315535145176
58596681	0.00265670394813269
58599591	0.00162957904069574
58611790	0.00144305270972383
58619550	0.00299713877791662
58623301	0.00106646038706767
58624230	0.285356450784883
58625781	0.00461552435222808
58626331	0.00804024291880673
58628510	0.00219497506871873
58630160	0.00232154666071378
58669200	0.000817930962973096
58673040	0.0105369148009773
58673460	0.000927809225755678
58673491	0.000844850277230527
58675431	0.00289136065025816
58675550	0.000808685602451191
58678881	0.000957304942964338
58680210	0.00185179693472422
58682160	0.0999526106991343
58682191	0.000968639863092733
58684340	0.00107045335910743
58685351	0.00141887319397206
58686061	0.00750699813405399
58687011	0.00106637403030621
58689590	0.000848364085936934
58694611	0.00390258483201979
58698300	0.00113220582054953
58699691	0.00283690793339438
58700251	0.0339115609404046
58705870	0.00684485038172714
58707260	0.00117876692703409
58710420	0.418200893862637
58711820	0.000907810811153782
58713450	0.00327831787788056
58713600	0.00276372481237337
58713870	0.000989854289402817
58715810	0.00131266487067558
58718321	0.00129917135357454
58719141	0.347749980972379
58731001	0.0685616115124102
58732811	0.00576159117160074
58733081	0.00936882953287223
58735110	0.00924329329152385
58735981	0.0078648484719639
58738160	0.00082524281069166
58738970	0.0166446968723017
58739520	0.00262386648392285
58740480	0.00105761723780992
58741850	0.00113583029165961
58743250	0.0110661304732575
58743640	0.000804397467956693
58743711	0.0109827787189452
58745880	0.00214396248569809
58746311	0.000786774535024899
58751780	0.00905186211180203
58752210	0.0145905017120029
58753190	0.28381930141888
58756381	0.00129046361117045
58757201	0.000905765332503984
58765440	0.000865066034198885
58771151	0.00136696998028775
58772651	0.00271715658642008
58772920	0.0441512598788793
58774270	0.0042495874787274
58774680	0.000943880755073898
58775090	0.00696463090115771
58776900	0.000825653503932091
58777361	0.000816788497263545
58778321	0.00125802992978242
58780340	0.000889902089932936
58780740	0.000863444022059831
58782031	0.0144103543477482
58782690	0.00292043925698368
58784381	0.0019756579624684
58785190	0.000945350832863467
58785320	0.00541299124043267
58785341	0.0036168827052937
58787910	0.000782894654326387
58790020	0.111275618477038
58790311	0.00784460964273686
58791660	0.00163777451501854
58791961	0.00106555682347226
58793310	0.254368889734878
58795630	0.00947704724540574
58797450	0.00180140015200615
58803260	0.0189857143809767
58891780	0.150784938267931
58979200	0.0036437998640235
58995890	0.0140249746883257
59001150	0.00317436478472928
59010291	0.00488938362801162
59081530	0.00106257383882073
59095490	0.0160196297502177
59100850	0.0272071128997982
59128440	0.00901908812767565
59170951	0.00823550604431475
59221970	0.0271046458521832
59241851	0.00205565283330684
59365770	0.154086135761187
59429131	0.000923778853432908
59437900	0.170585729676581
59475280	0.00354955884687371
59491700	0.000930583996925246
59508140	0.000942671717235502
59516701	0.00111278108661756
59524711	0.00237737946245794
59593111	0.0183585633520825
59606470	0.00142855896087389
59609900	0.00979297799948652
59658430	0.0110393091921056
59747820	0.00147668655593234
59800831	0.105046932861157
59886830	0.00436744603757444
59940121	0.0646067048632079
60118981	0.00240387871301846
60171770	0.00547499931270803
60174950	0.00101177128189025
60178141	0.00753306310163298
60201010	0.00117558683455383
60246291	0.00119158273821946
60246360	0.00195917035426512
60262080	0.181016135258636
60262421	0.00104528127848142
60268351	0.00138369622535396
60272720	0.0472703378028576
60292590	0.00528772041752074
60299590	0.002477580481162
60300700	0.000895263555261149
60309120	0.00131799273086319
60324850	0.0228191716361563
60326541	0.000987077272633623
60336320	0.00102333661865411
60351340	0.00341814121446922
60379190	0.00179785699074969
60399210	0.00301839988112401
60404570	0.00240700459102457
60418770	0.00121568993062261
60439340	0.000987221219001554
60445930	0.000904334529849429
60449230	0.00144990289176422
60480850	0.00402796988472653
60544741	0.000968669045394157
60558050	0.00991300197544022
60576311	0.0227311959813252
60606791	0.00264472641682901
60636041	0.000933130263060842
60663560	0.00100946603013662
60711471	0.00562487277907561
60769900	0.0180664768655723
60817500	0.0012912484115154
60818740	0.00107719259437029
60819451	0.00230570652245273
60820510	0.00161680117038959
60821200	0.00106155440493074
60823441	0.00100547176647039
60826170	0.00193160166594119
60846570	0.000852212864698711
60849210	0.00111894902947397
60883581	0.00444450742466953
60885330	0.00106219894246762
60886170	0.0191402761860871
60886560	0.00238778015706095
60888080	0.00108333038251875
60889040	0.000930513362461545
60891301	0.00776895310853952
60892360	0.00106041977754636
60898170	0.00633054314071312
60901521	0.000864958705936035
60903800	0.00122548375151828
60908100	0.00603789307424063
60908411	0.0318019129333992
60911181	0.00997151703377963
60913320	0.00196237568604702
60915301	0.113629442136058
60921241	0.00509411127456906
60923571	0.00573839201170169
60924230	0.00735270726507303
60924800	0.000869943967609395
60926331	0.00564964330338022
60928141	0.00297338362154012
60929521	0.00933087068099628
60931400	0.0063597568888357
60934051	0.00186743538106911
60936490	0.000945564047785659
60937511	0.00124959715776774
60940210	0.000997713201555946
60941931	0.00114673518408628
60943311	0.00538434090015738
60945111	0.212749671462965
60948490	0.000970273481073562
60949040	0.0813229534866748
60949180	0.000874743447681345
60951120	0.000937006925538073
60955451	0.00338466339082654
60955520	0.0233502107794257
60958751	0.00712840929755858
60960660	0.00264462343751755
60961180	0.00601492431806964
60961890	0.00220153749061064
60964490	0.00145535946924783
60965480	0.00264673559458073
60970030	0.00118909298738576
60972790	0.00126983692751801
60973771	0.00208147132826255
60975841	0.000792861194854103
60975861	0.00877000407341907
60977070	0.0187237991203478
60978150	0.00436826601855665
60978730	0.0132301138194349
60981931	0.00429420015149012
60984920	0.000998630628613944
60986010	0.00104409869499072
60986440	0.000811246858143968
60990440	0.00194683355233397
61000121	0.00109150788746946
61001440	0.00109607757140461
61001911	0.0112822859473178
61005440	0.00165308188969254
61007380	0.014301579432212
61008240	0.00161452361644311
61009730	0.276330836153215
61011940	0.00108874255148269
61012070	0.000830198469829929
61014020	0.0031191951209902
61015291	0.00417499462502149
61022751	0.00130176817472794
61025190	0.0200277183066783
61026690	0.000848491426054299
61027260	0.00252558312583303
61035141	0.00120423096942837
61035721	0.0109938653021834
61040210	0.00125302477924797
61042471	0.00232051536690678
61043380	0.000885755530293641
61044070	0.00653947176150176
61045310	0.00823100004068192
61048750	0.00199608774423483
61049081	0.000908109937974028
61052661	0.000911771086386269
61054130	0.00306311985617636
61056931	0.000945520931180597
61057911	0.000865352614983708
61058751	0.00134983887201071
61060661	0.000836295241214525
61061710	0.000859105157339142
61061921	0.179153772708041
61062000	0.0344626881040379
61063441	0.129921273865129
61066020	0.00507446789465995
61113980	0.000838368153965916
61117720	0.000790256567220533
61118451	0.00103350433473684
61121600	0.00184851448381729
61123281	0.00174901933437456
61126051	0.00154975690157091
61127021	0.00371335235126223
61140111	0.00105401566625039
61147151	0.000845587570456169
61149710	0.000879794784054558
61149901	0.000936850348315837
61150290	0.00108465842784119
61150670	0.0122679195675212
61153580	0.0251915805983717
61155100	0.00683679278866869
61157010	0.411106309173166
61161050	0.000835691094801868
61162540	0.00165101645537568
61165980	0.34343607638449
61173580	0.00157079756287948
61174031	0.00161630828272473
61179530	0.0118274485195778
61185751	0.000882634897054154
61186560	0.0113680325862867
61187380	0.00104767080280599
61191660	0.0273163652137311
61192190	0.00115948917633923
61192251	0.45434820940235
61192760	0.00605081333137868
61192910	0.000898197347900801
61194161	0.00385013880417689
61194670	0.0230418635824282
61195500	0.358303714814197
61196521	0.00481578145821535
61197201	0.00192859927755718
61197481	0.00105715196449789
61198321	0.000946683042384492
61201331	0.00881165886337848
61203910	0.00626095327351658
61205211	0.000900848830830582
61206171	0.000877401439687353
61214000	0.124967239445272
61216381	0.146350239689546
61220200	0.0384774280650063
61221550	0.00408951709935968
61221980	0.000804397467956693
61223940	0.000991358900618646
61225560	0.00142835647698424
61229040	0.000992090506409432
61229140	0.163804949140746
61230960	0.00142818662530119
61233180	0.0235043777638693
61234660	0.536357676478746
61239480	0.00123456358632288
61241201	0.040062397309308
61243090	0.00413083780856518
61243490	0.090589609154792
61249321	0.181360678977568
61249450	0.00369935079869846
61252320	0.000963594666069824
61253690	0.050132464699326
61257601	0.000941350104528701
61259510	0.0502153942093374
61261690	0.00137184047226964
61262100	0.00777758733587184
61262171	0.000962677605041303
61263210	0.00082617553694356
61266280	0.0157022012281492
61266561	0.000799512673899852
61267251	0.000948269920855014
61269710	0.0120568474596257
61270420	0.00123713191457407
61272310	0.00230394437410137
61274250	0.000805836360428602
61274390	0.00194151210170942
61276350	0.000921419038331526
61276480	0.00923102410409919
61284070	0.000851811317090919
61284231	0.000967142825417408
61285331	0.000918512356086635
61285601	0.00153818333765204
61285761	0.0063838276847191
61287200	0.00360937393150861
61291930	0.000954664588245578
61293751	0.00305790132089377
61294690	0.00108025691162763
61294981	0.00114897079710322
61295131	0.00138812479817343
61299661	0.00702666536859461
61300211	0.00149935981963288
61302130	0.00100211579576588
61302940	0.00088247608961401
61304091	0.00106980609109253
61306021	0.00257151922403848
61307131	0.00109928739104068
61307210	0.0261622036186742
61307821	0.00132130835841348
61312740	0.00218595171481042
61314370	0.000851359837380398
61314831	0.00420182083520178
61315521	0.00114423636741964
61317820	0.00240841987262732
61318240	0.0010552469587563
61318550	0.00164333750069057
61322820	0.000844761839221848
61323271	0.0651907616306434
61330780	0.0124767274653389
61330790	0.00251673899886502
61331090	0.00143245096727884
61331350	0.0012321589067964
61331510	0.00312213467651689
61332221	0.0017606232627015
61334380	0.00161515103560511
61337030	0.00157062944885297
61337731	0.00174000486429865
61339090	0.00113041376530486
61340300	0.00127192642025729
61342240	0.00101209645537768
61342831	0.0032720497368944
61349570	0.0123281163338465
61361290	0.00353444283769826
61373260	0.00220879109769404
61391801	0.00094510472409146
61401420	0.00101710791110668
61404221	0.00177044731820392
61407261	0.00110166220044762
61409830	0.000920628753933351
61414520	0.00150548566897578
61420891	0.00100055453266789
61422250	0.0015045825267166
61428040	0.00142557442947633
61445940	0.00327581047807822
61445950	0.0011949585869812
61448631	0.00214887580528222
61451040	0.0022544396736674
61451251	0.0164277628549809
61453731	0.0342304313809203
61454810	0.00104432537285237
61455360	0.0397876128430858
61455480	0.0021337421544554
61457430	0.0200288514127328
61457660	0.00144321913121727
61458401	0.000891727050145971
61458681	0.0168168035156759
61461301	0.00101139099272403
61464700	0.00372873190638496
61466230	0.000894879276370672
61466630	0.0430996049312463
61468761	0.00820466548082669
61470141	0.00146383628508398
61470250	0.00118910258559709
61470390	0.00260390869897496
61471080	0.00175279946805731
61471921	0.00273983194674034
61472700	0.00129754497829639
61472850	0.045266537174071
61476020	0.00122794967410576
61479630	0.0624075246224122
61480430	0.00447677984642019
61481441	0.000823171851988959
61485000	0.00165916120475529
61489311	0.0021732771204079
61492580	0.00122809735327078
61492600	0.0275913913593008
61492621	0.00469810711057643
61494250	0.352774232764201
61494530	0.00136672119592359
61494561	0.00663531142526594
61497311	0.00812069239252663
61498080	0.00106589902720876
61499040	0.403670207151743
61504891	0.00100838038895559
61509700	0.00546640897247279
61510110	0.00101684085944649
61511770	0.00399071794847887
61514121	0.00812679359798817
61521021	0.00151163748997978
61523590	0.00483807482564784
61523911	0.119098930010719
61527081	0.00219467787212605
61527750	0.052244188354523
61528310	0.00249410797229386
61530240	0.00244775798697592
61533390	0.0102368356635214
61533530	0.00298447134066069
61540280	0.00102026113999194
61540690	0.00317912575543057
61541000	0.000922463662385644
61544000	0.00818932959170783
61544720	0.123388887042823
61544751	0.00168565848625835
61545520	0.00414362892718328
61547880	0.0802370239431704
61549441	0.102279442907134
61551190	0.0159223486462025
61552980	0.00114761527304625
61553000	0.00125617231817855
61558070	0.00317179089663617
61560300	0.000838606295396957
61561670	0.000895067164707098
61563590	0.0110961188302045
61564270	0.367651754695834
61565110	0.00399460403418252
61565410	0.00419496195277686
61566100	0.000970002014605005
61571870	0.174723073194517
61572150	0.012417068530099
61575241	0.0124061151876581
61575860	0.00695937082135892
61578930	0.00122602702859739
61580761	0.00460313644196348
61582350	0.00116010003783421
61595170	0.000956628055313934
61595610	0.000949137225309299
61598060	0.233840851279073
61599720	0.00295977976090245
61602200	0.00126503719041061
61606620	0.00916985905252402
61607921	0.00477179716508472
61608690	0.00232966584150979
61611101	0.00125211239074691
61611190	0.00323100167644111
61611491	0.0108135200761272
61612000	0.00299065032549815
61613031	0.000848978010633585
61614391	0.00127714723429842
61614750	0.00257619384216452
61615600	0.000776258878639515
61616061	0.00146713833005948
61617851	0.00182844249526059
61619361	0.0413374741801413
61620311	0.000837975475415622
61620830	0.0408228146815636
61621410	0.00168991652130541
61621441	0.0115379903601162
61624181	0.015563704148199
61631491	0.00108130767367155
61635990	0.00144050366279533
61636201	0.0229803012251797
61637540	0.000809760264931517
61639921	0.00498358498298628
61647300	0.00604978812235671
61651590	0.00746638614570276
61655190	0.00148498764019434
61656820	0.000891865440885939
61656830	0.000851959776748279
61657841	0.0146177225133167
61661950	0.000814594696294954
61662350	0.165170398566001
61662470	0.0550054426815419
61662521	0.00105992672071835
61668560	0.0205317827816269
61669250	0.00107056787035548
61669841	0.00294607826823838
61674350	0.0042951363766386
61677961	0.000927576996467167
61679880	0.00375699283794846
61682251	0.000793884703064538
61682370	0.0105074004661512
61682780	0.00132271959793489
61684601	0.013368657365066
61687641	0.00127792149857323
61689851	0.00100410650720505
61690401	0.00378882848250407
61697080	0.00357667270017061
61697940	0.00350510696594711
61698200	0.00390123589749679
61702210	0.0169911632491631
61703891	0.00156315566938856
61709431	0.000811190465658983
61715180	0.000851412302034558
61720191	0.00336049308079633
61722900	0.000996431493311468
61723190	0.00644143907160157
61724710	0.00461491292721062
61728000	0.00101895632295763
61728130	0.000913836501964711
61728260	0.000950368661857324
61730531	0.00835175850598825
61737100	0.00233348534042845
61739071	0.00106881294899203
61742091	0.00148580412746139
61742220	0.00151831071969155
61744560	0.119449737372614
61746791	0.00113546346114177
61747351	0.00159243897012984
61750531	0.000822595740873901
61753421	0.00357499584842237
61754900	0.0526087920859485
61760800	0.00215567907335919
61761981	0.00275268525042023
61765681	0.000805242131409872
61772451	0.00990723286276602
61774910	0.00132673206222034
61775201	0.00101423831687106
61775481	0.00139159715173504
61776721	0.0758085460149873
61778641	0.000823763086908222
61779751	0.0013230205647193
61781350	0.0012010852690901
61782060	0.00320901692720627
61784700	0.000851208505408813
61785780	0.000964596063817819
61790470	0.00901513492715481
61796670	0.0563052813609366
61797900	0.00107095702804931
61798460	0.000801303454705261
61798641	0.0174180655788952
61799560	0.000875204080257902
61799730	0.00200830500116449
61802330	0.000845664720338634
61802340	0.0100355257712502
61802371	0.00235518908634042
61805490	0.0155888678559585
61805500	0.018733712158697
61806860	0.00150049705849952
61810101	0.00231496366234029
61811720	0.00985884668251089
61812130	0.0177743921486695
61812451	0.000833008328568324
61814080	0.00113467293261237
61818460	0.0348209438850971
61818771	0.00142945703266859
61822111	0.00991594671214235
61824410	0.000771730331391519
61824550	0.0582538700864477
61825271	0.00307233653999464
61826050	0.0170782606792393
61827550	0.0144904456570671
61829421	0.0406870519956559
61835410	0.0164748249716611
61835601	0.00228237530383809
61836420	0.000886590801682187
61838180	0.0010400556946511
61838890	0.000876894759176977
61839611	0.000817773468903392
61843321	0.00358899173748621
61848851	0.00081718942907517
61849121	0.287882770444794
61849220	0.000923827014647489
61850040	0.00559156222557255
61851420	0.0010217227623408
61853090	0.0194394859867547
61853760	0.00249493663789869
61855010	0.0198154501063241
61855980	0.000901063548615897
61856861	0.000876198911637474
61857620	0.00605666695822466
61860431	0.00102388588384458
61860650	0.000950231081596611
61863731	0.00214130168911882
61864960	0.00241190748477341
61865251	0.000858057756380624
61869780	0.023860882683419
61875321	0.00427362688089961
61876281	0.0719120077829365
61876510	0.00101949492071877
61876820	0.0177485864713618
61877671	0.0162511900398108
61878190	0.00349569753965069
61885070	0.000821495368931257
61889490	0.00115768409048421
61894190	0.00545372104140946
61894771	0.00297153499015642
61895741	0.504664693767078
61897100	0.00122669695781915
61897650	0.00231287930492446
61899860	0.0173405255645145
61902180	0.0173520095402686
61902771	0.00106613266011472
61905920	0.00109767271747397
61913630	0.0115553588051086
61914190	0.0173296970172986
61915341	0.000810460931655164
61915881	0.00190869420207824
61916711	0.00105534210447502
61917931	0.00150506975890096
61920841	0.0015463818347553
61923280	0.00719165897786931
61923400	0.146427947897345
61926040	0.00228055351488158
61927140	0.00108886085422801
61928441	0.00131608081600874
61929541	0.0251646164417969
61929801	0.00250901678027622
61930330	0.074761364981316
61932820	0.0189965267778351
61934720	0.00140902239123559
61938860	0.00320352776834204
61940431	0.00123312947264338
61942160	0.00197112915095492
61947970	0.000886898960110288
61952510	0.000849019244675794
61952991	0.00116480970033883
61955191	0.00325164528268313
61956540	0.00116606396240307
61957811	0.0727017931679007
61960260	0.00109814670004495
61961050	0.000946206815860046
61963400	0.000912278738896245
61970160	0.000804803168332759
61971950	0.126788067829742
61973050	0.000854680984598599
61975710	0.00652977381452459
61979570	0.000916283134473569
61985801	0.00212962325477709
61986870	0.10719389650814
61989620	0.00144277216139818
61989661	0.00376490299758225
61992360	0.000833320792625474
61994221	0.00287377991149235
61994310	0.00400227650192717
61996500	0.00573739391975363
61996950	0.00232418728763619
61999191	0.00124655736761215
61999410	0.00125053868076962
61999820	0.00164442928842632
62000090	0.00103436960726403
62001811	0.00106730428621352
62004940	0.00115256332654375
62005231	0.00138100997913827
62006310	0.00116070088454308
62006860	0.00346897033082578
62006901	0.0026770975687619
62009651	0.0010658518200361
62010771	0.00144479673853941
62011991	0.00623285110310633
62015191	0.000953503902794195
62016260	0.00342909427429888
62018501	0.0201151092986623
62020930	0.0114776964381529
62021190	0.00273863869288298
62025190	0.00818154876349222
62027150	0.00135728841233157
62027991	0.040588372407628
62028520	0.00417447087127924
62032841	0.0118943951613093
62032920	0.0102258745351395
62035140	0.142023089407978
62038580	0.00176889285889067
62038720	0.00245800896652216
62046491	0.000896971419226519
62049040	0.00231239416351397
62049610	0.00112588045661503
62051851	0.00308270021014018
62053231	0.000958892768913035
62055290	0.00198827495876495
62069060	0.00144627013685773
62069371	0.00771067074188066
62069791	0.00124803209472466
62076151	0.00109546207324989
62077450	0.00141778730486792
62077941	0.00480961576644348
62078010	0.00177157779058593
62080121	0.00102991795087911
62086331	0.0016015268849917
62089391	0.0192150001154249
62093381	0.0151573366789421
62094201	0.00302752840255098
62096691	0.000916945336335163
62098590	0.400087612132926
62099321	0.0016602955465405
62100691	0.0121956120175175
62101371	0.00139012399284687
62101641	0.00136642290018559
62102320	0.00137466774907111
62103851	0.00501167309335092
62105111	0.00219228430321068
62106690	0.000838441856764823
62108080	0.00315258820129716
62108910	0.000885419353993041
62111841	0.00353259318361326
62112271	0.0177762215120651
62117860	0.000838503332997331
62118420	0.000795099706738858
62126761	0.0022657320513342
62128281	0.00850367775314822
62133870	0.000897487963110147
62134140	0.0204094462608469
62136370	0.00784023593241358
62143550	0.000860547031218687
62143561	0.00130136741646355
62146290	0.00127153891732749
62146850	0.00218093116290727
62148681	0.0014111440690286
62153501	0.000806898406411436
62154461	0.000938084952426725
62154891	0.000906210092273351
62156271	0.0976640396325504
62157580	0.0008242059520425
62157641	0.00344110029344811
62158621	0.00183214642265288
62159670	0.00113739919043655
62162130	0.0184724763783154
62164360	0.00447989977136561
62167021	0.10600749175895
62167140	0.00475399320801285
62167830	0.000906566123844901
62168910	0.00968778143436267
62169921	0.00231146244891997
62170621	0.000809878429575893
62171260	0.00172721769987799
62173911	0.00175127112770492
62175031	0.00384148319023137
62181320	0.00488025504588548
62181610	0.0174495339815205
62183571	0.00140577490593625
62187161	0.000927389446372617
62187291	0.0018535341391749
62192100	0.000872461809591905
62194751	0.000947016619306547
62195701	0.000925427938117156
62196360	0.00147684908331841
62198871	0.000888268010244591
62199701	0.000894122149247767
62200100	0.0021275706128679
62201320	0.00136079851085532
62201990	0.00157063134979174
62204111	0.00265416723085175
62204271	0.024014378091022
62208330	0.00157830650578827
62208650	0.00158372027096511
62211011	0.00120705415025353
62214201	0.327809104408886
62214680	0.000827629121458642
62217720	0.00926573168300349
62218160	0.00125749993264675
62218300	0.000815920885238166
62221610	0.0227701402898301
62222871	0.00114399025572278
62224370	0.0142763016563174
62227120	0.0138133319935143
62228951	0.0812971342504286
62229081	0.00331192278765945
62231581	0.00105813294179634
62232681	0.0201294291658967
62242871	0.000803766194047155
62242960	0.000871251345520935
62244541	0.00300734815515997
62245720	0.00175797470364902
62248210	0.00126254443656368
62248931	0.0624819766372801
62250871	0.00129600225821908
62261470	0.000974457525128893
62264090	0.0637039171064384
62275920	0.0104248860330863
62277720	0.00865844428565382
62278191	0.00772410014647663
62279271	0.010545364348261
62280661	0.015203097684654
62281641	0.0643945173273604
62285600	0.00123725457808739
62285771	0.000775314890700693
62287220	0.332254589121396
62291360	0.00262696510421372
62294980	0.023853397643983
62298690	0.000859667669947219
62299660	0.00109521466809762
62303930	0.00148187037825658
62305990	0.0105859256000898
62306250	0.00165046569547394
62306970	0.000823909100197249
62307510	0.0918053247373215
62307790	0.00111525608604952
62309430	0.01699830686228
62309501	0.0118195724853646
62310410	0.00102727715247532
62310540	0.00189291328141144
62312080	0.000836252675413113
62314601	0.000927312825865712
62317471	0.00104975209813203
62319940	0.00476138554803392
62321290	0.000950211254498638
62322301	0.0177666748402303
62324500	0.00110183641394793
62324890	0.000805106278253582
62326270	0.0013169099874594
62326591	0.0256121221241968
62330031	0.00133642857856326
62330110	0.414904059898018
62331421	0.00122468315734815
62334451	0.0797759922865378
62336231	0.00437811241929711
62336801	0.000907974636500812
62337570	0.293374750278839
62338021	0.339598158353864
62338451	0.14065353518545
62338970	0.00881599602174762
62339151	0.000793532129624716
62339271	0.00199650164088987
62339910	0.00104349141901343
62346031	0.00131081244303697
62353430	0.000985073921527129
62359520	0.00083174957984084
62360921	0.000935392019854369
62368330	0.00229468352457622
62370950	0.0176239784300821
62371090	0.000937993726507576
62371691	0.00395583869550534
62372931	0.00429683727226265
62375780	0.302880198178885
62376391	0.00102047977708467
62381481	0.0169083868750563
62385040	0.424697566855048
62386861	0.00947243260949634
62388060	0.000983576448660028
62388630	0.00101455173600868
62391240	0.0041855891359579
62391971	0.000938871241662737
62393331	0.0222376166903437
62395070	0.0530073568713194
62396791	0.00407621198378362
62401450	0.100465067205243
62402270	0.000862007696482476
62402871	0.198296223531065
62404521	0.000874474691280737
62406670	0.000816319394569023
62410441	0.00241401443046026
62415090	0.0356848613901552
62416241	0.016494278468152
62418711	0.000959769652210471
62419100	0.00414466514944575
62422280	0.000919321260141119
62424730	0.00187538695998466
62425020	0.000828606256015551
62425410	0.00139678011034583
62426120	0.00277031260431032
62426171	0.0024619049806551
62426420	0.00417159938349597
62431121	0.00633828002202074
62434650	0.00244551048963621
62435691	0.0142861778603486
62436170	0.0150406855083004
62437611	0.00130138421841247
62438670	0.00345472901354386
62439111	0.018053164754205
62442110	0.0258777868640231
62442441	0.0364712200687525
62444460	0.0010008242641572
62444760	0.00284038330158413
62446161	0.00152967648559374
62454431	0.00527408149183861
62455750	0.0122842250741515
62457030	0.002736308792404
62457820	0.00256181283751678
62458680	0.0134411283755641
62463671	0.00663448880635439
62464330	0.000933949539792291
62466711	0.00713878972148671
62467910	0.0946021202042167
62469591	0.000891427506855811
62472631	0.00336120157131892
62475780	0.00083358783459107
62476740	0.00310844133037503
62478950	0.00101517616552271
62479890	0.00352975305323191
62482650	0.0204524227672185
62483360	0.0261624698557895
62487541	0.000937679570305382
62488200	0.00101700435196911
62488371	0.00107786002709653
62492211	0.00211650130218632
62493170	0.00121868531108544
62493871	0.000887845562569925
62494281	0.0132663773308446
62500190	0.00122413757541055
62501160	0.00578791980680939
62501181	0.00219856635228231
62502960	0.00120448757407547
62503090	0.0133876779025474
62503510	0.00195776911280894
62504221	0.00121715397977156
62506011	0.0013076237822202
62510800	0.1449916631073
62517030	0.000933530742011666
62524901	0.185277564329666
62527661	0.00576946789465649
62532330	0.00775004550995346
62532491	0.416641800321893
62533020	0.0115878955013003
62533280	0.00377098691096679
62535200	0.00193722403323487
62535821	0.0025691406686833
62536030	0.0319964212445588
62539230	0.012564345896345
62545970	0.00583172673607667
62547330	0.00102187462717268
62547770	0.00250352204653576
62556020	0.00241184300624584
62556460	0.000959248634350307
62564580	0.000846605320549197
62567111	0.000812240956161388
62568020	0.0468788225442727
62571210	0.00639475236477758
62574530	0.563820121805051
62574961	0.00100963980231764
62575801	0.00166611192492515
62579360	0.00601589932772529
62579931	0.00111683980607454
62580870	0.00377455790020119
62586281	0.000849855313362414
62589301	0.00918649633907511
62592600	0.00159497015142513
62593430	0.000830997342058015
62594281	0.019444418753941
62597410	0.040510832569533
62598701	0.001267588027118
62603200	0.000943088424216718
62605390	0.00207643619381453
62611480	0.0148552635637954
62612030	0.000850821721013348
62615091	0.0324936984074189
62618530	0.00497806847719289
62618790	0.00100510554946656
62621570	0.080280223712831
62623121	0.00146934111391361
62623220	0.00315077907983773
62631651	0.000958648164812591
62632720	0.000861942795031193
62633441	0.0155384747207948
62635480	0.00136750136403406
62639330	0.00277315116830757
62639391	0.00183920679034987
62641680	0.0180057997185492
62642551	0.0113923476025583
62643511	0.000848649801166392
62645830	0.0166887947429091
62649861	0.00115685645301625
62650131	0.00101810566645732
62653290	0.00222180173231664
62657161	0.00125796666593076
62657410	0.00116516219514518
62658821	0.0386473989837509
62658971	0.000841456933664741
62660440	0.00092624895408135
62660450	0.00104138075232371
62661311	0.288790663645942
62661560	0.000851572889951346
62664761	0.000996065471210837
62666811	0.000898040786395464
62673540	0.190693158252407
62673820	0.127553054924834
62681400	0.00533507668045641
62686210	0.0835399022630159
62687101	0.00275122927589083
62689161	0.00235061861827747
62690770	0.00590152608664185
62691320	0.000970009794524293
62691931	0.0012131063411985
62692191	0.00110947014754999
62702110	0.00165387778483929
62702790	0.443649621523634
62702920	0.00475527482724899
62704611	0.00136762360085174
62707200	0.000815089100530352
62713041	0.000836338531623973
62722131	0.0652148488280125
62726520	0.000812048196914054
62730080	0.00368334704995264
62730531	0.000854799578508536
62733800	0.00633350358041324
62735350	0.00314697515198239
62739460	0.00211884639511896
62740061	0.00714086142972204
62740970	0.0164852237709594
62743381	0.000858739828760637
62745171	0.00334541000524574
62745571	0.0448410434708932
62747070	0.00121503427309891
62747620	0.00103549679342851
62749311	0.00254051624736918
62751631	0.00278318992692059
62752020	0.00102513723663311
62755590	0.00144761555704683
62758811	0.0010327500031991
62760420	0.00271776443901677
62761650	0.00544832627871799
62762920	0.0181951327492736
62767320	0.00602331679104116
62769301	0.0114320543204628
62771371	0.00105955397924767
62775081	0.00105370255099213
62775450	0.00147092735474387
62780710	0.0012335741809033
62781550	0.00944491076401841
62788270	0.00454590295617837
62788751	0.00219727574732498
62789510	0.00194277580616066
62793711	0.00086324535007993
62794480	0.00480615664420029
62794500	0.00089339114469637
62795050	0.0135713583133965
62797281	0.0494956914879423
62798210	0.00125756285254382
62800140	0.000842789064167929
62804280	0.00673363579876469
62804311	0.0281505992546192
62806090	0.052804104306206
62807990	0.00172301057815797
62808321	0.000873954825774955
62819180	0.00106859100904912
62819850	0.00274782132220568
62821831	0.00449432435269389
62825701	0.00118283925696788
62827221	0.00103947292793028
62831430	0.0109314280720364
62837281	0.00235268593173718
62837500	0.0767611709010878
62840850	0.00189237410744015
62841120	0.0179923785728095
62842330	0.00216262541405384
62843020	0.00102683874703473
62845141	0.0183702721056254
62846101	0.00194399845437153
62846910	0.00230877472666826
62847641	0.00230391650387498
62853640	0.000972174435272571
62855740	0.00102482057246491
62858651	0.00645538321639497
62861360	0.000850646791252533
62864980	0.00533316917634571
62868010	0.00134404543796095
62871771	0.0214085742544176
62872321	0.0133400139758016
62880010	0.00115284163804849
62880051	0.0013391895286211
62886200	0.0030886184382696
62886391	0.00127206150403595
62886740	0.000849779460292808
62897640	0.00109571798151066
62901571	0.00120253683087018
62902340	0.00212536715120599
62905120	0.00281090598232121
62912980	0.0188429628065197
62913691	0.0032536708660252
62914200	0.00251071456978763
62915170	0.000990311280742519
62916800	0.00386209697584609
62919450	0.00201938281695215
62923170	0.00338499740340934
62925360	0.00238893134914905
62929510	0.00115327222488466
62931191	0.00664302757786316
62932041	0.0163160229766924
62937660	0.000937195684702082
62937971	0.000896071087338508
62939440	0.00112504199809953
62942870	0.00345078952710715
62945520	0.00103146214349099
62945561	0.0022081403763625
62947730	0.00113635649579939
62959560	0.0141173940437586
62960321	0.0013108688933332
62964571	0.0141163222051502
62965650	0.00118368327708456
62965760	0.00254531848940439
62965780	0.00130574652327414
62965790	0.00129862938625726
62966460	0.00108277809674256
62967621	0.00155772817135312
62968270	0.360718163229878
62969650	0.00121210507422045
62979560	0.000906985128314652
62980301	0.00206334917994908
62986060	0.0013999082352141
62987850	0.000921006662713717
62996851	0.00102327256276704
62997961	0.0265550955720756
62998620	0.048471788166423
63004530	0.000831178050406008
63006511	0.000983873222140871
63026470	0.000857206028954126
63026870	0.0008877882491764
63030091	0.0175249066804503
63030610	0.0458441674101603
63032670	0.00120481280827417
63034511	0.280693832245515
63050600	0.0272956411299617
63056171	0.001399711687872
63071570	0.00111621067996987
63071980	0.00203715758681042
63073961	0.00344038639621338
63074221	0.00625173650639569
63076780	0.00232404765890555
63077760	0.00113336725112212
63079461	0.000928964322011128
63080421	0.00252934316946599
63080810	0.0580162452354614
63081521	0.0011488802997905
63083881	0.00141052425015064
63086221	0.00211374939681642
63086470	0.0357303263131046
63086750	0.0010374959162517
63098310	0.00133782821810366
63099420	0.00107381175721485
63104810	0.000892970826815012
63105080	0.0708369439862927
63105880	0.000823272999029271
63106860	0.00205143787549056
63107720	0.00269825604905381
63109190	0.000947506600946398
63113251	0.127142316036147
63124940	0.00143115059002932
63124971	0.00114517418389616
63127041	0.00222508262605992
63127051	0.00137828856983095
63131820	0.00104703113889441
63138621	0.00359594786511295
63139830	0.00160389352722276
63140230	0.00799374701733687
63142071	0.00650118059265659
63142170	0.028038365834374
63142750	0.00206275006979142
63143680	0.00140179985666614
63145920	0.00460305581591084
63146710	0.00116564196530771
63152561	0.00237391986974658
63152711	0.00279099345460538
63152930	0.0040254786161469
63155160	0.0256292460374532
63155191	0.00172994215339642
63157500	0.0176686256325327
63161780	0.00104279716729127
63168540	0.000963062392285406
63169900	0.000948456651709207
63171591	0.00336258668404499
63171680	0.00106764293040866
63172400	0.000859174579807383
63174611	0.000993303307966915
63177651	0.00153163682823434
63182361	0.00218051529839779
63183721	0.017802688482305
63186860	0.294910216408831
63191000	0.00386023889495815
63191550	0.00200642102590698
63194631	0.000908041606758861
63196780	0.00217626959133937
63199321	0.000935769887693182
63200950	0.399327442707627
63209241	0.0349193318105701
63211280	0.00133427951164785
63215960	0.00175585048399062
63215970	0.00120609484043014
63216981	0.0131902439058475
63225791	0.0357651859802952
63228271	0.0012683633592486
63228541	0.00248295257083036
63230280	0.00425415969211849
63233880	0.00101397386586143
63234570	0.0225690107425078
63234751	0.000879488025552071
63237251	0.00319136587477543
63240821	0.00215024408898436
63241480	0.00135593676903396
63248110	0.000933219136635619
63248230	0.000937483018162182
63248350	0.00111093246130518
63248900	0.0137882673210621
63251000	0.00111161245113043
63251270	0.00290059086081739
63253070	0.0019723993853595
63255431	0.00154515318119938
63255700	0.00101174254202419
63256080	0.00242596586471367
63256220	0.000950879717141637
63265661	0.294457019286173
63266351	0.00525869613307196
63270450	0.00308349663513384
63279851	0.00142331329148483
63281730	0.00211109523408302
63283420	0.00167564550599523
63291280	0.00107146346793863
63291291	0.00367982978134675
63297610	0.0885949882367084
63297661	0.00100354057767147
63300251	0.000969474210464269
63305521	0.0013890263000885
63306020	0.000931717824762825
63306181	0.00142163700007822
63308230	0.0103912691015764
63314830	0.0413359920228118
63315991	0.00111604408629775
63317030	0.00200999760959781
63318820	0.00358880101787442
63319950	0.0421819238373074
63321310	0.00216438943897112
63321330	0.00211379596311064
63323820	0.0045976535511236
63327110	0.00102039076665884
63332780	0.00145154755438643
63332930	0.000905484245072276
63334290	0.0050229832080361
63335380	0.00414277681027144
63337450	0.00243824689512041
63341600	0.00251211317972418
63342270	0.00100593257760605
63343370	0.000963750858492405
63347011	0.0034208275213097
63349040	0.00163976485847973
63351390	0.0121908437178019
63352661	0.00271440781156944
63358150	0.0320363058094773
63360480	0.00103221683138949
63360930	0.000954595614331926
63363370	0.00116688744321488
63369620	0.00432411178296295
63374041	0.00169453021791369
63375930	0.0122860877067114
63379851	0.0010209464637261
63381511	0.00114281636735946
63382061	0.0103120557750616
63382601	0.0013842719852898
63383100	0.00134163216091653
63397710	0.00106188925934419
63401050	0.0960331743393825
63401071	0.0437715885530954
63401511	0.0177478623050266
63402871	0.00608450593051812
63402960	0.00087358184107707
63414120	0.0165323015577397
63414440	0.00295889058093872
63416261	0.000929644717671784
63417040	0.00112741305317056
63418400	0.00122702978067576
63418410	0.0514706473533066
63421621	0.00109870970522453
63422550	0.000980523160006625
63422820	0.00102025572796862
63425030	0.00211340634950101
63426591	0.00272387027895188
63427271	0.00100019307896363
63440360	0.0144968032166478
63447701	0.0011581553378449
63449050	0.00103839997533647
63449351	0.00279674124278705
63449600	0.00099996462069564
63451120	0.201713631110479
63458710	0.00719404344187244
63461190	0.00218131061602564
63463691	0.00147634704393958
63465460	0.000857632022660957
63465491	0.000998916901399719
63467240	0.00093438213750891
63468060	0.00110339008009176
63472791	0.00131640286879948
63473560	0.00257273241495868
63480880	0.0014303390696185
63481621	0.0012098841826704
63481740	0.00100185758871712
63486161	0.00111471266537252
63486830	0.000971702267838296
63488350	0.00163467431291001
63490000	0.00132342472054905
63492480	0.0140523497668098
63492640	0.00443163820050218
63496050	0.00130477400158487
63501430	0.00516928750296195
63501730	0.000957662294511086
63502441	0.00121996988416973
63503650	0.00113288162600472
63509631	0.00129342964870012
63510250	0.00144552438920344
63510820	0.00157505423843323
63514940	0.000923889773240781
63515640	0.000915613314454054
63518871	0.000892861025535472
63519250	0.0284605686611325
63520620	0.010717098358954
63525430	0.00130161517895691
63533491	0.00176095495993283
63534970	0.000998062819329775
63537460	0.00150431264595881
63538140	0.00153246820213408
63538721	0.00102580012949043
63539271	0.0011964177399139
63542431	0.000875769604628331
63542981	0.0232157465991803
63546950	0.000980828588118871
63548200	0.00104771561912889
63550311	0.00554929453035051
63551070	0.00194159544157953
63556111	0.00221259399576961
63559531	0.00107916478975429
63560320	0.00108368373911614
63560511	0.0012284130032729
63562171	0.0106022902168728
63565331	0.00106388788067079
63567930	0.00100906086864863
63575541	0.00140096013141914
63575900	0.00130284854765893
63580760	0.00422850392289391
63584050	0.00170776592873982
63584350	0.014404010328924
63584361	0.000906935472313065
63589560	0.0118739626632992
63590100	0.0106777086203413
63590841	0.00767389702570186
63592521	0.000868544606430732
63598670	0.00187483421019087
63599920	0.101839718852238
63609461	0.000930607023421776
63609580	0.000919832973491546
63614421	0.00155038509604625
63617690	0.00140484053148717
63617850	0.00571737278909118
63617881	0.00202185259155034
63624091	0.0015052475451073
63635490	0.000974770882532116
63643411	0.00114030825769232
63643510	0.00143568469486896
63646100	0.00125634013131951
63646240	0.0283020976480188
63652610	0.00212831884636883
63653741	0.00363590001389183
63657341	0.00100532331911024
63658171	0.001209460649056
63661321	0.00545506717886913
63662031	0.0166297909898884
63671900	0.00108712595774856
63675671	0.000974112900404568
63677260	0.00114458770470305
63677601	0.0528344006942479
63681010	0.000896725042918271
63687401	0.00251164296492441
63714411	0.00162329321334631
63913370	0.00828198458021642
63914210	0.00101367530073952
63927880	0.000961604236462999
63932450	0.000881973788918258
63951880	0.00313676417418247
63952410	0.00183451023138839
63975221	0.0010119247985457
64026330	0.00400323179308245
64028471	0.00229007081225024
64063911	0.00119007168587729
64112550	0.460984478955113
64120800	0.0010431105812501
64146101	0.185909287095024
64173080	0.0011832924931107
64181480	0.000892521332706448
64181650	0.00673982326328199
64185800	0.0330129983175192
64190511	0.00750997732546937
64197900	0.00833369048084592
64226040	0.00103639333974042
64236991	0.0468360034791991
64238600	0.000951954566191878
64289210	0.0269975298881959
64315020	0.000917496551610924
64374600	0.0295263691207657
64376001	0.00102898813248633
64404210	0.00582670307836393
64441340	0.0504168711598491
64507851	0.00305089707142585
64521860	0.00177812596855179
64538840	0.00169758392024603
64547930	0.00652822395876234
64553190	0.00123640865162223
64561231	0.00102858271332982
64585491	0.0021681717804632
64594581	0.00599952744105927
64627240	0.00132655560480297
64633040	0.00206434224945722
64635841	0.00143561447888492
64651691	0.000856462073671614
64674820	0.131764537519972
64676330	0.00219404854808974
64677901	0.00355986076049745
64680190	0.0508462856133253
64681071	0.00162458598037335
64713990	0.00125316455246793
64715920	0.00113014932336991
64726571	0.00138780305090575
64750400	0.00108565503458058
64752231	0.00133185106791521
64756070	0.00821949858865753
64765321	0.0110655735930529
64766950	0.000906116690839436
64771541	0.00630069601619967
64772730	0.00196404369821875
64774140	0.0010405067228773
64779340	0.00298306961595174
64781440	0.33770872204442
64783531	0.000978106705620488
64785130	0.00106981873452903
64792081	0.000981514231413182
64792170	0.00086459058199809
64793191	0.144101060197764
64795251	0.000971395640504079
64797051	0.000982347625950854
64799251	0.00132961754340579
64800990	0.00166311497647659
64805720	0.00250078260012943
64806400	0.00101097534733043
64809481	0.0269982103452955
64813430	0.00100917749045966
64815961	0.00145897701535533
64821150	0.00158831820134585
64823381	0.0174415272637836
64823811	0.000928268765924034
64824330	0.000980026702643817
64824850	0.00234957486355577
64828060	0.00092526466952801
64828740	0.00195682129714779
64829300	0.00212189309365566
64833051	0.0216536260221177
64837020	0.000961030830604994
64838260	0.000997354330339937
64841970	0.00258960257478359
64843671	0.188952686313518
64843801	0.000987196959321545
64844580	0.00103899527293155
64847340	0.00297888570550831
64851391	0.000929721039594269
64853010	0.000969288890895859
64853430	0.0223603076524065
64864221	0.000919252682876487
64865051	0.00132308819474605
64867931	0.000916402684922001
64870240	0.000888818110633772
64872921	0.00378991971892744
64874141	0.00192296540035485
64879541	0.00115194938081463
64893741	0.00103007031028092
64900180	0.0225372111338609
64904911	0.0486322502872477
64905120	0.00794677944353139
64908470	0.00154120343922891
64912290	0.00180873708710114
64919511	0.00890296323604574
64921301	0.00149260723259567
64929960	0.00105607684942221
64930950	0.00114424004254965
64931470	0.0450161075677692
64932341	0.00108643573298773
64937130	0.00206894893189818
64937570	0.000985381151125335
64940860	0.00207360926350334
64941191	0.00184035726553876
64943261	0.000968194632280629
64945161	0.00107054611180961
64946001	0.000976255035955985
64946411	0.0039281415158162
64951391	0.00115102773111689
64954701	0.000856700678858298
64955371	0.0032010033452739
64956320	0.0431423606562207
64958151	0.00118777487515517
64959781	0.00116672050031235
64963740	0.00189802005052826
64970831	0.0156000850466308
64971101	0.000894105529344844
64973571	0.374770193691311
64980290	0.0564407644056599
64980570	0.0229703103653258
64981120	0.000883368214890725
64982110	0.113813460072295
64982691	0.00100097310905553
64991391	0.00120942965682802
64992280	0.00512619763072368
64997530	0.00188457802535469
64997660	0.00582064352747483
64997851	0.00165673045234782
65002541	0.00295003751300224
65005000	0.00118336483427178
65005991	0.468784413156384
65006510	0.00367100754649439
65006561	0.000983755464249417
65012071	0.00106680518637766
65015620	0.00460223778612481
65023180	0.00166906997161786
65023190	0.00210587110245168
65024471	0.0330805702483344
65027350	0.00112710036930458
65028180	0.00634630171796933
65032061	0.00424981122339017
65034800	0.000970125537457459
65042080	0.00126658807894451
65044000	0.000944976424415872
65045390	0.00262170024816487
65045431	0.0235104888828944
65049280	0.00451777935761481
65053711	0.00205291569852165
65056010	0.00101795940174649
65056020	0.000911839717297369
65056191	0.00797319150146053
65057571	0.140638929200481
65058831	0.00101090578576944
65059030	0.0242979885682449
65061280	0.00124034852988576
65064621	0.00149090558307561
65066001	0.000896366439697969
65066080	0.000846465798246651
65068270	0.000946477687777612
65070100	0.00111859561882466
65072450	0.0554639608242063
65073790	0.00166185728291678
65075371	0.00167100136918672
65076341	0.0083100046843304
65077380	0.00259282210965605
65080061	0.000830547829076238
65081861	0.00110551240883655
65089120	0.0197792312391119
65090131	0.000994407748235149
65090661	0.0162544793840975
65090750	0.00354535944017475
65095990	0.000899611430398081
65102261	0.00238274814262526
65111771	0.00116991337851093
65112990	0.00718586247274717
65120690	0.00214275868337373
65122610	0.00089601240533089
65124720	0.000873588336588541
65126750	0.00724949277947482
65127990	0.0262889480097658
65129820	0.00138191429487568
65130620	0.00217824105481243
65136051	0.00378008561170052
65136840	0.00112509239276662
65139310	0.0908055607606111
65143200	0.00654020744276948
65145380	0.00113403141300482
65149260	0.00276411062092085
65150510	0.00913279737488002
65151071	0.00108960871298334
65157291	0.042680721605863
65158190	0.0011820551785769
65158210	0.00133526810090098
65158330	0.0235717866267679
65159050	0.00265603724596528
65159180	0.00659817726876407
65160061	0.00118162251463339
65160410	0.00453319380537691
65164471	0.000976264151739527
65165270	0.000974825959528463
65166880	0.000934887454903838
65167590	0.352501158830116
65169670	0.0041946256706326
65178620	0.00720289246784979
65182610	0.00238739678284294
65182640	0.00120481063122603
65185400	0.0042179371461964
65185981	0.0118270501999779
65188191	0.000933796524499628
65188400	0.00118470260003016
65194610	0.00183233234149181
65195081	0.00116176489863929
65201271	0.0010618762067346
65201821	0.0011977686787615
65202600	0.00442899451530087
65202931	0.00264226813686005
65203160	0.00551525028854249
65209640	0.00270442685214214
65216430	0.00112106490643765
65216710	0.00341991976846746
65219190	0.000920258827081529
65219860	0.000979209128955804
65222200	0.00092672403466275
65222210	0.00181827508926613
65222651	0.00217963339227406
65223211	0.00117410313446761
65227310	0.0285039539413575
65228051	0.00236734439200329
65228601	0.00159653178176639
65230600	0.00239925826789769
65231631	0.00100717090834289
65238470	0.0194178648738483
65238500	0.000859423789865312
65248980	0.00304928877166325
65249360	0.0180217995314392
65288390	0.267472325821376
65389541	0.0192231335868891
65412120	0.00265398638032435
65513780	0.00167527704023883
65514071	0.00116043106084063
65620800	0.00527177537665567
65656811	0.00124322763917951
66033891	0.0128601746406446
66045570	0.00108098952802263
66057191	0.00148627686764049
66096190	0.0431373000717425
66107811	0.00218422063826567
66108840	0.00110507416708429
66114630	0.00119494885554839
66137420	0.0256261649247506
66139760	0.000914605808465014
66148621	0.00118963168280174
66191501	0.00227369369656004
66193690	0.000870989874477799
66195080	0.00110798834163278
66245660	0.0225642680663068
66261820	0.00137937383378063
66268601	0.00100539087163204
66293281	0.00897782984158921
66353120	0.000891681979279393
66424840	0.00118747429095069
66466381	0.00482235363163159
66487741	0.0364692930356092
66512100	0.00163422238457887
66526480	0.00598119876552927
66550730	0.00251482670751157
66582071	0.0015080710342225
66592011	0.00101888697741387
66600421	0.00113546488852649
66657651	0.00111427883379117
66683301	0.00235154203711388
66699800	0.00159300028235016
66712120	0.00105753748505826
66734030	0.00105616416063151
66767140	0.000938749579635416
66785330	0.00122841019459046
66794741	0.0065084614122929
66836080	0.0400331023868533
66843540	0.000946880583156112
66860551	0.00795809724941236
66928920	0.00723301411650676
66932360	0.0533527613802965
66938150	0.000985433944400234
66959821	0.00812744193056302
66968261	0.102360981198458
66976941	0.00202450696299711
66978250	0.0113632389995477
66987810	0.0430436255975269
66996460	0.00262815219608708
67003530	0.00739159900154919
67115531	0.00283046550578491
67144200	0.000911436130526077
67196320	0.00122654913915078
67203801	0.0170634736010601
67203910	0.00384648495901359
67214530	0.394294610797718
67218551	0.0417342701406405
67221960	0.0224812889110622
67229570	0.0764114318147651
67232081	0.00317958518382593
67232170	0.000880930496246709
67237471	0.0012351150796409
67249300	0.0010864772722895
67250011	0.00109844108914585
67250390	0.0171879597893775
67250841	0.000956414961497973
67251521	0.00108973495482997
67253550	0.000967139649148744
67255801	0.00108336510735667
67258220	0.00332462301802189
67258841	0.00148108020265003
67259640	0.0037696893938432
67261721	0.00319146067891251
67263661	0.00495948075695686
67263921	0.000915672926611533
67266230	0.00139603477902435
67267111	0.141591313597454
67267190	0.00613227613968868
67270220	0.00803605253648377
67270910	0.000853671308185986
67275760	0.00285233586197025
67275951	0.159666159067074
67276580	0.00251651737745374
67278490	0.00278408889861301
67288751	0.00342393264933712
67290230	0.00101542796869438
67291900	0.000888975207587893
67300911	0.00106997117019351
67307931	0.0333593473967358
67315600	0.00136757597568341
67321161	0.0107254538322776
67331730	0.00328006966588745
67335730	0.00211099098793185
67352881	0.000916429413332126
67352970	0.00136290615158664
67361711	0.00225252110688705
67362110	0.0281355263901219
67364590	0.0799662135920385
67370800	0.0156363934194932
67371771	0.00187518286539609
67376440	0.00208661863099498
67377260	0.00386319522696467
67379241	0.005173880243771
67382941	0.0719153049220645
67388700	0.0010699640515735
67393100	0.00096202946989014
67395241	0.0033675347601784
67399921	0.0014972823197308
67403180	0.00407577211333735
67407610	0.00117004332990725
67413800	0.0266910965562794
67425680	0.00325082452129729
67430121	0.00515480181559767
67436990	0.00141710215405862
67437690	0.126708818770015
67437831	0.00112218047686707
67437851	0.00102882637916144
67438821	0.00237460757424869
67439620	0.00598401854017878
67440150	0.0012492755363787
67444481	0.00155094530944531
67445260	0.0012481342109863
67446340	0.0738592718783146
67446480	0.000936713602016311
67446490	0.000896968056214219
67452000	0.00951009368906553
67452310	0.00742803768108067
67453250	0.013730838876591
67455211	0.00147962587229556
67456451	0.00101829800275826
67460550	0.00225914123226968
67464400	0.00106898734357826
67470671	0.0167089951782067
67474661	0.00133227200647601
67476471	0.000960241214705442
67479600	0.00177610230369332
67482261	0.00094864426066506
67484300	0.00714531436284236
67484400	0.00599942101665273
67484680	0.00378804222333159
67485230	0.00165271157945421
67490121	0.00971943243046242
67492331	0.00260325264205821
67492451	0.000967711241494824
67493411	0.0730079018923425
67497820	0.00592697886802847
67498801	0.00125014657845156
67504721	0.0407395565564956
67508871	0.00128626541930878
67509011	0.00329493043573425
67513360	0.00167268991806149
67515860	0.00138816159763168
67524721	0.00206171678084033
67527911	0.00130527934268415
67533821	0.0014349027514738
67534500	0.000981866030878522
67535610	0.00365830146042326
67539160	0.000999307715485998
67539320	0.000945757923263671
67541520	0.0141834644534357
67541800	0.0316098890889088
67542220	0.0119758095540033
67543501	0.00200307124636127
67543710	0.0009598584721235
67543850	0.00114363698256755
67547501	0.00102290380243629
67549711	0.00519004200223658
67554330	0.00142821711546719
67555440	0.00101017472527004
67557520	0.244111356837552
67560150	0.000977161034097131
67560721	0.000872323648708371
67569810	0.00445308359199838
67571180	0.00100959970786832
67576840	0.00231732813769402
67578931	0.00291389981317331
67592161	0.00615772726414546
67596430	0.00116775089250104
67603420	0.00104385442082963
67604290	0.00277061919721688
67605790	0.00202085039608966
67611160	0.000897475917217254
67611860	0.00241743689542082
67612540	0.224722657703581
67615211	0.000979234031226468
67615980	0.00149146872109723
67616311	0.000942137399788851
67618610	0.00122965000575771
67619700	0.000918644043586857
67622101	0.00246263819501465
67632940	0.00234774070331798
67633121	0.00309038775358624
67634460	0.000919342649524469
67634590	0.000952250066125431
67636571	0.230407170367093
67640970	0.00167981003946172
67646900	0.0157708058833279
67650330	0.00114205150227705
67650460	0.000902322453014504
67653131	0.000962553957861482
67656530	0.00610173293095483
67656940	0.00480990549316941
67659970	0.0011182755235388
67660451	0.003103118484197
67661100	0.000975560732757023
67662170	0.000922771428502343
67664701	0.00544502679973639
67665141	0.000849190449202885
67665821	0.0011138734752804
67669281	0.000888261823833135
67669391	0.00114183166705917
67669770	0.00137398033390599
67672991	0.00149751913980728
67676260	0.0829539199305441
67677480	0.000982444397272728
67679621	0.00100615478304245
67680800	0.00121513061494548
67684291	0.00110657778754398
67689541	0.107429700200045
67691741	0.000870188339225727
67696280	0.00106199017732399
67704390	0.00399140655017969
67710870	0.0111929956231035
67712721	0.0256365140081138
67717671	0.00211843983043317
67720410	0.00095633265720721
67860011	0.000965242629993394
67860510	0.00583220367668727
67860940	0.00376066705150259
67861781	0.0537605252688759
67867721	0.00108657995770665
67871741	0.00512556538177716
67877910	0.00103424624844924
67879260	0.0172091354770097
67879950	0.0103116668524225
67879960	0.0244389087993287
67880250	0.00129673904220638
67884240	0.00150624808374395
67895311	0.000945587212651604
67898341	0.00124160764643652
67902471	0.00296741156802534
67909190	0.0009126648880207
67909610	0.0133545113188024
67916701	0.000861329785942558
67928500	0.0127805623328668
67936640	0.662754805858704
67943861	0.00328309186719492
67946751	0.0210717791373342
67959011	0.00299282675356611
67960271	0.00101637914854454
67962140	0.00499534141775967
67965450	0.00869187396614179
67971291	0.00130665139203206
67972650	0.00110019907100426
67975140	0.00124641248909992
67976951	0.00445368593142924
67983680	0.00193613810860533
67997740	0.00260670045771471
68002741	0.0209318378869378
68003400	0.0052107178700267
68006601	0.000886228510341664
68007960	0.00260798884025411
68012951	0.0374129189754539
68015370	0.00527415146422871
68022741	0.00327739722325886
68023171	0.00257902970193034
68023581	0.00174570042072701
68027141	0.0134497945161472
68028490	0.00332265902011927
68029931	0.00191317487905355
68030201	0.0063163149526389
68030840	0.000972840737270638
68034741	0.306700148013864
68035421	0.034193010224626
68036070	0.00314794944421125
68037720	0.000919123571181383
68041491	0.00101618799713234
68043110	0.0676353792078119
68043960	0.00121269259923421
68044261	0.0178132567997099
68048080	0.000913717560442404
68048350	0.00135631408173449
68048610	0.00228476908628998
68049361	0.0698993072714682
68049590	0.00119682507172016
68050820	0.00110390792860678
68051370	0.00141503779916627
68054990	0.00088345279075665
68055650	0.00131274005769628
68055780	0.00105884183725983
68058980	0.00148716903432219
68060370	0.00487137147052726
68061710	0.00262664908098884
68062751	0.00129135855835075
68062840	0.00264651671197556
68064811	0.00132725163622827
68065091	0.00171937909432585
68065710	0.00116509856841919
68066970	0.00113566886075619
68067250	0.00103032983012527
68068821	0.0104065903448796
68072101	0.00127721730552928
68074030	0.00297022981936523
68074051	0.00151287069532657
68074881	0.00112567025199385
68075780	0.000995951891023217
68076360	0.00149439779643538
68079441	0.00169471320072572
68082051	0.000885596159893204
68082061	0.000958325110859024
68094970	0.00105840730178678
68096480	0.00124086016487981
68103001	0.00136970636180881
68103011	0.00085089959291111
68103240	0.0145024524290708
68103910	0.00174732913887364
68105440	0.00221264425590106
68108251	0.0020310510738903
68112910	0.00152746126832175
68114441	0.00103004619182149
68115800	0.00230119729605358
68115910	0.00290439156350532
68118451	0.00237944962110128
68118960	0.0123503227357622
68126400	0.0130663551091343
68127011	0.00283089566907164
68127271	0.000925992361446298
68128080	0.00191965468936131
68130591	0.00900177801129976
68133880	0.00300342714410425
68135400	0.00654779506690063
68136460	0.00094728813943057
68140340	0.000964868915096368
68143260	0.413001405255162
68146160	0.00105518041949576
68147551	0.0020279701188244
68149751	0.000932063182291798
68150441	0.00114708503863051
68153611	0.017931288839678
68155660	0.00205044363751618
68157911	0.350690128124622
68158820	0.0011247298597383
68159940	0.00168427431840713
68160770	0.021651052984875
68167541	0.00131051889136504
68168391	0.000864470926669587
68171981	0.00105093583968213
68179261	0.000955191942115433
68179831	0.0125638468945382
68180200	0.000964875126244515
68181430	0.179316287042648
68181621	0.0182566102416092
68185730	0.00121779698365164
68190540	0.00143368216612911
68191110	0.000851186897022298
68194581	0.00135012129893122
68194820	0.00195383997459707
68194960	0.00360860151225231
68197020	0.00461726870579795
68202980	0.0183137406332994
68204610	0.000883068334124306
68207281	0.00237362550498735
68208590	0.0109516093688127
68210420	0.000929509456065346
68211131	0.000866773329497878
68214150	0.00155363319610952
68217601	0.00129964371031318
68219070	0.438141773877476
68219831	0.0377807740822358
68222120	0.00173597287220641
68222311	0.00320551995772857
68224490	0.0180211429289
68224760	0.00106316019172436
68225481	0.00486946038485481
68228251	0.00231552385403742
68228770	0.00178543169886988
68233170	0.00142567037659394
68235770	0.00316197433158276
68237891	0.0612647576927126
68241030	0.00115628029714787
68242260	0.000882555197570201
68244610	0.000982122273129823
68246560	0.00724145904612709
68247650	0.016240559418686
68249290	0.00217252562605074
68251240	0.00177810816300723
68251910	0.0117148859195764
68252620	0.00404511503923467
68253420	0.000983564517052138
68258731	0.00575526736599228
68261891	0.00261166900582292
68262451	0.0193761747557178
68263941	0.00090173450588565
68266571	0.0013342646404536
68269761	0.00133534697673242
68272651	0.00203972266051243
68276791	0.0031366415699471
68278591	0.00146867741781698
68280651	0.00157397969768797
68283100	0.003038797008772
68285130	0.00345484293926089
68287630	0.00142669514905861
68289290	0.000971758023683876
68289550	0.00127934122323695
68290240	0.00293506830460288
68291520	0.000956476853352136
68291770	0.00770138152491586
68295060	0.00114460571840201
68295121	0.000987501688068719
68299480	0.000904486486172448
68299640	0.000841663363991524
68302161	0.00258692678635808
68304221	0.00238006608445349
68308170	0.0128861970744765
68310650	0.00138841191836154
68310950	0.00105495503214523
68313591	0.00169416660411925
68325980	0.166724387349852
68327121	0.000930283142488724
68338001	0.00274674304211396
68339240	0.197845397842923
68340511	0.00164599790734071
68340580	0.00166001270822471
68343401	0.0011680578680156
68345010	0.00218137693545661
68345290	0.00155851868392371
68351220	0.00105394031074803
68354841	0.0141857873541493
68355391	0.00248766784539242
68362410	0.0202035014304626
68363330	0.00455193124346372
68363630	0.425008984245544
68363951	0.0345640990471495
68368860	0.00206200050828281
68369300	0.00158155372192349
68369570	0.00152056523128953
68369611	0.00104192968750437
68370380	0.00125411844905089
68370950	0.00521722505647891
68372040	0.000931940634724569
68380081	0.275677481711052
68380590	0.00115167382310248
68381970	0.00107365023192262
68387070	0.00266444750944476
68392720	0.00147893518069277
68393840	0.000992427355545195
68396870	0.0115761030277298
68397990	0.00593456653253701
68399880	0.000969632694036768
68400211	0.00187333292912095
68401731	0.0495774393534805
68402510	0.00123188549442141
68404170	0.000972788610213653
68404180	0.00127823976367394
68404341	0.00245684709553896
68405300	0.00374879847062768
68406851	0.000993116278242841
68407531	0.000911013447866002
68411060	0.000997260998535895
68413461	0.0546035470543084
68413570	0.00166574778339347
68413861	0.0222672348924764
68414161	0.000992691270432621
68414530	0.00111596826253802
68416020	0.00117761577125417
68416071	0.341577096151733
68416880	0.274035019662839
68417970	0.000912826665968586
68419640	0.0137505095476211
68422950	0.00796570749575384
68423640	0.00179553774165115
68425140	0.00119671397005416
68425441	0.00104868684073063
68426920	0.0383103020874699
68427220	0.00242447462117528
68427381	0.00475434312673696
68427740	0.00345391490271642
68428290	0.00210595509311652
68429000	0.00596568509781418
68429550	0.00137447518935138
68432751	0.00234093726490089
68433280	0.001101389972071
68433950	0.0113123040147609
68437120	0.00266562074547914
68438230	0.00163492105954566
68439511	0.00102426777962093
68440740	0.00213935196046185
68440850	0.000930976905723629
68441270	0.0419340034014081
68444351	0.00278716366025406
68447801	0.00379655066690527
68450530	0.00204715187904847
68450800	0.00147932078262567
68450831	0.00204008252303034
68451121	0.00149628565763908
68453960	0.00744722183382162
68456740	0.00213053771704564
68456870	0.00308570562170189
68458431	0.00175859223206494
68460471	0.000845804657815462
68462530	0.000909349138421921
68462800	0.0015799116070988
68468361	0.000840104689157361
68470640	0.000935674222542879
68471620	0.00284862041676941
68476020	0.000917429539666923
68477301	0.000844783581496361
68478510	0.00367904725835578
68484840	0.00123713077624352
68485280	0.000961749821502726
68487111	0.00233271545360066
68488030	0.00114670771777096
68490261	0.00118796631279554
68496290	0.00198968787489392
68500460	0.000952355526735904
68500860	0.00323434966382575
68502370	0.00360372827724194
68505981	0.108826648440855
68505991	0.000933009806809783
68509031	0.00100075083042508
68509591	0.00108134295640204
68510401	0.252408287743231
68510831	0.00222707556009985
68512030	0.00122291286355037
68514691	0.00145923135595349
68515791	0.171583283209397
68516741	0.00161348148034072
68517280	0.0416812500141924
68521400	0.00192901925441686
68522240	0.00454661712179672
68524420	0.00157177093197923
68526141	0.018119310420474
68531911	0.349216939705091
68533041	0.00976444070279511
68533670	0.0456542127946031
68534350	0.00126492367739247
68534411	0.00150583262193099
68535641	0.00133615130790153
68539050	0.00133536861068876
68541591	0.00191602847448229
68541711	0.00507186239072809
68542350	0.000871821785519719
68542760	0.101737460919392
68545041	0.170092864266478
68545451	0.000961582183715365
68545721	0.021555967265441
68551720	0.00230587261587897
68552850	0.00102029052874371
68553540	0.00107033633236274
68554630	0.0397057090878211
68554760	0.000917679975082743
68554930	0.0521003071921482
68555490	0.0071451548638771
68555870	0.127701768425362
68556030	0.00157106593929687
68557110	0.00122356431095144
68558490	0.00850586687495273
68559330	0.000885354940075975
68559750	0.00113155986925109
68560891	0.00173535189875087
68561721	0.00453576306866308
68561790	0.00106082363011436
68562001	0.00101378771659036
68562780	0.00098239693387313
68562831	0.0133633277299242
68562961	0.000858871480376614
68563330	0.000956476853352136
68564550	0.00136891765988328
68564580	0.00115618441872631
68565591	0.00135343005323463
68568270	0.0921843405256386
68572341	0.0010893490179912
68575600	0.00290549236253264
68609920	0.00272715220745253
68616980	0.00116731787486309
68619890	0.0031331112836663
68636611	0.00100719635329966
68637561	0.00205073811857381
68662381	0.000895845511483908
68662811	0.0102537468650322
68664731	0.00343940062780239
68672300	0.00261818384057164
68689411	0.000980469964558437
68715771	0.00161604963256359
68726320	0.00125176682964144
68732140	0.00201194237381937
68734760	0.00185382531029118
68736000	0.00241606945315475
68739850	0.0533847052838081
68744700	0.0056185317040026
68759560	0.00450854683242691
68761350	0.000932096892244869
68761360	0.0226040047331603
68762900	0.000950368553239062
68764181	0.00257808078033198
68764871	0.00122276879469513
68769961	0.00281353008725639
68770241	0.00114197341185851
68773510	0.0580978364165549
68777100	0.00222431630115783
68777681	0.00106796144873811
68777971	0.00114075238702595
68778531	0.00558302990036763
68778590	0.00449127103850319
68782511	0.000967737997861597
68784250	0.00254351216865885
68786750	0.00243498792881945
68790870	0.00112661937585356
68791570	0.0122603139158351
68792301	0.00198106790103474
68792400	0.00184109288211499
68792800	0.00257841229068353
68794040	0.0011935212676052
68794931	0.00146839289247096
68794941	0.00517713915492375
68796550	0.000979574467137833
68796670	0.0319894595586982
68798371	0.00305807957383018
68799341	0.00661779008207171
68801490	0.124901252275251
68803580	0.00126221537578245
68804311	0.00164759484270956
68807830	0.00129553748102036
68810770	0.00232423165928478
68812270	0.0014409539693238
68820130	0.00408328471509127
68820291	0.00212385640513865
68821141	0.00102239548037541
68823201	0.0125429685256283
68823870	0.0537523785955762
68824311	0.00159147674614946
68826900	0.00267375152344208
68828700	0.000995095466753544
68829261	0.00493714120968607
68830320	0.00396730485558943
68831741	0.0139482061773191
68832530	0.00113623970369271
68834620	0.00207479898158514
68837110	0.0263755629678114
68838200	0.00197795752565162
68839560	0.00101118996919238
68840110	0.00117053393387685
68841340	0.00118706367836111
68841961	0.00101695341803021
68844110	0.00411936983768086
68847870	0.00124580265919007
68848380	0.00537466212855264
68848650	0.00648657574395152
68848981	0.00289998696194454
68849090	0.0351357338197126
68850361	0.00123524607060328
68853780	0.00103999610939091
68854050	0.002293282641695
68859191	0.00201994189729675
68859891	0.00232424107546987
68859901	0.00120014683215318
68862081	0.00267506926139248
68862491	0.00124590882641202
68863481	0.00132400823584484
68866921	0.00118992533636196
68868810	0.0526344260012546
68869760	0.00124976583262974
68870880	0.000989776086662239
68872011	0.00539179855653791
68872561	0.0999033126310921
68873770	0.107403909468613
68884100	0.258294395364569
68884790	0.00158355804911236
68885340	0.00371093551718054
68894241	0.00135799020832464
68897941	0.165722619173653
68898480	0.0252230300146595
68899160	0.00606542645648079
68903140	0.00122467515479044
68903341	0.00134687819911217
68904011	0.000997492781184613
68904240	0.0234815435709603
68904831	0.0101999260443811
68908400	0.000877450304872757
68908441	0.00126899604431299
68911420	0.000947187003822391
68919980	0.0010994246876099
68921381	0.00387821402774916
68932250	0.00618205932719623
68933541	0.0012964684599586
68936001	0.0129533403370489
68943680	0.000871702066470344
68944120	0.0231487617485226
68945330	0.00457599952999718
68945650	0.0018794739978355
68946990	0.00154199163072558
68952820	0.00230074569809539
68953401	0.254843471102821
68954750	0.00126250684295834
68957210	0.0237308723669442
68959270	0.000876583217935417
68961681	0.00523322330428966
68966460	0.00173712666711481
68967031	0.0088298735265534
68967820	0.0659115663315986
68968291	0.0178552352685497
68970170	0.0158343676902097
68970781	0.00179972877445867
68973350	0.0014351876210964
68975041	0.00265856155026034
68978330	0.00123182613997943
68996520	0.156045694576793
69581051	0.0714585769512255
69623470	0.00146161379313258
69623490	0.00130618673117205
69636911	0.171857706869534
69639880	0.0130994083117663
69640221	0.00515905529968682
69640351	0.00409935072577703
69643220	0.0274756275568939
69643330	0.000889841696976634
69644570	0.00117391830493496
69645290	0.0672383798960733
69645301	0.000929887231766822
69646421	0.015095837443415
69648570	0.00991257634276292
69650080	0.00232237398936067
69650100	0.000962012638770831
69650110	0.00208727768090493
69651890	0.00639822704293932
69653940	0.261843971963132
69657301	0.33482208238016
69662800	0.00172037226661148
69667220	0.00621384438876701
69669660	0.000986327545078542
69670401	0.000868676769969893
69670681	0.00096174720624063
69670910	0.0010178175160791
69671330	0.0183526422035005
69672420	0.00122498216148228
69673700	0.000909757345074763
69675050	0.028076791029117
69676730	0.00137296105211871
69678541	0.00110371458137454
69680140	0.0937506106139329
69685390	0.000879324080608897
69686630	0.00113980600204154
69691941	0.0770527066557498
69694080	0.00201311567126967
69694131	0.00125711141024321
69695900	0.000952741271323321
69697171	0.0153656263334674
69699480	0.000989637648342659
69700140	0.000903343550536982
69701670	0.00108252242166279
69701930	0.000927367867074388
69703661	0.000959591349246837
69705280	0.00213121754212424
69706541	0.000991965225301344
69712990	0.00109030102877359
69713301	0.0139820813702127
69726411	0.00240299880050525
69729591	0.00234151061928575
69732061	0.000991974559769197
69733120	0.00257167522396307
69739911	0.000970699386875697
69741701	0.0116891450055475
69741711	0.00172753093506738
69747381	0.00132697839646506
69747480	0.00142442727416521
69750360	0.172130608909774
69750801	0.0029215871157822
69752871	0.00100192929900636
69754620	0.00107455530248334
69757680	0.00132013930630031
69758230	0.000944914937437055
69758360	0.0248246273650291
69761851	0.00143025742080088
69762801	0.0054547220512347
69764860	0.00124692357506723
69769281	0.00367702018089062
69769800	0.00170660299897445
69769851	0.00104406447263931
69771870	0.00123468609196684
69775060	0.0546947032760435
69776860	0.00232684185164142
69778121	0.00119461125599668
69779221	0.0040577009437665
69783180	0.00147609985279324
69789800	0.00172314965381344
69790391	0.00203201559025261
69791750	0.127458472848353
69792601	0.00193009120536451
69798210	0.00341635756464685
69799610	0.0111283969463296
69805550	0.00215520764379113
69810531	0.00210539337363887
69813950	0.000954156581569293
69819921	0.0398823112629455
69830801	0.0275913913593008
69848591	0.00131120279689082
69904710	0.0215550639568947
69909950	0.00210184964979138
69910640	0.00129437861292557
69912010	0.00100103444854123
69912410	0.112237552516882
69912871	0.0146172469367568
69971751	0.0131344684423527
69971860	0.00120013268981485
69972311	0.00246482618929515
69975990	0.00158869977861852
69976010	0.00097275475968567
69979450	0.00166659853113841
69979751	0.00497656458622455
70035871	0.000918059861956947
70041890	0.00110185844413056
70044100	0.00204403924867144
70106091	0.0210054496866612
70110020	0.0123217050866394
70168240	0.0235797294792656
70170771	0.0010755622230595
70170891	0.00321870980903815
70171300	0.00172338706476975
70172161	0.012292481152396
70176400	0.330076151958473
70236961	0.00122169059062588
70243000	0.00135118203034194
70243301	0.00162214320478384
70243581	0.130504752831213
70297771	0.0019459897276987
70300401	0.0121718678693794
70302830	0.00116710058807114
70365870	0.00133810056419666
70366051	0.00101774534417157
70368900	0.00211529935450385
70370741	0.00266792204290269
70371011	0.00227898534607196
70371861	0.117205357557271
70375380	0.00326600360559701
70431831	0.00105230330178899
70432381	0.207636543671724
70434400	0.0219465937086548
70467821	0.0156095370974526
70586400	0.00172189371228261
70676221	0.0557867484574495
71147450	0.0136294516579836
71174310	0.00246945208479103
71186470	0.00514383563272815
71289650	0.00249491293842867
71291840	0.00104911683237656
71340090	0.0156048868987
71353890	0.0021572914867081
71355311	0.142690650343186
71357490	0.00123082553136488
71359570	0.000934038718478324
71359731	0.00181557002112069
71359741	0.00090464892089006
71359840	0.00131332405143217
71360220	0.00197579959759272
71360431	0.00129890542493931
71360630	0.352938059466394
71378891	0.0472620879590223
71382010	0.00104681056442954
71384131	0.000984317378537201
71386180	0.149830564136396
71388291	0.0047373881013815
71412940	0.00245866797202622
71424691	0.00089637318121787
71425200	0.00139908720987383
71431871	0.00106741853997471
71433310	0.0010883671556296
71434320	0.00102839140945471
71436490	0.00157609902488073
71436630	0.00106759493433872
71452620	0.00126966474229506
71456760	0.00100288615301566
71458320	0.0197732225569291
71459431	0.160052175066206
71461801	0.0863017394629002
71475800	0.00503102240179628
71476350	0.00140873476926106
71482160	0.00133515390884763
71482440	0.00154491697179255
71484971	0.00108729404344555
71498430	0.000873830295535526
71499031	0.0012925713989774
71505101	0.00407944992321687
71506030	0.00220310968030454
71506471	0.00295814420532107
71509580	0.00236389625576387
71522471	0.00208276840652973
71524681	0.00292784019381839
71525050	0.00141194015497251
71527571	0.000934700475116933
71530290	0.00111744399333367
71530960	0.00137629586018807
71533340	0.0033780587012946
71533931	0.00103926393760518
71555011	0.0080041486908383
71556100	0.00118120364975949
71571161	0.00205481682382307
71571301	0.00138819438580765
71577050	0.000916263950838425
71577990	0.00311512555039871
71578311	0.00261401697210653
71581450	0.000974590844156107
71581870	0.0150583064852182
71596470	0.00315897641347664
71599240	0.00322289091620821
71600681	0.0138131994920816
71602871	0.0013487976055568
71608401	0.00327473670861981
71621030	0.251468830859042
71661430	0.0163013895004708
71677211	0.0390073750245603
71679240	0.00139690281054291
71682130	0.000938576378391738
71684381	0.00143306465402605
71687080	0.014771347643698
71688900	0.00234665248339908
71717710	0.00188068064128597
71719510	0.00214635710038759
71721290	0.0216363191495538
71721600	0.00143746782306126
71734390	0.0177528739013103
71754010	0.000909333042616413
71756210	0.000960756112216238
71775121	0.00197790355847847
71776310	0.0325903956091366
71779080	0.00122946568502362
71781611	0.00364232910777721
71782581	0.00133779306652875
71783630	0.00105671786451442
71783650	0.00868470689781393
71786380	0.0980343342660396
71787520	0.00145579693386963
71787691	0.00477063001612575
71790280	0.0539370067841255
71790421	0.0641887724810149
71792050	0.00168477023800794
71792361	0.091255051274834
71804231	0.00486092834303998
71823070	0.00201151253781022
71823920	0.00145362268030714
71824620	0.00150614026586611
71825321	0.00183587694542467
71826151	0.0305897460278746
71841560	0.00136568891529884
71860911	0.00250377958578876
71866701	0.000952766084047778
71886021	0.00682699316569317
71889830	0.0261361162226377
71891510	0.00707090171069034
71892310	0.00109339018939991
71892580	0.00870896850578323
71894011	0.052901053221026
71919121	0.00152158042734627
71937581	0.0039296289365994
71953031	0.00270308955575374
71959610	0.00130489028296862
71969861	0.00164481865537842
71982080	0.0140097322246788
71984300	0.00167656638373311
71985410	0.0148964041996147
71985711	0.00190648475387994
71986151	0.00112501041691014
71988331	0.00202075920681523
71991470	0.0011297211565606
72009110	0.00347255747630141
72050261	0.00275639798433667
72051590	0.00209302067849517
72066630	0.00134738839863684
72067580	0.0046288074011827
72072580	0.00103309253713537
72083521	0.00157159936889105
72083631	0.00288629080452424
72096601	0.00107236791331727
72097841	0.000882250663623943
72105370	0.00636855259306296
72119200	0.00099450531577343
72126090	0.000998334777652334
72130930	0.00237709498738218
72135590	0.00282308418917477
72137721	0.0313220285617549
72139501	0.000987624329251821
72153120	0.00108669452435327
72155631	0.00203699776042512
72158401	0.00844282337498195
72159351	0.00564195257745868
72162230	0.121349776450845
72175440	0.0829713001291654
72176830	0.00250341169429511
72178200	0.00389609644649871
72186090	0.000885164314174354
72187060	0.0139150058837623
72198230	0.00607068115045317
72198750	0.0123975243446782
72198910	0.00816231448820425
72199870	0.00725394441186425
72213681	0.00134760697087413
72221650	0.000986786417440915
72222460	0.00124442232778718
72222500	0.34612235163165
72226610	0.0027573641759898
72232051	0.0010719078822999
72232311	0.000897321515042397
72241821	0.00294095369775752
72250740	0.00140963011769223
72251710	0.00090766122358557
72256130	0.00406890906641919
72264601	0.00178118534135707
72279460	0.00119834687945017
72282320	0.0059784218757305
72282661	0.00155660953947729
72314630	0.000882361735875816
72326740	0.00125713044738244
72336790	0.0188347836708745
72347010	0.00101813947422238
72348790	0.0169000675353831
72350180	0.00212249157268403
72352591	0.024543817140207
72367481	0.0451527683381719
72393541	0.00270030406023353
72394170	0.00343274648884983
72395170	0.00096793424271465
72396250	0.00154105523156287
72399731	0.000960389107282737
72417541	0.00102393900079993
72418580	0.0743243497966065
72443041	0.00214236821747602
72458160	0.0023239047432224
72466170	0.00175586934930423
72468540	0.00306931378491345
72474020	0.000991867570983595
72491331	0.00121754970427337
72493330	0.000936021362469331
72496540	0.00115667355967218
72498290	0.00112908117771161
72509910	0.0162916628754944
72510761	0.00230542587272531
72514160	0.00231193595778204
72514430	0.0012405968574626
72545490	0.00105874970974779
72558061	0.0582576797157306
72570160	0.00143989702861463
72571150	0.0356601696131007
72571970	0.00201676685096913
72574030	0.00127594423218516
72574040	0.00136399294324943
72578901	0.00345118298738884
72581651	0.00201612823167406
72582040	0.00211242533523942
72587670	0.00114942362665209
72589480	0.000887354854820596
72601231	0.000908104365108736
72604701	0.000956814597362169
72605350	0.00183525222643834
72618170	0.0266617347125902
72619571	0.00101157287742147
72621490	0.000976720795945221
72621610	0.000960059829415544
72628800	0.00254833788100894
72628811	0.00305217171100464
72631000	0.00124925632760131
72638761	0.00230838864975617
72638881	0.00470816597632766
72639041	0.00088477090206684
72645320	0.00171412651032044
72646850	0.00109070309474125
72650960	0.00093151806281785
72651161	0.00120051037740172
72655000	0.00237879545692685
72655171	0.00118398906659246
72656090	0.00273726420855502
72667520	0.00120688100874728
72671540	0.00164968183123952
72676411	0.00110939640535283
72683291	0.00729174586865358
72685740	0.00359505043618921
72897840	0.00195343233221569
72905310	0.00280970888301238
72916320	0.00184780743052007
72917040	0.00453696914550696
72921140	0.017887494821968
72925320	0.000936763722493924
72926670	0.00102732842241149
72928190	0.0011541857904319
72928470	0.00336492981980757
72929440	0.00435300389084336
72932921	0.00295682654042191
72939240	0.0926071790917972
72943780	0.00102922576882012
72945850	0.00134843877897006
72948450	0.00116798159459069
72950420	0.000908747335459981
72958250	0.00125251958094809
72962011	0.0828853910886169
72965310	0.00126830886398781
72965450	0.00160428728033794
72965700	0.00883818400717059
72969270	0.00257432394565341
72972470	0.00141988988957925
72978250	0.00113423292467165
72978790	0.00899564638708951
72986841	0.00229107625042098
72988990	0.00110055533604924
72990841	0.00328615538128235
73005061	0.023476735197551
73008870	0.00111982303917595
73017960	0.00134546028840242
73020300	0.000974290403656527
73022701	0.000948220397032727
73022721	0.00138281032932376
73022800	0.0033487561418298
73027261	0.0474832577249097
73027330	0.018035845931659
73028480	0.00110490237109118
73031350	0.00756821427333815
73035671	0.00214304599421562
73037830	0.00102588449882341
73039391	0.00369876755157058
73045420	0.00165899244837178
73047210	0.00154644193162922
73047650	0.000965119754821479
73048221	0.00235088026530307
73049171	0.00127549458233985
73050130	0.00335402797511701
73055681	0.00127315149233107
73059190	0.137618536690716
73059220	0.0219188064424559
73059750	0.00273785241217738
73061191	0.0233242050014551
73064050	0.0011596015767738
73066510	0.00134490887982685
73068201	0.00148487930664154
73068761	0.00152595186821409
73069020	0.00343939160340469
73071600	0.0568429792552057
73077031	0.00133751512871961
73080840	0.00118976355902384
73094500	0.00161633321662014
73096641	0.00100587296144876
73096891	0.00152982695365852
73097591	0.00121721573846445
73097680	0.00542746402639774
73100351	0.00150371155033181
73172990	0.00105844962350804
73381151	0.0010818617129359
73509520	0.035559061408503
73523901	0.00243541656577865
73529890	0.00128169395896311
73536441	0.00118296626762503
73540711	0.00215390972542962
73541271	0.0013496884697326
73544260	0.00128062316572658
73550730	0.0303591695217399
73551000	0.000847925481418733
73559280	0.000942760946963233
73560571	0.00132073046582349
73561080	0.000975172208954403
73567420	0.00120265022520936
73568270	0.0910899871218475
73572670	0.00233712999356183
73573100	0.0131422354747109
73578300	0.00146993236253924
73579430	0.00215080767912331
73580100	0.00099584399602775
73585111	0.00118656358170216
73585620	0.0010621606520909
73589401	0.0127235335179972
73702730	0.00182842156505337
73704390	0.0013739144105473
73711031	0.0057481310197468
73712100	0.0072673877511348
73722030	0.019616583057606
73722050	0.00228281597228514
73723010	0.00228977955727731
73724951	0.0223960926418438
73726351	0.00278079279439793
73728370	0.00511106767460415
73729470	0.00116654785078092
73731051	0.000892996433917226
73743181	0.0015942444681984
73752780	0.00252210409224583
73752900	0.00213252903764039
73755140	0.0339857854642635
73757910	0.00217168861478403
73763690	0.0742636299654088
73764411	0.0480514515403897
73765730	0.100794660439826
73766741	0.000993359900038838
73768100	0.0506744896853497
73773340	0.00136133953870465
73777101	0.00237358520168511
73779690	0.00124213340789539
73781651	0.000889679000617395
73792131	0.00115977483272648
73969450	0.00101981973141049
74110140	0.00236128105416384
74113761	0.00108734280962832
74116740	0.00202557353497765
74130670	0.0485166535245632
74131531	0.00603212528681001
74135360	0.00150101167399266
74137471	0.00186324376007941
74140931	0.0222200107334674
74141300	0.00176344059772055
74149280	0.0020736987540513
74152070	0.00240575733781995
74161840	0.00407215432194377
74164890	0.00180416607587648
74165580	0.00184060871250535
74167630	0.00119891813479032
74169010	0.0190933735658413
74170861	0.00155441306594252
74173130	0.00194906987274427
74179271	0.131642192467096
74338551	0.00511418595818904
74353981	0.00110001592652532
74360690	0.000908366272355532
74363320	0.00174218607770325
74364351	0.0021962108321118
74369670	0.00403325736524091
74374001	0.0025617420570974
74375450	0.0698901843148919
74381451	0.00340231104539762
74382780	0.00255027596994455
74385970	0.00106111061379485
74389041	0.00335194345934686
74390391	0.112505922911702
74392550	0.00207876906233083
74395081	0.0296679106260361
74407911	0.0304510960232022
74408830	0.00129416553261039
74409550	0.00106633891171005
74410240	0.00140885334821988
74411180	0.0009575760551594
74413510	0.00136060369648243
74417451	0.038890048042562
74429510	0.00522430077667919
74433721	0.00236468875755201
74434350	0.00452789794048564
74436170	0.0459567336091925
74441851	0.00247342442487851
74448690	0.00293235077362738
74453031	0.00148688710810322
74456970	0.0061712770561699
74459460	0.028944393312284
74474531	0.00108552611496043
74491030	0.000999492476562169
74498111	0.00716468872258658
74505551	0.00111538165946396
74508260	0.00234722358036327
74509110	0.00966780733302244
74515170	0.00303749746136951
74519890	0.00214561423605229
74522470	0.00679080817598727
74523300	0.00107244596599273
74535231	0.00372374937592919
74536471	0.00507635249187543
74537011	0.00102414486353238
74545011	0.00167269860824738
74548041	0.00371082102086958
74549841	0.00113600439600212
74558391	0.00132450836366023
74559081	0.0208441279795759
74574620	0.00144439054997153
74576840	0.00149801527354559
74581370	0.0259068345980042
74590791	0.00104553156629437
74608660	0.00264666466815086
74610651	0.00601682352393361
74620530	0.00101157748780053
74621841	0.00230155251595831
74621961	0.0135241437718885
74625350	0.00115005792875654
74632820	0.00174590943520181
74632940	0.00218200856458463
74633920	0.00108866210084719
74635290	0.00527389856937258
74640680	0.00106968580553067
74652120	0.00645271333068945
74653831	0.0282565965029089
74655191	0.00217090379371919
74661360	0.00359381349841958
74663720	0.019656280081414
74664711	0.130443240370215
74677910	0.00129408799811481
74688530	0.0178108117958198
74696161	0.000899372132707914
74698200	0.00239127805837437
74709090	0.00147773037542156
74711960	0.0408876382320216
74714091	0.0516152082812813
74734600	0.00140664415805302
74734651	0.00226350438816309
74738241	0.00283303434128839
74738501	0.0021875230175818
74740270	0.00781812273597365
74745210	0.00112596432835913
74746870	0.00125148794024466
74756120	0.001543759601588
74757811	0.00299690345218454
74772530	0.00375259434092429
74785951	0.00370667872022062
74794481	0.00153992688123364
74815840	0.00139418651539047
74827670	0.000970971006567122
74830730	0.00117451454655378
74839181	0.00300827091945165
74850040	0.00109543675983622
74854740	0.0230373753122974
74859390	0.00100045194064111
74874320	0.00113959424995779
74884411	0.00813831142080286
74886071	0.00187518041192438
74904350	0.0017686948866525
74904981	0.00240346394619774
74907260	0.0238115969661643
74907970	0.0749801646643519
74910761	0.00249460517361739
74915670	0.00110122440497048
74921620	0.029888149210344
74930720	0.00200688724523487
74935660	0.00250836487781848
74937781	0.0717423558766665
74942830	0.00209175539265373
74948380	0.00312932875428565
74951400	0.0227403332104093
74952681	0.00261528627452897
74974850	0.0154056928627304
74975930	0.0218177875355753
74979820	0.014327436198887
74994410	0.00209804375025429
74997511	0.00580072494529511
75016391	0.00152261881476965
75017050	0.00270763458935034
75018061	0.00279042216476567
75031120	0.00196969506140139
75043810	0.027743885723545
75059660	0.00544565826792815
75066290	0.00337192034376982
75070140	0.00450047683507441
75077030	0.00298397138775306
75082970	0.0102781067883106
75094171	0.00427849219656249
75095110	0.00187996094892621
75100541	0.0173980545573133
75109481	0.00292077138537666
75110970	0.0104844343181695
75112671	0.00194876444233282
75115711	0.00216141938410054
75118550	0.00284504744286858
75120401	0.0147719586584149
75131011	0.0250368203342058
75137870	0.00828251459239736
75147281	0.0276004495708088
75155981	0.00336304237246253
75187940	0.00652457581320285
75214571	0.00295880096388432
75225280	0.00421336413048775
75234270	0.0029359787364617
75236630	0.00916948839949102
75250451	0.027743885723545
75254991	0.0278285828893432
