numero_de_cliente	prob
11675570	0.0026951109353873
11675731	0.00199432574274177
11677630	0.00662846841876388
11678491	0.00237682188390536
11678621	0.00243838426937377
11679331	0.00190346675056407
11680281	0.0019542635298789
11682860	0.00155237400725456
11683331	0.0109805281134339
11685801	0.00171388935477377
11687440	0.00191539506590622
11687720	0.00156492173366445
11688421	0.0031479250754109
11689401	0.0173159454242732
11690330	0.00292251225723153
11690740	0.00550086503136554
11691191	0.00462889497390613
11691850	0.0027761825247072
11695140	0.0432221030169013
11695321	0.00246890655596591
11697261	0.00388207645170286
11697490	0.0628514996930386
11698501	0.0015951445670861
11698641	0.00263518864817618
11700691	0.00155237400725456
11700790	0.00454307424446305
11701350	0.00189721272331031
11701770	0.00414059143887912
11702170	0.00155237400725456
11702430	0.00156492173366445
11702710	0.00296712653358811
11703280	0.0015903776169663
11704161	0.00180619574263959
11704260	0.00290139337287969
11704650	0.00325310318665706
11705610	0.166799044944469
11708130	0.00155237400725456
11709131	0.00239854509155613
11713251	0.00267416538403638
11716360	0.00295046903321315
11717880	0.00166928431311407
11720520	0.0105247562606628
11723611	0.00162710925714171
11724141	0.00172733574216949
11724520	0.00304446184530037
11725200	0.0673204633541555
11725651	0.00328758975651646
11729620	0.00334081547858104
11731950	0.00205666552833737
11732421	0.00238037462818285
11734201	0.00238763727240057
11738921	0.0015730297093444
11739140	0.00158329067352795
11740680	0.00181817361614883
11742460	0.00337483067520353
11744100	0.00240561765077726
11745200	0.00287835073948546
11746710	0.00174110097526569
11746730	0.00634016520397238
11747710	0.00175116398226208
11748120	0.0163245469245565
11748810	0.0017413007524882
11749090	0.00290542922621682
11750710	0.00334168502655294
11753050	0.0033016463564794
11753261	0.00907030268537589
11753910	0.0015951445670861
11758720	0.00415180784364344
11759960	0.00300326319762925
11760001	0.00155237400725456
11760370	0.0202797733814761
11760780	0.00260760782422912
11763160	0.00155237400725456
11763191	0.00155237400725456
11763301	0.00338095266912049
11763540	0.00890342081704484
11764540	0.0086242884145152
11764971	0.00595029871815136
11765330	0.00227081603165741
11765340	0.00245798397874667
11766751	0.00576622940562648
11770150	0.00272872218813084
11772500	0.00179444559486126
11774481	0.00802468075467665
11776961	0.0015951445670861
11777661	0.00238767404357861
11777951	0.00178408328892489
11778631	0.00160540748339551
11778761	0.00323223876942391
11779270	0.00280362334945306
11779810	0.0015951445670861
11779820	0.00411563548763511
11781360	0.00277418412539221
11783010	0.00427519000333938
11783150	0.00266602997728233
11783410	0.00157417067088697
11784561	0.00205946970777502
11786491	0.00155553736144322
11787140	0.00428859867166227
11791581	0.0130678950038027
11791601	0.00161136124033963
11792120	0.00332654063466274
11796240	0.00586814301712028
11796660	0.00574756512602517
11796800	0.00244260264276009
11797200	0.00288584140400421
11797600	0.00155237400725456
11798331	0.00355831838238373
11799690	0.0177863475231896
11799940	0.0115165386950288
11800250	0.0028116629375496
11803021	0.00318498964553815
11803461	0.0732968369733814
11804131	0.00155237400725456
11806990	0.00248739588758918
11807871	0.00192169059138881
11808110	0.00950000964697306
11808561	0.00601385778622426
11809921	0.00972667285426652
11810460	0.00200835822034543
11810471	0.00175492918140895
11812131	0.0496033567159879
11813501	0.00310999451595291
11813740	0.0015951445670861
11814221	0.00404496889107932
11814850	0.00159456948129079
11815150	0.0059299442815301
11817641	0.0015951445670861
11817661	0.00238767404357861
11818221	0.00393528103312152
11818280	0.0684986749655115
11819171	0.0253204683552394
11819851	0.0015951445670861
11823130	0.00332072388025149
11823820	0.0479422979812287
11825210	0.00173633875045228
11825791	0.00155553736144322
11827140	0.0301782632641285
11829801	0.00165233765727437
11830211	0.00161790414290756
11831940	0.00301583584459942
11832070	0.00160540748339551
11836770	0.00155237400725456
11837590	0.00354908518287035
11839680	0.00162676769282429
11840920	0.00249098048581518
11840961	0.00788287736439548
11843021	0.00168889956096178
11843700	0.00155237400725456
11846280	0.00250900972095237
11847140	0.00705498515855077
11847950	0.00296219391997978
11847991	0.00155237400725456
11849630	0.00343912500981144
11849921	0.00156492173366445
11850850	0.0268857908327456
11851110	0.00248737145653775
11851550	0.00250787949314086
11854590	0.00304042017360386
11856821	0.0156671053079804
11856971	0.00314499648414333
11858970	0.00155553736144322
11859000	0.00199732739905695
11859041	0.0126736925584704
11859380	0.00819956912135288
11860070	0.00966220672882448
11860421	0.0015951445670861
11862570	0.00351405802939488
11863861	0.00332499570206618
11865070	0.00241324789923676
11867800	0.00412159442778792
11867991	0.00485169323357999
11868131	0.00237207562647228
11868360	0.00315753535534743
11871930	0.00333503317025477
11872780	0.00336160182091422
11873330	0.00227574722972268
11875810	0.00367340714147905
11876421	0.0032502615174495
11876900	0.00155237400725456
11877221	0.00453976761650057
11879861	0.00240664083913198
11880961	0.00173770773207156
11881091	0.00409427268060081
11881200	0.00766411068658134
11881490	0.00636412335306782
11881590	0.0029408756640679
11881921	0.00842841706555815
11882290	0.00254758443443021
11882310	0.0026761204933196
11882430	0.0052634624923667
11882751	0.0043038187858948
11883520	0.00346412644566021
11884770	0.0015951445670861
11884780	0.00447431867447781
11884920	0.00157896506725889
11886341	0.0188467181278694
11886430	0.00731174417891531
11887940	0.00240876016773591
11888510	0.00155237400725456
11888941	0.00159282923606101
11890270	0.00366500442127431
11891800	0.00246898270126663
11893180	0.00182068845427278
11893521	0.00161227503833834
11893651	0.468463872596287
11897180	0.00295401156718153
11897730	0.00475828101356971
11900121	0.002911326130373
11903100	0.0015951445670861
11905890	0.00315618320189881
11905921	0.00239842463853113
11906300	0.00237089417119611
11906310	0.0130050126651045
11907110	0.00281886276398141
11907291	0.0171624587027947
11908240	0.00345589002541098
11908401	0.00365780690572996
11908500	0.0024683010238664
11908650	0.00496670641617363
11909491	0.00523605024415441
11911100	0.00489877180999566
11911970	0.00219056934200478
11914290	0.00274519499988673
11914590	0.00349382066050505
11915981	0.00812409394907142
11917470	0.00262538677595922
11918461	0.0015951445670861
11920080	0.00258084751288757
11921880	0.00204580949190042
11922840	0.0143649073438182
11924200	0.0015951445670861
11926181	0.00155237400725456
11926280	0.00155237400725456
11926440	0.00249154212716639
11926891	0.00170505657638831
11928920	0.00193645050088569
11929620	0.00355457221989402
11930420	0.00159059247243464
11930860	0.00162710925714171
11932821	0.00249708166804288
11933620	0.00344616548655985
11934840	0.00161227503833834
11935561	0.00195028348595739
11935650	0.0023543816202324
11935711	0.00161268769980449
11935960	0.00261856870281152
11936500	0.00553650413692061
11937070	0.00538345640080428
11939011	0.0200273064613247
11939390	0.00155553736144322
11941720	0.0126081044211881
11942471	0.0015730297093444
11944760	0.00155237400725456
11947581	0.00712738687145427
11948401	0.00448905270337564
11949310	0.0187406931927557
11952350	0.00161946470570261
11954191	0.00815901391815822
11956080	0.00534381774174711
11957081	0.00155237400725456
11957091	0.00673721730659118
11957221	0.00529073384938066
11957491	0.00247465116806698
11958310	0.0015569101408339
11960360	0.00189572851046882
11961791	0.00162266554222556
11963581	0.00603771666450502
11963660	0.00513676151722658
11964790	0.00156890846419704
11965870	0.00376074529216399
11966820	0.0117716280081085
11968500	0.00193898354303328
11969501	0.00170426717252149
11970311	0.00400489046107286
11971390	0.00459349269206087
11971561	0.00952169234924335
11973890	0.00253164932074585
11975691	0.0112333052941231
11975711	0.00167074116862753
11976350	0.00893091634333466
11976920	0.00155237400725456
11977781	0.00159462776645277
11978970	0.00239145246974155
11979151	0.00391389949171626
11979421	0.00162862497544177
11979851	0.00245034057634342
11980100	0.00200608629676284
11981740	0.00204706151958021
11981850	0.0018719010033765
11984220	0.0050284779439711
11984490	0.00732326497579942
11985231	0.0061252432683702
11986891	0.00242395292212672
11987530	0.0122365168264469
11988890	0.0015951445670861
11990000	0.0038836146250405
11991520	0.00264651528474795
11993450	0.00249292159578805
11995831	0.00155237400725456
11995960	0.00173513934226526
11997300	0.00946594421189951
11998700	0.00163553824814998
11999161	0.00226948980898536
12001590	0.00321327567101698
12002950	0.00306628283362595
12003650	0.387395967869435
12004230	0.0029753554713949
12004381	0.0107639868300471
12004480	0.00206128905499904
12004900	0.00379897342068456
12007561	0.0024764289276244
12008060	0.00204570943639188
12009740	0.00207983076666808
12011230	0.00242375307339088
12011291	0.00276545706840485
12011431	0.00465788697881566
12016760	0.00247652497748118
12017221	0.00161946470570261
12017290	0.00467040262184435
12018260	0.00158898717948595
12020060	0.00465216298831662
12020620	0.00425624673729129
12021081	0.00188159892308107
12022191	0.0194040343722201
12022280	0.00416466013295723
12022840	0.00235981689428871
12024511	0.00758712274224602
12025060	0.00155237400725456
12030000	0.00369660683823289
12030171	0.00157753162078369
12030820	0.00302483177270118
12034260	0.00157096948346085
12034850	0.0215488231542874
12036350	0.115127642868327
12036490	0.00240561765077726
12036951	0.00489488157390013
12038010	0.00277905622826279
12038700	0.00155237400725456
12040251	0.00264804102036738
12041600	0.0015951445670861
12041610	0.00155106901776871
12045481	0.00165818561469847
12045730	0.00170400569905594
12046710	0.0015951445670861
12049081	0.0070667053554773
12050540	0.0354562242989815
12051691	0.00383957851499772
12051981	0.0015951445670861
12055431	0.00309458714732901
12055650	0.00300000105844088
12055831	0.00159462776645277
12056050	0.0246455542472482
12056121	0.00450926460012836
12056460	0.00515089831946665
12056511	0.0170239901751598
12056521	0.00258310724788252
12056951	0.00215574210121562
12058000	0.0024713314620609
12059120	0.00493004053044158
12063930	0.00404709712401776
12064261	0.00582367519513064
12064780	0.0321556196464182
12064890	0.00420264464049734
12065880	0.00240664083913198
12066851	0.00449131706141894
12067151	0.00265828351793676
12067370	0.0081244440812126
12069481	0.00691407558453315
12070670	0.00242297458611651
12073330	0.00246777426241473
12076320	0.00383931836290076
12078830	0.00155237400725456
12078871	0.0446799357857048
12083541	0.0015951445670861
12084900	0.00240923148540393
12086800	0.00204380177718182
12089300	0.00225875755650648
12092200	0.00310999451595291
12094991	0.00476264026322907
12096210	0.00249506722948632
12097700	0.0111387648944407
12097891	0.00191413584120243
12101471	0.00718717476929168
12101870	0.00155237400725456
12104091	0.00246854386106369
12106171	0.00160546143595618
12106810	0.0120987533895288
12107530	0.00278292701639779
12108781	0.00173314692453684
12110290	0.236775317485942
12111080	0.00181817361614883
12111230	0.00355247816823694
12113331	0.00244260264276009
12115271	0.00155237400725456
12115971	0.00155237400725456
12117160	0.00240409124839018
12117201	0.00429446233527392
12117560	0.00242735398319089
12117860	0.00277159845497594
12118021	0.00161790414290756
12118800	0.00172757907614295
12119660	0.0024170394461454
12119790	0.00348219083683176
12120251	0.00314450907129315
12120590	0.011355951695491
12120730	0.00302965538376349
12121460	0.00278205964081505
12123110	0.00161946470570261
12127151	0.00347354765744901
12127640	0.00155553736144322
12127920	0.00287896203608413
12128050	0.00455222480618599
12128760	0.0149592183522466
12129040	0.0143178619861895
12130721	0.00169142528998702
12130991	0.00422558374254629
12132340	0.00422101988197662
12134530	0.00270336587787355
12134670	0.00188513079874004
12134840	0.00155237400725456
12136450	0.00222388696905076
12137300	0.00591629792256853
12137690	0.00155237400725456
12140941	0.00247263979051992
12142031	0.00307358167267798
12143121	0.0015951445670861
12143360	0.00155553736144322
12143900	0.00751038223154845
12144921	0.00267960279962284
12145150	0.00234960280489191
12145160	0.0173058982724429
12148200	0.0133533407416597
12149020	0.00155237400725456
12150591	0.00161175269667326
12151620	0.00249048814308352
12152050	0.00161338880595051
12154260	0.00157096948346085
12154270	0.0057906484220316
12155940	0.00238156641087935
12156361	0.0433657460585675
12157351	0.00845316655737302
12157690	0.00307250572588216
12157990	0.00277972046231896
12159681	0.00155237400725456
12163920	0.00155237400725456
12164050	0.0025958271730452
12166380	0.0015951445670861
12166660	0.00155237400725456
12167250	0.00509982790075581
12169321	0.073614254965461
12169870	0.00405158207088213
12175240	0.00308008583952972
12175551	0.00766919931219461
12175971	0.0282423494146629
12176231	0.00166150206196624
12176730	0.0102338215827071
12177040	0.00155237400725456
12178250	0.00539284237208679
12178581	0.0286976870666719
12179281	0.0015951445670861
12179541	0.00460906145331098
12180030	0.00191134644741938
12180340	0.00362850338792074
12180620	0.00851490329336405
12180921	0.00285568800580822
12181550	0.0015951445670861
12182410	0.00188799491432616
12182680	0.00300070896853849
12183551	0.0163539539109965
12184050	0.0137601248182333
12184661	0.00603737320112716
12185010	0.00219158599432795
12185840	0.00370474936393754
12188371	0.00158343101199194
12189410	0.0065691864968125
12190721	0.0025732728678471
12193830	0.00728662787623647
12194000	0.00163422399842511
12194130	0.00438075029492715
12195640	0.00561905220281098
12195760	0.00248401404765595
12198690	0.0019157075368577
12200361	0.00623574648050967
12201321	0.0015951445670861
12201590	0.00354956266912802
12202650	0.00655794413776143
12202800	0.00240876016773591
12202810	0.00871187577221081
12202950	0.00278175446610397
12206260	0.00275168904874081
12206431	0.00212964836867616
12207141	0.00354377328477978
12209751	0.0021637149503421
12210820	0.00155237400725456
12211070	0.0015730297093444
12211100	0.00237810879124109
12211220	0.00155237400725456
12211681	0.0036619330324165
12211811	0.00394841349511983
12213061	0.00761693066352296
12213130	0.0015951445670861
12213160	0.00293456131199274
12216580	0.00830295884896182
12218940	0.00267441225680102
12219541	0.00180570853493132
12219770	0.00373924201900057
12219920	0.00155237400725456
12220590	0.00922251205214595
12220600	0.00931367378629729
12221570	0.00249154212716639
12224760	0.004986304463883
12225201	0.00557669974112649
12226680	0.00530146772764312
12226950	0.00368353524254343
12227510	0.00175019867667257
12228440	0.00878031870574204
12229191	0.00156890846419704
12229990	0.0015951445670861
12230250	0.00157762610480311
12231480	0.00257984978231343
12233980	0.00609847415793005
12234230	0.00240465976956591
12234680	0.00338638254270344
12235541	0.00570594242406172
12238530	0.0110821083830453
12239620	0.0018782600818007
12239930	0.00192624777947418
12240921	0.00779736556923094
12243780	0.0200602811847256
12245051	0.0114128171165142
12245860	0.00449696882557468
12245960	0.0018234484036184
12247080	0.00275282883274769
12248491	0.0157893485016971
12249830	0.00308040152073264
12250250	0.00238423599434394
12251060	0.00237766354900198
12251630	0.00830747915743814
12252850	0.0292180960426173
12253980	0.00155237400725456
12255900	0.00555002973305733
12257871	0.0038798912004731
12258721	0.00155237400725456
12259251	0.00420738046683868
12259360	0.00448830906780706
12259510	0.00237388381055037
12259941	0.00233077410936533
12260101	0.00307204457625189
12260740	0.00687372803758042
12261400	0.00155553736144322
12262991	0.00273094813280783
12263271	0.00193781585573185
12263381	0.012488264959831
12263941	0.00162914546192729
12264491	0.0124170326095952
12267330	0.0021339140398053
12276020	0.00510906226327759
12279111	0.00286797383777005
12279131	0.00264281796114713
12279241	0.002706333870302
12280030	0.00284098692894566
12280641	0.00155237400725456
12281420	0.00568750986378761
12281861	0.0015951445670861
12282421	0.00238375138434207
12282810	0.00417136492852008
12282831	0.00552077534622013
12282841	0.00179617372164506
12283470	0.0025223171162938
12284511	0.0016049744073587
12288020	0.00284290524466312
12288621	0.00162263144843689
12289591	0.00155237400725456
12290540	0.0201760837610697
12291070	0.00413222989796851
12291620	0.00580315283697827
12292501	0.00156008272409754
12293540	0.00576315058555774
12295791	0.00659001045091006
12296341	0.00156890846419704
12297400	0.00281394311212483
12298380	0.00245479896893492
12299931	0.00547710024509799
12301410	0.00161790414290756
12302090	0.00240745134154415
12302141	0.00155237400725456
12302230	0.00348266221577577
12305581	0.00254095244207222
12305850	0.00321305476631784
12306500	0.0015730297093444
12306841	0.229571317330926
12307241	0.0294612807341877
12307401	0.00155237400725456
12314670	0.00251742750600406
12318431	0.162852989615913
12320020	0.0421675686190623
12320231	0.00155553736144322
12321530	0.00271973618578388
12322110	0.0041968443346733
12323521	0.00156096868154157
12323620	0.00294270308912933
12324901	0.00155237400725456
12325130	0.00156492173366445
12325321	0.0015951445670861
12325810	0.00250399507812955
12326011	0.00285697320891041
12326390	0.0222283691002965
12327251	0.0151606940810398
12327920	0.00161227503833834
12330021	0.00196558357527862
12331500	0.0305696543357955
12332491	0.00240155778170303
12332580	0.00248097779313082
12332980	0.00244207249553423
12333031	0.00736464132956643
12333130	0.0015951445670861
12333461	0.00155237400725456
12335230	0.00236692850632453
12335521	0.00759629402989624
12337530	0.00252299245228955
12338660	0.00234650874634444
12339090	0.00163308848355139
12340010	0.0015730297093444
12341130	0.023852670782915
12341830	0.0015951445670861
12343371	0.00457943777496134
12344730	0.00246382138531589
12350001	0.00343795762031785
12350541	0.00161227503833834
12351900	0.00278219429921385
12352300	0.0120414269388314
12355360	0.0088107602336601
12356980	0.0406800273619317
12357000	0.00206404578055961
12361181	0.00243067851544496
12362380	0.00247163119758613
12364860	0.0015951445670861
12365301	0.00334616871052412
12366411	0.00285587505419455
12367360	0.00306582108136657
12368160	0.00428307758302963
12368850	0.0015555393404284
12372850	0.00167814918691193
12373260	0.00360620835172049
12373980	0.00336499689342168
12378250	0.0015951445670861
12379360	0.00155237400725456
12379890	0.00171879105494084
12380320	0.0039774112755973
12381861	0.00306047022167059
12383060	0.0024303006589464
12384611	0.00253590808834427
12385970	0.00372820233787295
12386831	0.00390424602338357
12387880	0.00358812201094183
12389150	0.00162965672323431
12390421	0.0111958264881434
12390500	0.00347994343291036
12391801	0.00161946470570261
12392611	0.00179348295352912
12392700	0.00240591250709286
12393861	0.00945236911661758
12394810	0.00305127956509804
12395050	0.00245715025350182
12395630	0.00155237400725456
12397940	0.00290217332340153
12400050	0.00155553736144322
12403651	0.00543886491957181
12404331	0.00158898717948595
12404611	0.00300029370807552
12405130	0.0924945816273351
12406541	0.00161549530199501
12408300	0.00312275954163249
12408560	0.00964693493646298
12408730	0.00759497023367756
12409290	0.00412835477670464
12410281	0.00288723534106007
12411781	0.0086433247738382
12415070	0.00173114618562337
12416300	0.00338143553041138
12419330	0.0104701499198231
12421940	0.00691907941503519
12424160	0.00282009420092647
12427641	0.00291230143978943
12431190	0.00259038083472491
12435040	0.00354620185022906
12436481	0.00178733902497617
12439730	0.00315116510127965
12441161	0.00394790088860434
12442800	0.00155237400725456
12443600	0.00155237400725456
12444720	0.00159131504674024
12444990	0.00760470278114665
12446660	0.0114901487060736
12447221	0.0142887821896977
12448170	0.00360060246742559
12448191	0.00342707051214423
12448341	0.00340161240562222
12448461	0.0019077999192822
12448830	0.00166047321887713
12448881	0.00348458428483822
12449151	0.00155237400725456
12452570	0.0023632372783097
12452700	0.00408517719882969
12453021	0.17818369251793
12453100	0.00318447625681876
12455880	0.00155237400725456
12458391	0.00245972535521675
12459760	0.00162710925714171
12460051	0.00371735596778617
12460321	0.00169740782041027
12462411	0.002749963159751
12466520	0.00733926915217877
12468850	0.00330656886074142
12469110	0.0046217307402032
12471771	0.0026375298833155
12472741	0.0015951445670861
12472830	0.00577627927659457
12473311	0.00381875714603625
12473670	0.00260535559418316
12473940	0.0108601900891966
12474370	0.00213795313428927
12474380	0.011339861215867
12477031	0.0018681892188753
12478760	0.00479804731859565
12479210	0.00395918185612722
12480590	0.00184867048465422
12480751	0.0016516846214959
12481240	0.00244463312236596
12481680	0.00161227503833834
12482200	0.00161136124033963
12483170	0.00200686042602328
12483921	0.0025339784870316
12486110	0.00238767404357861
12490380	0.00163178531330705
12490900	0.00196801818094666
12491091	0.00163728330000262
12491361	0.00155237400725456
12493660	0.0380126480411702
12494681	0.00161227503833834
12496560	0.0015951445670861
12497410	0.00155237400725456
12497940	0.00155237400725456
12500560	0.00155237400725456
12502520	0.00282393159839266
12504570	0.0559163135783906
12505390	0.010463242128352
12508020	0.00450657458446723
12508170	0.00204664722589179
12508270	0.0035480303495259
12509100	0.00360389725726447
12509981	0.00155237400725456
12510681	0.00470133825101261
12511511	0.00155553736144322
12511580	0.00241905371650173
12513441	0.00276691720385641
12513721	0.00261938799086584
12515610	0.00324046185325861
12516881	0.00446931345831534
12518100	0.0118033797662113
12521120	0.00252673403108291
12522661	0.00485504347634511
12524170	0.00331326708671682
12524300	0.00602085199244789
12524570	0.047007766853069
12524720	0.00240155778170303
12525800	0.00155553736144322
12526630	0.00533858134800725
12529270	0.0229634668538881
12530220	0.00259310600264546
12531320	0.00161227503833834
12531890	0.00342442291868624
12532020	0.00709088778415541
12532840	0.00628660734894603
12536830	0.00252078393046701
12537250	0.0015951445670861
12538490	0.00298668907483673
12540041	0.0026668059388213
12540290	0.00300498334744019
12541810	0.0107713711725965
12542381	0.0015951445670861
12542811	0.00231485193585573
12543160	0.00241391220917806
12544170	0.0331951424667131
12545011	0.00715376120123829
12547620	0.00156096868154157
12548140	0.00741797212408018
12551211	0.0032554283441641
12553421	0.00351949903572908
12553550	0.00246614366931254
12557230	0.00411803023813869
12557680	0.00374226268198754
12558090	0.00254373368850984
12559060	0.00272873899336825
12561841	0.0119092652773586
12562941	0.099355659449518
12563771	0.00599309921352947
12564041	0.00395526379038475
12564871	0.00168120618249204
12565680	0.00579014224296701
12567340	0.00269728028066629
12568191	0.00159458142315421
12568611	0.00498214232684482
12569100	0.00390771854368376
12570541	0.00272873899336825
12571481	0.00184384188953796
12571501	0.00159456948129079
12572580	0.00516845895089349
12573660	0.00591459103138931
12575761	0.00161790414290756
12576260	0.00168109316581984
12576400	0.012593435046845
12576591	0.0129855850385849
12577250	0.00565631139970541
12577831	0.0015951445670861
12578070	0.0015951445670861
12578640	0.00158435236603143
12579310	0.00173246629987227
12579730	0.00637326079149495
12581011	0.00237682188390536
12582220	0.00316753934358104
12582671	0.00155237400725456
12583621	0.00269768900088183
12584451	0.00202132165903133
12585431	0.00402878031453064
12586251	0.00246160068936114
12586370	0.00161047183781924
12586801	0.00155237400725456
12589380	0.00176732369652159
12591040	0.00244260264276009
12591071	0.00432041885571705
12591870	0.00244476586161371
12593271	0.00330074517115747
12594220	0.00973123735398614
12597520	0.00486827052158386
12597670	0.0015951445670861
12600171	0.0018681892188753
12602370	0.00335553644207984
12602791	0.00250146502871699
12602801	0.00157288059545046
12603610	0.00505967592643909
12604120	0.0027619986294722
12604400	0.0018974256430549
12606200	0.00243095198778197
12606480	0.0015730297093444
12607160	0.00158779241557088
12607901	0.0297910950554899
12608280	0.0015951445670861
12608840	0.00156096868154157
12612451	0.00917852514890056
12612601	0.00469127877890866
12612871	0.00316679225877087
12613800	0.00283545134127068
12614050	0.0122488188287368
12614121	0.00181263313843454
12616591	0.00295088105196839
12618920	0.00253569276214556
12619081	0.00444657769140098
12619880	0.00260246812776874
12621161	0.00313596782766675
12621640	0.00355875228798586
12621800	0.0015959525527246
12622401	0.00579955869794351
12624051	0.43895413608383
12625161	0.00515313662922328
12627050	0.00599753295215549
12628311	0.00155237400725456
12633400	0.00190943876494717
12633950	0.0015951445670861
12636591	0.0148911471647525
12637930	0.00234643368778001
12639020	0.0048172533558473
12640140	0.0015951445670861
12640850	0.00392915267960173
12641230	0.00461405979220724
12641650	0.00155237400725456
12643580	0.00265928889093738
12644150	0.0215397103548273
12645510	0.00165075932699142
12647300	0.0173871730164966
12650261	0.0015951445670861
12651560	0.019451277579091
12654480	0.00248490465453614
12655330	0.00161227503833834
12657841	0.00482887261275428
12659771	0.00155237400725456
12662460	0.0015951445670861
12662671	0.0200439760287732
12663170	0.00299538783965457
12664390	0.00198940203298302
12666060	0.0019100710906518
12666220	0.00303040792692228
12666320	0.00155237400725456
12666500	0.00302970806901858
12668120	0.00249893521221438
12670350	0.00159769547950879
12673230	0.00155553736144322
12674661	0.00156096868154157
12675621	0.089850369071284
12675710	0.00165191593439646
12676570	0.00207150409551312
12678330	0.00614929344977117
12679840	0.0117070194326306
12680441	0.0063268236472529
12682111	0.00381721046649792
12682880	0.0015951445670861
12684451	0.00327664251096766
12684581	0.00305755409560419
12685930	0.0158133189829875
12685981	0.0394608152251771
12686360	0.00180659539029926
12686500	0.00155237400725456
12688010	0.00340459766557413
12689681	0.00246577991457979
12689971	0.00379199709759703
12691290	0.00170075014128097
12694501	0.00233529289300134
12694521	0.00244047438357143
12694740	0.00270172465876149
12697271	0.00155237400725456
12699160	0.00201012055199362
12700390	0.00155237400725456
12702340	0.00462705251695487
12703980	0.00240155778170303
12704140	0.00447594971616603
12704851	0.0025791421249511
12705971	0.00237682188390536
12706450	0.00156096868154157
12706501	0.00163057207497213
12706610	0.00237088737069002
12707970	0.0015730297093444
12709350	0.00234028587460611
12709930	0.0018555329318471
12712540	0.0243705145356367
12712581	0.00564129760704308
12712670	0.0015951445670861
12715051	0.00244459128388602
12716311	0.0111523689844248
12716431	0.00155237400725456
12717760	0.00161268769980449
12718381	0.0024587273458065
12723440	0.00402444748083069
12723970	0.00277463388290569
12725920	0.00384943913115113
12727730	0.0365999237835202
12728250	0.00707715310130957
12728680	0.00296468618068222
12729090	0.00499305641479118
12731211	0.00155237400725456
12732240	0.00250067914002913
12733811	0.00155237400725456
12734241	0.00441653179557156
12735481	0.00401390928705726
12736041	0.00265086197336499
12736940	0.00287172726225271
12738651	0.00239530242935174
12741090	0.00237388381055037
12742330	0.00335453156213244
12742781	0.00407430600168952
12744930	0.0412516256384954
12745821	0.027650244081053
12746470	0.00161227503833834
12746501	0.00595913809877234
12747071	0.0211858252200479
12748250	0.00647318435721629
12748940	0.00156492173366445
12749070	0.00343912537741352
12749620	0.00278199328442773
12751491	0.00247910274026029
12752810	0.00397838504146202
12753640	0.00507474010927922
12753691	0.00341050449129013
12754231	0.00276079868380577
12755430	0.00244525364519313
12756380	0.00305447942431352
12758791	0.00182309079435288
12758890	0.0120446257954055
12759290	0.00155237400725456
12759870	0.00338079379469224
12760991	0.00616808713993145
12762371	0.00297906177814709
12762460	0.00243323651085824
12763860	0.00491562069344713
12766791	0.00304875667195041
12768400	0.00611210938156163
12769800	0.00176656942878895
12770521	0.00237151612337235
12771331	0.00238009714387503
12772110	0.0031292566940175
12776161	0.00284185981172593
12776571	0.00286611413648932
12779341	0.00229163762356023
12780120	0.00278844062392326
12780571	0.00291203406560216
12780810	0.00261661147429522
12781210	0.00176571562193254
12784021	0.00166137630842031
12784110	0.00460685941444059
12785100	0.00309821945928151
12786241	0.0026550815474881
12786880	0.0286581285044378
12786931	0.00192515612461826
12788031	0.00903625474845874
12789671	0.00305691374534957
12789831	0.00155237400725456
12790610	0.0476621166283047
12790740	0.0015730297093444
12791030	0.00507725819798159
12792970	0.00256634599712918
12793060	0.0015951445670861
12793141	0.00158023815174037
12796550	0.00243171746508838
12796711	0.0659374389589937
12800981	0.00239598068726441
12801890	0.00683327502622125
12802590	0.00158850928087479
12804021	0.516358242947416
12805230	0.0029271281035788
12807850	0.00649680998115844
12809350	0.004539046350632
12809640	0.00300104606531771
12810511	0.0023543816202324
12811061	0.0015951445670861
12811410	0.0044017644085165
12813220	0.00240963449075256
12813360	0.00235704319793706
12814620	0.00200917098651493
12815280	0.00243292590863095
12817220	0.0265444279527811
12817890	0.00155237400725456
12820561	0.00155237400725456
12820581	0.00379250079966547
12821640	0.00248688307074468
12823471	0.00161505113448967
12823820	0.0015569101408339
12824390	0.00288675715117848
12826200	0.00269118503442284
12826211	0.00283371646271423
12826320	0.00276723917593265
12826921	0.00156096868154157
12828861	0.00155237400725456
12829370	0.00155237400725456
12831830	0.00277317243239739
12833541	0.00303292572428655
12833610	0.00318516651175357
12834750	0.00251364510651667
12835481	0.00317024632665098
12836810	0.00761980157098714
12838781	0.0398064612018687
12839341	0.0878705479835729
12840831	0.00155237400725456
12840960	0.00830510009318709
12844151	0.00332560942943045
12844410	0.00308473603890703
12845770	0.00581995854318596
12846231	0.00156492173366445
12848561	0.00525359614036632
12848841	0.00352253723069466
12849330	0.00161338880595051
12849510	0.00161338880595051
12850170	0.0030038880050832
12851020	0.00383327540724842
12854020	0.00187166563030534
12854170	0.0015951445670861
12855051	0.0025072060277336
12858730	0.00476557292590059
12859461	0.00155237400725456
12859550	0.00894190806937473
12862200	0.492958439151688
12862440	0.00155237400725456
12862481	0.00156512401636283
12863970	0.00278033829600839
12864920	0.00167814918691193
12864991	0.00238361498298688
12865941	0.00155237400725456
12867020	0.00355371760326609
12868520	0.00285941386320275
12869220	0.0167121318728896
12871410	0.0471709938680183
12873880	0.00313070154669562
12874491	0.00384949367954269
12874860	0.00225612709031522
12876520	0.00155237400725456
12878570	0.0015951445670861
12880411	0.00533274488027109
12881111	0.00155237400725456
12882730	0.00197754781002009
12882761	0.0387383698187154
12882921	0.00237370309622287
12885241	0.0045137651397108
12885480	0.00285057530894131
12885500	0.00311664172553848
12886300	0.00276610731088517
12886771	0.00534534307017889
12889801	0.0283532391275549
12891000	0.00253466604175309
12891550	0.00276337590141285
12892390	0.00192801353413593
12900021	0.00196787500278384
12901920	0.00553225656250287
12905070	0.00197993896212315
12906730	0.00374216943250292
12909251	0.00158214114998999
12910590	0.00155237400725456
12912001	0.00155237400725456
12915881	0.00290360222331401
12915990	0.00227081603165741
12916851	0.00726188805426056
12918201	0.00447446132967961
12920691	0.00155237400725456
12921371	0.0342815072131096
12921640	0.00289980135585695
12923430	0.00182933895785173
12924271	0.00174240655247681
12924421	0.00386103960814688
12924530	0.00338919032622806
12924961	0.00415399041375589
12926020	0.00164215426908231
12927120	0.00349149607945404
12927741	0.00155237400725456
12927820	0.00494024142355092
12929350	0.00157575414547598
12929671	0.00348729776655567
12929750	0.0027354987565678
12930050	0.00243610450639519
12930460	0.00192297249412737
12931741	0.0552722575878107
12932551	0.00155237400725456
12932961	0.00396108761749012
12933511	0.00498033011933654
12934050	0.00503049358088334
12934631	0.00288630494807817
12935031	0.00446192940829157
12937200	0.022969475164718
12937811	0.0302598997452205
12938771	0.00155553736144322
12939820	0.0015951445670861
12942481	0.0015951445670861
12942710	0.00254666075150623
12942730	0.0372004993339916
12943321	0.00332878165205545
12947591	0.00185574083717392
12948370	0.00155237400725456
12948810	0.00860994919843632
12952950	0.00481626124031823
12954751	0.00168257587860088
12956110	0.00155237400725456
12956541	0.00408805236195382
12957811	0.00239781240038026
12958611	0.00263363833138678
12960790	0.00243551567680476
12961330	0.00159488135869816
12964630	0.00163937369626242
12966450	0.0163096878642543
12967540	0.00171036983244616
12968510	0.00184840093475312
12968691	0.00258596254030838
12968831	0.0018249363458821
12970081	0.00236133572431608
12970160	0.00721277944633268
12971731	0.00240318885666008
12972151	0.00157623508829516
12977210	0.0035410434278039
12979270	0.00155237400725456
12980281	0.00329705166232224
12980810	0.00155237400725456
12981080	0.00180263175086183
12981490	0.0035917611068236
12981531	0.0140975836089998
12982180	0.00173633875045228
12983110	0.00424301046197087
12983161	0.00863207362468265
12983461	0.0396626311849702
12984951	0.00155237400725456
12985231	0.00155237400725456
12987110	0.00179770215355879
12987301	0.00161790414290756
12987321	0.00918750234266614
12987550	0.0033213737088772
12992080	0.00156949447484686
12994310	0.0015951445670861
12994580	0.00331568356407881
12997801	0.00189905703573439
12998310	0.00166928431311407
12998450	0.0093835138118928
12999181	0.0015951445670861
12999581	0.00296454128343244
12999660	0.0016225058861198
13000900	0.00167269853182189
13001661	0.00285484779425332
13001770	0.0032405661975515
13002590	0.00557407745443948
13002611	0.0029817992266823
13003520	0.0024676822548739
13004421	0.00157753162078369
13004971	0.00305571886663353
13005450	0.0516774517596355
13007530	0.00349350650658621
13008350	0.00249402116344204
13008500	0.0167309219066319
13010881	0.00265021462047361
13011400	0.157736810497286
13014331	0.00275315742758106
13014560	0.00308939887878857
13015520	0.00742401182777865
13015670	0.139188902635249
13015991	0.0030848324656612
13019991	0.00644902491198404
13020421	0.0151541569111357
13021600	0.0027941487278919
13022020	0.00156944749594279
13022170	0.00430789632050246
13023031	0.00245128953928339
13024510	0.00259195038153597
13026331	0.00155237400725456
13026860	0.00169981682818008
13027120	0.00155237400725456
13027420	0.00157575414547598
13029661	0.00660158045275581
13031260	0.00155237400725456
13031930	0.0015951445670861
13033200	0.00279241118904628
13035700	0.00242679759835612
13036561	0.011391482454753
13036800	0.00155237400725456
13039530	0.00403050227955887
13039731	0.00196640817799386
13041210	0.002404983109498
13042491	0.00237151612337235
13042980	0.0015951445670861
13043690	0.00740593876885711
13045231	0.00379030339836427
13046980	0.00167045230326587
13047810	0.0183647601857627
13053610	0.00176385055067926
13053750	0.00339328377634912
13054061	0.0017635124015818
13054321	0.0519430523258986
13054761	0.0429445451903907
13055270	0.0275789668518487
13056070	0.0158437711292754
13056220	0.00155237400725456
13056230	0.00243262569503421
13056281	0.00290902127493875
13056900	0.00166169063046792
13056961	0.00155237400725456
13058010	0.0015951445670861
13058040	0.00338058529007921
13058140	0.00302381997414074
13058191	0.00791731613416574
13059680	0.00155237400725456
13060281	0.0107378174135635
13061340	0.0015951445670861
13062310	0.00169644134688847
13063800	0.00155237400725456
13064230	0.0495869134956639
13064920	0.00565214292556865
13064930	0.00155237400725456
13065641	0.0325053403944072
13068541	0.00155237400725456
13069101	0.0015951445670861
13069190	0.00172122914391956
13069511	0.033197013066944
13072070	0.00865214300717878
13072490	0.00906917818794451
13072941	0.00290985839405011
13075561	0.00178834954934825
13075830	0.00164110472112564
13075930	0.00155237400725456
13075950	0.00889276588370667
13077091	0.00274137826824686
13077860	0.00725001241163494
13078191	0.00358308006347384
13079930	0.00386855987793335
13080111	0.0278565800184996
13081450	0.00248172741243167
13082560	0.00238767404357861
13082731	0.00161136124033963
13082881	0.00296049086440208
13083280	0.00439910609244532
13084131	0.0169588289224575
13085590	0.0023543816202324
13086321	0.00155237400725456
13087140	0.0601396376286866
13087650	0.00241419590353283
13088801	0.00880676659268683
13088951	0.00407609493628576
13090321	0.0365128232145019
13090680	0.00155237400725456
13091000	0.00985940094560414
13091510	0.0028221484146867
13092121	0.0210474699216996
13092240	0.00179033240371234
13092821	0.0025113401061577
13094430	0.00241114515524963
13094471	0.00275330833556443
13095721	0.00594112153273686
13095841	0.00157096948346085
13097590	0.00239734416293896
13099021	0.00365798967542907
13100360	0.00156890846419704
13100661	0.00288332933911258
13101040	0.00161916782348687
13101351	0.0015951445670861
13101781	0.00427188556657183
13102000	0.00155237400725456
13102560	0.00276133971479024
13102741	0.00315712721873097
13107110	0.00317538845332376
13109221	0.00247286638753827
13109911	0.00155237400725456
13110280	0.00254585828904521
13110960	0.00155237400725456
13112380	0.00155237400725456
13112650	0.00248620255749999
13113060	0.0176477492577973
13115680	0.0029253240861786
13115690	0.00617595568178208
13116210	0.0142996155603532
13116681	0.0292394873712852
13118440	0.00238767404357861
13119110	0.00524766590840142
13119130	0.00256003093408855
13119370	0.00155237400725456
13119981	0.00652102924432601
13120500	0.00275138692134661
13122030	0.00374281744444105
13125440	0.00256823732916122
13126481	0.00155237400725456
13131380	0.00277670540621707
13131680	0.00156890846419704
13132681	0.0219817200555278
13133621	0.00155237400725456
13133720	0.00570175526558371
13133850	0.00450575639863302
13138191	0.00227081603165741
13138270	0.00176991924467403
13138871	0.00189326756228274
13139250	0.00284547382191455
13143431	0.00248739588758918
13143930	0.0575335818202594
13145170	0.00237151612337235
13147571	0.0017312815901317
13148261	0.00161636844780264
13148620	0.00564199602061057
13149730	0.0279477740658513
13150000	0.00649900659500439
13150300	0.0015951445670861
13150410	0.00377463924578083
13153361	0.0157421227656313
13153450	0.00258881183457622
13154260	0.0015951445670861
13154420	0.00161435880883451
13155240	0.00204379763888796
13156381	0.0016882021334278
13158751	0.00672578173874308
13159800	0.00454034611009006
13160090	0.00169307508154999
13162700	0.0024463176323029
13165211	0.00156096868154157
13165430	0.00156096868154157
13166830	0.003497667794578
13167841	0.00240318885666008
13169631	0.00155237400725456
13170440	0.00356860843053769
13173570	0.00448693099213491
13173610	0.00569777241204747
13176330	0.00324460128811413
13177170	0.00155237400725456
13177610	0.00175020481895138
13178181	0.00578574864289864
13178810	0.00493131856100806
13178820	0.00166026291019783
13179711	0.0033748962338822
13180121	0.0023543816202324
13182850	0.0205998582979543
13183530	0.00313208564745853
13184910	0.00156890846419704
13185351	0.00251537495817407
13185361	0.00254229150609198
13186570	0.00423726063766597
13186721	0.00415309080572672
13187540	0.00484329404214801
13187961	0.00269995463852857
13188630	0.0037371643504386
13188740	0.00155553736144322
13190051	0.00430688676587032
13190331	0.00339661729314261
13191701	0.00159316693181597
13192080	0.00310434385849594
13192190	0.00155237400725456
13192890	0.0016882131632009
13193761	0.0043169310673245
13194970	0.0457716841686701
13195250	0.00199610350124259
13196531	0.00441917949921292
13198960	0.00835919187078124
13199421	0.00242957798688078
13200381	0.00984648743162755
13200391	0.0134619445326535
13201160	0.00406972504199952
13202560	0.00155237400725456
13202670	0.0015951445670861
13202960	0.058293986147088
13203271	0.00159219735829935
13203510	0.00476213683641662
13204920	0.0123544732264841
13205840	0.00464907746597947
13205990	0.00155237400725456
13209320	0.00155237400725456
13209361	0.00306470548636582
13211021	0.00243474712633975
13212671	0.00393396146060342
13214540	0.00207634787344016
13214710	0.462734954898908
13216630	0.00282028911299715
13219240	0.00328690002887038
13219640	0.00523520924491974
13220661	0.00309544794157368
13220880	0.0347061508654653
13222181	0.00156096868154157
13222710	0.00337013264725633
13223691	0.0166971897855441
13223961	0.00325109682224757
13225631	0.00161626013214126
13225850	0.0196359495270028
13225911	0.00279348059369186
13227090	0.00297113369411822
13227961	0.00452123083242722
13232941	0.00453830899328899
13234570	0.00241916137390807
13235271	0.00252014400629442
13237611	0.00179033240371234
13242000	0.0024458052985179
13242290	0.00330622159056539
13242721	0.00525314299255762
13242960	0.00156096868154157
13244241	0.0043314158162408
13245170	0.026403566157318
13247431	0.00155237400725456
13251291	0.00230543752999257
13252730	0.00237886755457906
13253331	0.00410034908404247
13253860	0.0103950617710422
13256080	0.00226333852419132
13256391	0.0326994300996429
13256610	0.00562286836470877
13258181	0.00161136124033963
13258461	0.0243526237610461
13259240	0.00239671650286241
13259821	0.00155237400725456
13260111	0.00771607974918607
13261331	0.00260555478240601
13261341	0.00292051131645855
13261840	0.00341971266229477
13262270	0.0028051103262573
13262581	0.00670503178977439
13262800	0.00330817605521788
13264671	0.00676461114352109
13264941	0.00159059247243464
13265450	0.0580479031638101
13266940	0.00155237400725456
13267001	0.00231623648542609
13267401	0.0015951445670861
13267670	0.00366242341573836
13268620	0.00156512401636283
13268870	0.0025017994223165
13269331	0.00156492173366445
13270451	0.00253007553399667
13270660	0.00199725015875483
13271370	0.00353089908835123
13271510	0.00282618003530386
13272040	0.00252389416191218
13274840	0.00492054816212218
13275811	0.00550184324079507
13278430	0.00158343101199194
13278690	0.00161505113448967
13279390	0.0268458619480319
13279971	0.00155237400725456
13281771	0.00288689930145459
13281980	0.00305663076490438
13282410	0.00202745762328876
13282530	0.00467442981234633
13282991	0.00160540748339551
13288651	0.00155237400725456
13289621	0.00190074075421098
13292050	0.00294071444210838
13292391	0.00221582221918119
13292490	0.0015951445670861
13292750	0.00697808492053265
13294960	0.00165138175734279
13294970	0.00605197457778943
13297901	0.00241043085988321
13298520	0.00269910563054272
13300941	0.0032400808910742
13304521	0.0015951445670861
13307070	0.00256390041688324
13308511	0.0108234525233073
13314861	0.00326786832721704
13315561	0.00161227503833834
13315940	0.00572354061493309
13318041	0.339554938922778
13318680	0.00491099133038178
13318851	0.00340126688302341
13323281	0.00264665713510875
13327370	0.00270691176972812
13327660	0.0132240167808941
13328050	0.0024719731364097
13328091	0.00284752740490326
13330380	0.0137707343599578
13330930	0.00410500587804278
13332361	0.0172413213183492
13333300	0.00510847506766499
13333840	0.00431252561333347
13333980	0.0114272493869474
13338680	0.00254798222800149
13339490	0.00161836490362343
13339650	0.0015951445670861
13340890	0.00155237400725456
13342021	0.0015842860020072
13342800	0.00186997500815268
13348081	0.00644218719893013
13348310	0.0031766914378626
13348730	0.00413344289963795
13353051	0.00949266317644019
13353461	0.00155237400725456
13355811	0.0033036809027213
13356371	0.0041284545126291
13357030	0.0289721416554254
13357051	0.00258562489267024
13358171	0.00267984091337358
13359070	0.0136425333031037
13359360	0.00359059401834954
13359490	0.00611395234634669
13361461	0.00254579604319452
13361550	0.008198996755896
13362011	0.00523015031364528
13363121	0.00517413824977474
13363650	0.00155237400725456
13364450	0.00260474637369616
13365580	0.00212509354979357
13368190	0.00155237400725456
13369010	0.00156492173366445
13369550	0.00269000279108981
13370130	0.0121883365567695
13373280	0.00345904454382482
13374240	0.00605629937701436
13375401	0.0322510933804654
13378940	0.00157604308015066
13379261	0.0121892033614484
13379620	0.00756299045007751
13380040	0.0227388244561921
13381430	0.00338931679868942
13381731	0.00238673806286734
13381820	0.0124609854331596
13382930	0.00155237400725456
13383240	0.00156944749594279
13385450	0.00444287449476224
13386390	0.00331501992777462
13390130	0.00240657946148612
13390540	0.00507426026622898
13393881	0.00180586900278305
13395951	0.00250909866911358
13397601	0.00285847861993702
13399080	0.0198295392342888
13402000	0.00223618299914179
13402110	0.0063325078627015
13402431	0.00195167268232621
13403080	0.0140561747451746
13403131	0.00716266550077708
13404890	0.00262853124295139
13405481	0.00236969482580833
13407941	0.00377798814391417
13409960	0.00340455665092136
13410151	0.00167257073080848
13411531	0.00175051025961005
13412351	0.00370472226313281
13412600	0.00637865601950111
13412890	0.00155237400725456
13413331	0.00184964109298636
13413820	0.00184426834807544
13413970	0.0015951445670861
13414851	0.00513082198978708
13415951	0.00155237400725456
13416050	0.00312765896084254
13416371	0.0015730297093444
13419121	0.00184861042177835
13420040	0.00317122606256116
13420590	0.00511050747859142
13423121	0.00388764930798923
13423200	0.00257794892151091
13423470	0.00156492173366445
13423510	0.00155237400725456
13427100	0.00234458142937388
13427111	0.00155237400725456
13427200	0.00360723930963828
13428081	0.00155237400725456
13430920	0.00278061479991237
13431411	0.00166605337579116
13431951	0.00156890846419704
13432470	0.0129051219779198
13434520	0.0287871703706671
13435890	0.00161977011742386
13437191	0.0968123678241824
13437950	0.0015951445670861
13438691	0.00221224269923625
13439340	0.00155237400725456
13440050	0.00284625970786519
13440310	0.00932670988373393
13440781	0.00415674080043403
13441950	0.00540377421738173
13443111	0.00155919637360364
13444901	0.00155237400725456
13445601	0.00163806821116843
13447381	0.00346260569243827
13448610	0.00155237400725456
13451490	0.00815293059030165
13453560	0.00155237400725456
13454790	0.00343970343706263
13455780	0.00163653944395265
13459951	0.00301622203211377
13460200	0.00369526391336729
13461140	0.00521715732180189
13461611	0.00433399147195582
13461840	0.00237188979508953
13462640	0.00343199345519863
13465420	0.00245569545366244
13466161	0.00246171130288729
13466250	0.00357346195795348
13467510	0.0023543816202324
13467521	0.0108282988501554
13468440	0.00420103534612267
13468870	0.00316426562809212
13469061	0.0203101544289683
13469150	0.00783011707808644
13470370	0.00575446845547409
13470800	0.00323114251358855
13472330	0.00263006682043331
13472440	0.00182335888053486
13473881	0.00354669331587219
13473970	0.00238362209814353
13474250	0.00155237400725456
13474680	0.00259763946455785
13474991	0.00362828003544858
13476231	0.00156241468314722
13476740	0.0015951445670861
13477430	0.00155553736144322
13478281	0.0015951445670861
13478790	0.00159456948129079
13480341	0.00161227503833834
13481950	0.00304276969292954
13481980	0.0024860018551674
13483760	0.00155553736144322
13484570	0.0140395604680253
13485430	0.0143540152876574
13486141	0.00254637032383691
13486961	0.00161136124033963
13491101	0.0279573458113868
13491770	0.0031780169692438
13492211	0.0016186432523314
13492870	0.00510522429574104
13496160	0.0117259165664236
13499811	0.00190893132008462
13501430	0.00795901481577147
13501581	0.00174849744387823
13502421	0.0176883958701292
13504020	0.0101477199162564
13504330	0.00361097710874501
13506530	0.00159769547950879
13506681	0.00281660973005029
13507600	0.00155237400725456
13507770	0.00473086305355895
13508901	0.0015951445670861
13509710	0.0015730297093444
13511371	0.00155237400725456
13517160	0.0250972609312019
13517461	0.00183192358546564
13517690	0.00791273886000631
13517710	0.00190829535182651
13517861	0.0015951445670861
13519320	0.0023543816202324
13519511	0.0018681892188753
13519801	0.0115623844333489
13520870	0.0138242937575519
13523780	0.00766541394168222
13525130	0.00720964375289316
13525311	0.00330550635626097
13525810	0.00155237400725456
13525960	0.0878235920055537
13528840	0.00360587765107845
13529020	0.00336073261704795
13529550	0.0110387322445572
13529570	0.0107650111795614
13530271	0.0015951445670861
13530910	0.00521652107510589
13531521	0.00173532292406703
13533400	0.00205183109974028
13535190	0.262873732787305
13535521	0.0103871748511985
13536860	0.0160399529454138
13538821	0.00279693903700567
13539121	0.00235233004746427
13539620	0.00268392506366199
13541731	0.0015951445670861
13542011	0.0143318045824531
13544341	0.00155237400725456
13545280	0.00200671266871128
13548840	0.00292638670990792
13549270	0.00299027387794577
13550001	0.00155237400725456
13551480	0.0015951445670861
13557601	0.00155237400725456
13558080	0.00329665868050948
13558390	0.46833783085
13558981	0.00290727051560001
13561390	0.00155237400725456
13561410	0.00158348298842786
13561530	0.00381017073764528
13562770	0.0040431859650742
13566120	0.00698739680669281
13566551	0.00384074814908388
13567060	0.00155553736144322
13568430	0.0138404419874997
13571880	0.0166674015055439
13574350	0.010385880508673
13576331	0.0249171624349759
13578821	0.00155237400725456
13579531	0.0018534512521613
13580700	0.00773943527546613
13581711	0.00253526086221991
13582250	0.00187866380286845
13583060	0.0102495228632714
13585451	0.00207781428303201
13586220	0.00319177505670552
13588450	0.00373124128971048
13591091	0.00267508921192598
13591220	0.0191770571461259
13591641	0.0023364605533288
13592710	0.00539658223578933
13594900	0.00174670437744797
13596191	0.00315083812819424
13596560	0.00155237400725456
13597321	0.00543352204629589
13597721	0.00237151612337235
13598790	0.00551055551356842
13599050	0.00244603537673201
13600071	0.00422155851510536
13603091	0.00245278978298803
13606350	0.0023543816202324
13608550	0.00337242175961286
13608761	0.00163328494023268
13610121	0.00155237400725456
13611190	0.0015951445670861
13611350	0.00155237400725456
13612191	0.00280472606181713
13613400	0.129294292816541
13614640	0.00291450569059304
13616560	0.00155237400725456
13619060	0.00912291250010571
13619750	0.00214961370788366
13619781	0.0039213362108719
13620560	0.00156944749594279
13621161	0.0017249796763934
13623480	0.00329028125934044
13623661	0.00250326672976506
13624170	0.00271899394858898
13624211	0.00155553736144322
13626271	0.00543536218758095
13627310	0.00161790414290756
13627590	0.00197843580991796
13630780	0.00350862135206057
13632590	0.00269610391875761
13632751	0.00496388266297748
13633420	0.00238527539646416
13633851	0.00425311963934529
13634640	0.00417526682930895
13635460	0.00294441628650056
13638551	0.00620418130570483
13639720	0.00296171199824731
13640621	0.00260088360647447
13641021	0.00310850128954184
13642110	0.00212910149502771
13643641	0.0023543816202324
13648481	0.00160536563854072
13648860	0.00272509533101293
13648990	0.00592824974758335
13649250	0.00395913660610462
13649550	0.00304632632382775
13651641	0.00163341839173802
13653581	0.00186209597177837
13653680	0.00155237400725456
13654100	0.00161136124033963
13654251	0.00329468344078273
13655750	0.00155237400725456
13655921	0.00563755995906139
13657451	0.0038301665333521
13657561	0.0015951445670861
13658100	0.00155237400725456
13659241	0.00517394802231968
13659760	0.0396197633636157
13660730	0.00403350739253862
13660970	0.00249762520169375
13662480	0.0037567377669189
13662510	0.00576218739729492
13663760	0.00326569631107707
13664270	0.00160084552755011
13666210	0.00244260264276009
13669140	0.00258446033896522
13671460	0.00342758152300998
13671470	0.00246947761862026
13672601	0.00179020454579458
13672710	0.00370697593451588
13673301	0.0015951445670861
13673960	0.0032836590557281
13675070	0.00321366031200179
13675101	0.00329167336173615
13678920	0.0168881798406214
13680331	0.00560434554938937
13681520	0.0047714175524208
13681960	0.0317113002821954
13682520	0.00243979596530789
13682920	0.0015951445670861
13683330	0.00316688889721258
13683600	0.00393650622558063
13684580	0.00243691848941462
13685550	0.00238527539646416
13688300	0.0155301991526717
13689510	0.00422068958007844
13689830	0.00180248734528244
13690380	0.00160540748339551
13690490	0.00355221427072646
13690750	0.00407128556315663
13691180	0.00254145237208917
13691470	0.00155553736144322
13693421	0.00241650596596149
13696331	0.00158594909906778
13697260	0.0015951445670861
13697380	0.00414509875509005
13698131	0.0015951445670861
13698251	0.00307254301125334
13698610	0.00583371923430695
13699491	0.00621048235280507
13701120	0.00646989728110463
13701711	0.00158779241557088
13704150	0.0015951445670861
13705400	0.00629277744563287
13705680	0.00269703113009462
13706490	0.00488153042049232
13709000	0.00231806014646431
13709940	0.0015951445670861
13710340	0.00474155315898994
13714350	0.00155237400725456
13716201	0.0224975808978382
13716300	0.00334620118859829
13717660	0.00488520058944231
13718381	0.0015951445670861
13719060	0.0015951445670861
13719081	0.00231188847346858
13719190	0.00457482523207042
13719880	0.0171359083879341
13720010	0.00425903756295273
13723761	0.042435464478165
13723911	0.00275253743128827
13724020	0.00256803079078702
13726090	0.00262932221902864
13727730	0.00220612782370547
13732171	0.00262686179084051
13732270	0.00155237400725456
13732430	0.0110558293328814
13732540	0.00342459780922679
13736690	0.00846209597599501
13741851	0.00155237400725456
13741940	0.00171586827666277
13742080	0.231164120539136
13742401	0.00287315363915539
13748030	0.00175468436772672
13748061	0.00155553736144322
13748150	0.00817616374374249
13750111	0.0015951445670861
13750121	0.00463547336851968
13751481	0.00226507317113046
13754090	0.00161238733500841
13755190	0.0192056815512678
13761390	0.00247662422018652
13761841	0.0029006863825337
13765520	0.00420277646421796
13765660	0.00161896820258995
13766050	0.00172122914391956
13767730	0.00197352543836675
13768721	0.00155237400725456
13772270	0.00264281796114713
13772410	0.00155237400725456
13772420	0.00189613773632397
13772670	0.00235761077768513
13776150	0.021180912698883
13776430	0.0015550627241041
13778080	0.003904763560784
13778210	0.00155237400725456
13780120	0.0138529165271714
13780160	0.00241903478669676
13781250	0.0213691241594729
13782101	0.00237368450124896
13783201	0.00323913159820694
13783641	0.00250057244276588
13783730	0.00161227503833834
13785370	0.037822965011844
13785711	0.00250549599865203
13788861	0.00274395173316979
13789780	0.0015951445670861
13790381	0.0015951445670861
13791730	0.00294540932247198
13793161	0.00155237400725456
13794640	0.00674621025952207
13796461	0.00292180578902306
13796550	0.00174606287040451
13796741	0.00187517219862164
13799020	0.0134097228623941
13800311	0.210745767058926
13803481	0.103064112106795
13803641	0.00155237400725456
13804451	0.00250537458256926
13807071	0.00269684219149504
13808430	0.00304568442028698
13808680	0.0070928563447093
13810791	0.0015951445670861
13814050	0.0015951445670861
13814941	0.00155237400725456
13816260	0.00248739588758918
13816550	0.0015817385621668
13818880	0.0066691625841735
13819850	0.0046110848744001
13819860	0.00264795626445582
13820690	0.00391300351688114
13822620	0.00285593732850464
13824410	0.00539040161093583
13825230	0.00231340280110199
13829510	0.0920232973639498
13830870	0.00163864743085639
13832041	0.00236094033641843
13832120	0.00262335868971099
13832321	0.00272040878110455
13833780	0.00390987108408887
13834121	0.0018388337003945
13834360	0.00391689289756356
13835611	0.00155237400725456
13835880	0.00375652690802119
13837520	0.00420962489484785
13837630	0.00155237400725456
13837650	0.00698267252330958
13837940	0.146733003796532
13840010	0.00315065068511909
13840410	0.0056592929660604
13840540	0.00298147480942406
13840950	0.0015951445670861
13843850	0.0114985774520563
13845401	0.00427016032622328
13846040	0.00248476906287098
13847160	0.00157753162078369
13848451	0.0152461905530046
13849141	0.00155237400725456
13851980	0.00195554931107754
13851990	0.00160546143595618
13852031	0.00168404487935711
13859881	0.00314452845654439
13859990	0.00336691580109482
13860021	0.00553680744622437
13861370	0.00237151612337235
13862801	0.0102859641418163
13864181	0.0029753554713949
13864461	0.00807044599631774
13865951	0.00861628183118102
13867980	0.00155237400725456
13869360	0.00155237400725456
13869421	0.00241043085988321
13871560	0.0028394669322906
13872711	0.00965399274239824
13873141	0.00241435062904152
13875590	0.00160415752258067
13877370	0.00259396679434527
13877770	0.0165354422397789
13877821	0.00540223816486153
13880380	0.00356475704557544
13880441	0.00508930838498876
13882910	0.00155237400725456
13883341	0.0016286176635317
13884680	0.0015951445670861
13885250	0.0015951445670861
13887140	0.0177902046507363
13887570	0.0019428562474293
13888270	0.00454223332579126
13889220	0.00320359065737186
13889811	0.0015951445670861
13890750	0.0225241273491841
13891180	0.00155237400725456
13892150	0.00169929811999919
13894931	0.00285168809648969
13895061	0.00180849258816656
13896560	0.00245776189802519
13899000	0.00561800037715761
13904550	0.0042380195615352
13905001	0.0225301400112269
13905421	0.0216594820665549
13906210	0.0105965841342674
13906870	0.0015951445670861
13908560	0.00606498919509128
13909100	0.00295259789795332
13909220	0.00352175446087163
13909281	0.00157753162078369
13909500	0.00439936669572055
13913551	0.00504845061400706
13913971	0.00495373280242264
13916280	0.00238304589800453
13916410	0.00283274207256006
13916721	0.00163147575367463
13917261	0.00625481331762177
13918750	0.00346679091908718
13921070	0.00175119721660817
13921520	0.00184816168685564
13922040	0.00245258883157552
13924161	0.00767839816828792
13924571	0.00179194806063001
13926750	0.00283421047958469
13927850	0.00671339617436922
13928031	0.00155237400725456
13928560	0.00563770307909583
13929510	0.0336423570835749
13929541	0.00280897421511588
13929681	0.00401784247726276
13931051	0.00410337990825459
13931481	0.00414153796283143
13933001	0.0026808537613155
13934460	0.00766185217341408
13934600	0.00240255337926042
13936680	0.00443558372757312
13936851	0.00306277390259899
13938730	0.00570800278091179
13939450	0.00276224247891592
13940800	0.0356681747402225
13941821	0.00233286110409611
13942890	0.00174243396205263
13943160	0.00301780606242893
13950350	0.00162399225448086
13951170	0.00512210696189815
13951440	0.00945464768837125
13952301	0.0015951445670861
13954750	0.00161227503833834
13956650	0.0015951445670861
13959840	0.0063625042962388
13960311	0.00156492173366445
13961671	0.0015730297093444
13962190	0.00250901803366592
13962381	0.0015951445670861
13962470	0.00970167256551455
13966340	0.00158978382148008
13966381	0.00276235640248462
13966600	0.161753603987351
13966720	0.0103446508445858
13966911	0.00237207562647228
13967201	0.00310999451595291
13967310	0.00238767404357861
13967580	0.0023985210635785
13967830	0.00161207588653197
13968451	0.0751062565214575
13971700	0.00255480806343002
13972130	0.00255136021423908
13976161	0.00289323955642177
13976370	0.00925925610097046
13979201	0.00155237400725456
13980950	0.00287547409545527
13985630	0.00277876331418385
13987321	0.00155237400725456
13987960	0.00155237400725456
13988110	0.00155237400725456
13988270	0.0211229371718684
13989610	0.00155237400725456
13989750	0.00167578233146745
13989760	0.00208750653880151
13991720	0.0015951445670861
13992410	0.00287827344161246
13992540	0.00639396868963034
13992940	0.00155237400725456
13993490	0.00274591948558003
13995010	0.0158238515899892
13995720	0.00155237400725456
13997350	0.00459663530075776
14001230	0.00398702326575472
14002580	0.0071794160406021
14002791	0.0863723432933409
14004291	0.00234288715267066
14005671	0.00169971924909096
14006231	0.00363753175239478
14006710	0.0101770636424605
14006720	0.00170024450493101
14007741	0.0015730297093444
14010491	0.0044130801311382
14010890	0.00165704890878421
14011311	0.00412246101006952
14012520	0.0026423144118562
14013100	0.00735909818492419
14015061	0.00612318358937014
14015160	0.00478124499720919
14018030	0.014218961962178
14018200	0.00787768612555411
14021931	0.00469259662292616
14022460	0.00155237400725456
14023201	0.0037082532593257
14024930	0.00332703228210399
14025931	0.00304270597288588
14028571	0.00241987638374247
14031191	0.00166352020429103
14032120	0.00170547421294019
14032260	0.0040111796321005
14032400	0.0015951445670861
14032780	0.00155237400725456
14033200	0.0102088123251648
14033261	0.00864635448043201
14035850	0.00161110949403304
14036530	0.00246917315538993
14036711	0.00241043085988321
14036780	0.00474138368070789
14041230	0.00823145179969349
14041350	0.00662780391566841
14042300	0.00343921518463698
14048940	0.00219397546125209
14048950	0.00155237400725456
14049801	0.00156512401636283
14051120	0.0165960310113567
14051871	0.00336550695933806
14053490	0.00487820782422974
14054710	0.00249756462260209
14055061	0.00378630917261809
14055400	0.00204035441489953
14055820	0.0536673969157103
14056920	0.0015951445670861
14056971	0.00313945927731243
14059181	0.00334199048995162
14060971	0.0018281106841236
14061801	0.0320689663212766
14062610	0.00419807995740354
14062921	0.00442609881320087
14063321	0.00963602781657077
14064370	0.00231188847346858
14065740	0.0159703409038778
14067591	0.00280017998319982
14068001	0.00271499972645002
14069251	0.00243474712633975
14069480	0.00174891822430152
14071601	0.014101202935724
14072110	0.00333557738495476
14072711	0.00161227503833834
14073391	0.00868009844831063
14073480	0.00155237400725456
14076090	0.00166875681774511
14077470	0.00354020568667569
14077811	0.00239746160994717
14078300	0.00247720911795276
14078641	0.00259718541950014
14079570	0.00156008272409754
14081070	0.00270033377190296
14082891	0.00155553736144322
14083540	0.00304353339278401
14084110	0.0072289039698706
14087191	0.00155237400725456
14087280	0.0158076257029196
14087741	0.00352091489072397
14087960	0.00459005187312185
14088151	0.00354367291476033
14088271	0.0047344124679062
14089230	0.00156096868154157
14089401	0.0325950460916885
14089521	0.108137845823368
14090310	0.00716787772795391
14090911	0.00249154212716639
14091710	0.00155237400725456
14092790	0.00163432538918147
14093780	0.00224561849819152
14093910	0.00390331651746987
14094351	0.00999959255170238
14094440	0.00155237400725456
14095000	0.00161429530128257
14095670	0.00690131108907534
14098290	0.00410134553726366
14098481	0.00494090014461494
14099051	0.00241900361780595
14102190	0.0023543816202324
14102850	0.0023543816202324
14103451	0.00155237400725456
14103570	0.0354750002111212
14103591	0.00546649258171361
14106470	0.0016315868805505
14107270	0.00262767455010941
14107280	0.0033875053342335
14107741	0.00520031992319645
14108841	0.00155237400725456
14109330	0.00581200671847302
14109750	0.00279983314020828
14110481	0.00341646962404872
14112701	0.00305044229183013
14113371	0.00758881825980219
14113760	0.00375162840520322
14116100	0.0023543816202324
14116701	0.00362086967133192
14117931	0.00155237400725456
14118990	0.00380268543158028
14119270	0.0015951445670861
14119530	0.0646982923757488
14119700	0.00376322477415728
14119830	0.0015951445670861
14119980	0.00204331087586153
14120691	0.00248765675951189
14122330	0.00239182560312871
14124650	0.00353097187498902
14126361	0.00200692215239051
14128421	0.00530684667716862
14128920	0.021515951176712
14128950	0.0101661107568051
14130870	0.00560457082599233
14131041	0.00267517021882633
14131731	0.00242511971243839
14131851	0.00270069265518411
14132411	0.00242351207079206
14133121	0.00626571014694426
14134010	0.00161136124033963
14134560	0.00300933805213039
14135810	0.00392451527095281
14136370	0.0031289714028744
14136431	0.0172306573000624
14138160	0.0110053709156217
14138471	0.00243359405411029
14138570	0.00444969803579148
14138700	0.00155237400725456
14139150	0.00170829679933716
14139530	0.00242593480715891
14139550	0.00350112726951646
14139711	0.00378773817532877
14141241	0.00157604308015066
14141781	0.00556257561768857
14141941	0.00161227503833834
14142361	0.00237517443099063
14143120	0.00284186810210685
14143410	0.00375874301067676
14145890	0.00506371008052207
14147010	0.00155237400725456
14147851	0.00352042488189457
14148530	0.0371244535507904
14150710	0.00407516988666644
14150990	0.00239626687883315
14153111	0.00206038815740159
14153190	0.0195582032411993
14154430	0.0016047035104436
14155420	0.00155237400725456
14155991	0.00923938368098409
14156230	0.00248490218935051
14156910	0.00322683992050308
14157251	0.035815267293964
14158061	0.0034893596496695
14158860	0.0228342998694148
14159940	0.00163553824814998
14160261	0.00212002778652893
14161040	0.560523488832487
14162221	0.00235949141217234
14163171	0.00339859199975344
14164271	0.00171711575832065
14168790	0.0015951445670861
14172370	0.00194217759742895
14173801	0.00322992429313745
14176640	0.0015951445670861
14179451	0.027901157580831
14181180	0.00155237400725456
14181340	0.00418221774052693
14181391	0.0015951445670861
14182331	0.00206388892827786
14182741	0.00156096868154157
14183270	0.00155237400725456
14185251	0.00504384714229026
14186280	0.00155237400725456
14187810	0.00613697077654154
14188080	0.00287574808163651
14192001	0.00155237400725456
14193651	0.00155237400725456
14194611	0.00506640979607057
14196210	0.0259064485124176
14196961	0.00160842783565462
14200070	0.00161136124033963
14200780	0.00267092151682766
14206901	0.00242518276887438
14207550	0.00210590743274757
14209730	0.00498555978862131
14210420	0.00719464429780554
14211731	0.004068843443829
14212261	0.00271882551066104
14213200	0.00268066632650409
14214160	0.00836077490145588
14214180	0.0121498305910312
14214741	0.013272750393648
14215410	0.00156492173366445
14218321	0.00172327032406008
14218990	0.00187148161282578
14219721	0.00155237400725456
14221030	0.00161790414290756
14221661	0.00444543807208999
14222440	0.00243363352396394
14222611	0.00365825589487197
14225911	0.00721297782722724
14226720	0.00600076337115904
14227400	0.00537946523552717
14228141	0.00158348298842786
14228941	0.564306327677318
14231011	0.00490070761270709
14234341	0.00237232871482421
14235120	0.0015951445670861
14235970	0.00155237400725456
14236090	0.00155237400725456
14236790	0.00155237400725456
14236941	0.00495950138757286
14238331	0.029481245208139
14238850	0.00161403476886127
14244941	0.00155237400725456
14250830	0.0292767402122195
14252261	0.00574772012186037
14253340	0.00969182151329026
14254030	0.324252188348062
14254191	0.00262380317285019
14255000	0.00248739588758918
14256080	0.0091175612627733
14257050	0.0117756011430235
14260131	0.00281294253110208
14261641	0.00155237400725456
14262430	0.00342788138150135
14263410	0.00161136124033963
14263550	0.0027938000627821
14263680	0.00304619857848445
14264401	0.00155237400725456
14264551	0.0029846967163713
14266130	0.0015951445670861
14267370	0.00186568905722166
14267550	0.00170505657638831
14268360	0.00156944749594279
14268900	0.00272873899336825
14269200	0.00245848080402673
14269580	0.00472670697477798
14270481	0.00155237400725456
14272521	0.00155237400725456
14273030	0.0114511634270967
14273180	0.00251359035235165
14274181	0.00263556392891722
14275550	0.00377357979693561
14278741	0.00248625678382003
14279120	0.0114058227772605
14279431	0.00156890846419704
14279441	0.00313045176286712
14279530	0.00155237400725456
14280360	0.0145417958996412
14281750	0.00354045566930823
14282451	0.0024809670149544
14282871	0.00267369250853221
14284200	0.00400405745451552
14284510	0.00301099747956343
14285870	0.00155237400725456
14286010	0.00596042452754592
14289081	0.0229377242546351
14295670	0.00237517443099063
14295851	0.00242304572842642
14298481	0.0166002809724514
14298960	0.00155237400725456
14299981	0.00193512563427791
14300770	0.00155237400725456
14302140	0.00890363825932884
14302300	0.00155237400725456
14302420	0.00155237400725456
14304531	0.00241650596596149
14305631	0.00842656332570972
14305730	0.00155237400725456
14306980	0.00155237400725456
14309651	0.00155237400725456
14309771	0.0181204779022145
14310150	0.00161636844780264
14311530	0.00278264919766535
14311981	0.00240963449075256
14312330	0.00155237400725456
14313470	0.00340716627605644
14313781	0.0015951445670861
14314861	0.00220989782788997
14314871	0.00504121791280702
14315161	0.00155553736144322
14315250	0.00345047120903329
14315711	0.00775780939120517
14316900	0.0023543816202324
14317621	0.0026013842880633
14318130	0.00155237400725456
14319421	0.00235413651307783
14319670	0.00241043085988321
14319831	0.00196850681561654
14320650	0.00241561162232754
14325050	0.00258102605971141
14325590	0.00832527839297156
14325990	0.0342152195269064
14326980	0.00155237400725456
14336791	0.00184068597397516
14338591	0.00223229776151571
14339380	0.00285591705679289
14339670	0.00165173127271198
14339790	0.00495892299027512
14339920	0.00181815585447098
14340241	0.00155237400725456
14340370	0.00205289207234759
14340630	0.00297043850724685
14340640	0.002274021101728
14342731	0.00212754802786199
14344190	0.00233828169702814
14345890	0.0706274421394544
14346741	0.0645925107785255
14351011	0.00279480061596528
14351820	0.00237517443099063
14352681	0.023539828333333
14354990	0.00161636844780264
14359141	0.00440771780050094
14360060	0.00295630051815186
14360111	0.0015951445670861
14360220	0.00217755153009121
14360640	0.00498053982815374
14360760	0.00577492861986404
14361720	0.00568737431178621
14364360	0.00180043455117632
14369050	0.00592414341269235
14369180	0.00246466397264652
14369911	0.00227081603165741
14371120	0.00348869404422013
14372801	0.00159462923885918
14373460	0.00398484114368384
14375080	0.0041261597749465
14376791	0.00161910395268554
14377460	0.00243303402261967
14377590	0.00782049333478508
14380651	0.00599115398557915
14381580	0.0015842860020072
14381771	0.0019746848466939
14382451	0.00155237400725456
14383230	0.00712013119112563
14384070	0.0029410257967788
14384640	0.00155237400725456
14384671	0.0100621852203385
14387001	0.00380276302536751
14390991	0.00297197947212948
14391120	0.0020789600303765
14391910	0.00389207671186995
14394051	0.0015951445670861
14394550	0.00263901265422564
14397071	0.00305514337106498
14397840	0.00155237400725456
14398120	0.00212297442767817
14399220	0.00957652503267752
14403500	0.00277546323395008
14405071	0.00399817450173749
14405870	0.00155237400725456
14406871	0.0037439453737303
14409501	0.00836665768717018
14410581	0.00294079239223493
14412111	0.00605439259388916
14414410	0.00155237400725456
14415831	0.00167083352813558
14419250	0.00469935931123912
14419650	0.00619997479598473
14421050	0.00157604308015066
14426530	0.0015951445670861
14426991	0.00172214826592893
14427951	0.00376421619235374
14429361	0.0208955964714303
14429621	0.00155237400725456
14429891	0.00155553736144322
14431780	0.0182594694635944
14432880	0.00281550080188314
14437440	0.00155237400725456
14437481	0.00253145786561809
14437580	0.00155237400725456
14439951	0.00563866004860261
14440870	0.0102362184554468
14441221	0.00487151822684087
14441420	0.0676448932012413
14441891	0.00231803940519119
14441970	0.0024536610391089
14442041	0.00231548342304939
14442260	0.00161505113448967
14442830	0.00180837052229449
14446120	0.0023543816202324
14446181	0.00414710827532384
14446400	0.00161227503833834
14446700	0.00155237400725456
14448760	0.00155237400725456
14452180	0.0136568069102174
14452381	0.00197703757025162
14453221	0.00592129157373682
14453970	0.00259418109747956
14453980	0.00598000874957721
14454410	0.0025593135446527
14456050	0.0024883538337319
14456391	0.00241829954400908
14456910	0.00784309829879996
14458021	0.00340287724700071
14458041	0.00391479082901235
14459230	0.00243167429040462
14463080	0.00475426460144686
14468330	0.00155237400725456
14468470	0.00157096948346085
14471240	0.00207328027809217
14474861	0.00155237400725456
14476111	0.00284486396862493
14477580	0.00155237400725456
14478530	0.0328462319105803
14478721	0.00480881299167972
14481860	0.00243310763269464
14482550	0.00245613297657521
14484750	0.0138477520849971
14486721	0.00196366690760172
14488501	0.0095570161652211
14488661	0.0040413152407744
14488801	0.040219169903472
14489700	0.0021361215513297
14491131	0.00194219296674932
14492740	0.00451740952044472
14493870	0.00846881194336484
14494031	0.00155237400725456
14494161	0.00232867205063568
14494311	0.00160681147671158
14494571	0.0282547484676404
14494680	0.00278843226012047
14495780	0.00156890846419704
14497471	0.00167338845325886
14498940	0.00289334519964123
14499961	0.00934368946741233
14502680	0.00170075014128097
14505201	0.0120755212276714
14505321	0.0015951445670861
14506420	0.00238916350102056
14506571	0.00197268702441289
14507001	0.0126129426121591
14509321	0.00262241869114431
14509601	0.00238767404357861
14509730	0.00183107553915511
14512241	0.0117567741998383
14512760	0.00173513934226526
14512860	0.00417550150156631
14513860	0.00261921261686731
14514410	0.00883992343119963
14514690	0.00155237400725456
14515510	0.00879123249864269
14520340	0.0425003725222287
14521321	0.00536500148823671
14521980	0.00380188437939786
14523240	0.0254137063389113
14526540	0.00241494519508576
14529211	0.0388989578337412
14529611	0.0015951445670861
14529761	0.0015951445670861
14530581	0.129841407282157
14530851	0.0701728177328367
14531890	0.00276552700856518
14532730	0.00936071491191708
14539380	0.00380954762740713
14539910	0.00240441263311585
14540651	0.0103123559196102
14540911	0.00238916350102056
14541560	0.00176239187130112
14541820	0.0015730297093444
14541830	0.0098478189118903
14542550	0.00331813604938208
14543671	0.00711260839608154
14543770	0.00491824162112518
14543951	0.00238767404357861
14544511	0.00181029020970719
14545850	0.00403006129361813
14546270	0.052714805051382
14550650	0.0015730297093444
14552651	0.00278002752188409
14553290	0.00757785235524721
14554550	0.00251815323752977
14555230	0.00763486389533603
14559271	0.00237682188390536
14559681	0.0362953891325826
14559790	0.00237682188390536
14561430	0.00343630018251109
14561550	0.002739922651122
14561621	0.00156096868154157
14562940	0.00155237400725456
14562950	0.00155237400725456
14563411	0.0045408701138284
14564470	0.00576769435266776
14564730	0.00156512401636283
14565471	0.00314082373019089
14565860	0.00286635156108623
14565881	0.0319233237686261
14566291	0.00294897699641469
14566660	0.00349794138553374
14567671	0.00826339593969621
14568221	0.00308731701480046
14570130	0.00256545816087172
14571131	0.00493611215306333
14572200	0.0021517345154712
14572310	0.00796062326007087
14572600	0.00275592582755454
14573700	0.00455948983618084
14575200	0.0717039488457123
14575551	0.0015730297093444
14576330	0.00298631989210408
14577300	0.00161636844780264
14578100	0.0029582332066656
14578571	0.0228632945391447
14579360	0.00342018092096815
14580101	0.0015951445670861
14580470	0.00175943795184887
14581710	0.00344102404099929
14582530	0.00155237400725456
14582861	0.00156492173366445
14584190	0.00189157341547956
14586650	0.0500790257998768
14586670	0.00249606127681853
14588480	0.00155237400725456
14588511	0.00155237400725456
14589201	0.00157417067088697
14589860	0.0257685617198281
14590130	0.0114786287780074
14593051	0.00972418744660273
14594780	0.00783970393949664
14594981	0.00244085941242621
14594991	0.00175499533433138
14595220	0.00697721188249374
14597051	0.00258562489267024
14598810	0.00277318545634051
14601201	0.00243942826746377
14602581	0.00302757536520489
14603961	0.00576511887701978
14605731	0.0175898624513618
14606090	0.00156492173366445
14608440	0.00634240498131505
14610100	0.00718653773811518
14611121	0.00575753103923654
14611910	0.0023543816202324
14612781	0.00202027301482439
14613061	0.00287994368431059
14614021	0.0362808509392776
14616890	0.00303431069624487
14617331	0.00599366605515401
14618551	0.00181283078634271
14620071	0.00162710925714171
14620470	0.00155237400725456
14621820	0.00234365361193263
14622561	0.00987220878443128
14622971	0.00283336374766144
14624860	0.00718939043592791
14626370	0.00361333259393002
14629120	0.00165192054482423
14629331	0.0015951445670861
14631060	0.0079420939242985
14633160	0.00727266820995598
14633290	0.00162907245942165
14637410	0.00251938999045959
14638670	0.00350110466696886
14639070	0.00239530242935174
14640091	0.00373180967197823
14640430	0.00247822728483704
14640491	0.00510621110076362
14642551	0.00155237400725456
14642810	0.00325401887593602
14643541	0.00272267074459757
14643640	0.023802871031587
14643951	0.00156492173366445
14644621	0.00155237400725456
14644641	0.0349602891898364
14644990	0.0015951445670861
14645970	0.00435611989797012
14648880	0.00297751157925729
14650110	0.047137125811594
14650281	0.0295146688337397
14650650	0.00263959785573899
14652231	0.00240155778170303
14653700	0.00296862134970446
14653840	0.0015951445670861
14656891	0.00533060442349746
14661741	0.00356888914520245
14662851	0.00253214470895256
14663661	0.00455369667949158
14664481	0.0490754417633
14665530	0.00155237400725456
14666220	0.202820902166739
14668590	0.00255727647129085
14668621	0.00863563573732649
14670271	0.00155237400725456
14673530	0.00276431560364856
14673560	0.00159187222023563
14673670	0.00155237400725456
14674571	0.0150313996773562
14676081	0.00247262705954263
14678001	0.00683615203903963
14679780	0.00179194806063001
14681331	0.00234831462189553
14684010	0.0015951445670861
14684860	0.00160599552680646
14688850	0.00237337944950942
14689991	0.00397135478212926
14692481	0.0019785577952141
14694131	0.0173184434606241
14694431	0.0015951445670861
14695480	0.0057115059809374
14695620	0.00467384756237757
14698151	0.00425587898857497
14700990	0.00329223151384545
14701980	0.00155237400725456
14702080	0.00162676769282429
14702110	0.0060257719616469
14702400	0.00170346853924013
14702520	0.00385133115696358
14703050	0.00235248401537316
14703231	0.00260084922269394
14704061	0.00402593639262387
14705800	0.396525800202083
14706080	0.00801475673408326
14708430	0.00514691620773828
14708700	0.0187264171890952
14709451	0.00159038965011815
14710011	0.00685593849074316
14710090	0.0015951445670861
14710230	0.0106867247165847
14710240	0.0464468160171459
14711080	0.0015951445670861
14711750	0.00366659274738037
14712211	0.00298088124442681
14712351	0.00288190354612576
14713980	0.00374529711551122
14714841	0.00259406854477456
14716600	0.147525736535596
14716761	0.00377239666882927
14717820	0.00624920341173328
14718670	0.00184742782042367
14719080	0.00252309625361571
14721871	0.00249425960823801
14723890	0.0015730297093444
14724980	0.00365315623186226
14725680	0.00249007277860842
14726090	0.00155237400725456
14726151	0.0163820462314386
14727880	0.00359245192915998
14729120	0.0247416239734672
14729150	0.00609801716150401
14731480	0.00391537499340695
14731921	0.0015951445670861
14732191	0.00214101689106243
14732351	0.00202847170564384
14733970	0.00206258606149631
14735941	0.00398300332288811
14737601	0.00320539539014026
14740341	0.00252389416191218
14741980	0.00187466022611321
14742900	0.00162710925714171
14743251	0.00155237400725456
14744061	0.00261326634436371
14744290	0.00271452946277124
14748600	0.0150305053144621
14753031	0.00251805784133518
14754541	0.0029697435755572
14757120	0.00155237400725456
14757420	0.00338888711454104
14758650	0.00155237400725456
14758770	0.00475691981673196
14759600	0.00156237360833281
14760891	0.00281217016184016
14761670	0.00540840259148943
14761700	0.00332726244713317
14761810	0.00279049729033279
14761950	0.012788477534741
14762390	0.00190292549775006
14763590	0.00155237400725456
14764140	0.0231881159000738
14764881	0.00794354285951393
14769451	0.00278752079682399
14769981	0.0166847973286017
14772901	0.00158005441163005
14772980	0.0024627437275963
14773520	0.00155237400725456
14774510	0.00174606287040451
14775490	0.00720812858371675
14776450	0.0029355767543356
14778250	0.00334158432165697
14780891	0.00235750113942757
14783600	0.0016925137400988
14785301	0.00155237400725456
14787490	0.00998660493359189
14788160	0.0229580609611817
14788180	0.00168292280903356
14790551	0.00395186094669701
14792000	0.0799069509533811
14792471	0.00682434848068693
14794790	0.00155237400725456
14794971	0.00436770782905666
14795450	0.00161790414290756
14796621	0.00779385753408942
14797171	0.00155237400725456
14799340	0.00155237400725456
14802391	0.00412064761347793
14802421	0.00419655029280809
14802910	0.003572494994318
14803310	0.00199630590434206
14803511	0.00179979029548938
14804690	0.00389872110457056
14804710	0.00300483982383546
14807620	0.00279572911770461
14807760	0.00340885070471107
14808071	0.00260984083013024
14808730	0.00216881757318421
14809011	0.0028202881453717
14810401	0.00407527566388507
14810910	0.00230491929122909
14811781	0.00227544005651831
14815651	0.00495794140460881
14819921	0.0577661858651451
14821000	0.00295403804560374
14821250	0.00155237400725456
14822240	0.0375087985491599
14824461	0.00351416269896428
14828751	0.00257092282488984
14829520	0.00155237400725456
14830080	0.00155553736144322
14832471	0.0015951445670861
14834630	0.00275111058391949
14836160	0.00940567674540617
14836761	0.00242957798688078
14837510	0.00314248798468793
14837790	0.00274445574263542
14838380	0.00155237400725456
14839040	0.00466917653910123
14839781	0.00238748932551955
14840690	0.3912182050252
14840710	0.00156096868154157
14843200	0.00182335888053486
14843371	0.00159860748902245
14843931	0.00264304076727722
14844201	0.0347177977322957
14844280	0.0179010324697664
14849841	0.0932784414197392
14851860	0.00353228425796177
14857120	0.00255575232637881
14857270	0.0066490256308462
14857711	0.0161686705069903
14857930	0.00271567473600925
14858380	0.004510984054702
14859480	0.00326052177159125
14861940	0.00222666133081505
14865820	0.00682639424690672
14867030	0.00339371890230691
14867101	0.00295361052179755
14867860	0.00247161596173185
14868430	0.00279871632863773
14869141	0.0015866401352983
14869971	0.0015951445670861
14870210	0.00791699111407694
14870261	0.00303735298792829
14870490	0.00413417854799078
14870640	0.00159511593342433
14873171	0.00283310214874702
14875320	0.00363313920979014
14876160	0.0015951445670861
14876690	0.00599386592567534
14878060	0.00180570853493132
14882060	0.0103296776425855
14883740	0.00267189777458868
14883781	0.0015734928363488
14883791	0.00520304084575623
14886131	0.00155237400725456
14886640	0.00261813576203362
14887590	0.00254273701576838
14890780	0.0021406240941862
14895050	0.00245843843141744
14897270	0.00719588213173076
14898541	0.00250100179856836
14898821	0.0249772917569744
14898910	0.00160540748339551
14899580	0.00734225993077862
14900201	0.0348996501210009
14904321	0.00155237400725456
14904570	0.00279942242681263
14904820	0.00464742934851905
14906521	0.00179768500513539
14906910	0.00637211145795553
14907351	0.0036685723057413
14909011	0.00204872450848546
14909831	0.00557221032736617
14909930	0.00500044127627675
14910951	0.00542063830374119
14911761	0.00276835367462079
14911911	0.00284719153335883
14913981	0.00155237400725456
14916690	0.0765438237916558
14917691	0.0025676502707722
14917851	0.00354545464018402
14919040	0.00155237400725456
14920570	0.0015951445670861
14920710	0.00406871813480941
14922370	0.00343183330783298
14925141	0.0688955943166917
14926370	0.0025711706114492
14926900	0.00239740191486784
14927180	0.00283966397635171
14928550	0.0026793675741075
14929021	0.00248144619911944
14929130	0.00322399363769926
14931901	0.00398252839596735
14932970	0.00159038965011815
14933930	0.00247804579133409
14935180	0.00330189663260578
14935501	0.00308115067698471
14936280	0.00390249555286088
14937701	0.00916229962518934
14938220	0.053243060043609
14939590	0.00416192309968474
14939771	0.00302758309946017
14939911	0.0015951445670861
14942910	0.00155553736144322
14944031	0.00155237400725456
14944420	0.0107181596401502
14945910	0.092516971167939
14948990	0.00355433634631374
14950121	0.00563878196341353
14950511	0.00155237400725456
14951320	0.0046389467055671
14951720	0.00157753162078369
14953360	0.0015730297093444
14955330	0.00244271416628782
14955600	0.00161790414290756
14957281	0.00163308848355139
14959061	0.00249124936648441
14959501	0.003537544991705
14959710	0.00161790414290756
14959730	0.00168884549848702
14959880	0.00352280002761269
14961650	0.00155237400725456
14963590	0.00155237400725456
14963720	0.00155237400725456
14963990	0.0107707044687283
14964010	0.00308866488152549
14969390	0.00190810823928182
14970111	0.00408529594752384
14973090	0.00239104804661965
14974671	0.00155237400725456
14975050	0.00270593658135627
14975720	0.00155553736144322
14982511	0.0034862403312243
14983501	0.0015951445670861
14984680	0.00155237400725456
14985681	0.00681712560960534
14986811	0.00189836311607787
14987450	0.0015951445670861
14987570	0.0015951445670861
14987590	0.00245837765457822
14987990	0.00280033193807834
14989770	0.00210596348938616
14989831	0.0581961795390717
14990531	0.00788756457361836
14992140	0.00239078182030382
14992991	0.00587009701313524
14994070	0.0136515704570549
14994750	0.00184443719567933
14995020	0.00182875590172972
14995590	0.00182138026341129
14996311	0.0114836489273009
14996581	0.00471547105821189
14997411	0.00526772035548337
14998190	0.00596774031528661
14998610	0.0015951445670861
14999631	0.00160731506519144
15000670	0.00422890335238527
15001681	0.00384589940499418
15001940	0.00165919682620973
15005380	0.00257611457871016
15010121	0.00177838324211498
15010381	0.00179471211735903
15010490	0.0015951445670861
15010910	0.0991875480370308
15011040	0.00198237937595302
15011320	0.00267270850683375
15011631	0.00189176007156876
15011720	0.00156492173366445
15012130	0.0024794261734555
15012660	0.00534483619330849
15015040	0.00634131890941147
15015761	0.00701410109280137
15017011	0.00398192202949194
15017261	0.00162951376467052
15018511	0.005941549181096
15018921	0.00169820255442138
15020260	0.00362935790898839
15020290	0.0020248945603555
15020700	0.00155237400725456
15022241	0.00195945435082592
15022480	0.140432652945667
15023420	0.00179563606898351
15023850	0.00255243929624287
15024120	0.00180215193271313
15026490	0.00155237400725456
15026610	0.00275111058391949
15027491	0.0135047741124801
15028010	0.0048433548126144
15030080	0.0116394928641502
15030651	0.00155237400725456
15034080	0.00173756824719739
15034531	0.00412923051102731
15036660	0.00155237400725456
15039320	0.00698949051077562
15040820	0.00577131066724048
15041490	0.0789617185529612
15042320	0.00283094775429117
15042651	0.0015951445670861
15042870	0.00207643156923948
15043891	0.00369333585674314
15044250	0.00155237400725456
15048950	0.00226025318721788
15049401	0.00180570853493132
15052321	0.00377156970452578
15052571	0.00155237400725456
15052810	0.0101132094256653
15053910	0.00305089445872444
15055840	0.419274938621042
15058880	0.00164131569759642
15060161	0.00691375290929117
15061691	0.0134689371734301
15063580	0.00155237400725456
15063850	0.00472913341355448
15065080	0.352552929029655
15065131	0.00266941010178569
15065531	0.049401713047577
15065640	0.00814146616952736
15067160	0.00428171379443524
15067730	0.00381641370389878
15068670	0.00492151802239554
15068690	0.00397747511924604
15069240	0.0132849233772922
15069370	0.00292147644905478
15069780	0.00462854780488776
15070060	0.00161227503833834
15070381	0.0023543816202324
15070620	0.00256221755988349
15071440	0.00155237400725456
15072431	0.00337111971412092
15072721	0.00156944749594279
15074760	0.00155237400725456
15075191	0.00292827218870525
15075290	0.00167692722740313
15076120	0.0028469620974177
15077220	0.258754404862991
15082900	0.00239966428991673
15084690	0.00173513934226526
15085240	0.00625101678268521
15087621	0.0283169198739259
15089490	0.0114737683886999
15089910	0.00248855733768241
15092311	0.00694648156487665
15094511	0.00190248637856167
15097210	0.00164724249682776
15097930	0.0024694426427031
15098771	0.00158978382148008
15099280	0.00569864864206887
15100701	0.00156890846419704
15100930	0.0019077999192822
15101620	0.0100308341268776
15102610	0.00155237400725456
15105961	0.00963880189491025
15109131	0.00241558377332024
15109551	0.00560011638065829
15110781	0.00284124699963192
15111751	0.0590401887327535
15112171	0.00775247025308442
15113200	0.00346799769843519
15114210	0.00378486644148326
15115871	0.00161790414290756
15117951	0.00635004195133365
15121271	0.00402544150327659
15122180	0.00275845932954091
15122720	0.0348349415221181
15123761	0.00155237400725456
15124110	0.00298819717883787
15124120	0.00298307669209448
15125141	0.00764783965519309
15126760	0.0017418437623365
15126860	0.00155237400725456
15127751	0.00366447533878157
15129520	0.00161136124033963
15132120	0.00255081283313873
15134921	0.00159456948129079
15135461	0.00170059148177451
15137520	0.0030175034162126
15139741	0.00155237400725456
15139980	0.00577417912577389
15141620	0.00227081603165741
15141920	0.152813390413301
15142190	0.00206960392060716
15142480	0.0153433611736419
15143010	0.00240876016773591
15145811	0.00157096948346085
15146091	0.0117927580792272
15146760	0.00710852986404804
15147020	0.0105809095832517
15148971	0.00347917332360959
15150081	0.00357960571822694
15150320	0.0555415993233551
15151960	0.00199965059227447
15153801	0.00155237400725456
15153920	0.00518102972631679
15154440	0.0162097302089
15154921	0.0018388337003945
15159270	0.00362751485720496
15159741	0.0015951445670861
15161930	0.00155237400725456
15162450	0.01102473215784
15162771	0.0059564636004908
15166081	0.0317409222816776
15166631	0.00256825162535422
15170860	0.00539093040340826
15171881	0.00156492173366445
15172171	0.00156944749594279
15173340	0.0015951445670861
15175591	0.00339584827010691
15176380	0.00155553736144322
15177610	0.0022346761088084
15178091	0.00241026274715514
15178190	0.0103179917149189
15179290	0.00311641996602435
15179990	0.0091763069504316
15180240	0.0015951445670861
15183871	0.00884223507679884
15188110	0.00174568269171535
15189360	0.00163572924057256
15190880	0.00360841433543608
15193131	0.0529483867679456
15195710	0.0159200403633292
15197620	0.00357075687117814
15200380	0.00207300604415093
15200940	0.0717466820214588
15201131	0.00295608162309537
15201230	0.00258964192672595
15203850	0.00282215470549328
15204530	0.00429113749587999
15204571	0.0025765773423956
15205610	0.00188816049725199
15205681	0.00155237400725456
15206231	0.00155237400725456
15207440	0.047827535520847
15208230	0.00391732513801884
15208800	0.00170155958910055
15209370	0.00422462654505222
15210460	0.00552490715730315
15211451	0.0234052403271469
15211990	0.0024536610391089
15212640	0.00382245998557926
15213070	0.00830521908522605
15214600	0.0015951445670861
15216680	0.0029956332283353
15216981	0.0015951445670861
15217360	0.00395092781429624
15218450	0.00161337912620969
15218781	0.00156970651349801
15221480	0.00155237400725456
15222330	0.00707592349538925
15222341	0.00155237400725456
15224831	0.0020288605219153
15225200	0.00285396811696197
15225740	0.003898205889
15225780	0.0015951445670861
15230740	0.00255627798902691
15231171	0.00203360156608194
15232021	0.0017494498479853
15234491	0.00174092603610221
15234570	0.00411244271960766
15234590	0.00500228312399585
15234730	0.00262497153884985
15235260	0.00171372578345104
15235280	0.00639994444269524
15236301	0.0036490763428125
15238990	0.00525610906828324
15239270	0.0222659560855039
15239440	0.00155237400725456
15239581	0.00679430017680144
15240971	0.00155237400725456
15241600	0.0091339897144551
15242450	0.00213964962017214
15243461	0.00264103064880192
15246091	0.00155237400725456
15247010	0.289578491185373
15247810	0.00421659127850197
15248670	0.00268493466367001
15249760	0.0114262841761352
15250341	0.00488505026396615
15253661	0.0015951445670861
15255331	0.00189056059844216
15255881	0.00155237400725456
15257600	0.00665836592172451
15257890	0.00393581077749237
15259260	0.00163354108210148
15259471	0.00459063380799311
15260370	0.00156492173366445
15261080	0.00418794461684697
15262611	0.0172193619411476
15263530	0.00155237400725456
15263670	0.0015730297093444
15263680	0.0025147742793266
15265080	0.0015951445670861
15267031	0.00306633344294567
15271041	0.00201649172612382
15272390	0.00363658160269909
15273101	0.00534191219808692
15275670	0.00244249763030453
15276841	0.00155237400725456
15277900	0.00319540443666883
15279410	0.00155237400725456
15279420	0.00256644811098832
15280360	0.00249287130653603
15282190	0.00249952865715417
15283250	0.128764540199385
15283960	0.00158849055118627
15284001	0.00155237400725456
15284240	0.00714297054989676
15285060	0.00372882741178066
15285630	0.0017136729543987
15287581	0.00283845785721534
15287731	0.00173834399265541
15288360	0.0167750844410569
15289210	0.00519161572439444
15291400	0.00237682188390536
15291991	0.0015903776169663
15293200	0.00384127427448235
15294720	0.00294389974194979
15294891	0.00239677808624341
15295010	0.00266554577990843
15296260	0.00366045328985259
15297640	0.00160959599796996
15297941	0.00346875842221546
15298061	0.00456258973886369
15298320	0.00173100541799463
15298840	0.00272908117006113
15301921	0.00158343101199194
15303601	0.0104844137944656
15304120	0.00155553736144322
15306010	0.00184462990695697
15306221	0.00315812280895269
15306471	0.00506396253250069
15307041	0.00252007375877476
15307591	0.00242728930229492
15308390	0.00156492173366445
15308660	0.00765382710262521
15308910	0.00211627639904876
15309641	0.00161403476886127
15310481	0.00155237400725456
15311110	0.00159860748902245
15311280	0.00284042283297492
15311940	0.006543311170217
15312910	0.00272193532078888
15315000	0.0024303006589464
15315021	0.00158084083504688
15315400	0.00363798249999271
15317801	0.115839596397056
15318191	0.0287956549408831
15319041	0.115416107258344
15319270	0.00326512204692302
15319560	0.0015730297093444
15319581	0.00181116485512676
15321350	0.00156492173366445
15321610	0.00157096948346085
15322020	0.00301646082445971
15325040	0.00308325894824353
15325070	0.00189905703573439
15325511	0.00252218134387218
15327171	0.00282210634960245
15327311	0.00248694915857532
15327840	0.00346492418672361
15328220	0.0033143519811006
15329190	0.0015951445670861
15331950	0.00501412977548858
15332490	0.0015730297093444
15333450	0.0015951445670861
15333730	0.00157753162078369
15336800	0.0055982607043278
15337470	0.00192814381842113
15338351	0.00213581888276602
15338430	0.00447869186574371
15338830	0.00180215193271313
15339451	0.00279541737638313
15341180	0.0029012387868333
15341450	0.00161136124033963
15341740	0.00261533280031613
15343250	0.00353970537471247
15343991	0.00254113432220457
15348500	0.00248204266859828
15351270	0.00158348298842786
15351731	0.0100018351908714
15352011	0.0117043367998722
15354020	0.00156096868154157
15354180	0.00245169792760042
15354481	0.00347062716020661
15354570	0.0104255277280696
15354720	0.0015951445670861
15356380	0.0674846722958143
15358990	0.00188315341800383
15359591	0.00170148852567535
15362440	0.0365035124526369
15362751	0.00345254794236087
15363031	0.0129215906797631
15363841	0.00358101692167654
15363960	0.00336832256745019
15365320	0.00240077466093919
15366881	0.00232011157800853
15368920	0.010490327048477
15371380	0.0108626741039907
15371660	0.00156512401636283
15372900	0.00310520794146183
15373210	0.0017933827741313
15373600	0.00481476598410004
15376920	0.00155237400725456
15377310	0.00196435221029089
15379021	0.00411832381935194
15379130	0.00388558466933042
15380551	0.00238205352773654
15382751	0.0128028106164857
15384070	0.0105162027328347
15384370	0.0169810685280447
15384411	0.0015555393404284
15386341	0.00853995637551726
15386550	0.00155237400725456
15388681	0.00249609284989075
15388790	0.00324423386915905
15389931	0.00155237400725456
15391260	0.00255170597955863
15393610	0.0146863384398219
15394030	0.00155237400725456
15394621	0.0023543816202324
15396230	0.00292957733146211
15396531	0.00917485145871324
15397580	0.00268061462144668
15398450	0.0315439792232485
15398550	0.00155237400725456
15398730	0.00155237400725456
15399721	0.00155237400725456
15401641	0.00161790414290756
15401661	0.0457621951074777
15401900	0.00396186791804457
15402321	0.00233529289300134
15404691	0.00183017661201907
15406140	0.00182335888053486
15406550	0.00155237400725456
15406690	0.0112889926306143
15409350	0.00156492173366445
15410170	0.00407050593177192
15410550	0.00424041191368237
15411800	0.0025111331182918
15412360	0.00652729872803457
15415701	0.00308962431744754
15417470	0.00247803388302178
15423280	0.00443851867981906
15424240	0.00388070735211171
15424520	0.0028582961115284
15426030	0.00533804557835935
15427280	0.00155237400725456
15427400	0.00156096868154157
15428500	0.004651185900512
15430891	0.0071072406616332
15431140	0.00460050345107672
15431171	0.0202805754175707
15434170	0.00158447805781027
15434191	0.0277979812273581
15435571	0.0015569101408339
15437740	0.00156970651349801
15438461	0.00247722178709282
15441450	0.00439016294026518
15441651	0.00593310729965215
15442181	0.00155237400725456
15444090	0.0015951445670861
15445600	0.00215711619316471
15446010	0.021415386411433
15446051	0.00174958849760321
15446290	0.00156944749594279
15446751	0.00155237400725456
15448531	0.00200744638103969
15448620	0.00475288333457377
15449371	0.00256657756862146
15449600	0.00324939070845756
15452380	0.0348645526381265
15452480	0.00364894400867292
15452661	0.0990262028198418
15452890	0.00241324789923676
15453911	0.00494777578999938
15455230	0.00242697557390349
15456661	0.0210786759169289
15456780	0.00155237400725456
15459431	0.00383550756634005
15459780	0.00378926104692438
15460090	0.00752893369952343
15460951	0.00155237400725456
15463950	0.0164265417656991
15463971	0.00176973500108201
15466550	0.00360839881123928
15469030	0.00253038950344406
15470140	0.00292910602692731
15471301	0.00459626503220649
15471510	0.00392820397422421
15475390	0.00235272792583762
15478300	0.00363544978192342
15478820	0.00278669233218567
15479260	0.002493015414273
15480770	0.00410081510937763
15481320	0.00559665169185503
15481340	0.00482809685373716
15482710	0.00910210127736539
15483230	0.00768139261818986
15484131	0.00228377695979878
15487551	0.0176519984675232
15488230	0.00269564631674409
15488880	0.00284108509327628
15490201	0.00353566604024037
15491120	0.00287765659590506
15495141	0.0072579349454588
15497050	0.00280992704115761
15498000	0.00280916805361737
15498201	0.0024202761493276
15498540	0.0104411950317992
15499011	0.00246774396969189
15499680	0.00556184384322743
15499800	0.00156492173366445
15501160	0.00155237400725456
15502051	0.0111861717973918
15502710	0.00197707611660448
15504541	0.00406925753704295
15505310	0.0042985048158786
15506420	0.00479939784961492
15507380	0.00196850681561654
15510440	0.00369040538980717
15512610	0.00474547859155383
15513030	0.00284142800248691
15514130	0.00180215193271313
15514311	0.00237682188390536
15516480	0.00228888039530508
15516640	0.00242908314480647
15519001	0.00155237400725456
15520360	0.00299273459226309
15522960	0.00156096868154157
15523551	0.00172193400096775
15524261	0.00170084657058309
15525081	0.00282696485655898
15525190	0.00204671194078513
15525501	0.00240155778170303
15527660	0.00487695046553222
15528261	0.00456955877602812
15529750	0.00229981290657871
15530451	0.0148564433070057
15530990	0.0127319816766672
15533071	0.00300046798868984
15535360	0.00155237400725456
15535380	0.00158435236603143
15536391	0.0319987513673117
15537771	0.00161549550518002
15538331	0.0024052918294658
15540890	0.00464705180516337
15541440	0.00400529248776988
15542311	0.0585385874722865
15542321	0.00325286014310189
15543131	0.0015951445670861
15543370	0.0163225835584262
15547291	0.0064227690715683
15547770	0.00155553736144322
15548401	0.00161248308477835
15550690	0.00156492173366445
15552070	0.00380905909543112
15552780	0.00299652556330928
15553771	0.00445941156884382
15555141	0.00323848838171537
15555500	0.00441600721736311
15558560	0.00153569609248706
15558741	0.411238812261548
15559370	0.00293124474837359
15560231	0.0612809174553376
15565150	0.0015951445670861
15565840	0.00528569704632936
15565870	0.00194272567357522
15566851	0.00366949123569048
15567920	0.00283056080408426
15568490	0.0363458839460383
15569190	0.0612982312678302
15570120	0.00600400667411163
15570581	0.00306908771534922
15571271	0.0050835370481447
15573471	0.00317631218494607
15573901	0.0015951445670861
15574430	0.0411458029133768
15576630	0.0015951445670861
15576651	0.00177269998663979
15577170	0.0137046681145288
15580661	0.00303312223174768
15580760	0.00704932261891931
15581880	0.00155237400725456
15583920	0.00274397817178
15585501	0.00551304148063426
15586010	0.011158044933545
15588880	0.00155237400725456
15588910	0.00512082208460715
15592801	0.00423119504834642
15596880	0.00369974458206273
15598441	0.00176649741466891
15599090	0.00334239995973314
15599701	0.0015951445670861
15600220	0.0114806953550749
15601850	0.00363548900265506
15604231	0.00321506112425569
15604470	0.00507109077309089
15605071	0.00246093941358294
15607630	0.00431306893263999
15608630	0.00295456676737916
15609061	0.00156096868154157
15609290	0.00355305919240802
15609590	0.00155237400725456
15610161	0.00313890077612122
15610451	0.00333605659098678
15610820	0.00372719106462512
15612340	0.00155237400725456
15613180	0.00170505657638831
15613700	0.0101173382240314
15615650	0.0017755379743728
15616251	0.0183292021425029
15617201	0.0237687263420034
15619131	0.00359854903174464
15619370	0.00274711745738023
15623561	0.00293685162645784
15626940	0.00157753162078369
15627100	0.0141809875407665
15627691	0.00155237400725456
15629730	0.00376080593617885
15631760	0.00390606187179953
15632910	0.00538896798858462
15633150	0.00155237400725456
15634000	0.00604765743056055
15634451	0.0015866401352983
15635490	0.0055581887441977
15636070	0.0216646689875244
15641310	0.00263570489178818
15642110	0.0032874618747357
15642270	0.0015951445670861
15642280	0.00270990253120664
15644740	0.00161227503833834
15648371	0.00169981682818008
15650700	0.00155237400725456
15651811	0.00238559352966364
15653201	0.00155237400725456
15653460	0.00155237400725456
15654970	0.00239467323414752
15655210	0.0015951445670861
15655640	0.00654913348523199
15655831	0.021640806988244
15658010	0.00246493122399774
15658711	0.00202758179765581
15661191	0.00481804263674304
15665891	0.00185031245651698
15666260	0.00351731282249967
15666800	0.00252559038895164
15666861	0.00460088478851815
15666940	0.00319088501030844
15667770	0.0038097822902293
15668190	0.0109192445423164
15668511	0.00158348298842786
15668880	0.00161928266693624
15669020	0.00161693915296838
15670800	0.00350123588786527
15673201	0.00236622687588166
15673560	0.0015951445670861
15674280	0.00156241468314722
15674410	0.00647332611311405
15676101	0.00341503171970297
15676511	0.00577288059066346
15676641	0.00161227503833834
15678660	0.00509082096630976
15680511	0.00163422399842511
15680620	0.00444846079352606
15681840	0.00444738476163788
15684170	0.0015951445670861
15684350	0.00217282972025063
15687370	0.00179971591678004
15687620	0.00272873899336825
15688210	0.00156970651349801
15688610	0.00157575414547598
15691360	0.0158919176427887
15693420	0.00241043085988321
15693440	0.00231803940519119
15694021	0.00166939059660857
15694161	0.00156944749594279
15694311	0.00155237400725456
15694571	0.00170028342911251
15696771	0.00155237400725456
15699110	0.4869058645884
15699780	0.00155237400725456
15699811	0.00485757087648472
15700180	0.00156890846419704
15703790	0.00392029811275403
15704501	0.00170371083561694
15704600	0.00314011850046261
15705201	0.0017478024448958
15706970	0.00336162754931632
15711121	0.00343596977219086
15711141	0.00158898717948595
15711251	0.00343729008592822
15714380	0.00158779241557088
15721201	0.0025131769380341
15721621	0.00452758826674687
15722100	0.0205408961821017
15723520	0.00301088316575065
15723900	0.00361990157525148
15724381	0.0139897689622282
15724631	0.00275498186208737
15725591	0.00272873899336825
15725720	0.00155237400725456
15725970	0.0015951445670861
15726171	0.0209068356872664
15728170	0.00240490201670216
15728860	0.00912812990763182
15728911	0.00403524549515519
15729710	0.0067820597636461
15731111	0.00155237400725456
15731531	0.00680489664782284
15732310	0.00276424518338619
15732791	0.00167475163985146
15735510	0.0167936503092474
15735531	0.00292931702547075
15736921	0.00279897505534814
15737980	0.0165378535082525
15738820	0.00254699762399943
15739510	0.00290753530397789
15739900	0.00156970651349801
15740470	0.00299049651793115
15743070	0.146212213409587
15744340	0.00274923867394392
15746441	0.00258128003679163
15747111	0.00155237400725456
15747541	0.00254449238981379
15747750	0.00209761759875507
15748211	0.00302161547157643
15749341	0.0024424625920255
15749430	0.00498463491086718
15752160	0.00155237400725456
15755500	0.0519916564696114
15756101	0.00282727596321666
15756491	0.00155237400725456
15758421	0.00786569225670941
15759811	0.00166709145285243
15760200	0.00272868903112293
15760491	0.00165988721874779
15761731	0.00334802020015424
15762410	0.00238932355713092
15763541	0.00682913094273459
15763890	0.00244250790532996
15764600	0.0441845250079712
15768860	0.0015951445670861
15770370	0.00271162980753032
15771200	0.0076385447727439
15771640	0.00155237400725456
15771681	0.00721630727438606
15772180	0.00457280504865061
15772651	0.00180570853493132
15772870	0.00403389176813648
15774031	0.0133232688404569
15774851	0.00155237400725456
15774971	0.00304029327921726
15775340	0.00246101646298068
15777430	0.00211057335718203
15779910	0.00759614425488012
15781171	0.00156890846419704
15782100	0.316909507957841
15782151	0.00299393772825365
15782841	0.00236403303751652
15783060	0.0015951445670861
15783370	0.00265961745929532
15783650	0.00269212645734179
15784200	0.00413483555223756
15784850	0.00240077466093919
15785270	0.00699564432277063
15785731	0.0015951445670861
15788580	0.00848132209842932
15789051	0.00166326929329958
15790660	0.0015951445670861
15791951	0.00246887161385444
15794660	0.00343761043978373
15795681	0.00302986404319079
15795740	0.00249061188400312
15796761	0.00264632823611286
15797061	0.0154633167467609
15798400	0.00490743747645404
15801680	0.00155237400725456
15801881	0.0121305023259224
15802640	0.00231803940519119
15806011	0.00350206576125773
15807230	0.00161505113448967
15807740	0.0016397194642947
15810540	0.00299874278150799
15813611	0.00157096948346085
15814820	0.00255461816958752
15816300	0.00197293914023423
15818530	0.00155237400725456
15818691	0.00333166718126296
15823490	0.00155237400725456
15823640	0.00251804255803362
15824891	0.00163500431020622
15826100	0.00251810049934691
15827531	0.0015951445670861
15837191	0.002500383301155
15840061	0.00422649379279834
15841430	0.003236437096701
15841810	0.00158348298842786
15844040	0.00399747520206221
15846971	0.0304165489597545
15847460	0.00329925793611761
15848720	0.00155237400725456
15848751	0.00709060779108382
15848761	0.00416868738117168
15849031	0.00275712595057112
15849311	0.132428590434257
15849850	0.00252593429470705
15852850	0.0232720933087372
15853570	0.00503657448491817
15853861	0.00453380208602002
15854080	0.00258370340177988
15854120	0.00379034737089639
15854220	0.00161403476886127
15854640	0.00950569041828952
15854930	0.00155237400725456
15856600	0.0360463598062589
15857191	0.00155237400725456
15857851	0.00291232438612855
15858541	0.00343293837262343
15861881	0.0314187831444562
15863121	0.0242220688971838
15863190	0.00155237400725456
15870011	0.00409824048644042
15870131	0.198078464125038
15871111	0.0324701649091046
15872040	0.00159769547950879
15872911	0.00611593179501595
15873881	0.00970603013862355
15875231	0.0015951445670861
15875360	0.00607937875413859
15875801	0.00352964338956858
15875931	0.00155823154868181
15877260	0.00798304163081089
15877410	0.00705065521593606
15877800	0.00900820991617627
15878910	0.00158343101199194
15879320	0.00266987262820521
15880611	0.00342530609034003
15882561	0.0057178734236713
15882821	0.00243703490548068
15884290	0.00261948474883393
15884621	0.0170680620648731
15885970	0.00746114648822541
15886260	0.00346304255118295
15886770	0.00293469445322905
15887220	0.00155237400725456
15887770	0.00157966694818515
15888840	0.0667226296997597
15891500	0.00161227503833834
15891931	0.00588956837650021
15893871	0.00275175678605148
15896290	0.00241043085988321
15897670	0.00448818414255558
15901400	0.00155237400725456
15901410	0.00337651694390746
15901461	0.00332611977926805
15905410	0.00644361099698026
15906650	0.00437669192725803
15908860	0.00155237400725456
15910800	0.00243624786359465
15911220	0.00155237400725456
15911231	0.0026175077213789
15911490	0.00352770592463275
15911641	0.0035107249293323
15911781	0.00400906107278862
15912071	0.00246763902212142
15913441	0.00555320338516987
15913581	0.00326008640412504
15914151	0.00155237400725456
15914701	0.00634599770402943
15914920	0.0028168179889564
15916491	0.00630195781971462
15916751	0.00546969456633052
15917110	0.00651872909781398
15919480	0.00746940943732749
15919511	0.00157762610480311
15919740	0.00176902668289254
15921550	0.00157753162078369
15922910	0.00246417265639657
15922961	0.00456718708594904
15924600	0.00173633875045228
15924840	0.0267678400099995
15925550	0.00799539057485097
15925861	0.00311021035432431
15926940	0.00447483088903114
15927241	0.00326535161447996
15927330	0.00370366789841373
15927460	0.00408156654453362
15928440	0.0104385611892877
15929041	0.0135501526925131
15931391	0.00210355114367189
15931910	0.00155237400725456
15932420	0.00231188847346858
15932970	0.0265806776190593
15934780	0.00271867797826914
15935091	0.00161136124033963
15936030	0.00374031551391845
15936061	0.00172243100231999
15936990	0.00287029696898775
15938421	0.389754158492519
15938800	0.0159398992574946
15943630	0.00288284201786249
15943931	0.00155237400725456
15944341	0.00291732697967011
15946630	0.0016651426499201
15947630	0.00155237400725456
15948040	0.00870713434782801
15948331	0.00239530242935174
15948901	0.00156096868154157
15950531	0.00341625122685601
15952980	0.00355473120495927
15953700	0.00241619823255617
15953851	0.00302195641804843
15958121	0.0024686218237464
15960570	0.00260921823561149
15963921	0.00252294778991401
15964351	0.00608861892542508
15965011	0.00341005896072767
15966240	0.00646412491445106
15968290	0.00305799682367223
15971200	0.00346244060295191
15973591	0.00332647786373816
15974770	0.0876322609945012
15975221	0.00292154344298767
15975501	0.00183570330478416
15975771	0.0017247359887256
15978961	0.00407809133234518
15979921	0.00823497483214594
15980191	0.00155237400725456
15984860	0.0071481033301067
15986650	0.0017099230547303
15987450	0.00267723852742738
15989301	0.00264572362154127
15989830	0.00586895124197069
15990780	0.00494824895681408
15992580	0.00915484513538871
15994780	0.0223933750231417
15995101	0.00155237400725456
15997680	0.00377209266087754
15999781	0.00337982562374949
16001380	0.00155237400725456
16002251	0.012460313784183
16002691	0.00975573945423054
16002780	0.00161893439725872
16003091	0.00155237400725456
16003241	0.00755202774776367
16004020	0.00243292590863095
16004181	0.00430048775025777
16005280	0.00648277683585797
16005400	0.00248462184428411
16007880	0.0159074487902442
16011501	0.00324937509357236
16012181	0.00182335888053486
16012990	0.00251405645779819
16015081	0.00317386289704301
16015610	0.00296619241342705
16016580	0.00155237400725456
16017820	0.00677014128602797
16018370	0.0211799621168347
16019760	0.00156008272409754
16021550	0.00213110868988626
16022500	0.00160540748339551
16022930	0.0224134371762739
16024481	0.00285500072763495
16024580	0.0015951445670861
16026811	0.00431403953620075
16027781	0.00345073102425439
16029171	0.538105461261655
16030271	0.00384462723680415
16032621	0.00308880275515129
16034121	0.00303837457554029
16036601	0.00155237400725456
16038790	0.00606279736885194
16041920	0.00430658709010194
16041991	0.00272873899336825
16042900	0.411447356220164
16045151	0.00272873899336825
16045431	0.00157575414547598
16045691	0.00442583633468457
16045841	0.00652236648113549
16046490	0.00474898835497976
16046801	0.00274658622879969
16047740	0.00940039372913518
16048451	0.00468387231268491
16049421	0.00255862621678622
16050620	0.0100864764068231
16051231	0.00539556697133864
16053561	0.0361029065966
16053691	0.00268529737097862
16054480	0.00256991120019364
16054661	0.0063040974897953
16056331	0.00453831246094216
16056611	0.00258922694666102
16057021	0.00599361984571888
16059170	0.00170033004039975
16059631	0.00355611503007527
16060891	0.0126663972152838
16061130	0.00155237400725456
16062490	0.00207490551368896
16064150	0.00541412797300437
16066200	0.00296768276428061
16066500	0.00300460502583818
16066531	0.00261203593295813
16066941	0.0015951445670861
16068731	0.00201696921054556
16069370	0.0017849673581842
16069950	0.00274658622879969
16070750	0.00273667349177414
16070890	0.00155237400725456
16071211	0.00155237400725456
16072820	0.00155237400725456
16074251	0.00573614677408673
16077380	0.00227831761951331
16078210	0.00413968953251307
16080140	0.00277904616844894
16082101	0.00309527757016982
16083340	0.00156492173366445
16084171	0.00181632436899128
16085500	0.00320509839974344
16086521	0.00370271719992115
16086681	0.00466395993509407
16087430	0.00155237400725456
16087771	0.0027997923789332
16087880	0.0057873152573984
16088950	0.00484139730194217
16091040	0.00492882681269887
16093510	0.00160196540001379
16093691	0.0015951445670861
16094920	0.0116023167647233
16095091	0.0136095864996275
16095870	0.00156096868154157
16095921	0.0484030809894567
16096290	0.00155237400725456
16096400	0.00408653919957711
16097421	0.00303078399403716
16098740	0.0046671840951032
16099570	0.00168796879845679
16101991	0.00326608152288997
16103361	0.00290381130737434
16104741	0.0416393145382439
16105520	0.018665012772981
16106070	0.00176406729354032
16106360	0.00155237400725456
16106370	0.00264296017169365
16109500	0.0032145226705484
16109841	0.00271848499450426
16110340	0.00155237400725456
16111901	0.0023737704238613
16112140	0.00302513232233817
16112430	0.00243359405411029
16113301	0.00803389315456644
16115361	0.0232618519167296
16115750	0.00853180951055971
16115880	0.00459245958507988
16116810	0.0015951445670861
16117431	0.00572970585700494
16118661	0.00172437125488683
16118811	0.00364309142034718
16120020	0.00155237400725456
16120041	0.0126919186627229
16121220	0.00366698527128912
16122190	0.00974799706036637
16122401	0.0267671640607069
16122640	0.0018512796810951
16122951	0.0079978312548921
16123850	0.0032266480158104
16128400	0.00161338880595051
16129431	0.0015569101408339
16130900	0.00156492173366445
16131990	0.00565010162791868
16132850	0.00155237400725456
16134880	0.00308340614118178
16135180	0.0473548283742596
16137370	0.00327603376182694
16140390	0.00254262045283068
16140560	0.00187858131322953
16140741	0.00155237400725456
16142320	0.00308220645315131
16142511	0.00265752889170404
16144031	0.00169381350939563
16145380	0.00364468219542392
16145510	0.00155237400725456
16146231	0.00199996878395986
16150210	0.00186364984875777
16150610	0.00249082540879515
16150760	0.0121978753183924
16150801	0.00172858583733073
16151751	0.00255626792918891
16151761	0.00289853052551272
16152721	0.00262304738174634
16154090	0.00292035449562741
16155010	0.00302996312516696
16155201	0.002707955599571
16156721	0.0015951445670861
16157120	0.0214940017629048
16159201	0.00161636844780264
16159611	0.00238347241907625
16160260	0.00199884435486317
16160670	0.00684924107496454
16163071	0.0080527602235852
16163430	0.00156890846419704
16167221	0.067979363482982
16167911	0.00215131748287609
16170180	0.0670634525603167
16170371	0.00428123893900283
16172000	0.0015636880940227
16172021	0.00563672406641436
16177370	0.00163669495995523
16179481	0.00159187222023563
16179590	0.00222325728273055
16181780	0.00201394116955201
16182091	0.0439108524772093
16182391	0.0343499631840802
16184690	0.00198808937965551
16185971	0.00175037084372489
16190610	0.00555104147758736
16191280	0.0339134689637687
16192871	0.00163887257547285
16193951	0.00155237400725456
16194231	0.0026430149555279
16194360	0.00636852915325747
16195590	0.0614350704438189
16196591	0.00565792349477576
16199071	0.00296802962816876
16199751	0.00166451267348062
16200031	0.00673695797547329
16200130	0.00261723573916623
16200260	0.00172141665465958
16201900	0.00368217000025307
16203751	0.00231548342304939
16206320	0.00234217765417698
16207081	0.004162718166901
16209360	0.00200366560635863
16210050	0.00155237400725456
16211071	0.00325317341486709
16212461	0.00264074539604961
16213510	0.00159033001397309
16215351	0.00671352665431652
16216110	0.0039165439421567
16216410	0.00273162845061662
16218350	0.00307763088161772
16219341	0.00159710380446657
16219730	0.00653341198356749
16221070	0.00334908783700807
16225770	0.0117887962449465
16227201	0.00374973674626164
16230050	0.00184538664758651
16230661	0.00176797790965956
16231030	0.0141205601522004
16231320	0.00202648339046518
16231351	0.0015730297093444
16233070	0.0280418260199798
16233770	0.00261827400340686
16234480	0.00333533573871064
16236140	0.00240250340279363
16237080	0.00155237400725456
16238101	0.00273776590658593
16238661	0.00230828798691441
16239140	0.00155237400725456
16240431	0.00196558357527862
16240441	0.0114741606238929
16243720	0.00244488668763385
16246740	0.00248694901502411
16248151	0.0167449650926334
16248970	0.00156096868154157
16250040	0.00243080977015128
16251580	0.00155237400725456
16252171	0.00155237400725456
16253220	0.0015550627241041
16253671	0.00163553824814998
16253800	0.00426089447687848
16255450	0.00872979551991782
16255570	0.00548390266621945
16257070	0.0151117900085047
16258600	0.0475184771578879
16259461	0.00157753162078369
16259741	0.00186008708838595
16260270	0.0393507471933586
16260400	0.00421435167080058
16261281	0.00559757508408698
16262190	0.00155237400725456
16264280	0.00155237400725456
16265510	0.00155237400725456
16266310	0.00367381576198076
16272851	0.00233749923965215
16273380	0.00157417067088697
16274350	0.00166825745963121
16274580	0.00736681155979763
16274900	0.00288317259665168
16275550	0.00534361313209612
16275690	0.0170180747477172
16276790	0.00155237400725456
16277520	0.342271218379544
16279310	0.0654943075711532
16279761	0.0045190891210676
16280260	0.00287600323339248
16281671	0.0023543816202324
16282340	0.0015655298899166
16284000	0.00157575414547598
16284800	0.00155237400725456
16285121	0.00178261637899953
16285370	0.0026981001720608
16285520	0.0188315527993812
16285650	0.00342412837107682
16286180	0.00586633500675948
16286750	0.00254860166987562
16286880	0.00965709591004809
16289340	0.00328103419973961
16290491	0.0203029681298786
16290651	0.00422018966946794
16290880	0.00155237400725456
16291071	0.00359017100984893
16292930	0.0015730297093444
16293780	0.0119926227203311
16295700	0.0025239735324301
16296161	0.00155237400725456
16296800	0.00254906571087436
16297200	0.00770805064152685
16297251	0.00240561765077726
16297900	0.00197472021917685
16299580	0.00155237400725456
16299871	0.00162907245942165
16301220	0.00282911993207514
16301350	0.00244603874022644
16302050	0.0122288210240392
16306470	0.00312338844264418
16306501	0.0118594096567195
16307741	0.0015951445670861
16307881	0.00183378574032643
16308140	0.00251018751949795
16309500	0.00287860785220002
16310040	0.00315809121005787
16310081	0.00284741274624724
16310330	0.00156944749594279
16310931	0.0015951445670861
16312721	0.00155237400725456
16312790	0.0060658741602168
16313510	0.00492695564196851
16314190	0.00477309867652533
16315010	0.00274591948558003
16315300	0.00156237360833281
16316120	0.00548960873641149
16317380	0.00238767404357861
16318200	0.00623030859197009
16318771	0.0302641850469223
16319700	0.00237034717510806
16320721	0.00630623344223806
16320820	0.00660818057658602
16321230	0.00475619216859355
16323540	0.00287145951140786
16324031	0.0015730297093444
16324141	0.00180570853493132
16328950	0.00155237400725456
16329080	0.00263980755697908
16329121	0.0365490991405266
16330351	0.0349851205129366
16331840	0.0015951445670861
16332281	0.00645031128616611
16332851	0.00157623508829516
16332950	0.00500744886249487
16333100	0.00211379420319322
16333770	0.00508825461962965
16334211	0.00320190460175761
16335820	0.00902786028436576
16336680	0.0030396120546826
16336691	0.00289507233111295
16338190	0.00155237400725456
16338491	0.00333434818148916
16338610	0.0029657064387307
16339550	0.00479752424012452
16339591	0.00161403476886127
16340410	0.00155237400725456
16340421	0.00155237400725456
16340991	0.00332055359084682
16342351	0.00240557700375662
16343980	0.00161790414290756
16344090	0.0015951445670861
16344930	0.0185268085415167
16345080	0.00158343101199194
16346170	0.00473092676957314
16346990	0.0154445073921385
16347891	0.00595034765974247
16348100	0.00155237400725456
16348981	0.00454792826930342
16349230	0.00379995982542574
16349500	0.00274591948558003
16349671	0.0015550627241041
16350470	0.00155237400725456
16355191	0.00155237400725456
16356400	0.0015569101408339
16356650	0.00315199040320834
16357121	0.0927839362910435
16357961	0.00159038965011815
16359010	0.00472861727335497
16359041	0.015166391369818
16359451	0.00787203848942674
16360920	0.00784808905022533
16361811	0.01845141553105
16363150	0.00279658392654382
16364130	0.010267583462383
16364431	0.00622280178283306
16364820	0.0151361109215129
16365951	0.00337805649617453
16367270	0.00155237400725456
16367710	0.00155237400725456
16368810	0.00297421082615334
16379420	0.00372077011938456
16380110	0.00387410909756962
16380711	0.0126433583065189
16383560	0.00494077613905218
16383680	0.00155553736144322
16384571	0.00485440040227318
16384981	0.00653575129668146
16385780	0.00237388381055037
16386231	0.00488219635929395
16387430	0.0171073453002816
16388151	0.00567623470070458
16388561	0.00249359758847583
16388950	0.00307307105697928
16388971	0.00255814043698101
16389391	0.0029956629349577
16389750	0.00436175629645804
16389900	0.00168389980811023
16391120	0.00275742373573857
16391400	0.00233906983353575
16393880	0.0103932238023487
16394880	0.0121459340960926
16395980	0.00155237400725456
16397941	0.00155237400725456
16400790	0.00248522038102207
16401811	0.00304530924895921
16402320	0.00291519904470645
16404810	0.00188800312896512
16405600	0.00155237400725456
16405661	0.00242069221653088
16407461	0.199542825971234
16408011	0.00743961015504643
16408971	0.00264691123669404
16409241	0.00364225448229293
16412930	0.00534430189301518
16413401	0.00294341462959959
16414580	0.121222471949796
16415461	0.00421749079452768
16418600	0.00235540216546151
16419260	0.00313664214211106
16421121	0.00300230162821478
16421500	0.00778717696863851
16422501	0.00237682188390536
16423140	0.0106791535342533
16424240	0.0018295734540082
16424360	0.00155237400725456
16430361	0.0015951445670861
16432220	0.0170668785184354
16433200	0.00657778865085669
16433600	0.00266952385158683
16434901	0.002505492234585
16436230	0.0032283424862491
16437531	0.00179753269684376
16439130	0.0023372957821227
16439290	0.00295488218425574
16439530	0.00496906322060732
16440841	0.00170131096315935
16443690	0.00155237400725456
16444640	0.00155237400725456
16447280	0.0015730297093444
16447670	0.00158602379144527
16449801	0.00405546091396704
16450310	0.00273420884595014
16451540	0.00364480483981542
16452281	0.00615517916086352
16453511	0.00197639948925424
16454150	0.0015951445670861
16454201	0.0409585028404651
16454501	0.00281253138269595
16454870	0.0015951445670861
16457760	0.00229662781855431
16458180	0.00641056312886215
16459451	0.00237682188390536
16459731	0.0153323641229677
16462361	0.0023543816202324
16462761	0.00242136859959266
16463461	0.004853637566733
16464831	0.00161737998049076
16464950	0.00226667910234986
16465220	0.00466501782567905
16466710	0.00167841810943362
16469651	0.0015951445670861
16471140	0.00269992431036282
16471721	0.00227081603165741
16474980	0.00233555003031783
16475420	0.00203559509253212
16476120	0.0024587273458065
16476411	0.00156949447484686
16476630	0.00503164319952653
16476981	0.00161220836551196
16478061	0.00156949447484686
16479571	0.00182932984601917
16480770	0.0015951445670861
16481490	0.00244260264276009
16483670	0.00195501309482251
16484411	0.00352138870437607
16485360	0.00604656784697149
16488281	0.00411897206946902
16488500	0.00156492173366445
16488770	0.246018791183905
16488831	0.00181817361614883
16490611	0.00942187985165156
16491410	0.0023543816202324
16491840	0.00281811301049209
16494310	0.00322171403166276
16497511	0.00165913896575699
16497521	0.0164855718200588
16498440	0.00467678126183453
16498761	0.00917947451460021
16499591	0.00255267419409232
16500380	0.0255527661444607
16500670	0.0097935604657713
16501921	0.00424819366911699
16502211	0.00446072280862808
16502720	0.0015951445670861
16502901	0.0123008209332259
16507680	0.00322506050933007
16508961	0.00404055962372997
16509450	0.00415345567939116
16509590	0.00460069970965999
16509661	0.0162875271213996
16510331	0.00190869291910651
16510420	0.0024872465305819
16510450	0.00586157687123284
16510491	0.00155553736144322
16510850	0.00161636844780264
16511010	0.0015951445670861
16511571	0.00173025805140723
16511731	0.387940597593173
16513921	0.0170394675839593
16516390	0.00271285182040657
16516530	0.0015804060607263
16518081	0.0079278217246166
16519410	0.0015569101408339
16519970	0.0215426421694296
16520971	0.00162413337063465
16521890	0.0121958173222645
16523291	0.00158779241557088
16525760	0.0025225644596691
16529231	0.00184590861083627
16530000	0.00462287030190931
16530051	0.00208989313494532
16531431	0.00874796650557166
16533241	0.00931254374621043
16534450	0.0434242774794512
16535441	0.00989703513039834
16536811	0.0131936540811326
16537050	0.00371384246195906
16537470	0.0015951445670861
16538351	0.00155237400725456
16539930	0.00375159137934979
16540411	0.0120374241825551
16540421	0.00175546449541715
16540551	0.00155237400725456
16540760	0.0024052918294658
16542071	0.0015951445670861
16542331	0.0015550627241041
16542341	0.0495465856607251
16542611	0.0027024287405646
16543010	0.00293385707258263
16544811	0.0021195620991425
16545870	0.0122106387745818
16547011	0.0797450802835252
16547161	0.00316282473303081
16548080	0.0345659709134663
16552220	0.002694646635955
16552350	0.00426566500136735
16554830	0.00238767404357861
16554990	0.00160540748339551
16556760	0.00157986178343843
16557600	0.00496193565289051
16558440	0.00155237400725456
16559140	0.00198389353089743
16559701	0.00261529056445309
16562601	0.00687860676426999
16563100	0.00155237400725456
16565931	0.0015786561244459
16566840	0.00159059247243464
16567431	0.00243062654238498
16567571	0.00369943407013345
16572340	0.00251116791112526
16572531	0.00155237400725456
16572920	0.00359517851545344
16573740	0.0024424625920255
16575301	0.00298045278594323
16576271	0.0029040166176874
16577931	0.00155237400725456
16586481	0.00344870037265126
16589480	0.00181762939020122
16590970	0.00156492173366445
16590990	0.0672762555674028
16593610	0.00272057057537823
16594580	0.00986264398498659
16595820	0.00381290194599673
16598071	0.00463819694299104
16598970	0.00159841440950664
16599100	0.00241724322216824
16601900	0.00352562644267797
16602700	0.00378305276934744
16603670	0.00164569118632995
16605211	0.0015951445670861
16605931	0.00368828452097206
16606860	0.00810490666986074
16608100	0.00284627725489688
16609190	0.00183603572060357
16609720	0.00159462776645277
16609730	0.00367572871718559
16611930	0.00270490819096271
16612500	0.00296247569812036
16612941	0.00346424854066752
16613180	0.00155237400725456
16615281	0.00156096868154157
16617200	0.00516763744313362
16623920	0.00253691561410647
16624111	0.0141143274008961
16624350	0.00171815914867765
16624391	0.0015951445670861
16627510	0.00301798621186323
16627841	0.00332296411902526
16630030	0.00155553736144322
16630201	0.00162493619815191
16630980	0.00159574627708498
16635841	0.00236275550975687
16637720	0.00155553736144322
16638871	0.00411478276761419
16639100	0.0015951445670861
16640360	0.00980681669487865
16640951	0.00498366820473825
16642601	0.0018681892188753
16642680	0.00318926339413852
16643301	0.00155237400725456
16643581	0.004154937747445
16644271	0.00166685700267844
16646201	0.00171846999747841
16646280	0.00379202324794696
16646680	0.00237388381055037
16647380	0.0015951445670861
16647540	0.00601992644616106
16649071	0.00357455062131898
16650201	0.00188351776387005
16650311	0.0127732945691478
16650440	0.00275193936571804
16650710	0.00412231227924894
16653170	0.00656788284979325
16654820	0.00411002439304956
16656350	0.00156944749594279
16657750	0.0015951445670861
16658280	0.00403137921352532
16662580	0.00348656997657187
16665600	0.00231548342304939
16666171	0.00243720488097034
16667100	0.00155237400725456
16667790	0.00155237400725456
16668080	0.00520557735159237
16669170	0.00335144340915473
16670540	0.00155237400725456
16670840	0.0015951445670861
16673231	0.00155553736144322
16673460	0.00874837681340897
16674430	0.00181762939020122
16677231	0.00155237400725456
16680381	0.00156492173366445
16680770	0.00448999223089877
16682420	0.00184767685114494
16682461	0.00157604308015066
16682751	0.00248410250511693
16683100	0.00167841810943362
16684750	0.00186820478916177
16686440	0.00156492173366445
16688101	0.00182175911761715
16688241	0.0168599630521505
16689050	0.0015951445670861
16689180	0.00186927898025702
16689740	0.00155553736144322
16696401	0.0118019853668151
16699021	0.00155553736144322
16699650	0.0123802996816141
16700811	0.00277437876742893
16704060	0.00251979628895142
16706670	0.00155237400725456
16707281	0.00293123428586964
16707961	0.0015951445670861
16708671	0.00243133917578845
16711770	0.00290381130737434
16712740	0.00475985683686747
16715271	0.0104977871149804
16715411	0.00182946245320271
16728770	0.00155237400725456
16729211	0.00172878299326082
16765320	0.042326363101262
16782690	0.00253925880847585
16838120	0.00231803940519119
16947111	0.0211718750357697
16964610	0.0023193433352211
17000641	0.00288887206622567
17020040	0.0198046650258507
17031261	0.00749429121446376
17114930	0.00160546143595618
17125451	0.00286479521944898
17199081	0.00160959599796996
17205120	0.00249995873129576
17318791	0.00468585937108937
17321950	0.00985589399319957
17353090	0.00171986130721864
17398050	0.00355590708162089
17427881	0.0206109053481406
17515850	0.0015730297093444
17563130	0.00174141150291187
17563280	0.0024218445693275
17572380	0.00315136320574979
17665360	0.00384565817755153
17697760	0.00189811096257396
17713661	0.0015951445670861
17719011	0.0123658854671909
17773190	0.00170505657638831
17850950	0.00566747242525161
17881320	0.00156096868154157
18010000	0.00309393318097034
18015541	0.00247224725800303
18053170	0.00593503909523931
18110031	0.00155237400725456
18184740	0.0015951445670861
18186120	0.0211817019165617
18271470	0.00389683653280419
18327730	0.00363247040492767
18350630	0.00712486897935452
18384140	0.00996807634475469
18404410	0.00229351458133503
18449360	0.0019807065201429
18502391	0.00156096868154157
18516800	0.00653762979138213
18576861	0.0101232089083661
18582740	0.0164573534402345
18590350	0.00210354146203926
18608830	0.0100712455788582
18619420	0.00535786111230672
18723270	0.00327267330238307
18797941	0.0161275808152612
18819021	0.00156898099360804
18838071	0.00255003107328161
18842471	0.00309441900104598
18889870	0.00156096868154157
18942601	0.00187031449960639
18946020	0.00673603099533028
18951960	0.00353449571268804
18971370	0.00453790653115993
19006130	0.00172122914391956
19028350	0.00309363400193005
19040890	0.00197268702441289
19068890	0.102115424585617
19075800	0.00241350509034388
19090690	0.0129318475895198
19186650	0.0906945706784521
19194130	0.00237517443099063
19216890	0.00330008006913288
19330271	0.00849952307379768
19336470	0.00211879171956246
19337540	0.00158779241557088
19349881	0.00520036311949638
19359101	0.0410092844436373
19495030	0.00293054389503558
19546240	0.00257293765890901
19569510	0.0366921337972537
19684280	0.00158214114998999
19737080	0.00255958676171233
19750870	0.00241958228485973
19905500	0.00654523082985774
19925121	0.00156512401636283
19950501	0.00412691868860389
19956360	0.0015951445670861
19993760	0.00284815074272503
20086871	0.00155237400725456
20150451	0.00316364135780848
20153340	0.00249359758847583
20175660	0.00378953417215352
20185771	0.00225993822299209
20187100	0.00156944749594279
20188651	0.00157210545846702
20189071	0.00480696276691625
20189351	0.00155237400725456
20190031	0.0102159105750454
20192900	0.00311291398093156
20192920	0.0055217046365035
20193730	0.00321525578009627
20195421	0.00193776194916199
20196060	0.540386007760818
20197310	0.00171036983244616
20197590	0.11031074296105
20197850	0.00874350808296466
20199011	0.00293820009241939
20202550	0.00239001714550138
20203411	0.0134988279770217
20204391	0.00263834653784499
20206990	0.00155237400725456
20210280	0.00289568393786171
20212890	0.00267910707744098
20214741	0.00155237400725456
20216261	0.00156096868154157
20218970	0.00195448417151413
20219100	0.00960751779585174
20223021	0.00732839109042393
20223141	0.00169138713578844
20223650	0.00240505025517011
20225710	0.00473812671090806
20226731	0.00158978382148008
20229061	0.00156890846419704
20229430	0.00155237400725456
20229611	0.00469220704539923
20230311	0.0579739986937499
20232111	0.00218206997944759
20233870	0.00244829800847549
20237740	0.00160309422045798
20241030	0.0017478024448958
20245201	0.00179405468121021
20246301	0.0015951445670861
20250591	0.0025560484950409
20252630	0.0215785672764265
20252801	0.00397937716277484
20253061	0.00286000275215563
20253580	0.00275142613225098
20254420	0.0395869810325944
20257081	0.00155553736144322
20258171	0.00168852707365282
20260521	0.0032027958194867
20260890	0.00266140781640851
20261190	0.00155237400725456
20261580	0.00768669102088861
20263100	0.0031591026024956
20265600	0.0160687398302943
20266120	0.0103693551402441
20266991	0.0015951445670861
20267260	0.00199028937075596
20269351	0.00161227503833834
20269720	0.00155553736144322
20270461	0.00316195856456149
20278410	0.0015951445670861
20278581	0.00251877299506961
20278660	0.0251102840282638
20280091	0.0015951445670861
20280770	0.00159290286954631
20281071	0.00302911039515466
20284890	0.00505886241896449
20285891	0.0369246828981909
20286700	0.0019346452659168
20286731	0.0329127614236357
20287961	0.00730982822885376
20292750	0.0025225644596691
20294431	0.00410274838395631
20295780	0.00185441936827409
20295900	0.00234803937040137
20296060	0.0133553335644114
20297061	0.0101662232407609
20297840	0.00506919993667182
20297870	0.00157096948346085
20299390	0.00160540748339551
20300220	0.0018861134478541
20304931	0.0226584515257592
20305081	0.0149175468360714
20307001	0.0079381001605974
20307350	0.00182175911761715
20308340	0.00281653864428724
20309611	0.00253662485292377
20311520	0.0015951445670861
20313491	0.00325041528446281
20314311	0.00241863396090054
20315650	0.00171388935477377
20316210	0.0111924986098182
20316921	0.00243551567680476
20318530	0.00443666544150711
20320931	0.00694416337857085
20321850	0.00592563999225662
20322400	0.021743988741745
20323520	0.00244207249553423
20325590	0.00155553736144322
20325631	0.00630584502928026
20329020	0.00863589374090242
20329420	0.00357953101447309
20332070	0.0024790949279768
20332361	0.0113112270312273
20332801	0.0134355042170816
20333010	0.00431349489145893
20333300	0.00272227022438471
20333440	0.00178490029940445
20333570	0.00155237400725456
20336350	0.00378129480537971
20339940	0.00155237400725456
20340450	0.173974231822346
20340781	0.00504943220868988
20341550	0.00291544044897137
20342410	0.00277536230775756
20349000	0.00263006682043331
20349611	0.00155237400725456
20350591	0.00533398748137646
20353310	0.00155237400725456
20354110	0.00677845022885738
20359281	0.0036753202171159
20360730	0.00155237400725456
20361160	0.00155237400725456
20361410	0.00168981180838572
20362110	0.00201874252278979
20363790	0.00155237400725456
20365201	0.0016090053591758
20365310	0.00454234979304787
20365710	0.00332945561020095
20367920	0.00385723508108667
20369300	0.00364127376507879
20375090	0.00333266957130858
20376890	0.00587502719842198
20377170	0.00304283913387676
20377290	0.00155237400725456
20377751	0.00264756507638204
20380860	0.00662523140245206
20381860	0.0080154260889288
20381960	0.00171689340183894
20384210	0.00155237400725456
20384600	0.00165165427474745
20385700	0.00863478138375831
20386410	0.00729778258356613
20386790	0.00210757581661289
20388330	0.00288882578453667
20388460	0.00179033240371234
20389331	0.00239568353590441
20390971	0.0341215434447193
20391681	0.0016142515521496
20392740	0.00508389710142967
20393461	0.00865967550814933
20395240	0.00237864676501715
20395401	0.00309079439916596
20395790	0.292523817537769
20397290	0.00250549599865203
20397700	0.00335955279627482
20397820	0.00772744752517673
20397830	0.00245898840924078
20398550	0.00535045463662548
20399240	0.00461122821500958
20399480	0.00624978868439232
20401201	0.0023543816202324
20401731	0.00419209677699615
20402281	0.0015951445670861
20404081	0.00357750506579465
20405591	0.00634211217362863
20405980	0.00313732383921904
20410711	0.0015951445670861
20412610	0.00423330562343664
20413601	0.00243165139367467
20415750	0.00350693470712597
20415790	0.00173075705930673
20419681	0.0384013724902759
20422960	0.00197776848816014
20423610	0.00298231177250236
20423620	0.00591503626623742
20425540	0.0023543816202324
20425840	0.00253150224491697
20426861	0.0015951445670861
20426920	0.00237088737069002
20427640	0.00810991886760187
20427760	0.00272276622829462
20427821	0.00284462777690921
20428160	0.0157006857446874
20428580	0.00246880486945535
20430021	0.00484834065508473
20430400	0.0018362163158543
20431801	0.00161227503833834
20433591	0.00252737635686622
20435121	0.00387926157013237
20435681	0.00244054988478209
20436231	0.00177451993373297
20436501	0.00219086426911941
20436511	0.00182886498660761
20437181	0.0156683243003711
20437540	0.0032775783245501
20437611	0.00484516951315588
20440211	0.0971054809539576
20442800	0.0157298933587974
20444870	0.00261582702920871
20446021	0.00465243907203519
20447401	0.00157096948346085
20449041	0.153661046632725
20449970	0.00156944749594279
20451480	0.0031683099418492
20452710	0.00279541737638313
20452730	0.00228439196252845
20454410	0.00349860524785255
20454520	0.0329787019290663
20455531	0.0147455335741735
20458120	0.00454596112252181
20458270	0.0015730297093444
20458851	0.00173206525268143
20461830	0.00303305808342148
20462260	0.00155237400725456
20464901	0.00155237400725456
20465331	0.00155553736144322
20466680	0.0015951445670861
20466940	0.0266929680589275
20468221	0.00284825279946491
20469150	0.0345523455577131
20469280	0.0015951445670861
20470670	0.00278369349887184
20474250	0.00175902068922652
20477680	0.0032833147828373
20478950	0.00381399977339916
20479190	0.00171525832657607
20481031	0.00167496055573933
20482141	0.00155237400725456
20483910	0.00293030344572792
20484880	0.0020975824569638
20487060	0.001664768820212
20489150	0.0024488983556454
20489601	0.00170255455584251
20490510	0.00169981682818008
20490930	0.00368961542706194
20491090	0.003640098705299
20492621	0.00183017661201907
20493400	0.00390076224385915
20496310	0.00559900358958101
20497530	0.00207937069503762
20501160	0.00155237400725456
20506961	0.0042465683220568
20506981	0.00341553430004935
20508190	0.0029579715899895
20509331	0.00155237400725456
20513810	0.0053194088567759
20514431	0.00156512401636283
20514800	0.00155237400725456
20516700	0.00543051864680412
20517881	0.00167519248382751
20520761	0.00247270257425626
20520840	0.00706261080029716
20521451	0.0045336965014666
20521601	0.00262078270347984
20522100	0.140998886801379
20523330	0.00155237400725456
20523401	0.00245251706044637
20523470	0.00268451134500933
20523651	0.00258617611234011
20524570	0.0426956545677637
20524700	0.00155237400725456
20547210	0.0110343506066221
20549171	0.0015951445670861
20551610	0.00377446396804069
20553140	0.00431182068963578
20553861	0.0015951445670861
20554380	0.00156492173366445
20557420	0.00681053696213248
20558131	0.00252130580947352
20559870	0.0043418503324275
20561321	0.00812896421960968
20564341	0.00161636844780264
20568460	0.00324481640539637
20568901	0.00156096868154157
20568980	0.0016142515521496
20570821	0.0430292190900885
20571320	0.00158574412912967
20571750	0.0029044960273037
20572341	0.00625368276428567
20573840	0.00245069351711003
20579501	0.00155237400725456
20580611	0.00284389917445754
20581000	0.0015951445670861
20581321	0.00400231031613371
20581950	0.397980942615309
20584061	0.035642725290987
20586940	0.00635677821987378
20588030	0.00460100374421478
20589820	0.00158626535819284
20592191	0.00167313595344787
20599770	0.00202220878874102
20600150	0.00163089881308802
20601571	0.0276997451337064
20601871	0.00159839697099091
20601940	0.0015951445670861
20603350	0.0164558840586825
20605150	0.00305113959428623
20607381	0.0015555393404284
20610110	0.00367629630684811
20610910	0.00167841810943362
20612700	0.00314825767227305
20612751	0.00798827951325574
20613410	0.00288814438259485
20613451	0.00370196793105563
20614940	0.00443795675747648
20615070	0.00306663934746215
20615590	0.0309259026585418
20616211	0.00182673453847788
20618210	0.00187853919318223
20618681	0.00202206812517093
20620071	0.0015569101408339
20620560	0.00187981845847031
20621981	0.00353221524050286
20622640	0.00273104751182222
20623750	0.0176479693810567
20626411	0.0302750154126907
20627651	0.0016142515521496
20629010	0.00864207919534284
20629280	0.0054601671926982
20630800	0.0015655298899166
20632020	0.0015951445670861
20632290	0.00248669792423315
20633390	0.0158127611558035
20636280	0.00196558357527862
20636420	0.00156890846419704
20637181	0.00318682153158691
20637701	0.0357564957984091
20637731	0.00363001874843776
20638250	0.024329327428567
20639241	0.00161268769980449
20640990	0.00280222194806146
20641301	0.00462253888732985
20646340	0.00165303934198507
20647221	0.00371056689047366
20651460	0.00566715237602409
20653260	0.00159769547950879
20656051	0.00246487086127223
20656191	0.004620447913144
20658681	0.00614795078713894
20659890	0.00155237400725456
20660181	0.0405574298639509
20660280	0.00410532965843785
20660570	0.0021755974678054
20660901	0.0019559759934007
20661800	0.00169691080147045
20662930	0.00156970651349801
20666780	0.00186954318704563
20667791	0.00315809121005787
20668270	0.00155553736144322
20669540	0.00561829011294329
20669940	0.117442467180661
20670531	0.00161790414290756
20673171	0.00155237400725456
20673400	0.00192431677003619
20673861	0.00732699528878812
20674100	0.00155237400725456
20675381	0.00217711208398356
20677130	0.0336700444755842
20677311	0.00469620439230835
20677431	0.0135113789726829
20678660	0.00162907245942165
20678831	0.00762224392222638
20680041	0.00163572924057256
20681550	0.00161838318071916
20682111	0.14912748705218
20682900	0.0159027109358136
20687221	0.00330082443805054
20688461	0.0340657983400793
20690391	0.00230855929653866
20694401	0.00266564331757384
20695371	0.00239182560312871
20696440	0.00155237400725456
20701790	0.00691532456653016
20702671	0.0927375714937628
20704970	0.00234706869551289
20705581	0.0501463662982689
20710240	0.00163528913920622
20710900	0.00161227503833834
20712481	0.00448651518102222
20713431	0.0311073239363534
20714380	0.0025225644596691
20818190	0.00686610354411631
20825001	0.00153569609248706
20827460	0.0134754114416571
20829250	0.00288367876202072
20834500	0.00507128442995506
20841910	0.00155237400725456
20844451	0.00155237400725456
20844861	0.00155237400725456
20846371	0.00245611295663032
20852270	0.00353067703924356
20855580	0.0197532981364092
20855870	0.0015951445670861
20856980	0.00449613668668488
20858231	0.00346991435663327
20859201	0.00397158107420034
20859611	0.00187981219753214
20859751	0.00165576316955826
20859911	0.0016277306255405
20860181	0.00178019533502787
20860840	0.00268981511193262
20861240	0.0015555393404284
20861790	0.00260779362397446
20866241	0.00155237400725456
20868991	0.00277100418675537
20870651	0.00742788692179095
20871050	0.00256652207524765
20871150	0.0019837941580434
20872700	0.00398702862742145
20874190	0.0271429665125614
20875621	0.00242680423431223
20875771	0.00274591948558003
20875830	0.00774775275549143
20877090	0.00161256858414842
20877131	0.00235413651307783
20877630	0.003182324002471
20878651	0.00373646486016357
20880830	0.00444589698549784
20880970	0.00155237400725456
20881271	0.00317206669537978
20881350	0.00462662554837392
20882060	0.00158849055118627
20883331	0.00433525681988937
20883741	0.00760791681135085
20883860	0.0028232838818487
20885940	0.00208842934605398
20886941	0.0044439374765264
20887710	0.0015951445670861
20887761	0.00155237400725456
20888721	0.0015951445670861
20891990	0.0595948827652714
20892301	0.0025532900325853
20892731	0.00279653891437644
20894511	0.00163733362514234
20898460	0.00155553736144322
20898791	0.00449933911891393
20898931	0.00176977588087502
20899440	0.0171261609937161
20899990	0.00277842297969548
20902111	0.00155237400725456
20904150	0.0105295665580392
20906760	0.0043488345857619
20907430	0.00155237400725456
20907481	0.00390862444830989
20908841	0.0337261417044828
20909210	0.00326199644497654
20913760	0.00160087091318388
20915140	0.0109652758174165
20921281	0.00269675448243423
20923870	0.00178385919832243
20924301	0.0015951445670861
20925971	0.00395287116507522
20926450	0.00467257878888742
20932530	0.00284124348068495
20932581	0.0028832242688826
20932991	0.00189056059844216
20936250	0.00382826160417672
20936390	0.00235233004746427
20936400	0.00277368787754099
20938180	0.0015951445670861
20939300	0.00466882874630953
20942470	0.00286619548199791
20942860	0.00765125675103689
20943290	0.00184057292490406
20946040	0.00168372168627877
20954760	0.00695976253424552
20957110	0.00350045129953984
20959590	0.00155237400725456
20964140	0.00263359119112862
20967181	0.0975943384375937
20967580	0.00377421259515895
20968711	0.00275282883274769
20971150	0.00289580301236018
20972790	0.0518129567745855
20977251	0.0810951105032116
20977671	0.00865225989367076
20978501	0.00441856399682979
20980540	0.00188078326466073
20984291	0.00155237400725456
20984711	0.00158779241557088
20985261	0.00886790754816974
20994480	0.00697719745349578
20997780	0.00378689696905929
21004120	0.00543393272866889
21005811	0.0887008082040474
21010071	0.00156890846419704
21014850	0.00929568087061161
21015000	0.00976679536235311
21019041	0.00475452475522307
21021261	0.0029404890761317
21022180	0.0411053216270328
21023420	0.167078699209482
21023601	0.00602804703092966
21024230	0.00178240786012645
21028520	0.00441451961772069
21028701	0.00405183596409731
21029961	0.00163153721855732
21036441	0.00172615975476289
21039181	0.104600914360827
21043840	0.00246417265639657
21045640	0.0142567647419098
21046361	0.0027394993300833
21049111	0.00316163962897857
21052920	0.00387007009780383
21053220	0.00227127123513636
21053620	0.0015951445670861
21056230	0.00923628082772367
21058081	0.0116919625761611
21058580	0.0255851463796371
21058750	0.00160546143595618
21061330	0.00430686357083873
21063540	0.0015951445670861
21064130	0.0353792113556924
21064920	0.0049392783099461
21069521	0.00170960063370156
21074491	0.00217770577696275
21074600	0.00313447076630582
21075830	0.0363431242893092
21076411	0.00381571791387052
21078641	0.0015951445670861
21081900	0.00308810056734
21082621	0.0025008447016595
21082720	0.00182149942734658
21087990	0.00158869587555622
21088411	0.00274207349405966
21091471	0.00155237400725456
21094580	0.0015569101408339
21095731	0.00159456948129079
21098061	0.00654047063284004
21099830	0.0662740993798851
21104660	0.0015951445670861
21104670	0.00155237400725456
21105230	0.00252526039556087
21111420	0.0137349723171061
21113330	0.00155237400725456
21113651	0.00329150229768286
21119250	0.00155237400725456
21119540	0.00278264919766535
21125610	0.00263057991741861
21126570	0.0023920049284392
21126621	0.00331826521456829
21127321	0.00155553736144322
21127400	0.00257142220147813
21130050	0.0015730297093444
21130150	0.00277728893613249
21130700	0.00159093552923762
21133811	0.0015951445670861
21136640	0.00489478916073271
21139700	0.0017172108338075
21139840	0.00315426264201503
21140240	0.00241043085988321
21141641	0.00344465742509175
21141801	0.00470664359014783
21142430	0.00274706236735375
21145121	0.00301291085277527
21151461	0.00296257186634753
21152370	0.00504475690379622
21153231	0.00161227503833834
21157470	0.00370242910379961
21157600	0.0784951107027894
21158310	0.00692242761461224
21159021	0.00161227503833834
21160380	0.00696850658159618
21162911	0.00156096868154157
21164551	0.0015951445670861
21164971	0.00165610764780807
21167461	0.00367984224660749
21170170	0.00236562939473971
21170320	0.00275008791591774
21171940	0.00161227503833834
21181450	0.00156944749594279
21183721	0.00155237400725456
21185070	0.00155237400725456
21185600	0.0043425835388199
21186300	0.0100109087369258
21189180	0.00540057153518492
21194051	0.00354662899003846
21195550	0.00196239393346563
21197180	0.00172083569870055
21200411	0.001720175439944
21200500	0.00156512401636283
21201040	0.0131692852875613
21201600	0.0218355160800612
21209040	0.00403833045267539
21211851	0.303393295715027
21213221	0.0113346251259011
21214211	0.00351145397975406
21215660	0.00250968723050714
21217200	0.00260603092834559
21221460	0.00214928205813065
21223540	0.0146220554523449
21224930	0.00825630127822421
21226870	0.00238139214576804
21228910	0.00841007383243165
21229501	0.00403249285183812
21233760	0.00156944749594279
21235280	0.00268448052379544
21235301	0.00189723186059138
21235950	0.00524045228429304
21237590	0.00157753162078369
21238590	0.182121357685521
21240281	0.00392189679119576
21242030	0.00259393709718814
21246570	0.0015951445670861
21248691	0.00231803940519119
21250410	0.0110658987956051
21255311	0.00380157527932335
21262150	0.00156512401636283
21264251	0.00332874328343643
21271790	0.0152829654146488
21277091	0.00352973202574714
21277911	0.00277449120616781
21277921	0.0636149923573993
21278410	0.00223047708758787
21279281	0.00562171774067682
21279291	0.00161505113448967
21280811	0.00339144259853396
21280920	0.016928143580444
21283510	0.0190782404227767
21285870	0.00269396049210006
21286041	0.00535994973390885
21288671	0.00288284201786249
21288900	0.00239966428991673
21294170	0.00274164720623486
21294280	0.0110788866464251
21307540	0.00155237400725456
21307790	0.00240537760269311
21312930	0.00161227503833834
21313160	0.00241394160580641
21314570	0.00240563531386786
21318680	0.00239616606071507
21321720	0.00524546506045896
21321860	0.0111086146945434
21322950	0.00155237400725456
21323940	0.00261531779478738
21323971	0.0251884210242088
21324381	0.00887281150443247
21324510	0.00156512401636283
21330840	0.00240657946148612
21331011	0.00551079626326241
21331161	0.00155237400725456
21333320	0.0270166157528863
21333600	0.00155237400725456
21335120	0.00159769547950879
21338010	0.00155237400725456
21338260	0.0015951445670861
21338601	0.00332785784837905
21338611	0.00155553736144322
21340060	0.00411339774093858
21341310	0.0015951445670861
21342000	0.0017302481497498
21343561	0.00279133186026587
21344230	0.00194091080254753
21347230	0.00164905916690885
21347291	0.00299228921538913
21349781	0.00650750562559291
21350950	0.00161227503833834
21354591	0.00155237400725456
21354710	0.0015951445670861
21355090	0.00172327032406008
21355130	0.00169138713578844
21355421	0.00582603095200983
21355530	0.00278391632818442
21357771	0.474141773755632
21357880	0.00268585027262021
21360080	0.0241594396936898
21361060	0.00338882133771188
21361160	0.0015555393404284
21362960	0.00217087215458238
21364531	0.00161946470570261
21364541	0.00160239791475819
21366861	0.00156890846419704
21367120	0.00499804239724916
21367691	0.012279720471003
21367971	0.00155237400725456
21368951	0.0209451263569034
21371110	0.00218013673922165
21371220	0.00156096868154157
21373320	0.00391878262450802
21377310	0.00155237400725456
21378041	0.00156096868154157
21378270	0.00231803940519119
21380801	0.00478600193718291
21383230	0.00158898717948595
21383250	0.00260607650520905
21383291	0.00156492173366445
21383400	0.00155237400725456
21385491	0.00273827988695683
21386471	0.00254673879759526
21386960	0.00824072416867393
21390991	0.0015951445670861
21391110	0.0015951445670861
21391681	0.340601143969858
21392780	0.00243718709972812
21393180	0.00181140051680439
21393450	0.00161338880595051
21394321	0.0690488323659299
21394881	0.00205733140742663
21394970	0.0211307200651118
21395640	0.00289775852426086
21396101	0.00325630816347732
21399220	0.012402937487216
21399831	0.00156944749594279
21401570	0.00738645315084005
21402830	0.0116239499942275
21402940	0.00156944749594279
21405020	0.0285447311403186
21406250	0.00155237400725456
21406301	0.00349755460228842
21407561	0.0015951445670861
21407701	0.00252389416191218
21408941	0.0232570189824882
21409061	0.0036763520036327
21410410	0.00986100821517721
21414250	0.00185875684941643
21415141	0.0108130372566496
21418420	0.0225984238310394
21420770	0.00363017214551154
21422250	0.0015730297093444
21423271	0.00516348820893925
21424220	0.00445592347628829
21424640	0.0015951445670861
21426680	0.012984431430595
21429211	0.0117239834841776
21429300	0.00301020993986058
21430461	0.00382132050459714
21430851	0.0015555393404284
21430871	0.00155237400725456
21431940	0.0017714506095403
21432791	0.00298844986487365
21433020	0.00161505113448967
21433160	0.00155237400725456
21433771	0.0015951445670861
21434311	0.00241047260786491
21434540	0.00172582715402904
21435001	0.0756003511878848
21435681	0.00175037084372489
21436791	0.0106431009574579
21437180	0.00564371266725354
21438741	0.00650337999386252
21439131	0.00168038808360852
21439510	0.00317000782866263
21442120	0.00170426717252149
21442820	0.00160540748339551
21443770	0.00155237400725456
21443981	0.00852315317389736
21446400	0.00157753162078369
21446571	0.00192334741818244
21447510	0.0015730297093444
21447930	0.00295770945720747
21449440	0.00161901207934537
21449980	0.00278796946487103
21450321	0.00723427052360454
21450980	0.0113951696184383
21452460	0.00156096868154157
21452931	0.0015951445670861
21453840	0.00306124064193293
21454560	0.00343518917048826
21455650	0.00484647408971736
21456501	0.00480056236144776
21456521	0.00160540748339551
21456651	0.00181871329015136
21456921	0.00246430639349699
21457030	0.0039251659621053
21457040	0.00195581191207505
21457180	0.00158113024347959
21457420	0.00243836466798911
21457990	0.00187519249006613
21458041	0.0015775945363904
21458250	0.00248831014918714
21458571	0.0015951445670861
21458950	0.00248721576906519
21459011	0.00237682188390536
21459370	0.0015951445670861
21459681	0.00204556210759833
21459790	0.00226607379844167
21460080	0.0111580948533403
21466660	0.00396176926559951
21469730	0.00271867797826914
21470840	0.00165272848437065
21471831	0.0337494241294713
21472661	0.00499886633345639
21476220	0.0017478024448958
21476460	0.00197837570467608
21477300	0.00318514330263728
21478291	0.0434708348044076
21479650	0.0115604829998352
21481170	0.00245011697551465
21482981	0.0015951445670861
21483681	0.00308278880314639
21485170	0.00437553561449995
21486451	0.00267597914182909
21489450	0.001658501366228
21490250	0.00283073968518559
21490311	0.00288779934840092
21490851	0.0120440026122541
21493450	0.00396050898686854
21496231	0.00156096868154157
21496330	0.00158779241557088
21497290	0.00189147168457951
21498871	0.00227081603165741
21499281	0.00942324577455707
21500111	0.00170033004039975
21502390	0.00156008272409754
21503001	0.00753737306466299
21504340	0.103657699830705
21505170	0.00276807646764375
21505860	0.00183224870062173
21506291	0.00328395753069849
21506711	0.0187380584288402
21508480	0.00244033943783217
21511001	0.00155237400725456
21513461	0.00247885624771826
21514820	0.00163328494023268
21516630	0.00164458243604081
21521720	0.00180570853493132
21522151	0.00441471467790948
21522660	0.00161466844970202
21525690	0.00155237400725456
21526291	0.0592789216395385
21526400	0.00572174814511557
21526790	0.00296548858888875
21527350	0.00293853168779781
21527510	0.00156512401636283
21527650	0.00306921891702992
21527770	0.00585403963311391
21528050	0.00197964205673516
21529461	0.00167034716730502
21531620	0.0257220102331064
21532661	0.00181762939020122
21533040	0.0278621131206796
21533730	0.00161790414290756
21534110	0.00395918462982117
21534130	0.00295692848960586
21534270	0.00158348298842786
21534311	0.0342620968910009
21536050	0.00260733662136856
21538540	0.0015569101408339
21538841	0.0102633730041937
21538960	0.00191210617771764
21539100	0.00156512401636283
21539340	0.00155237400725456
21539480	0.00173513934226526
21539520	0.00184616813070669
21540580	0.00309311781734582
21540921	0.00692528778232032
21541211	0.00311989423462366
21546721	0.00342963663589922
21547531	0.00183023516001208
21549621	0.102703838593016
21551200	0.00259447050816985
21551551	0.0015951445670861
21551811	0.00364438861028509
21551910	0.0015951445670861
21551920	0.00155237400725456
21552880	0.00177625940559431
21553071	0.00298874865454006
21553690	0.00561358789391988
21554970	0.00272313674543449
21555660	0.00155237400725456
21556730	0.00347725257520263
21558110	0.00176694033321173
21558431	0.00237631025358516
21559080	0.0173053955039916
21559930	0.00308799965043199
21561461	0.00294613731875335
21564180	0.00892300059444741
21564511	0.00377268086929452
21564730	0.00353316725332823
21565020	0.00264308956984205
21565300	0.00244260264276009
21565680	0.00242055490793803
21565830	0.002128248048997
21566400	0.00258890766022882
21567780	0.0015951445670861
21569051	0.00210583279140381
21573710	0.00607711485795017
21574721	0.00161227503833834
21574800	0.00195794600232209
21575760	0.00601277314471393
21577751	0.00292685557771941
21578281	0.00327317719322283
21578581	0.00564960479978219
21579350	0.00202747108549124
21580070	0.00764914650099044
21585321	0.00214640375530402
21585471	0.00305392346565435
21585990	0.0015951445670861
21586810	0.00951801663175505
21586960	0.0055505473867927
21588791	0.00850132587282369
21589041	0.0015951445670861
21589280	0.00205608474209521
21589540	0.00313423002625472
21592440	0.00537836266877137
21592651	0.00227081603165741
21594841	0.0028662254715235
21594940	0.00266275222745123
21595251	0.00377301031873053
21595541	0.00156492173366445
21596050	0.00161110949403304
21597030	0.00234495045792311
21600631	0.00177880419804493
21600791	0.021624092164115
21602691	0.00163341839173802
21605461	0.00251808645133227
21607541	0.0056300510039778
21607640	0.00381649338536423
21609440	0.00161698592299456
21609960	0.00167841810943362
21611941	0.0024112843976113
21612511	0.00161248308477835
21612860	0.00205047769911596
21615620	0.00170075014128097
21617420	0.00422437167839895
21618141	0.00269689627626062
21620190	0.00155237400725456
21621451	0.00662468036938523
21622551	0.00317598416504495
21625540	0.00891594128149483
21627080	0.0141280031677045
21627271	0.00169138713578844
21627801	0.00156944749594279
21628870	0.0139977583844626
21628921	0.00168365751474572
21629540	0.0015951445670861
21631200	0.00443171671878059
21631780	0.0158738562634849
21634130	0.0015951445670861
21635101	0.00344875902726561
21637430	0.0019785577952141
21638551	0.00256422065682846
21638831	0.0015951445670861
21639070	0.00491163259022694
21639101	0.00155237400725456
21639190	0.00444596899324168
21640921	0.00315518556693931
21641700	0.055608761972951
21641850	0.00156512401636283
21646411	0.00258831908631499
21647090	0.00155237400725456
21647370	0.00155237400725456
21650161	0.00160540748339551
21650301	0.00276731037953365
21651760	0.00254770469632287
21652030	0.00160540748339551
21652361	0.0035346504842924
21652641	0.00731606906725963
21652730	0.00435020241855148
21654790	0.00155553736144322
21655060	0.00985760417391697
21658011	0.0094026614251159
21658090	0.00636018407861276
21659511	0.00184852559276823
21661581	0.00156492173366445
21663080	0.0015951445670861
21664610	0.00238256122136024
21669820	0.00343858166740261
21672040	0.00876576873188286
21672091	0.0069855666773811
21672470	0.00232828711369485
21675480	0.00499071877425967
21675910	0.00186016161120044
21676491	0.00245042903757064
21678561	0.0200606003554421
21681420	0.00180787655073566
21681461	0.00156512401636283
21685160	0.00596099568329513
21685331	0.00179033265510643
21685430	0.00311582815304703
21685871	0.00234610982580065
21687651	0.00425787350574349
21687811	0.0146738863211068
21688061	0.00180570853493132
21688091	0.0101690631205297
21692751	0.0996921084092163
21693680	0.0941388901334427
21694250	0.00221869429654319
21694520	0.00962774060076035
21694650	0.00158343101199194
21694701	0.00238222914295744
21694920	0.00879058311980636
21695651	0.00160731506519144
21696361	0.00607751240567669
21697581	0.0749977063134529
21697940	0.00155553736144322
21698110	0.0015730297093444
21698500	0.00583128474884152
21698520	0.00156492173366445
21698530	0.0368761331576371
21698640	0.0147624057328334
21700860	0.00713250949443122
21701321	0.00864478408318213
21701581	0.0105041794976258
21701731	0.0015951445670861
21703261	0.00387514129034189
21703750	0.0190388235752235
21705171	0.00610505116259057
21706370	0.00155237400725456
21706640	0.00155237400725456
21706971	0.00188686465161162
21708330	0.00159980547865461
21708621	0.00363342675496089
21711180	0.00159187222023563
21711371	0.00237682188390536
21711470	0.00171164495869993
21711760	0.00286771175428008
21713560	0.00155237400725456
21714141	0.00185902354150311
21714380	0.00156096868154157
21717410	0.00537833630623265
21717970	0.00384339833410719
21718421	0.00159769547950879
21718650	0.0015951445670861
21718920	0.00746836991842164
21721800	0.0159150146748944
21721810	0.00246062472730205
21723200	0.00176296380928458
21723770	0.00467356220007605
21724840	0.00171150939626793
21728331	0.00161955685640554
21729550	0.00161227503833834
21729690	0.00298737381915849
21730370	0.00155237400725456
21730421	0.00283972801589168
21730640	0.0115758888531355
21731080	0.00155237400725456
21731241	0.00160364103891563
21731890	0.00382474579847513
21734961	0.00893073352094676
21735040	0.00155237400725456
21735320	0.00155237400725456
21736440	0.145043960964704
21738821	0.00155237400725456
21741980	0.00158074615880211
21742110	0.00227081603165741
21742510	0.00227081603165741
21742930	0.00155553736144322
21742981	0.00155237400725456
21744211	0.00546899405460519
21744280	0.00249292159578805
21745250	0.00745844796450173
21747490	0.00186134070957534
21751460	0.00354191732128263
21752081	0.00242693433505553
21757270	0.00386707127190137
21757800	0.0023543816202324
21759180	0.00166558591091493
21759890	0.00214001050383239
21760010	0.00299224065458299
21760700	0.00793000175456464
21762401	0.00263881468806516
21762650	0.00157604308015066
21763870	0.00161136124033963
21763900	0.013654069663525
21766691	0.00418797938193964
21767241	0.0017505331854187
21767740	0.00973516384521125
21769451	0.00234569763538334
21769851	0.00242138101142621
21770900	0.00446562172552897
21771381	0.0015951445670861
21773031	0.00483716171673655
21773581	0.00366835021935762
21775490	0.00713206871877527
21776310	0.0015951445670861
21776580	0.00156241468314722
21776860	0.00178609658328484
21777311	0.00159456948129079
21778350	0.152573260171564
21778390	0.00156512401636283
21778510	0.00633602676076974
21783361	0.0290787519458331
21783511	0.00157096948346085
21783661	0.00167841810943362
21786411	0.00162710925714171
21786691	0.00163497170031458
21786900	0.00185946897633963
21788741	0.00302996312516696
21789110	0.00572057231964751
21789171	0.00169112831230801
21790001	0.0135945804679267
21790080	0.00251544572023528
21790800	0.00240318885666008
21791521	0.0015951445670861
21792901	0.00233970953237738
21794920	0.0019859684565974
21795050	0.00194009054289924
21795221	0.00159841440950664
21795450	0.0291188600245124
21796211	0.00248384286795386
21796440	0.00155237400725456
21796690	0.00495353756758067
21796850	0.00155237400725456
21797151	0.16744447033507
21797410	0.0015951445670861
21798780	0.00155919637360364
21799221	0.00391495356699531
21800860	0.00161268769980449
21801390	0.00350358266983951
21802131	0.00250901961354893
21803501	0.00231656637563474
21804491	0.00167814918691193
21804690	0.00155237400725456
21804730	0.00654767979974627
21804761	0.00156492173366445
21804840	0.00156492173366445
21805000	0.00251725268372777
21805250	0.00155237400725456
21806831	0.00291254025607621
21807371	0.0266935695083069
21807931	0.00273710648610624
21809540	0.00255802507357013
21809930	0.00155237400725456
21811361	0.00441345475427068
21812191	0.00211157452730251
21812321	0.0180207946768981
21812570	0.00566913121095227
21816010	0.00172861376901139
21816061	0.00234458142937388
21816481	0.00194043938563528
21817810	0.00303204191023406
21819320	0.00155237400725456
21819330	0.00186854305435589
21824140	0.0721478726475765
21825680	0.00315726070179839
21828761	0.00507326357225267
21828830	0.00587732699394019
21830210	0.0153445044938557
21831210	0.022696377035756
21836181	0.00256647168132778
21836830	0.0123938492826535
21837530	0.00432654333677534
21837991	0.0023543816202324
21839720	0.00163628834058597
21841161	0.00720920232461808
21841171	0.00278963984471955
21841660	0.0015951445670861
21849000	0.00230688487101727
21852881	0.0015951445670861
21852891	0.0102069098728044
21858801	0.00620001919917217
21859730	0.00441918603103866
21860450	0.00161790414290756
21860830	0.0108510941871727
21861841	0.0023383078540663
21863901	0.00168983807410888
21866271	0.00337344665455543
21868280	0.00362006083750643
21868331	0.00155237400725456
21873151	0.0023543816202324
21874070	0.00282230640972931
21874220	0.00183113765765998
21875901	0.0408715395495718
21876980	0.00358615847605398
21879771	0.00170880707860121
21880310	0.00330246024580392
21882401	0.00169142528998702
21882890	0.00299473022797068
21883221	0.00393452329054936
21887501	0.0033482621506963
21887580	0.0015951445670861
21887600	0.058856991884418
21888300	0.00156492173366445
21888481	0.00248670469411523
21888820	0.0015730297093444
21889011	0.00271867797826914
21890920	0.00156949447484686
21892170	0.00155237400725456
21892980	0.00155237400725456
21893291	0.485991260306014
21893660	0.00224368222086466
21893971	0.00589928775476426
21895221	0.0182468360170509
21895491	0.0595776031348718
21896420	0.00167841810943362
21897841	0.00161136124033963
21898251	0.0428322143795301
21903641	0.00167922985862901
21906620	0.00243472150978161
21908830	0.00161893439725872
21909520	0.00493705248049207
21910401	0.00273914770699547
21910890	0.0022479216324156
21913820	0.0160842452028778
21914090	0.00494883036502797
21914671	0.0354787143921391
21916400	0.113765911727848
21916550	0.00239530242935174
21917831	0.00155919637360364
21919621	0.00260874873556187
21923170	0.0372544557816722
21923300	0.00445278231938931
21923610	0.00272057057537823
21926111	0.00433811952825844
21926470	0.0278530316864542
21929650	0.00155553736144322
21930060	0.0116161509942852
21930111	0.0045302811175964
21932690	0.0508373359366269
21936120	0.00866397953127519
21936171	0.0275578831274579
21937110	0.00239654972020685
21937161	0.00343617867795677
21938101	0.00312003060704583
21939170	0.0131313306897136
21939870	0.0121365270334541
21939921	0.00613763628956791
21941421	0.00313503143866212
21942661	0.0015951445670861
21945551	0.00235074240212972
21947091	0.00173513934226526
21947990	0.00307450579985216
21948850	0.0405582913702017
21949571	0.564095234198936
21950401	0.00471890582349085
21950630	0.00158343101199194
21950890	0.00156970651349801
21952581	0.0037800027689405
21953230	0.00237175433735389
21954521	0.0807660652353202
21955600	0.0374553006548184
21955750	0.00155237400725456
21957780	0.00890484413534281
21958480	0.00261229084123172
21959320	0.0029722550800336
21961961	0.00267450331395841
21963300	0.00557268986177072
21964041	0.00156492173366445
21965431	0.00155237400725456
21966190	0.00243445732691941
21967320	0.00213358016550589
21967341	0.00448921803067801
21967450	0.00185879484443035
21968430	0.092751885698975
21969431	0.00174250758523031
21969841	0.00435593777887413
21970951	0.0900703125184531
21971481	0.0023543816202324
21975160	0.00264327065905668
21975610	0.00164326940628275
21975631	0.00158602379144527
21976840	0.00155237400725456
21978750	0.00174606287040451
21980581	0.00764339046967061
21981151	0.00587397188331643
21982371	0.00346913039402968
21982490	0.00155237400725456
21983160	0.0558679220658707
21987440	0.00189905703573439
21990320	0.00163280053592795
21991700	0.0414855922679963
21992601	0.0023383078540663
21992721	0.00181530723881386
21993090	0.00753881055231659
21993400	0.00278234984768255
21994630	0.00256521392609441
21995030	0.0086685108610459
21995631	0.00351977229964861
21996830	0.0375276262415441
21997701	0.00377753889379746
21998101	0.00156096868154157
22000321	0.00155237400725456
22002111	0.101950804960463
22005090	0.00930747716256702
22005291	0.00282044555722125
22006651	0.00159980547865461
22015901	0.00234084557250736
22017380	0.00471696196087405
22017810	0.00155237400725456
22018190	0.00181990321284131
22018641	0.00224025120030451
22019180	0.0121927683589763
22022320	0.0185145677294032
22023980	0.00279889005005735
22028110	0.00239781240038026
22028430	0.00349163474210846
22028441	0.00341158153158464
22028581	0.00297333331501135
22029821	0.0113279124276694
22032400	0.00158539363665587
22037390	0.00650161706575489
22038931	0.031737710118685
22044290	0.0015951445670861
22045561	0.00404114927436583
22047191	0.00492284735755891
22048991	0.0090942888048253
22050251	0.00319799268208327
22050610	0.00171036983244616
22051471	0.0015951445670861
22052731	0.00155237400725456
22053790	0.010487986317396
22055201	0.00549941490911758
22055280	0.00265946843183371
22058241	0.0211799420160745
22062730	0.00155237400725456
22063081	0.00688724444023469
22063420	0.0015951445670861
22067320	0.00659921620551305
22068280	0.0045957245050223
22070730	0.00159769547950879
22075440	0.00156096868154157
22075450	0.0016963287842628
22075690	0.00204187374714665
22076380	0.00284356980441583
22077011	0.00751532238086173
22077800	0.00163167753974942
22080830	0.00551605630231304
22082340	0.0015951445670861
22082921	0.00385914142727776
22083710	0.00157096948346085
22085930	0.00155237400725456
22087191	0.00425211620746677
22088380	0.00282341164805482
22088581	0.0036551959994417
22089910	0.0105194773484107
22090340	0.0015951445670861
22090381	0.00346047304555325
22093090	0.00333161247908903
22093900	0.00239598068726441
22094600	0.00440769437279132
22097961	0.00558178856886244
22098890	0.00199186591874386
22099420	0.00353114271564804
22103150	0.00174304898746605
22103860	0.0330820310848162
22105660	0.00161790414290756
22107560	0.00676742016262255
22109080	0.00616139675124512
22109110	0.00355361356220289
22110590	0.00161227503833834
22111730	0.00533404609704574
22115140	0.015747591850104
22115580	0.00444400359448752
22117671	0.00278626251681113
22117780	0.00332630702066302
22118060	0.00312397819340375
22121401	0.0180618886262472
22121900	0.00155237400725456
22122511	0.019919221501078
22125500	0.0026335243628306
22126231	0.00193559151072874
22126241	0.0015569101408339
22126610	0.106507509617419
22127881	0.00161556231372598
22127901	0.0019368541627425
22127960	0.00155237400725456
22127980	0.00159841440950664
22128960	0.00203984895244221
22128991	0.00156944749594279
22129271	0.00161227503833834
22129821	0.00156492173366445
22130911	0.00455583898478176
22131860	0.00157623508829516
22132721	0.00201868478379435
22139980	0.00239076794134185
22142460	0.00195244003814327
22143030	0.0303343996258608
22143700	0.00305706811561899
22144581	0.00277212019614873
22146340	0.00388208315446383
22148950	0.00184816168685564
22148981	0.00239986644379147
22150450	0.00161790414290756
22150750	0.00155237400725456
22151891	0.00155237400725456
22154101	0.00156096868154157
22154351	0.00155237400725456
22154381	0.00386216402197271
22154651	0.0035436434637747
22154880	0.0015951445670861
22155420	0.0015951445670861
22155570	0.00278193500868143
22156311	0.0343826913617768
22157001	0.00744511457673003
22158931	0.0015951445670861
22162631	0.00623424854451715
22163130	0.00493059502212292
22164171	0.00156096868154157
22164561	0.0033139005606754
22165121	0.00162263144843689
22165541	0.0015951445670861
22165821	0.00310994690691115
22166771	0.0015951445670861
22168960	0.00590077002952727
22170060	0.00655322233062645
22171170	0.0017165097339458
22172520	0.0078105342820937
22173251	0.00265784959653617
22173610	0.00361109373777844
22174180	0.00155237400725456
22174600	0.00694626861534086
22175731	0.00188634213583357
22175741	0.002880803293078
22176100	0.00181576107343908
22176981	0.0621807838495601
22179170	0.00296610755268151
22180431	0.00907735252447604
22181210	0.195007732207363
22181261	0.00229818171432463
22183741	0.00930981613428024
22184650	0.00336557831313289
22186771	0.00285190019517202
22188270	0.00672970105369883
22188691	0.00164910388865739
22188991	0.0157830678853071
22189811	0.00269718421757406
22191331	0.00761033621700682
22191850	0.0155759203177349
22193370	0.00294366528295769
22193500	0.0015951445670861
22197391	0.00294538353891979
22197890	0.00155237400725456
22198030	0.00923659167185198
22198050	0.0135415260289709
22198340	0.00365184963109831
22199280	0.00294065804068219
22199820	0.00781291119327925
22200370	0.0449788160975412
22200981	0.00255720270391398
22201200	0.00306078600459264
22201610	0.0830316295415108
22207270	0.00321802519684508
22208141	0.00442639251551831
22208790	0.00236776389046587
22209220	0.00190663981275557
22209671	0.0042914531915128
22210860	0.00155237400725456
22212161	0.00222571383033338
22215041	0.0020682841955917
22216971	0.00162382348062575
22219051	0.00336845553257232
22219300	0.0598781004503695
22219410	0.00265828186864535
22219540	0.00175186208776942
22220431	0.00248144619911944
22223000	0.00243816982400768
22226071	0.0315050787185603
22226460	0.002619517940919
22226590	0.00176688157423528
22226750	0.00565586218404111
22226890	0.0015951445670861
22228520	0.00840896189673615
22228670	0.00273240869928623
22230501	0.00553459980418757
22230781	0.00433580545708962
22231020	0.00186476480407081
22232291	0.00364023913460464
22233640	0.156418540039193
22234610	0.00516284828558492
22235710	0.00274591948558003
22238040	0.00158366727735041
22238081	0.00343432748041508
22240551	0.00280194920451086
22241101	0.00344823828021075
22241541	0.00261203806691714
22244820	0.00155237400725456
22246190	0.0015550627241041
22246341	0.0015951445670861
22249080	0.00452480431894108
22251041	0.00155237400725456
22251850	0.0015951445670861
22251871	0.00526311811505834
22252540	0.00184697965576944
22253610	0.00436729388492943
22253880	0.00155237400725456
22253890	0.0121857420028393
22255181	0.0015951445670861
22255280	0.00155237400725456
22255881	0.00155237400725456
22256161	0.00213440326150599
22257531	0.00255036120334972
22260950	0.00155237400725456
22261200	0.00247951356227926
22262641	0.00636870624182241
22262720	0.00236276908869115
22264110	0.0175710325787817
22264530	0.00157403344066964
22266891	0.0049994050544032
22267171	0.00157896707600212
22267960	0.00600951563663461
22268711	0.00197392732438558
22269080	0.00261404618652993
22270590	0.00181315278712089
22278580	0.0222175385063844
22278621	0.00321659691527654
22280421	0.0162734311568152
22280961	0.00264166878877947
22281890	0.00241005130619126
22283830	0.00155237400725456
22284961	0.0118714209723353
22285090	0.00242177352298179
22285931	0.0109546073514942
22286290	0.00236221930319112
22286310	0.273802369722267
22287410	0.00527544004964858
22288500	0.00195358653845786
22289200	0.00265473627769301
22289340	0.0015951445670861
22289371	0.00156096868154157
22289801	0.00285062315279931
22291420	0.00859408432856995
22292080	0.00365144733290929
22293180	0.00328494907003207
22293630	0.0016274882065039
22294170	0.00314840171563164
22295700	0.0015951445670861
22295820	0.00240077466093919
22295950	0.00710683111113829
22297371	0.00322794351682131
22298481	0.00332307997443988
22298870	0.00202520364915573
22301121	0.0168935281647416
22301630	0.0015555393404284
22302150	0.0023543816202324
22303861	0.00155553736144322
22305200	0.00174568269171535
22307120	0.00341275141245757
22307540	0.00245607971337206
22310030	0.0156431719415365
22310430	0.0189345828668987
22310440	0.00441287187045993
22312131	0.00269472012555987
22312260	0.00155237400725456
22312380	0.00234212906562039
22312770	0.00573298247280938
22314040	0.00599011209285827
22314300	0.00263060949576244
22315270	0.00155237400725456
22315451	0.00172323405512163
22316630	0.12879190300643
22318631	0.00155237400725456
22321460	0.00487948547100474
22321941	0.121965751721885
22322010	0.00171306875715338
22322160	0.00170400569905594
22322331	0.0015951445670861
22323171	0.0015569101408339
22323711	0.00342397550283363
22324291	0.00318453699839773
22330491	0.00261094326858201
22330631	0.00792898286385174
22330860	0.00377424710527167
22330970	0.00159710380446657
22331560	0.00155237400725456
22332131	0.00168806077436624
22332291	0.00228274307005561
22334351	0.0023543816202324
22334730	0.00262191265755129
22336090	0.00221990934269179
22336380	0.416860382047505
22337391	0.00329274243179374
22337641	0.0359241878603482
22337740	0.0015951445670861
22340670	0.00156096868154157
22343871	0.00196850681561654
22343940	0.00390228697155367
22343960	0.00558131221247798
22345470	0.00490062128357149
22346730	0.00274582588352944
22347390	0.289073658476814
22348401	0.00155237400725456
22348561	0.00198073614261
22348691	0.00328869163987827
22349921	0.00259769728591628
22350071	0.00155237400725456
22350310	0.00415313774799305
22350450	0.00372148584577627
22351010	0.00619602431490553
22351530	0.0433426472715311
22355711	0.00252815621957652
22355840	0.00498413488903062
22357200	0.00161902720225576
22357661	0.00349336032941572
22360011	0.00422190205333966
22361091	0.00802695332923062
22361460	0.00156492173366445
22361931	0.00228267546206458
22362970	0.00330729210184046
22364650	0.00505919914573226
22365040	0.00155237400725456
22365111	0.00272088895492771
22369921	0.00200442256629499
22370320	0.0140707727954371
22370980	0.00205608474209521
22372240	0.00397794946064596
22372800	0.0039295166324038
22373371	0.00437054209157102
22373781	0.00155553736144322
22373791	0.00155237400725456
22375420	0.0172049254883202
22376821	0.00641450903024891
22376910	0.00155237400725456
22378010	0.0109903587065924
22378491	0.00296931163991634
22379441	0.00696891992580189
22381470	0.00237494010501282
22382160	0.00982186626552902
22382280	0.00325495828207325
22384271	0.00614150537273383
22384620	0.00158539363665587
22385320	0.00280674543634274
22385771	0.0015951445670861
22386471	0.0015884030675312
22390000	0.00160546143595618
22390570	0.0183980838893919
22391820	0.00155237400725456
22393630	0.0164459726546401
22394051	0.00529184094790424
22394150	0.00158670963428244
22396220	0.00239616606071507
22396230	0.00155237400725456
22397361	0.00498002692372722
22397501	0.00163308229636248
22399520	0.0046120347341109
22400821	0.00408238256224408
22401170	0.0015951445670861
22401210	0.00155553736144322
22402030	0.00490410599544695
22402321	0.0015951445670861
22404350	0.002404983109498
22406341	0.00803326677299156
22406761	0.00288237986097905
22409101	0.00155237400725456
22410300	0.00617680747757361
22411130	0.00190065407281393
22411431	0.00173206525268143
22411441	0.00155237400725456
22414601	0.00974704727104648
22416541	0.00414439301901388
22416930	0.00341791251070763
22417491	0.00162869499269882
22417921	0.00199996878395986
22418590	0.0202984450967423
22420100	0.00155237400725456
22422730	0.0065226907233898
22424510	0.0026409424146577
22424930	0.00186871535265089
22426150	0.00155553736144322
22426430	0.004368903967806
22426881	0.00294486931670313
22427431	0.00594198107566778
22427701	0.0025567443695898
22428200	0.00373858667596978
22430010	0.00155553736144322
22430440	0.00305799682367223
22430461	0.00168065610608291
22430550	0.0159307447761841
22430761	0.0015951445670861
22430871	0.0032483838359277
22431940	0.0026757912380254
22432760	0.00155237400725456
22432920	0.00156492173366445
22435031	0.00274400328786341
22435151	0.00155237400725456
22435650	0.00156970651349801
22435660	0.00155237400725456
22435701	0.00282341164805482
22435790	0.00161227503833834
22436001	0.00174636142419494
22436060	0.00183400182226952
22436220	0.00205804627334146
22436900	0.00323009726685482
22437310	0.00234263719787234
22438731	0.00789266134106724
22438860	0.00155237400725456
22439960	0.00157096948346085
22440531	0.00161136124033963
22441590	0.00180980249677392
22442891	0.2532514604844
22443140	0.00243593981230397
22443240	0.0015951445670861
22445070	0.00439671700886471
22445620	0.00155237400725456
22446570	0.0155203099657545
22446611	0.00308843657370077
22446700	0.0018099793161175
22446850	0.00156096868154157
22449720	0.00158343101199194
22450601	0.00155237400725456
22451561	0.00303784940703079
22452630	0.00574293075439682
22452961	0.00258664089075929
22453921	0.00292666603955961
22453990	0.00179437192647559
22454591	0.00925111208873677
22454850	0.00155237400725456
22455110	0.0016558031584273
22455240	0.00155237400725456
22455370	0.00445052793498241
22455390	0.00334523945138088
22456951	0.001804906729609
22457030	0.0015655298899166
22457511	0.0039337876235776
22458341	0.00470465610995527
22460370	0.00371399889154766
22460480	0.00155237400725456
22462461	0.00155237400725456
22463250	0.00184815641799577
22463380	0.00453515154943081
22463701	0.00403118571565558
22463820	0.00155960670200936
22466051	0.00158158962571906
22467540	0.00490281892491086
22468340	0.0132256389155781
22469460	0.002849028365339
22469921	0.00155237400725456
22470300	0.00385038732447713
22470960	0.00281753336295789
22472080	0.00155237400725456
22472630	0.00430418847840549
22472760	0.00324208279936366
22473231	0.0190474106683176
22478321	0.0015951445670861
22478471	0.00197745643116452
22481211	0.0015951445670861
22481880	0.00367584951584416
22485030	0.00239182560312871
22485091	0.00409378219164265
22485160	0.00155237400725456
22485231	0.00310999451595291
22487141	0.00164993408890617
22488111	0.00163308848355139
22489211	0.00697100364113549
22489651	0.0015842860020072
22492391	0.00197688921788923
22492941	0.0015881098798012
22493921	0.00326455431579786
22497740	0.00155237400725456
22498000	0.0015951445670861
22498741	0.00156890846419704
22499540	0.00472149950240876
22500070	0.0075125407383769
22500490	0.00289571604282467
22502611	0.00432282321510234
22505501	0.00155237400725456
22509621	0.00303254047015387
22509641	0.00155237400725456
22509781	0.00221510797872983
22511551	0.00243171746508838
22513340	0.02972458579114
22513430	0.00174595015923566
22513450	0.00340943030046862
22514820	0.00155237400725456
22516620	0.00360184798791444
22517060	0.00155237400725456
22517911	0.00676174117402731
22518471	0.00199543945275488
22520350	0.00279084716085877
22522430	0.00247769729696129
22523090	0.00487302691358278
22524760	0.0430990169696019
22525231	0.0015951445670861
22528671	0.00320859518956213
22530430	0.002408523501017
22533491	0.0015730297093444
22534000	0.00581933293028317
22535831	0.0111828628038992
22537221	0.00155237400725456
22540531	0.00281201474865061
22540661	0.00300113542632379
22541170	0.00241769309744376
22541891	0.00183287679738374
22541911	0.142332211612173
22542710	0.00156970651349801
22543131	0.0088343682675374
22543650	0.00155237400725456
22548531	0.00157753162078369
22549040	0.00174568269171535
22549170	0.00234569763538334
22549211	0.00155237400725456
22549231	0.00201369263265743
22549351	0.00170505657638831
22549720	0.00175614720905208
22553320	0.00344703837278574
22553450	0.00252552582061994
22553501	0.00155237400725456
22554840	0.00646311897721467
22556600	0.0116669638572788
22557170	0.00253687927736984
22558451	0.00591046207794195
22558830	0.00264403279181258
22559411	0.00400803291255772
22559930	0.00195257919134342
22560600	0.00383743389799283
22561300	0.00158779241557088
22561470	0.00156970651349801
22563131	0.00205929181069694
22563940	0.00731961554260377
22565050	0.00206122171883265
22566601	0.0038010069871722
22566741	0.00235233004746427
22567670	0.0015951445670861
22568671	0.00163603918811246
22571151	0.00273751979689919
22571380	0.00157762610480311
22572480	0.0015951445670861
22575360	0.00209448645812396
22575390	0.00182016467185283
22577201	0.0015730297093444
22578540	0.00161227503833834
22579100	0.0015951445670861
22579230	0.00526141699981658
22579691	0.00340111792039833
22584101	0.00551487191400822
22584951	0.0223578830853105
22585310	0.0015951445670861
22586710	0.00553863666140753
22587431	0.00540203401797
22587541	0.00156944749594279
22589570	0.00156944749594279
22591530	0.0024564376128781
22591551	0.0015951445670861
22595380	0.00155553736144322
22596931	0.00332512017031853
22597570	0.0115517380794359
22604070	0.00156096868154157
22604340	0.0856940211574913
22607110	0.00281156887734173
22607401	0.00244649152819246
22610390	0.00474987086026645
22611691	0.0265348238790957
22615510	0.00155237400725456
22615541	0.0069823227378102
22615650	0.00162810464946499
22618270	0.00156492173366445
22618441	0.00348515418985498
22626280	0.0255755784558569
22635530	0.00478932600623228
22635760	0.00790515953101287
22637040	0.0100440029033758
22637901	0.00307140911269278
22639421	0.00157575414547598
22641420	0.00176003961954377
22644111	0.0163297351269433
22644460	0.0287832848556845
22649601	0.0015730297093444
22649621	0.00243142473571501
22649990	0.00155237400725456
22651910	0.00155237400725456
22652781	0.003405961661713
22655001	0.00327596177297219
22655650	0.00984868239252944
22657201	0.0273411969370819
22657761	0.00211139925003518
22660231	0.0114376482956653
22661990	0.00189386884943423
22667630	0.0029199509217557
22668760	0.00478486853227334
22669550	0.00240202775784274
22669560	0.00337953962225279
22669970	0.00397225576299993
22670041	0.00160551973816389
22671220	0.00161790414290756
22671811	0.0034117619747713
22675411	0.0052945105402985
22675541	0.00182335888053486
22678130	0.00242544836485789
22679230	0.119618613293641
22683370	0.00157096948346085
22685300	0.0015951445670861
22686861	0.00369171077160581
22687930	0.0026818320404431
22689410	0.00174892805299284
22689860	0.00155237400725456
22689901	0.0015951445670861
22691401	0.00155237400725456
22693290	0.00155237400725456
22693440	0.00278563345881096
22694041	0.00162710925714171
22697870	0.00185768639279141
22697970	0.00346861092983084
22697990	0.00155237400725456
22698041	0.00188358386325349
22698151	0.00155237400725456
22698301	0.00278339545067971
22698410	0.00358790816160189
22699100	0.0019535499237706
22699360	0.00158898717948595
22699380	0.00161551312993896
22699411	0.00158348298842786
22699640	0.00370769228856768
22699650	0.00651766982039594
22699790	0.00159841440950664
22700070	0.00286452059199292
22700170	0.00182673453847788
22701601	0.0148364015322352
22702011	0.00263937171846816
22705040	0.00201868478379435
22705331	0.00169429788178199
22705410	0.0015951445670861
22705420	0.00155919637360364
22705830	0.00156492173366445
22706441	0.0100391837967617
22709611	0.00155237400725456
22710171	0.00383356734692661
22711080	0.00156970651349801
22712200	0.109050255622137
22712371	0.00383671030376317
22713590	0.00173566519889496
22714120	0.00282669258625955
22715111	0.0110074449993267
22715380	0.00354417279198555
22715681	0.0143700074618505
22717310	0.00551245805236791
22717471	0.00155237400725456
22719900	0.0166079016137999
22720310	0.00155237400725456
22720720	0.00245162578822909
22722711	0.480857034799166
22722940	0.0153962639510564
22726280	0.00155237400725456
22728480	0.00635628109188736
22729430	0.00434330313225394
22731401	0.00882728520376472
22733601	0.00155237400725456
22733891	0.00166483681910127
22736190	0.0500740086300456
22736330	0.00985359398202023
22737560	0.0609129523077258
22741191	0.00514985964856627
22742670	0.0487014854921886
22744480	0.00179573152912327
22746140	0.00825461786039059
22746561	0.00202111718186202
22746991	0.00157575414547598
22747230	0.00170255455584251
22747240	0.00314167664716021
22747961	0.00340594124981451
22748070	0.00261154117742068
22748320	0.124961506390139
22749560	0.00155553736144322
22749710	0.00279735953276282
22750660	0.00565985606951913
22750810	0.00156970651349801
22754561	0.0170861807967287
22754820	0.00277675879433409
22756580	0.00258554280383157
22756740	0.00730172240530361
22758390	0.00828884162898612
22758680	0.00246120407142296
22758721	0.00192560852538202
22759251	0.00163718660969336
22761430	0.00253110733529358
22762861	0.00291323469712543
22763261	0.00162729780605736
22764180	0.00159462776645277
22767951	0.00155553736144322
22770721	0.00229498508183334
22772091	0.00175020481895138
22774790	0.00869092110534536
22776901	0.0079297618670046
22778380	0.0015730297093444
22778930	0.00471413786776692
22783230	0.0036152552679898
22784221	0.0458951976281682
22786100	0.0172601565604866
22787920	0.00164342731677475
22792740	0.00849483533759314
22793181	0.00735750010478428
22795681	0.00310551962388326
22795770	0.00369004381762388
22796631	0.00870380995436818
22798831	0.00244260264276009
22799650	0.00825487300701139
22800211	0.00233757049325256
22804200	0.0015951445670861
22804221	0.00206694618144808
22804921	0.00307015351675565
22805140	0.0512743311381243
22805810	0.00155237400725456
22807111	0.0015951445670861
22807190	0.00908318192884025
22808030	0.00263069146551568
22808071	0.00469011522366873
22808491	0.00155237400725456
22809041	0.00391168722538235
22810161	0.0015951445670861
22812911	0.00155237400725456
22813041	0.00248290348876497
22815251	0.00155237400725456
22816091	0.00416657472578216
22816231	0.001765568335158
22818500	0.00158348298842786
22819951	0.00310043207755273
22821731	0.00169530657856054
22823651	0.00205501731103725
22824211	0.00308418505222443
22825741	0.0131264315440094
22827600	0.00731872083640782
22829540	0.00176730736785989
22829810	0.00159033001397309
22830411	0.00249566571207907
22830680	0.00155237400725456
22831050	0.0015569101408339
22833560	0.00321180465254082
22836580	0.0232494313230917
22837861	0.00272311763644559
22837871	0.0164464180595272
22839360	0.00166464267879608
22840491	0.0015884030675312
22840980	0.00155553736144322
22842680	0.00156890846419704
22842851	0.00155237400725456
22842981	0.00253074221875425
22843330	0.00587369330840963
22843350	0.00156492173366445
22844771	0.00421944034139666
22846680	0.00231717194849634
22847261	0.00155553736144322
22847330	0.00156096868154157
22848570	0.0108706102620064
22848730	0.00352783089297476
22849950	0.00308315537478682
22850400	0.0015951445670861
22850540	0.00180550101417
22850930	0.00156096868154157
22851111	0.00155237400725456
22852030	0.00155237400725456
22853601	0.0047098741484948
22855651	0.00156096868154157
22855780	0.0015951445670861
22857560	0.0015951445670861
22862390	0.00185875684941643
22862780	0.0015951445670861
22862940	0.00875523796561837
22866131	0.00155237400725456
22866141	0.0023581800338831
22866400	0.0037248202424099
22866930	0.00243292590863095
22867880	0.00155237400725456
22868740	0.0448361442105648
22869851	0.00188864808038433
22870561	0.00161946470570261
22872040	0.00202930795401524
22873830	0.00155237400725456
22873991	0.0015951445670861
22874380	0.00277937177196661
22874431	0.00257074504816668
22875180	0.00358929460811828
22877051	0.0015951445670861
22877731	0.018865086723623
22878141	0.00155237400725456
22878660	0.0038346155349502
22878691	0.00339583605615811
22879080	0.0453996380550714
22879610	0.00239781240038026
22879941	0.00281809862757657
22880010	0.00234650874634444
22883060	0.00155237400725456
22883190	0.00753490138586828
22883500	0.0460113784438642
22884720	0.00362655898820918
22887900	0.00250593034151413
22888491	0.485095759777473
22888580	0.00383275520839246
22889420	0.00155237400725456
22890541	0.0224808597598093
22890800	0.0124539951796888
22890981	0.00961100410653477
22891630	0.00337826334708511
22893120	0.00236994151553474
22893461	0.00240548729401274
22894930	0.00277144241012841
22895760	0.00477261112962368
22897861	0.00242893341325729
22899770	0.00250079014699654
22901690	0.0521297809399928
22903180	0.00349932359407495
22903641	0.0118679414190214
22903791	0.00383867816659939
22903880	0.111569766869919
22905660	0.00344669521092881
22906360	0.00250084214150926
22907220	0.00159860748902245
22909441	0.0129816176271821
22911320	0.00155237400725456
22911340	0.00212358054321911
22914131	0.00246393110757457
22914261	0.00155237400725456
22915770	0.00158348298842786
22917461	0.00244661451456532
22918691	0.0015951445670861
22918701	0.00791090457703977
22920331	0.00242138101142621
22920751	0.00640173307754558
22921321	0.00161698592299456
22921680	0.0144522333313399
22924081	0.00741348449398043
22924140	0.00158539363665587
22924460	0.00170505657638831
22925150	0.00223806408936251
22928201	0.00157096948346085
22928430	0.00830101345906068
22931480	0.0015550627241041
22933010	0.00555313209644904
22933270	0.00337483067520353
22933540	0.00766919931219461
22934520	0.00292026086431527
22934530	0.00231803940519119
22939600	0.0102768104260828
22943880	0.0015951445670861
22945120	0.00160042223898922
22945390	0.00187590487889728
22945940	0.00273233084102282
22945960	0.00252389416191218
22947490	0.0161690684791452
22947890	0.00387904856935054
22949591	0.0148469139295409
22951190	0.00156492173366445
22958971	0.00477143233284814
22959371	0.00156512401636283
22962650	0.00155553736144322
22964201	0.00171272577738007
22965960	0.00329650014270859
22967450	0.00174056242030977
22968331	0.024735491855697
22968901	0.00160515709585893
22972341	0.00155237400725456
22973410	0.00162907245942165
22974930	0.00350780206869984
22975070	0.00204354790997893
22977441	0.00237175433735389
22978831	0.0048992916698281
22978951	0.00175754788372268
22978971	0.00283459129756533
22980331	0.00155237400725456
22980870	0.00492900292838702
22980891	0.0139876932550084
22981120	0.00155553736144322
22981270	0.00247161157974061
22982790	0.00231884060628986
22982811	0.00287356887991589
22984410	0.00155553736144322
22985950	0.0015951445670861
22986261	0.00180449588353776
22986490	0.00204047215518534
22987241	0.00532038897557612
22987310	0.00349380788982556
22989011	0.00409323448718241
22989311	0.00436983076921178
22991101	0.373695257354665
22992310	0.00196692480814279
22994531	0.00267764288503762
22996570	0.0025225644596691
22999170	0.00273226153134813
22999310	0.00207281229959337
22999880	0.0164138060238647
23000270	0.00647957100880233
23000580	0.00891610161771249
23001100	0.00203012905634256
23002131	0.00929375567795989
23002520	0.00277268393353835
23002890	0.00198154238771048
23003091	0.00166290303197038
23003720	0.00164604498224291
23003791	0.00274557423273271
23004751	0.00292591570765035
23004761	0.00502759445993763
23005711	0.00178019533502787
23008010	0.00181762939020122
23008871	0.00372680791962764
23009861	0.00431585546423316
23011880	0.00219875569330134
23016030	0.00155553736144322
23016430	0.00155237400725456
23016440	0.00188595898255476
23016820	0.00231803940519119
23017250	0.00158670963428244
23017441	0.00159456948129079
23017991	0.00305772702987517
23019091	0.0565894186184455
23020440	0.00348728010462663
23022541	0.00199128704822588
23023351	0.00155237400725456
23024580	0.0035069794602397
23025311	0.00301544792692256
23025701	0.00155237400725456
23025711	0.00155237400725456
23025830	0.0015951445670861
23026240	0.00156096868154157
23026401	0.00169138713578844
23026411	0.0015951445670861
23026531	0.00247566375576197
23026650	0.00156970651349801
23027221	0.00465895327657491
23027340	0.00158151677489102
23027440	0.00434396709211686
23027450	0.00155237400725456
23027580	0.00157623508829516
23027600	0.00226391140827243
23027651	0.00155237400725456
23028051	0.00183834434978703
23028201	0.00289529401567535
23028321	0.0256931209170095
23028331	0.00156949447484686
23028440	0.00155237400725456
23028710	0.0015951445670861
23028860	0.00155237400725456
23028980	0.00155237400725456
23029000	0.00191298940123486
23029021	0.00274159942221238
23029400	0.0015951445670861
23029441	0.00156492173366445
23029690	0.00179199796123598
23029851	0.0015951445670861
23030001	0.00181086382541287
23030131	0.00158602379144527
23030230	0.00155237400725456
23030261	0.00156944749594279
23030531	0.00155237400725456
23030780	0.00155237400725456
23030910	0.00155553736144322
23031170	0.00169504231541334
23031221	0.00155237400725456
23031460	0.00194485046876473
23031491	0.00163378346227502
23031590	0.00155237400725456
23031730	0.00170575259774707
23031750	0.00155237400725456
23032331	0.0015951445670861
23032450	0.0015951445670861
23033130	0.00216684835725669
23035211	0.00259838603128944
23035231	0.00156096868154157
23035890	0.00264563422586625
23036430	0.0076512244718991
23037530	0.00276749362657339
23039440	0.00542443586417661
23039880	0.0015951445670861
23040850	0.0123631627683234
23041171	0.0207026910708366
23043651	0.0015951445670861
23044341	0.00263855264123287
23044601	0.003373470351245
23046340	0.00622033415356369
23047361	0.00156096868154157
23049930	0.00530339139921347
23050661	0.0031047152081286
23050910	0.0169054512462719
23053171	0.0215735490145317
23053240	0.0015951445670861
23053370	0.00324815252048021
23054131	0.00248030286772255
23055190	0.00540150661138707
23056140	0.00446735606005041
23056820	0.00155237400725456
23057800	0.00159800363816675
23057930	0.00232322528823122
23058790	0.00155237400725456
23061540	0.00156512401636283
23065701	0.00624351836747059
23066811	0.00269661889708554
23067060	0.00407373933294873
23067901	0.00301397698887165
23070671	0.00167291162301692
23072960	0.00274591948558003
23073270	0.00363827204274088
23074381	0.00663558407908959
23074391	0.0015951445670861
23075030	0.107562173030045
23075440	0.003704317581522
23076010	0.0110218798028608
23076061	0.0104218297656667
23076331	0.00611322293364547
23076341	0.116125124440594
23077090	0.00161136124033963
23077971	0.00182671107561485
23079340	0.00199353448468416
23079511	0.00170054016145441
23079880	0.00166418010352715
23080331	0.00591704660213009
23080881	0.00160540748339551
23080970	0.0015951445670861
23081571	0.0027342700942663
23081670	0.00331926381689145
23082910	0.00313084600216951
23087050	0.0031604691111177
23087221	0.00158348298842786
23088710	0.00263699082973093
23088881	0.0089931212732182
23090340	0.0130789558437565
23091740	0.0023543816202324
23093981	0.00156492173366445
23094801	0.00212820778283189
23096881	0.00232322528823122
23096980	0.0016386438593817
23096990	0.00311600145062782
23097120	0.00156944749594279
23100400	0.00161136124033963
23103081	0.00391791621822527
23103091	0.00202513961541588
23103160	0.00155237400725456
23103300	0.0015951445670861
23103351	0.00155237400725456
23103470	0.00155237400725456
23103740	0.0255879115406032
23104300	0.00326923177041139
23104550	0.00156096868154157
23105431	0.00156492173366445
23108260	0.00161136124033963
23108451	0.00287415107223125
23114630	0.00248960506079249
23115310	0.0374828194058492
23115341	0.0016397194642947
23117001	0.002587606038856
23117841	0.00184709904730786
23118230	0.00638915364129638
23121691	0.00312189059468066
23122251	0.00275366495772283
23122630	0.00217063806546013
23123750	0.00274859045423879
23128130	0.00227081603165741
23129271	0.00660694493374988
23129851	0.00378601211752773
23131491	0.00167841810943362
23132010	0.00261243794961963
23132260	0.00170315207782643
23137120	0.022518501964604
23137551	0.0015951445670861
23137701	0.00157753162078369
23137790	0.00466457255513911
23139621	0.00291456567997488
23139860	0.0242623611069744
23140581	0.0261575000459599
23142920	0.00158824716560705
23143160	0.00274784123513201
23144710	0.00335121974418723
23147211	0.00195848089735862
23148881	0.0163902549433558
23150381	0.00155237400725456
23151170	0.0015951445670861
23154740	0.00248562491459157
23156441	0.00192215763597828
23157390	0.00164604498224291
23161271	0.00155237400725456
23162671	0.00159980547865461
23163341	0.00373184879938573
23163911	0.00163178531330705
23164670	0.00155237400725456
23164851	0.00178697024055119
23166671	0.0015951445670861
23169650	0.00155237400725456
23170320	0.00156096868154157
23170941	0.00155237400725456
23171850	0.00231803940519119
23172560	0.00417696365956966
23175160	0.00248627502983885
23175710	0.0113156455463688
23180711	0.0024271593076372
23183221	0.00201868478379435
23185281	0.00172684401029441
23185930	0.00159860748902245
23186050	0.00559512834936592
23186060	0.0015951445670861
23186350	0.00212977778838849
23187010	0.00159769547950879
23187310	0.00159769547950879
23187320	0.00421029029015311
23187341	0.00302939695324952
23187471	0.00350414690459536
23187850	0.110466721127221
23189640	0.00156096868154157
23190880	0.00193692921183119
23190890	0.0015951445670861
23191170	0.00258641560715595
23191720	0.00298313041833747
23192181	0.00155237400725456
23193291	0.00488819259622712
23193670	0.00289802462624261
23194350	0.00360421446077794
23194671	0.00960462675350193
23196960	0.00619258715849332
23197131	0.00156944749594279
23197380	0.00268541386153306
23198880	0.0839212424923812
23199160	0.0070198880850583
23199740	0.00169644134688847
23200181	0.0448769500875289
23200871	0.00155237400725456
23201551	0.00168683402499966
23201971	0.00538027672973635
23203061	0.384502883825218
23207730	0.00161136124033963
23208940	0.00155237400725456
23209660	0.00262393561817589
23210231	0.00183278231792621
23211970	0.00161136124033963
23212810	0.00402415383898859
23215191	0.0045048819882254
23216021	0.00322603228736814
23216041	0.00348014013239539
23221790	0.00210202253555398
23222330	0.00320816978638229
23225640	0.00161790414290756
23227331	0.00902862868730106
23228171	0.00966421509813355
23228181	0.00255935001050636
23228301	0.00156492173366445
23228581	0.00470788482020978
23229770	0.00162493619815191
23232250	0.0041913065455932
23234651	0.0302753241804944
23234740	0.00182486510328803
23234791	0.00278163552731073
23235010	0.00161136124033963
23235331	0.00159462776645277
23239170	0.00483507063470742
23240451	0.00239019598146664
23240540	0.00204568374740762
23242480	0.0023543816202324
23245660	0.00903579667485048
23247300	0.00254280113645851
23248700	0.00298426681236714
23250620	0.00418442383193277
23250870	0.00273158615173639
23252550	0.00274976941644504
23252711	0.00253576693341888
23253401	0.0101916973866517
23255061	0.00266269847221138
23256280	0.029560832185054
23257411	0.00595078211834674
23257961	0.0085134344692858
23258651	0.00155237400725456
23260690	0.00576286363024036
23261281	0.00813263273980219
23269070	0.00587592066982717
23269900	0.00202191623048908
23270060	0.00246227827682623
23271710	0.00155237400725456
23275690	0.00924512190209815
23275830	0.105923857047216
23276520	0.00164112475649167
23276981	0.0018031778656824
23276991	0.00284106552028851
23277391	0.00155237400725456
23283321	0.00157575414547598
23283450	0.00601821428124856
23284011	0.0116178472143074
23284260	0.0147674871216814
23284810	0.0041799809326375
23285141	0.00178253105206758
23285790	0.00423138674539401
23286070	0.00435372852545173
23288120	0.00201715989796061
23288390	0.00159323970475729
23291000	0.00207426158442011
23292000	0.00455061581339421
23295150	0.00568671244624822
23296441	0.0800597498685288
23300530	0.0157456207733495
23301941	0.00157604308015066
23302170	0.0040537186395396
23302880	0.00186023080031611
23304311	0.00313626192419006
23307280	0.00468416492180388
23308120	0.00161505113448967
23309370	0.0237256337485527
23311160	0.0062997574969887
23312991	0.00155237400725456
23313111	0.00412458592661616
23314310	0.00273635809023645
23316021	0.00429600037796198
23316270	0.0256378666633263
23316851	0.00242387397777698
23317271	0.00807247669888896
23317480	0.0016834019735806
23318351	0.0108551855067744
23320540	0.0015951445670861
23320711	0.00306201060579361
23323731	0.0033415512952148
23324520	0.00490569772579956
23324930	0.0610278055085322
23325200	0.00278339545067971
23329230	0.00189231190190725
23332281	0.00202160649721688
23333900	0.0315513779401567
23337510	0.0189213648193853
23337681	0.00155553736144322
23340120	0.00161403476886127
23340851	0.0024501261246011
23345401	0.00204236003304727
23346330	0.0015951445670861
23346450	0.00269511653900275
23347290	0.00382936164912701
23348151	0.00233738996554719
23352701	0.00176318792442304
23352930	0.013730144466748
23354310	0.0147901666958393
23355311	0.00709842151989946
23358371	0.00176406729354032
23360581	0.00602787257047033
23361271	0.00368821435847802
23361801	0.00171058307111273
23361900	0.00155237400725456
23361920	0.00190468086827894
23367170	0.0018689060756905
23367720	0.00175737172632808
23371160	0.00560465414035995
23372670	0.00330449708070213
23372971	0.00381695279308482
23374340	0.011913064274347
23378081	0.00187705422065525
23379030	0.00155237400725456
23379710	0.00247702080142619
23380991	0.00174235892746853
23381251	0.00744318448007752
23386351	0.00271352772603503
23387410	0.00290266946300145
23387451	0.00250160544562412
23388640	0.0109000269400338
23391120	0.0046007655692891
23392411	0.00264145643945412
23392650	0.0223173503418522
23394211	0.00664798846715856
23394460	0.0015951445670861
23395830	0.00155237400725456
23396360	0.0609163673946002
23399290	0.00547188631875323
23400691	0.00931353175321145
23403570	0.00156944749594279
23404240	0.00296230203555122
23404810	0.0015951445670861
23405401	0.00513933939076768
23408380	0.00191187645684735
23408390	0.0257180970892184
23411000	0.00303478525784219
23413360	0.00171962607008672
23416120	0.00338262113127187
23421090	0.00160540748339551
23421220	0.00155237400725456
23421890	0.00272904727344284
23422190	0.00679419785733441
23425050	0.0158322312207818
23425890	0.00686252675072716
23426610	0.00155237400725456
23429080	0.00216818704058103
23431420	0.0365155247108594
23434641	0.00398934238150748
23436691	0.00416925358799023
23437070	0.00254717282176866
23439130	0.00269000279108981
23439301	0.00318748151493239
23441210	0.00321166751294694
23442290	0.00227081603165741
23442580	0.00161338880595051
23444011	0.00373210149666443
23445330	0.00247137138850931
23445770	0.0023563725490895
23446481	0.00182175911761715
23448380	0.00772928140772408
23450351	0.00246732625032295
23451881	0.00156492173366445
23455851	0.00242526498261529
23456001	0.00155237400725456
23456120	0.00289008589010696
23457220	0.00306589548871421
23461620	0.00157096948346085
23462590	0.00159769547950879
23463301	0.00277409310003147
23466061	0.00155237400725456
23466081	0.00158594909906778
23469101	0.00657944346804454
23469330	0.00579280390415872
23473531	0.00185329055587474
23473811	0.0224274119129449
23473921	0.00927857681388177
23477760	0.00215672664306803
23480080	0.00197216108450655
23480431	0.00288147706778095
23484080	0.00337939503139642
23485671	0.00449815620783366
23486361	0.00306262545478389
23487741	0.00374254958990815
23487980	0.00430646218988026
23490580	0.00640189751856098
23495110	0.00183414614124232
23495731	0.00424626456629468
23496520	0.0248349688049568
23496640	0.00170255455584251
23498020	0.0474994617060422
23499000	0.00217403453175019
23499970	0.0023821390308703
23500821	0.00155553736144322
23503270	0.00178948242985617
23503830	0.00156890846419704
23504500	0.00222089245352394
23507800	0.0015951445670861
23507840	0.00476452521880505
23509251	0.00604502901667568
23509750	0.00220895067303793
23510420	0.00156890846419704
23513661	0.00336401388700663
23515120	0.00363003946890256
23515820	0.00175799289606294
23518471	0.00346521193993541
23519321	0.00238714363407487
23520230	0.00279334295430198
23523461	0.00155237400725456
23526071	0.00505060015035417
23526150	0.45172271080437
23527420	0.00156096868154157
23528070	0.00259383935389563
23528141	0.00155237400725456
23529590	0.00516301827776944
23530160	0.00272056202493934
23534180	0.00289335526199827
23534720	0.00857197780748069
23535301	0.00175133125369905
23535390	0.00157762610480311
23535840	0.001857866195688
23536500	0.00292450478400759
23538730	0.0108803405454039
23542290	0.00308909615627798
23542341	0.0177980795782157
23542751	0.00195621066110063
23544350	0.00155237400725456
23545801	0.00213280667089373
23545880	0.00171036983244616
23545900	0.00379469188771915
23546310	0.00155237400725456
23546860	0.0118005347497954
23547410	0.00253674154639359
23549330	0.00284445250993049
23549350	0.00187931042964058
23549791	0.00193773438504751
23550710	0.00277569071985899
23551540	0.00206627964318454
23552210	0.00208543116543303
23553651	0.00155237400725456
23553791	0.00272924928651883
23556121	0.00506644094262564
23558990	0.00348189539411786
23559540	0.00295569359938809
23559560	0.00675292023753923
23562621	0.00838067598787813
23562690	0.00179971591678004
23563000	0.0115116509847276
23563280	0.00754884127619518
23563410	0.00498391667478263
23563591	0.0518157234977448
23564131	0.00161268769980449
23567861	0.0164718097304495
23569740	0.00810988897199008
23571031	0.00155237400725456
23572660	0.00230782018064882
23573180	0.0495679161745685
23575311	0.00175370540562348
23577050	0.00282638052753023
23578410	0.00198095468396994
23578560	0.00301911011926456
23579991	0.0150526803680924
23581241	0.00169142528998702
23581580	0.00155237400725456
23581730	0.473917833632963
23583100	0.0026430149555279
23584831	0.00167841810943362
23587161	0.00241121720836459
23587270	0.00184166105664334
23589610	0.167180833673825
23590440	0.00157604308015066
23590450	0.00231803940519119
23592271	0.00752202757639873
23592801	0.00155237400725456
23593210	0.00187858131322953
23596240	0.00517272064340603
23599810	0.00167986460901313
23603240	0.00216546268716218
23603260	0.00425913632989161
23605460	0.0200597096594727
23605590	0.406430198256497
23606321	0.00843802904193462
23607031	0.00228120559866819
23608401	0.00297377724648639
23609030	0.00300857727022242
23613101	0.00162710925714171
23613200	0.0066197134739962
23614440	0.0018309969111927
23615260	0.00157753162078369
23615861	0.00258765551020155
23616411	0.00968858874049579
23617180	0.00171453251665535
23617931	0.533422779575201
23619581	0.00337116626626914
23620521	0.00518777335870744
23620821	0.00485272776068664
23621050	0.00161227503833834
23623230	0.00521239929751351
23623240	0.00161268769980449
23623400	0.00308844996339273
23623940	0.00997888289315925
23624630	0.0015951445670861
23632541	0.00155237400725456
23633791	0.0269937904034416
23634030	0.00749513390874712
23637761	0.00226841705586146
23643571	0.00161227503833834
23643851	0.00226319478165446
23644620	0.0111451949838637
23645170	0.0051851819741622
23645771	0.00229498508183334
23646741	0.00155237400725456
23647031	0.00626708975195058
23647301	0.00234458142937388
23647851	0.00156096868154157
23648770	0.0101902684036196
23650410	0.00421612980061289
23650560	0.00274081894281315
23652910	0.0137499024156735
23653761	0.0297169003451515
23653870	0.00556563054572456
23654020	0.00374345977214128
23654280	0.00155237400725456
23654570	0.00410578980299663
23656811	0.0035459915233796
23658201	0.00155553736144322
23658321	0.00161110949403304
23658980	0.00276778118844731
23660681	0.00172327032406008
23660890	0.014140642755353
23660920	0.00707788259429367
23661501	0.0019077999192822
23661890	0.00159456948129079
23662300	0.00261932762713967
23662591	0.00192230699274236
23664131	0.0589829153121754
23665450	0.00155237400725456
23665460	0.00177103625567568
23669081	0.00156096868154157
23669091	0.00155237400725456
23669911	0.00242089954862437
23672401	0.00415662655772963
23672920	0.00160988540896555
23673351	0.00360948965655511
23674191	0.00159922871518655
23674311	0.503780045427349
23674970	0.00262746289733843
23675670	0.00155237400725456
23675711	0.00189992601232256
23677091	0.0015951445670861
23677750	0.00197830806616509
23677761	0.00155237400725456
23680500	0.00157604308015066
23680681	0.00164397021758865
23682410	0.00179194806063001
23682810	0.00276739683783947
23683800	0.00379034230525575
23683930	0.0094526267663008
23684661	0.00531304111859127
23685180	0.0130358050316509
23685330	0.00171474115095177
23686031	0.00455320798452112
23686810	0.00243752503060803
23686990	0.00712238095816764
23688951	0.00605202247939291
23689190	0.00306533888901424
23689860	0.00533428807868364
23690990	0.0015951445670861
23691240	0.00187210005015566
23691950	0.00155237400725456
23692121	0.00241043085988321
23692750	0.00679557790203084
23692931	0.00274925440615161
23693631	0.00224783930340976
23694331	0.00201699238359606
23694461	0.00155237400725456
23694690	0.0015951445670861
23695161	0.00156492173366445
23695510	0.00274591948558003
23695540	0.001580130648979
23696671	0.00211328085687009
23697761	0.0191432489598014
23698810	0.00249337638149329
23699370	0.00370861646281533
23699421	0.00452369265972554
23700360	0.00209752281668238
23701501	0.00361651007825602
23702171	0.00157753162078369
23702710	0.00201596964397656
23702741	0.0015951445670861
23702830	0.0453258577476567
23705320	0.00405421854456898
23705990	0.0015951445670861
23706260	0.00510776319666745
23707100	0.00203889138428772
23707240	0.0029198801505318
23707281	0.00351354319163434
23709310	0.00155237400725456
23710000	0.00314901914754899
23713460	0.0029290886719049
23714441	0.00289006070104138
23714980	0.00509401654405826
23716190	0.00717813169812304
23716241	0.00158824716560705
23717610	0.00289864835495476
23717850	0.0601601133906052
23718420	0.00275701865184522
23719090	0.00175165673453399
23720920	0.00333704372645808
23721980	0.00276430282654534
23722850	0.0105246120485343
23723151	0.32415327515186
23724241	0.00155237400725456
23724951	0.00159860748902245
23725751	0.00172122914391956
23725860	0.0015951445670861
23731120	0.00358745002050615
23731411	0.0027288059825036
23731810	0.0834197098740475
23732630	0.00405225206542973
23733621	0.00367171216870909
23735920	0.00155237400725456
23735971	0.0161388026215975
23737850	0.00272397342233014
23737860	0.00293661009653409
23738031	0.00458545867545874
23738290	0.00155237400725456
23740330	0.00646178393483117
23740941	0.003588936529713
23740951	0.00173259325452057
23743250	0.00155237400725456
23743831	0.00155553736144322
23746041	0.0017033175085524
23748600	0.00193624363968353
23749190	0.00241419590353283
23749580	0.00173728208524026
23752791	0.111000780822504
23753911	0.0119524900886575
23754301	0.00449478696015343
23754840	0.00276764880080199
23755571	0.00156492173366445
23756521	0.0126883754649725
23757560	0.00155237400725456
23757840	0.00184926227308115
23758830	0.00498496174691529
23760070	0.00759923065147535
23760241	0.00288600666448555
23760781	0.0226310451100255
23761501	0.0020299302212458
23762120	0.0015951445670861
23763260	0.00158343101199194
23765880	0.00163280053592795
23766321	0.00230543752999257
23767510	0.00161227503833834
23768791	0.00227081603165741
23769891	0.00443411102706666
23770130	0.00252370718946175
23770161	0.00291059297716264
23770441	0.00157753162078369
23770800	0.00617401039187313
23770861	0.00162406966715448
23771120	0.00334226459904597
23771660	0.00620256724147261
23772381	0.00229813575832267
23773050	0.005124894159082
23773361	0.00281130019438217
23776740	0.00648964409887892
23779271	0.00155237400725456
23779380	0.00231803940519119
23779961	0.0018766076519358
23780381	0.00459878915567338
23782451	0.00156492173366445
23783250	0.00155237400725456
23784740	0.00267169600789904
23785471	0.00155553736144322
23786250	0.00592793265033135
23787551	0.0016105576126631
23787630	0.00508206224888016
23787821	0.00170028342911251
23789351	0.00172122914391956
23789980	0.0015951445670861
23790400	0.00169483328349364
23790410	0.00155237400725456
23792460	0.00388467392270721
23792480	0.0796159889855126
23794430	0.0263585946869125
23797450	0.0344533551378663
23798571	0.00375776525711337
23798851	0.0032188360451871
23799121	0.00296047696901114
23800251	0.00240745134154415
23800760	0.00161136124033963
23802711	0.579742671372578
23802840	0.00155237400725456
23802970	0.00768706760466981
23803561	0.0178630340752156
23806571	0.00158348298842786
23806970	0.00255748485240239
23807530	0.112499507594441
23808630	0.00155237400725456
23809010	0.00155237400725456
23810171	0.0030293170620809
23811530	0.00275631183043932
23815011	0.00173649128169486
23815681	0.00171474115095177
23817631	0.00713306853995641
23821700	0.00181723297173514
23822670	0.00528141111069791
23825440	0.00155237400725456
23826110	0.00284163859446265
23827681	0.00155237400725456
23829010	0.0042747159854141
23829040	0.00186072858907921
23829450	0.0015951445670861
23829830	0.0365528759124357
23830520	0.00467633481396812
23830930	0.00418008129841893
23830981	0.00155237400725456
23832641	0.0293405431443073
23833891	0.00899731808255615
23835001	0.0475702175464579
23835620	0.00156970651349801
23836480	0.00235128653978657
23836911	0.00170255455584251
23841491	0.00309944932853266
23841830	0.00265803748834575
23842120	0.00548761741151606
23843250	0.00156096868154157
23845180	0.00461656479494975
23845290	0.00723378551207332
23846800	0.00332979297133676
23847760	0.00228966649590411
23849850	0.00274591948558003
23850000	0.00155237400725456
23851421	0.00374735418638064
23853440	0.00628906662039522
23854950	0.00155237400725456
23856330	0.00161136124033963
23858250	0.00159769547950879
23859770	0.00455429367157626
23860350	0.00287992661768889
23861611	0.00159769547950879
23862940	0.0056814208764521
23863961	0.00186346262330577
23864760	0.00807324268171695
23869720	0.0147726274951563
23871831	0.0015951445670861
23872381	0.00158539363665587
23875070	0.00273369196778505
23875691	0.00280033193807834
23876771	0.00177051328276828
23877201	0.414170671439875
23877700	0.00237034662125253
23880101	0.0015951445670861
23880580	0.00285221064471283
23882451	0.00611055891861306
23886940	0.00378318535211374
23888521	0.00424322051349468
23889000	0.00436994464957887
23889471	0.00196425822983517
23889710	0.00184361144392782
23892511	0.0279399924743421
23894410	0.00220826414596526
23894970	0.00281583877251832
23896060	0.00461485126851421
23896900	0.00312362233673923
23897160	0.00227081603165741
23897170	0.00566864294372884
23898270	0.0025669162895215
23898530	0.00159187222023563
23899261	0.00330514102569189
23899941	0.00348151670270138
23900480	0.00191576909148379
23900880	0.00321316466500471
23901410	0.00221236502939225
23903500	0.0107559547998413
23903650	0.00260154966582938
23904241	0.00227081603165741
23904351	0.0107290193560462
23904720	0.00182579960050769
23906301	0.00204148554492331
23908590	0.00157877367863298
23908651	0.00189631678230829
23909430	0.00163190678420504
23910000	0.00327103124451583
23913731	0.00640290751490145
23915370	0.0015951445670861
23916361	0.0308860487966061
23916491	0.0020224274345704
23917181	0.00749607119208079
23918151	0.00302570734983693
23921830	0.00175865135755465
23924091	0.00406549409294509
23925170	0.00195605372817205
23925591	0.00156096868154157
23926380	0.00315894624801543
23927640	0.00155237400725456
23928101	0.0015951445670861
23928221	0.0193534040373224
23930650	0.00156512401636283
23933041	0.00160959599796996
23934780	0.00370114968280813
23935100	0.00551549368322888
23936491	0.00169483328349364
23938851	0.115124486761749
23939080	0.00163674662360652
23940631	0.00155237400725456
23940740	0.00155237400725456
23940750	0.00291375431879986
23941270	0.077092080798806
23941451	0.0195182207008554
23943391	0.00159769547950879
23944371	0.00756071624910214
23944470	0.183456929183832
23944641	0.00167814918691193
23945400	0.00161227503833834
23946660	0.00273359783801034
23947121	0.00948282423336311
23947910	0.0117076878194869
23948911	0.00161505113448967
23949170	0.00248672850121362
23949840	0.00527518879995254
23950520	0.00249559702130023
23950561	0.00253428942193359
23951790	0.00326806190722533
23955210	0.00159860748902245
23955391	0.0119159193195439
23956211	0.286022511318204
23956880	0.00210300162661601
23957720	0.00565878814398501
23957891	0.00367420123077574
23958110	0.00697817488659929
23958141	0.00408662449909652
23958431	0.0100222302928866
23959470	0.0015951445670861
23959681	0.00177035538400662
23959801	0.00231188847346858
23961840	0.00235409913078655
23962110	0.00161227503833834
23963220	0.00221318827808477
23963650	0.00161136124033963
23963821	0.00179194806063001
23964641	0.00175548451916714
23964860	0.00400967172733552
23964870	0.00155237400725456
23966141	0.0015555393404284
23967111	0.0015951445670861
23967780	0.00421134508675672
23968870	0.00265073452043454
23969331	0.00254281428136186
23971090	0.0186342527162084
23972180	0.00310082555784678
23973171	0.0015951445670861
23973550	0.00203940908901598
23973680	0.00181047845814243
23974151	0.00249759121087098
23974841	0.0015951445670861
23975381	0.00372285315316158
23977331	0.00759512266781497
23979210	0.00207994490833266
23979220	0.0244262262422034
23979620	0.0017634059866456
23980030	0.194318652629342
23980450	0.00383826824629907
23982250	0.00156492173366445
23984231	0.00294428095316332
23984911	0.00161946470570261
23985000	0.00836238115624788
23986711	0.00156970651349801
23987370	0.00234291492324812
23988631	0.00159839697099091
23988781	0.00183674409242244
23989690	0.00227081603165741
23990520	0.00703803424544111
23990790	0.00156492173366445
23990800	0.00174595015923566
23990810	0.00265961745929532
23992050	0.0015951445670861
23993420	0.00568540040253135
23993950	0.00155237400725456
23994971	0.00159769547950879
23995391	0.00230702235863296
23999210	0.00155237400725456
23999490	0.00912494910185641
24003811	0.00155237400725456
24003890	0.00169609940527794
24003920	0.147058581823257
24005031	0.00155237400725456
24005041	0.00263924553224628
24005840	0.00408486520869376
24006100	0.01010848437539
24006120	0.0103845971474562
24006291	0.00480841558293751
24006551	0.00155237400725456
24008190	0.00199732739905695
24008221	0.00234253837629294
24008751	0.00155237400725456
24008761	0.0024481847533266
24009871	0.00155237400725456
24010790	0.00183400182226952
24010851	0.00282746887872576
24011070	0.00505429333352945
24011910	0.00985983779720439
24013570	0.00155237400725456
24013581	0.00254677686269326
24013690	0.00165067976110045
24014500	0.00316573851896778
24015931	0.00916311575382253
24016190	0.00794489958996489
24016450	0.0024380251744766
24018390	0.0015951445670861
24019760	0.0237942956646678
24020891	0.001765568335158
24021680	0.00316551142027317
24022790	0.00156970651349801
24022971	0.0015951445670861
24022981	0.00234650874634444
24024040	0.00199706556222677
24025530	0.00348018076448419
24025601	0.00178417253025519
24026650	0.0100720207808603
24027391	0.00237682188390536
24027470	0.00161227503833834
24028061	0.0119633338868481
24029820	0.00192900172941959
24032481	0.00248734002540893
24032491	0.00156492173366445
24032901	0.00156096868154157
24033120	0.00299221947273758
24035090	0.047787350960429
24035320	0.00229767254200091
24040501	0.00156512401636283
24040911	0.00162907245942165
24041161	0.0015569101408339
24041810	0.00175037084372489
24042681	0.0020264662033886
24047261	0.00167475163985146
24050640	0.00294316960130872
24052771	0.00282332387282663
24054920	0.00174606287040451
24055371	0.0015951445670861
24055490	0.00424576914769116
24055620	0.00206309159480277
24059350	0.00157678230773049
24062401	0.00156492173366445
24064290	0.0015951445670861
24065260	0.00162218780466422
24065311	0.0015951445670861
24065451	0.0734383702663663
24066100	0.00818994834503329
24067870	0.00161790414290756
24068361	0.00161227503833834
24069441	0.00249337638149329
24071381	0.0577559896534727
24071910	0.00155237400725456
24072351	0.00286320730677873
24072361	0.0104026204336018
24073120	0.00155237400725456
24073451	0.00155237400725456
24073731	0.00321971143845866
24074530	0.0167381938359733
24076170	0.00165036389637452
24076320	0.00173206525268143
24076891	0.00258153560840129
24078350	0.0156301460984796
24078490	0.00378108915297579
24078961	0.00265815977874305
24081280	0.0015951445670861
24082401	0.00282957208314579
24082530	0.00437807229533909
24082971	0.00880282353054488
24083111	0.00155237400725456
24083371	0.00241224264701152
24083910	0.00318437210333104
24084221	0.00155237400725456
24084460	0.00161790414290756
24085010	0.00513888042745505
24085571	0.00167785874717983
24085861	0.00158343101199194
24086670	0.00265255241935283
24087610	0.0030490499408104
24088471	0.00790788475295031
24088860	0.00175912713776687
24090670	0.0092735435206111
24091490	0.00159769547950879
24091770	0.00156492173366445
24095770	0.00361151823465594
24095890	0.00156492173366445
24096170	0.0015951445670861
24096720	0.00874049666107165
24096751	0.0077954535206873
24098910	0.00155237400725456
24100030	0.00200860626242042
24100170	0.00227544005651831
24100211	0.005398394536946
24100600	0.0015951445670861
24100850	0.00535573227726053
24101540	0.0321859874530803
24101721	0.00385666770749636
24102681	0.00240155778170303
24103210	0.00155237400725456
24103320	0.00155237400725456
24103641	0.00243803329006818
24103890	0.0109508617110241
24106401	0.0397179070391073
24106630	0.00188957988497553
24107180	0.0018184811623768
24108430	0.00319285315558352
24110230	0.00833459245790254
24110650	0.0136649176460924
24110780	0.00161268769980449
24110790	0.00289516617770741
24112170	0.0103439631925075
24112191	0.00169142528998702
24112690	0.0042115119244182
24113171	0.00305788388614332
24113981	0.00163674662360652
24114250	0.00322093723497705
24115391	0.00181927780143356
24115460	0.00196367327518903
24116000	0.00241043085988321
24116460	0.0339503745140327
24117431	0.0015951445670861
24119101	0.00169483328349364
24120720	0.0333015016677158
24121041	0.00375559168015235
24121120	0.0047387610288533
24121800	0.00368451131441497
24122210	0.00311856199321984
24122500	0.00161790414290756
24124570	0.00155237400725456
24124611	0.00289653198737111
24125830	0.00269948214667201
24126531	0.00155237400725456
24130141	0.0288817559932722
24130691	0.0025788742333939
24131921	0.00205101391482382
24132010	0.0544736243911141
24134520	0.00160959599796996
24138541	0.0017185881681242
24139900	0.0185499934760837
24139921	0.00161833992208841
24140420	0.00158348298842786
24141701	0.0015951445670861
24142940	0.00721180374295365
24143740	0.00193802797417217
24145301	0.0119604841475432
24146421	0.00461918344727768
24146490	0.00174400111697509
24146691	0.00155237400725456
24147771	0.0826117497559226
24150131	0.0015951445670861
24152071	0.00170505657638831
24152351	0.00378376953568617
24154630	0.0227089195679626
24157571	0.0105263160077365
24157851	0.00193443969387794
24162090	0.0025788742333939
24163860	0.0015951445670861
24166480	0.00802209320966585
24166910	0.0374671763350809
24167060	0.0015951445670861
24167310	0.00196486236883113
24167590	0.00156512401636283
24171091	0.00972421110479136
24171200	0.0147042643177895
24171210	0.00559133000893981
24171241	0.0015951445670861
24172410	0.00245831975078895
24173161	0.00181140051680439
24173390	0.00156096868154157
24173930	0.0015730297093444
24173981	0.00155553736144322
24174500	0.00155553736144322
24174520	0.0015951445670861
24175101	0.0300863888143352
24176130	0.00580112619063808
24177260	0.00188587952933472
24177800	0.00294795315492304
24178801	0.00194736841131161
24178920	0.00168262309180661
24179241	0.00163308848355139
24179651	0.00234569763538334
24181130	0.00477694644555168
24181250	0.00160546143595618
24181270	0.00169623883958933
24181981	0.00156237360833281
24182401	0.00829341371960248
24185291	0.00171003809383224
24185701	0.00155553736144322
24186961	0.0017478024448958
24189240	0.0121342543619905
24192300	0.0168434152306568
24192680	0.00245181066570026
24193400	0.00161227503833834
24194340	0.0015951445670861
24194760	0.0015951445670861
24195470	0.00173665212032769
24195631	0.0145699693297159
24198070	0.00268873977364751
24199030	0.00527754923360762
24200990	0.0125868527836766
24202780	0.00708899097013039
24203091	0.00173955895668427
24203511	0.0244851353013121
24204550	0.00220227943414119
24204960	0.00218395091943253
24205011	0.00205836499387652
24206900	0.00361117525931575
24207610	0.00594348617580714
24207931	0.00156492173366445
24209100	0.00155237400725456
24209120	0.00352890094550408
24213441	0.00163308848355139
24214760	0.00156492173366445
24215091	0.00437540857114435
24215761	0.0197094850586344
24217031	0.00188348155449053
24219300	0.0015951445670861
24219491	0.00274591948558003
24219720	0.00378346060093823
24220430	0.00295436620197071
24222200	0.0018185252880988
24222391	0.00191154002036463
24222790	0.0171405922876861
24222801	0.00155237400725456
24223320	0.0016142515521496
24224270	0.00157604308015066
24224731	0.00214806265183544
24225141	0.00922364484431187
24228150	0.602514306699705
24228170	0.00157753162078369
24229571	0.00155237400725456
24230661	0.0233261111114651
24231091	0.0134561878661618
24232400	0.0015951445670861
24232451	0.034974022762571
24234961	0.560070402765693
24236540	0.0165923538056909
24238620	0.00289907101188929
24239901	0.00556777800847544
24240720	0.00155237400725456
24243160	0.00325234917568798
24243720	0.00161584478210925
24244020	0.0889823466149657
24245400	0.00263168003804125
24247330	0.00325824197804635
24247491	0.00186024494425202
24247870	0.00155237400725456
24247901	0.00155553736144322
24250241	0.00608955073286428
24251361	0.00155237400725456
24251621	0.00329312560592465
24251911	0.0015951445670861
24252300	0.0029428656269169
24253851	0.0864082676697568
24254750	0.00306037036356503
24254791	0.00413852001721322
24255850	0.00365189503584683
24256260	0.00672364164155531
24256591	0.0338682481596888
24256710	0.00257059853836191
24258101	0.00210145195872556
24259580	0.00412703892793744
24259901	0.0020741277315148
24260300	0.00463053436899611
24261301	0.00727642735058375
24263320	0.0173794333254679
24263580	0.00861711171538132
24263590	0.014859440049491
24263720	0.00454173355664288
24265161	0.00738533546495175
24265920	0.00318985843347706
24266121	0.0025436546612911
24267511	0.0017581684497188
24268120	0.0019214308180245
24270821	0.0015951445670861
24270890	0.00313807583902164
24272120	0.0015951445670861
24272550	0.00430702205013998
24273301	0.00240155778170303
24273540	0.0016535872740636
24273831	0.00711546036759507
24274931	0.00435875835604025
24275300	0.00197754781002009
24277120	0.00250996328998624
24278230	0.00302000508101994
24278620	0.00241043085988321
24283860	0.00266509324743692
24284451	0.00257908976288577
24286391	0.00264894453847533
24286510	0.0089977918305972
24288540	0.00260696897504473
24289291	0.00956693740835406
24289301	0.00161435880883451
24289431	0.0083428969284908
24291361	0.00546096601231839
24298080	0.00277592844323104
24302210	0.00155237400725456
24302630	0.0606376289942508
24302890	0.00251533357034522
24303081	0.00264191448978413
24303491	0.00165515067303913
24309701	0.00248469138872809
24316680	0.00414016778060448
24325240	0.0025904942656827
24327290	0.0027138170983994
24327621	0.00200908211922644
24335501	0.00275795091692177
24337390	0.0039902081111955
24344290	0.00254813621722861
24346460	0.0025287508573865
24351450	0.0015730297093444
24352560	0.0015730297093444
24353401	0.00160477769197186
24357770	0.0042510778975608
24362360	0.00267624645385578
24362630	0.00227081603165741
24375590	0.115399306455176
24377100	0.00264744250050316
24379491	0.00162876629457505
24381390	0.00327637767517495
24383140	0.00194106023417616
24383881	0.00155237400725456
24384810	0.00155237400725456
24389541	0.0116587886189112
24391710	0.177049236977601
24392420	0.00163603918811246
24394770	0.00529687472289404
24395450	0.0113291094003284
24395710	0.00176698684544855
24399881	0.00236956570389399
24406781	0.00378354425918488
24408130	0.00251233894000106
24409900	0.0091899862961447
24411061	0.00163153721855732
24412851	0.00206647840130962
24412861	0.00340070828778477
24419331	0.00373294937732958
24424140	0.013424307930432
24424581	0.00171474115095177
24426661	0.0247810758214412
24434330	0.00162263144843689
24442030	0.0015951445670861
24444581	0.0245601942025711
24450860	0.00793233692499292
24460270	0.0122526054794523
24460660	0.0159746547379349
24465900	0.00266926001800623
24472301	0.00442778017241601
24474350	0.00161790414290756
24475010	0.120872632683096
24476810	0.0015951445670861
24478870	0.00209105253294243
24484110	0.0128908809715171
24487280	0.00415300030840987
24487471	0.00161403476886127
24493360	0.00291657085809596
24498450	0.0128150135503729
24499751	0.00219081455777559
24502320	0.00539723509234428
24507321	0.00374853513032838
24508120	0.00156970651349801
24508701	0.00588840488207389
24522641	0.00168008949910191
24523440	0.00182101436812919
24537230	0.00289460570408303
24550091	0.00158343101199194
24553230	0.004785457915313
24560991	0.0262833493059988
24561340	0.0015786561244459
24565261	0.104977419743108
24566470	0.00155237400725456
24571000	0.00587062213972806
24571700	0.00395971073921638
24573340	0.00467118791972053
24575311	0.00288641100097339
24576650	0.00155237400725456
24576680	0.00196470963863433
24577510	0.00620998990059324
24580831	0.00483866060258502
24586160	0.00159426628144449
24588151	0.00161338880595051
24589500	0.154809589905713
24590091	0.00308060276135488
24590470	0.00196226474270554
24593910	0.00156512401636283
24594990	0.00262496602088865
24597360	0.00321066910385429
24597460	0.00200676415335448
24604701	0.0183189590656646
24610180	0.00155237400725456
24610641	0.00249791629817157
24614901	0.00158898717948595
24617241	0.00535939748767087
24618201	0.0019652903910603
24620961	0.00944905503395591
24626501	0.00264388363829234
24626730	0.0132037559543325
24632400	0.00271913078813904
24634300	0.00559026971715772
24639000	0.00509735549622581
24640080	0.00364780285189958
24652131	0.00338808530048932
24653870	0.054092399679824
24655670	0.00723452596968116
24660490	0.00281059116232612
24665360	0.00170505657638831
24671810	0.00270816307902967
24674761	0.00283034554691879
24675301	0.00155237400725456
24681931	0.00270738004437018
24684800	0.0149843164519128
24686631	0.00163341839173802
24691800	0.00180890246509973
24691820	0.0490710659771598
24693910	0.00242351207079206
24695390	0.0015951445670861
24701770	0.00353203549130793
24706621	0.0015951445670861
24713101	0.00254053936322431
24718000	0.078457125337934
24721470	0.00155553736144322
24723380	0.00562950699324288
24724131	0.00161110949403304
24731790	0.0161312147072967
24732370	0.224303419149062
24732790	0.0178833779684168
24742140	0.00931400436628754
24744660	0.00157096948346085
24751940	0.00554902748467158
24756961	0.0114957493350524
24760780	0.00273739215109829
24767140	0.00306420411518484
24767820	0.00241113900061512
24768391	0.00155237400725456
24770570	0.00585090824812051
24771370	0.00240935430862191
24771380	0.00503611190658621
24773900	0.00155237400725456
24777070	0.00617842842435612
24781491	0.00900611765243775
24791380	0.00358395416926418
24801440	0.140358770197387
24806820	0.00364984098303232
24811431	0.00386086346552128
24814830	0.00497167128228671
24815240	0.0161423232158245
24819021	0.00294678764247107
24821740	0.00482412061720552
24828941	0.0015951445670861
24833361	0.00155237400725456
24833450	0.00180570853493132
24837570	0.00254053687646277
24838830	0.00403927893515996
24840791	0.00162862497544177
24852101	0.00373182720947725
24860531	0.00352403826615088
24864470	0.0124806456659356
24868510	0.00279693903700567
24870130	0.00376098071778311
24874041	0.00905698844651912
24878980	0.00169794665742293
24879100	0.00155237400725456
24880600	0.00554366414296401
24880760	0.00244661451456532
24881710	0.00463915861714989
24882020	0.0123451956839938
24889740	0.00422999310354551
24891131	0.0015726475875941
24895711	0.00161599344519831
24900080	0.00276672136436786
24902441	0.00156492173366445
24902560	0.00163341839173802
24906741	0.00224249501231616
24907670	0.0131396941339543
24913720	0.00320665213567743
24915670	0.00495031546627303
24916740	0.00823740245131547
24917880	0.00161790414290756
24921180	0.00324593976006217
24922570	0.00195113234050596
24924640	0.00452621435287342
24930250	0.0134764414870006
24931831	0.00155870913471344
24937440	0.00279100946196571
24939910	0.00160540748339551
24940620	0.0154695666015605
24941621	0.00430575416110805
24941901	0.00158343101199194
24942430	0.0121707535443946
24945071	0.00328479460483633
24945600	0.0015951445670861
24947281	0.00251233894000106
24947350	0.0035886284222963
24950130	0.0144608445894553
24952231	0.0016553410673791
24952760	0.00155237400725456
24954161	0.0024989573952329
24958601	0.0047485364138135
24958711	0.00195627288548661
24963800	0.00471694449596909
24968330	0.0023543816202324
24970721	0.0015951445670861
24970991	0.0159679353695308
24971100	0.00827288865909838
24971681	0.00155553736144322
24978021	0.00372115298561882
24978451	0.00238767404357861
24980521	0.00279334295430198
24980900	0.00383482864164833
24985061	0.00203395143655786
24987920	0.00298184198784424
24990680	0.00566984972986643
24994861	0.004717252832284
25001351	0.107751143813791
25003691	0.00623149112462618
25006420	0.0170450352000255
25008231	0.00244661451456532
25010560	0.0927721018305817
25012320	0.00227980284055342
25014960	0.0028971262643807
25017481	0.0015951445670861
25020210	0.049394303559896
25021410	0.00303991566942366
25025590	0.00489622503861356
25030151	0.00278493605584197
25030830	0.00458278228263254
25036101	0.0046201284427218
25043541	0.00356122856644024
25048050	0.00174568269171535
25049040	0.00253014328787804
25054561	0.00184644428424442
25054701	0.00156096868154157
25057020	0.00160546143595618
25058421	0.00267950739032436
25067261	0.00187747046288418
25068450	0.0052771787567301
25070301	0.00250600495678493
25072771	0.0149562152399671
25077201	0.00187364645243308
25077300	0.00167841810943362
25078940	0.00282435815529773
25079111	0.00466461337528344
25079490	0.0040168002714052
25084600	0.00253593781842261
25086960	0.0766638437741913
25091811	0.00236751063157724
25093680	0.00316070352118644
25097321	0.00155237400725456
25100101	0.00386518675279017
25102691	0.00231803940519119
25104590	0.105606497975151
25113130	0.00272628961445363
25113181	0.0109265971268369
25118390	0.00155237400725456
25124030	0.00446120207056199
25124040	0.0128721491006807
25130281	0.00423830513373689
25140610	0.00247040098819348
25154650	0.00238314669787638
25155200	0.00299963650097411
25160290	0.0042489147785344
25161820	0.0145414159638483
25162110	0.0024028875495539
25166380	0.00794904731862778
25167080	0.00155237400725456
25169041	0.00532181674861899
25170250	0.00370241106766848
25171521	0.01130704887347
25173960	0.0220767785474679
25174971	0.00901333372023903
25176840	0.00270365756379186
25187900	0.00585336155435197
25198950	0.00177962286179903
25211521	0.0498880065628677
25213311	0.00182138026341129
25222500	0.00570346768934494
25224450	0.00446865687897907
25228300	0.00288750856327445
25231870	0.00186100425721287
25245571	0.00974656389535505
25260430	0.0123005961320555
25265800	0.00277609877504458
25274421	0.0018087463632515
25291070	0.00606224868755274
25299490	0.00243832903691269
25301930	0.0016644183274317
25304211	0.0191099260824711
25308010	0.00447194152869921
25311781	0.00155237400725456
25318790	0.00155237400725456
25332410	0.0551862645628639
25339791	0.00336335119614404
25344160	0.00754810633178891
25348420	0.00211631680228928
25356700	0.00155237400725456
25363860	0.00354155583232291
25380970	0.0015550627241041
25383990	0.00343731349573997
25386121	0.00394014905163052
25402490	0.00372075834234953
25405090	0.00320509420899345
25408321	0.0060088644052164
25413281	0.00813405837026142
25418811	0.00501543676478272
25425400	0.00169776832071625
25435050	0.00515567387966557
25441640	0.00276592889604595
25443091	0.00240634038868706
25444570	0.0342873569847996
25448321	0.00554909259698232
25455761	0.00155237400725456
25457561	0.00155237400725456
25459300	0.00181407088007487
25461281	0.00239530242935174
25467170	0.0015951445670861
25471901	0.00227051169830029
25473120	0.0108887013747142
25473220	0.0015951445670861
25478750	0.0249521299083001
25482371	0.00167878699530708
25485540	0.0233324810031187
25494050	0.0134868771721348
25502220	0.00249532079732117
25511020	0.100638171606849
25511850	0.00323931475410083
25512970	0.00192781071417398
25516861	0.0812760623574066
25525920	0.00346615368757981
25530600	0.00155237400725456
25534241	0.00300338006149105
25536150	0.00182885674621169
25538251	0.00180058125879416
25542620	0.00159769547950879
25553390	0.0196889285712188
25555560	0.00173206525268143
25557210	0.00156096868154157
25559460	0.00253655077341022
25562781	0.018254765718667
25563621	0.00246193186403412
25564171	0.00161268769980449
25564581	0.00554498417569238
25566050	0.0015951445670861
25566381	0.00833740960566319
25570801	0.00205894900214614
25571071	0.00248253296082837
25571211	0.00155237400725456
25572871	0.0015951445670861
25573080	0.00534943786484485
25581401	0.00640235191279355
25582511	0.00802631665591839
25583000	0.00481646800401741
25588181	0.015034213924963
25588250	0.0703265419335775
25596140	0.00156970651349801
25596680	0.00191630382619094
25597271	0.00158779241557088
25597360	0.0015951445670861
25600540	0.0107173227245227
25601100	0.00349886412506173
25609821	0.00155237400725456
25613220	0.00330114226449039
25615830	0.0350774983277117
25618740	0.00155237400725456
25625141	0.0055095296783706
25635010	0.00191995035392078
25640431	0.00238666468602004
25642760	0.00167841810943362
25646511	0.00198556267239253
25649750	0.00189182544994887
25649941	0.00307730213424647
25652670	0.00167204519644702
25656270	0.0271947537858172
25657060	0.00227595869537494
25658771	0.00161790414290756
25662860	0.00648473795674726
25664650	0.00330566105840521
25664950	0.00159311409135078
25665760	0.00155237400725456
25669541	0.0119140576105943
25674371	0.00160540748339551
25675280	0.0125624952332616
25675341	0.00373915480746092
25675410	0.00177538792771496
25675980	0.0115494005272623
25676920	0.00155237400725456
25679550	0.0175632253124825
25679891	0.0192857738488287
25681350	0.0166736825932017
25682081	0.00377295184432226
25682631	0.00342447764401329
25682921	0.00164570108955576
25683731	0.00257560708980113
25687960	0.00587068157060436
25688920	0.0030946379264649
25689521	0.0018516117533948
25690480	0.00283111567808829
25690781	0.0189709637401864
25698990	0.00312718383823057
25700960	0.0161993512862396
25701060	0.00406847111130053
25703751	0.00237232871482421
25704161	0.00502818752502862
25705340	0.0196444944913486
25705760	0.0137022014065165
25706020	0.00161403476886127
25706850	0.00253149705920101
25707430	0.00163877111834032
25708141	0.00174606287040451
25708230	0.00374398724936655
25710570	0.00156008272409754
25713941	0.0178434360218202
25714221	0.0410909379070481
25714501	0.00214640375530402
25718310	0.0015730297093444
25719840	0.0080884931422379
25721401	0.00155237400725456
25724390	0.00381813265974575
25725370	0.00478702810277265
25727270	0.00155237400725456
25727960	0.00345621226834693
25729480	0.00175621541168089
25729890	0.00765282582532992
25729900	0.00178733902497617
25730710	0.0031713023668311
25731321	0.00248872552930916
25734720	0.0015951445670861
25736961	0.00603784761091788
25738750	0.0138269964643817
25741681	0.011371075380659
25742860	0.00262571434510351
25742980	0.00159090036661541
25744831	0.00285938303412852
25745780	0.00243215077396398
25746040	0.0107645987134664
25746740	0.00251377753511387
25747000	0.00332828557430318
25747540	0.00163167753974942
25747990	0.00155237400725456
25750750	0.0055180207855482
25751960	0.00155237400725456
25752291	0.00355837775300532
25752370	0.00161227503833834
25754290	0.00197682213487853
25754590	0.00614365433427772
25754921	0.00360658284622597
25755331	0.0015951445670861
25756090	0.00201347478453877
25756930	0.00617147119319907
25757251	0.00353010289761562
25758060	0.0033933789984498
25759160	0.00155237400725456
25759960	0.010792991398007
25760571	0.00155237400725456
25761080	0.0086346235752759
25762040	0.00162710925714171
25762450	0.00550551850418583
25762470	0.00199476928494165
25763550	0.00181156710686945
25766570	0.00254994794864119
25768530	0.00160415752258067
25768851	0.00159222502328361
25768910	0.0784373577670476
25771400	0.00155237400725456
25772161	0.0015951445670861
25773900	0.00262621539836788
25774720	0.00163089881308802
25774751	0.00171041029757216
25774911	0.0015951445670861
25775980	0.00395808123905134
25777511	0.00267845639655616
25777941	0.175652337020943
25780080	0.00159860748902245
25782470	0.0321099938471342
25782570	0.0280006415156865
25783191	0.00342727355635704
25783420	0.00302626713041253
25784141	0.00159860748902245
25784510	0.0110120738182462
25785951	0.0086157057618257
25786740	0.00245843843141744
25787721	0.00160540748339551
25788500	0.00327038748965047
25790030	0.00671968162434877
25791410	0.00189363824457112
25792080	0.00572147430777066
25794221	0.00231968375134865
25794980	0.00885803747681507
25795010	0.00156492173366445
25799950	0.003580417235921
25802170	0.00163167753974942
25802631	0.00163653944395265
25803430	0.00165644664757121
25803840	0.00196662406988983
25804100	0.00155553736144322
25805360	0.0018903048972715
25805910	0.0811858256664654
25806720	0.00210324474550752
25807000	0.0033653114417169
25807430	0.00156492173366445
25807830	0.00604709653288994
25808001	0.0099435747007997
25808940	0.00407269336888756
25811120	0.00773823800248834
25811840	0.00236465385763134
25813330	0.00873598494721174
25813340	0.0025565964618613
25814901	0.00676612664332675
25815120	0.0197620393061902
25815181	0.0023543816202324
25818560	0.00155237400725456
25819161	0.00155237400725456
25821080	0.00247470885301263
25821101	0.00212441055362053
25821210	0.00185688655904557
25822570	0.00585184745928082
25827390	0.00229109277687138
25828131	0.00155237400725456
25829610	0.00155237400725456
25829740	0.0015951445670861
25830191	0.0015951445670861
25831140	0.00436420945143852
25833801	0.00155237400725456
25834710	0.00409137369433746
25834870	0.00449171999399957
25837101	0.00323842032145938
25838590	0.00354767922070916
25838761	0.00155237400725456
25839810	0.0017621999533721
25843041	0.00155553736144322
25844350	0.00155237400725456
25845050	0.0128261337484227
25845511	0.00159187222023563
25848110	0.00554213768093291
25848490	0.00175465642784936
25850570	0.00183135939093108
25851950	0.00806886902107876
25853101	0.00155237400725456
25856821	0.00272540643724934
25860080	0.00289568374960699
25862170	0.0109010289206593
25862320	0.00155237400725456
25864261	0.00155237400725456
25864401	0.0904873393752173
25865330	0.0245371210719521
25866621	0.00241709003668763
25866850	0.00189269125622457
25869511	0.0015951445670861
25869890	0.00199013508902162
25871970	0.00465710367066102
25872760	0.00272636210267384
25875130	0.0055333313394717
25875550	0.00984951662494241
25875571	0.00220673355917152
25876561	0.0015951445670861
25876800	0.00430410338161003
25877911	0.00279032802050382
25878741	0.00414073905660533
25882201	0.00344964668532261
25882550	0.0015951445670861
25882901	0.00158343101199194
25883380	0.0110871545311366
25883670	0.00161216671323561
25883800	0.00155237400725456
25884121	0.00157753162078369
25884380	0.00161136124033963
25885521	0.00210675557347121
25886730	0.0263654329326786
25888070	0.00161790414290756
25888141	0.00273538117449107
25888360	0.00167841810943362
25888500	0.00415534883042112
25891181	0.00155237400725456
25891670	0.0015951445670861
25891790	0.00666298925539664
25893180	0.0015951445670861
25893190	0.0015951445670861
25893890	0.00155237400725456
25894320	0.00441217919761849
25895680	0.00161136124033963
25895820	0.00500775957848136
25896070	0.00155237400725456
25897180	0.00325992548800852
25898040	0.00155237400725456
25899520	0.00280566043747244
25900780	0.00155553736144322
25901740	0.00384752038222697
25902010	0.00155237400725456
25902611	0.00155237400725456
25903291	0.075613897522414
25903451	0.00299857739289251
25904240	0.00155237400725456
25905521	0.0019493162161234
25905631	0.0015951445670861
25907680	0.00293401344854534
25907810	0.0015951445670861
25907861	0.00520149944785663
25908360	0.00155237400725456
25909460	0.00183632725807802
25909490	0.00155553736144322
25909911	0.00387696725982764
25910690	0.0015951445670861
25912281	0.0017635909175715
25913890	0.00707110850957478
25914061	0.00186016161120044
25914270	0.00340382294510467
25916210	0.00221920238752585
25917310	0.00405115839134715
25917720	0.00381500995198428
25917890	0.0814869456531408
25918051	0.0018104303759196
25919100	0.00305335651894519
25919680	0.0130420815980331
25919861	0.00237889476617089
25922331	0.00319269732764772
25923240	0.0194237620882414
25923690	0.00425253205009527
25924490	0.00155237400725456
25924831	0.00389233571015853
25925200	0.0019477745184394
25926010	0.0022468546031989
25926980	0.0183419480092747
25927571	0.00255708131494119
25929781	0.00262560740093449
25930010	0.00445146959393031
25930040	0.0015951445670861
25930860	0.0015951445670861
25931031	0.0024146576617629
25931100	0.0015730297093444
25937221	0.00155237400725456
25938570	0.00411972211962131
25939800	0.00227254139498649
25939940	0.00155237400725456
25940551	0.00253887863848421
25942321	0.00156096868154157
25942690	0.00279453879699688
25942881	0.00252215202589597
25943171	0.00237627938965616
25944411	0.00202355879317107
25945221	0.00183022612279653
25946170	0.00323186610031183
25947950	0.0151210803045683
25948900	0.0015569101408339
25949060	0.00216304839868485
25949170	0.00207563057507309
25950621	0.00363526086240111
25951161	0.00170371083561694
25952790	0.0297366435946608
25953491	0.00242564622036279
25954280	0.00171986130721864
25954430	0.0022751699700986
25956001	0.00274723551174024
25956100	0.00170505657638831
25956681	0.0242725304473048
25957771	0.00395908795174975
25958830	0.0015951445670861
25959021	0.00463304485187394
25959920	0.00155237400725456
25964121	0.0205377311103096
25965030	0.00159860748902245
25965091	0.0558225069034164
25965351	0.0155986881914046
25965371	0.00351796139431416
25967841	0.0028337687279442
25968490	0.0015951445670861
25968531	0.003117102540945
25969241	0.00169138713578844
25969310	0.00194808726424789
25969330	0.00174020859673549
25970181	0.00278234984768255
25970881	0.00242485769586316
25971270	0.00155237400725456
25971831	0.00193669762678897
25973610	0.00162205444705299
25974051	0.00248135045686605
25975120	0.00280744194702114
25975260	0.00530016305692952
25975291	0.00222619652688934
25975380	0.00155237400725456
25975790	0.0185242077994928
25976060	0.00178454008526841
25976541	0.00423208120711461
25976630	0.0015951445670861
25977850	0.00195750341809106
25978451	0.00155237400725456
25978570	0.0600294870773217
25978580	0.00155237400725456
25978700	0.00155237400725456
25979120	0.0015817940595056
25979680	0.00247446419260211
25981050	0.00182784805133898
25981651	0.00245261481917852
25982051	0.00155237400725456
25984521	0.00155237400725456
25985460	0.00417495209861253
25985511	0.0019428562474293
25985641	0.00438943948972244
25986990	0.00466467924303773
25988080	0.00405755730592615
25988610	0.0015951445670861
25989101	0.00292474319370886
25990471	0.0023038207571622
25990960	0.00155553736144322
25990970	0.00237682188390536
25991930	0.00250331307749628
25993221	0.00281497506661511
25994440	0.00163089881308802
25994451	0.00298731664554118
25997020	0.00166558591091493
25998300	0.00156096868154157
25998331	0.00161790414290756
25998540	0.0015951445670861
25998840	0.00620624728591707
25998960	0.00170024450493101
26000610	0.00156492173366445
26003540	0.0064197239162607
26003561	0.00684488058984531
26006400	0.00400532801973992
26009570	0.00237682188390536
26010461	0.0015951445670861
26011920	0.00155237400725456
26012620	0.00248739588758918
26012640	0.00178385919832243
26012661	0.0015951445670861
26013091	0.00155237400725456
26021621	0.0025853687411977
26028360	0.00897072516323538
26028931	0.00295778416705623
26031711	0.00155237400725456
26033730	0.0136639431574982
26039930	0.00368536909129039
26040521	0.0113431307159918
26044811	0.0015951445670861
26045710	0.0129496740946908
26045720	0.00295189954371427
26048090	0.00155237400725456
26048880	0.00660828851240525
26049481	0.00240745134154415
26049631	0.00233886491373403
26050950	0.00155237400725456
26051110	0.00562710023592957
26057211	0.00155237400725456
26059250	0.00395360060607848
26060941	0.00155237400725456
26061020	0.00168545627281598
26062051	0.00367264937653573
26064391	0.00586540681206003
26065771	0.00257522754133862
26067530	0.00265476514930907
26067800	0.00171986130721864
26068080	0.0024654278637601
26068791	0.00352686277106595
26069840	0.00155237400725456
26070731	0.0103396858742432
26078861	0.00184244287127132
26079001	0.00654885279824407
26080480	0.250362451272015
26085150	0.0191003861331557
26086970	0.00155237400725456
26088231	0.00909963908459806
26088801	0.00231188847346858
26089600	0.00406383074711121
26090020	0.130128512125844
26090051	0.00165882360233101
26090680	0.00179281083927998
26090851	0.00188938572984108
26091100	0.0015951445670861
26095660	0.0438114196380553
26098800	0.00311412635041363
26101471	0.00198012053659923
26102171	0.00255444035847986
26106601	0.00297908285045877
26108371	0.00335972495584819
26108740	0.00322306900965886
26110530	0.00175429304706965
26110700	0.0043115711898874
26110940	0.00155237400725456
26118690	0.0107892373151692
26119520	0.0205161667511008
26124910	0.00340400051418544
26125471	0.00352653796649317
26127561	0.00161170512556339
26128241	0.00155237400725456
26129700	0.00187531641214856
26130270	0.00565999514151721
26130601	0.00163153721855732
26132210	0.00590282338122718
26145051	0.00155237400725456
26145710	0.0043936933521204
26147790	0.0733329062824357
26148050	0.00172523571607027
26148801	0.00155237400725456
26158420	0.00287432244294038
26161211	0.0266964483443467
26161310	0.0024451593317766
26166970	0.00551249028758385
26169430	0.00464153645380576
26172730	0.00237574870674621
26177300	0.00155237400725456
26179500	0.00183461725798022
26180180	0.0273885934289117
26182161	0.00336570844276322
26184921	0.0018421327763719
26185450	0.0051999666891027
26185690	0.00197119155112492
26185761	0.00159980547865461
26185850	0.00169142528998702
26186400	0.0015951445670861
26186680	0.00250444284065603
26187650	0.00205098746450954
26187780	0.0138722319780784
26189440	0.00155237400725456
26196760	0.00352876580485441
26202441	0.00243807507823278
26205570	0.00266137701177911
26209481	0.017502983265854
26213840	0.00967842328492295
26217601	0.0015951445670861
26218100	0.0023543816202324
26220081	0.00338000076183125
26220641	0.0015951445670861
26222100	0.00695947096063038
26222800	0.00279541737638313
26223770	0.00506449603977329
26225420	0.00484253329954269
26231370	0.00230135182272938
26232440	0.012172365032007
26232501	0.00805995189845811
26234161	0.00399413055844981
26234550	0.00237886755457906
26234861	0.0035117436040474
26236900	0.00390737327447622
26237181	0.00156492173366445
26237321	0.00155237400725456
26237410	0.013894244147862
26239271	0.00229658385134175
26241280	0.00167841810943362
26241700	0.0023543816202324
26242240	0.00161136124033963
26242421	0.0032485438091298
26243411	0.0445427737488663
26248081	0.0015951445670861
26249461	0.00691117971227423
26249960	0.00369155828392694
26251230	0.00431488151062818
26253061	0.00577184182574637
26254800	0.00575778530802946
26256211	0.00167841810943362
26256340	0.00155237400725456
26258000	0.00426121632599358
26258991	0.0015951445670861
26259111	0.00155237400725456
26260081	0.00602409263542405
26261611	0.00685173683585503
26266810	0.00307165743465314
26266960	0.00984798672930921
26269731	0.00155237400725456
26271620	0.0015951445670861
26271920	0.00161136124033963
26273170	0.00322301494385046
26275770	0.0176540679123337
26277710	0.00155553736144322
26278011	0.0030933940409903
26278301	0.00161227503833834
26279790	0.00345448099670282
26281550	0.47004342365147
26282540	0.00726497774511507
26288720	0.0015951445670861
26289820	0.00173075705930673
26289990	0.00156096868154157
26290301	0.0017247359887256
26291671	0.00156492173366445
26291951	0.0015951445670861
26293171	0.482963089860391
26299190	0.00155237400725456
26301201	0.00180043417458681
26301420	0.00290504898906763
26310920	0.00379568777695808
26312231	0.00275473750852134
26313471	0.00170941926947885
26315801	0.00374992055805352
26316091	0.0094035073247639
26316190	0.00187925106102706
26320091	0.00557439012775002
26322431	0.0015951445670861
26324020	0.00470779450227937
26325670	0.00161009833419647
26326500	0.00646418829637047
26326670	0.00161047183781924
26326961	0.0015951445670861
26327101	0.00253141473338353
26333840	0.0131745879693722
26335900	0.00273203587659466
26338360	0.00356711774939136
26344840	0.00278710777913726
26344901	0.0015951445670861
26345181	0.0638003026110887
26345260	0.00273700931192732
26345311	0.00239726581495403
26345731	0.00255028114756935
26345820	0.00156492173366445
26346400	0.0131053631152431
26347880	0.00364103027234637
26352201	0.00318686625123925
26355740	0.00156492173366445
26356730	0.012152009433701
26356990	0.00155237400725456
26357191	0.00201605323280787
26357700	0.00155237400725456
26358910	0.00167475163985146
26361000	0.00419073729946876
26361710	0.00242414219416633
26365840	0.00653852310204643
26377161	0.00155237400725456
26379320	0.00786251972393956
26379811	0.021869348768592
26384440	0.00412433249293412
26385601	0.0547379821307744
26387500	0.0112922250722461
26388621	0.00408831966662533
26389191	0.00871613481182383
26389420	0.0046466212725364
26392501	0.0138896600571558
26392631	0.00155237400725456
26395091	0.00253471719471636
26395791	0.0329756366840852
26397150	0.00228319528257003
26399750	0.0018333835320773
26400590	0.0306305565008031
26400990	0.0015951445670861
26401010	0.00161902720225576
26403480	0.0052107138254603
26404290	0.00291127005911256
26405570	0.00182085394609573
26405711	0.0156977836102633
26408560	0.0423618581402542
26412010	0.00407898120897482
26412180	0.0044695635093103
26413010	0.00298128501840935
26413871	0.0015951445670861
26415880	0.00173689134408322
26422640	0.00481415548670408
26423791	0.00156096868154157
26424580	0.0044505010435249
26427910	0.00920483369361669
26428201	0.00163890693947965
26429800	0.00155237400725456
26431900	0.00192542125082339
26433010	0.00182242460059262
26434271	0.00161136124033963
26434401	0.00285191628990792
26435770	0.00272873899336825
26435870	0.00444172007261687
26437280	0.00603093468998226
26437410	0.00155237400725456
26438500	0.0387052170778614
26439630	0.00169290469754781
26440010	0.00169195720877556
26440160	0.00156492173366445
26440320	0.00229526013621422
26440980	0.00382098475511649
26441041	0.00455747152917475
26442110	0.0015951445670861
26442360	0.00411206429050458
26443361	0.0072640456993959
26443931	0.00155237400725456
26444881	0.00171182048638895
26445810	0.0740339232153433
26447460	0.00167841810943362
26447610	0.00177907249197913
26450001	0.00198558689134207
26450650	0.0402181041290424
26451080	0.00184487001133483
26451210	0.00237175433735389
26451320	0.0172555766386683
26454110	0.00289761579551897
26454951	0.00391396778321415
26455080	0.00408890918649906
26455200	0.00593385207318297
26455251	0.00155237400725456
26455801	0.00156492173366445
26455900	0.00166547996648438
26455931	0.00163308848355139
26457120	0.0278847798519047
26457140	0.00567561782742683
26457420	0.00156096868154157
26457540	0.00311838058336852
26457851	0.0069172328568712
26457930	0.00338659670171937
26458230	0.00351128979505954
26458401	0.0015951445670861
26459791	0.00155553736144322
26462671	0.00163341839173802
26462691	0.00180129635757207
26463200	0.00521667420953379
26463641	0.00178522755382951
26464570	0.0027239535089364
26464631	0.0016589484071458
26464700	0.0194468376075253
26467241	0.0136529850488296
26468331	0.00300890983438699
26469380	0.00245943504980751
26469660	0.00247446419260211
26470411	0.0017581684497188
26470421	0.00279415644396954
26471101	0.00175037084372489
26471221	0.00162266554222556
26472290	0.00302257487926582
26473161	0.00180579274995722
26473861	0.00845192877634122
26474660	0.00159980547865461
26474671	0.00914304315194201
26475190	0.0258219026961659
26476481	0.00155237400725456
26477181	0.0031307759636692
26478520	0.00177071762385951
26479651	0.00155553736144322
26480840	0.00155237400725456
26481021	0.00199420985346541
26483040	0.00181982845192412
26483630	0.00298744163473978
26485130	0.00334507650515716
26485581	0.0480930832149083
26486360	0.00176306551860683
26486780	0.00163308848355139
26487480	0.00161338880595051
26488430	0.00197436907493551
26489400	0.00172122914391956
26489650	0.0267181344323184
26490391	0.0015951445670861
26490630	0.00184725875941039
26491070	0.00186346262330577
26492611	0.00164878552537834
26494370	0.0927257683772712
26495030	0.0096764511989515
26495241	0.00155237400725456
26496690	0.00171003809383224
26498080	0.00174612628890125
26498650	0.00259679096886148
26499501	0.00494090987780398
26500150	0.00155237400725456
26501530	0.00582034787718129
26502411	0.0272959303104347
26503040	0.00155553736144322
26503900	0.0015951445670861
26504481	0.00356292203234052
26504560	0.0276867092098172
26506480	0.00266453070650034
26507200	0.0179261751118144
26507631	0.00344573578532466
26508481	0.00489104454452431
26509171	0.00155553736144322
26509530	0.0234666589507743
26509690	0.00182089827989603
26510401	0.00593744488880353
26511781	0.0015951445670861
26512280	0.00289283403309915
26512730	0.00418922891985067
26514391	0.00500026419814145
26515081	0.00308894344208484
26515631	0.00227081603165741
26515720	0.00163167753974942
26516621	0.00185933339125408
26517011	0.00684769123780296
26518350	0.00161227503833834
26521000	0.00712059086083038
26521581	0.00289946676880131
26522640	0.00971218623105048
26522831	0.00167841810943362
26522900	0.00256942255421832
26522941	0.007993405726206
26523381	0.0015951445670861
26525140	0.00288795086334439
26525721	0.00270402295141437
26528741	0.0182772280375865
26529281	0.0255391919000154
26529390	0.00453605897223321
26531340	0.0154509772120602
26533400	0.00246914806045694
26537950	0.00267437592157039
26539040	0.0028513972356388
26539631	0.00303489586118954
26543750	0.00422580539720107
26545021	0.00614122690159738
26548280	0.00870558262567408
26548580	0.00254308822170851
26548601	0.0100474295696926
26549960	0.0359249548203875
26550210	0.0191612866863597
26553841	0.0297563712229499
26559071	0.00165698004430052
26560280	0.0309836239254607
26561650	0.00246672545815528
26562770	0.00175912713776687
26563190	0.00331044409129362
26566890	0.00255854912871506
26569441	0.036749323210754
26570401	0.0015951445670861
26574671	0.00296768276428061
26575231	0.00263556392891722
26578090	0.00231959221943863
26578401	0.0267028517981799
26579860	0.0827215940785445
26579880	0.00207474454707742
26580341	0.00368582019302962
26582391	0.0733309858510639
26583730	0.0142687922343859
26585571	0.00161227503833834
26586271	0.00320996237089682
26588580	0.00565534095553507
26588970	0.0252666245726655
26590200	0.00992210379486297
26590360	0.00201026030542133
26593151	0.00163341839173802
26595570	0.0168188980779975
26596400	0.00631945564068424
26596980	0.0598164157463164
26600980	0.001938648207214
26601120	0.0015730297093444
26601260	0.0017355941366707
26602521	0.00158574412912967
26604260	0.00308097919394853
26604300	0.00158898717948595
26605291	0.00244661451456532
26605530	0.00155237400725456
26605701	0.00803868891581409
26606370	0.00238527539646416
26607430	0.00175409138119589
26607730	0.00244140416520976
26609291	0.00155237400725456
26609411	0.00288671642477592
26609431	0.00470397130927018
26609780	0.00155237400725456
26610470	0.0019493162161234
26610880	0.00161893439725872
26611921	0.00374441080515986
26612280	0.00155237400725456
26615221	0.00160891863132884
26624010	0.00289648534852807
26625021	0.0301251218074426
26626391	0.0045199242511729
26629271	0.00407636503316467
26632810	0.0026599759771142
26633411	0.00294617508901469
26641161	0.0033884721966471
26641711	0.00264041335936452
26641770	0.00484327169601173
26641841	0.00328117810371073
26642251	0.00244115460239949
26642371	0.00518050387384139
26644290	0.00158779241557088
26646101	0.00255173621649892
26648471	0.00316601262936811
26649810	0.0463983440430597
26653021	0.00162897398831809
26653561	0.00353438212879575
26654060	0.00284887053443871
26654090	0.00371611487167005
26655570	0.00155237400725456
26655611	0.00195599914857492
26656400	0.00234539964738585
26657810	0.00339585226415623
26658490	0.00161790414290756
26662220	0.0040139235586791
26662750	0.00156970651349801
26662760	0.00204071202523109
26663061	0.00155237400725456
26665571	0.00283432488999018
26666060	0.00155237400725456
26666531	0.00155237400725456
26667180	0.00258071500472588
26667450	0.00173571862662887
26667710	0.00155237400725456
26668161	0.00175943795184887
26668871	0.00279372372759919
26670090	0.00155237400725456
26670740	0.00190470960268041
26671180	0.0298202116748887
26671211	0.0539452781497851
26671720	0.00333510721952935
26671740	0.002635565768038
26672120	0.0016644183274317
26673100	0.00277134894736115
26675290	0.0465230172345122
26676020	0.00979756272623122
26678511	0.0906749537019055
26679840	0.0178769519443387
26680301	0.00294032324225416
26681291	0.00172003042468092
26684120	0.00241324789923676
26684301	0.00298428579155903
26686620	0.00155237400725456
26689510	0.00223299416608211
26689561	0.00162463719984215
26691190	0.00170148852567535
26691300	0.00473357143634868
26691570	0.0032052677179773
26692171	0.00235731803541376
26692810	0.0024761182507393
26692851	0.0853693646333733
26694531	0.00157096948346085
26694770	0.0100299329244781
26694880	0.00281728095068253
26696461	0.00302200693596167
26696581	0.0015951445670861
26696731	0.00198632639450277
26697670	0.00178094011413185
26698231	0.00155237400725456
26699761	0.00193634343644419
26700810	0.00156241468314722
26700871	0.00155237400725456
26704051	0.0793278319686465
26704690	0.00190202818363069
26704711	0.00155237400725456
26707730	0.00203236457509257
26708000	0.00155237400725456
26709411	0.00174606287040451
26711020	0.00155553736144322
26712041	0.00509679655283859
26714590	0.00155237400725456
26715290	0.00169138713578844
26715460	0.00640285866773635
26716430	0.00156096868154157
26716830	0.0165871474622517
26717131	0.00334708544344142
26718870	0.0015951445670861
26720130	0.103923423489868
26721001	0.00237088737069002
26721561	0.00268644096356486
26721940	0.0020277866075629
26722060	0.00194427852110164
26722080	0.00163380197998963
26724120	0.00156492173366445
26724311	0.00155237400725456
26725650	0.00155237400725456
26725841	0.00361305191856138
26726101	0.00197754781002009
26726791	0.00156512401636283
26727481	0.0557289292266336
26730371	0.00167454194597288
26731870	0.00202831987408497
26736991	0.00246032270578754
26737220	0.00166047321887713
26737770	0.001765568335158
26738241	0.00155237400725456
26743730	0.0021352480515019
26743891	0.00158574412912967
26744321	0.0017478024448958
26744670	0.00310137501319884
26745630	0.00161136124033963
26746080	0.00240155778170303
26747160	0.0113173607285891
26747450	0.00250447446684556
26749370	0.00804758356693257
26750521	0.00481761581886529
26750791	0.00155237400725456
26751570	0.00682491697079705
26751741	0.00313016362694027
26752041	0.00218830235256837
26753001	0.00373175499595872
26753121	0.00188423327290267
26754050	0.0131527804696798
26755341	0.00723194072815147
26756550	0.00189147168457951
26756851	0.00337691701676897
26756970	0.0015730297093444
26758371	0.00182579439528251
26759850	0.0032099502835237
26760240	0.00427294758090692
26760260	0.0015951445670861
26760970	0.0015951445670861
26762081	0.00184824359952138
26762361	0.00195618350604487
26762501	0.0018725573597333
26762630	0.00237886755457906
26762791	0.00156096868154157
26763061	0.00246277610960178
26764660	0.00153569609248706
26765401	0.00161790414290756
26766081	0.00155237400725456
26766900	0.046830276885601
26768530	0.00376564893659401
26769070	0.02117725858472
26770470	0.00267628274123914
26771881	0.00155237400725456
26772110	0.0015951445670861
26772960	0.012702863168261
26775160	0.002044344809878
26775560	0.00155237400725456
26775830	0.00199928812788775
26778200	0.00546617339755086
26780861	0.0029482359817603
26781261	0.00155237400725456
26781360	0.0442860839357386
26781380	0.0015730297093444
26782340	0.00178094011413185
26783010	0.00266418918395041
26783280	0.00252274673888316
26785650	0.00155237400725456
26788021	0.00336935590302402
26788380	0.00490793715147692
26788670	0.0015951445670861
26789001	0.0015951445670861
26790511	0.00396818770269845
26792120	0.00296043630693014
26792930	0.00476476302563739
26793401	0.00176730736785989
26794330	0.00267124768831828
26795710	0.00254775870511154
26796151	0.0027157361672196
26796820	0.00155237400725456
26796991	0.0165644139707571
26797760	0.0117939163402307
26797831	0.00155237400725456
26800110	0.0701044879663989
26801141	0.00155553736144322
26802730	0.0015951445670861
26802740	0.0015951445670861
26802750	0.00162443719341938
26802760	0.00155237400725456
26803290	0.00174595015923566
26803471	0.00196455650592364
26803751	0.00183503614731532
26803830	0.00310518188967473
26803840	0.00688935430364999
26803901	0.00187648652524416
26804140	0.00155237400725456
26804721	0.00308159122548921
26807000	0.00354212005397405
26809100	0.00155237400725456
26809480	0.0027210073756081
26812670	0.0015951445670861
26814470	0.00160333028738286
26815960	0.0015730297093444
26817121	0.00174568269171535
26817890	0.00169021771164236
26818590	0.0015951445670861
26819280	0.00164939605722647
26819891	0.00230525495328354
26820240	0.00178470650601422
26820950	0.00269175573314463
26821671	0.0015951445670861
26821920	0.00328735449981671
26824100	0.00155237400725456
26824171	0.00166181757218622
26825261	0.0015951445670861
26826720	0.00495150038130529
26826760	0.00239420612292702
26826990	0.00156096868154157
26828550	0.00207254275800729
26829750	0.00711070302509539
26829890	0.00180137548494472
26830050	0.00282274972412609
26830170	0.127244045288384
26831201	0.00157096948346085
26831310	0.00166401211313957
26831341	0.00162984789015293
26831830	0.00231071474642829
26831990	0.0015951445670861
26833240	0.221348100999539
26834990	0.0015951445670861
26835051	0.00172122914391956
26835601	0.00155237400725456
26835700	0.00155553736144322
26837391	0.01183200707
26837811	0.00315481675685474
26838211	0.00590244305187466
26838620	0.00263923347508198
26839030	0.0187428469601941
26839410	0.00342163150717493
26839461	0.00561479464582395
26839960	0.00171930312612658
26840281	0.00155237400725456
26840711	0.0050408991794298
26843020	0.00196801953776342
26843191	0.00178524502020525
26843461	0.0110912678040316
26844161	0.00162161765451333
26844281	0.00161790414290756
26844550	0.00492422384687964
26844650	0.00328254941953097
26845521	0.0016192054410868
26846320	0.00156492173366445
26846990	0.00155237400725456
26847741	0.00155553736144322
26847881	0.00917692528035963
26848390	0.00155237400725456
26848431	0.00851997081444433
26848950	0.0887454802337304
26849220	0.00261774072807235
26852151	0.00155237400725456
26853801	0.00296141875165875
26855720	0.00156096868154157
26855990	0.00169981682818008
26856100	0.012877413184121
26857640	0.00557893334486113
26858460	0.00389718403851563
26861131	0.001703503109903
26861230	0.00332993987830389
26861271	0.00162862497544177
26861370	0.0072854589552642
26861610	0.00162045841118543
26861780	0.00298095530365688
26863430	0.00477429637918579
26863990	0.00329235238136665
26866781	0.0015951445670861
26871181	0.0015951445670861
26873470	0.0274905160129911
26873661	0.004689235866291
26875160	0.00155237400725456
26875690	0.00173616684149664
26876441	0.00370153293730308
26880011	0.00323936011959637
26880670	0.094143850487529
26881391	0.00350217919365006
26882340	0.00163190678420504
26882351	0.0059569497200125
26882491	0.0199133988371257
26883540	0.00389621200033194
26885811	0.00267013566818246
26886710	0.00314877498363392
26888120	0.00667225117107907
26888960	0.00236622879651038
26890361	0.0015951445670861
26890511	0.00391308512310434
26892520	0.00203834565618194
26892841	0.0159918105591909
26894860	0.00283909131392627
26895010	0.00504833726470185
26895400	0.00160540748339551
26895440	0.0131397732777909
26895820	0.00491865434954591
26896831	0.00181293597275428
26898030	0.00157096948346085
26898320	0.0015951445670861
26898440	0.00156944749594279
26899280	0.00163872058323818
26899580	0.00242302081240864
26899680	0.0217931342281383
26899710	0.0152205296069604
26900940	0.00274777407238105
26901910	0.00161227503833834
26904370	0.00266957787455421
26904561	0.00623158947201411
26904640	0.00294678020244841
26905791	0.0604825794535954
26906081	0.00155237400725456
26906740	0.0756705950385978
26907751	0.00155237400725456
26908950	0.00155237400725456
26908981	0.00190803407489284
26909360	0.00475903440666256
26910081	0.0024481847533266
26910091	0.00247803388302178
26910440	0.00175813679101371
26910450	0.00215426639020653
26910921	0.0043335330420807
26912151	0.0179836349890543
26913200	0.0015951445670861
26915000	0.00367136270465244
26915420	0.00203756295545539
26915461	0.00155237400725456
26916110	0.00423982237245188
26916390	0.00176330486548055
26917640	0.00288097344605513
26918750	0.00155237400725456
26919160	0.00155237400725456
26919451	0.002438614981056
26919861	0.00155237400725456
26921111	0.002671352463766
26924100	0.0047546215028868
26924230	0.00155237400725456
26924530	0.00155237400725456
26925080	0.00155237400725456
26926341	0.00155919637360364
26926880	0.00155553736144322
26928421	0.00156492173366445
26928500	0.00155237400725456
26928691	0.00412148083510302
26929620	0.0695916570316411
26930850	0.0047654618214444
26931441	0.00314412972015356
26934460	0.00541121795488414
26937371	0.00283459129756533
26937951	0.00349210157738149
26938160	0.00231803940519119
26938201	0.00403976156560388
26938211	0.00198987038922716
26939331	0.00244661451456532
26939430	0.0037151615545654
26939570	0.00161403476886127
26942720	0.00377220331919303
26946590	0.00270464761030176
26946621	0.0111070883989891
26946781	0.00397008257061283
26947441	0.00258590863988818
26947560	0.00175020481895138
26949391	0.00506428648788029
26949740	0.00156492173366445
26951581	0.00155237400725456
26951850	0.00156096868154157
26951861	0.0015951445670861
26951871	0.00680678456016939
26952390	0.00155237400725456
26953511	0.00257310764871918
26953610	0.0015951445670861
26954071	0.00155553736144322
26955540	0.00156492173366445
26956770	0.0026497372288922
26957610	0.00173206525268143
26959451	0.0792048300192689
26959560	0.00749812958352411
26960431	0.00155237400725456
26960541	0.0015951445670861
26960821	0.00156237360833281
26961870	0.00156492173366445
26962600	0.0027043533116976
26962710	0.0987545761697713
26963591	0.0396904811846728
26963810	0.0120155446526741
26964230	0.0224669047043686
26964640	0.00189613773632397
26964950	0.00162794101371547
26965121	0.0084152701332731
26965261	0.00156492173366445
26966621	0.00240411389290345
26966730	0.0015951445670861
26967830	0.0015569101408339
26968001	0.00175037084372489
26968800	0.00697831645575031
26969791	0.0215231311848246
26973070	0.00160540748339551
26973111	0.00155237400725456
26973460	0.0015951445670861
26973671	0.00377761640321803
26974450	0.0016142515521496
26974621	0.00340939135720018
26974710	0.00157753162078369
26975000	0.00155237400725456
26975871	0.00161833992208841
26976120	0.00161110949403304
26976701	0.00158978382148008
26976790	0.0149408716177356
26977600	0.0015951445670861
26978560	0.0103251308995103
26978980	0.00170024450493101
26980220	0.00172556931490858
26980670	0.00337106177357814
26981371	0.00172879215097827
26981521	0.032356490894703
26981910	0.00155237400725456
26981921	0.0015951445670861
26982751	0.00176111888375444
26982901	0.00158779241557088
26983171	0.00161227503833834
26983540	0.00238836216989829
26983601	0.0700803587285992
26985231	0.00313956860463442
26987140	0.0065474089964191
26987690	0.00161136124033963
26987731	0.00158447805781027
26987851	0.00426006289011021
26988940	0.00195964779523738
26988951	0.00155553736144322
26989040	0.00155237400725456
26989050	0.00213733985248128
26989060	0.00172327032406008
26989910	0.00155237400725456
26990010	0.0160465180141479
26996500	0.00302187157864874
26997180	0.00243717699326322
26998190	0.00175638049737626
26999861	0.00270386416482953
26999991	0.00161895324585019
27000360	0.00182225551915453
27001511	0.0197242843570571
27001781	0.00293365000322306
27002970	0.00155237400725456
27003711	0.00376092963756127
27004011	0.00161916782348687
27004490	0.00155237400725456
27005050	0.121423199898435
27005651	0.00283367424566416
27007871	0.00638795520393534
27009060	0.0110477633333871
27009630	0.0015951445670861
27010570	0.00155237400725456
27011031	0.00284061091862319
27012271	0.00367167259730488
27013340	0.00246325966740644
27013460	0.0031045869467557
27013600	0.352571533420995
27013740	0.00392788028028393
27015260	0.0105123788440056
27015420	0.00155237400725456
27015950	0.00626197113243126
27016421	0.00661693536608915
27016650	0.00161790414290756
27017241	0.00155237400725456
27017770	0.00498908606940797
27017931	0.00161790414290756
27019810	0.00247923975197332
27021350	0.00300386745100664
27021801	0.00156096868154157
27022420	0.00155237400725456
27022970	0.00156492173366445
27024271	0.00155237400725456
27027000	0.00197813555012293
27027010	0.0015951445670861
27027280	0.0699123654725006
27027540	0.00215860779817847
27028411	0.00219563912203836
27031820	0.00342585671042901
27031851	0.0053834145422985
27032681	0.00155237400725456
27032910	0.00167841810943362
27034010	0.00269119525374065
27034290	0.00155237400725456
27034300	0.00275027589131214
27034460	0.0015951445670861
27034970	0.00540913939041262
27035840	0.0106213096459414
27035851	0.0015951445670861
27037791	0.0151260278598793
27038061	0.0460521840806293
27038720	0.00313591042031712
27039110	0.00173595262052354
27039140	0.00170075014128097
27040421	0.00412947626698778
27042881	0.00157096948346085
27043130	0.00346819835695313
27043560	0.00168588001582048
27043960	0.0144914012947152
27044261	0.00282337329827229
27044961	0.0018307596055595
27045231	0.00267366417874764
27046020	0.0590707276698101
27048390	0.00155237400725456
27050010	0.0015951445670861
27050550	0.00206521678189772
27053880	0.0102108533004739
27055291	0.266348913913384
27055380	0.00182116110682541
27055711	0.00155237400725456
27056070	0.00155237400725456
27056240	0.00489486661996637
27056640	0.00213369563924394
27058040	0.00161790414290756
27058351	0.00155237400725456
27058891	0.00155237400725456
27060001	0.00162710925714171
27061651	0.00155237400725456
27062211	0.00736146752410801
27062690	0.00274591948558003
27062970	0.00156944749594279
27062990	0.0157669543331573
27063311	0.00366522318243927
27063790	0.00184694908149315
27065750	0.00169032656709837
27066720	0.0019364777313718
27066751	0.00155237400725456
27069190	0.00155237400725456
27070010	0.00180844072913538
27071581	0.00705048765374065
27074590	0.00274591948558003
27077750	0.0229299775253641
27077880	0.00466911586744258
27078860	0.00227081603165741
27079031	0.00186272423516358
27080230	0.00196850681561654
27081050	0.00360430765247235
27081231	0.0031424831941475
27082040	0.00175874017050046
27082550	0.00185162187326318
27082570	0.00155237400725456
27082580	0.00486358155198524
27087291	0.00156096868154157
27088480	0.00522744142590394
27088770	0.00370660815676567
27090960	0.0023362156020165
27091520	0.00161934361143183
27093771	0.22484181450424
27093781	0.00156970651349801
27094410	0.00541928312987562
27094450	0.00263924553224628
27095291	0.00155237400725456
27096251	0.0115050753295264
27099021	0.0015951445670861
27099161	0.0029753554713949
27099250	0.00643180639177616
27099280	0.00291738891869876
27100240	0.001791661456842
27100821	0.00164457882378291
27102130	0.00155237400725456
27102140	0.00155237400725456
27102690	0.0216226242698514
27103380	0.00417665252847408
27103950	0.0015951445670861
27104951	0.00371309409697141
27105050	0.183123028816603
27107021	0.0015951445670861
27107970	0.0015951445670861
27108100	0.0052961446561899
27109101	0.0176704338534304
27109231	0.0015951445670861
27109911	0.00155237400725456
27110181	0.00155237400725456
27110580	0.00837646014333883
27110840	0.00293877950779779
27111670	0.00227268351346507
27113730	0.0177761334992159
27115830	0.00698863945262149
27116230	0.00169644134688847
27116640	0.00174612628890125
27116760	0.00155237400725456
27118450	0.00269957089796275
27119930	0.00165222645994064
27120610	0.00295503017361613
27121600	0.00155237400725456
27124060	0.00419301985695564
27124531	0.00267965499138109
27126000	0.0015951445670861
27126010	0.00155237400725456
27126140	0.00161227503833834
27126150	0.00231803940519119
27126570	0.00245600338257067
27128001	0.0015951445670861
27128640	0.00346861092983084
27128661	0.00282205930342312
27128941	0.0015951445670861
27129050	0.119286582316813
27129320	0.00289083039461443
27130170	0.00764881768799907
27131960	0.00163153721855732
27132490	0.00391234725887425
27133190	0.00627522860025254
27133231	0.00288491236810859
27135680	0.00159980547865461
27138181	0.0138074766236655
27139400	0.0015730297093444
27139810	0.00396377544946453
27142160	0.00914194698122082
27142591	0.00751224791646346
27142860	0.00505770175475806
27143100	0.00156890846419704
27145211	0.00465515251439517
27145641	0.0329621754589798
27146280	0.0027929180295695
27146540	0.00313042357694796
27146560	0.00155237400725456
27146700	0.00155237400725456
27147130	0.0020035772426479
27147960	0.00186866879633919
27151540	0.00261932762713967
27151660	0.00329720128135421
27151930	0.0115730728471787
27154980	0.00155237400725456
27155660	0.00156949447484686
27155701	0.00173759087757555
27156360	0.00156492173366445
27156640	0.273035156754497
27157921	0.00916215510246804
27158440	0.00681537502553533
27158540	0.00285130537312363
27158871	0.0029644695429334
27159230	0.00156492173366445
27160070	0.0136369712956054
27160080	0.00168283592532805
27160630	0.00208458195014228
27161040	0.00158898717948595
27161211	0.00433667268114196
27162871	0.00381101292952976
27163090	0.0015569101408339
27163291	0.00155237400725456
27163551	0.00347838394326205
27164360	0.00411740663567568
27164391	0.0406595710489503
27164920	0.00159841440950664
27165081	0.00159980547865461
27165091	0.00462016674345701
27165590	0.00179359213190825
27166130	0.00159187222023563
27166290	0.00155237400725456
27167780	0.00155237400725456
27167991	0.00355587290326939
27169091	0.00254683008357689
27169190	0.00634446100484571
27170130	0.0297520290914421
27170560	0.00841024798471283
27171011	0.00189030272204119
27174150	0.00301384621938192
27174680	0.0015951445670861
27174830	0.00157753162078369
27176261	0.00172625782966086
27178130	0.0138857982641992
27179790	0.00166483681910127
27180391	0.0162159852507204
27181190	0.00325816169539525
27182731	0.00158898717948595
27182840	0.00305386165160038
27183250	0.00161268769980449
27183260	0.0026966246659591
27185221	0.00197430467678716
27186601	0.00312686625784584
27186690	0.00170255455584251
27187291	0.00462988326955714
27187920	0.0016397194642947
27189460	0.0015951445670861
27190591	0.00156096868154157
27191141	0.0018602348606135
27192931	0.0122512447296633
27194020	0.00155237400725456
27194591	0.00325719850464045
27195001	0.00173206525268143
27195660	0.00457857607980381
27195991	0.00240620208122275
27196190	0.00176497107287762
27196360	0.00163630179989306
27198010	0.00212258601024648
27198120	0.00287033151413344
27198280	0.00198963910754179
27198741	0.00230814049807263
27199711	0.005298014074383
27200360	0.00170788715943277
27200750	0.00184057292490406
27201460	0.00960588732849047
27202700	0.00880243571453026
27203780	0.150824991789623
27204480	0.0666532469933376
27205310	0.00382868843324333
27205450	0.00308278880314639
27205610	0.0857155494204934
27206300	0.0050380513152236
27208080	0.00265241768932196
27208521	0.0126702681082708
27209330	0.00317527314773007
27210041	0.142380216133431
27211640	0.00346861092983084
27212360	0.00175073523336309
27212370	0.00155553736144322
27213180	0.00171986130721864
27213870	0.0015951445670861
27216890	0.00479773936844128
27217341	0.00156492173366445
27217720	0.0249296658804405
27218260	0.00254144273858183
27219011	0.00155237400725456
27219540	0.00156096868154157
27221320	0.0031211437098764
27223291	0.00386868480154235
27224121	0.00193189609803744
27224931	0.00172922556693905
27227370	0.0016044544271365
27227571	0.002530632205183
27229980	0.00156096868154157
27230710	0.00155237400725456
27231701	0.00156096868154157
27232401	0.191740051070362
27232951	0.0027808630638474
27233020	0.00174956628080389
27234010	0.0015730297093444
27234181	0.00623695669903967
27235220	0.00370776629418379
27235810	0.0015951445670861
27236080	0.00156096868154157
27239940	0.00249752324977169
27240210	0.0015669801101613
27241330	0.00155237400725456
27242680	0.00181667922317325
27242700	0.00289824476369692
27243520	0.00243551567680476
27245150	0.00155237400725456
27245361	0.00241043085988321
27248060	0.00959771219786348
27248350	0.0016142515521496
27250031	0.0051298172264552
27250581	0.0015951445670861
27251120	0.0016926655781844
27252671	0.00178743302929553
27253010	0.00155237400725456
27253330	0.00286516557816774
27253631	0.0019477745184394
27254000	0.00155237400725456
27255131	0.00342352082168382
27256900	0.00190713004909985
27256951	0.00155237400725456
27257880	0.00155237400725456
27258400	0.00178064364199592
27258530	0.0019694343769932
27258690	0.00318549135296056
27258991	0.00403030107060849
27261440	0.00308533537724729
27263431	0.00155237400725456
27263571	0.00252309625361571
27263961	0.00167841810943362
27264511	0.0185343096675996
27265850	0.00156492173366445
27266670	0.00155237400725456
27267240	0.00184598710810678
27267670	0.00209466066455167
27268770	0.00173993944894402
27273061	0.00155237400725456
27273481	0.00517248410471813
27273880	0.00495394722096692
27274110	0.00174568269171535
27274120	0.0015569101408339
27275151	0.00968257851451838
27275831	0.00161136124033963
27277481	0.00408086719662214
27277720	0.00286315302492114
27278110	0.00459196879948847
27279380	0.00155237400725456
27279650	0.0015951445670861
27280080	0.00272811837231264
27282130	0.0015951445670861
27282970	0.273897621624685
27284490	0.00172014105457993
27285471	0.00304713040102786
27285771	0.00161136124033963
27287100	0.00205392155508641
27287510	0.0015951445670861
27288770	0.00660064973745184
27289420	0.00474964927608856
27289730	0.00163167753974942
27290550	0.0127696501027781
27291360	0.00155237400725456
27291831	0.00470383823324829
27292180	0.43398948814691
27293180	0.00452964530150201
27293870	0.00187298433675015
27295151	0.00300421570154626
27297050	0.00170346853924013
27297351	0.0038053560610276
27297761	0.0472001945766147
27298670	0.00320178012049409
27299630	0.00155553736144322
27301150	0.00161790414290756
27301211	0.00675475352393841
27301631	0.0015951445670861
27302820	0.00155237400725456
27303141	0.00307485768920505
27303650	0.0524404207958349
27304880	0.00332712333688308
27306311	0.00191217897128716
27307151	0.00427315734568259
27308060	0.00160917375133604
27308470	0.00537404072323005
27308651	0.0015951445670861
27308750	0.0078062711504439
27310820	0.0015951445670861
27310861	0.00286618298735581
27311670	0.00164257071118844
27312760	0.0102603706700631
27315121	0.00176442695504321
27316910	0.00188400132501355
27317170	0.00271867797826914
27317570	0.0015951445670861
27318041	0.00181514758069386
27318250	0.00810670003814792
27318591	0.0737787600313561
27321621	0.00196854907857706
27323070	0.0022838465524326
27323770	0.00206740789179075
27324371	0.00309006951758724
27325020	0.00376969865405021
27325751	0.00190967246515576
27326380	0.00346865777965259
27326550	0.00161136124033963
27327390	0.00157417067088697
27329700	0.00161330171396195
27330670	0.0102765777481303
27333560	0.00155237400725456
27334690	0.00155237400725456
27337881	0.0217957517153473
27339350	0.0195741836391486
27339541	0.0024052918294658
27339691	0.0025060016280285
27341000	0.00430486074343666
27341010	0.00182157973901191
27342851	0.00732594612116561
27343681	0.00376817299922644
27345170	0.00494221549358592
27345751	0.00240441263311585
27346151	0.00155237400725456
27348050	0.0310876897092755
27348060	0.00671758063159916
27348791	0.00406058038356672
27348921	0.00429513643216104
27349461	0.00155237400725456
27350130	0.00867673241676978
27350700	0.0072625551376905
27350970	0.00155237400725456
27352111	0.00355208396376678
27354571	0.00245096285217109
27356720	0.00698599570368505
27357191	0.00211455897725941
27357601	0.007828378693949
27357990	0.00369359476440542
27359001	0.0285840784860471
27359531	0.00364073972671262
27359630	0.0055596179835328
27361331	0.00155237400725456
27363941	0.00322676678135336
27365891	0.0271912497498871
27366240	0.00513235941491862
27366270	0.00338266104932545
27366690	0.00412760237169248
27367620	0.0015951445670861
27368040	0.0015951445670861
27374970	0.0682653206136339
27377860	0.0310803617055148
27378130	0.0125117258778855
27379500	0.0033091776704456
27379941	0.00260675592157335
27380620	0.00907628020323762
27381690	0.0015951445670861
27386021	0.00179895743616593
27386670	0.00159710380446657
27386991	0.00246572192633775
27387900	0.00167841810943362
27389000	0.00919019693766079
27389051	0.00325131016340868
27390301	0.00184073800488595
27390810	0.00294683241288476
27391401	0.0161739978091402
27391681	0.00166842507172497
27394250	0.00270207263664028
27394711	0.00277196493733329
27395240	0.00156241468314722
27395551	0.00155237400725456
27396361	0.0015951445670861
27397761	0.00255734612986666
27398021	0.00285747696811004
27398800	0.00218476793287302
27399541	0.00244026253314706
27399951	0.004556342731736
27400340	0.00170255455584251
27400730	0.0015951445670861
27400740	0.00155237400725456
27402561	0.00164466330387996
27403131	0.003831599519929
27403531	0.00166026291019783
27404470	0.00203559509253212
27404921	0.00658503739034081
27405010	0.0206478132865974
27405601	0.00533889565429967
27405720	0.0233159427455652
27406800	0.00199760512947117
27410240	0.00155237400725456
27410991	0.00155237400725456
27411060	0.00156492173366445
27411531	0.00197069204288808
27411640	0.00156890846419704
27412300	0.0061904512859427
27412381	0.00809706793417263
27415951	0.00248621717281652
27416740	0.0194158097122653
27418240	0.0015951445670861
27419640	0.00269780976717295
27420460	0.00290049867683222
27421201	0.0245720504487584
27421751	0.0017519461539672
27423630	0.0904661107691133
27424651	0.00288973167768098
27425341	0.00199522615136211
27426680	0.00161928266693624
27428170	0.00248522869692136
27428190	0.00805202741397775
27430021	0.00337986508479228
27432470	0.00258329682902007
27433061	0.0015730297093444
27435900	0.00285465156514271
27436590	0.00252367734568634
27437420	0.00162769932991437
27437580	0.00175116398226208
27437731	0.0164905534853897
27437891	0.00266039471779289
27438260	0.00610568231049767
27439200	0.00172122914391956
27439910	0.0015951445670861
27440300	0.00203570948629176
27440351	0.00162114930302372
27440631	0.0015951445670861
27441560	0.00161790414290756
27441570	0.00450640979585964
27442230	0.00203840345437376
27443630	0.00201020061984006
27444491	0.00277833061072458
27446120	0.00158343101199194
27446270	0.0015951445670861
27446380	0.0015951445670861
27447770	0.00155237400725456
27448300	0.00220155565174492
27448750	0.00155553736144322
27449061	0.00603072645924836
27449550	0.195696361554376
27450390	0.00162691165244068
27450800	0.0015730297093444
27452091	0.00307003153560563
27454090	0.0015951445670861
27454510	0.00155237400725456
27454680	0.02737845220475
27455251	0.0015951445670861
27455470	0.00170024450493101
27457061	0.00204827663889573
27457160	0.00161001249557892
27458691	0.0453755650374348
27458701	0.00203691845357626
27459620	0.00412863305296859
27462571	0.00260679572621682
27463360	0.00312476777728405
27464470	0.00158779241557088
27464901	0.00240301377120089
27466520	0.00155553736144322
27466711	0.00166050322171171
27466790	0.00193512675117093
27467220	0.00155237400725456
27468730	0.00328712417076271
27468761	0.0123493478919494
27469030	0.00285677065110853
27469280	0.00188753090616653
27469710	0.00302839384048305
27471060	0.0015730297093444
27472850	0.0015951445670861
27473881	0.0175756743776062
27474110	0.00313604027040172
27474380	0.00342860865110559
27474991	0.00219431117342652
27476990	0.00158487415467686
27477030	0.00289789914254018
27477700	0.00482847316868804
27477741	0.00155237400725456
27477950	0.00259053447472317
27478790	0.0015951445670861
27478851	0.00483524982909446
27478981	0.00268693787820443
27480200	0.00181762939020122
27481741	0.00156492173366445
27482441	0.00479341684229749
27484450	0.00309915227476405
27485290	0.00174959228495059
27485560	0.00430321085540913
27487121	0.0015951445670861
27487791	0.00155237400725456
27488231	0.0319024442451075
27488501	0.00275903886471026
27488621	0.00193464516016293
27488750	0.00165912822947392
27490301	0.00161790414290756
27490441	0.00203035923541411
27491910	0.00225050553936514
27495340	0.0129011015117337
27495480	0.0104036038233444
27495760	0.00236622687588166
27495770	0.0025077118574215
27497560	0.00316238169418836
27497700	0.00446713973165055
27497731	0.00156096868154157
27498271	0.00160731506519144
27499101	0.00162897398831809
27502151	0.00158656423619844
27502540	0.00389879634001999
27502930	0.00240563531386786
27503200	0.00155237400725456
27503780	0.00237016562179409
27505960	0.00299641104463109
27506571	0.0015951445670861
27507050	0.00155237400725456
27507261	0.0015951445670861
27508430	0.00331075276584959
27508501	0.0017420045825133
27508840	0.0017355941366707
27509160	0.00243165917538961
27509461	0.00155237400725456
27509710	0.00230520333284292
27509721	0.00155237400725456
27510131	0.00503730777032114
27511630	0.00172327032406008
27512040	0.00156492173366445
27514001	0.0118044981255396
27514540	0.00549236970286318
27518810	0.0025463291747745
27520610	0.00356375207400296
27526100	0.00325203644828608
27526370	0.00293346893152536
27530561	0.00328364689329095
27531500	0.00333898587305184
27531801	0.00523959272874383
27531811	0.113323842367382
27532720	0.00185646418120926
27532740	0.00507249877836763
27533160	0.0133300885484757
27536720	0.00509891169699003
27537020	0.00567631691970106
27538411	0.00282648561245688
27544361	0.00176732369652159
27545161	0.00287371017080766
27545290	0.00415615190975971
27546120	0.00178773851469031
27547251	0.00555593344705576
27548471	0.00155237400725456
27549820	0.0120171476177776
27550360	0.00249044995214844
27552710	0.00161790414290756
27557000	0.00157575414547598
27557181	0.00321194140375901
27557390	0.0173814530103333
27558790	0.00399159856354935
27559740	0.00641734336425643
27559880	0.0023287144457338
27560600	0.00549125836324008
27563220	0.00278406598502687
27563630	0.00281054702065771
27565570	0.0124274576240302
27566291	0.00334302983106273
27568030	0.00237517443099063
27568710	0.0015569101408339
27572740	0.00161790414290756
27574370	0.00155237400725456
27574780	0.00155237400725456
27575900	0.0040968500273504
27576631	0.00168458556511659
27577451	0.00591825870876667
27578390	0.00834933183683021
27578780	0.00211058785723799
27580310	0.00161136124033963
27582090	0.00251199807428783
27582770	0.0015951445670861
27583200	0.00304018132733931
27586691	0.0197711672801965
27586831	0.00155237400725456
27587180	0.0604957275568296
27587200	0.00316743087170449
27587610	0.00275473750852134
27589301	0.00309323418190131
27593171	0.00155237400725456
27593700	0.00161136124033963
27595200	0.00280388309835719
27596201	0.00336799967972566
27596221	0.00555565370864541
27598701	0.00232437348144353
27599391	0.00410911020621174
27601861	0.0015951445670861
27602421	0.00170165225493034
27604751	0.00163674662360652
27605250	0.00253190012103496
27606220	0.00241617648135507
27606530	0.00413610487408854
27607111	0.00167841810943362
27608020	0.003671516953573
27608560	0.0015951445670861
27609660	0.00160540748339551
27612741	0.019580441910484
27613420	0.00162710925714171
27613540	0.00155237400725456
27613940	0.0015951445670861
27614660	0.00177779141141944
27615050	0.00461289776480759
27615651	0.102540540413226
27616020	0.00242249951362942
27616160	0.00246010018395996
27616710	0.00312074766931453
27617380	0.0426807182758604
27617581	0.00171388935477377
27618681	0.039476309521768
27618900	0.0107164779313867
27619050	0.00247776262774064
27619070	0.00171471626655457
27619890	0.00622691976722323
27620000	0.00645500357944482
27620430	0.00155237400725456
27621550	0.00155237400725456
27623781	0.00155237400725456
27624191	0.00181241282982073
27625150	0.00167841810943362
27625301	0.00332647786373816
27626210	0.0797559620948261
27628331	0.00323516251869024
27628980	0.00155237400725456
27630531	0.00162907245942165
27632901	0.00172035479907461
27633851	0.00593423806330582
27634660	0.0015951445670861
27634821	0.00555547895850982
27635310	0.00162389881532088
27636040	0.00276731037953365
27636580	0.00224325227723585
27637151	0.0025225644596691
27638370	0.0015951445670861
27638760	0.0017367359855938
27639070	0.00920745564043302
27640351	0.00346420235014577
27640901	0.00162205444705299
27641110	0.00155237400725456
27642070	0.00155237400725456
27644150	0.00288183432638604
27644290	0.00281725845826291
27645571	0.00272134689280549
27645830	0.00169142528998702
27646760	0.00904107627134851
27646971	0.00405425500739743
27650620	0.00494832066624169
27651081	0.00155237400725456
27651361	0.00243965072405109
27652761	0.00177561686827793
27654421	0.00687284421131655
27654691	0.0259408357143038
27654800	0.00908410221219235
27655750	0.00181667922317325
27656030	0.00206784775287366
27656341	0.00236403303751652
27657161	0.00167670953395328
27658210	0.00155237400725456
27662360	0.0015951445670861
27662480	0.00192892388126756
27662941	0.0764997014863687
27663200	0.00294181730677735
27665540	0.00158348298842786
27665721	0.00155237400725456
27671060	0.00183570330478416
27671511	0.00444214384626454
27671781	0.135512808968354
27671921	0.00155237400725456
27672270	0.00367390450627488
27673100	0.00171036983244616
27673390	0.0112610376048889
27673810	0.00334752713860037
27675580	0.0631956572054014
27675651	0.00434122707877457
27678910	0.00155237400725456
27679050	0.00158074615880211
27679081	0.0717219875353254
27679900	0.00161227503833834
27679931	0.0268186733370843
27680481	0.00155237400725456
27681301	0.00155237400725456
27681851	0.00287973649311106
27682541	0.00179563606898351
27683620	0.0118642067077902
27684450	0.00279469576438709
27685410	0.00535341139439766
27686230	0.00155237400725456
27688331	0.00460197168523779
27688830	0.00307485641835754
27690111	0.00167841810943362
27690900	0.00778911487848261
27691030	0.00161790414290756
27691921	0.0442648019942759
27692191	0.00172067369093506
27694210	0.00851868203529255
27694821	0.00378085031706018
27695740	0.00827325197885065
27696191	0.00156096868154157
27697370	0.00156492173366445
27698240	0.0015951445670861
27700041	0.00167841810943362
27700461	0.00773127873112548
27700680	0.0136417086404162
27700850	0.00171150939626793
27701670	0.00159980547865461
27701830	0.0015951445670861
27702080	0.0148238195367207
27706681	0.00678630243355491
27707040	0.00155237400725456
27707211	0.00264567292335453
27707320	0.00252037202409348
27707470	0.0131059800278565
27707791	0.00333741667182688
27709000	0.00160914393839737
27709100	0.0019136637988427
27709820	0.00161505113448967
27710340	0.00161136124033963
27710380	0.00174595015923566
27710951	0.00155237400725456
27711241	0.00245925741229066
27711491	0.00155237400725456
27711890	0.00155237400725456
27713110	0.00169772178090401
27713230	0.00163553824814998
27713680	0.121549242845216
27714360	0.0048294494760876
27715050	0.00159462776645277
27715511	0.0145068095252574
27716820	0.00155237400725456
27717991	0.00169021771164236
27718521	0.0015951445670861
27718760	0.00788845714252279
27719221	0.00179884872060584
27719631	0.00215637523334753
27719890	0.00155237400725456
27720840	0.00164458243604081
27720970	0.00324582293824909
27721141	0.00156096868154157
27721151	0.00282256450674675
27722100	0.00584597557783867
27722551	0.00957006382025679
27723050	0.00370096246817772
27724000	0.00986019787590319
27725130	0.00257842626393215
27725971	0.0199939772454952
27727511	0.0042490285761092
27728970	0.00161136124033963
27730510	0.00538527537235801
27732410	0.0130972361537614
27732591	0.00307627845357837
27733800	0.00159860748902245
27734650	0.00288570065407062
27734811	0.0158976563924226
27735211	0.00387610759367623
27735580	0.00175189813185621
27735791	0.00407409052713958
27736751	0.00270535406802678
27736891	0.00401932677862391
27737100	0.00275177494752922
27737120	0.00227336425994747
27738910	0.00181990321284131
27739091	0.0015951445670861
27739480	0.00182335888053486
27740181	0.00155237400725456
27740400	0.00238767404357861
27740461	0.00163341839173802
27740471	0.00187590487889728
27740540	0.00158670963428244
27740690	0.00385226069245584
27742961	0.0023523370042282
27743320	0.0120453404002622
27744591	0.0019319388596982
27744871	0.00255149871964282
27745151	0.0044786286620647
27745561	0.00157877367863298
27746510	0.00393885347460884
27746941	0.00246006681341589
27747750	0.00205632697672268
27749161	0.00172573007869283
27750610	0.00155237400725456
27750681	0.00156492173366445
27750780	0.00155237400725456
27750811	0.00205929181069694
27750890	0.00155553736144322
27751371	0.0016047035104436
27751491	0.00247241820263717
27753540	0.00155237400725456
27754271	0.00155237400725456
27755440	0.00161227503833834
27755740	0.00156096868154157
27756061	0.00162710925714171
27756560	0.00158348298842786
27757680	0.00155237400725456
27757920	0.00155237400725456
27761250	0.00845476921488674
27765090	0.556887882601733
27765670	0.00178948242985617
27768321	0.00155553736144322
27768680	0.00463964859553865
27769780	0.0283761105163519
27769851	0.00156492173366445
27770230	0.0034922924371197
27770251	0.0015804060607263
27770811	0.0542844000080461
27770951	0.0113450383346212
27773161	0.0183912849345559
27773540	0.0017974406883332
27773640	0.00517564726580979
27775071	0.0489622329198445
27775341	0.00155237400725456
27776861	0.00272873899336825
27777380	0.00459534537654079
27777831	0.0109144955734669
27781250	0.00270938545902722
27783740	0.00156096868154157
27785120	0.00155237400725456
27786521	0.0017573105009859
27786780	0.00162710925714171
27787880	0.00231556973099679
27788051	0.137055675904229
27789161	0.00213576105524612
27791020	0.00155237400725456
27791290	0.00576751579121247
27791351	0.00278570283240639
27792120	0.00158898717948595
27794661	0.00311021211413753
27795351	0.134799649634118
27796020	0.00587309805751046
27797011	0.00167074116862753
27797090	0.00155237400725456
27798880	0.0019546210528359
27800861	0.00418257110293265
27801910	0.00155237400725456
27806470	0.00156944749594279
27807071	0.00426595079861665
27807430	0.0136799033949269
27808960	0.00237682188390536
27811610	0.00356504296985234
27812160	0.00510801922969618
27813650	0.0150850850034298
27814101	0.00163066215494988
27814460	0.00155237400725456
27815320	0.00296295042426299
27815621	0.00157604308015066
27815761	0.00155237400725456
27816191	0.00284920364620728
27816591	0.00155237400725456
27818671	0.00262917942079773
27819730	0.00315213840016952
27820991	0.00204394093725608
27821131	0.00155237400725456
27821141	0.00285540791301952
27821220	0.00246417265639657
27822340	0.00318844747659686
27822511	0.00251236341242076
27823330	0.00159980547865461
27823840	0.00475556225243566
27824191	0.0277680189660151
27824861	0.00323372776661466
27825001	0.00161136124033963
27825681	0.00170075014128097
27826391	0.00174595868964323
27828140	0.00464286631275778
27828601	0.00155237400725456
27830210	0.00237886755457906
27830381	0.00171297323233974
27830500	0.00817572160540072
27830671	0.0022325013789042
27831351	0.00257445002497807
27832670	0.0015951445670861
27835160	0.00173513934226526
27837230	0.011653650368686
27838931	0.00156096868154157
27839491	0.00449075560565055
27839761	0.00155237400725456
27843290	0.00201586838701541
27843621	0.00671936655731386
27844181	0.00159574627708498
27845810	0.00163603918811246
27846360	0.00371609146387198
27849151	0.00650201819886655
27849230	0.00311056227456332
27851710	0.0105208633154421
27851850	0.00778964972053992
27852311	0.00195257919134342
27854111	0.00223856331360383
27855590	0.0514337223907462
27858371	0.00765542738563704
27858500	0.00213488495199086
27859570	0.0046436249824525
27862080	0.00155237400725456
27862241	0.0482439103823502
27862251	0.00155237400725456
27862320	0.0015951445670861
27862610	0.00277734746282763
27862870	0.00155237400725456
27863761	0.00349814548086977
27864810	0.228040302238627
27865431	0.00225012845882368
27866360	0.00156492173366445
27866740	0.00323057090303903
27866750	0.188341972220287
27867631	0.0015951445670861
27868150	0.00535335227408804
27868181	0.00429509435673895
27868861	0.00257939522313163
27869360	0.0027500637574423
27869640	0.0526771372421877
27869940	0.0175664546364605
27869951	0.199669017597109
27870470	0.00160540748339551
27871290	0.00309380112144914
27871761	0.00578356803579624
27873800	0.0247900505146364
27874050	0.00155237400725456
27875160	0.00163870692003104
27875450	0.00239210292789267
27877151	0.00169138713578844
27877281	0.00286600713940198
27879010	0.00155237400725456
27879730	0.0015951445670861
27880461	0.00155237400725456
27882340	0.0015730297093444
27882531	0.00197357693503143
27885281	0.00213216705606478
27885821	0.00186170176250768
27886241	0.00188803774999363
27886340	0.0115043496132558
27886620	0.0367404906604618
27886630	0.00419891278149098
27887471	0.00155237400725456
27888700	0.00462558640363348
27891320	0.0020787069695567
27891341	0.00199678019030269
27892110	0.0104969775522894
27892150	0.0155515676215136
27894251	0.0015951445670861
27895720	0.00782773315083265
27895761	0.00340628982993894
27895771	0.00161268769980449
27896161	0.0028546843725712
27896311	0.00383286580372444
27897930	0.00269375705802375
27897971	0.00726122684352979
27899010	0.00298307669209448
27899030	0.0046467630265033
27899290	0.00174644662856085
27899990	0.00494594643429694
27900441	0.00155237400725456
27901660	0.00162205444705299
27903280	0.00305832624741012
27903320	0.00155553736144322
27903420	0.00180570853493132
27904301	0.00155553736144322
27904680	0.00155237400725456
27904851	0.0133904725080314
27907870	0.013671191293432
27908010	0.00155237400725456
27909250	0.00166341150655477
27910241	0.00996028964994518
27910391	0.00158539363665587
27911430	0.00227454809821445
27911891	0.00264924959002069
27916270	0.00200736134616685
27916540	0.0015951445670861
27917350	0.0196542288673117
27917360	0.0224982352675699
27918610	0.0504423455134094
27919840	0.00414584987120927
27919860	0.00284247647171306
27920041	0.00311785156532519
27921510	0.0015951445670861
27921770	0.00167321738655391
27923150	0.0047093850455523
27923170	0.00175548451916714
27923180	0.00155237400725456
27923201	0.00156096868154157
27923331	0.00174286451046988
27923420	0.00251233894000106
27923751	0.00162263144843689
27924041	0.0015951445670861
27925561	0.00156492173366445
27926620	0.00326644230848585
27927601	0.0047501389453049
27927870	0.015270441949275
27927901	0.0019855220014121
27928410	0.00155237400725456
27929080	0.0015951445670861
27929350	0.00161790414290756
27930241	0.00236814443175498
27931621	0.00281006960326521
27931840	0.0015569101408339
27931850	0.00187365903719754
27931901	0.00155237400725456
27932110	0.00263184257183176
27932830	0.00175037084372489
27933230	0.0119710041040533
27933360	0.00659436241466878
27934050	0.00338794276581893
27936800	0.00354422462535714
27937141	0.0015951445670861
27937271	0.00492029485322807
27937951	0.00745165398345844
27939040	0.0015951445670861
27939560	0.00155237400725456
27939980	0.00155237400725456
27940031	0.00735000744825258
27940291	0.00198725671797441
27940431	0.00209919150203712
27940520	0.0031797751243461
27942190	0.00206803080349693
27942870	0.00155553736144322
27943430	0.00155237400725456
27945110	0.00287473217751844
27946641	0.00174612628890125
27947690	0.00158898717948595
27948130	0.00715718406954182
27948420	0.00155237400725456
27948451	0.0127524970931074
27948550	0.00172757907614295
27948660	0.0017493732703714
27948680	0.00442620954882243
27948690	0.00231803940519119
27948960	0.00167814918691193
27949001	0.00197754781002009
27949520	0.00202294257252911
27949671	0.00155237400725456
27949910	0.00517779399834963
27949971	0.328048124851026
27950050	0.0589422277399602
27950740	0.00165832109739429
27950870	0.0015881098798012
27951560	0.0705795369948077
27952140	0.00155237400725456
27952151	0.00381877023224419
27952711	0.00241043085988321
27953541	0.00170891470376467
27953800	0.00191271557201053
27954050	0.00207197513689871
27955580	0.0325454852572381
27955850	0.00325917876880716
27957261	0.00427223996388525
27957271	0.0015951445670861
27957380	0.0027091177735004
27957760	0.0072082651695283
27958200	0.00176960318169594
27959580	0.00159439934456991
27959741	0.00156492173366445
27959960	0.00268952172317531
27960721	0.00351352212845665
27961490	0.00504386282877153
27961890	0.00225564610684906
27962371	0.00321907742800321
27962480	0.00558813818139957
27964540	0.00501776080957931
27964561	0.00171923382041792
27965110	0.00186776461864412
27965210	0.00310959101110838
27965350	0.00159980547865461
27965691	0.00174674129815085
27965900	0.0015951445670861
27966101	0.0111633065804471
27966200	0.00414793364553959
27967881	0.003729045559001
27968400	0.0015951445670861
27969111	0.00178402617071619
27969520	0.00155237400725456
27970651	0.00683702632072245
27970921	0.00163167753974942
27971170	0.00314595866921364
27972410	0.00386808783976434
27972441	0.00618486193399993
27972520	0.00491878182114328
27972721	0.00157417067088697
27972830	0.00161227503833834
27973131	0.00725470215766793
27973141	0.00159735300162951
27973770	0.00155237400725456
27973890	0.00247807624419922
27973951	0.00156492173366445
27974210	0.0015951445670861
27974231	0.00292448352659128
27974880	0.00159462776645277
27976421	0.00278595430500507
27977200	0.111594031157961
27978870	0.0168257427866643
27979270	0.00342728870615023
27979471	0.0199833790067662
27979881	0.00230543752999257
27980011	0.0039662110088927
27980981	0.00156492173366445
27981111	0.0015951445670861
27982340	0.0075606632660529
27982511	0.00289736518275982
27982610	0.0015951445670861
27982740	0.00155237400725456
27982860	0.00156512401636283
27982931	0.00158656423619844
27986501	0.00161227503833834
27987310	0.00308654553553756
27987410	0.00156492173366445
27987450	0.00274775576742803
27987980	0.0015951445670861
27990351	0.00155553736144322
27990791	0.00174152738719247
27991010	0.0015951445670861
27991020	0.00239259957441109
27991030	0.0015951445670861
27991071	0.00184816168685564
27991130	0.00227081603165741
27991181	0.00227081603165741
27991270	0.00156944749594279
27991860	0.00262671602092752
27993060	0.002515726753736
27993080	0.00415261823422309
27995980	0.002396606894767
27996370	0.00287512475061013
27997920	0.00155553736144322
27998491	0.0015951445670861
27998990	0.00155237400725456
27999051	0.00345733011751307
27999160	0.00155237400725456
27999280	0.00161227503833834
27999341	0.00158616351505439
27999440	0.00171036983244616
27999471	0.00274591948558003
27999481	0.00176611355122506
28000670	0.00891534225672051
28000861	0.0082168874477981
28001500	0.0015951445670861
28002180	0.00155237400725456
28002300	0.00158602379144527
28004410	0.0015951445670861
28005610	0.00189484468887697
28006750	0.0015951445670861
28007310	0.0015951445670861
28007580	0.00239695587201462
28008100	0.00164835245145383
28008690	0.0065030873472164
28010511	0.0015951445670861
28010740	0.0042710380473526
28010870	0.00300727967142595
28011280	0.00167313595344787
28013490	0.00155237400725456
28015580	0.00159841440950664
28016031	0.0041648332488865
28016851	0.0015569101408339
28017261	0.0195206060539337
28021121	0.00161584478210925
28021220	0.0472360238965489
28021360	0.0018655954388593
28021821	0.00158343101199194
28022631	0.00156492173366445
28024400	0.00509847850033348
28024721	0.00442430391038025
28026580	0.00368708212354386
28027550	0.00155237400725456
28027591	0.00294326434262816
28028691	0.00313443340134728
28029790	0.00367362707843026
28030081	0.00209868358533215
28030750	0.0109358186558509
28031051	0.00155237400725456
28031290	0.0015951445670861
28031300	0.00181762939020122
28031311	0.00181762939020122
28032561	0.0015951445670861
28033941	0.00157096948346085
28034030	0.00156096868154157
28034221	0.00268238811078816
28034491	0.00430885583551171
28035201	0.00278620482726494
28036950	0.00155237400725456
28038330	0.003499101605698
28039201	0.00158366727735041
28040100	0.00180215193271313
28040151	0.00918736728223331
28040161	0.00234360704047333
28040301	0.00245285154386251
28043170	0.00237066434888173
28043540	0.00497943351560707
28044011	0.0306689265417721
28044650	0.00155237400725456
28044701	0.00155237400725456
28046231	0.00667916754508578
28046371	0.00227564689003469
28047130	0.0586691784052235
28047260	0.00365129175211683
28047311	0.00156512401636283
28047710	0.00884323438804539
28048100	0.0015951445670861
28049261	0.00161136124033963
28049370	0.00155553736144322
28051300	0.00299828451922058
28052130	0.00199503701240881
28052390	0.00221554511820517
28052431	0.00159860748902245
28054221	0.00332501881879872
28054901	0.0132148614895745
28055891	0.00155237400725456
28056790	0.00163066215494988
28057490	0.00155237400725456
28058361	0.0452595922835767
28058481	0.0029044960273037
28059051	0.00221759946767687
28059140	0.00600057972103329
28059201	0.00405757080279576
28059540	0.00177532378857991
28060090	0.00155237400725456
28060400	0.0282414311364402
28061080	0.00155237400725456
28062710	0.00304160140608125
28062880	0.00155237400725456
28062990	0.00746189870076279
28063010	0.00249913803920215
28063031	0.00155237400725456
28063061	0.00238767404357861
28063160	0.00619513550742201
28064680	0.00155237400725456
28064960	0.00408584962289749
28065330	0.00445914730713249
28065391	0.00458967547887272
28065640	0.00233653538972664
28065900	0.00165648003015747
28068530	0.280011150972696
28069381	0.0017970268680299
28070081	0.0355438002656035
28070501	0.00155237400725456
28071270	0.00158820380357167
28071741	0.00156492173366445
28072360	0.0107172803384494
28072561	0.00195939383289803
28072920	0.00155237400725456
28073330	0.00629513791338104
28073401	0.00158602379144527
28076780	0.00277431886537496
28076950	0.00326476525389646
28077210	0.00155237400725456
28077510	0.00170075014128097
28078590	0.0015951445670861
28079461	0.00155237400725456
28080431	0.00388862901980912
28081490	0.0162224161454024
28081541	0.00244697796620131
28081630	0.00284435293159497
28082310	0.00155237400725456
28083830	0.00156096868154157
28083980	0.00347303657160286
28084260	0.00251702941080563
28086221	0.0019476488118633
28086621	0.00276952379421864
28089941	0.00214317156394916
28090730	0.00953504350953242
28090911	0.00374856074406503
28091280	0.00268073052074201
28091721	0.00167841810943362
28091871	0.00155237400725456
28093080	0.0112210074012412
28093200	0.00214953483807078
28094440	0.00316415228560961
28095331	0.00512130582838142
28095700	0.00155237400725456
28096250	0.00403864497346454
28096650	0.0015951445670861
28096821	0.00155237400725456
28097220	0.0027050638712489
28097241	0.00281891132147598
28097671	0.00159769547950879
28100110	0.00155237400725456
28101791	0.00171150939626793
28102150	0.00162704179085251
28102160	0.00474385057213735
28102850	0.00429780256644261
28103461	0.00155237400725456
28104141	0.00155237400725456
28104711	0.00200901605137556
28106160	0.00950772256018548
28106201	0.00158348298842786
28106751	0.00410395090015506
28107970	0.011639055192975
28109070	0.00298409781194096
28109121	0.00191531480248245
28111171	0.029956341175766
28112670	0.00168458556511659
28113941	0.0123887082667135
28114990	0.00468060568965617
28115301	0.0047277801164861
28115390	0.00265961745929532
28116411	0.00211370206623185
28116500	0.00388185117845553
28117620	0.00155237400725456
28118430	0.0015636880940227
28120291	0.0015951445670861
28120421	0.00619765042697473
28120950	0.0019319909567967
28121101	0.0886111936382767
28121350	0.0303509701606951
28121401	0.00213072279787828
28121651	0.00517568705856184
28121801	0.00155237400725456
28121931	0.0148853877470847
28123830	0.0015951445670861
28124291	0.00155237400725456
28125080	0.00161790414290756
28125090	0.00456401501785691
28125220	0.00369180865276126
28127270	0.00309870855392727
28127581	0.0015951445670861
28127840	0.00157552696807445
28128780	0.00386809499573003
28128821	0.00437963105067311
28129241	0.0113486087141446
28130580	0.00320734219016966
28131690	0.00309388627645557
28131741	0.00277268025532616
28133780	0.0015951445670861
28133791	0.00166614663810116
28134450	0.00187981845847031
28134491	0.00322400927278437
28134911	0.00407091506855899
28135140	0.00169325475185526
28135601	0.00192762472906868
28135960	0.0030754513319453
28137870	0.00155237400725456
28140291	0.054710209338299
28140411	0.00155237400725456
28140681	0.0019477745184394
28142330	0.00170505657638831
28142440	0.00168184001707115
28142570	0.00308392958646067
28143410	0.00633397886031535
28146320	0.00155237400725456
28146600	0.00292657672711478
28147041	0.00155237400725456
28147120	0.00252225951459411
28147400	0.00155237400725456
28147871	0.00175037084372489
28148421	0.0135641606164656
28148940	0.00156096868154157
28149070	0.0128282861390117
28151120	0.0150857505991307
28151540	0.00484172675811432
28152500	0.00516486627732189
28153931	0.0024622552566805
28154201	0.00245985748751122
28155830	0.00177691260121241
28156390	0.124740421025745
28159041	0.00275355032162227
28159051	0.00208491289215692
28159140	0.00267984091337358
28162020	0.0027918522591226
28162211	0.00265850356633162
28162341	0.00155237400725456
28162911	0.00157096948346085
28163290	0.00155237400725456
28164250	0.00412241191751522
28165241	0.00356349886289439
28166170	0.00155237400725456
28167150	0.00155237400725456
28169070	0.0015951445670861
28171041	0.00312158954172653
28171301	0.00262040284728519
28172401	0.00354080762549235
28172561	0.00440539099906571
28174180	0.00155237400725456
28175591	0.0049838976400428
28177791	0.00579392058448618
28178830	0.00246732625032295
28179150	0.00161136124033963
28180630	0.209771062471426
28181360	0.0019837767179006
28181760	0.00155237400725456
28182450	0.00370526327465039
28183390	0.00813245166348298
28184780	0.00346632430045068
28185040	0.398970361636751
28185910	0.00387302694480797
28186280	0.0015804060607263
28186631	0.00155237400725456
28186980	0.00173513934226526
28187120	0.00283073968518559
28187260	0.00176122302410561
28187670	0.00155237400725456
28187700	0.00157604308015066
28188900	0.00188837143167324
28190710	0.0024146514597219
28190870	0.00155237400725456
28192001	0.00169138713578844
28192080	0.00214139046827237
28192121	0.00168023405276949
28193900	0.00983332520321557
28194020	0.00194099859113103
28194040	0.00163089881308802
28194061	0.00158158962571906
28196070	0.00234391973307033
28197760	0.00155237400725456
28198471	0.0265443097166789
28198850	0.00285416019567581
28199010	0.00469264348514295
28201801	0.00155870913471344
28203321	0.00473931027701658
28203530	0.0753132574660371
28204350	0.0229297928465835
28204630	0.00691164319495087
28205470	0.0031925172667891
28206341	0.0028432706321422
28207851	0.0029378604409941
28208630	0.485497048987895
28209231	0.00354845432898017
28209730	0.00202042386470654
28210051	0.0176916066155321
28210611	0.00753151295929905
28211321	0.04388758831773
28211420	0.00156949447484686
28211711	0.00243334696731604
28211871	0.0015951445670861
28214191	0.00155237400725456
28216650	0.00186475056875535
28218461	0.0156408160666804
28218611	0.00289529401567535
28218830	0.00197356449200596
28220541	0.0456478880748419
28221330	0.00155237400725456
28222160	0.00163372647219002
28222331	0.00183318378892493
28222901	0.00291626829414804
28223960	0.00336544430234167
28224230	0.00155237400725456
28224660	0.0026362960640005
28224681	0.00168981180838572
28225371	0.00158539363665587
28226590	0.0019785577952141
28228100	0.00187964017855449
28228281	0.00155237400725456
28233310	0.0028829646033392
28233661	0.00274195731127788
28235530	0.00157604308015066
28235810	0.00277710642029329
28236770	0.00260307615782972
28237450	0.0015951445670861
28237460	0.00161415195810151
28239451	0.00247019186436043
28239571	0.00161136124033963
28240240	0.00258855947559503
28241070	0.00170960063370156
28241610	0.00532518013180499
28243431	0.00195662479505542
28243540	0.00211157452730251
28243550	0.00155237400725456
28244131	0.00155553736144322
28245040	0.00172684401029441
28245231	0.00155237400725456
28246020	0.00324612148807974
28246341	0.00234650874634444
28248620	0.0159234664428192
28249091	0.00491379169907742
28250840	0.00290380274514132
28255711	0.00240561765077726
28267820	0.00160515709585893
28270071	0.00257818096386866
28270860	0.00306470548636582
28272951	0.00846156017530754
28273651	0.0015951445670861
28274560	0.00499955490659005
28276141	0.00305817371371886
28276360	0.226618086773386
28279250	0.0894149453209551
28279940	0.0044149822922102
28280661	0.00309951862075371
28281030	0.00164458243604081
28281081	0.00197471095749705
28283380	0.00547145205096778
28286310	0.00156096868154157
28286430	0.0144672428435657
28288821	0.0171164432290693
28289300	0.0056548750878719
28289351	0.00280727911392868
28289460	0.00283172769579116
28291561	0.00319797196833198
28292240	0.00804995087789315
28293440	0.00603576251880547
28294751	0.00155237400725456
28295861	0.00647257850039026
28296531	0.00904149800463986
28296640	0.00182335888053486
28298420	0.0130074891752114
28298580	0.00161790414290756
28299670	0.00222991002977455
28300671	0.0175520922944202
28300780	0.00534506007140379
28302201	0.00605459322872509
28302461	0.00235813038036089
28303690	0.00309019571285823
28304380	0.006719053930302
28306130	0.00177585631841296
28306170	0.00160540748339551
28307930	0.0015951445670861
28307971	0.00900334458546735
28308060	0.00919342261895279
28308360	0.00160914393839737
28309781	0.0160270176479784
28312271	0.00167603087550928
28315031	0.00308150833545387
28316490	0.0170386200131633
28319800	0.00155237400725456
28320671	0.0248219740741108
28321071	0.00194945974183491
28322461	0.00156096868154157
28322751	0.0741997055175266
28323370	0.0515451160355131
28323530	0.00184852559276823
28324811	0.00167032385564203
28328241	0.00944440554502839
28330140	0.0149498751232837
28331971	0.0176948810685623
28338010	0.00264580971695286
28340681	0.0018369319771037
28340801	0.00329875234999549
28341860	0.0044386301529539
28349320	0.00191713324365558
28356391	0.00208456649110193
28357850	0.00341303144778101
28359411	0.00454183126219173
28360480	0.0648499354318805
28361730	0.00161227503833834
28365921	0.00158201751917874
28367971	0.00342915183285799
28368890	0.0015951445670861
28371110	0.00538697531219744
28372510	0.00280378551876786
28376080	0.00321663301568883
28377351	0.00214282819646696
28379291	0.00163190678420504
28380490	0.003731096334326
28382280	0.025245695983958
28382581	0.00270633556121016
28383431	0.00212710505509805
28384080	0.00170400569905594
28386741	0.00239868053142858
28389300	0.00171220757065761
28389710	0.00260158496141433
28390820	0.00192504869923538
28393911	0.00772944246172219
28395250	0.00161227503833834
28396340	0.00857040498928671
28396490	0.00155237400725456
28398290	0.00270018557609964
28399711	0.0101582595496785
28401850	0.00777793009427555
28402191	0.0015951445670861
28404200	0.00155237400725456
28405440	0.00291744179446876
28405880	0.00155237400725456
28407421	0.00284721762567297
28408900	0.0106662844988627
28410530	0.00361050645016176
28410731	0.0015951445670861
28413440	0.00297204807966477
28414690	0.00568110088618721
28416111	0.0015951445670861
28418010	0.00356564956425167
28419151	0.00276754501533349
28419421	0.00386266520312311
28419971	0.00245865539548619
28420511	0.00246417265639657
28420880	0.00167922985862901
28423271	0.00158956795108224
28423281	0.0157336467548306
28424610	0.00549920895273944
28426710	0.00202327386272037
28429201	0.00164741406890126
28429730	0.00293447624721311
28432180	0.00170699745071218
28432391	0.00285280702504454
28432600	0.00163153721855732
28433771	0.00183573376508383
28434721	0.0018343559324329
28437040	0.00201088426101392
28438451	0.00156492173366445
28438601	0.00290924480734584
28439541	0.222069418335258
28439660	0.00432443130231159
28439940	0.00746677461986965
28441030	0.00413508870188242
28443821	0.00155237400725456
28444781	0.00276337590141285
28444791	0.00543854475410684
28446451	0.00155237400725456
28446560	0.00205908451909192
28447780	0.0024587273458065
28448600	0.00325189871084265
28449880	0.00386984625142126
28450290	0.00239654774326015
28451640	0.00250144156237548
28456511	0.00186072858907921
28459770	0.0185135882228807
28459940	0.00174637220165376
28460091	0.0031504022152349
28460521	0.0017197269252128
28461201	0.0261448008446989
28462150	0.00461547984003844
28462550	0.00366493627995746
28463500	0.017046353143322
28466041	0.00163792081127674
28466690	0.0037268858523525
28467080	0.00159790724412991
28468760	0.00197705564378181
28470441	0.00341674783712436
28471681	0.00298157049967283
28475350	0.00253014328787804
28475370	0.0387901214874042
28476080	0.00161534932661584
28477191	0.0121845537918032
28478800	0.00309290157905881
28480661	0.0015951445670861
28481040	0.00481305712001738
28483151	0.00155237400725456
28483240	0.00409301014096968
28485310	0.00164604498224291
28489191	0.00342013972189614
28490560	0.0040024753392957
28492480	0.00233302079407433
28492791	0.10180105214159
28493351	0.0226849447330682
28495001	0.00218479765043924
28495520	0.00186549817468215
28495640	0.00250444284065603
28495701	0.00248478728241582
28497150	0.00249936100694801
28498680	0.00158670963428244
28499210	0.00353444718707103
28500200	0.0167125291801252
28500381	0.00158574412912967
28501590	0.00158348298842786
28502451	0.00156492173366445
28503141	0.00155237400725456
28503510	0.00158487415467686
28504941	0.00396862267919542
28505071	0.00155237400725456
28506520	0.0023339246706868
28508381	0.00161227503833834
28511121	0.312958291196693
28514731	0.00279693903700567
28522530	0.00178948242985617
28523490	0.00251280890851946
28525461	0.00163341839173802
28531411	0.00172980430512464
28532340	0.00156492173366445
28533550	0.0042689052993853
28534701	0.0015951445670861
28534930	0.0015951445670861
28537290	0.00236261139443332
28539070	0.0020148717012251
28541191	0.00155237400725456
28544720	0.00156096868154157
28545481	0.00600089925214331
28545850	0.00243183888193371
28546841	0.00155237400725456
28548231	0.00252567907136127
28549440	0.0015951445670861
28549751	0.00155237400725456
28549980	0.0034891552849796
28551141	0.00199436064071604
28551681	0.00172902513983537
28551900	0.00155237400725456
28552521	0.00165474382025239
28553030	0.0721620664659999
28553321	0.010895586636604
28553840	0.0119639582467715
28555001	0.00547300996144068
28555801	0.0015951445670861
28557560	0.0015569101408339
28558540	0.00734443508947243
28559080	0.0107442077604285
28559531	0.00155553736144322
28560030	0.114550767226391
28560730	0.00155237400725456
28560911	0.0045562572758469
28561071	0.00158779241557088
28561450	0.00155237400725456
28563760	0.0180239576783336
28571510	0.00260138835783175
28574540	0.00166823108388791
28575681	0.00519139992572263
28577751	0.00155237400725456
28579121	0.00619881561290023
28580470	0.00683505842315629
28580771	0.00605445450555816
28581000	0.00167841810943362
28581191	0.0015951445670861
28581580	0.0016116182318482
28590690	0.00244346679193783
28591930	0.0015730297093444
28592091	0.00212079204999207
28592371	0.0015951445670861
28594861	0.0015951445670861
28596880	0.00211538147274753
28598291	0.00424978775915089
28599790	0.00248739588758918
28600371	0.00810346567540837
28602171	0.00548178206491748
28603630	0.00160731506519144
28604440	0.00208673166603401
28604620	0.00169644134688847
28609410	0.0144619469155467
28610250	0.00262439617915158
28610281	0.00275473750852134
28611790	0.0015951445670861
28612040	0.00184023804029266
28612730	0.00228367400487402
28614031	0.00233717218918824
28614851	0.00155237400725456
28614981	0.00244005313424102
28616020	0.00162578707023025
28618151	0.0141835951577964
28618370	0.00181762939020122
28619100	0.00278713011379692
28619200	0.00251138026409845
28619210	0.460354509336721
28619630	0.00298516660408452
28619640	0.00157575414547598
28621830	0.0047344039973503
28621891	0.0015951445670861
28622640	0.00165988721874779
28622820	0.0015951445670861
28622920	0.00451229567175332
28624870	0.00290687161896397
28624990	0.00373053659033414
28625690	0.00261974115067133
28626670	0.00347051215364025
28626701	0.0015951445670861
28626800	0.00161790414290756
28626810	0.00157096948346085
28628990	0.0017007026371651
28631500	0.0142129129724023
28632771	0.00155237400725456
28633300	0.0126529370672553
28633970	0.00563457263521533
28634400	0.00308576382466826
28635070	0.00234653459498389
28635880	0.00231803940519119
28636580	0.00157753162078369
28636921	0.0015951445670861
28637871	0.0015951445670861
28638500	0.00192285391505307
28638640	0.00267204305948941
28638950	0.00156512401636283
28644730	0.0423054876185991
28646431	0.00274591948558003
28647801	0.0153273441181133
28649570	0.0131862488135537
28652771	0.118429335203858
28657270	0.00485452922781957
28663050	0.00186879427987381
28664610	0.00183554035932769
28665140	0.00413514924081558
28667220	0.00361648762270533
28668501	0.00276320284356902
28669020	0.00307757944813268
28672761	0.0132713780209845
28675740	0.00612496586251657
28675801	0.0607403990117805
28677680	0.00252588132504613
28679780	0.00309683018418049
28682291	0.0015951445670861
28682380	0.00242466616858408
28682831	0.0015569101408339
28684580	0.00786122619315316
28685000	0.00408660312437497
28685471	0.00681046415220546
28686571	0.00514034937589572
28686920	0.00256594063377581
28689990	0.00393348045109214
28690080	0.00453921629455684
28691760	0.0015951445670861
28692071	0.0015951445670861
28692310	0.0134510526389512
28696430	0.00385432142081871
28696840	0.00457865104397812
28696980	0.00162463719984215
28698431	0.00164836918614387
28698790	0.00168699381917292
28700870	0.0105039377501481
28701171	0.00322639539517591
28703220	0.00274591948558003
28706561	0.00254782575975813
28707340	0.00156492173366445
28707931	0.00274910433197397
28708150	0.00170400569905594
28709881	0.00159710380446657
28710390	0.00174568269171535
28712761	0.00164131569759642
28714421	0.0015951445670861
28714660	0.0015951445670861
28714920	0.00574907655042317
28715101	0.0035358107583193
28716310	0.00947831693186717
28716460	0.0015951445670861
28717420	0.00188984688860456
28717851	0.00161227503833834
28717980	0.00290914101679429
28718520	0.00200211515263385
28718810	0.00650649055870019
28720020	0.00322378709570604
28722250	0.0322501266439745
28722910	0.00378743525173934
28722940	0.0153311541545065
28726500	0.0015951445670861
28727910	0.00197922162126452
28729161	0.00161227503833834
28729591	0.0015951445670861
28733570	0.00297465315215287
28734151	0.00340836518044577
28735640	0.00944178218802069
28736211	0.00252470315206813
28736860	0.0015951445670861
28736901	0.00303711009333809
28741031	0.00183525641982325
28741581	0.00720778576639852
28742090	0.00319461983524517
28744751	0.0219826503328629
28745540	0.00812707170933829
28746001	0.00227226617843482
28748700	0.0070467113143078
28749270	0.00183471120953785
28749851	0.00210593808578288
28750701	0.00231878678718306
28752211	0.0649892174572234
28753830	0.0911359036202743
28754350	0.00285325931830375
28754821	0.00165988721874779
28755200	0.0015951445670861
28756160	0.00167841810943362
28756170	0.00156512401636283
28757280	0.00155237400725456
28760891	0.186908288608179
28762500	0.0043621995457146
28762951	0.273463980636965
28764280	0.00245232787551225
28765960	0.0015951445670861
28767661	0.00274305662250753
28768211	0.00495048364313938
28768450	0.00397377747949622
28768830	0.00299132306275405
28770271	0.00167841810943362
28770961	0.00204911839593772
28772460	0.0015951445670861
28773321	0.00161227503833834
28773560	0.00156492173366445
28773690	0.0028374148304863
28774141	0.00497077893536214
28774220	0.00179877042011112
28780300	0.0039828113027426
28780341	0.0029419369538413
28782951	0.00334893210860306
28783320	0.00268800307735639
28783340	0.0814736535352879
28784040	0.00376991607579653
28785031	0.00194379015432276
28785550	0.0032405277487714
28785950	0.00157753162078369
28786821	0.00157096948346085
28787231	0.00182486510328803
28788460	0.00954777834330728
28789451	0.00181527889120606
28790350	0.00155237400725456
28793311	0.0015730297093444
28793380	0.00169222857959993
28793540	0.00195468615309083
28793830	0.334387593536523
28794520	0.00234569763538334
28796170	0.00350780999495199
28796491	0.066088144536847
28796631	0.00155237400725456
28797270	0.00305222611019214
28798561	0.00155237400725456
28799890	0.00350561708245207
28801010	0.0079207201675142
28801410	0.00155237400725456
28802940	0.00658284803896292
28804491	0.00155237400725456
28804980	0.0634638820124424
28805571	0.00155237400725456
28806940	0.0260168772927366
28807480	0.00171786085209464
28808010	0.00175037084372489
28808471	0.0151311320776484
28809000	0.00172684401029441
28809581	0.00555763699805955
28813140	0.00174612628890125
28813841	0.00353546276837846
28814110	0.00163553824814998
28816450	0.00236094033641843
28817390	0.0020978388065148
28818240	0.252806834072978
28818370	0.00467030978807949
28818630	0.00302108169599827
28820160	0.00162710925714171
28820410	0.102440246718501
28821540	0.00586413389885591
28823320	0.00344366428117438
28823501	0.0176357947317278
28824351	0.00155237400725456
28827231	0.00377566043854828
28827880	0.00407826434081849
28828030	0.00161227503833834
28829270	0.0018421327763719
28829981	0.00163129921008655
28831890	0.00278061479991237
28832150	0.00160370689875786
28832590	0.00190497793418802
28832850	0.0015951445670861
28833410	0.00262196964005019
28834961	0.00155553736144322
28835231	0.00306867887547044
28836061	0.00178115925443674
28837650	0.00156492173366445
28837701	0.00155237400725456
28837711	0.00275358448572117
28838510	0.00333891135454567
28838790	0.00840748080808184
28839081	0.0250119567268345
28839740	0.00322653669389914
28840150	0.00339418477573734
28841301	0.00224202358728876
28841550	0.00310683926934863
28842790	0.00365197267593932
28843210	0.00189613773632397
28843740	0.00158670963428244
28844611	0.00402782543151417
28845260	0.00389931297822422
28846831	0.00544582329714055
28847340	0.163496354647347
28847900	0.00193867583245171
28848481	0.00240990830337763
28850090	0.00155237400725456
28852211	0.0737560761677514
28852410	0.0157536030945311
28852731	0.00158574412912967
28854490	0.00417867985686893
28856860	0.00157604308015066
28857171	0.00367792445209864
28857970	0.0016158169786128
28858801	0.00177260720436393
28859170	0.00316678749848746
28859600	0.00265677679721386
28860300	0.00868512860183393
28860601	0.00897487348016494
28862920	0.00296556136979556
28866240	0.044428694654631
28866541	0.00288077921754077
28866770	0.00200538574854927
28867491	0.00291039422737168
28868471	0.00172748385313008
28868690	0.0020386698614485
28868720	0.00250119701198487
28868741	0.00159222704886912
28869281	0.0157067705132094
28869510	0.00247237302034381
28870640	0.0272561155438627
28871480	0.00162710925714171
28872140	0.00185335702368306
28874510	0.00326149484313962
28876680	0.0015951445670861
28876710	0.0088350387962043
28877171	0.00637468424274611
28878401	0.0018427890630629
28878521	0.00231803940519119
28879880	0.31243327071788
28879911	0.00293553532859608
28880030	0.0015569101408339
28881380	0.00250664471936664
28881930	0.00799955702506486
28883850	0.006963348650999
28887170	0.00163126960096284
28888860	0.0044299519275566
28889711	0.134184731920385
28895091	0.00284405934523295
28902811	0.00351855131420796
28905991	0.00314538937554692
28906681	0.00547250432609683
28908321	0.00174390128160489
28913011	0.0033499027134282
28920000	0.00375370464904837
28920461	0.253761353212755
28922210	0.00156492173366445
28923860	0.010811704584225
28924331	0.00547918504769224
28925441	0.00931869460827002
28925571	0.106664385091346
28925841	0.00158602379144527
28927361	0.00406599329062139
28929571	0.00239781240038026
28933011	0.00252155795012542
28934261	0.00174080137030521
28934340	0.0171503583821431
28938131	0.00224057931787242
28939351	0.0148480243798448
28940031	0.00238025480807708
28940601	0.00576468098433695
28940690	0.003185302542789
28941940	0.00458790486449489
28943091	0.0163164759959989
28945360	0.00271581450087257
28946620	0.0048480114741786
28947590	0.0391836679640975
28948680	0.00156890846419704
28949120	0.00831988073768014
28949520	0.00155237400725456
28950490	0.00506949887336354
28952260	0.00155237400725456
28952321	0.00201319707473234
28952601	0.0015951445670861
28953571	0.00158343101199194
28954890	0.00155237400725456
28954920	0.00155553736144322
28954931	0.00251522751323118
28956611	0.00330438442689557
28958661	0.00274238146278424
28959170	0.00337149431057184
28959201	0.00227081603165741
28959980	0.00160546143595618
28960051	0.00520113675299752
28961141	0.00775780859709202
28961820	0.00554173224195488
28963730	0.00577682751955127
28965940	0.00296462647331374
28966811	0.0015730297093444
28967980	0.00155237400725456
28968041	0.00304157054649263
28968990	0.0327475787334328
28970230	0.00162735037416404
28970360	0.0015951445670861
28973500	0.0027764988129089
28973540	0.00309485219547432
28973810	0.00196184331395154
28974760	0.00232142948181289
28975850	0.00160089807470436
28976280	0.00160821335112419
28976430	0.103097955301553
28976970	0.00156096868154157
28977110	0.00245484499834317
28978080	0.00161636844780264
28980530	0.00371194850561578
28981800	0.0455192521503976
28982470	0.00236968766221885
28984041	0.00182335888053486
28984160	0.00336752347634664
28984260	0.00327128801394294
28984390	0.00367195866476152
28985691	0.133394314013429
28985810	0.00984588355446021
28986600	0.00226738017562862
28986791	0.0015951445670861
28987201	0.00406098965359336
28987501	0.00358311064238457
28987840	0.0028761240085887
28987980	0.00155553736144322
28988430	0.00155237400725456
28992700	0.0125501004844366
28993770	0.00248522869692136
28994531	0.0041184187955162
28997770	0.00239997079975369
29000690	0.00155237400725456
29001380	0.0015951445670861
29001650	0.00978892911800684
29001950	0.00243246230864526
29002111	0.0503947991240664
29002261	0.00155237400725456
29003570	0.00155237400725456
29004031	0.0015951445670861
29004940	0.0025225644596691
29005380	0.00256500670711169
29006500	0.00319033648662228
29007150	0.00311464106324088
29007771	0.057809432582563
29008260	0.00414634626101399
29009810	0.00326157953600311
29010490	0.0015951445670861
29011310	0.00157429321388393
29011560	0.00171150939626793
29013400	0.00249097722067666
29018910	0.00173988869354456
29020741	0.00340619837716661
29020810	0.285534102801324
29021920	0.00160540748339551
29022350	0.00175996949184893
29027160	0.0016977567803939
29027341	0.0364522196427661
29027491	0.0144195093459346
29028451	0.00348599005033483
29030330	0.00160731506519144
29033380	0.00158656423619844
29033390	0.00161403476886127
29034070	0.00765639602405181
29034320	0.00628307859459129
29034490	0.00155237400725456
29034610	0.00155237400725456
29035331	0.00161790414290756
29035771	0.00374926616658404
29037100	0.00155237400725456
29038241	0.00336080323744395
29040110	0.00167255085731391
29040280	0.0015951445670861
29040871	0.319772916817967
29041401	0.0603608620349968
29041411	0.00214455166189816
29043320	0.00261183525880172
29043740	0.00175427108641328
29044270	0.00413398665795484
29044311	0.0015951445670861
29045810	0.0015636880940227
29047970	0.00407316821762427
29048441	0.0021544226656662
29049541	0.00406585676694613
29050600	0.00308613001134639
29051040	0.0020644279316197
29051570	0.00155553736144322
29052181	0.00183318378892493
29054070	0.00207426158442011
29054241	0.00186721471607946
29055201	0.00174931023924927
29055481	0.0015951445670861
29055700	0.00315265716098138
29055751	0.0015951445670861
29056150	0.00161047183781924
29056560	0.00155237400725456
29056700	0.00155237400725456
29056970	0.00253219971979245
29057900	0.00155237400725456
29060000	0.0015951445670861
29060970	0.00231122933872258
29061220	0.00776919132989101
29061561	0.00155237400725456
29063580	0.00356395250963292
29064171	0.00180531471165895
29065271	0.00155237400725456
29066781	0.00155237400725456
29068000	0.00174243396205263
29068321	0.00155237400725456
29068451	0.00155237400725456
29068540	0.00695415123270303
29069110	0.00155237400725456
29069630	0.00155237400725456
29071191	0.00256653395509924
29072721	0.00459477424534309
29073380	0.00615039519331222
29074730	0.0015951445670861
29074760	0.00705100249911769
29075860	0.00803037142074852
29077261	0.00194059535496761
29077401	0.00399422599272376
29077900	0.00170099420139898
29077920	0.00155237400725456
29077951	0.00155237400725456
29079420	0.00732077451373337
29079430	0.0015951445670861
29080721	0.00694092461194181
29080830	0.00161227503833834
29081281	0.00395891401124828
29082350	0.00205603449735711
29083631	0.00508959638623521
29084981	0.00165780628064628
29085141	0.0813179026126669
29086111	0.00161790414290756
29086450	0.00197017378388142
29086480	0.00440589689639299
29086620	0.00376390095698691
29086740	0.0630454796847126
29086750	0.432147791585766
29087881	0.00315744981167018
29088161	0.019049568700657
29089121	0.00155237400725456
29089210	0.0015951445670861
29089230	0.00278744166129783
29090320	0.00675905720872797
29091010	0.00533071703196948
29092021	0.00181820840589146
29092031	0.00336376685104033
29093261	0.00165988721874779
29093660	0.0015951445670861
29093930	0.00410209086691972
29094310	0.00170930566034396
29094361	0.00278604166449971
29096130	0.028413380215605
29096280	0.00158574412912967
29098610	0.0108099056334544
29098750	0.015539278032476
29098870	0.0132924993626347
29100400	0.00295620496658048
29100851	0.00165269311770921
29101281	0.00300156729106768
29101760	0.00665591636745309
29103040	0.00278339545067971
29104520	0.00162580197664495
29105500	0.130576210371825
29105971	0.00180570853493132
29107140	0.00155237400725456
29107180	0.00285251237821303
29107590	0.00530905974349261
29107611	0.00285047464782437
29107761	0.00255344178216172
29107860	0.00161136124033963
29107980	0.00519932550023799
29108540	0.00163341839173802
29108970	0.00391573642333969
29110310	0.00162348447409079
29110450	0.00159860748902245
29110750	0.0187458191685355
29111420	0.00196322958757898
29112830	0.00180844072913538
29113070	0.00465951316118933
29115201	0.00211777337451283
29116680	0.00547177590991415
29117671	0.00253506965468779
29117760	0.00156492173366445
29118081	0.00184284616856284
29119000	0.00155237400725456
29119481	0.0453149866615441
29119901	0.00156890846419704
29120571	0.00179481454821718
29120830	0.00282847609818685
29122641	0.00197754781002009
29122880	0.00155237400725456
29123010	0.00233288577924195
29125121	0.00163341839173802
29126381	0.0201836089753952
29126580	0.00208693472010158
29127211	0.00155553736144322
29127550	0.00347228628045355
29129251	0.00371960145242876
29129370	0.0015951445670861
29130661	0.00161556231372598
29131030	0.00155237400725456
29132981	0.00782474483760771
29132991	0.00155237400725456
29133401	0.00177967620941553
29133900	0.00155237400725456
29134480	0.00158348298842786
29135440	0.0015569101408339
29135601	0.00155237400725456
29135970	0.00212249904987423
29136451	0.0027784118915323
29136520	0.00155237400725456
29136800	0.00196697926954793
29137780	0.00162578707023025
29139071	0.00155553736144322
29139850	0.00492532534570504
29140810	0.0314260420430112
29141821	0.00203546083561128
29141930	0.439854279702086
29142330	0.0016286176635317
29142791	0.00155237400725456
29143990	0.00249446831512895
29144110	0.00163308848355139
29151731	0.0495426709080928
29154190	0.00633951971665996
29156400	0.00155237400725456
29156431	0.0029070710385084
29157770	0.0060991314975576
29157941	0.0234033657075359
29158190	0.0015951445670861
29159830	0.00161136124033963
29160011	0.0015951445670861
29160660	0.00156492173366445
29160830	0.00163491413183236
29161691	0.00418527022254034
29162310	0.0015951445670861
29163420	0.00251409969066397
29166101	0.00288284201786249
29167881	0.00155237400725456
29168301	0.00193893194024346
29170241	0.00545928170688048
29174361	0.00738669429328495
29175160	0.00341377190505906
29176530	0.00168796879845679
29176650	0.00307993568740445
29176820	0.00559892518752713
29176991	0.00175427936711574
29181090	0.022614924057549
29181411	0.00302460567468899
29181500	0.00163674662360652
29183061	0.00573229838237748
29183451	0.00209893997611777
29185380	0.00474842582676572
29186211	0.00236437016160682
29187130	0.00378890121087734
29187201	0.00192992686808209
29190511	0.0018919711036536
29191321	0.00428895644334387
29191471	0.00228219313183858
29192790	0.00428436427867406
29193951	0.00271714482428861
29194771	0.00234317579490423
29195160	0.00322117513205205
29196011	0.00156492173366445
29200421	0.00745756594954268
29201770	0.0015951445670861
29201790	0.00203799755942307
29201951	0.00179517202059089
29203420	0.00173155583474049
29203591	0.00437044668309556
29206890	0.00399440628628187
29208561	0.00309416168202274
29208790	0.00168120618249204
29209780	0.00252036670513817
29209801	0.00328359314896412
29209811	0.0052878656112565
29210890	0.0124065224592628
29211451	0.00161790414290756
29211741	0.0041385416733366
29212240	0.0063279939744783
29213121	0.00155237400725456
29213821	0.0509089020258952
29215420	0.00777460462561393
29215700	0.00239781240038026
29216370	0.00240850300315225
29220810	0.00785927131006956
29223430	0.00468519174278011
29223580	0.00155237400725456
29223720	0.00234368312119355
29229210	0.100207729132625
29229900	0.00220224504813973
29232820	0.00192948672344649
29237740	0.00306382326927352
29238300	0.00157096948346085
29243461	0.0089708411006854
29244940	0.0174877128445073
29246720	0.0016051961326552
29249381	0.0015730297093444
29249640	0.0133944541017782
29251410	0.00877821817637262
29254320	0.00277876331418385
29255321	0.00504626552942901
29256161	0.00270508473571597
29259270	0.00157753162078369
29259950	0.00630888032590245
29263150	0.00977068532258208
29264380	0.00257192565484866
29266880	0.00253683263795923
29267120	0.00155237400725456
29267680	0.00190475495976348
29267950	0.0432634452349295
29270310	0.00155237400725456
29271160	0.0197527366341189
29271581	0.00272087713749514
29272411	0.00155237400725456
29275410	0.00283497638661714
29277381	0.00155237400725456
29278150	0.00419086038663361
29278460	0.0031415513307441
29278700	0.269459463366563
29279130	0.00161790414290756
29280640	0.00162710925714171
29283031	0.00665897546739484
29283140	0.0015951445670861
29285671	0.00161227503833834
29285750	0.00250934384859477
29285890	0.00155237400725456
29286320	0.00155237400725456
29286470	0.00155237400725456
29287020	0.00507615415705074
29287031	0.00198436681144945
29287560	0.00275540849517372
29287731	0.00918543055670887
29288250	0.0154514739741897
29290891	0.00255983779293724
29291461	0.537632432605999
29292380	0.00197690050463524
29293760	0.00612617780965962
29301661	0.0167032519254766
29302040	0.00170584943787009
29302450	0.00632322159197834
29304561	0.00181140051680439
29304640	0.0021148246824557
29305090	0.00505496631111538
29305791	0.00292866782092053
29306190	0.00402975877483605
29308910	0.00630191540108323
29309640	0.00177058634142552
29310570	0.00254741145715961
29312431	0.00250795906950584
29314560	0.00157096948346085
29316630	0.00368606705119914
29318020	0.00259933661772441
29318980	0.00844170779798646
29321360	0.0101843852079827
29321750	0.00252580316772819
29325801	0.00157575414547598
29326471	0.0176044370959146
29328110	0.00208627961736028
29328281	0.00957926871950535
29329490	0.00211551390887822
29329651	0.00257367706012538
29330290	0.00735243989209298
29331430	0.00172327032406008
29332401	0.00188070583012045
29333661	0.0128204445862489
29335390	0.00236276908869115
29335940	0.00742959846639432
29336701	0.00699834187878559
29336910	0.00188622019772074
29338460	0.444790588655359
29339830	0.00247110055312517
29341470	0.0024384354320143
29341921	0.0033988870513666
29342471	0.00525822686529619
29343161	0.00155237400725456
29343800	0.0103887256485815
29344261	0.00170432912855742
29344561	0.00172625782966086
29345091	0.00466415083013191
29345470	0.00261022603505177
29346700	0.00244661451456532
29346730	0.00160540748339551
29347161	0.00155237400725456
29347851	0.00617692929184426
29348281	0.00274591948558003
29348681	0.00499739504363319
29349190	0.00161403476886127
29349651	0.00345750627461527
29350600	0.022406554972422
29350621	0.00162710925714171
29350850	0.00625275791284588
29351591	0.00156512401636283
29351940	0.00281734525173227
29352001	0.00442068808902922
29352131	0.002954796287986
29354051	0.00378992064911517
29354160	0.00684765708014666
29355041	0.00588111918141484
29356920	0.00380942363971042
29357391	0.00353434695902023
29358420	0.0108740179170979
29358980	0.00280883055192922
29361921	0.0015951445670861
29363810	0.00156492173366445
29363960	0.00425913926253042
29364640	0.00378091144000294
29365490	0.0280570508927869
29366160	0.0015951445670861
29366491	0.00170985935563536
29366631	0.00254637032383691
29367110	0.00155237400725456
29367581	0.0438824624110124
29368100	0.00240657946148612
29368551	0.00259524888941083
29369371	0.00179472383466908
29369931	0.00767099259948419
29370860	0.00158348298842786
29371530	0.00223710375197639
29372510	0.00315809121005787
29372790	0.00155237400725456
29372930	0.00382835700902497
29374761	0.00163167753974942
29375871	0.00155553736144322
29376250	0.00321416767516982
29376551	0.0361903832117996
29376811	0.00273059395987782
29377460	0.00170255455584251
29378180	0.00372330293187907
29379280	0.0027586533228503
29381511	0.00155237400725456
29381941	0.00165576316955826
29384930	0.0020352924665659
29385750	0.00236427147503019
29387981	0.0586919324052533
29388510	0.00809811463520619
29388630	0.00249337638149329
29390140	0.00155237400725456
29390690	0.0111426650648185
29392121	0.00311759131694323
29392780	0.00180183577477809
29394170	0.0015951445670861
29394331	0.003777826051444
29394751	0.00282793315900094
29395270	0.00327985199008376
29396681	0.00298304144750655
29398491	0.00160540748339551
29399151	0.00184852559276823
29401630	0.00240540012716618
29402410	0.00265430483368866
29402761	0.00311987508944126
29403701	0.0015951445670861
29404961	0.00477803240064933
29405900	0.00580981390330029
29405911	0.00162205444705299
29406051	0.00181728945601672
29406840	0.00653205200013928
29407031	0.00180530667459648
29407680	0.0020988513279666
29408001	0.00288919577449626
29408531	0.00356549052406407
29408551	0.00175946867597337
29409241	0.00162710925714171
29409880	0.00156949447484686
29410010	0.00387019384828613
29410891	0.00419001868261834
29411130	0.00155237400725456
29412660	0.00372884290368308
29413241	0.0262900096199872
29414170	0.00709047892352332
29414310	0.00198820278332014
29414410	0.00707020342684342
29414550	0.00319574148772299
29415960	0.00172116299786835
29415970	0.00297202611007095
29416121	0.00209313909602275
29416261	0.031771517980313
29416520	0.0116752467145384
29418010	0.00169530657856054
29418741	0.00155237400725456
29419260	0.00750081233899846
29419530	0.0221669082663891
29421310	0.00282000089304049
29421340	0.00241926422059473
29424951	0.195761297772877
29425190	0.0015951445670861
29425310	0.00476298598361929
29426430	0.0015550627241041
29427940	0.00855316800164408
29428340	0.0015951445670861
29428760	0.00173944470139984
29429781	0.00440764932731008
29430020	0.0046468504293342
29430270	0.00155553736144322
29430290	0.0015569101408339
29435721	0.00300180059440834
29436340	0.00239530242935174
29437371	0.00349374044458962
29437521	0.00426220544153555
29437890	0.00158287644205702
29438300	0.00155237400725456
29439270	0.00175116398226208
29440650	0.00481818839341686
29440750	0.00267013566818246
29440951	0.00280744194702114
29442550	0.599856982344628
29442560	0.0032210875097583
29443820	0.00155237400725456
29444380	0.0283347457164356
29445060	0.00184570742824561
29445091	0.00161505113448967
29445480	0.149619814395677
29447540	0.016721284572415
29448251	0.00615830159298598
29449180	0.10928498965374
29450341	0.00167841810943362
29450430	0.00179028371016633
29450960	0.00330171869909678
29451711	0.0306103081548866
29452220	0.0015951445670861
29452551	0.00155237400725456
29452691	0.00155237400725456
29452760	0.00155237400725456
29453491	0.00214235110261533
29454341	0.0179211418909264
29454560	0.00156944749594279
29454850	0.0178096958061363
29455530	0.00338554454023288
29456131	0.00443173374495106
29456821	0.00463411001667361
29456961	0.00167841810943362
29457241	0.00255992783807558
29457511	0.00310177688499395
29457921	0.0031403408584359
29460920	0.0015951445670861
29461320	0.0181527306706133
29461880	0.00244250790532996
29462191	0.00182390481884461
29463650	0.00378443588643537
29463940	0.00155237400725456
29464500	0.00164398547093582
29464620	0.00282869291305871
29464671	0.00156096868154157
29464920	0.0748816712824299
29465030	0.00332984544463134
29465901	0.0015951445670861
29465921	0.00191843908257094
29466030	0.00164656668596069
29466860	0.00291186118523506
29467130	0.00473669432311468
29467561	0.00162104493530709
29469300	0.0015951445670861
29471841	0.00237682188390536
29471940	0.0017211476688089
29473890	0.00378514084361584
29473921	0.00215835630641592
29475301	0.00155237400725456
29476391	0.00155237400725456
29477870	0.00246968187838249
29479810	0.00167841810943362
29480240	0.00373731305806767
29480271	0.00180812567122243
29481771	0.00695373531821083
29481901	0.00272389848713398
29484080	0.0016229702712752
29484370	0.391099292103567
29484541	0.00449333867446673
29485470	0.00435673488195924
29487581	0.00160540748339551
29487691	0.00155237400725456
29487960	0.00257623810493419
29491100	0.0101923217202418
29494150	0.0138726570555305
29494591	0.00245757734678778
29496411	0.00280084757361403
29496890	0.0030466018068504
29497330	0.00191581189092403
29498181	0.00155237400725456
29498400	0.00389169841285744
29502680	0.00252323023921567
29504801	0.00161227503833834
29504941	0.00181140051680439
29505501	0.00451063003860277
29507390	0.00180821883988913
29510020	0.00281619825034431
29510540	0.00161136124033963
29511691	0.0466394396539618
29511820	0.00166811013710376
29511960	0.00155553736144322
29512241	0.00328749360307153
29512671	0.00209252534750596
29513211	0.00376050257953491
29514990	0.00258702991384173
29515001	0.00165201701771545
29516521	0.00282325553984077
29518830	0.00544548972662799
29520500	0.00166237682376293
29520750	0.011250788062331
29521460	0.00181365897489892
29521570	0.00155237400725456
29522471	0.00555598424117848
29523680	0.00155237400725456
29526850	0.0857457491641164
29527260	0.00177707356338637
29528740	0.00213670481941302
29529481	0.0025503834914881
29529710	0.0015951445670861
29530160	0.00161047183781924
29530410	0.0337123017242631
29532531	0.00158619616119475
29533850	0.00155237400725456
29534550	0.00238767404357861
29534680	0.00313509665561252
29535540	0.00174995359648447
29535810	0.00466064742974189
29535820	0.00516906751975994
29536251	0.00789934903649372
29538871	0.00467003222732231
29538990	0.00172329443790673
29539920	0.00390996586302956
29540080	0.0136917197417855
29540931	0.0101399218157309
29541081	0.0025405381043634
29541320	0.0016784253007609
29541570	0.00155237400725456
29543800	0.0781518846117125
29545600	0.00185432786480875
29547431	0.00272484513951615
29548661	0.00159462776645277
29551240	0.00313603127748454
29552801	0.00155237400725456
29553740	0.00607666987737996
29554181	0.0015951445670861
29555640	0.00155237400725456
29557221	0.00950108606337307
29557310	0.00177187347939303
29559510	0.0015951445670861
29561781	0.0032285489525599
29561901	0.00171980228629263
29562160	0.0194375474659501
29566570	0.00284291239555786
29568050	0.00155237400725456
29568750	0.00156512401636283
29569091	0.0116026870929958
29569491	0.0046686303846023
29571021	0.00161136124033963
29571131	0.0196286536747893
29571220	0.00284897270856603
29571950	0.00379669175601486
29572330	0.00160540748339551
29575281	0.00164835245145383
29578120	0.00244661451456532
29579141	0.00460572305746764
29579920	0.00155237400725456
29581320	0.00155237400725456
29585430	0.00163674662360652
29585440	0.145293060259391
29586560	0.00239236940597246
29587220	0.00215284765837822
29587380	0.00156890846419704
29588050	0.00393706161033718
29588350	0.00155237400725456
29588740	0.00199298841307806
29589870	0.0015951445670861
29589990	0.00155237400725456
29591821	0.0164266000546419
29591831	0.00196899132893163
29592600	0.0278434485948263
29592890	0.00413300080234685
29593720	0.0015951445670861
29594031	0.00264610799255516
29595701	0.00170505657638831
29597010	0.0015951445670861
29598290	0.00438720147293656
29598461	0.00354107093418154
29599530	0.00289019517630524
29603500	0.019552401580473
29608890	0.00236933749809578
29609361	0.00155237400725456
29610991	0.002594704900885
29611500	0.00382671116941681
29617170	0.00239530242935174
29618171	0.00202709124411713
29620040	0.00851819304895111
29620870	0.00351191822007484
29621990	0.00155237400725456
29622110	0.0057752938749109
29623541	0.00241681932470758
29624050	0.0023696806170905
29627100	0.00170024450493101
29627650	0.0187502531966055
29630010	0.0015951445670861
29630161	0.0015951445670861
29632630	0.00378009048014109
29634000	0.00214560859293298
29634871	0.00161854381807684
29636080	0.110035304025427
29636091	0.0026654700815043
29636770	0.00161834200214131
29638150	0.0075527036753774
29638690	0.00853273956399889
29640470	0.00156096868154157
29640531	0.00224679714130109
29640900	0.0015951445670861
29642970	0.00220517472935864
29644730	0.00545965619048901
29648060	0.00385011662398055
29648750	0.00155237400725456
29649071	0.00157753162078369
29650410	0.00282194713173518
29651541	0.00158898717948595
29653850	0.00155237400725456
29655151	0.00369065166145887
29657710	0.0123806919677639
29661061	0.0134863374791669
29661990	0.00297691102081578
29662321	0.00641050564177521
29665570	0.0870644755487361
29666520	0.00231188847346858
29667250	0.00161136124033963
29667350	0.00174539253408285
29667701	0.00159841440950664
29669040	0.0018551313292234
29671681	0.00386577907517125
29674571	0.00330001967220628
29676080	0.00260481658404715
29676210	0.00158348298842786
29676371	0.00181762939020122
29676521	0.00674783856201449
29678851	0.00164500335295418
29679001	0.0281023717310979
29681211	0.00669886568088242
29684070	0.084156661249193
29686520	0.00235834426185054
29686981	0.00155237400725456
29687250	0.00188177335147077
29688470	0.0015951445670861
29689420	0.00351440342868018
29690021	0.486248198197944
29690560	0.00317086638782153
29691121	0.00166357877943747
29692050	0.00401081601590759
29692460	0.00155237400725456
29693020	0.00172122914391956
29694810	0.0015951445670861
29695490	0.00158348298842786
29696911	0.00330053563718519
29700070	0.00155237400725456
29700771	0.00197516798650616
29702390	0.00155237400725456
29702650	0.00163011730731265
29702861	0.00201901987574859
29703930	0.00157162577370222
29705710	0.00219484125539724
29706380	0.0015951445670861
29706721	0.00155237400725456
29707760	0.00262672417663994
29708361	0.00284255626503048
29709871	0.00342046325947293
29713830	0.00184083351502464
29714250	0.00155237400725456
29714280	0.00234173418875053
29716501	0.0015951445670861
29716791	0.00162394769541531
29718260	0.00155237400725456
29718311	0.00156890846419704
29719281	0.0210825826933321
29721170	0.00156492173366445
29721871	0.00156096868154157
29722820	0.00164456377155972
29725481	0.00158343101199194
29726721	0.0038424367204127
29726930	0.0139159786461108
29729341	0.0143340398340195
29729611	0.00155237400725456
29732931	0.0168705875492137
29733041	0.00155553736144322
29733860	0.00356575367921049
29734380	0.00168114814560838
29736170	0.00155237400725456
29736180	0.00172327032406008
29736330	0.00161636844780264
29739350	0.00156096868154157
29744600	0.00623330262838851
29744641	0.22139597848904
29745410	0.00199387730842042
29745720	0.0015951445670861
29747510	0.00175917214155295
29748101	0.0237847525849916
29748340	0.00166047321887713
29750380	0.00155553736144322
29750660	0.00156944749594279
29751640	0.00186772724615902
29751671	0.0190444247744507
29751770	0.00161136124033963
29752931	0.00155237400725456
29754861	0.00156492173366445
29755640	0.00174436512962187
29756600	0.010045538056594
29756631	0.00441269816397816
29758120	0.00261174605684181
29758571	0.0274049519602125
29760050	0.0346411973291839
29760200	0.0105853501410082
29761041	0.00155237400725456
29762581	0.00234129254871115
29763131	0.00155237400725456
29763411	0.00155237400725456
29763790	0.00200708765321066
29764310	0.00913368556326575
29764480	0.00194505576829155
29764651	0.00156096868154157
29765270	0.00176049107814825
29765310	0.00155237400725456
29766390	0.00161790414290756
29767821	0.0017812892087046
29767951	0.0409449397893282
29769960	0.00338144913159495
29770291	0.00156890846419704
29770950	0.0185004358701635
29771411	0.00249297148822493
29772641	0.103301514176381
29772791	0.01158689203248
29774130	0.00289428899044736
29774161	0.0015951445670861
29774510	0.00838147886457752
29774520	0.103962704227977
29776170	0.00518924713268154
29776310	0.00156970651349801
29778550	0.00533871459951916
29779100	0.00168110196644448
29779500	0.00454767002861489
29779640	0.00199964144637879
29780221	0.0015951445670861
29782790	0.03429564655601
29784641	0.00181942299331538
29785030	0.0023369251916392
29785980	0.00193225960663913
29786260	0.0115672360485055
29786691	0.0592324834424467
29787630	0.0015951445670861
29787941	0.0015569101408339
29788440	0.00333251395307974
29788730	0.00335543976171958
29788921	0.0048116946559987
29789960	0.00614919689644958
29792361	0.00207251406121371
29793010	0.00156492173366445
29796600	0.00160867873256995
29798380	0.0027870302168241
29799811	0.00775214973017344
29800631	0.0352657074453971
29801061	0.00215335165189557
29801280	0.00166483681910127
29804081	0.00155237400725456
29804460	0.00290079360058213
29805611	0.00409494377791303
29806981	0.00195257919134342
29807821	0.0015951445670861
29809191	0.00184063729417327
29810790	0.00180039624387471
29810820	0.0136258638296412
29810950	0.00220233156210016
29811470	0.00155553736144322
29812631	0.00155237400725456
29814100	0.00810291136082284
29814660	0.00431174611467818
29815401	0.00209617465623653
29817570	0.00304226081587056
29819910	0.00207355000913238
29820460	0.00277396582145808
29821881	0.00160543288414823
29822780	0.00159456948129079
29825260	0.00309421662559033
29825560	0.0106222398892142
29825871	0.00161790414290756
29827220	0.0284817441379818
29828570	0.00155237400725456
29828750	0.00161136124033963
29829000	0.0108138455840251
29829400	0.00593334436579981
29831330	0.0025888998259895
29832160	0.00497993752932161
29833550	0.00161790414290756
29836091	0.00283234701087909
29836300	0.00828424851188073
29837601	0.0015951445670861
29839941	0.00553071292048328
29841861	0.00155237400725456
29844040	0.00164984671469172
29846090	0.624227498161742
29847381	0.00161790414290756
29850411	0.00336771834338455
29851220	0.0015951445670861
29852330	0.00155237400725456
29853420	0.121225683991683
29854360	0.00159648809429517
29854910	0.0024218445693275
29855600	0.00155237400725456
29855900	0.00155237400725456
29857041	0.00255654541605207
29857530	0.00155237400725456
29857840	0.00267613474061724
29858260	0.00266490161321695
29860030	0.001649131498163
29860160	0.00155237400725456
29860720	0.00312562423227592
29860990	0.00348506750295231
29861270	0.0021563747332213
29862530	0.00155237400725456
29862561	0.00155237400725456
29863340	0.00271151435851261
29863600	0.00527321940883716
29864351	0.00318158748232099
29864891	0.0203140236739832
29865150	0.00709903472032986
29865191	0.0016981956788021
29865991	0.00289736616193693
29867791	0.0116085448438108
29868010	0.00159187222023563
29872361	0.00183017661201907
29873181	0.0429609315422351
29873991	0.00956204210344007
29875661	0.0015951445670861
29876361	0.0015951445670861
29879070	0.00156492173366445
29879750	0.00362036962844304
29880860	0.00162710925714171
29883511	0.00266711014074844
29884320	0.002354631821131
29884850	0.00195992224541311
29884880	0.00155237400725456
29886230	0.0015951445670861
29888850	0.00155237400725456
29889181	0.00155237400725456
29889861	0.00197754781002009
29889970	0.00259353592430845
29890151	0.0204473075328082
29893020	0.240508144640662
29893601	0.0015951445670861
29895651	0.00945791180831416
29897041	0.00338051739162463
29898360	0.0075195446752813
29899760	0.00157753162078369
29900061	0.00156970651349801
29901591	0.00157096948346085
29901861	0.00166904706455471
29902090	0.00306470548636582
29902380	0.00281296662725178
29903910	0.00240923676336637
29904440	0.00198436681144945
29906281	0.00212065723254327
29906691	0.00342374648713938
29910110	0.00155237400725456
29910650	0.00160540748339551
29911070	0.00208504082487437
29911371	0.00351080658224255
29913250	0.0015730297093444
29914141	0.00156970651349801
29915190	0.00325579136956428
29916440	0.00261375149046226
29917051	0.00188287983020995
29917820	0.0015730297093444
29919641	0.00569731176187891
29920730	0.0040918432503113
29921540	0.00161136124033963
29921571	0.00337609494699476
29921861	0.0240407987381498
29921980	0.00181917919092385
29923870	0.00155237400725456
29923910	0.00649176254974413
29927330	0.00242304190883188
29930261	0.00221859922716076
29932491	0.00241324789923676
29933410	0.00284076868327
29935630	0.0019604510837877
29937290	0.0100057636946001
29937700	0.0020560529731725
29938360	0.00161790414290756
29938411	0.00215025040786609
29941321	0.0032195934243611
29942780	0.00155237400725456
29944850	0.00161790414290756
29945140	0.0015555393404284
29945400	0.00155237400725456
29947511	0.00268055216703732
29948560	0.0015951445670861
29948761	0.00155237400725456
29948830	0.00156492173366445
29948850	0.00588785928321269
29949010	0.00160891863132884
29950790	0.0019319388596982
29951050	0.0015951445670861
29953431	0.00282341164805482
29953530	0.00158348298842786
29953721	0.00158348298842786
29954121	0.00739523960194778
29954530	0.00189905703573439
29954971	0.0015951445670861
29957410	0.00412907121878044
29958640	0.00242346494442156
29958760	0.00183670923754877
29962350	0.00155237400725456
29963801	0.00175836807352232
29966660	0.00262248108258047
29967091	0.00282341164805482
29967231	0.0015951445670861
29967310	0.00155237400725456
29967750	0.00954408988258442
29969540	0.00156492173366445
29969800	0.00172684401029441
29971190	0.00281038824665496
29972150	0.00173139184274191
29974070	0.00304196286075893
29974401	0.00161136124033963
29974681	0.0022891361687063
29974760	0.00155237400725456
29975070	0.0015951445670861
29975661	0.00265458476960264
29977250	0.0015951445670861
29977270	0.00240121645455674
29977441	0.00166483681910127
29977721	0.00155237400725456
29979651	0.00185437386253592
29987221	0.0252738120877949
29987350	0.00181990321284131
29987641	0.00155237400725456
29988830	0.00161171720209947
29989721	0.00279065950901837
29991450	0.00258003789370742
29992710	0.00155237400725456
29993530	0.00158435236603143
29994821	0.00156944749594279
29995231	0.00249408522079292
29995361	0.00276723301370959
29996420	0.00506598323417713
29996461	0.00723561020648931
29997441	0.00261114400699931
29998110	0.00163985160457033
29998210	0.00958908653268796
29998500	0.00680460217986342
29998790	0.00155237400725456
30000461	0.00286719881344291
30001540	0.00155237400725456
30001550	0.00177861445570674
30001660	0.0276328477929088
30001800	0.00171272577738007
30002760	0.0015951445670861
30003911	0.00155237400725456
30004611	0.00331430741060197
30004901	0.00284180400136903
30006541	0.00176729134791842
30009390	0.0573601683189885
30010780	0.00427559973798065
30010900	0.00198479355176401
30011231	0.00379881734682147
30015310	0.00187469928998798
30015880	0.00689748000625799
30017680	0.00321664130703234
30018760	0.00155237400725456
30018930	0.0038004443940617
30020181	0.0211132780129948
30020990	0.0023543816202324
30021520	0.00203679801660552
30021830	0.0017172108338075
30021841	0.00174595868964323
30023590	0.0110513912717958
30024590	0.00155237400725456
30027600	0.00219840519608766
30029981	0.00891445226817104
30031880	0.00179971591678004
30032690	0.00195478567833471
30032980	0.0015569101408339
30035200	0.00777049061855476
30036150	0.00155237400725456
30036160	0.00173566277638143
30036170	0.00155237400725456
30036820	0.00234028587460611
30037660	0.0015951445670861
30038661	0.00885039436077267
30039210	0.00169138713578844
30040471	0.0015951445670861
30042340	0.00156096868154157
30043091	0.00166139652644301
30043610	0.0017418437623365
30043641	0.00726786189234731
30044601	0.00156890846419704
30044741	0.00170391709675975
30045270	0.0035517287514141
30045431	0.00455021567378362
30046220	0.00475413337143699
30046691	0.0286366810536264
30046780	0.00155237400725456
30047440	0.0044713034944623
30049120	0.00202998565795329
30050210	0.00353928674328166
30050541	0.00166926877357795
30053571	0.00160965556560435
30054630	0.0016397194642947
30055101	0.00155237400725456
30057441	0.00334107295946295
30058240	0.00854084603122132
30059371	0.0015951445670861
30060160	0.00156096868154157
30060850	0.00321487315714711
30064410	0.0023543816202324
30065410	0.00171036983244616
30066770	0.485382366358015
30069670	0.00343933069582798
30070961	0.00161557282168486
30071620	0.0022646346294904
30073141	0.00396839547918295
30074650	0.00946519929404811
30076181	0.00270877839876764
30076321	0.00156492173366445
30077971	0.00215100173370502
30079870	0.00157004507272978
30081161	0.00155237400725456
30081640	0.00155237400725456
30082080	0.028867490254175
30083480	0.00227269197864795
30083491	0.00525320518912192
30083850	0.0113682578588856
30085441	0.0101644712368844
30087870	0.0015951445670861
30090360	0.0015951445670861
30090470	0.00354679663078222
30091361	0.00162717392609449
30092270	0.00424198190703557
30092280	0.00156096868154157
30092331	0.0419736146539546
30093291	0.00987029321577713
30093390	0.00328898544792587
30094630	0.00310118462301941
30094770	0.003794662560631
30095020	0.00155237400725456
30095710	0.0015951445670861
30096550	0.00194991110550585
30097500	0.00155237400725456
30097520	0.00178019533502787
30098780	0.00529652351181369
30098931	0.00155237400725456
30099020	0.00569339670124741
30100201	0.00193692921183119
30100471	0.00155237400725456
30100570	0.00155237400725456
30101291	0.011080262407684
30101431	0.00159613549063898
30101920	0.0121434503921859
30101930	0.00337151362839888
30104030	0.00155237400725456
30104830	0.00502476045700208
30107071	0.00171306875715338
30107710	0.00173236007129043
30108410	0.00818356862143789
30109971	0.00510574729207741
30112601	0.00606828373760839
30113380	0.0255708221181173
30114220	0.00487032689490742
30116550	0.0025829842685936
30119430	0.00915985787857833
30120041	0.0194943547861131
30121691	0.0174743745668833
30123440	0.00185683956289679
30125400	0.00155237400725456
30128591	0.00170075014128097
30129120	0.00162550253960625
30129240	0.00401347089584982
30130101	0.00160089807470436
30133141	0.00345247202584175
30134370	0.00160891863132884
30135901	0.0114609090862082
30136290	0.00576247619450892
30137810	0.00165916445128806
30138780	0.0408638270943682
30139720	0.0015951445670861
30140031	0.00169644134688847
30140741	0.00394643693057375
30141281	0.00337916585738845
30142480	0.00515568875802143
30143361	0.00155237400725456
30145930	0.00479219146912143
30146760	0.00247248431237283
30147330	0.00158343101199194
30148420	0.0169500114267351
30150261	0.00201722066206348
30150500	0.00221194095340563
30152850	0.0017141141456857
30154360	0.00244335172488083
30157431	0.00377278266069521
30157500	0.0015951445670861
30157540	0.00172122914391956
30160290	0.00239245989525524
30161411	0.00257961195750854
30161520	0.00468670714198583
30161790	0.00159243187888163
30162811	0.0125284061570873
30164731	0.0015951445670861
30167050	0.00546716756720083
30167460	0.00284307210022859
30169571	0.0196562931291068
30169981	0.00175020481895138
30172741	0.00155237400725456
30172940	0.00344396250908584
30173510	0.00159860748902245
30175201	0.00156492173366445
30175290	0.00294195481168937
30176861	0.00155237400725456
30178340	0.0015951445670861
30179290	0.00177031310920707
30180840	0.0317020374480485
30182371	0.00187919408701334
30182870	0.00804752186820846
30184120	0.00827955230459515
30184970	0.00569790616278702
30185401	0.00155237400725456
30186231	0.00229531729404925
30187150	0.00155237400725456
30187221	0.00155237400725456
30187590	0.00197754781002009
30187980	0.00340443089174479
30188270	0.0103964540710202
30188670	0.00167621151315303
30188721	0.00155237400725456
30188731	0.0017348175071435
30189281	0.00156970651349801
30189691	0.0015951445670861
30189800	0.0015951445670861
30190210	0.00159769547950879
30190391	0.00297460311604576
30190460	0.00187677933228196
30190490	0.0309933145220856
30191310	0.00158539363665587
30192171	0.00282024948658964
30193151	0.00178389013475932
30195071	0.00155237400725456
30195471	0.00160177043161842
30195580	0.00304296369031235
30196591	0.00240563531386786
30197131	0.00619865440644593
30197260	0.00260426488836156
30197360	0.00204498844886202
30198231	0.0386789211759668
30199891	0.0152593308534947
30200461	0.00173712554174773
30200670	0.0104527195807533
30200830	0.00336608193279987
30201510	0.00164458243604081
30202060	0.00161268769980449
30202080	0.00222501723861978
30202880	0.00162710925714171
30203911	0.00155237400725456
30206101	0.00159860748902245
30206200	0.00155237400725456
30206381	0.00420228972750572
30206610	0.00215429781014162
30208010	0.00161916782348687
30208400	0.00276079868380577
30210060	0.0230780285601037
30212410	0.0015951445670861
30213370	0.0051708039612637
30213841	0.00294330870992154
30214661	0.00164875773538639
30214671	0.00155553736144322
30215040	0.0015951445670861
30215081	0.00156512401636283
30215341	0.00161790414290756
30216280	0.00356532522531919
30216290	0.00499659871587361
30217380	0.00529930554190834
30218060	0.00638230251843015
30219030	0.00816867809612162
30219420	0.00576057328544181
30220181	0.0015951445670861
30222091	0.00238232689837804
30222330	0.00265677679721386
30223970	0.00199786904694226
30224000	0.0147108964696592
30224660	0.0414152479220966
30225131	0.00161227503833834
30227160	0.00209537618699755
30227221	0.00247936147126839
30227440	0.00318724181211597
30228540	0.00277901789262905
30231341	0.00427502611901905
30231881	0.00473760395398084
30232161	0.00155237400725456
30232991	0.0015951445670861
30233141	0.00176442695504321
30235580	0.00156492173366445
30236161	0.00282083755916586
30236591	0.00487698648172475
30236700	0.00360056643762551
30236950	0.00251861091346776
30237650	0.00226332732006378
30239710	0.00281129379963573
30240000	0.00254799881524522
30240420	0.0017449944856769
30240550	0.492807634483952
30240731	0.00232269110733746
30243710	0.00268280054154166
30244140	0.00206768855422538
30244861	0.00155237400725456
30246210	0.0217231118141913
30246770	0.00746169747601279
30249650	0.00362203904016533
30250231	0.0040006092402112
30250740	0.00161790414290756
30251300	0.00174253438712065
30252930	0.00162578707023025
30253811	0.00274591948558003
30258320	0.00254673872573918
30259000	0.0291647528483219
30259201	0.00278653698966691
30259590	0.00363269124916083
30262610	0.00286503068275075
30262730	0.00909858232153498
30265121	0.00155237400725456
30265640	0.00174031180242972
30265920	0.00831812535930739
30266310	0.0015951445670861
30266340	0.00155237400725456
30266610	0.00155237400725456
30268820	0.00162943009128692
30269110	0.0201249684293845
30270101	0.0206953998031053
30270791	0.00352961316549844
30271481	0.0101781562635832
30272711	0.00155237400725456
30274111	0.00161136124033963
30274641	0.00155237400725456
30276100	0.00370536694761493
30276250	0.00155553736144322
30278791	0.00274454795948423
30279751	0.00161110949403304
30280031	0.00178586826253982
30280291	0.00476603337041628
30280830	0.00179037580723605
30281391	0.00517499782503756
30283590	0.00701359068845422
30284270	0.0089960693144121
30285811	0.00284908477464431
30286180	0.00507821293871225
30286610	0.00168959340873398
30287020	0.00745486545778017
30287580	0.0017577293848193
30288410	0.00222755771191255
30288431	0.00232016349410583
30288530	0.614584054396863
30288731	0.0161821060199763
30289780	0.00187282496858357
30290641	0.00155237400725456
30290890	0.00173206525268143
30291280	0.00194813083797653
30292041	0.00200099118654595
30297261	0.002550682210206
30297941	0.00157753162078369
30299290	0.00668141742292991
30299860	0.00157604308015066
30304250	0.00166779185597707
30305001	0.00667607221130394
30305230	0.0137578603423782
30306101	0.00404474635523333
30306880	0.00264358955196397
30307040	0.572425347465118
30307481	0.00155823154868181
30307621	0.00161136124033963
30308380	0.00513092395060338
30308930	0.00245861759804263
30308970	0.00172949370336401
30309650	0.00215579752363725
30311570	0.00161136124033963
30312291	0.0015951445670861
30313510	0.00403530670659851
30313520	0.00161136124033963
30314231	0.00155237400725456
30315331	0.00170255455584251
30315580	0.0308437284897042
30315621	0.00170505657638831
30316431	0.00360272046779599
30318440	0.00204005167448731
30319160	0.00559621171361861
30319341	0.00253418825810637
30320421	0.00255081283313873
30320790	0.0118488423831188
30322791	0.00290131407385304
30324971	0.00268644884253263
30326081	0.0026589533315525
30326450	0.00170096884502861
30328011	0.00647081126034079
30328660	0.00289956204968587
30330860	0.00890321758467962
30332011	0.0419902296634954
30332161	0.0023543816202324
30333360	0.00156970651349801
30333691	0.00156890846419704
30333961	0.00167814918691193
30334180	0.00823068329863023
30335051	0.00275780411153527
30336930	0.0023543816202324
30337391	0.0164044374820718
30337630	0.00184619036944715
30338501	0.00155237400725456
30339680	0.00231803940519119
30339741	0.00515779582491895
30342791	0.00155237400725456
30342931	0.0033622615515832
30343300	0.00158348298842786
30344120	0.00940588943255256
30346491	0.00282341164805482
30346921	0.00302444491203611
30347010	0.00173864062136958
30347030	0.00156492173366445
30347560	0.00933790965976678
30347891	0.00382804741409048
30349961	0.00155237400725456
30353551	0.001787436188612
30354071	0.00440600765659161
30354450	0.00439164361343819
30354911	0.00234569763538334
30355280	0.00193375705701529
30357821	0.00179754107017882
30359300	0.00155237400725456
30359560	0.00309472600340101
30359871	0.0097608205961726
30360141	0.0128262214678564
30361610	0.00297944095241923
30361770	0.00517193492251656
30362740	0.00162205444705299
30363601	0.0107166184731063
30363830	0.00155237400725456
30364981	0.0015730297093444
30365131	0.0256722344053275
30367290	0.00319952419536901
30367970	0.00155237400725456
30368110	0.012911534195096
30369920	0.00156096868154157
30370580	0.00660349185333548
30371410	0.00155237400725456
30372851	0.0015951445670861
30374450	0.00155237400725456
30375960	0.00927785793226905
30376120	0.00163308848355139
30376520	0.00175287556697404
30376701	0.00238361498298688
30378450	0.0026144518278458
30379420	0.00155237400725456
30379461	0.00216704939108253
30379990	0.00155553736144322
30380161	0.0034551324652401
30381111	0.00356921954757713
30381261	0.0024899798818875
30382040	0.00167635760620615
30382330	0.0050709082468675
30382570	0.0144096909000887
30383430	0.00160943704387973
30383720	0.00155553736144322
30384260	0.00362545702039344
30385541	0.0015951445670861
30385630	0.00457261324591759
30386911	0.00155237400725456
30387270	0.00246691045895977
30389910	0.00206067589806837
30389931	0.00435341415601268
30390501	0.0022167026362719
30391311	0.0402766844002497
30392410	0.00161338880595051
30392530	0.00412741083592421
30394020	0.0482715624639697
30396100	0.00182552410226876
30396421	0.00236403303751652
30397220	0.00610276067296469
30397470	0.00160196540001379
30399290	0.0173447247452059
30400640	0.0745622838669187
30402351	0.00171986130721864
30402860	0.00710620539680445
30403311	0.00162907245942165
30404670	0.00203880789110829
30405610	0.00603472952458126
30406740	0.00155237400725456
30408831	0.0109747093195309
30408971	0.00388036701291118
30410371	0.00843703304127468
30410481	0.00453796850856315
30411120	0.00155237400725456
30411950	0.00279538358180604
30412021	0.00227081603165741
30412950	0.00698065080686017
30413750	0.00361987061279217
30414621	0.00499978760149112
30415440	0.00274591948558003
30416260	0.00472243063903267
30417241	0.00428806424743062
30418430	0.0213831544455002
30420011	0.00155553736144322
30420250	0.00323448288739793
30421521	0.00517567758266065
30422440	0.00203368886268656
30423331	0.0028327805441573
30423731	0.0128617718266199
30424971	0.00173206525268143
30427400	0.00177402726856194
30427530	0.00155237400725456
30427810	0.00246261769512297
30428380	0.0156783673670423
30428660	0.0044015606882263
30428810	0.0136025171794315
30430621	0.00420477983353543
30433791	0.0015951445670861
30436090	0.00839332973535842
30436971	0.100550702763868
30437470	0.00156492173366445
30439031	0.00155237400725456
30439331	0.00155237400725456
30439670	0.00191002091377278
30439690	0.00246046591361364
30439820	0.00667444213039294
30441801	0.00249201576013714
30442891	0.0087000972787895
30443031	0.00156096868154157
30443160	0.0015951445670861
30445340	0.0015951445670861
30446621	0.0097869861965151
30447670	0.00155237400725456
30448571	0.00224422756233472
30448961	0.0366684981566607
30449391	0.00182193998868182
30449610	0.0620040907616335
30450150	0.0018314766369699
30450710	0.003663290565863
30450720	0.00155237400725456
30452691	0.00160333028738286
30454980	0.002035056297525
30457811	0.0103505083973782
30458430	0.0214551887695483
30459390	0.00307231298727468
30459881	0.00162679385947184
30463020	0.0496480278588128
30464500	0.04478430704072
30466440	0.00414386522525257
30468380	0.0192355682282978
30469460	0.00428293916576355
30469931	0.00251282840367797
30471270	0.00207484387119273
30471881	0.0015884030675312
30476271	0.0015951445670861
30477060	0.00171726061003321
30477101	0.00288051844572206
30477210	0.00361507400494208
30477531	0.00244483824881133
30479260	0.00256110484694532
30480001	0.00378236748316539
30480141	0.00155237400725456
30480981	0.00174612628890125
30481101	0.00360815639987682
30481880	0.00250727559491499
30482740	0.00155237400725456
30483400	0.00943218141011253
30483830	0.00481062676635508
30483991	0.0015951445670861
30486420	0.00282587476106443
30486460	0.0015951445670861
30486771	0.00722626868943359
30487010	0.0015951445670861
30487721	0.00523480209701203
30488080	0.00427308925579688
30488271	0.00462043062353776
30489350	0.0206007439782965
30489630	0.00249239398575844
30492500	0.0433434757581507
30493740	0.00155237400725456
30494440	0.0015951445670861
30494751	0.00197889822349608
30495851	0.00675745471119204
30496681	0.00155237400725456
30498980	0.00156096868154157
30499731	0.00195885999067709
30500841	0.00174190296652459
30501070	0.0373021849762536
30501220	0.406434527280797
30502180	0.00155237400725456
30506600	0.277108438704917
30507591	0.00155237400725456
30507690	0.00197754781002009
30510081	0.00166824225248878
30514221	0.00166026291019783
30514901	0.0163239070540472
30515010	0.00280127484753432
30516910	0.00441952534434939
30517050	0.00357220505521953
30518040	0.00155237400725456
30518970	0.00173259325452057
30520411	0.00155237400725456
30526030	0.00399274751153028
30528001	0.0025225644596691
30532281	0.0015951445670861
30532821	0.00161238733500841
30534690	0.00167599912544055
30535270	0.00452992292566373
30538430	0.00352986241222004
30540551	0.00267855633321298
30540790	0.00155553736144322
30546310	0.00463848004661189
30546970	0.00645344313388814
30548510	0.00299148087323256
30552691	0.00700475525565819
30556100	0.00193279526147513
30556930	0.00569681355631359
30558351	0.0080574401932945
30558560	0.00170229064803894
30561381	0.00176494851463959
30561661	0.00907216796652645
30562430	0.00452321467820481
30563181	0.00275255845369736
30564920	0.00749393300081585
30566280	0.0047216523646116
30566690	0.00284387181838565
30567171	0.00177178191482736
30572110	0.00156096868154157
30573101	0.00186687021711005
30575830	0.00186072488659783
30577350	0.0107154874372938
30577730	0.00483189549570766
30578061	0.00262417614160639
30578741	0.00195184580097713
30579591	0.00244346679193783
30579701	0.00161136124033963
30582331	0.00175037084372489
30584831	0.0139202645999021
30585030	0.0199249233409185
30585210	0.00910461916741736
30589490	0.00165648860630444
30592900	0.0020207738847335
30594410	0.0132293549600901
30596220	0.00495873720780577
30596961	0.00175531801020828
30598621	0.00155919637360364
30602321	0.0111409952286089
30602881	0.00211650807377471
30606270	0.00169138713578844
30606871	0.00253241763206706
30606980	0.00161790414290756
30607520	0.00185882187310812
30608220	0.00175912713776687
30612121	0.00378633392294538
30613070	0.00169239364742212
30613361	0.00560339386965131
30614840	0.00162710925714171
30615161	0.00608912345280454
30616760	0.00217975097094708
30616920	0.00161136124033963
30617040	0.00155237400725456
30617200	0.00158574412912967
30618051	0.0165217092873823
30618181	0.0018464501211326
30618881	0.00195239402437766
30618960	0.0129096117071007
30620261	0.00183487290321363
30620650	0.00155237400725456
30623171	0.00162710925714171
30623410	0.0015951445670861
30623650	0.00155237400725456
30623981	0.00689511093365458
30623991	0.00162811216154304
30624401	0.0149621146352392
30624671	0.0015951445670861
30625170	0.0152855486645313
30626051	0.00155237400725456
30626420	0.00665027157854982
30628801	0.00197961785448718
30629211	0.0205334537196511
30629760	0.0127569328899019
30633730	0.0023577818660695
30634550	0.00407276447557366
30634860	0.00156890846419704
30634881	0.00434622734514471
30634891	0.00402732800151003
30635240	0.00602893617488413
30636220	0.00585242263461996
30636240	0.00353142923365469
30637190	0.00155237400725456
30638741	0.0015951445670861
30639270	0.00182429681467386
30639441	0.00176894585019542
30639680	0.0028649304972031
30639711	0.0015951445670861
30643171	0.187666965698293
30643550	0.00264923174595859
30644131	0.00276442668868962
30644480	0.00156949447484686
30645720	0.00476586781387565
30649990	0.0358485160725659
30651561	0.0815557995860937
30653160	0.00687577023299524
30654440	0.00159769547950879
30654611	0.00156096868154157
30655090	0.00155237400725456
30655831	0.00414304795051905
30656681	0.00376919179933007
30658400	0.00208363620623541
30658451	0.00356301583830219
30658550	0.00159710380446657
30659151	0.00398814498045315
30660890	0.0015951445670861
30662341	0.00185620434082707
30662540	0.00252368304249531
30664251	0.00231803940519119
30664780	0.0138195223044689
30665091	0.00280675779558446
30665580	0.342604022982488
30666331	0.0015951445670861
30666840	0.00406202930511333
30668391	0.286452190721627
30668480	0.00335130411820226
30670150	0.00553026798790942
30670300	0.00870103267502835
30670331	0.00619947745913917
30670341	0.017629783927292
30670850	0.00161429530128257
30672100	0.00158539363665587
30672391	0.0015951445670861
30672750	0.00388059960933254
30673340	0.0015951445670861
30673501	0.00155237400725456
30674181	0.0307182817444396
30676811	0.00172539954074341
30677631	0.00157369035697258
30678451	0.0153003135486573
30678820	0.00155237400725456
30679291	0.00274591948558003
30685340	0.306135762911957
30685450	0.00326463259821978
30685720	0.00295830506586467
30686000	0.00247289241203388
30686720	0.0114356679494976
30686840	0.00155237400725456
30687561	0.0026198991701147
30689740	0.00163797974969762
30689890	0.00569870744572452
30690140	0.0204250241993691
30691421	0.0015951445670861
30691981	0.00184578404508258
30694611	0.024529247893558
30696740	0.0087105624595636
30697730	0.00371842730295754
30701361	0.0015951445670861
30701850	0.00557756337520589
30701911	0.00175422710428082
30703141	0.00163341839173802
30706861	0.00200868258429195
30709460	0.00331485300697402
30710690	0.00175290862998532
30713201	0.070542860126554
30717211	0.0573978405524607
30718410	0.0015951445670861
30723110	0.00167599974528979
30723260	0.00875322079275002
30724101	0.00155237400725456
30725071	0.00259384658750536
30725580	0.00155237400725456
30726591	0.00395700353025062
30728651	0.00407520405777172
30730570	0.0015730297093444
30734700	0.00257232158860776
30739981	0.0103809595776508
30741341	0.00173529224033185
30748521	0.00705213575084886
30748671	0.027453671904983
30753180	0.00203607633533083
30754570	0.00853056824874202
30757440	0.0052163871709683
30758570	0.00493827496129276
30761150	0.105193084088824
30761880	0.00194215788103457
30763001	0.0019858027207676
30766161	0.00169138713578844
30770280	0.00345389838338143
30772241	0.0015951445670861
30776050	0.00245087822615767
30776180	0.00155237400725456
30777190	0.00565283650300341
30777600	0.00991444991751306
30781990	0.00312369854352804
30782250	0.00689935197546387
30782570	0.0019785577952141
30782690	0.00298278299396538
30782731	0.0147740691200519
30788340	0.00234458142937388
30788641	0.00158574412912967
30789631	0.00155237400725456
30790031	0.0015951445670861
30790851	0.00655028717827088
30792180	0.00156492173366445
30794700	0.00155237400725456
30796101	0.00173581353308612
30797560	0.00157985020232283
30798871	0.00156492173366445
30801560	0.00210900481234396
30801911	0.00332794234965167
30802161	0.00181431179174764
30804620	0.0015951445670861
30805331	0.0114775508891692
30805351	0.00169190695320763
30806041	0.00265533345261243
30806130	0.00246946192721162
30806800	0.00155237400725456
30806820	0.00172362401213713
30806840	0.00697356641292112
30808050	0.00234517710318403
30808620	0.00458066157643313
30810591	0.00161227503833834
30815370	0.00284243866648286
30818400	0.00413501268720881
30820590	0.0023983394242652
30820620	0.0033741584864003
30821420	0.00169142528998702
30821700	0.00156944749594279
30821990	0.00156492173366445
30822270	0.00646081479568552
30824460	0.0260485549937211
30826840	0.00189164478428866
30826851	0.00155237400725456
30828190	0.00463180899845382
30829570	0.00180177552460895
30829580	0.00174304898746605
30830181	0.0034859133183395
30830250	0.00163308848355139
30831011	0.0292839796087172
30834321	0.00156492173366445
30834560	0.00340065803580923
30835350	0.00233500323075453
30835900	0.00277607353768041
30837071	0.00248440108554801
30837300	0.0015951445670861
30841460	0.0103512862931817
30841840	0.00278537559345853
30842120	0.0131962978328097
30842530	0.00175544770040653
30842680	0.00265636192272206
30843261	0.00185181594510886
30843900	0.00289050582703245
30844371	0.00775338609805684
30844911	0.00312616794452091
30845290	0.00384782292318418
30845310	0.00479843389141118
30846530	0.00156492173366445
30847831	0.00167037404837293
30849341	0.00155237400725456
30850240	0.00232099671533158
30850540	0.00171986130721864
30850550	0.00155237400725456
30850940	0.0103849406022832
30853211	0.00157429321388393
30853710	0.00332502790043559
30855541	0.0101666419234495
30855561	0.095988559672528
30857430	0.00260533151325132
30857461	0.0015951445670861
30857611	0.0188109607596214
30857730	0.00742049342191649
30858520	0.00176962554248766
30859110	0.00258238974851832
30859360	0.00416956811622481
30859391	0.00347595513495401
30859411	0.00181407088007487
30861201	0.00155237400725456
30861211	0.0119894783001318
30861850	0.00731351050870772
30862021	0.00278384781840809
30862810	0.00440560943306109
30863281	0.00181748624803691
30864661	0.0019477745184394
30865191	0.00164604498224291
30865280	0.0612071811569676
30866861	0.0221146009001788
30867640	0.0047448837222524
30869590	0.0020974256905933
30871620	0.00155553736144322
30872750	0.00174304898746605
30874240	0.00585808026960679
30877010	0.00155237400725456
30878810	0.00971397522157024
30879240	0.00240181504089303
30880030	0.00165860082844395
30881611	0.00198534188522879
30881990	0.00155237400725456
30886540	0.00480482074451203
30888330	0.00169307618487582
30889960	0.00208211558511618
30892610	0.0328497117794981
30892720	0.00381924127578623
30892931	0.00810855474874014
30893550	0.00195715762363503
30893901	0.00156096868154157
30894380	0.00155553736144322
30894540	0.00242393933933845
30897690	0.00332684755375516
30898530	0.0015951445670861
30898861	0.0015951445670861
30900221	0.00471059005810876
30901751	0.00164458243604081
30903001	0.0021747885349685
30903941	0.00239502559115328
30904030	0.00624808889667549
30905751	0.00252788476239465
30908610	0.00169183545619167
30908791	0.00155237400725456
30909700	0.00387495015531247
30909891	0.00156096868154157
30910550	0.00256308546339564
30912190	0.103281038611053
30913440	0.0347616871763432
30920750	0.00319927209810819
30923391	0.0289156494216399
30925570	0.00163422399842511
30925720	0.00279715378718822
30929191	0.0269695819421382
30929430	0.00184076451755776
30931681	0.00244661451456532
30934950	0.130224444319848
30935131	0.00196504090956448
30938291	0.00254130436603842
30939521	0.00233784242695344
30940340	0.00188323567040134
30943090	0.00278897270163014
30943360	0.00356994984891942
30945751	0.0107335914020331
30948101	0.00358818526822046
30948651	0.00251233894000106
30949820	0.00194469143381393
30954650	0.00280894821602945
30955090	0.00161136124033963
30955330	0.00393096063238105
30958240	0.00162710925714171
30958711	0.0144844462228254
30959381	0.00155237400725456
30959620	0.00224245223764064
30960180	0.516736305536059
30960300	0.00364729888536442
30960870	0.00579974395011755
30961010	0.00161268769980449
30962240	0.00174350078182032
30962680	0.0015951445670861
30963401	0.0148774023441484
30963811	0.00571895495619414
30964040	0.00245441067969601
30964050	0.00241014394390446
30965020	0.00161268769980449
30966431	0.00161790414290756
30966851	0.00394333728694248
30966930	0.00843958530890557
30967070	0.00418259416147712
30967251	0.00210464259569484
30969130	0.00157753162078369
30969290	0.00500580917055437
30971090	0.00238836216989829
30971210	0.00182876075517232
30972610	0.00167215517252351
30976351	0.00166558591091493
30977400	0.00161136124033963
30977420	0.00217560680317466
30977430	0.00159782071450677
30978130	0.00414127723531611
30978421	0.00155553736144322
30979500	0.0221100469744668
30982230	0.00170096884502861
30983330	0.00747251058861692
30983370	0.00290517713187116
30984040	0.00157753162078369
30984170	0.00155237400725456
30984890	0.00184598710810678
30985820	0.0221922328522243
30986130	0.00506773004848229
30987330	0.00710694502015204
30987770	0.0148993375059743
30988781	0.00379360099523889
30990021	0.0282257868738956
30990510	0.00334861203008742
30990540	0.00376533001261085
30991791	0.0163693718767515
30993061	0.00697897936262254
30995780	0.00167167937223952
30995791	0.00480006610722087
30996440	0.0015951445670861
30996590	0.00198371492073881
30997570	0.00166483681910127
30997591	0.00155237400725456
30997950	0.00194191591536639
30997990	0.00175943795184887
30998400	0.00157753162078369
30998500	0.00469430296112839
30999510	0.0241870372337255
31000361	0.00243524877386349
31000580	0.0048026076720227
31000860	0.0037285422074792
31001560	0.00938049787648119
31001850	0.0023096984641018
31001970	0.00452771730336781
31002301	0.00161636844780264
31002400	0.00155237400725456
31002551	0.00567980661982941
31002841	0.00454944586338507
31005400	0.00178161536409376
31007060	0.00203358740526817
31007210	0.0015951445670861
31007480	0.0183479986311227
31008641	0.0040931831031379
31009280	0.00320120740571184
31010011	0.00161136124033963
31010120	0.00759475091738386
31011391	0.00156096868154157
31011511	0.0967194899367161
31014161	0.00296466467692186
31014520	0.00155237400725456
31015381	0.00352674908774817
31015801	0.00180058553119343
31016860	0.00515139151170564
31017181	0.00656788553647308
31017191	0.0015951445670861
31018431	0.001736216722734
31018940	0.00155553736144322
31019050	0.00155553736144322
31020610	0.0102188316207147
31020781	0.00170024450493101
31021461	0.00159557473601754
31022701	0.00156492173366445
31024071	0.00665752074219225
31024201	0.00155237400725456
31024221	0.00180570853493132
31024720	0.00301334210640338
31025120	0.00155237400725456
31026291	0.00160546143595618
31027080	0.00263834151426431
31027251	0.00158779241557088
31028160	0.0015951445670861
31028880	0.00184980022697322
31030421	0.0017971679762057
31032170	0.00165913896575699
31032720	0.00158348298842786
31032781	0.00155237400725456
31033010	0.00290133851291746
31033150	0.0350780911605647
31033840	0.00183023516001208
31035671	0.00176946076174571
31035801	0.00162710925714171
31036740	0.0387101107833508
31036911	0.00279484600912859
31037191	0.00207937761924444
31038520	0.0317283890211553
31038950	0.0015951445670861
31042540	0.00630905974453529
31042971	0.0249111453164359
31044840	0.00197754781002009
31046151	0.0163783063340631
31046630	0.00411568309739494
31048010	0.00170255455584251
31048160	0.00161790414290756
31048481	0.00159462923885918
31048600	0.00236814443175498
31049530	0.00320918545992935
31051090	0.00195962414636463
31051801	0.00155237400725456
31052330	0.0036256577153715
31054950	0.00155553736144322
31055910	0.00292405493072842
31059261	0.00326143680897355
31063060	0.00371906751421818
31063340	0.00174536712220117
31064351	0.00758922535675306
31065140	0.00407718545110339
31066670	0.00155237400725456
31067190	0.0015951445670861
31070230	0.00293098929030311
31070380	0.00155237400725456
31072290	0.00167226656276913
31072341	0.0178495847749265
31072440	0.00272873899336825
31072631	0.0015951445670861
31073530	0.00157575414547598
31074971	0.00431873235082029
31075521	0.00329509395285761
31075651	0.00225572370343768
31076491	0.0129688637240135
31077161	0.00927823336839318
31079330	0.00529123315300948
31079760	0.00316466606524322
31084361	0.00155237400725456
31084450	0.00161110949403304
31084990	0.00161227503833834
31088570	0.013005092547006
31088710	0.00162205444705299
31088870	0.00315437820204498
31090971	0.0268471768748521
31091921	0.00169138713578844
31092700	0.00232211230740365
31092751	0.00334273421848815
31094001	0.00371275794484204
31094250	0.00155237400725456
31094500	0.00155237400725456
31094831	0.00155237400725456
31094961	0.00173633875045228
31095651	0.00169138713578844
31096351	0.00480519438659082
31096901	0.00159841440950664
31100850	0.0015951445670861
31106790	0.00369887915213664
31107040	0.00172122914391956
31113851	0.00223457517830499
31120280	0.017550590232325
31120580	0.00496165052168798
31123641	0.00295748272739508
31123781	0.017422399937978
31124000	0.00164604498224291
31127791	0.00244013655280757
31128840	0.00162710925714171
31129280	0.00307625293973301
31132290	0.0138731002373213
31134541	0.00303191309911838
31144590	0.117607894128416
31144901	0.00256657906229306
31146220	0.0359165936893283
31147781	0.00166417941843938
31147931	0.00242087638609845
31148730	0.0877286943448702
31149451	0.00288779934840092
31150541	0.00196542906364511
31151610	0.637879355867601
31151860	0.00198005125148384
31154531	0.00316163933827951
31157670	0.0150155371004798
31159101	0.00156096868154157
31163771	0.00181530723881386
31164901	0.00720184569910106
31164980	0.0251804764752213
31166281	0.0199395420371835
31167180	0.0015862255005343
31168020	0.00272564051635265
31170391	0.00485617969977193
31170510	0.0114236206800049
31170541	0.0018389952795726
31170760	0.0194379291430617
31171450	0.00155237400725456
31172030	0.00155237400725456
31172871	0.00155237400725456
31173151	0.00323800676380074
31173240	0.0221358529328982
31173270	0.00173206525268143
31173380	0.00155237400725456
31173690	0.0149832254072818
31175381	0.133813896406508
31176140	0.00464109131013925
31176280	0.00157985911777024
31178090	0.00634372231859791
31178551	0.00155237400725456
31180720	0.00155553736144322
31182200	0.00167823468518786
31182350	0.00445385766998613
31182790	0.0109212722763202
31183200	0.00588706976466524
31184030	0.00249849391739708
31185021	0.00323339761453175
31185161	0.0047593777837496
31185851	0.00155237400725456
31186510	0.00352270476749547
31186660	0.00263960128051118
31189581	0.00168656235947059
31191180	0.0015951445670861
31194750	0.0043956851359743
31195241	0.00478924682977959
31196020	0.00211643685993391
31197400	0.0015951445670861
31197441	0.00173206525268143
31197540	0.0015951445670861
31198391	0.00155237400725456
31198630	0.00276825404965808
31199060	0.00282475768673943
31200830	0.0141555009043568
31202060	0.00412105218651042
31202090	0.00344960427494209
31203060	0.00301020155391972
31203371	0.00184852559276823
31207651	0.00771710346721494
31208871	0.00236403303751652
31209281	0.00168182155664396
31209690	0.00565240658403194
31210360	0.00321052470969686
31211600	0.00155237400725456
31211651	0.00181335663866386
31211901	0.0615437787528803
31212420	0.0021359385972966
31212871	0.00413562414992769
31214200	0.00343849331267465
31214910	0.00428410538660357
31215200	0.0137110160787425
31217861	0.0019858027207676
31218401	0.00181896026399822
31218770	0.00172684401029441
31219200	0.00161136124033963
31220191	0.0017478024448958
31221660	0.00229803276932285
31221991	0.00193044934930562
31224570	0.00478316764773257
31225031	0.0015951445670861
31225151	0.00209761759875507
31225161	0.00201868478379435
31227070	0.00273202898289155
31229021	0.00155237400725456
31229660	0.00174606287040451
31232990	0.00156492173366445
31233520	0.0015951445670861
31237780	0.00155237400725456
31238200	0.00155237400725456
31238210	0.00176085942328212
31238961	0.0461011720179606
31239170	0.00238836216989829
31239761	0.00155237400725456
31239870	0.00568721535466083
31240400	0.0127883963056674
31244020	0.00254965816658762
31244311	0.00710631087134732
31247231	0.00155237400725456
31251580	0.00155237400725456
31254111	0.00483298843714309
31255850	0.00324125770224345
31256970	0.0872650798767338
31260540	0.0015951445670861
31260710	0.00155237400725456
31262330	0.00268258060698423
31263440	0.00173633875045228
31265230	0.00155237400725456
31266770	0.00169138713578844
31266791	0.00317717148544346
31267720	0.00370613391045765
31268400	0.00263145856104057
31268591	0.00182022520252577
31268980	0.011068852892671
31269370	0.00199095135804186
31269800	0.0019348410686125
31270360	0.00291224459221515
31270391	0.0121383251141596
31270401	0.00326595701418301
31270931	0.00468718775179584
31271600	0.0015951445670861
31271641	0.0196488539245196
31272051	0.00155237400725456
31274521	0.00156970651349801
31275351	0.00209226534396638
31277021	0.00173581353308612
31277260	0.00155237400725456
31277660	0.00165916445128806
31277790	0.00324924360741671
31278541	0.00161468010449475
31278661	0.00197754781002009
31278760	0.00243171746508838
31279870	0.00373747024507439
31280580	0.0019476488118633
31283600	0.0102448615655816
31286251	0.002448844325099
31286951	0.00156096868154157
31287081	0.00629695931039323
31287901	0.00367343229252201
31291290	0.00156096868154157
31293400	0.0015951445670861
31295610	0.00254349246655013
31301821	0.0123639366862672
31302610	0.00155237400725456
31302760	0.00424986758483151
31303310	0.00156492173366445
31306931	0.00347175270784556
31307020	0.00244386514676128
31307341	0.0662303941377282
31307921	0.00320872542001864
31308850	0.0112229412580809
31309380	0.00586312628750951
31309670	0.00209986581605343
31310801	0.00178847235412825
31310880	0.0015951445670861
31311631	0.0108961875133526
31315050	0.00156096868154157
31315600	0.00505468634922583
31317971	0.00552625964634197
31319470	0.00621580319287585
31319631	0.0034408264290393
31321380	0.00272873899336825
31321800	0.00222238950867985
31322801	0.00278065895354656
31328810	0.00305220833006172
31329981	0.00171795164522324
31330490	0.045224749487548
31331631	0.00161415195810151
31332270	0.00162811216154304
31335710	0.00564727010894376
31337001	0.00314739690432608
31340861	0.0538051688763361
31341380	0.00979930198113301
31342231	0.00167841810943362
31342801	0.00235811163392771
31343040	0.00463219224578265
31343160	0.00259354913107689
31343430	0.00624641954930786
31345151	0.00242856290151365
31346470	0.00182335888053486
31346780	0.0283382909439901
31349360	0.0058884895298706
31350661	0.00159841440950664
31352570	0.00805874335557345
31352741	0.00364178717955103
31352820	0.00266520919103819
31353390	0.00449857993831942
31354330	0.0113575741759839
31356820	0.00155237400725456
31358220	0.00416564748967166
31358791	0.00162907245942165
31360161	0.00836034032456333
31360270	0.00595926268575481
31361510	0.0019996179431536
31365551	0.00172122914391956
31366091	0.00315007367747675
31366791	0.00340344899925718
31368980	0.00354393484074124
31369001	0.0331393052501689
31369910	0.00174014536941161
31369961	0.0036468283821235
31370050	0.0104450071628887
31371621	0.00155237400725456
31371860	0.00362193070843777
31372530	0.00159986113824424
31372980	0.0155505648809846
31374231	0.0028295641084368
31374921	0.00167841810943362
31375621	0.00155237400725456
31376820	0.00155237400725456
31377981	0.0114816294299666
31378080	0.00363049047787279
31378870	0.00272873899336825
31379751	0.00156512401636283
31383460	0.0149257299265785
31384301	0.0027069162576587
31385541	0.216656969309039
31386490	0.00264296017169365
31387040	0.00548792574205826
31388571	0.0247922269832647
31390781	0.00161468010449475
31391970	0.00597637122162316
31392010	0.0439350596920992
31392731	0.00279693903700567
31394630	0.00289212190224678
31397971	0.00159710380446657
31400451	0.00155237400725456
31400830	0.00651091590107951
31401121	0.00176538328614673
31403081	0.0015951445670861
31403331	0.00155553736144322
31404940	0.00352949413160568
31405141	0.00611645047896426
31405800	0.00266801070320901
31407481	0.00290525680351458
31411870	0.00179895743616593
31412031	0.0086857317762191
31412441	0.00180547818067241
31412690	0.00343433991630601
31413281	0.00588951691791947
31413401	0.00355645481064533
31413811	0.00756565883593085
31414220	0.00155237400725456
31417561	0.00223791426860863
31417671	0.0235532923345135
31419061	0.00702446924343697
31419180	0.17642293157468
31420120	0.0123460860651679
31420130	0.00286951426382821
31420260	0.00364612879199753
31421691	0.00155237400725456
31426941	0.00267952070529524
31428680	0.0015730297093444
31428930	0.0184150254020146
31428991	0.0601601674741459
31430590	0.00155553736144322
31430870	0.00235623737426162
31432291	0.00278809643483451
31432841	0.00156096868154157
31433971	0.0017395178621642
31436041	0.00865143006650108
31437100	0.00496781516617762
31439040	0.00402615955237374
31440530	0.00299631319212647
31440711	0.00161268769980449
31441640	0.00410324399321193
31444041	0.00161227503833834
31444711	0.00268459340507669
31445380	0.0017478024448958
31446350	0.00155237400725456
31447201	0.00155237400725456
31447850	0.00284140138765622
31449940	0.00801918480932145
31450170	0.00339382901184493
31450200	0.00604664278596617
31450720	0.00465751689909837
31460311	0.00259009201944443
31460660	0.00178059688775681
31461831	0.00193968101769336
31469941	0.00205387484390728
31470170	0.00321077287135763
31471420	0.0016289446157415
31472410	0.00156492173366445
31473001	0.00267984091337358
31473780	0.020044598119585
31475300	0.00273481251493303
31475461	0.0119787594967727
31477500	0.00169483328349364
31483820	0.00156944749594279
31485240	0.00440291284988506
31485360	0.00325425976749433
31487270	0.0186308594407483
31488161	0.00593141711296099
31488400	0.0019779377340643
31490460	0.0356553271257175
31491440	0.0124366001653387
31492151	0.00488863914297342
31493500	0.00544062308672067
31493790	0.00155237400725456
31496000	0.00210932042546074
31496930	0.00194272594907914
31498091	0.00277716998294504
31498241	0.00161136124033963
31502740	0.00283073968518559
31502901	0.00333166718126296
31503170	0.00167841810943362
31505380	0.0134833909094873
31508390	0.0100865164166947
31508581	0.0046852094433961
31512721	0.00277260157472591
31512790	0.00155237400725456
31513240	0.00342709559475936
31513500	0.0365349493168494
31513760	0.0015817385621668
31514580	0.101817655035791
31515041	0.0151653418047223
31515680	0.0015951445670861
31516011	0.00533891386599882
31517401	0.00155237400725456
31517480	0.00155237400725456
31517821	0.00472636163955156
31518101	0.00674692413756233
31520711	0.0015951445670861
31521470	0.00725692820267364
31521780	0.00744210958253631
31524581	0.0347304067866628
31524940	0.00274591948558003
31525070	0.00155237400725456
31525230	0.0028959177011205
31528520	0.00257554689556318
31530101	0.00235512599323319
31530231	0.00169467955391157
31532701	0.0313945749250936
31532991	0.00386632640329377
31533210	0.00155237400725456
31534791	0.00161136124033963
31536110	0.0214498113988958
31538480	0.00155237400725456
31540301	0.130598472438731
31540721	0.00237900264484203
31541350	0.00284268072541544
31541780	0.00310283192999756
31545510	0.0881256726609979
31545931	0.00561857723261196
31546060	0.00413164605744986
31546081	0.00585394163743298
31549350	0.00156970651349801
31549750	0.00155237400725456
31550160	0.00158121314499457
31553661	0.00324420474608959
31555570	0.00155237400725456
31556281	0.10429586856061
31557780	0.00323522319840135
31559311	0.00304221077391107
31559331	0.00155237400725456
31560670	0.0067043376441154
31561890	0.00236750060872243
31562030	0.00185493887707992
31563191	0.002013542500184
31565251	0.00318311101689418
31568161	0.00169874468507472
31568411	0.00186616406987398
31570200	0.253125470922179
31570491	0.00486155178616409
31570600	0.00252620427188595
31570890	0.00175037084372489
31571731	0.100697123972474
31573050	0.00155237400725456
31573210	0.00210593808578288
31575120	0.0024028875495539
31575130	0.00155237400725456
31576090	0.00155237400725456
31576230	0.00453820740618822
31577900	0.00281345304611169
31579540	0.00264451220293888
31581630	0.00741717980446261
31582030	0.00540987143629733
31583061	0.0015803584891409
31583820	0.00158670963428244
31584680	0.00240155778170303
31586310	0.0015951445670861
31594300	0.0175364389711905
31594501	0.00171180529828584
31594781	0.00155237400725456
31594860	0.00279959773385631
31594891	0.0037896162544498
31595331	0.00166558591091493
31595430	0.00582223105462919
31595741	0.00342746982363895
31596500	0.00160731506519144
31597080	0.00323657141542889
31598570	0.00185629035705215
31600961	0.00306959008714597
31601480	0.00157951682979087
31603140	0.00360445782556502
31604841	0.00178580703768458
31607290	0.071665903452291
31607690	0.00380730381871863
31607850	0.00158348298842786
31608271	0.00482959266911697
31608821	0.0034256482374871
31608940	0.00155237400725456
31608961	0.00169032656709837
31609531	0.00313259104626478
31610081	0.0360652199391542
31611591	0.00155553736144322
31612571	0.00474508737437484
31613060	0.00360711657428542
31613521	0.00156492173366445
31614300	0.00354853336792381
31614850	0.0039969247445117
31616650	0.00366798302298121
31619861	0.00226238985447603
31620551	0.00907495238383777
31625770	0.00155237400725456
31625780	0.00156492173366445
31627420	0.00181762939020122
31628021	0.00156096868154157
31628100	0.0147157511007
31628360	0.00383805435727721
31629340	0.00355367813307499
31630010	0.123288093065593
31631160	0.00166036562874112
31631560	0.0104747878551759
31632421	0.00170024450493101
31632561	0.00259728863679166
31634211	0.00155237400725456
31636110	0.00155237400725456
31636500	0.00168458556511659
31636640	0.00343575837293494
31637231	0.0200391697454628
31637910	0.00191145236525629
31638061	0.0019116336567122
31639400	0.00851997085699644
31639581	0.0015951445670861
31639700	0.00207918045278185
31642020	0.00155237400725456
31642501	0.00156492173366445
31642771	0.00170505657638831
31642901	0.00155237400725456
31643591	0.00968115061275667
31644421	0.00179033240371234
31645101	0.00170571909848067
31646771	0.00155237400725456
31648260	0.00155237400725456
31649640	0.00265388123068675
31654590	0.0109978311323953
31658430	0.00155237400725456
31659570	0.00282992040883663
31659700	0.00726230886717688
31659721	0.004639756425545
31661630	0.0015951445670861
31661760	0.0261781346311322
31662300	0.00475466714771969
31662310	0.011679659737411
31662600	0.00213868931388305
31664961	0.0378986185396257
31666560	0.00240072260787107
31667051	0.0860461491500479
31667540	0.00813496973442381
31668131	0.00257917609358091
31669330	0.00155237400725456
31670081	0.00174595015923566
31670430	0.00267433981159025
31672250	0.00161790414290756
31672770	0.0333716739807883
31672790	0.00345474040669178
31674710	0.00156096868154157
31674740	0.0020118006790328
31677480	0.018933824636698
31681320	0.00155237400725456
31682570	0.0023118589697704
31683461	0.00155237400725456
31684411	0.00175020481895138
31684811	0.00155237400725456
31686180	0.00350188811207855
31686201	0.0015951445670861
31686600	0.00364719647467697
31689350	0.00175912713776687
31689750	0.00155237400725456
31692701	0.00260430545465565
31692831	0.00497900505131201
31693391	0.00283747809184783
31694191	0.00158670963428244
31694730	0.114945469618285
31694771	0.00155237400725456
31695820	0.141647258153927
31695830	0.00388200568239996
31695960	0.00204778523632385
31696920	0.0215720092714449
31698191	0.00161916782348687
31699711	0.00156492173366445
31700411	0.191210595246473
31706300	0.0715439684437084
31706761	0.00155237400725456
31707181	0.00207889369026458
31707451	0.00159033001397309
31708360	0.00155237400725456
31708421	0.0100890527076987
31708660	0.0015951445670861
31711171	0.00159860748902245
31712240	0.00156492173366445
31712500	0.00263246141917
31713340	0.0594877016236223
31715981	0.0015951445670861
31717590	0.00155553736144322
31718280	0.00560638586547994
31720281	0.00422687016055353
31720640	0.00182499191795897
31721111	0.00155237400725456
31722040	0.00483333137483727
31722881	0.00503306260794514
31724520	0.00239197478520894
31725050	0.0135846788744572
31726860	0.00156492173366445
31728141	0.016057267895653
31729200	0.0022009225970581
31730440	0.00178781736666578
31730611	0.00253895354340719
31732070	0.00554532601464739
31732220	0.00155237400725456
31732370	0.00254536946807748
31733310	0.00155237400725456
31733490	0.00244689816505403
31734000	0.00155237400725456
31734420	0.00155553736144322
31735670	0.0108225956948969
31736230	0.00250426059083506
31737320	0.0030097641301762
31737600	0.00441563313175682
31738000	0.00155237400725456
31738980	0.00155237400725456
31739451	0.00289107444097339
31739690	0.00161136124033963
31740940	0.00407974678580578
31741381	0.00480946838203566
31742840	0.0015951445670861
31743011	0.00155237400725456
31744480	0.00155237400725456
31744520	0.0015951445670861
31745180	0.00728911218024659
31745661	0.0015951445670861
31746000	0.0015951445670861
31746341	0.00481408806107913
31749241	0.00311278349529324
31750550	0.00414297327014414
31752080	0.00282848208631745
31752090	0.00184076242900215
31753911	0.00161790414290756
31754901	0.00184405524472904
31755581	0.00203201605630024
31756800	0.0015730297093444
31756821	0.00279334295430198
31756831	0.0017532542515442
31758720	0.0170366626921941
31759960	0.00180556990805488
31760760	0.0015951445670861
31760770	0.00218178067600563
31762010	0.00264391213964903
31764380	0.00237766231424718
31764500	0.0248137563550059
31764691	0.0034140005244471
31766020	0.00255554855713891
31766051	0.0015951445670861
31767390	0.013499135903279
31768941	0.00182249880195118
31768951	0.00195060714761151
31769241	0.00314849814786464
31771421	0.00471802779890207
31780121	0.00155237400725456
31781091	0.00288161560023594
31781921	0.61426899930109
31782041	0.00155237400725456
31783260	0.00344628146476228
31783441	0.00326866656286025
31785361	0.00163153721855732
31785610	0.00489387732985552
31787110	0.00301660598938287
31787240	0.00290120919833064
31789170	0.00225948382540132
31790440	0.00594742560701324
31791130	0.00155237400725456
31791721	0.00196721730208415
31792750	0.0134082623040662
31795530	0.0510045678217963
31796370	0.00253464885271399
31797361	0.0244810986682892
31799690	0.014286210095874
31803151	0.0015951445670861
31803380	0.00248056664273134
31804370	0.00188641497595532
31806420	0.0196498354406188
31807790	0.0023862644856744
31808910	0.0015951445670861
31809190	0.00155237400725456
31811230	0.00268842110865021
31811650	0.0015951445670861
31812821	0.00172788668824122
31812910	0.00801343670206554
31813310	0.00254846816770319
31813590	0.00158602379144527
31813641	0.00921884428243623
31815110	0.00155237400725456
31816340	0.164170807061845
31816661	0.00293714113607041
31816681	0.0015951445670861
31817791	0.00312682631287377
31819650	0.00167196223662357
31820770	0.00155553736144322
31822020	0.00162252768518956
31822440	0.00534790848548574
31822680	0.00304899704429114
31822881	0.379689506845184
31823510	0.00156241468314722
31824640	0.00315789994295907
31825071	0.00899905695581625
31825600	0.00950588745101447
31827031	0.00162958504948148
31827691	0.0284755605676727
31828941	0.00235852953974622
31829501	0.0015951445670861
31830550	0.00572505349791321
31831810	0.00818312524143768
31832650	0.00163167753974942
31833211	0.00621829282325013
31833440	0.0038809162618164
31835031	0.00155237400725456
31836900	0.00162082868354908
31837631	0.00193894267260259
31839110	0.00756077169589697
31839151	0.00460393189787871
31841221	0.0015951445670861
31842751	0.00161020872348429
31845570	0.00162175709085394
31845860	0.00899555876021967
31846051	0.00472723922972067
31846840	0.00241312960556857
31847021	0.0211219580473311
31848490	0.00341393179728806
31849440	0.0159061801929364
31850030	0.00543283017217239
31851230	0.00957955517877702
31853880	0.0015951445670861
31855100	0.00918503357215576
31855981	0.00155237400725456
31857720	0.0015951445670861
31858990	0.00803108389838284
31859161	0.00286242942653161
31859380	0.00156949447484686
31859991	0.00301980601754129
31863281	0.00175119721660817
31865460	0.0393097323878798
31866181	0.00184220138575123
31866570	0.001658501366228
31866960	0.00362151103795122
31867421	0.00504473374201449
31868111	0.0015951445670861
31870420	0.00271575647782706
31870471	0.0015951445670861
31870871	0.00247932582513435
31873911	0.00155237400725456
31874311	0.00880950038809075
31874710	0.00403576150337113
31878591	0.0015951445670861
31879011	0.00203652168893703
31879971	0.00275560169197227
31882051	0.0114009356333454
31882591	0.0155412834398568
31882861	0.00276056602585911
31882881	0.00246417265639657
31883800	0.00155237400725456
31883841	0.00247286638753827
31884060	0.00459635603243685
31884080	0.00179194806063001
31887670	0.00156970651349801
31888330	0.0029543801778138
31888600	0.00161227503833834
31888671	0.00155237400725456
31888780	0.00215258373183875
31889221	0.0034866201509703
31891650	0.00155237400725456
31895930	0.00155553736144322
31896521	0.00440118026215526
31896531	0.00203292969765581
31899930	0.00740377200705579
31900521	0.00455285153137707
31903100	0.0324191613381911
31906400	0.0028923160064605
31910741	0.00303788658984676
31910850	0.00458031866349412
31911370	0.00219930963356717
31914670	0.00273224270962066
31914810	0.00249093070657183
31917870	0.00285059892399153
31919120	0.0194661714654164
31919540	0.00161227503833834
31922280	0.00155237400725456
31922670	0.0456734915112094
31923551	0.00444593497864683
31927271	0.00230377780770861
31934410	0.00163308848355139
31934530	0.00155237400725456
31936121	0.00375574626883001
31936610	0.0264756392973489
31936661	0.00163200447679892
31936760	0.00221772253566229
31945420	0.00452362703073673
31946290	0.00404400546194585
31947841	0.00923926433968351
31948791	0.00247446419260211
31952330	0.00303404699849769
31954041	0.00373282851903254
31954840	0.00163815236694984
31957631	0.00177443906846745
31957980	0.0299721521794667
31958171	0.0116714191973103
31960760	0.0231289898587231
31961611	0.0017478024448958
31961740	0.00406337359810999
31961870	0.00747157239470596
31963380	0.00163308848355139
31965580	0.00581115817784844
31967390	0.00527312932952583
31968200	0.00156096868154157
31970110	0.00162263144843689
31970270	0.00608958653448995
31972941	0.00197327656058627
31973730	0.00155237400725456
31975421	0.00319544637748119
31977071	0.00204522505576253
31977201	0.0113219423339054
31978690	0.00157575414547598
31982520	0.00355312039411274
31983910	0.00173374011499947
31985331	0.0179885442101821
31985700	0.00470930203378666
31985741	0.00838245173627079
31986810	0.00164404603363548
31989980	0.00185204940798917
31990441	0.00179982188878651
31992231	0.00231803940519119
31994171	0.0015951445670861
31995520	0.00159841440950664
31997730	0.0337643048681151
31999490	0.00327107290181818
31999541	0.0156069243723606
32001341	0.00205928075148882
32005590	0.00187386688624795
32010940	0.00155237400725456
32011401	0.00185722543911259
32015141	0.00188727036359778
32015541	0.00159769547950879
32016111	0.0166409950557659
32028730	0.133958924038732
32033191	0.00299365967467244
32033840	0.0239067603181567
32039790	0.00383757751541678
32040070	0.00424213629947203
32045020	0.0030221605508035
32047380	0.00294217682879878
32049150	0.00161403476886127
32049351	0.0459165566584527
32049901	0.00268632030259941
32050000	0.0584539197079754
32053881	0.0015951445670861
32055920	0.00291278002190087
32056750	0.00871381792854773
32058400	0.00169306965056392
32060340	0.00155237400725456
32061891	0.0015951445670861
32062540	0.00287292160765151
32064170	0.00247286638753827
32065461	0.00162971120320054
32070011	0.00158697032745025
32070800	0.00156512401636283
32071370	0.00159456948129079
32072580	0.00225057477245978
32072720	0.0177761190235167
32073061	0.00155237400725456
32073751	0.00274362593937385
32074660	0.00208811640822858
32075941	0.00157623508829516
32078530	0.00288752914623507
32078851	0.220437830165514
32080340	0.00155553736144322
32082270	0.00176067362727085
32083060	0.00505776739224389
32084081	0.00155237400725456
32085331	0.00195578620075328
32086940	0.00309206094260296
32087890	0.00496343936786447
32088060	0.00156492173366445
32088491	0.00546681338675452
32088791	0.00169981682818008
32091510	0.00156492173366445
32091821	0.00236276908869115
32092070	0.00156949447484686
32093461	0.00206526804160035
32094151	0.00294181730677735
32094161	0.00166898170039472
32095340	0.00155237400725456
32095391	0.00168547454952831
32095801	0.00924049596999645
32096101	0.00193275185539193
32096340	0.00479491963141055
32096501	0.0452149970503457
32096870	0.00156096868154157
32097680	0.00157799765883384
32097891	0.00223569068718654
32101410	0.157253058515314
32102861	0.0015951445670861
32103411	0.0015951445670861
32105341	0.0152570142975953
32107080	0.00268574255298811
32109051	0.00155237400725456
32109970	0.00156890846419704
32112460	0.00503356023021544
32112590	0.00943012444609152
32112720	0.00382975020037271
32113280	0.0015951445670861
32115770	0.00835807989085017
32115951	0.0015951445670861
32116330	0.00155237400725456
32116870	0.00204998891840464
32117041	0.00431334490451122
32118110	0.00232349864079807
32118141	0.00163448075346942
32119090	0.00239407816498823
32122120	0.00561540443701711
32122520	0.00223710079678842
32127080	0.00763151064945295
32127220	0.0036940651547344
32128610	0.00155237400725456
32130431	0.0015730297093444
32130820	0.00156492173366445
32131480	0.00155237400725456
32132610	0.013361831043813
32136450	0.00155237400725456
32136600	0.00434798013895859
32136880	0.00175037084372489
32137871	0.0018732894765179
32137960	0.00685070322537081
32139340	0.00319496196518022
32139391	0.00163580688115647
32140921	0.00720515379444854
32141471	0.00557728793390101
32141980	0.00156492173366445
32142400	0.00291686185705336
32142930	0.0015951445670861
32143791	0.00199176518466992
32145990	0.00339138684434493
32146831	0.0067156101942339
32149030	0.00423787141446971
32150510	0.00300262086317929
32152730	0.00647227601931502
32153321	0.0657000131747413
32153741	0.00155237400725456
32157130	0.00618394897965171
32157140	0.00155237400725456
32157171	0.00156944749594279
32157840	0.0015951445670861
32157850	0.00160515709585893
32158800	0.00224912199437875
32159131	0.00155237400725456
32159210	0.00183276865915945
32159661	0.00178470650601422
32160231	0.00181840037121887
32161150	0.00157762610480311
32161160	0.0015951445670861
32161840	0.00276108384575765
32162090	0.00174606287040451
32162930	0.00430230174548222
32163101	0.00462404264590699
32164071	0.412932722213952
32164631	0.00218299575976518
32164870	0.00199732739905695
32165700	0.00522664159785709
32165741	0.00336699624128188
32165990	0.00169307618487582
32168631	0.0015951445670861
32169410	0.00402247572073258
32170650	0.00204388099489664
32170930	0.0336110382942181
32174680	0.00301892620429608
32175050	0.016523833095463
32176040	0.00155237400725456
32177160	0.00276022253887139
32177731	0.00744722336727651
32180310	0.00264338369668706
32180901	0.00635489373758799
32181010	0.00289295011781362
32181570	0.00245557483786832
32181881	0.00175020481895138
32182940	0.0015951445670861
32183500	0.591285961086105
32183910	0.00155237400725456
32184330	0.00173299125308538
32184850	0.217423979570859
32187220	0.00534752170567527
32189861	0.0015951445670861
32190220	0.0015951445670861
32190281	0.0103826288475957
32190400	0.00209677058272359
32192460	0.00576357228844124
32193321	0.00381221838498395
32198011	0.00160982124689787
32201861	0.00262651799585348
32202100	0.00432668160138959
32205820	0.00251104668452537
32207921	0.0735404842659245
32208460	0.00316894095896466
32208481	0.00155237400725456
32208771	0.00196850681561654
32210790	0.00382242703914358
32211661	0.00545760748351454
32213031	0.00227081603165741
32217390	0.00532716669579489
32219320	0.00707833808635879
32220010	0.0015951445670861
32220020	0.00316309514574344
32220611	0.00588677558360537
32224491	0.00365587320484033
32225301	0.00155237400725456
32229280	0.0042531148658798
32230630	0.00343294854176667
32234520	0.0116575109223807
32236891	0.00196195811659024
32237250	0.0015951445670861
32238390	0.00161136124033963
32238650	0.0015951445670861
32240221	0.00244047438357143
32241311	0.00423923737130615
32242810	0.00183286538889595
32244361	0.00896494358167366
32244631	0.00172704282998376
32245560	0.00155237400725456
32246291	0.00207305505421279
32248071	0.00254771612155383
32248290	0.00171011352453817
32249741	0.0103081797344756
32253581	0.00611778203281934
32253810	0.0227951850935644
32254110	0.0016121338410523
32254240	0.00248522869692136
32255490	0.00236713335703874
32256590	0.00155237400725456
32256751	0.00195719870955293
32256761	0.00159613549063898
32257130	0.00169644134688847
32260450	0.00155237400725456
32261390	0.00206329494760939
32261721	0.00247094370132744
32261830	0.00186346262330577
32262350	0.00488443656181379
32262910	0.0403390998629657
32263381	0.00175807452135914
32263651	0.00214043625594253
32263661	0.0531785754582757
32265991	0.00486519779949062
32268351	0.00872817989611081
32270490	0.00625411254343377
32270520	0.00155237400725456
32271610	0.00248367304007168
32274011	0.0267941588320572
32276440	0.00176161010835407
32279470	0.0015951445670861
32280300	0.00158348298842786
32280850	0.00255789224644807
32281000	0.00209245678096194
32282961	0.00155237400725456
32283890	0.00185106032911239
32284211	0.0029934351907959
32285721	0.00308120280965379
32287050	0.0015951445670861
32288560	0.00199620518554477
32289400	0.00156096868154157
32290541	0.011663631103696
32291361	0.00260951762969857
32291590	0.00161928266693624
32292030	0.00511739108941248
32292310	0.00173206525268143
32292590	0.00161136124033963
32293721	0.00927277981473165
32296341	0.0015951445670861
32297991	0.00173633875045228
32298691	0.00163964189419155
32298910	0.00156944749594279
32299620	0.00155237400725456
32303091	0.00286735237430929
32303210	0.00209273109053644
32305110	0.00377564367807517
32307931	0.0015951445670861
32308191	0.00226859057195421
32309981	0.00157925458976587
32310541	0.0748060969310581
32310780	0.0015884030675312
32312211	0.0025877884762046
32312420	0.00423189936087921
32312840	0.006115088807473
32315361	0.0226460757327476
32318380	0.00155237400725456
32319630	0.0016274882065039
32320331	0.00486309035491564
32322940	0.0150996449320991
32323740	0.11432421240261
32323921	0.00282785351414057
32324040	0.0015951445670861
32324160	0.00161227503833834
32327111	0.00794446549270304
32327170	0.00304840632436201
32329451	0.0015951445670861
32329581	0.0015951445670861
32329591	0.0152239801568892
32329721	0.0128020642024727
32329861	0.00629845449459553
32330760	0.00160624482639747
32331791	0.00166451267348062
32332010	0.0365021678998132
32333790	0.0111857650792792
32335040	0.00185319082247259
32335371	0.00155237400725456
32336300	0.0015951445670861
32336590	0.00161338880595051
32337830	0.00155237400725456
32340560	0.0139946407910877
32340590	0.00394307111727768
32340960	0.0129889754082335
32342821	0.026515021512852
32345830	0.00272170029528267
32347091	0.00206930901961434
32348191	0.00202977999938662
32350121	0.00185363977141336
32351231	0.00156492173366445
32352170	0.00157966694818515
32353410	0.00155237400725456
32353650	0.00944706368773042
32356450	0.00189721272331031
32356871	0.00184220138575123
32359921	0.0015951445670861
32360690	0.0102700006209896
32360751	0.219894833904442
32362790	0.00175154512168147
32365311	0.00311299104970954
32365660	0.00367185030080672
32365830	0.00213312365042571
32366531	0.00156512401636283
32368550	0.0015951445670861
32368690	0.0110869480491469
32374220	0.00308466368699949
32375860	0.0224670474649145
32377971	0.00155237400725456
32378500	0.00443292783463965
32379101	0.00174606287040451
32379600	0.00178991788019867
32385991	0.00306330851298364
32387231	0.0162734783084745
32387501	0.00177052040848749
32389301	0.00516166943679719
32391890	0.00160158365695292
32392690	0.00162907245942165
32393650	0.0121440711852659
32393660	0.00161136124033963
32394620	0.0102843948303805
32396150	0.00155237400725456
32397390	0.0209753278756378
32398470	0.0015951445670861
32412591	0.0907246059357462
32419231	0.0015951445670861
32429820	0.00373736354637006
32434340	0.00971057959824706
32436720	0.00549874246145782
32438190	0.00370391491442352
32448570	0.0149889579346255
32463870	0.00171843065767282
32467570	0.00278670365688638
32469821	0.00155237400725456
32473291	0.00155237400725456
32473691	0.00160731506519144
32479870	0.00178470650601422
32480000	0.0122777356148465
32483030	0.00163308229636248
32485291	0.0158683692312486
32485360	0.00155237400725456
32485520	0.00168707192084021
32485790	0.00155553736144322
32487190	0.00176031234558063
32487621	0.00442837498087037
32487880	0.00826065226765335
32488540	0.00497438132448151
32491990	0.00161227503833834
32494740	0.00169154455840818
32495160	0.00270374495968194
32495641	0.0017083521890401
32498090	0.00178332756116791
32498330	0.00167841810943362
32498480	0.00246784499637836
32499450	0.00161403476886127
32502360	0.00455858519967539
32507700	0.00279975109374721
32509500	0.00155553736144322
32511330	0.0015951445670861
32512010	0.00162862497544177
32512570	0.00155237400725456
32512991	0.0137344600504407
32514060	0.00284711056995493
32515471	0.00842425581199396
32515481	0.0016142515521496
32517011	0.0908977412844137
32518090	0.00856193920311127
32520000	0.00176220574563241
32521110	0.00166822108291996
32522490	0.0265846078268421
32524250	0.00175912713776687
32524991	0.0337586900111871
32530111	0.00611185255508913
32531310	0.0107985777147459
32533831	0.00327089007363005
32534330	0.00974387345129532
32535180	0.094868819998005
32537291	0.00345468321467932
32538620	0.00159980547865461
32540390	0.00288770677101303
32541131	0.00446283955171458
32541910	0.00213974958443696
32543621	0.0194599811901759
32544031	0.0025281383469183
32544110	0.00294804014611116
32544660	0.00327017720775542
32547010	0.00164899825094848
32547160	0.00346343058504841
32547840	0.0116238486373465
32548451	0.00408307850156626
32549510	0.00161790414290756
32549681	0.00243965072405109
32552441	0.0580448048263056
32552601	0.00292624765272464
32554501	0.00437232856728843
32556010	0.00369428007678159
32557800	0.00279835654718448
32566641	0.00568355641974135
32567341	0.00558974749133805
32569770	0.00155237400725456
32569790	0.00181762939020122
32570350	0.00155237400725456
32570661	0.00432745790595789
32571351	0.00475000044370064
32572321	0.00616979009787396
32577090	0.00336306918329773
32579051	0.00382733639285055
32580260	0.00276701626866802
32580840	0.00165138175734279
32581001	0.186025156008826
32582330	0.00175912810246252
32582450	0.00289795049829098
32583040	0.00204787426397676
32584530	0.00524610299936122
32586801	0.00172636109266596
32588181	0.00334783313058142
32588800	0.00194069787987379
32590480	0.00239995602191075
32590651	0.0015951445670861
32592700	0.00155237400725456
32593210	0.00438588030771159
32594501	0.00171986130721864
32597630	0.0028894340927313
32598480	0.0016067278198657
32599071	0.00177365638793792
32603481	0.00434547136973245
32603580	0.00175037084372489
32608171	0.00176239187130112
32608291	0.00190441028396128
32608550	0.00162102839091479
32608560	0.00314840964811736
32609240	0.0015951445670861
32610740	0.00533989661047589
32610801	0.0015951445670861
32611000	0.0046709786737793
32613121	0.00182004626606628
32614111	0.00160540748339551
32614180	0.00220158267494733
32616540	0.00153569609248706
32617421	0.00695935021023669
32618760	0.00293117528335493
32619000	0.00329015368491408
32619901	0.0015951445670861
32619970	0.00546950592939558
32620441	0.0029580687451281
32620520	0.00171150939626793
32621070	0.0015951445670861
32624530	0.0015951445670861
32624841	0.0184242289877796
32625391	0.0526467386896182
32625930	0.00170505657638831
32627751	0.00364647524269137
32631550	0.00362355019535284
32634880	0.00266499314733886
32634890	0.0176824011060694
32635310	0.0209794364068731
32635601	0.00614628651027738
32636441	0.00391066528840585
32636820	0.0037078269506564
32636851	0.00426441326583079
32638460	0.002120463220996
32639040	0.0114481253139676
32639211	0.00948228007758121
32639570	0.00161946470570261
32640650	0.00155237400725456
32640680	0.00231803940519119
32641110	0.00155237400725456
32641141	0.00205291206504017
32641490	0.0106799495501939
32642610	0.00155237400725456
32644431	0.00433512173099375
32644981	0.00179201217103861
32645411	0.00395339368686915
32645951	0.00293194609979383
32646911	0.00270108924475812
32649070	0.00301633886480255
32649080	0.0300128971918928
32649121	0.00417399022052911
32649790	0.00227987695137008
32649900	0.00155237400725456
32650070	0.0015951445670861
32653360	0.218496057269665
32654170	0.00440865989241235
32654200	0.00170024450493101
32657760	0.00160415752258067
32658620	0.00161227503833834
32660021	0.0015951445670861
32663751	0.0401591308764916
32664151	0.17667638108319
32666030	0.00809779848896214
32666340	0.0015951445670861
32669001	0.00450447763348079
32669770	0.00156492173366445
32669801	0.00155237400725456
32671881	0.0160276937964087
32672701	0.00245301389863897
32673770	0.00678223026334702
32673780	0.00157604308015066
32673920	0.00505280009891047
32675051	0.00241730078684861
32675420	0.00173206525268143
32680660	0.00259993425388033
32680721	0.00237396209379526
32680790	0.00285432691018866
32683611	0.00167841810943362
32684510	0.101288232772712
32684861	0.00895090008161176
32685350	0.00158656423619844
32685900	0.0261738371588715
32686221	0.00161790414290756
32686361	0.00213693266881447
32686631	0.00250789296278593
32687030	0.00389992564027524
32687710	0.00202541532886155
32689770	0.0159105533174522
32690781	0.00261174605684181
32691270	0.00270935275322094
32692281	0.00422601241329317
32692441	0.00704485883020178
32693080	0.00199111520931966
32693391	0.00182335888053486
32697661	0.00202964659892716
32698440	0.0015951445670861
32699020	0.00161790414290756
32699580	0.00164136077249392
32699601	0.0015951445670861
32700571	0.0227091898643807
32701261	0.00213577697861508
32702610	0.0152305530485534
32702750	0.010768943191081
32703321	0.00165272848437065
32703990	0.00178268112893758
32704031	0.00825227592540727
32706330	0.00176772332836443
32707471	0.00768293396054476
32711400	0.00539274931966201
32712940	0.00331745060017292
32713681	0.00169021771164236
32714160	0.0260551356978783
32718320	0.00301473188991763
32718330	0.00193488040647435
32719140	0.00634222431191264
32723270	0.00317559676425006
32723591	0.0042371149465619
32724230	0.00172788668824122
32725370	0.0085346674937015
32728790	0.00330055055342729
32728820	0.0187781587091147
32730081	0.00155237400725456
32730901	0.00237530013372146
32731611	0.00247556126305633
32731720	0.0149394737530968
32735280	0.00229131656332879
32736281	0.00236288593437963
32738860	0.00482917335221492
32739031	0.00155237400725456
32739300	0.00267595175768768
32739970	0.00266551678874683
32740130	0.0120808176363717
32741350	0.00158343101199194
32742491	0.00161227503833834
32744270	0.00172914512698142
32744431	0.0182219834927761
32744660	0.00272873899336825
32744820	0.00155553736144322
32745920	0.00365686537388784
32747140	0.00264791230086295
32748281	0.0078758181042818
32749220	0.00254091983110088
32749251	0.00366169933091242
32749330	0.00629303179924036
32750040	0.00274591948558003
32750231	0.00613576303302741
32753890	0.00426599176853911
32754610	0.00174152738719247
32755031	0.00344745939498396
32755471	0.00187019777637158
32755550	0.00473912036225066
32755611	0.00249224401987831
32757340	0.0297850478505221
32759700	0.00277172791276689
32760800	0.00155237400725456
32760831	0.00513312189157849
32761651	0.00538076250993419
32762201	0.0015730297093444
32768230	0.0124490083032592
32771270	0.00355058852133197
32773470	0.00201868478379435
32776431	0.0712100139448919
32776701	0.00204254001142057
32779331	0.00629891324540737
32780411	0.00234954417657169
32780681	0.00268014818031465
32781220	0.00199732739905695
32782481	0.00200119497955042
32786190	0.00169613293566598
32786430	0.149700556529362
32786460	0.0015951445670861
32789941	0.00155237400725456
32791540	0.0022332602540654
32792800	0.00156890846419704
32793251	0.0015951445670861
32794320	0.00161790414290756
32795991	0.00190515861274947
32796520	0.00162451634121235
32797360	0.0023429353876032
32799260	0.0121729592512954
32799881	0.0032853882152104
32802201	0.00172327032406008
32806751	0.00302120596149654
32807390	0.00159839697099091
32809241	0.00253399370476306
32809811	0.0550646272806013
32810020	0.00396310728384193
32812240	0.0028015399978138
32812271	0.0017355941366707
32812981	0.00155237400725456
32815420	0.00266620173596936
32818170	0.00188847542006408
32820230	0.00180775796260649
32821180	0.00156492173366445
32821531	0.0510530106115543
32821671	0.00159140391962064
32821801	0.00183207774257873
32821880	0.00767097371677107
32822751	0.00558222742517348
32823540	0.00175228030621393
32823721	0.0421076339541163
32824910	0.00234569763538334
32825511	0.0349749327941296
32826061	0.0015951445670861
32826870	0.00293101332306336
32827441	0.00623178686740097
32827721	0.0028085006142545
32830071	0.00241140212279919
32831991	0.00360797183382324
32839571	0.00179880223841726
32840630	0.00306727833007354
32844230	0.00155237400725456
32845050	0.00228620303564971
32845641	0.0104189415690799
32845791	0.0043004212867846
32848350	0.00157575414547598
32848561	0.00155237400725456
32849501	0.0105472533521746
32850071	0.00272791126837526
32852920	0.0028016996643594
32855550	0.00960770199347147
32855871	0.00331428383583444
32856701	0.00211890248701445
32858460	0.00193308652852581
32859021	0.0017805156033678
32860360	0.0062266063551338
32862071	0.0154801641155938
32863540	0.00273646176540954
32865231	0.00169032656709837
32865630	0.00246120407142296
32865770	0.00855409986901053
32867810	0.00174602619764486
32867861	0.00740862421353488
32868411	0.0024018705922582
32870081	0.00274886644020705
32870450	0.0103522180279074
32871410	0.00409349383544317
32871731	0.00568074534497433
32873770	0.00683900153713335
32875291	0.00156492173366445
32875981	0.00424109349806504
32876080	0.00630459016444076
32876350	0.00155237400725456
32881070	0.00396745946577301
32883560	0.00437578885935623
32884001	0.00269144350097424
32884350	0.00454842724877352
32884800	0.00256691369141303
32885801	0.00155237400725456
32887970	0.010241353928641
32889870	0.0126155434488791
32894901	0.00546302817364205
32896070	0.00178580703768458
32896380	0.00169929811999919
32898290	0.00444636826156418
32898621	0.00155237400725456
32899000	0.00601585631681137
32899400	0.00156492173366445
32899800	0.00596517307834634
32900900	0.0015951445670861
32904121	0.00455878592661258
32905381	0.00560230440582647
32906450	0.0143014322791038
32906491	0.00352108512194073
32908240	0.00948856965948541
32908480	0.00155237400725456
32911260	0.00372349633005496
32917050	0.00175363943958633
32923100	0.00241056305104871
32924900	0.00273163447806922
32925641	0.0015550627241041
32925791	0.00420088453883012
32926601	0.270267764989442
32929310	0.0310784671677864
32931670	0.00155237400725456
32932681	0.00404460785275721
32932910	0.0015951445670861
32935250	0.00373920175627103
32935581	0.00382489139267428
32936240	0.00159790724412991
32936380	0.00379450430377554
32937521	0.00178019533502787
32938270	0.00155237400725456
32938621	0.00187690089729766
32939171	0.0018447255556912
32939270	0.00189178799923599
32942290	0.0400527256745809
32942700	0.00314357398539478
32942761	0.00174606287040451
32947800	0.00163409648514156
32948360	0.00690497824000911
32948411	0.00155237400725456
32949470	0.0015951445670861
32950580	0.0596011061973076
32953651	0.00524014786389989
32954820	0.00475933645244983
32956240	0.00435269409551692
32956510	0.00157604308015066
32960001	0.00155237400725456
32962830	0.00155237400725456
32963851	0.00161227503833834
32965931	0.00167347433867057
32966030	0.00538335958962741
32968001	0.00175638263921171
32969760	0.00209673534384705
32971561	0.00307163547069779
32972210	0.00760707959015325
32973580	0.00197402891596505
32975380	0.0019477745184394
32975540	0.00311029787816472
32978010	0.0029544871214077
32978201	0.016514965474971
32979250	0.0739601897492373
32979370	0.00332665466637693
32979421	0.00236855531303686
32980070	0.00732969794035045
32981491	0.00203003652977529
32984360	0.00243510398408007
32985580	0.00168698192929544
32987250	0.00155237400725456
32987410	0.00322011407220875
32988360	0.0034305859161926
32988521	0.00161790414290756
32989361	0.00323145618259004
32990400	0.00155237400725456
32990840	0.00162710925714171
32991240	0.0015951445670861
32991691	0.00280369959227614
32994891	0.00155237400725456
32994970	0.00167841810943362
32995130	0.00155237400725456
32995141	0.00155237400725456
32995400	0.00428823573411808
32995721	0.00528085919301249
32996521	0.00233529289300134
32997071	0.00224588655750656
32998400	0.00156492173366445
32998591	0.00289646705651952
32999370	0.00540592047712575
33000060	0.00185997713164311
33000360	0.00276508228314224
33000780	0.0023745628443428
33002710	0.00606523113758376
33003151	0.00544841272620336
33004941	0.00162710925714171
33005030	0.0015951445670861
33005040	0.0015951445670861
33005190	0.00201541176176887
33010030	0.00174568269171535
33010680	0.00765642839723485
33011130	0.00294786209247771
33011441	0.00189418294337213
33012090	0.00162676769282429
33012630	0.00174595015923566
33014130	0.00416699428768294
33014191	0.00155237400725456
33014550	0.0049566044121964
33014950	0.00204166645111982
33017050	0.0030391620034048
33018720	0.00237820225851467
33020121	0.00374343769082242
33022440	0.0168280831469265
33023991	0.00223916380606213
33025221	0.00196008469341249
33027551	0.00156890846419704
33028251	0.00605706159332716
33029320	0.0016179702173518
33030290	0.00530842164479654
33030960	0.0419299937551604
33032230	0.00155237400725456
33032330	0.0252677368031661
33032360	0.00161636844780264
33034191	0.0015951445670861
33034700	0.00155237400725456
33035260	0.596012365374203
33038031	0.0015951445670861
33038150	0.00622139775187834
33040931	0.00176014537950641
33041781	0.00325271651410598
33042850	0.0042364961492186
33043841	0.00158348298842786
33044401	0.00684806879568668
33045180	0.00900783188389622
33045330	0.00442556594431369
33048910	0.0015951445670861
33052200	0.00201434335772986
33052251	0.0208131389198387
33053201	0.00491969643986414
33054120	0.0299827239934462
33056610	0.00206986278819474
33056620	0.00155237400725456
33057460	0.00155237400725456
33060910	0.0112547851128268
33061170	0.00167310053395197
33061330	0.00155237400725456
33063100	0.0398806471450558
33063800	0.00285628312745183
33069621	0.00393101126648272
33073040	0.00155237400725456
33074970	0.00282997530612019
33080121	0.00352358873570879
33080230	0.00670231614750677
33080750	0.00300824214154008
33082690	0.0221711988698772
33085570	0.0015951445670861
33086540	0.00239781240038026
33087500	0.00193126273371712
33090181	0.00155237400725456
33091530	0.00742384394756484
33094581	0.00462104943520958
33096231	0.00155553736144322
33097840	0.00158214114998999
33102530	0.00156890846419704
33103011	0.00340214255152937
33103821	0.00177343352312927
33103841	0.00155237400725456
33106191	0.00395594713219078
33108890	0.00176770377708208
33110280	0.00155237400725456
33110581	0.00292390027452317
33111360	0.0024564309771701
33115971	0.0116661683504765
33122051	0.00587782910806016
33127360	0.00763688773902315
33128360	0.0142007235248597
33128740	0.00228838581213592
33129570	0.0192584039499231
33139100	0.00161136124033963
33139261	0.00282602266188998
33143011	0.00256381236300875
33144231	0.00521775773064148
33156251	0.00300647478948174
33157450	0.0219485873373188
33159530	0.00771596352543717
33160641	0.00577216553429569
33161830	0.0015951445670861
33166690	0.00450197440744673
33169211	0.00197754781002009
33170530	0.141784333909855
33171510	0.00364710699408556
33171811	0.0124784234166817
33172320	0.00237066763711083
33172750	0.0015951445670861
33180350	0.00289619335054557
33181341	0.00202831815084229
33181870	0.00958548867377103
33183510	0.00390722895658572
33184111	0.00265545768422799
33184231	0.00672400740666981
33184941	0.0199738949263541
33185170	0.00188988971704262
33186021	0.00270225799583599
33187490	0.00155237400725456
33188371	0.00182193998868182
33189730	0.00287778802449159
33191100	0.00405155483770612
33192610	0.00162394769541531
33197690	0.0015951445670861
33198581	0.00170075014128097
33199110	0.00171036983244616
33199131	0.110775698532547
33202660	0.00159860748902245
33204180	0.00992165288953276
33204371	0.00231803940519119
33205901	0.00341001768159969
33205980	0.00156492173366445
33208750	0.00155237400725456
33208911	0.00184166105664334
33209010	0.0015951445670861
33211920	0.0920796018465068
33212900	0.00163190678420504
33213420	0.00156492173366445
33215070	0.152662694052123
33216480	0.00266219864766869
33217550	0.0015951445670861
33219910	0.0391833899642571
33222031	0.00450511870260425
33223070	0.0122977784598234
33223391	0.00848708677251792
33225481	0.00155237400725456
33225700	0.00760851715638652
33225830	0.0015730297093444
33226120	0.0038897562970521
33227951	0.188149245132042
33229071	0.00706615550338848
33229300	0.00287073768951422
33230011	0.0024676822548739
33230161	0.00507422181298089
33230510	0.00155237400725456
33230520	0.00161136124033963
33239380	0.0112313913216767
33242940	0.00408411952509128
33244460	0.0725989405973632
33245850	0.0246678563494281
33248381	0.00342800032816691
33249410	0.00711829165953326
33251961	0.0015951445670861
33257290	0.0015951445670861
33257611	0.00714185743501589
33257891	0.00155237400725456
33258981	0.00374735418638064
33258991	0.00439364606200544
33261020	0.00280180610918188
33262920	0.00441653760494449
33264190	0.00188720748191424
33264730	0.199491689377597
33264870	0.00290700959040389
33264880	0.0111867488304686
33264931	0.00155237400725456
33266390	0.00159839697099091
33268620	0.0674516139770158
33268730	0.00182045113675387
33268890	0.00157753162078369
33268911	0.00307556876968635
33269321	0.00750533170607
33271610	0.00155237400725456
33272070	0.0376192299121716
33273570	0.00253830199291599
33274100	0.00299899570390693
33276511	0.0015951445670861
33276761	0.00156512401636283
33277341	0.117263422103969
33278110	0.00155237400725456
33279271	0.00313395587480041
33279500	0.00392974878603344
33281280	0.00293823325038574
33282090	0.00163280053592795
33282130	0.0015951445670861
33283060	0.00989710143046692
33283381	0.00942134265099097
33283750	0.00430321636415974
33284710	0.0207365213139672
33284750	0.0266690007888448
33284901	0.00269392118302998
33285881	0.104229712789033
33286031	0.00155237400725456
33291610	0.00413470679793417
33292030	0.00618590595430919
33292651	0.00396701883056304
33293321	0.00203379254251423
33294540	0.00668929529774602
33296371	0.00646133844555131
33296590	0.00344164232909107
33296621	0.021341557979863
33296880	0.00155237400725456
33297061	0.0137802251223064
33297300	0.00156492173366445
33299900	0.00584478286570306
33299920	0.00487584661629049
33300610	0.00184661031369828
33300631	0.0015951445670861
33301601	0.00155237400725456
33303821	0.0036055787643838
33305830	0.00350461647862739
33307941	0.00181480413154996
33309741	0.010726291381088
33310540	0.0025929265296262
33311330	0.0115560504544287
33311370	0.00169138713578844
33311661	0.00933252400047099
33312060	0.00167044449704856
33314141	0.00232983060157541
33314380	0.00356056717861401
33317601	0.00161136124033963
33318141	0.00187166563030534
33318660	0.00161136124033963
33321731	0.156575686785501
33321881	0.00173259325452057
33323770	0.00157753162078369
33325601	0.0255338392963244
33325611	0.0015951445670861
33332430	0.0158017018468781
33332730	0.00660067417768583
33335470	0.00155553736144322
33343661	0.00789349227784935
33344190	0.00385267880539644
33344580	0.137560729739504
33346260	0.00170400569905594
33346701	0.00179194806063001
33346841	0.002877287617436
33347531	0.00343441686358171
33348980	0.00259140942603549
33349331	0.00480529982495246
33349430	0.0411405145602574
33350110	0.0678648878957818
33350271	0.00726795147855237
33350510	0.0015951445670861
33350950	0.00156970651349801
33351111	0.00234458142937388
33352860	0.0039369179143573
33359101	0.00223210173622195
33360150	0.0547755204404065
33360501	0.00361856101807313
33361311	0.0328696768762547
33362090	0.0120947495453256
33363340	0.00556568267575764
33364221	0.0195215241783023
33369171	0.00463691034184445
33369570	0.00161790414290756
33370961	0.00729691004068862
33371531	0.00262746289733843
33372901	0.00163678823833008
33375750	0.00158642528699471
33378090	0.00155237400725456
33378110	0.00435360670189303
33378711	0.00155553736144322
33378910	0.00155237400725456
33380170	0.110310892037995
33382141	0.00210831299856903
33382541	0.00157096948346085
33385810	0.00282918611265927
33386291	0.00155237400725456
33387661	0.00155237400725456
33388481	0.00156492173366445
33393171	0.0015951445670861
33396061	0.00289583197872338
33397451	0.00353513218091588
33398500	0.00184612394943251
33400590	0.00238483049264467
33401301	0.001972398628474
33402260	0.001808992562569
33403910	0.00167814918691193
33405810	0.00223630215518452
33407921	0.00186725842682928
33408040	0.00161227503833834
33408980	0.0015951445670861
33409000	0.00275473750852134
33409670	0.00163603918811246
33410281	0.00557664543278972
33410831	0.00203294844181646
33413601	0.0267867349569472
33416440	0.0204155060710204
33418240	0.00246292004546352
33418370	0.00209245678096194
33418670	0.0033023031271137
33419500	0.00947158649631339
33419880	0.00360203167956277
33419941	0.00156096868154157
33422831	0.00423000604693781
33423180	0.00155237400725456
33423801	0.00238767404357861
33424331	0.00191714405250029
33425140	0.00156970651349801
33425851	0.0015951445670861
33426530	0.00218135051914768
33428191	0.00161227503833834
33428840	0.00311182793346021
33428881	0.136993008507732
33431880	0.00158636036447595
33432010	0.0015569101408339
33432850	0.0111661742165195
33432860	0.0015951445670861
33433280	0.00233302079407433
33434011	0.00185083389593574
33434350	0.00523480511195709
33435730	0.00155237400725456
33436040	0.00171705671931319
33437601	0.00161790414290756
33438360	0.00161268769980449
33439101	0.00323522319840135
33440061	0.0129554456890888
33440191	0.00167313595344787
33441171	0.00312907776360269
33441530	0.00350963118807454
33442350	0.00237214647540166
33443760	0.0105009881698299
33443781	0.00677720597087865
33443921	0.0016397194642947
33448460	0.00174981712081384
33449830	0.00289891927360543
33449871	0.00206142987420463
33451490	0.0015951445670861
33451641	0.0029284944159454
33452211	0.0138094280747207
33452300	0.00155237400725456
33453000	0.00163341839173802
33453431	0.309675753781419
33453711	0.00158201751917874
33455910	0.00303666132878202
33457171	0.00161790414290756
33457940	0.00155237400725456
33460631	0.0020035772426479
33462281	0.00186317416670407
33465301	0.0107051690467623
33465670	0.0024459488007683
33467080	0.0196614844256149
33467740	0.00162710925714171
33468280	0.025566109620302
33471310	0.00155237400725456
33473260	0.00183679024550671
33475101	0.00331719692718669
33476030	0.0213529510473502
33476761	0.00543996644254277
33479170	0.00282722637896985
33482281	0.0024719151977909
33482360	0.00433676600698957
33485280	0.00156492173366445
33489250	0.00274756147995827
33490900	0.00511679988838556
33491610	0.00156492173366445
33492030	0.00253536622939625
33492420	0.00511579968802308
33497140	0.00489657875674371
33497530	0.00538284266796516
33497591	0.00160731506519144
33501420	0.00456026806447846
33503030	0.00591490743628336
33504621	0.0645859138353522
33508010	0.002526247570434
33509011	0.00341806185620383
33511221	0.00161437849585103
33513000	0.0015569101408339
33514760	0.00358902652500381
33515460	0.00167841810943362
33516621	0.00155237400725456
33518660	0.00278732064161495
33520440	0.00900143010403117
33521390	0.0165588388750623
33521451	0.00213537192265273
33522230	0.00155237400725456
33524700	0.00390116522195163
33525970	0.00227081603165741
33527511	0.00763064415589567
33528960	0.00288963591033589
33530121	0.00156970651349801
33530541	0.00492108863551252
33532061	0.00264110791195087
33533110	0.00328163108674005
33535310	0.00189258897129128
33536000	0.00180531471165895
33536290	0.00155237400725456
33536611	0.00155237400725456
33537380	0.00253025239294911
33537561	0.0018681892188753
33538671	0.00238567005548871
33539241	0.00554547891381613
33539620	0.0015951445670861
33542890	0.00173513934226526
33546770	0.0135519473864453
33547340	0.0335342044750768
33547720	0.00162794101371547
33548280	0.00155237400725456
33549530	0.00186383707833456
33549721	0.00300333408594088
33550100	0.00155237400725456
33550111	0.0433382592285342
33553431	0.0162527417322885
33554100	0.00163066215494988
33555651	0.00281973688191995
33556450	0.00222450165350369
33559870	0.00155237400725456
33561810	0.00488334944951306
33565120	0.00311049214476071
33567720	0.00340831439936558
33568290	0.00155237400725456
33568550	0.00156492173366445
33569270	0.0100583447395948
33570261	0.00341609982431436
33571200	0.0015951445670861
33572731	0.00356829662569666
33575921	0.00342162915244394
33576010	0.0027418284132958
33576850	0.00161636844780264
33577270	0.00391101538712569
33577920	0.00605819794563458
33579860	0.00260001981079711
33580270	0.00155237400725456
33581141	0.00287397926051683
33586131	0.0151032752078582
33587631	0.00161227503833834
33593780	0.00288871550804346
33593930	0.00156512401636283
33594931	0.102929445841618
33595340	0.00166558591091493
33597660	0.00918384334231522
33597851	0.00268799057861437
33602500	0.00180181067882597
33602770	0.00158287644205702
33604000	0.00160415752258067
33606101	0.00259665768533431
33606681	0.00480725690359971
33607570	0.00155237400725456
33609370	0.00162862497544177
33609380	0.00163685592598978
33618470	0.00181762939020122
33618780	0.00439489967414397
33619091	0.001672414973616
33619580	0.00179572294407229
33620191	0.00169142528998702
33621161	0.00856800194087844
33624741	0.38650036903312
33624751	0.00216345101280707
33625291	0.00172416423857338
33625780	0.00230543752999257
33626050	0.00333335655031047
33626070	0.00521666097384176
33628451	0.00155237400725456
33629360	0.00171976426664637
33630090	0.0102427689648325
33631091	0.04224404199386
33631921	0.00255992783807558
33633301	0.0015951445670861
33633431	0.00269121451473426
33636721	0.0015951445670861
33637680	0.00155237400725456
33639740	0.00394861258580845
33640311	0.00155237400725456
33641701	0.00261096359726609
33642370	0.00243419413655977
33644140	0.00329869059115617
33644181	0.0179237728012876
33644300	0.00155237400725456
33645001	0.00170965115337122
33645660	0.00430209936872598
33645920	0.0024522758998814
33646111	0.00186016161120044
33648140	0.0015951445670861
33650880	0.00292061303550063
33653640	0.00807337810160342
33654910	0.00481740481403941
33655481	0.00155237400725456
33657800	0.00162710925714171
33658070	0.00820595648205563
33658261	0.435962230212881
33658401	0.0019477745184394
33659170	0.00155553736144322
33659290	0.00156492173366445
33661110	0.00384427222876666
33661390	0.00155237400725456
33661510	0.00926848781411928
33662050	0.0044181812823844
33662340	0.00170505657638831
33663621	0.0024192700423445
33664321	0.0124249375942889
33666620	0.00183604095497243
33667290	0.00257701171230058
33672461	0.00163089881308802
33672950	0.00191710483321322
33673360	0.0146572550148178
33673400	0.00180129635757207
33674330	0.0476540802869271
33676311	0.00225032112376443
33679180	0.00155237400725456
33681281	0.00207072952501384
33685411	0.0348611785716848
33685541	0.00202902052684437
33686070	0.00245767688464041
33686210	0.00278339545067971
33686381	0.0015655298899166
33687430	0.00553017478260879
33687631	0.0061058502357843
33689770	0.00155237400725456
33689790	0.00333083480909092
33691290	0.0061976444722112
33691330	0.00375130221806505
33692700	0.00165272848437065
33694101	0.00198592814178859
33694210	0.00282341164805482
33694640	0.0226921244223009
33696250	0.0019404537248436
33697561	0.0106361939326417
33699081	0.0019476488118633
33699201	0.00296667708307987
33699870	0.384696270022629
33699911	0.00357955538048899
33702880	0.00187169656700303
33705670	0.0026302277778649
33707771	0.00156492173366445
33708731	0.00238322955072348
33710360	0.00553781857524065
33710470	0.00452764348217542
33711071	0.00155237400725456
33716731	0.00519929356927165
33724980	0.00290654136341154
33725691	0.00235071511166986
33727870	0.00159769547950879
33729380	0.00161636844780264
33729510	0.00311550934649332
33729821	0.00161698592299456
33732970	0.013994723972715
33733350	0.00393551882661263
33733650	0.00260772366987292
33733770	0.00495840020410153
33734791	0.00158978382148008
33736431	0.00263359119112862
33749691	0.0208167504225789
33750470	0.0059635197539225
33754361	0.0160721783713078
33754801	0.0018915179565594
33762620	0.00156512401636283
33762781	0.145626169419346
33763341	0.00212012590790061
33768451	0.00429037738888808
33769370	0.00249670410068679
33770320	0.0177045593342509
33770740	0.00186072858907921
33773961	0.0015951445670861
33777800	0.0212477701835058
33782190	0.00299140570951708
33782310	0.00156949447484686
33783010	0.0754781271793416
33783051	0.0029914666169744
33784530	0.0023911599047654
33784991	0.00239515531218136
33786860	0.00423901807317986
33787140	0.0248852911812322
33788100	0.320487661274131
33796571	0.00397185031766421
33799191	0.0200786590450069
33801671	0.00182579960050769
33805070	0.00185705212261786
33808960	0.00155237400725456
33812130	0.00161136124033963
33818750	0.00541546410795508
33819700	0.0868087029222617
33819761	0.003846061440271
33820400	0.00450467375483239
33823160	0.00515460612632304
33823690	0.00214129362908462
33824280	0.00155237400725456
33828120	0.00329435174468412
33828550	0.00456948108734121
33828660	0.0796377515741963
33835300	0.00158348298842786
33843550	0.00240601434866408
33844851	0.00161916782348687
33844861	0.00155237400725456
33847550	0.00155237400725456
33848301	0.00161136124033963
33848810	0.00251189735064229
33848861	0.00206647840130962
33849630	0.00161136124033963
33851560	0.00183471472375804
33852680	0.00285499907953677
33854241	0.00156096868154157
33855201	0.00155237400725456
33855270	0.0162889520022012
33855850	0.00530530303845871
33859280	0.00252366613645904
33862211	0.0260535615045352
33863000	0.00155237400725456
33863601	0.00183570330478416
33864800	0.00298512291273421
33866720	0.00250424960647938
33871341	0.00516582298348001
33871720	0.0023016719434846
33872370	0.00400806572533994
33873500	0.0213276324421314
33879130	0.00468209535693034
33883191	0.00160068522466575
33884230	0.00157925458976587
33885681	0.00275599147434605
33886450	0.00644046078729981
33888841	0.0022433419109366
33889350	0.0015951445670861
33889620	0.00305249089078039
33890040	0.00169035342021411
33890850	0.00365329792375408
33891700	0.00236859492712988
33891850	0.00350367696510446
33893650	0.00234918204216692
33894211	0.00155237400725456
33899290	0.00328079180553233
33900571	0.0037858223446792
33904250	0.00161227503833834
33905780	0.00161020872348429
33906211	0.00315567610453357
33906761	0.00169981682818008
33907451	0.00253966700100217
33907550	0.00256024766041677
33910211	0.00183645132743281
33912001	0.0015951445670861
33912400	0.00182335888053486
33916961	0.00164500335295418
33920431	0.00155237400725456
33920920	0.0015951445670861
33923810	0.00155237400725456
33926880	0.00341766784824334
33928660	0.00315888783205541
33928711	0.00358264759651387
33929251	0.00535965964273275
33930310	0.00735558199590617
33935031	0.00297299606409678
33936421	0.00408611364048062
33938600	0.0129119481809743
33941101	0.00155237400725456
33942450	0.00398138084749897
33943690	0.00199629799511952
33946730	0.0061281136869073
33948800	0.00285317889071432
33949760	0.0015951445670861
33952821	0.00288076530497161
33961350	0.00891695028059594
33963031	0.00245418780957831
33963280	0.00155237400725456
33963861	0.013072592230401
33965640	0.00155553736144322
33965770	0.00212210948940514
33966740	0.00157096948346085
33968370	0.123232377309385
33969740	0.00384979551689644
33971260	0.00378494423222129
33971420	0.00156492173366445
33972520	0.00399258702600219
33972930	0.0027807473139432
33973330	0.00156512401636283
33974061	0.00162984789015293
33976650	0.00161227503833834
33977180	0.0016402049506931
33979591	0.00155553736144322
33979991	0.0017517422192153
33982980	0.0015951445670861
33985391	0.00253736882606367
33986751	0.0192893053655606
33987410	0.00155237400725456
33988360	0.0944077471964005
33988670	0.00559365609665939
33989651	0.00160731506519144
33990850	0.00737937021419298
33990870	0.00155553736144322
33991700	0.0118736188041993
33992681	0.00157799765883384
33993460	0.00227636299395292
33997101	0.00558440629660228
33997900	0.00426748471135497
33997941	0.0015951445670861
33998580	0.00155237400725456
33999810	0.00176413726289245
34003871	0.00155237400725456
34006980	0.00426619089194609
34007130	0.00170752877585102
34008821	0.0184512379109383
34008951	0.00158348298842786
34010050	0.00200147133465218
34011830	0.00929993008647923
34012421	0.0542647352015343
34013791	0.00156492173366445
34015120	0.00264353520266914
34015321	0.00438104966036912
34019010	0.00161227503833834
34019150	0.00155237400725456
34020961	0.00246664060349605
34020971	0.00383142113409119
34021040	0.00326240761349457
34024401	0.0173206954940013
34025350	0.00185181594510886
34025781	0.0018859941093286
34027950	0.00155237400725456
34030351	0.00254570029314998
34031970	0.00412619677184746
34031991	0.00155237400725456
34032271	0.00318456987400588
34034460	0.0023805345562944
34035550	0.0023543816202324
34035970	0.00663165403677463
34036210	0.001658501366228
34037080	0.00589638579310467
34039550	0.00383334895822601
34039690	0.00174612628890125
34045661	0.00433803925350791
34047960	0.00496343480458974
34048250	0.00254093759522606
34050310	0.00370754197091308
34050440	0.0064589450198984
34051000	0.00161836490362343
34051120	0.00155237400725456
34051800	0.00726223297155934
34051940	0.00723214376088804
34053750	0.00393904481885292
34054191	0.00225128271079054
34055721	0.00155237400725456
34056121	0.0015951445670861
34058690	0.00630740356988912
34059441	0.0159242986289151
34059800	0.00203294844181646
34060640	0.0015951445670861
34062611	0.00159860748902245
34064541	0.00496198384208482
34067161	0.00167737761588409
34071810	0.0053374599520709
34073771	0.00155237400725456
34075041	0.00613193229679255
34076121	0.00855012939020235
34076760	0.00155237400725456
34077070	0.0028138029932185
34077890	0.00288665788701677
34077900	0.00297321645330939
34078751	0.0324152182469282
34080250	0.447140182689154
34081600	0.0030025067607332
34082881	0.0015951445670861
34083270	0.0015951445670861
34084930	0.00367303067744196
34088080	0.00155553736144322
34088691	0.0015951445670861
34094191	0.00254134803126918
34094901	0.0147087057240165
34096531	0.00181890574125731
34096551	0.00169032656709837
34097740	0.0122390598644367
34097760	0.00680165532488279
34098601	0.0015951445670861
34099711	0.00330173873045741
34100240	0.00157096948346085
34100821	0.00306676159106418
34100961	0.00155237400725456
34101070	0.00156512401636283
34101231	0.0173771579464959
34102061	0.0015951445670861
34103130	0.00288284201786249
34105200	0.00309913552244133
34106461	0.0204332706373777
34106560	0.00168728796542134
34106840	0.00640353055171553
34108370	0.0015951445670861
34110030	0.00287616909860208
34110410	0.0298772846268844
34110830	0.0015951445670861
34111301	0.00222159355665203
34113730	0.0015951445670861
34115280	0.00317125637713508
34115581	0.00775809745686351
34116691	0.00667613316876215
34116801	0.00571820360392422
34117651	0.00631157367622631
34119421	0.00243547334586367
34122191	0.00402401143416026
34123240	0.00156492173366445
34124380	0.0032512093183305
34124391	0.00497743475671313
34124941	0.00286251702348235
34126140	0.00156970651349801
34127011	0.00155237400725456
34127431	0.001981028015794
34127820	0.00820060443354587
34129381	0.0201887437635595
34131680	0.00164683293934659
34137070	0.00173513934226526
34137371	0.0105225846678371
34141860	0.00175434456524128
34142420	0.00585711445780491
34142560	0.00507505463733055
34142621	0.00251056344578164
34143151	0.00825000017672497
34143370	0.0129885956660401
34143431	0.0021223428729844
34143851	0.00304966263918371
34145200	0.00686748517695135
34146440	0.00366078712302313
34148210	0.002873103814169
34149060	0.00162791725913815
34150041	0.00290223709659324
34150840	0.00323515148206654
34160111	0.00158642528699471
34165020	0.0206586234615815
34165491	0.00254603715845021
34166270	0.00219109707047012
34167390	0.00171986130721864
34167581	0.00174010335332782
34168200	0.00218698936099231
34169071	0.00176693704209169
34169621	0.00156970651349801
34170611	0.00156492173366445
34171011	0.00289658371005179
34174000	0.0170098455830243
34175090	0.00179033240371234
34177160	0.0028128723313685
34178191	0.00156096868154157
34179270	0.00404559813203847
34179510	0.00155237400725456
34179930	0.004022375000921
34180330	0.00352037408053494
34180490	0.00155237400725456
34180640	0.00159980547865461
34181300	0.0192175582706182
34182440	0.00487857135449308
34183240	0.00155237400725456
34184271	0.00175079976238841
34184681	0.00158348298842786
34184931	0.00155237400725456
34185060	0.00171027061214311
34186051	0.00158642528699471
34188080	0.00280674311774874
34189440	0.00194370916109101
34192060	0.00774189801696389
34192791	0.00269389303326091
34193740	0.00163089881308802
34194160	0.0017431558984949
34194550	0.00184291709888203
34197330	0.00171709579796468
34199510	0.00156096868154157
34199551	0.00690529903189736
34199571	0.00274458850083285
34200340	0.00249890030777656
34200630	0.00293356448998383
34201631	0.00155237400725456
34202871	0.0264040686114295
34203100	0.0172592511876263
34206260	0.00272636210267384
34206591	0.00218094484765669
34207540	0.00239978383004099
34210540	0.00156096868154157
34212510	0.00446337098743508
34212630	0.00155237400725456
34212770	0.0071091793740981
34213771	0.00568094375509334
34214041	0.0015951445670861
34214181	0.00451872134476032
34215151	0.00155237400725456
34216350	0.00447612279219015
34217880	0.0015951445670861
34220230	0.00267841947570009
34221590	0.0222842539507066
34222270	0.00247474584590557
34222550	0.00272598484867726
34223841	0.0015951445670861
34225980	0.00179935129766246
34228610	0.0015951445670861
34238810	0.0015951445670861
34239240	0.00499191094023342
34239691	0.00345134027070251
34240070	0.0115675108410391
34242530	0.00248443688034476
34243100	0.0017573105009859
34244101	0.0015884030675312
34244490	0.00174961525413738
34245631	0.00169142528998702
34246721	0.00155237400725456
34248210	0.0029978007607
34248220	0.008490477796931
34251400	0.00243556057670239
34254331	0.00282965635868393
34256531	0.00195117570883459
34260070	0.00173097961502894
34260630	0.00172774033891179
34261040	0.0289186580561292
34263961	0.00572488609782252
34271011	0.00284137428166465
34271810	0.0015951445670861
34271971	0.0015951445670861
34272050	0.0015730297093444
34272111	0.039609438900034
34273590	0.00291631819009407
34275841	0.00609558977021483
34278171	0.00155237400725456
34279151	0.0234814627520612
34280880	0.00763064992937048
34281190	0.00376746520714788
34281870	0.00249297148822493
34283271	0.00186016161120044
34284890	0.00318956344472261
34286441	0.0148936790023559
34287841	0.0605036370044956
34288760	0.00262475482998247
34289211	0.00181140051680439
34290731	0.00530091410371958
34291011	0.00156944749594279
34291100	0.00174568269171535
34291220	0.0153983537489305
34292651	0.0110575340964339
34293850	0.0088706258166318
34294311	0.0256510635751041
34296490	0.00173435466189376
34297341	0.461146263627773
34300610	0.0015951445670861
34301341	0.00209245678096194
34302970	0.00595036303857451
34304470	0.00158539363665587
34306110	0.00398326847064827
34307520	0.00196558357527862
34310820	0.00527028764701862
34311811	0.00169138713578844
34311841	0.0044397744096614
34316340	0.00534650087134196
34318311	0.00155237400725456
34319790	0.0019819184728397
34322520	0.0121114858867659
34323770	0.00156492173366445
34323951	0.00155237400725456
34324190	0.00322494615515549
34324921	0.00625483402851576
34325290	0.00965997029109561
34325840	0.0015951445670861
34326960	0.00365221309398123
34327401	0.00303318599623848
34327691	0.00162642434402809
34328730	0.00161415195810151
34331271	0.0172630771556449
34332900	0.0021258081161291
34334010	0.0243315604123974
34334250	0.128302110894406
34334820	0.00155237400725456
34335811	0.0103581839280972
34336241	0.00155237400725456
34336760	0.00310106662600594
34336911	0.00345426466587156
34337990	0.0387122079673755
34338871	0.00184188327450631
34340610	0.00268784374852334
34342140	0.00413132163236449
34343230	0.00163044451608697
34343681	0.00256193188039315
34348740	0.00286968088560254
34349000	0.00162457602438133
34349830	0.00158626535819284
34352641	0.0128612919928194
34353290	0.0094231060842821
34353320	0.00172684401029441
34353830	0.0015951445670861
34355250	0.00155237400725456
34355910	0.00163089881308802
34356340	0.00155237400725456
34356730	0.00173633875045228
34357280	0.00166558591091493
34357830	0.0020035772426479
34358830	0.00160676987465681
34359660	0.00295780094267531
34362690	0.00161268769980449
34364931	0.0480989656942686
34366110	0.131339633808644
34366311	0.0016805156992161
34366731	0.0761596776974916
34368040	0.00408954446632865
34370820	0.00684782083943735
34370851	0.0305988334604394
34372511	0.00700481751660807
34373761	0.00513452250604294
34374000	0.0015951445670861
34374731	0.00267709177485841
34375370	0.00156492173366445
34376170	0.254387043087049
34376870	0.00382482047178803
34377331	0.00272967617121306
34377980	0.00451696760530521
34378270	0.0117644055084108
34379811	0.11158527499537
34381020	0.00274591948558003
34382960	0.00193780672071665
34383520	0.00164240918409473
34387900	0.00189905703573439
34387941	0.00358475683739953
34394260	0.00178253105206758
34394520	0.00159839697099091
34396050	0.0110963756519021
34397730	0.0025316389594549
34398711	0.00166047321887713
34400470	0.0025075424305117
34406721	0.0212868041260718
34412351	0.00155237400725456
34416610	0.00257436697885395
34417741	0.00383777445907723
34423411	0.00350548423162843
34429310	0.0838128190938465
34436060	0.00705515221298521
34436860	0.00374985007533325
34440221	0.00245098809176443
34441601	0.00155237400725456
34446090	0.00268730291604409
34449191	0.00317126174155852
34453051	0.00284236433200919
34453311	0.00175020481895138
34457020	0.00320082719556983
34457270	0.0868006423927679
34463470	0.00253174367452542
34464310	0.00161464665559329
34467370	0.0017037826377635
34468590	0.00155237400725456
34469960	0.016112202410415
34475531	0.00768525124798759
34476361	0.0438640247656288
34477181	0.0449127841113284
34478510	0.0388580943082834
34484511	0.00174714794112576
34484730	0.00155237400725456
34486120	0.00175586659729383
34490301	0.011722253473375
34491070	0.00321060006677827
34494250	0.0533176602045068
34494540	0.00610519035911642
34497601	0.00506849645742674
34497741	0.00180345212747182
34497990	0.00263936939798834
34501950	0.00183378574032643
34507330	0.00217580424770082
34510240	0.007633593197359
34511370	0.00604308002804631
34511681	0.0497111075856548
34513300	0.0015569101408339
34514130	0.00206128905499904
34518281	0.00664480568083347
34518851	0.00161227503833834
34519230	0.00155237400725456
34523880	0.0249772230214065
34524180	0.00196283044646575
34525270	0.00393870479689055
34525710	0.00281513737298909
34527111	0.049177297303555
34527391	0.00182242460059262
34528850	0.00251104668452537
34529270	0.0431832427674969
34530660	0.00323014952952043
34530940	0.00312866632300167
34532771	0.0139150823304895
34532880	0.00161136124033963
34532901	0.0135796376438093
34534110	0.00364049021508344
34535200	0.00156970651349801
34535350	0.00205646963195993
34536641	0.00171036983244616
34537840	0.0015951445670861
34538920	0.00469912641278641
34538981	0.002473235562644
34539460	0.00203012374528076
34539951	0.0611401119510992
34540190	0.00155237400725456
34544710	0.0015951445670861
34546011	0.00957831212239026
34546370	0.00241700902831005
34548891	0.00167841810943362
34549140	0.0199673141586333
34549840	0.00253384761102674
34549970	0.00160540748339551
34552481	0.00473358090429606
34552751	0.00293182915379949
34557430	0.00324402162828109
34559531	0.0118054102394412
34560081	0.00378455671542321
34561731	0.0015951445670861
34562810	0.0015951445670861
34565161	0.00841498644418948
34565410	0.00155237400725456
34568290	0.00407642238838194
34568460	0.00155237400725456
34569680	0.00169021771164236
34570390	0.0754822782843177
34571330	0.00374561815854049
34571371	0.00166483681910127
34573270	0.00261397434537778
34574640	0.0086569465238411
34574961	0.00652280925631148
34575360	0.00938553705261614
34578431	0.00361463864726058
34579350	0.00158642528699471
34579490	0.00198336093410704
34581130	0.0015730297093444
34582240	0.00170346853924013
34582691	0.0205746487314168
34585581	0.00506043751699195
34585950	0.00345815416440623
34588850	0.0149709374883436
34590520	0.0029256329591461
34595941	0.00287633053560114
34597410	0.00210491702767352
34599511	0.00519324661621517
34599921	0.00162281016570835
34600221	0.00155237400725456
34601301	0.00183295616163421
34603511	0.00908639879009764
34604860	0.00961497073776849
34605690	0.00347482278786304
34610811	0.00210797158945642
34613940	0.00194431273970711
34616580	0.0180315980266839
34616901	0.0015951445670861
34617140	0.00169138713578844
34618660	0.00155237400725456
34618770	0.00155237400725456
34623101	0.00261071486066502
34624150	0.00194634896271977
34625840	0.0015951445670861
34626131	0.0034092280006296
34626961	0.00155237400725456
34631050	0.00209724097085592
34634701	0.00161505113448967
34635600	0.00155237400725456
34636761	0.023720910732624
34636850	0.00155237400725456
34637181	0.0141149142083701
34638131	0.00194271855560697
34638551	0.00836182331281686
34638650	0.00297788356034973
34638951	0.00157096948346085
34640631	0.017649121787846
34641021	0.00238900794871317
34642831	0.00189062997726969
34644201	0.00172653687304687
34644751	0.00196955888178314
34646090	0.00263149698239134
34647101	0.0482052533977486
34648280	0.00514378298525261
34650080	0.426737604091069
34652180	0.00307251596003938
34652351	0.00252413785033779
34653270	0.00225903648042909
34655101	0.00161790414290756
34655600	0.00602668568323832
34656051	0.0015951445670861
34658671	0.00244958256017197
34660020	0.00432676374696901
34660700	0.00155237400725456
34661140	0.00350189338085887
34662250	0.00169644134688847
34664180	0.00180343159207618
34665690	0.00246068795228378
34666640	0.00454777344396407
34669650	0.00155237400725456
34669970	0.00832528788826562
34669991	0.00158574412912967
34670240	0.00161268769980449
34672191	0.00155237400725456
34672420	0.00283755219470924
34676871	0.00277903238660046
34676891	0.00422063710375113
34678660	0.00265176321872011
34679330	0.00159769547950879
34681721	0.00189272680088014
34682500	0.00276062099157839
34684321	0.00426167741347026
34684601	0.00353144551401796
34685571	0.00192413124926203
34687221	0.00208544852221177
34691060	0.0016900176677158
34691750	0.085059224365699
34692290	0.00155237400725456
34694551	0.043275221207262
34695860	0.00314085984816025
34697021	0.00208530939965367
34698480	0.00174639979130655
34701561	0.0015951445670861
34701861	0.0358978081481244
34702821	0.00155237400725456
34705960	0.00160914377827733
34710401	0.0549629033346484
34711180	0.00555045149493396
34711511	0.00155237400725456
34712481	0.0718505148294851
34714531	0.0018041716153894
34715101	0.00777531723372309
34715340	0.0584020241089032
34715600	0.00190257904186101
34716560	0.00155237400725456
34717021	0.00155237400725456
34717670	0.0125596536874319
34720331	0.0325789790013399
34721230	0.0020974256905933
34722910	0.0023821390308703
34723720	0.007189794924292
34723890	0.0035756472629213
34724061	0.00156492173366445
34724580	0.0025182961750226
34726531	0.00548682923988776
34730910	0.00172625782966086
34731300	0.00155237400725456
34732010	0.00186616406987398
34735590	0.00197754781002009
34735761	0.0701165717185994
34735890	0.00157623508829516
34736290	0.0015951445670861
34736591	0.0215790981252528
34737670	0.00281882208792876
34737971	0.00155237400725456
34740010	0.00503208893406829
34741370	0.00186866259368238
34741940	0.00173633875045228
34742200	0.00287732661136203
34742821	0.00201707813683475
34743040	0.00242393933933845
34743060	0.00512146836040771
34744020	0.00516770759110145
34746780	0.00542293956508982
34748591	0.00184538664758651
34748970	0.00532185690164891
34751781	0.0015569101408339
34753790	0.0029142665953139
34754920	0.0114933213256664
34755450	0.00158348298842786
34755710	0.00244352638940456
34757930	0.00624544150531985
34758230	0.00155237400725456
34761301	0.00522235000207339
34763371	0.00161636844780264
34763480	0.00155237400725456
34766271	0.00425084661933938
34768311	0.00296698793824344
34770931	0.00163341839173802
34780150	0.0763679218844204
34780540	0.00346003001336229
34783911	0.00158348298842786
34784690	0.0327416647524259
34784850	0.00550796695880132
34785431	0.00266620173596936
34785950	0.00430689119023291
34792331	0.00244301416602524
34792721	0.00308278880314639
34792741	0.00155553736144322
34795320	0.00678418455884478
34802070	0.00206038815740159
34802121	0.010508100702476
34805790	0.00883291864526118
34807361	0.00174606287040451
34816051	0.0378132870622482
34819300	0.0128428932227846
34824041	0.00841090532692608
34828311	0.00157575414547598
34830760	0.00159769547950879
34836020	0.0288531888065586
34836980	0.0015951445670861
34837220	0.00302230341228836
34838740	0.00279334295430198
34838750	0.00385954569059851
34839740	0.00191995035392078
34842251	0.00171036983244616
34842760	0.00209847619147647
34844810	0.0108994464994569
34849930	0.00161110949403304
34850910	0.00652126383966694
34851761	0.0147163063129639
34853120	0.00518635746648502
34859351	0.00228319528257003
34860161	0.0199696107390541
34860840	0.00239629860453033
34863990	0.00475614036427078
34864441	0.00174165304702187
34866480	0.00167841810943362
34867361	0.00451816099706855
34868420	0.00977638067941008
34871840	0.00320805459814579
34873630	0.00652315323406077
34876851	0.00635403177169565
34877530	0.308313129451407
34881110	0.0103410629835585
34882350	0.0956479169185814
34883081	0.00552151071394814
34892861	0.00245723915414492
34892871	0.0015951445670861
34895331	0.0278629444370981
34900420	0.00155237400725456
34901380	0.00273454955874266
34905500	0.0376528914036746
34913271	0.00236014358695073
34915140	0.00242470630684382
34917640	0.00156970651349801
34919030	0.022140067984388
34920010	0.00155237400725456
34922251	0.00416228383834122
34925281	0.0215037771438137
34932530	0.0739509902913025
34933650	0.0821266982788754
34933811	0.0333206019179538
34949490	0.00846289565993296
34949951	0.0016749790602589
34952930	0.00204707327122003
34957760	0.0416621163482284
34958730	0.0119558277438756
34959440	0.00457573212596713
34960800	0.498594213943713
34962890	0.0159104444642863
34964701	0.0015951445670861
34965070	0.11845394901985
34966661	0.00418066173612915
34971040	0.0100330723726028
34972581	0.00155237400725456
34974501	0.00190995854191831
34974641	0.00975617199363717
34974771	0.00622108833299318
34974870	0.00262618389646712
34975331	0.00315716530005577
34978091	0.00440434423964055
34979300	0.00239029292656031
34980991	0.00199556591003299
34982470	0.00205067968158073
34988810	0.00275663565401686
34989660	0.00345787189767117
34993240	0.00163341839173802
34993671	0.00345837720236101
34996021	0.00315135803467006
34996280	0.0015951445670861
34996971	0.0015951445670861
34996991	0.00155237400725456
35003471	0.0130153206884219
35004400	0.00243509618408891
35005401	0.00404566948679351
35006990	0.00575239091453324
35008561	0.00217741852387746
35008581	0.00161136124033963
35010870	0.0015951445670861
35011881	0.00161485330104243
35017391	0.00161955685640554
35017900	0.00231292617140539
35018180	0.00193836833301288
35019061	0.00342828253237604
35019160	0.0015951445670861
35024441	0.00465945268550892
35026310	0.00172048305070983
35028011	0.0168700392338317
35029650	0.00184254448262312
35030610	0.00571437619997536
35031321	0.0050889474398035
35031860	0.00155237400725456
35033620	0.00239245989525524
35034060	0.0371526795790765
35039130	0.00564151335282477
35042180	0.00156492173366445
35045920	0.00157552696807445
35047700	0.00155237400725456
35049910	0.00155237400725456
35051041	0.00338346145231522
35051150	0.00180504947830246
35051881	0.00765662412425782
35052680	0.00306470548636582
35053381	0.00173689134408322
35055140	0.00172257757596869
35059331	0.00155237400725456
35061521	0.00155237400725456
35062040	0.00206350158296016
35063171	0.00211932473962684
35065131	0.00437531680854696
35065510	0.00175912713776687
35065750	0.0015730297093444
35066320	0.00447567279181722
35069251	0.00161227503833834
35069661	0.00157753162078369
35069770	0.00156512401636283
35071201	0.00227081603165741
35072011	0.00416355455002373
35072441	0.00156970651349801
35073241	0.00155237400725456
35073521	0.00155237400725456
35073661	0.00161893439725872
35074330	0.00632868770100479
35076110	0.00155553736144322
35077251	0.00160540748339551
35077661	0.00969601634992627
35077740	0.00158779241557088
35078091	0.00155553736144322
35079420	0.00210282644542942
35080260	0.0207132225675537
35080810	0.0015951445670861
35080961	0.00155553736144322
35082580	0.00210353551046533
35082921	0.00175119721660817
35083051	0.00155237400725456
35083400	0.00184944211030905
35084001	0.00222454400718227
35088301	0.00192537155392107
35089470	0.00174568269171535
35089750	0.0128438958555202
35090621	0.00346250825620529
35090641	0.00157753162078369
35092520	0.00892386268618756
35093521	0.00155237400725456
35094071	0.00155237400725456
35094921	0.00155237400725456
35095700	0.0031437723095491
35095950	0.0018106700852099
35101220	0.0256847248758332
35101531	0.0027626113197285
35102221	0.00276861393460425
35103311	0.00185545494463807
35103321	0.0015951445670861
35104571	0.00155237400725456
35105070	0.00183550773336563
35105890	0.00155237400725456
35107191	0.00167814918691193
35107830	0.00163341839173802
35108670	0.00263006682043331
35108691	0.00159980547865461
35109190	0.0015951445670861
35109661	0.00214467759401749
35110641	0.00348838435139143
35111130	0.00155553736144322
35111670	0.00283672257481157
35112711	0.00156890846419704
35112981	0.0148582712615259
35115130	0.00194333106823608
35115690	0.0015951445670861
35115731	0.00335410376867477
35119530	0.00252973310959552
35120380	0.0054709461698972
35122641	0.00228252987921342
35123020	0.00168110196644448
35124001	0.00159852153112981
35127150	0.00156492173366445
35129080	0.00338846826733431
35129750	0.00155237400725456
35130351	0.0015951445670861
35130710	0.00161790414290756
35131591	0.00620111570369682
35132520	0.00340034449744063
35133371	0.00157604308015066
35133640	0.0016142515521496
35136151	0.00158366727735041
35136780	0.00298867238617347
35136831	0.00305408093404927
35138361	0.00665918132952533
35138720	0.0078967334726827
35138840	0.00308789631182461
35143741	0.0874101954646936
35144950	0.00294342772471003
35144981	0.00280744194702114
35149180	0.00274591948558003
35151970	0.00887685352401587
35154300	0.00183222688075988
35155041	0.00182335888053486
35155430	0.00366592403869004
35156940	0.00175621541168089
35157620	0.0015951445670861
35157740	0.00156512401636283
35158420	0.00293255535725687
35159290	0.00166169998623389
35159550	0.00258045573763407
35159741	0.00426182065599446
35160110	0.00339815048389312
35165121	0.0015951445670861
35166030	0.00155237400725456
35167260	0.00498578297775081
35168831	0.00193016995359403
35170631	0.00537586297149694
35170761	0.00389541806646883
35171311	0.00569201876154962
35172240	0.00198479355176401
35175451	0.0015951445670861
35175670	0.00306665928670181
35177480	0.00294301356870069
35177801	0.0475552880773136
35177910	0.00155237400725456
35178491	0.0015951445670861
35178901	0.0015951445670861
35179960	0.0515071702443309
35181910	0.00162205444705299
35188080	0.00176229018287084
35191031	0.00155237400725456
35191260	0.00501641670068933
35191660	0.00250799143889664
35193600	0.0256980472867061
35193770	0.00259947389493079
35196940	0.00155237400725456
35197590	0.00761113571541272
35198071	0.00156492173366445
35198170	0.00397264863541384
35199321	0.00284268321322014
35201340	0.00281992134305732
35204971	0.0015951445670861
35205231	0.00175012326236394
35205880	0.00201118397930373
35210211	0.00158898717948595
35211010	0.002774032539955
35212800	0.0097141521066153
35213590	0.00161227503833834
35217310	0.00197528155551298
35217350	0.00155237400725456
35218870	0.0015951445670861
35219451	0.00185501392506375
35223560	0.00187244921934615
35224790	0.00238836216989829
35225361	0.00651905893632001
35228620	0.00155553736144322
35230590	0.00362653870006763
35230870	0.00161227503833834
35232930	0.0015951445670861
35233101	0.00786518506608535
35234160	0.0119654236142011
35235120	0.00159735300162951
35235171	0.0086920693208103
35235790	0.0146539768462959
35237801	0.0829513037353963
35238331	0.00170229064803894
35238751	0.00593515015748252
35240480	0.00155237400725456
35242331	0.00161227503833834
35244110	0.0015951445670861
35244630	0.00376648127350349
35244800	0.00202307467994316
35245641	0.0102833840911517
35245730	0.00189953788219812
35247011	0.00179194806063001
35249091	0.0015569101408339
35249501	0.0139221554850759
35249651	0.00161268769980449
35250191	0.00290873432271684
35254020	0.0111475798352196
35254160	0.00585076757480535
35255011	0.00161790414290756
35255110	0.00687420902325837
35255660	0.00312246195938321
35256671	0.00291595644673987
35257200	0.00460508051124098
35257590	0.0018190180637512
35258550	0.0015951445670861
35258690	0.00188108645417672
35260910	0.232447756958173
35261040	0.00451234434167432
35261480	0.00277937177196661
35262901	0.00181968603267066
35269651	0.00291062830389026
35270321	0.00156944749594279
35270741	0.00217264048819833
35271380	0.00156890846419704
35272261	0.00246250611693185
35273210	0.00158348298842786
35273720	0.00155237400725456
35274010	0.00162710925714171
35274191	0.00155553736144322
35275561	0.00197588455683207
35276141	0.00538011730898179
35277890	0.00926533691663671
35278270	0.26329478018355
35281381	0.00183905626630622
35281511	0.00155237400725456
35284240	0.00255782301993375
35289590	0.00365086790474097
35291011	0.00205911918277439
35294881	0.00770550029439457
35295021	0.00167841810943362
35299120	0.00377895805037036
35302440	0.00163341839173802
35306871	0.0015555393404284
35307120	0.0243718798971431
35308111	0.00158898717948595
35308750	0.00190167645573777
35315571	0.00155237400725456
35316220	0.0015951445670861
35319680	0.00161636844780264
35320620	0.00687080340078819
35322041	0.00159860748902245
35323520	0.0033111699610258
35325180	0.00155237400725456
35325200	0.00155237400725456
35325440	0.0029265376034875
35325641	0.00156309302011051
35326751	0.00272564051635265
35327520	0.00173566277638143
35330321	0.00158348298842786
35330540	0.00155237400725456
35337180	0.00226317613593822
35339370	0.00449711666969839
35340620	0.132708755554764
35346560	0.0015951445670861
35346891	0.00342495135936427
35347250	0.00161136124033963
35351001	0.00167814918691193
35351250	0.00785899458354672
35351551	0.00161946470570261
35351670	0.00384578609068674
35353351	0.00158348298842786
35358181	0.00276299510935387
35361081	0.00167841810943362
35364401	0.0102808886708683
35365170	0.00155237400725456
35371711	0.0254387169283421
35376101	0.00155237400725456
35377330	0.0027586533228503
35377491	0.00157753162078369
35381290	0.00170255455584251
35383090	0.0022494598711449
35383701	0.00264808768193899
35385771	0.00292455152394717
35386400	0.102774700653294
35387110	0.00209729550051737
35387260	0.050978519518923
35388230	0.00267984091337358
35391961	0.00155237400725456
35394810	0.00181398187736947
35398441	0.00250662848629585
35399680	0.00155870913471344
35400890	0.00538723619407185
35400931	0.0017518580281452
35404090	0.00155237400725456
35405751	0.0015951445670861
35407090	0.00234776413357693
35408060	0.0028080190822448
35411770	0.00294048414601067
35415431	0.00190963823925962
35416340	0.00164328586196446
35418260	0.0237403727027201
35418840	0.00431943872385327
35419011	0.00174568269171535
35419151	0.00155237400725456
35422010	0.0015951445670861
35425290	0.00318853959699212
35425481	0.00442297991919421
35426130	0.00165832109739429
35427021	0.0224693779597502
35427930	0.0017573105009859
35430960	0.00165891813976392
35431260	0.0109011625289862
35434031	0.00182604830911764
35443151	0.00166146565611838
35444080	0.00160546143595618
35444231	0.0203268262102352
35446270	0.00205117042577052
35448671	0.0019709693011217
35450530	0.00155237400725456
35453700	0.00217857815746487
35453870	0.0246016157367263
35456500	0.00196149319839414
35457331	0.00170400569905594
35460651	0.0015951445670861
35465560	0.0162974257374868
35467131	0.00167841810943362
35468641	0.00771767104989498
35468801	0.0170467919351213
35470451	0.00156096868154157
35471151	0.00174622290418867
35473840	0.614051201499309
35476200	0.00172122914391956
35476231	0.00194760567545205
35478420	0.0815466228494293
35478591	0.00525202194287038
35481891	0.00329570404442893
35482540	0.00763779155623163
35482601	0.00276567599808124
35482721	0.00155553736144322
35483131	0.00288852933635418
35483971	0.0036563549266522
35484391	0.00537994452820245
35485440	0.0108070696166934
35485980	0.0651987743037594
35493290	0.00283073968518559
35494041	0.00327057689031237
35495401	0.0015951445670861
35498380	0.00289003713832162
35498390	0.00163057207497213
35499530	0.00164865353012519
35502721	0.00327375363473147
35504060	0.0192141005928688
35505580	0.00248825207608948
35507131	0.00168458556511659
35510950	0.0185186094047046
35512931	0.00825409811279867
35513450	0.00517352674310568
35515360	0.00182335888053486
35516870	0.00155237400725456
35517300	0.0072593100096014
35521341	0.00286232665377958
35529860	0.00155237400725456
35540241	0.00340832193993018
35545160	0.00633470385029693
35545990	0.00226808835138685
35548631	0.00213284311120343
35548880	0.00281573925471506
35550960	0.0274022007948111
35553071	0.00161444038622206
35556730	0.0105689647717136
35557840	0.313752317921244
35563760	0.00274812376570683
35565290	0.00244661451456532
35570431	0.00339478673302679
35571900	0.00355517121875323
35576361	0.00557916431317563
35576781	0.0451163536831315
35577481	0.00461076656960073
35577871	0.00245668800273749
35579661	0.0508500735881145
35580070	0.0024704138008248
35581580	0.00161790414290756
35581601	0.00155237400725456
35582021	0.00245418780957831
35583541	0.00601369155357939
35584491	0.139617435089581
35584771	0.00627308500969978
35585270	0.00911523066013577
35585560	0.00171150939626793
35587661	0.0188184907370341
35588460	0.00291062830389026
35588921	0.00275172447084575
35589990	0.00155237400725456
35591370	0.00176006815784184
35592070	0.0151805253842876
35594810	0.00327092337932049
35597410	0.00233237179691294
35597690	0.00312818848340163
35599261	0.00155237400725456
35605160	0.00155237400725456
35605960	0.00277285505890214
35607920	0.0299219749786667
35610260	0.00276567599808124
35610690	0.00237648496785212
35612040	0.00168458556511659
35613970	0.00854699811259637
35615521	0.00477702125870268
35617611	0.0121483128655412
35631121	0.00210565725027651
35634670	0.00348205097342487
35639470	0.0015951445670861
35639951	0.00155237400725456
35645300	0.0031241255471545
35646130	0.0102782020939851
35652860	0.00508771282891949
35654230	0.00270688522941813
35663910	0.00250318836776832
35667531	0.00170463364493323
35668040	0.00532976479956161
35669580	0.00380977874184086
35669980	0.00161946470570261
35676190	0.00227081603165741
35677041	0.00197527497725389
35681430	0.0064454796272072
35682390	0.00157604308015066
35683050	0.00155237400725456
35689160	0.0125448020499973
35690500	0.00390637884182439
35691791	0.0020080728841707
35693140	0.00163308848355139
35693410	0.00155237400725456
35693840	0.00162109127351634
35694910	0.00161636844780264
35696460	0.00161953679578467
35698271	0.00227081603165741
35699210	0.0050823140556997
35700491	0.00157162577370222
35701601	0.0015951445670861
35701980	0.00424493956464714
35704170	0.00161790414290756
35704290	0.00288180809017714
35704730	0.0015951445670861
35708150	0.00155237400725456
35709830	0.0015951445670861
35710120	0.00271449203682217
35711251	0.00310249023541339
35712330	0.00165913896575699
35713581	0.00267005771282484
35714260	0.00161227503833834
35716361	0.00274591948558003
35722080	0.0015730297093444
35724761	0.00401218001110459
35726841	0.00229049936660947
35727600	0.00494768792749616
35729041	0.00163190678420504
35729670	0.00353892151228058
35729820	0.00440736958734726
35732030	0.0146852275709807
35733000	0.0017990045861655
35734100	0.00414127673934437
35739371	0.0033410810420452
35739740	0.00161136124033963
35740020	0.00155237400725456
35741051	0.00195501309482251
35742821	0.0224574663226607
35743381	0.00162710925714171
35743460	0.00182381020929159
35744061	0.00161790414290756
35746971	0.00169142528998702
35748201	0.00734314124305332
35748320	0.00269976894161355
35750350	0.00173259325452057
35750390	0.00181762939020122
35756040	0.0104587893815153
35756221	0.142554562680974
35757840	0.0074988865271976
35758490	0.00194748133744556
35760860	0.00189438408482299
35761150	0.00176866915155147
35762250	0.00177402726856194
35763231	0.0015951445670861
35763480	0.00175636261643672
35763760	0.00155237400725456
35763791	0.0015951445670861
35765530	0.00161836490362343
35766660	0.00155237400725456
35769021	0.00620962946106953
35770510	0.00591260693458799
35773520	0.00195908126466255
35773721	0.00246044846341914
35774811	0.00323522319840135
35775080	0.00242730976023406
35776901	0.00161136124033963
35777571	0.058972912274227
35777591	0.00169381350939563
35783381	0.00227665947038758
35783630	0.00767399054054837
35784201	0.00402549257387537
35785591	0.00249080267868999
35787470	0.00155553736144322
35787490	0.00155237400725456
35788201	0.00181990321284131
35789540	0.0172382163032362
35792460	0.00169021771164236
35794390	0.00443598321826618
35794920	0.048605003577424
35795040	0.00156096868154157
35795921	0.00155237400725456
35796150	0.00245611295663032
35796191	0.0016044544271365
35800990	0.0271408676528541
35804020	0.00282341164805482
35804611	0.0015951445670861
35804621	0.00209245678096194
35810261	0.0032101741360963
35813151	0.00292308260721564
35813680	0.00251395380663666
35817140	0.00255444035847986
35819170	0.00923652949354279
35819460	0.0015951445670861
35820341	0.00155237400725456
35823801	0.00691890270972878
35826100	0.0015951445670861
35827860	0.0062047926116934
35829420	0.00156096868154157
35830401	0.0113989030469627
35834480	0.0175235466458106
35843610	0.00253664691040702
35843781	0.00186744913645026
35844280	0.00259504311781957
35844881	0.0018655808953119
35845410	0.00364763560578892
35845530	0.00244355857696227
35845810	0.00236220195812258
35845940	0.00163341839173802
35846131	0.00180215193271313
35846681	0.00414556672901767
35860570	0.00245427352632421
35860611	0.0032771551589706
35860731	0.00591586622413649
35861431	0.00155553736144322
35868590	0.00343843041921332
35868850	0.0146114722219647
35869311	0.00155237400725456
35877240	0.00527542970590826
35877940	0.00257621467927298
35878801	0.00234569763538334
35882671	0.0273713394341003
35884130	0.00223370364981126
35886930	0.0015951445670861
35888061	0.0033147129361572
35891750	0.00180775796260649
35893291	0.00269689627626062
35894210	0.00160731506519144
35894780	0.0119982434657693
35904820	0.0025638779275916
35909120	0.00195953316133172
35912191	0.00234650874634444
35912990	0.00512485052243843
35917240	0.00681089955669445
35921991	0.00181738462028508
35931860	0.00326682324590897
35932830	0.00155237400725456
35940191	0.0015951445670861
35943990	0.0132477898760155
35949400	0.00155237400725456
35956311	0.00688421834212273
35957421	0.00191589393952214
35958811	0.00675145413193211
35962360	0.00227081603165741
35964871	0.00627296096845512
35967170	0.00162907245942165
35968020	0.0608622011595387
35968430	0.0107607166418645
35973930	0.00263719726758827
35975491	0.0322947817279593
35975781	0.00386375524295176
35977110	0.00190729959573759
35978640	0.00156492173366445
35981821	0.0133090217725711
35988850	0.0133064985030106
35989131	0.0015951445670861
35990920	0.00226282198646121
35993810	0.0135046353283225
35995730	0.00259767354536641
35996591	0.00338358214975892
36005910	0.00244661451456532
36007180	0.0240524984604089
36009220	0.00248739588758918
36021950	0.0390348870259815
36022480	0.00257398570503493
36031180	0.0168942252735616
36032031	0.00289678010649361
36033660	0.00935733697660081
36035221	0.153204131207298
36042630	0.00163674662360652
36043980	0.00270220490985273
36046770	0.00323391844199999
36053220	0.0223559730090572
36055761	0.0035017264760864
36056731	0.00423852669263654
36059980	0.00196012270286527
36060400	0.00209065855627704
36060800	0.00320261174986731
36061120	0.00155237400725456
36061210	0.00161790414290756
36061910	0.00272147306666132
36062890	0.00163341839173802
36064810	0.00290995373875641
36065370	0.00354784819870495
36065561	0.0102670092971958
36065701	0.00158602379144527
36066620	0.00188769303939587
36066801	0.0055602813970703
36069401	0.137488249234271
36073121	0.00316848272116532
36075211	0.00461869774122109
36076441	0.00156890846419704
36077220	0.00500531724122143
36079150	0.00172872002086241
36083010	0.00170075014128097
36085671	0.00155237400725456
36089100	0.00817108864550545
36091290	0.00312531996417632
36091690	0.0115884587764264
36092130	0.00202877773303601
36092540	0.00507071604644792
36093671	0.0015777681318045
36095580	0.0314775053921012
36096120	0.00357775892435574
36097650	0.0274823090080194
36099440	0.00501537015048536
36102361	0.00190348319792127
36102610	0.00693215287809559
36102730	0.00175073523336309
36107211	0.00157564775798734
36108930	0.00162399225448086
36110651	0.0020792909494853
36112960	0.147778519916588
36113900	0.0145128683800488
36119351	0.00170950352351973
36119741	0.00879881666792994
36120431	0.0202781456368438
36125391	0.00155237400725456
36126921	0.12852874365186
36127450	0.0372893378651304
36127550	0.00466161137717414
36133360	0.0015951445670861
36133401	0.00157799765883384
36134490	0.00157575414547598
36134931	0.0165939467466592
36137380	0.0473278518283482
36137630	0.00284925566258158
36139191	0.0015951445670861
36140301	0.0015951445670861
36141811	0.0015951445670861
36142081	0.0073259694632969
36142330	0.0015951445670861
36143071	0.00279280265882114
36144530	0.00204476954785915
36144660	0.0015951445670861
36146720	0.00192371314088185
36147601	0.0483300893155647
36149770	0.00155237400725456
36150470	0.00262261740675233
36151020	0.0015951445670861
36152400	0.0015951445670861
36153370	0.00184159832852294
36153930	0.00155553736144322
36155751	0.00180676244299799
36156270	0.00257454929406144
36156571	0.00911353476932958
36157070	0.0015842860020072
36160571	0.00177498681206502
36162781	0.0015951445670861
36163731	0.00170016787377001
36167051	0.0122196075015435
36170880	0.00171509566014017
36176240	0.00209823069070894
36176410	0.00366875396479453
36176800	0.0015951445670861
36177121	0.00177814113625461
36177200	0.0015951445670861
36177391	0.00614876182226809
36177770	0.0018732894765179
36177890	0.00285463702596399
36177910	0.00290277910932241
36180581	0.00182053544562139
36182300	0.00155237400725456
36183310	0.0167718637286219
36186791	0.0128248670246704
36187341	0.00615714123084244
36187741	0.0015951445670861
36188281	0.00155237400725456
36190440	0.00395854424333558
36192950	0.00158366727735041
36195420	0.0015951445670861
36195601	0.00158779241557088
36200130	0.0031992743574685
36201131	0.00317115804107083
36201801	0.00282608929838438
36205951	0.00347317771073438
36206710	0.0633977843384238
36211550	0.00466548203373936
36214870	0.00161136124033963
36215290	0.00450697819771343
36215700	0.00247937230055703
36215881	0.0059062317531926
36215970	0.0023547654464259
36216011	0.00567361216705971
36216400	0.00155237400725456
36220090	0.00441341091167432
36220540	0.00173816112997251
36222990	0.00260472174362802
36226621	0.00378203656384951
36232540	0.0528139542175104
36236291	0.00322062631403355
36238921	0.00346623553157224
36239030	0.0015951445670861
36239181	0.0015951445670861
36241951	0.0108981912212021
36242460	0.0028337687279442
36246720	0.00473276782928486
36251560	0.0015951445670861
36251741	0.00156492173366445
36251861	0.0015951445670861
36252100	0.00155237400725456
36253750	0.00187806795970218
36254781	0.00265266721014795
36254980	0.00164985553605912
36255031	0.00163439007917423
36258641	0.00635982740165896
36259881	0.00432794742438115
36260390	0.00155237400725456
36263400	0.00165049716593157
36266921	0.00210933417900668
36272831	0.00156831331110559
36273330	0.00164518145876052
36277541	0.00167841810943362
36277941	0.0015951445670861
36278470	0.00906753656289788
36281080	0.00162263144843689
36281330	0.0037824517075763
36281470	0.00159097005191146
36281770	0.00155237400725456
36282081	0.00161136124033963
36284551	0.00179125591282492
36284851	0.00172684401029441
36287120	0.00341910606139565
36287300	0.00161227503833834
36288260	0.00942193685053243
36288520	0.00204476954785915
36289610	0.00187590487889728
36289671	0.13195231060823
36289931	0.0015951445670861
36290440	0.00155237400725456
36291031	0.0271538925768498
36291270	0.0015951445670861
36292510	0.00835825359609087
36294211	0.00481267152703989
36296431	0.00163178067517755
36296660	0.00767989795114616
36297511	0.00426004333083583
36298201	0.00215507418852381
36298580	0.00306025792070746
36300380	0.00690916159607251
36300800	0.00175912713776687
36301780	0.00526341313681019
36305511	0.0015951445670861
36305890	0.0256698114412013
36306361	0.00299894092802706
36308780	0.00561620454623012
36309640	0.00625555883715354
36310720	0.0015951445670861
36311700	0.00191574860798136
36313121	0.00459216143894784
36313511	0.00155237400725456
36315700	0.00248632994907778
36316151	0.00275201712183729
36316271	0.0101538603418922
36317210	0.00193559151072874
36318320	0.00165616966080279
36321251	0.00280140620996985
36321371	0.00325758022624575
36324630	0.0104868890789364
36327110	0.00168981180838572
36330570	0.00191336921948766
36332841	0.0853005533176882
36333320	0.00165371797742544
36333760	0.00258214877225359
36336431	0.0384275592369781
36338611	0.0188713566369794
36339441	0.00169833809990558
36346010	0.00968194777646807
36346460	0.00615622963903984
36346970	0.00163089881308802
36347130	0.00229615161174756
36347311	0.00710955854834625
36347591	0.00155237400725456
36348281	0.00194132243853294
36351021	0.00236275550975687
36353371	0.00627133944019639
36354850	0.00196517476455084
36354870	0.00357371375242636
36356220	0.00210108175726046
36356230	0.010366094487356
36357890	0.00174165304702187
36357921	0.00155237400725456
36357931	0.00195792505698751
36358030	0.0236939366082022
36361180	0.00234569763538334
36365921	0.00362553102442545
36367290	0.00296121737653611
36371670	0.00417734434778833
36372940	0.00221432864458915
36374720	0.0251380887969089
36377101	0.00285093440568438
36377620	0.0015951445670861
36378590	0.00159173420643035
36379871	0.00155237400725456
36381361	0.00842752164647117
36382310	0.00161790414290756
36383000	0.00155237400725456
36383311	0.00679556994994756
36386420	0.00280150980356208
36388220	0.00181140051680439
36388230	0.0241223500738465
36388630	0.0015951445670861
36390191	0.00244341115538392
36390970	0.00257082244125382
36391270	0.00186792924858643
36394061	0.0429212667517764
36394611	0.036548058185364
36398140	0.00931260650278828
36398850	0.00173259325452057
36399960	0.00171962607008672
36400940	0.00155237400725456
36401490	0.00825754026611786
36402560	0.00288779934840092
36403380	0.027519061419277
36404831	0.00155237400725456
36406071	0.00183587742504504
36407660	0.0029789042665373
36408090	0.00161227503833834
36408261	0.00156096868154157
36408770	0.00171986130721864
36411841	0.0015730297093444
36412531	0.00156970651349801
36413330	0.00202756886751774
36413641	0.00217982118386563
36414970	0.00161636844780264
36416271	0.00155237400725456
36417730	0.00173513934226526
36418440	0.00350546855038325
36418850	0.00616575455325372
36418970	0.00187981845847031
36422300	0.0156782627503512
36422980	0.00161227503833834
36427110	0.00327823080172483
36428811	0.0282293424472161
36429771	0.0509084923434422
36430751	0.100878396375595
36431280	0.00308111803375403
36433040	0.00156970651349801
36434201	0.00490711947652562
36435571	0.00161110949403304
36436370	0.00448454984004341
36436811	0.00155237400725456
36437730	0.0023042356183116
36437781	0.00466667932066498
36438300	0.00156096868154157
36438310	0.00155553736144322
36441200	0.00167189690735206
36442590	0.00389363718473664
36448500	0.00254308822170851
36449320	0.00175647657046427
36449460	0.0107335078299857
36450850	0.00159462776645277
36452141	0.00172886243771796
36453030	0.00199847722556371
36454820	0.0150694201540083
36454990	0.00156241468314722
36456070	0.00156096868154157
36459120	0.00155237400725456
36461870	0.00663085829595178
36461911	0.0016397194642947
36464941	0.0369578374114077
36465310	0.0047441928780602
36466840	0.00174443670799514
36469890	0.00280551102606165
36470150	0.00244661451456532
36472251	0.00327769521821611
36472821	0.00174612628890125
36472941	0.013206901381078
36474960	0.00315752770459146
36475421	0.00548978565351509
36476500	0.00155237400725456
36476920	0.00326284096533772
36478191	0.00196920573707517
36480220	0.00204476954785915
36481040	0.0120685393983953
36481170	0.0354912129174785
36482690	0.00162457602438133
36483670	0.00155237400725456
36483861	0.0015951445670861
36484100	0.00161790414290756
36484240	0.00155237400725456
36485990	0.00425446546125815
36486881	0.00907125625351372
36487960	0.00272873899336825
36489470	0.00156492173366445
36490310	0.00286262209217432
36490410	0.0150789174061642
36494191	0.0225748446157392
36495100	0.00155237400725456
36496251	0.14285214745593
36497610	0.00257002288576462
36500210	0.0032814199922199
36502891	0.00162580197664495
36506690	0.00334435981810979
36513030	0.00164458243604081
36515510	0.00158348298842786
36515670	0.00155237400725456
36522570	0.00183171468628206
36523141	0.00345059214993045
36523680	0.00183017661201907
36523711	0.0015951445670861
36524090	0.00540685118633456
36524770	0.0016121338410523
36525091	0.00155237400725456
36525361	0.00301603108003065
36526181	0.00155553736144322
36527551	0.132309884513012
36529501	0.00878316869559376
36529720	0.00156949447484686
36532531	0.0147532479652935
36534440	0.00182802354596161
36534540	0.00327147965467092
36534731	0.00188530959844596
36534970	0.00773258012729862
36535291	0.025216350119321
36535441	0.00155237400725456
36535510	0.00196900957495887
36535820	0.00343810187235772
36538440	0.00354804906137893
36540801	0.00226843790862737
36543411	0.00238916350102056
36546130	0.0269598800797065
36546560	0.00838182828592291
36547390	0.00253403214368419
36548090	0.00323873560236148
36549030	0.00156492173366445
36549200	0.00303300101916248
36549501	0.00366477943964834
36552200	0.0015569101408339
36552620	0.00289465348985618
36552801	0.00391745572726409
36554430	0.00387623340951366
36555151	0.00155237400725456
36555551	0.00159613549063898
36555640	0.00446561779296253
36558540	0.00155237400725456
36559250	0.00155237400725456
36559520	0.00539989714488233
36562950	0.174515723473019
36564760	0.0539599894353707
36565351	0.0114130853773018
36567220	0.0015951445670861
36568500	0.0130258308168143
36568511	0.00461905479104464
36575260	0.00304028523789404
36575981	0.00172684868939447
36576371	0.00466721790771813
36577211	0.173057890933885
36577341	0.00156492173366445
36580521	0.00245299838219124
36583681	0.00277022689963906
36585730	0.00206660868355816
36585891	0.00185875684941643
36585990	0.00487581583079607
36586120	0.00178295293630748
36588050	0.00266399669431488
36588090	0.00155237400725456
36588121	0.00155237400725456
36589330	0.00269188758098444
36591701	0.00274591948558003
36592791	0.00173206525268143
36593351	0.00855889993996695
36594970	0.00229657071682196
36601351	0.00178580703768458
36602140	0.00193913202371931
36603500	0.00229884726933789
36604470	0.00422327750883565
36607670	0.00313474474691999
36608111	0.00156096868154157
36608500	0.00251528640960984
36608600	0.00561526980817814
36609720	0.00414965231958364
36610581	0.00179859245817098
36613071	0.0015951445670861
36613860	0.0015951445670861
36619090	0.00687743611788786
36620241	0.00155237400725456
36620921	0.503774135798308
36622560	0.00155237400725456
36623390	0.00739574849752467
36625491	0.00966185939594261
36628220	0.00178127264219679
36630940	0.00706652031794191
36632900	0.00187981845847031
36633320	0.00278659383936154
36634110	0.00616484908723655
36637050	0.00793422272909951
36637341	0.0015951445670861
36638321	0.00162811216154304
36638430	0.00297908285045877
36640360	0.00161227503833834
36642010	0.00292402720730142
36643141	0.00167603087550928
36643790	0.00161790414290756
36644101	0.00265349317600999
36646171	0.00189631678230829
36646601	0.0187201807671673
36647681	0.00156890846419704
36647800	0.00606711674473443
36647971	0.0015951445670861
36648610	0.00184826040447082
36652941	0.00224282189044136
36653430	0.00395256748245144
36654021	0.00163167753974942
36654721	0.00218353284820641
36657201	0.0218913197398786
36661351	0.00169222857959993
36662290	0.601800119781592
36662721	0.0148661764319535
36666260	0.00575596481300078
36667630	0.00155237400725456
36671240	0.00439416234907754
36671250	0.00519660650722609
36677201	0.0105287790702655
36679131	0.00486548389471958
36682550	0.00222237946254683
36684470	0.00567816904973627
36685440	0.0015951445670861
36685491	0.00217801649115686
36689980	0.0015951445670861
36690660	0.00171109211387558
36693761	0.0015951445670861
36693850	0.00230147031960107
36694120	0.0299976099939508
36694591	0.00161790414290756
36694731	0.00179696605493768
36697450	0.00170171481025294
36697471	0.00227673680912019
36698280	0.0015951445670861
36698560	0.0162630431146603
36700180	0.00195089992872691
36706571	0.0225246664730011
36706841	0.00171734590023545
36712771	0.00220630084977106
36717191	0.00155237400725456
36717201	0.00159839697099091
36720450	0.00155553736144322
36720750	0.24384850121313
36721751	0.00394887139995327
36722701	0.00575313830455518
36722981	0.00308578700493675
36723080	0.00267140217990052
36723520	0.00157604308015066
36724241	0.00155237400725456
36726151	0.00170351971053687
36726520	0.00211137431439027
36727070	0.00336068067185926
36727401	0.0209174113968036
36727941	0.0015951445670861
36728921	0.00169915397471789
36730140	0.00250636825985859
36730660	0.00181762939020122
36732060	0.0212729925835437
36734110	0.00362109275377313
36734670	0.00282341164805482
36736880	0.00155237400725456
36739370	0.0015951445670861
36739490	0.00236578263648707
36739520	0.00210834377237264
36741150	0.00643562570716504
36741160	0.00242893341325729
36741560	0.00159986113824424
36742581	0.239600223933048
36742810	0.00253123354836689
36743691	0.0162411779272545
36744740	0.00155237400725456
36746410	0.00899530315687912
36751510	0.0026588771745605
36752921	0.00169021771164236
36753140	0.00198424703806957
36754311	0.0015951445670861
36754650	0.00689450211880004
36756210	0.00397333908426824
36756320	0.00155237400725456
36756491	0.0117548755849154
36757700	0.00161946470570261
36758291	0.00156492173366445
36758981	0.00165324451269891
36759661	0.00157753162078369
36760590	0.00155237400725456
36760931	0.0456681685256642
36763801	0.0018329349843593
36771521	0.00588538498834423
36773051	0.00380530355058371
36778171	0.0017697247531099
36780081	0.0015951445670861
36780101	0.0015951445670861
36780330	0.00314624159428215
36780730	0.00267744110850465
36780750	0.191240265838952
36780781	0.0394401345976514
36781181	0.00156096868154157
36782960	0.00181817361614883
36784761	0.00337400302184493
36786031	0.00265705961209803
36788060	0.0016540312716292
36788081	0.0593462562790201
36788761	0.00213326390692554
36790571	0.0235234099924026
36790711	0.00407861943968553
36792371	0.00902500498268083
36792511	0.00242092620181741
36794940	0.00360589399744669
36794960	0.00201266569604219
36795780	0.00190526297276624
36796081	0.00256838956147635
36802530	0.00155237400725456
36802640	0.0300865521582234
36804580	0.00155237400725456
36804621	0.00155237400725456
36806100	0.0017355941366707
36806370	0.00196872132576241
36807640	0.00318500887183838
36811681	0.0023543816202324
36811780	0.00363230144402171
36813020	0.0015951445670861
36813741	0.0201012970777352
36814100	0.00198014245331906
36817020	0.00225839559210766
36817570	0.00215969392831019
36817891	0.00510557703482734
36823251	0.00487450391836758
36823490	0.00390474853962293
36823890	0.00157753162078369
36824450	0.00283445261952295
36824750	0.00155237400725456
36824850	0.00272081417960885
36825601	0.0016749790602589
36826130	0.0017424496417546
36828761	0.00258668183253803
36828890	0.00200739118663475
36829120	0.180735353744998
36832470	0.00208761895464386
36833471	0.0106617670452598
36833690	0.0828676092268604
36834141	0.00186275169483668
36834400	0.0115703207701488
36835080	0.0015951445670861
36835941	0.526630104182338
36838141	0.00341454162737462
36841980	0.00306581134041191
36842130	0.00212016359513296
36845471	0.00199494841918611
36846640	0.00155237400725456
36846780	0.0015951445670861
36846961	0.0015817940595056
36847910	0.00238670183502599
36848170	0.00246122403116935
36853010	0.00179571683630139
36853300	0.17720715173893
36854250	0.00155237400725456
36855770	0.00186521346142302
36858021	0.00256354226597334
36858821	0.00155237400725456
36859200	0.00335382429447229
36861721	0.00263792265771173
36862561	0.00454561227278166
36864020	0.00354457558506345
36870790	0.0349079780869789
36871381	0.0152491709967298
36871931	0.0230114225842117
36874681	0.00155237400725456
36875401	0.0107736752266731
36876880	0.00258888625175252
36879111	0.00231803940519119
36881991	0.00155237400725456
36882250	0.0331626084530947
36882711	0.0015550627241041
36885581	0.00156492173366445
36885710	0.117369312521478
36887671	0.0937352639342433
36889871	0.00456522159128756
36891350	0.00241140212279919
36892020	0.00289638564817425
36896491	0.0096059413328835
36896860	0.00155237400725456
36898001	0.00233285598480485
36899220	0.00155237400725456
36899880	0.00315336168863642
36902370	0.0122829916848787
36902411	0.00159839697099091
36903460	0.0015951445670861
36905010	0.00163308848355139
36905110	0.00227081603165741
36905970	0.00155237400725456
36910630	0.00155237400725456
36911190	0.00155237400725456
36911330	0.00156890846419704
36911620	0.00335358299567191
36911750	0.00155237400725456
36912491	0.00524397705077406
36914260	0.00155237400725456
36915740	0.00167599367023782
36916481	0.00158201751917874
36917940	0.00485958852271934
36920491	0.00169985395651236
36921110	0.00162907245942165
36921530	0.00187274393364084
36922770	0.0648685061989841
36923671	0.00155237400725456
36924491	0.00320983446536963
36929400	0.00233565341530467
36930790	0.00257567946144757
36930951	0.218303595069971
36931490	0.0054640648558759
36932221	0.0059520680303678
36932320	0.00644696569677473
36933851	0.00239641088070101
36934210	0.00992838004540695
36934920	0.0015951445670861
36935531	0.0015951445670861
36938490	0.00437256647622094
36940611	0.00325198208661314
36940621	0.0015951445670861
36941400	0.00233529289300134
36941721	0.00734690452503894
36942411	0.0308550333604018
36944720	0.00155237400725456
36946261	0.00155237400725456
36946530	0.00413465848112123
36948180	0.00383702322469977
36951060	0.00172804500037873
36951630	0.00167600819880912
36951760	0.00378662408028778
36951801	0.00169142528998702
36952010	0.00235834426185054
36952170	0.00165461770315382
36956491	0.00250662848629585
36958390	0.00277157852570649
36958920	0.00224994650377003
36959060	0.00155237400725456
36959231	0.00181723297173514
36960170	0.00250450710463563
36960310	0.00161001249557892
36960440	0.00274667739530705
36960741	0.0202580154281642
36961581	0.00155237400725456
36961830	0.00157442663172991
36964310	0.00155237400725456
36964860	0.0377920498557204
36965960	0.002635565768038
36966070	0.00251880112903283
36966630	0.0016310722041237
36969550	0.00328006102312634
36969721	0.158001117324583
36970541	0.0297346960851318
36970681	0.00403751094782947
36971801	0.00155237400725456
36972150	0.0015951445670861
36975781	0.00156890846419704
36975900	0.00202332896266623
36976741	0.00650273510699062
36979070	0.00161543845296348
36981010	0.00161844242330484
36981280	0.00709178820175433
36982630	0.00240155778170303
36983941	0.00162862497544177
36984061	0.00170255455584251
36985110	0.00267632854973527
36985841	0.00194469143381393
36986210	0.00187512765869745
36986790	0.00565153049564183
36988000	0.0179982032952109
36991470	0.00156512401636283
36992030	0.00723110540194051
36992560	0.00304951807728846
36996211	0.00162147304760553
36996341	0.0015951445670861
36996751	0.00428204106067212
36996881	0.00155553736144322
36998401	0.00270549910977911
36998900	0.00343264892097907
37002640	0.00289529401567535
37005701	0.00491487928578347
37005851	0.00223330062780752
37006110	0.0033985832568321
37007511	0.00758412401574297
37007590	0.00743825776191648
37012690	0.020950807372231
37021581	0.0035941711904366
37021981	0.00155237400725456
37024061	0.00161505113448967
37037171	0.155232611047921
37037970	0.0124729916551322
37038760	0.00657586919869832
37043320	0.00160914377827733
37045701	0.0015951445670861
37047221	0.00270700443971227
37050770	0.00570869795381074
37051361	0.0032672570154183
37051371	0.00265086197336499
37054760	0.0213363611921159
37055470	0.0015951445670861
37059880	0.00163992180398607
37062210	0.0279827355958397
37062500	0.0016158169786128
37073390	0.00591673422340712
37078121	0.00230543752999257
37080321	0.00249337638149329
37083450	0.00241114515524963
37085011	0.0776393683691488
37104540	0.00240538147688492
37104861	0.00524343193927225
37107771	0.0015951445670861
37110480	0.001649131498163
37111440	0.0015951445670861
37116270	0.0084705465600858
37120611	0.0105288010022037
37126920	0.0015951445670861
37128850	0.00803878277487588
37137151	0.00641243580158831
37140550	0.00392931893560968
37147320	0.010843724577251
37151440	0.00163089881308802
37164451	0.0023543816202324
37164820	0.0015951445670861
37172820	0.00156944749594279
37173400	0.00161338880595051
37173650	0.175279915041946
37175040	0.0203843913414291
37175150	0.00557119585702634
37178190	0.00159219735829935
37179621	0.00350254621722972
37181831	0.0041419388746386
37182391	0.0430737459384107
37183491	0.00203258962349432
37186330	0.00644132471907725
37187771	0.0137918819595473
37187901	0.00419284709670342
37188700	0.0103710892903626
37189380	0.0015951445670861
37191730	0.0028486080844317
37193141	0.00173513934226526
37193291	0.00161946470570261
37194180	0.00158898717948595
37196970	0.00308410939131728
37197841	0.00256864992833828
37201401	0.0036309616089823
37201681	0.00164398547093582
37205821	0.00197754781002009
37206620	0.00942374123761253
37211310	0.0031021419926523
37211361	0.00190050939234016
37215631	0.0698919113491792
37219600	0.00159860748902245
37221090	0.00274886644020705
37221660	0.00178385919832243
37222381	0.00218224146807768
37223020	0.00163089881308802
37224110	0.00832802845258115
37224660	0.00256400474302886
37224840	0.00160415752258067
37225120	0.00167814918691193
37225541	0.00160882209343495
37227280	0.0045881464742603
37229541	0.0015951445670861
37230060	0.0015951445670861
37230200	0.00253327212262747
37235280	0.00155237400725456
37237240	0.0060419918359693
37237360	0.00191869532303314
37237701	0.00788284815612274
37238060	0.00208317085355628
37239700	0.00280364341712302
37241110	0.00161990615344985
37242050	0.00183017661201907
37244390	0.00351655114388426
37244991	0.0200052635176916
37245530	0.00168458556511659
37245671	0.0102010651425566
37247560	0.00199039592840166
37248981	0.00328924754907043
37249261	0.00155237400725456
37249520	0.00157753162078369
37251560	0.0015951445670861
37253961	0.00169620037443164
37256400	0.00155237400725456
37260670	0.0317838963373505
37262900	0.00343162235481801
37263700	0.00207918045278185
37265100	0.00608244677290285
37265490	0.00155553736144322
37265630	0.00184748272900916
37266490	0.0015951445670861
37266630	0.0015951445670861
37266760	0.00155237400725456
37269811	0.00408817216255758
37274190	0.00356262382557681
37274801	0.0019476717013271
37276451	0.00269187218287523
37276981	0.00368065774016532
37279160	0.0343220632623227
37279481	0.0709517985187527
37280380	0.00189601605015874
37280800	0.00199447701927173
37281261	0.0051236803321211
37281531	0.0015951445670861
37281671	0.0015951445670861
37282050	0.00276712189174064
37282511	0.00289435361293352
37287730	0.00376812748653235
37288441	0.00165656219454994
37290480	0.00257184586128359
37295140	0.00358298216754027
37296420	0.00580719380112861
37296721	0.00155237400725456
37298350	0.00161790414290756
37299881	0.00367135646477827
37301080	0.00637786484467865
37303430	0.00741749522126641
37303761	0.00155237400725456
37307071	0.00186418658120689
37309510	0.00157753162078369
37311420	0.0725134668093113
37313110	0.00371693814877647
37313510	0.00329493347687502
37314781	0.00180570853493132
37315621	0.00287353340617816
37315891	0.0129851864117759
37316011	0.00162853868865659
37317961	0.00163167753974942
37321531	0.00155237400725456
37323430	0.00174568269171535
37330501	0.00156096868154157
37331720	0.01491105358672
37331871	0.0144191594784277
37334870	0.00295205775710848
37336161	0.0339605243314963
37337350	0.00526378113448073
37341681	0.0016047035104436
37342040	0.00590420960069993
37346740	0.00393751772397726
37395451	0.00279420075498315
37413241	0.00183522197862562
37416240	0.00422622707266347
37419321	0.00165764670930277
37420660	0.00230739494800694
37427980	0.0508086987897934
37430020	0.00161838318071916
37431181	0.00155237400725456
37431540	0.00155237400725456
37431550	0.00245451051501659
37432431	0.0102954046906232
37432540	0.00169458845477339
37433780	0.0038650706043119
37434631	0.0297130672445219
37435270	0.00155237400725456
37436800	0.00155237400725456
37437381	0.00163815236694984
37439051	0.00156096868154157
37444090	0.0131294194829458
37444711	0.00155237400725456
37446091	0.00390355249202752
37447041	0.00183135939093108
37447140	0.0027813920197679
37448660	0.174918466716946
37448701	0.00155237400725456
37449230	0.00156096868154157
37450600	0.00394385035252659
37451980	0.00156492173366445
37453251	0.0277228041854274
37453371	0.00156492173366445
37454440	0.00159980547865461
37457920	0.00521093663323318
37460981	0.00320772217516928
37466880	0.00441082782917134
37467280	0.00201401236925639
37471840	0.00240422316440589
37472291	0.0015951445670861
37475331	0.00155237400725456
37479881	0.00157604308015066
37483591	0.00648068320025443
37483680	0.00298592670894027
37484571	0.00259521681059946
37484701	0.00155237400725456
37486341	0.00156890846419704
37487420	0.00283837237897377
37488151	0.0237695196591641
37489210	0.00166026291019783
37489480	0.00155237400725456
37489740	0.0019470534910274
37491301	0.00335136097831301
37491540	0.0025225644596691
37492090	0.0133731692722187
37492250	0.00193727955731888
37494341	0.0015951445670861
37496831	0.00159800363816675
37501251	0.0035907572124871
37502740	0.00156890846419704
37503120	0.0425479887465446
37504220	0.00713236333033002
37505340	0.0624631745740376
37506460	0.00188388558729436
37509870	0.0152596782678385
37512780	0.00155237400725456
37513470	0.00307130630018472
37515690	0.00820516504248055
37517070	0.00244346679193783
37517251	0.00162306330246058
37519560	0.00155237400725456
37519940	0.00313532203108506
37520230	0.00419433900235374
37520380	0.0049977843849088
37524770	0.00160824195230168
37525661	0.00198224441690077
37525740	0.0123983260546869
37525880	0.00174649073526999
37526300	0.00297733322465337
37526450	0.0185269011871855
37527441	0.00283637409543149
37527540	0.0144686345544947
37528951	0.00279433093757441
37530320	0.00172317537341238
37531581	0.00302841566594565
37533111	0.00155237400725456
37533630	0.00166558591091493
37536261	0.00175020481895138
37537890	0.00298669510691862
37539591	0.00596922052070516
37541361	0.00195846662092487
37543550	0.00241698048172868
37544490	0.00157417067088697
37545340	0.00317053621876919
37546491	0.00194452640932904
37549610	0.00254107849286638
37551441	0.00155553736144322
37553620	0.00155553736144322
37555181	0.00325321523827233
37556800	0.00186072858907921
37558901	0.00162710925714171
37565661	0.00156096868154157
37565911	0.00195057607485995
37569460	0.00172405875161907
37569661	0.00161268769980449
37576100	0.00346090513524984
37577210	0.0209212640730145
37577931	0.00233467486940252
37585170	0.00384679931737967
37585190	0.00317451551305495
37587311	0.00530271614007996
37588541	0.00155237400725456
37588811	0.00380411742615547
37589330	0.00445049645834702
37594321	0.00156890846419704
37594570	0.0015951445670861
37594590	0.00161636844780264
37594720	0.0015951445670861
37598040	0.0689411774158017
37599031	0.00207487765482025
37601371	0.0016338323439174
37601580	0.00157552696807445
37601590	0.00543887881370737
37602980	0.0016963287842628
37604340	0.00449499820095034
37604660	0.00252372215783323
37605330	0.00156096868154157
37605460	0.00155237400725456
37605631	0.0110049354031296
37607571	0.0938791353800882
37609600	0.00243265511457375
37614150	0.00170024450493101
37621310	0.00157575414547598
37622010	0.00492493541625326
37622741	0.00177296010360251
37623291	0.0119872486119186
37623960	0.0125282214098367
37624630	0.00187983661224464
37624811	0.00818575312075383
37626601	0.00562547410641601
37626621	0.00475436704915235
37627670	0.00155237400725456
37628111	0.0208994315033605
37631031	0.00234569763538334
37632681	0.010617514736186
37632811	0.00271885849612847
37632890	0.00155237400725456
37639370	0.00161338880595051
37639650	0.00273643211795953
37641620	0.00597036929485868
37643281	0.00156970651349801
37646020	0.010101673795353
37649750	0.00210833911789562
37651441	0.00184220249398893
37653460	0.00903501873648479
37655920	0.0015569101408339
37657200	0.00156890846419704
37658440	0.00190484661373702
37659100	0.00161136124033963
37663971	0.0212169325560701
37667991	0.00902245893401162
37668340	0.00204387378085141
37670170	0.00765251013342618
37672790	0.00190211421409738
37674341	0.0036922314772153
37677371	0.00163553824814998
37678010	0.0016142515521496
37678150	0.00155237400725456
37680330	0.00161946470570261
37680381	0.00156492173366445
37682990	0.0015951445670861
37685300	0.0017900653844409
37685460	0.00251233894000106
37686881	0.00163341839173802
37687301	0.00207886405985307
37688760	0.00227081603165741
37689610	0.00155237400725456
37692350	0.00163318288360063
37693570	0.00155237400725456
37694471	0.00156944749594279
37695011	0.00161636844780264
37695260	0.00155237400725456
37696541	0.0131645691307474
37697911	0.0015951445670861
37698741	0.00178948242985617
37699800	0.00155237400725456
37699920	0.00213374904720784
37700490	0.00702625846132758
37700671	0.00222150289350216
37700890	0.0015951445670861
37701211	0.00241996931162387
37701501	0.00157753162078369
37702321	0.0175379199725196
37703680	0.00157846589712541
37703950	0.0015951445670861
37704610	0.00155237400725456
37705050	0.00266860219482032
37706840	0.0015951445670861
37707530	0.00155237400725456
37710611	0.0025225644596691
37712651	0.00155237400725456
37714010	0.00155237400725456
37714051	0.00170255455584251
37714741	0.00156492173366445
37716500	0.00160546143595618
37716880	0.00523353572544798
37719851	0.0015951445670861
37720780	0.00792697402825567
37721631	0.00192105995058551
37723240	0.00155237400725456
37723411	0.00806839434910381
37723561	0.00196440209014474
37724801	0.00306285007819925
37724951	0.00214021374744421
37727230	0.0295435902103595
37727250	0.00269579208717839
37730611	0.0164640855063593
37733570	0.00369720171252814
37734290	0.00156492173366445
37736080	0.00169483328349364
37736190	0.00942962480625328
37737710	0.00163805955957146
37739411	0.00499793960200867
37741050	0.00171306875715338
37741751	0.010894000600607
37742550	0.0124828801905649
37742710	0.00186187446119552
37744880	0.014391919334861
37746031	0.00279149185917609
37748671	0.00156241468314722
37752791	0.00162710925714171
37753020	0.00178262643603895
37754970	0.00261601100103253
37756070	0.00155237400725456
37756921	0.00161136124033963
37757710	0.00257818701355573
37758311	0.0464472837287264
37759630	0.00366287213302681
37759930	0.0015951445670861
37761730	0.010166193639724
37762420	0.00156492173366445
37763271	0.0615734199145965
37763650	0.00407503801467085
37764210	0.477434766493358
37767110	0.010205249656626
37770250	0.00733870426782648
37770570	0.00165753234565649
37770731	0.0113357507710398
37770970	0.00255001201802575
37771390	0.0552855551175276
37774940	0.00197398367133109
37776080	0.0020337146756904
37777020	0.00370669336538097
37778120	0.00155237400725456
37778161	0.00156492173366445
37779971	0.00342612651767412
37780880	0.0015951445670861
37781450	0.0049004802549152
37784210	0.0308957346883099
37784931	0.0107141208096347
37788640	0.00156944749594279
37788811	0.00200692923428404
37791561	0.0029392221247529
37793300	0.00177182351135663
37794181	0.0026706073793474
37795681	0.00209360078519948
37796231	0.00345404712864323
37799401	0.0015951445670861
37805081	0.00553600083491778
37807800	0.0018464374522893
37812111	0.00630699627285514
37814731	0.00155553736144322
37816320	0.00274591948558003
37817570	0.00196424788246534
37817911	0.00587274951075039
37819151	0.0139170010596031
37819220	0.00301661169084688
37820320	0.0332728322205751
37821030	0.00434608537388926
37821290	0.00162578707023025
37821430	0.00340344624156602
37823261	0.00158310317738929
37823670	0.00155237400725456
37824350	0.0039983216092333
37824381	0.00158348298842786
37824490	0.00570115833573546
37825280	0.0015951445670861
37825351	0.00181990321284131
37825481	0.00155237400725456
37827131	0.00627489853762075
37827261	0.0025208280291326
37827681	0.00184754533020497
37827790	0.0043375786458019
37828391	0.145804238990243
37828511	0.00221782293372723
37828730	0.0197500898188834
37829741	0.0036032161632852
37830171	0.00350317935363297
37832210	0.001749169266494
37833720	0.00456455181341932
37833980	0.00393149003920726
37839141	0.001765568335158
37839900	0.0023543816202324
37840200	0.00280769738558272
37841211	0.00382333200205687
37841280	0.00155237400725456
37842690	0.00155553736144322
37845481	0.19565516066116
37846520	0.00155237400725456
37847141	0.00155237400725456
37848511	0.00466815262305807
37849040	0.00181762939020122
37849440	0.00344185033578315
37852101	0.00156970651349801
37854161	0.0149141067201547
37854660	0.0111227580137634
37857580	0.0015951445670861
37857970	0.00335336798440513
37858591	0.00193130623200852
37861010	0.00178094011413185
37861471	0.00283073968518559
37863790	0.00315635019625363
37864880	0.00238805781719561
37864921	0.00599056338783725
37866871	0.00424780996997891
37867271	0.00188329495510096
37867401	0.00182989149706412
37867821	0.00197754781002009
37868511	0.00317357878348683
37869611	0.0204661526090301
37871271	0.0126142824792704
37872330	0.00195436637188468
37876860	0.00170255455584251
37877040	0.00261549949025515
37877280	0.00272873899336825
37878930	0.00161227503833834
37879281	0.00282341164805482
37879520	0.00235049035074203
37881560	0.00159769547950879
37882031	0.011397975717155
37883210	0.005138696491464
37884740	0.0564899107290964
37885621	0.00202931518819472
37888030	0.00300829841812434
37888590	0.00248864205490038
37889191	0.0315884058394477
37890250	0.00169644134688847
37890380	0.0015951445670861
37890820	0.0017525930311951
37891821	0.00162377516790656
37891941	0.00360800925019519
37892070	0.00179563606898351
37892661	0.0015951445670861
37895271	0.00271007076817646
37896740	0.00164110472112564
37898851	0.00186475056875535
37900210	0.00185181594510886
37902820	0.00205947114724566
37903271	0.00337946226459236
37904070	0.00167986460901313
37905570	0.00156492173366445
37906790	0.00161227503833834
37909010	0.0015951445670861
37909150	0.00155237400725456
37912081	0.00155237400725456
37912740	0.0019785577952141
37913051	0.00155237400725456
37914410	0.0032308706471134
37914841	0.00175037084372489
37915090	0.00377876672487276
37920320	0.00284308640751627
37920330	0.00741740183456112
37920651	0.00541602398797936
37921041	0.00267460656706918
37921570	0.00155237400725456
37922291	0.187336592429104
37922830	0.00155237400725456
37922930	0.00186390599059347
37923500	0.00155237400725456
37923770	0.00605617028011158
37924791	0.0195170966949238
37925840	0.00192083101193101
37926981	0.00183682682546153
37927811	0.00240155778170303
37927890	0.00395291890746792
37928050	0.00159710380446657
37928720	0.0030777013457696
37929191	0.00289256875577047
37930380	0.00249251111113411
37931230	0.00874556277475359
37931750	0.0178021479915647
37937051	0.00280245758774425
37941000	0.00226210563388323
37941010	0.00155237400725456
37941140	0.00155237400725456
37941181	0.0015951445670861
37941481	0.0129186950089766
37941891	0.00163308848355139
37944340	0.00264259543267945
37944491	0.00618199650121484
37944921	0.00155237400725456
37944990	0.00178100218159171
37945700	0.00171825950513339
37946660	0.00155237400725456
37947240	0.00201836518952008
37947801	0.0016274882065039
37948361	0.00173957266582851
37948460	0.00159456948129079
37953410	0.00239781240038026
37953580	0.00182827434079744
37956491	0.00155237400725456
37957860	0.00155237400725456
37960060	0.00161790414290756
37961430	0.319398157734669
37961471	0.00204575138942118
37962441	0.00155237400725456
37963330	0.00161227503833834
37965170	0.0978286535521584
37965591	0.00505765469569157
37969540	0.002532254110197
37970090	0.00376232370162471
37971230	0.00238116576210809
37973030	0.00176110933605089
37974260	0.00713003054212214
37977751	0.00161170512556339
37979821	0.00403596095410686
37981861	0.0021671186853905
37981950	0.00237603659221434
37982130	0.00241235072045649
37982790	0.0137214930674674
37983330	0.0148244155864942
37985140	0.00155553736144322
37986410	0.00155237400725456
37988081	0.00572289018720817
37989130	0.00600034442549482
37992351	0.00227081603165741
37993140	0.0026418544619965
37995880	0.00174870563344092
37996180	0.00258052596103226
37996880	0.00376015451415368
37997130	0.00351405286969812
37997191	0.00208653618788604
37997300	0.00158074615880211
38000020	0.00179252830090593
38000190	0.00156096868154157
38002141	0.00157753162078369
38004231	0.00167841810943362
38004501	0.00158602379144527
38005440	0.0152647111097866
38008600	0.00360638545142776
38009430	0.00163341839173802
38009591	0.0100641525176435
38010360	0.00227081603165741
38013611	0.00184315546245503
38014561	0.0015951445670861
38014810	0.00289580301236018
38014971	0.0015951445670861
38015121	0.00198503109499087
38016050	0.00155237400725456
38016160	0.00319993002492614
38016330	0.00207328117377024
38016450	0.00296526353289435
38016491	0.00166181757218622
38017120	0.00157575414547598
38017270	0.00694193373544583
38018800	0.00158898717948595
38019490	0.00289598126131121
38019610	0.00263484765424261
38022301	0.00201115970454882
38023241	0.00361504618555747
38024160	0.00442378085450187
38028850	0.23496369269314
38032221	0.00221619494096996
38033871	0.00364233483846857
38034100	0.00267984091337358
38034400	0.524374414841014
38034950	0.00250467389714459
38035251	0.00902290700856135
38037010	0.00156096868154157
38038220	0.0194003711136369
38040880	0.00351089742523012
38041000	0.00238852515325117
38041031	0.00469175414258608
38043651	0.00239530242935174
38044300	0.00155237400725456
38044450	0.00157096948346085
38044860	0.00170028342911251
38045991	0.0746553043039144
38046971	0.00529503137417292
38048361	0.00237680880511308
38050831	0.0426060346702041
38051630	0.00354551581899694
38052030	0.00155237400725456
38052150	0.00411025656403215
38052850	0.00181762939020122
38052891	0.00263878284466817
38055651	0.0146586794328849
38056211	0.00155237400725456
38058131	0.0191464770701672
38061991	0.0156777294603033
38063470	0.0875931911862675
38064310	0.0928587385018782
38065461	0.0015951445670861
38065940	0.00183274765977296
38066520	0.0028957206197957
38066650	0.00183299068173485
38069000	0.00245412573861654
38069010	0.0050420929187929
38071490	0.0023543816202324
38072320	0.00155237400725456
38072700	0.0015951445670861
38072880	0.00160540748339551
38073150	0.0015951445670861
38074490	0.00335523369395044
38074940	0.00161227503833834
38077441	0.00174602619764486
38078650	0.00395673503457026
38080150	0.00161790414290756
38081741	0.00970870711086724
38082240	0.00155237400725456
38083531	0.00315517644661513
38084351	0.00592416611233732
38084430	0.00196153701591227
38084730	0.442653564985456
38086681	0.00156944749594279
38087360	0.140823104117348
38089110	0.00155237400725456
38091040	0.00681115097662698
38091330	0.00434059169746477
38092761	0.0840863686450636
38097840	0.00176177721312615
38098110	0.00341380492596401
38098541	0.00155237400725456
38098831	0.00155237400725456
38101321	0.00180363346587951
38102390	0.0015951445670861
38104860	0.00155237400725456
38110670	0.0015951445670861
38110800	0.00863831082346383
38115330	0.00365171513166955
38115371	0.0144613266493881
38115460	0.00171986130721864
38117591	0.0125980510207448
38120071	0.00279532860446665
38124481	0.00182525082086452
38125000	0.0015951445670861
38127521	0.00220624064781293
38133550	0.0242144252834514
38137321	0.00427377940822396
38138520	0.0016047035104436
38138940	0.00177273628098821
38141970	0.0268058916725777
38142900	0.0804143060134105
38143080	0.00157966694818515
38149571	0.00242393933933845
38151771	0.00175037084372489
38152290	0.00155553736144322
38153550	0.00243177284754649
38153851	0.00414842886440327
38154401	0.0015951445670861
38157140	0.00301520844046892
38157270	0.00341889548035087
38159880	0.00410888200917973
38163381	0.00833829303647134
38163781	0.00260619743592304
38164310	0.00156096868154157
38165250	0.0100286933947203
38165400	0.00155237400725456
38166131	0.00419795575756502
38167361	0.00242830501503786
38169930	0.00936795121353797
38172700	0.0018719010033765
38173311	0.00156944749594279
38173940	0.00675623320524408
38174790	0.00388096941570446
38176410	0.00291248572479522
38176461	0.00262043515844493
38176970	0.0255588771191136
38177530	0.00155237400725456
38177670	0.00525455014702468
38178001	0.226432163659479
38180201	0.00157575414547598
38181021	0.00587294614765547
38181140	0.00199163440394246
38183381	0.0100726862680874
38183870	0.00155553736144322
38185451	0.00157753162078369
38188560	0.00239868053142858
38188570	0.00280744194702114
38188611	0.0016402049506931
38190261	0.00155237400725456
38190801	0.00187274393364084
38193800	0.00155553736144322
38194671	0.00277782102775266
38196130	0.0046431939280229
38199210	0.00274340679395859
38200071	0.00345014987479438
38204751	0.00155237400725456
38204860	0.00166965506139564
38206681	0.00156096868154157
38206920	0.0831213054403654
38207030	0.00183281350689753
38208560	0.00155237400725456
38210801	0.009735209366515
38212321	0.00211257106826518
38214500	0.00367787160254637
38215440	0.00250453204742779
38216820	0.00211151927585373
38218070	0.00248831014918714
38221301	0.00155237400725456
38221841	0.00190210119614553
38223211	0.00155553736144322
38224621	0.00161227503833834
38224720	0.0752674408056549
38225410	0.00207426158442011
38227040	0.00182240292831026
38228960	0.00156492173366445
38229571	0.00264626372824797
38230401	0.00238901854696045
38230650	0.00439236030598989
38231241	0.0024922639018839
38232440	0.00170024450493101
38233000	0.00161136124033963
38235050	0.0107208424375045
38236181	0.0015951445670861
38236420	0.00239530242935174
38236990	0.02257058989004
38237380	0.00310154671981455
38245130	0.00254194856344526
38245380	0.00426429173353698
38245390	0.00184166105664334
38246900	0.00288934428734627
38248850	0.00165272848437065
38249090	0.00180570853493132
38249410	0.00256656411363366
38250131	0.00161790414290756
38251511	0.00302161547157643
38252041	0.00159710380446657
38253421	0.00156096868154157
38254271	0.00156096868154157
38255180	0.0105638177049048
38255901	0.00199571745473599
38256430	0.00361031683538242
38261820	0.0100341584382439
38262510	0.00256300674774226
38264591	0.00397236784757468
38265650	0.0027730594391047
38265991	0.00203852611207909
38267570	0.00169138713578844
38268201	0.00173633296655744
38269790	0.00212984842355915
38276331	0.00775265041199476
38277820	0.00881682184892864
38279320	0.00413393658050583
38279880	0.00461569611929647
38281281	0.00400289695402633
38281500	0.00174606287040451
38281981	0.0015842860020072
38282900	0.00156559846566682
38284540	0.0133717407316321
38285421	0.00268780489859336
38286330	0.00175744121612949
38288321	0.00170280621141739
38290111	0.00227081603165741
38292830	0.00364074855432082
38293090	0.00156970651349801
38294391	0.00156096868154157
38294681	0.0020250020464401
38297961	0.00158064826674429
38300970	0.0364540388703575
38301920	0.00361239538839195
38302090	0.00795072323876379
38302531	0.0018155596255201
38303200	0.00155237400725456
38308120	0.00240219497354814
38308410	0.00454146065496438
38309431	0.0101843529223398
38309660	0.0439163871765332
38310360	0.00186346262330577
38313910	0.00237682188390536
38316321	0.00155237400725456
38319300	0.0025627276042762
38320871	0.00161790414290756
38321971	0.00162578707023025
38324810	0.0317516817774007
38326050	0.00155553736144322
38326220	0.00156512401636283
38326661	0.0193452110225399
38327880	0.00898858858714937
38331170	0.00159922871518655
38332171	0.00172818604053264
38332881	0.00155237400725456
38333220	0.00155237400725456
38334811	0.00161110949403304
38335440	0.493837113224767
38335751	0.00289591182852448
38336840	0.0015951445670861
38338651	0.00304785028052286
38340000	0.00156096868154157
38340140	0.00155237400725456
38341670	0.0035038176336331
38343081	0.00188407705235397
38344140	0.0419225428178553
38345220	0.00475179580483316
38347761	0.0015951445670861
38348140	0.00191145236525629
38348321	0.00960837590966817
38349510	0.0119462105077888
38349630	0.00834462909455984
38350480	0.0176119879350035
38354371	0.0135202554353327
38357400	0.00155237400725456
38357790	0.00215563480780805
38358060	0.00213798175678056
38360601	0.00163076431403272
38360950	0.00385455138878063
38361291	0.00224813554404322
38362231	0.00278713794717203
38363600	0.0297546053390722
38365630	0.0015569101408339
38369431	0.0284488406491857
38370900	0.00183914904842121
38372970	0.0015951445670861
38375720	0.00246276790552822
38376120	0.0046175959136414
38376171	0.00164258856613977
38377090	0.0015951445670861
38377421	0.0215589806392041
38378080	0.00516205303761196
38379211	0.00155237400725456
38379300	0.00248280031038774
38380120	0.0030009631433542
38383860	0.00210768811650664
38384000	0.0340175486130546
38385151	0.00249857270011052
38386340	0.0108415857754416
38387290	0.00916281092307148
38388550	0.00837544307004628
38388571	0.0020206408071966
38389691	0.00284843349444466
38389981	0.00161136124033963
38390630	0.0015951445670861
38390661	0.00187981845847031
38390791	0.0100570493158103
38391030	0.00156096868154157
38392711	0.00217403758354767
38393350	0.0110088817143278
38393541	0.00649581953411081
38393780	0.00174606287040451
38394340	0.0015951445670861
38395761	0.00179014539465601
38396970	0.159032380131453
38398760	0.00227081603165741
38399160	0.00664004096953277
38403290	0.0016896865495585
38404120	0.00410474804369868
38405261	0.0728828230633428
38406870	0.0015951445670861
38407191	0.00155237400725456
38414760	0.00359348086748332
38414880	0.00238523688087508
38415471	0.00845802111782976
38416260	0.00776444305365066
38416591	0.0015951445670861
38419570	0.0015655298899166
38420260	0.021665602838488
38420690	0.00646932686547013
38424291	0.0015951445670861
38427020	0.00183017661201907
38429121	0.00156492173366445
38429131	0.00630888284134043
38429900	0.00156890846419704
38430880	0.0016142515521496
38434101	0.00156096868154157
38434620	0.00403311562710487
38434661	0.0015569101408339
38434801	0.00161136124033963
38436041	0.145069867691148
38436871	0.0015951445670861
38437281	0.0246494966533948
38443611	0.00621475827989175
38448431	0.0197459155686218
38449541	0.00252245275750497
38452270	0.00505980024836514
38457220	0.0173034707197319
38461261	0.0015951445670861
38461490	0.0237570613414065
38464311	0.00272692407349463
38465620	0.00601303997105353
38466610	0.0015951445670861
38466661	0.00182744514292673
38466880	0.00165272848437065
38467730	0.00898000957980594
38469930	0.00167841810943362
38470620	0.353652777750385
38473630	0.00876190822159111
38474381	0.00161946470570261
38476550	0.454036801656332
38477760	0.0015951445670861
38478190	0.0015636880940227
38481510	0.00155237400725456
38483611	0.0113973810091433
38483871	0.00312440558714257
38486221	0.00155237400725456
38487000	0.00156970651349801
38490081	0.0120266702803461
38490620	0.0144683169538846
38493811	0.00211721311866428
38497100	0.0107804555670919
38498050	0.00177802928938352
38500161	0.00214700756598929
38501001	0.00155237400725456
38506511	0.0015951445670861
38508250	0.00163341839173802
38517770	0.00241419590353283
38521370	0.00340401771316509
38523570	0.00290790937556223
38524110	0.00251233894000106
38524141	0.00309342650001515
38524161	0.0015730297093444
38524820	0.0042997549910662
38528151	0.00218978960038163
38528950	0.0185609645459584
38529360	0.00738968424379896
38529401	0.0174625454825717
38530330	0.00336641092324337
38531331	0.15637235570771
38531820	0.00651766010219529
38532301	0.019844476533929
38539591	0.0015951445670861
38540100	0.00268716390482953
38540650	0.00159860748902245
38541060	0.488897943630467
38542450	0.00168180046634957
38542620	0.141039440419479
38543700	0.0026654700815043
38543731	0.00594945430874426
38544031	0.0017577293848193
38546351	0.0152786552644452
38551720	0.0105144927836844
38554491	0.00181712244270145
38558340	0.0146048233749979
38560230	0.00187964017855449
38561790	0.0486872335189105
38562351	0.0017031512339704
38562600	0.0112419835193437
38565880	0.00399264939353663
38567840	0.00161136124033963
38568250	0.00156008272409754
38570081	0.072690495573074
38570570	0.00285262055357415
38575420	0.00232239024699175
38577920	0.00447385291853314
38578771	0.00308224178211237
38578850	0.00155237400725456
38579451	0.0015550627241041
38583830	0.0020986368829765
38584441	0.0360439028741934
38585121	0.00547164856131529
38586860	0.00240657946148612
38587321	0.0037229428653505
38587471	0.00394873113146724
38587611	0.00203714322728313
38590710	0.00204954030254651
38591970	0.0267406064979662
38594300	0.00159282923606101
38595270	0.00711701614496668
38597791	0.00172625782966086
38598310	0.00259191986957615
38599410	0.01963443439358
38601261	0.00183318378892493
38601640	0.00171139013254795
38602891	0.0181744658469361
38603041	0.00196120402107096
38603160	0.00705835538530819
38603440	0.00220283277786323
38603461	0.00163815236694984
38605261	0.0017581684497188
38607260	0.0123297302650405
38607871	0.0132140468234625
38608131	0.00651177912373855
38608230	0.0055113834377529
38610300	0.00159841440950664
38611260	0.00207301007305856
38611530	0.00431144385767679
38613600	0.0041845116720667
38615150	0.00317201650177301
38615670	0.0015951445670861
38619530	0.00201225429727139
38623420	0.00286319343485109
38624131	0.00175079976238841
38624821	0.0867266098734937
38624950	0.0614284642227408
38625600	0.00496635911085303
38627150	0.0335331412029698
38627290	0.0244941988073437
38627550	0.007244255708947
38628561	0.00155237400725456
38628780	0.00155553736144322
38629050	0.00163592821897438
38630030	0.00795069971329539
38630460	0.0143638090417667
38630771	0.00870084853020814
38631410	0.00155237400725456
38631420	0.00828654782940027
38631430	0.0342283476247832
38632230	0.0112041804846623
38632681	0.00424317735418707
38633101	0.00155237400725456
38634310	0.0209364200855741
38634460	0.00156970651349801
38635041	0.00536763474465366
38636001	0.00528732902659235
38636510	0.00277937177196661
38637101	0.00179637378813775
38637921	0.00208342877321806
38639601	0.00421699770287559
38641791	0.00155237400725456
38644770	0.00155237400725456
38645360	0.00204221533533384
38646440	0.00155237400725456
38646751	0.00454323499253882
38647461	0.00155237400725456
38649470	0.00596498717769926
38650290	0.00219445995260255
38652541	0.00173755823125218
38653180	0.00155237400725456
38654730	0.00155237400725456
38658081	0.0106718607039085
38660281	0.0015569101408339
38660630	0.00216641823748958
38663290	0.00548192305554605
38663451	0.00157799765883384
38665531	0.00161136124033963
38665760	0.00574853953643879
38667110	0.00155237400725456
38667570	0.00380506261605773
38668551	0.00612342259881936
38669210	0.00179281083927998
38672250	0.00999388818517825
38674491	0.00179529665118352
38677620	0.00749992973572328
38677641	0.0217860312068854
38678310	0.0037610006175726
38678590	0.00365079662293778
38680770	0.0241809806520324
38681200	0.00307108123032799
38683250	0.00155237400725456
38690331	0.0061365621831984
38692411	0.00156492173366445
38697200	0.00233302079407433
38697350	0.00161227503833834
38698570	0.00156096868154157
38699700	0.00236867580190417
38701330	0.00238998073861372
38701450	0.00240845665987777
38704811	0.00565177752281009
38705111	0.0015951445670861
38707520	0.00158602379144527
38707950	0.0015951445670861
38710840	0.00267234381210866
38711000	0.455066624170622
38711400	0.00270283256402507
38711800	0.00175935205734387
38712510	0.102987752073581
38712630	0.00427677947890398
38712770	0.00180837614594317
38712940	0.00156890846419704
38713330	0.00322112393143924
38713480	0.002588145255191
38715041	0.00233279090050693
38719560	0.0461084215802693
38719711	0.00182190372948244
38720831	0.00176962554248766
38721641	0.00156096868154157
38722341	0.00163603918811246
38723291	0.0057220998489043
38727260	0.0055367574310307
38727380	0.050583822189165
38727851	0.0279514331504346
38733511	0.00172012647225238
38737371	0.00634134287332442
38738440	0.00293624675929156
38739181	0.00848249342165169
38743700	0.00247728739584343
38743711	0.0492683987465757
38746430	0.00217728828489056
38748930	0.00155237400725456
38750580	0.0205547282138138
38752531	0.00271867797826914
38753911	0.0015951445670861
38755130	0.319920107116268
38756380	0.00181626612137966
38759690	0.00273827988695683
38760370	0.00408261629226253
38762690	0.00509500153521234
38764100	0.00278185939622764
38764780	0.00172312965441609
38768380	0.00296311243745645
38774150	0.00613804291290994
38774420	0.001787436188612
38774481	0.0047418215481933
38777330	0.00159841440950664
38781350	0.00155237400725456
38781740	0.00155237400725456
38782820	0.00156970651349801
38783660	0.00555678828046189
38787431	0.0092578340549679
38787991	0.00156492173366445
38792090	0.00461278007468591
38795151	0.00155237400725456
38795161	0.00254136441102223
38795981	0.001630082395442
38796340	0.00166471721235052
38798820	0.00157575414547598
38800080	0.00197781008465519
38803130	0.00235826763681265
38803390	0.00604212565700479
38803441	0.139635498587851
38803940	0.00813526500671079
38804920	0.00192743997473022
38804941	0.00253399667908034
38806140	0.00155237400725456
38806270	0.00178988160011599
38808951	0.00739806597383602
38811390	0.0302396978307706
38811920	0.00161946470570261
38813170	0.00184428472318595
38815530	0.00505143158483019
38817610	0.00239781240038026
38818201	0.00628537815775634
38821480	0.00221227474328348
38824240	0.00664081879405463
38825771	0.0016315868805505
38826850	0.0381826026086011
38831161	0.00376700598016775
38831930	0.00207937761924444
38833050	0.00385630319055509
38833491	0.00192755346503579
38833580	0.0176525998959674
38835441	0.00172122914391956
38835930	0.00161227503833834
38837850	0.00210992152497053
38838570	0.00168881499744621
38838970	0.00156890846419704
38839960	0.00155237400725456
38840650	0.00233622156212115
38841320	0.0015951445670861
38841351	0.0186198330693429
38843270	0.00282882644482402
38846471	0.0015951445670861
38847640	0.00169539256104941
38848111	0.00182335888053486
38849211	0.00155237400725456
38850000	0.00255081876966189
38850400	0.00202765008761289
38850410	0.0113495068983128
38852490	0.00695090243876708
38853850	0.00387629783147003
38854741	0.00167841810943362
38854980	0.0672696651094524
38855540	0.00190405618926197
38856340	0.0228007231068545
38857740	0.00170371083561694
38858741	0.0144682087626816
38860650	0.00164202238053803
38862990	0.0218469239083818
38863021	0.00161136124033963
38864220	0.00177123233404521
38864630	0.00161136124033963
38864791	0.0037264811979959
38871431	0.00156008272409754
38872620	0.00263513332910899
38872661	0.00210720235450453
38872900	0.00852208093885514
38873850	0.00224307297996854
38873990	0.0565694149811742
38874540	0.0250418302604598
38875250	0.00822385418010501
38876620	0.00609244792469573
38880251	0.0102109402025441
38881990	0.00443341126939128
38882321	0.00208326249884686
38883240	0.0275531811292421
38883650	0.00157753162078369
38886311	0.00696078713324945
38886871	0.00155237400725456
38889750	0.001808992562569
38890611	0.00500809306259614
38892490	0.00163308848355139
38892760	0.00468905369421221
38893160	0.00330573059173854
38893761	0.00251284891458784
38896121	0.00155237400725456
38898120	0.0148534450005762
38899151	0.00176014537950641
38899851	0.0363211841697051
38902130	0.00282205930342312
38902980	0.00192530106861455
38903500	0.00160937942224362
38904740	0.00718656158679374
38909501	0.00363291810973096
38912190	0.00302000752219899
38915520	0.00266790392411049
38915810	0.0925833293774311
38916600	0.00164604498224291
38917190	0.00641606877670898
38917310	0.00174595868964323
38917710	0.00417101036216886
38918160	0.00247694803931614
38920360	0.00268177250393419
38921201	0.00607621951643063
38922120	0.0104534457821752
38922260	0.00250347035453805
38922991	0.0572178640436304
38924890	0.00276410909626133
38925481	0.00230476949043873
38925641	0.00272576654783693
38927120	0.0885385366860524
38930270	0.134211564410354
38930301	0.00173330091557928
38930830	0.00191355833598799
38933631	0.00362642346029808
38935220	0.00206036071487149
38936931	0.00231156156508743
38939821	0.00155237400725456
38944490	0.0102068963071036
38950461	0.00332219469078936
38951291	0.0172542167023955
38951520	0.0025225644596691
38953771	0.00306279316093108
38955981	0.0034950888238506
38956521	0.0149489886470496
38958410	0.00195738433130606
38959141	0.0017452774367489
38960121	0.00303411229997238
38960251	0.02266514045855
38961720	0.00155237400725456
38961891	0.142289486278857
38963490	0.00195257919134342
38963640	0.00155237400725456
38966800	0.00282116487775314
38967930	0.00358674839404668
38970700	0.0045800690974683
38972730	0.00163153721855732
38973771	0.00155237400725456
38975630	0.00155237400725456
38978181	0.00940624609241353
38978820	0.0015951445670861
38980320	0.00155237400725456
38983910	0.0116676459435739
38984531	0.00349635587355142
38986041	0.0018548899172314
38986171	0.00155553736144322
38986601	0.00172684401029441
38986950	0.00155237400725456
38987350	0.00155237400725456
38991670	0.0239081802817178
38992460	0.00383045912051579
38992521	0.00480995596406557
38993901	0.023207043275949
38997600	0.00157096948346085
39003630	0.00181762939020122
39004080	0.00501211157698046
39004180	0.252856639192084
39005040	0.00159574627708498
39005310	0.0310562735326503
39007350	0.00315849143003024
39009160	0.0033499227176618
39010000	0.00159488135869816
39010390	0.00390988502665209
39012361	0.00170255455584251
39019271	0.00276016269968192
39020450	0.00164619085386592
39021180	0.00221420300588896
39024221	0.32034186163804
39025000	0.0061934187330813
39029980	0.00190109008384229
39030410	0.00155237400725456
39030960	0.00548865024434987
39031261	0.00229352217165776
39032651	0.00176602847436806
39033150	0.00178068820020942
39036320	0.00155237400725456
39038031	0.00155553736144322
39042981	0.0139743848054046
39043831	0.00845939321164023
39044651	0.0144809429004095
39046530	0.00159642797152344
39049870	0.00175354244907646
39049891	0.0024176236098683
39050011	0.00165324451269891
39050250	0.0112125223357928
39053990	0.0221826833839428
39054390	0.00489752307631377
39058820	0.00262455465582143
39062810	0.040520876213836
39069611	0.0015951445670861
39069761	0.00496714815835569
39069830	0.00159769547950879
39070021	0.104402215025382
39074161	0.00155237400725456
39081580	0.00442578441582749
39081761	0.00173206525268143
39085741	0.00248739588758918
39086940	0.00319963819286006
39090820	0.00158656423619844
39093071	0.00284745447984117
39094701	0.00155237400725456
39098291	0.00346503359501617
39099391	0.00207313342246518
39101871	0.00363652652559461
39102400	0.00156096868154157
39102810	0.0429819231249743
39107070	0.00290517392622936
39107340	0.0069492621672089
39107411	0.00157753162078369
39110670	0.0100177695922326
39110920	0.00156096868154157
39111790	0.00266275222745123
39112921	0.00155237400725456
39115411	0.00257457793381004
39117000	0.00185152702552667
39118421	0.00155237400725456
39119920	0.0113303198355823
39120101	0.0388461758764437
39120860	0.00155237400725456
39121331	0.00976393515872662
39125960	0.00175020481895138
39126441	0.00205289082339196
39131271	0.00272564051635265
39133891	0.00164032978491722
39134250	0.00155237400725456
39138151	0.004553599510934
39138920	0.00263929303749213
39140091	0.0021913119053369
39141300	0.00229352217165776
39142130	0.00218650561592715
39142240	0.0015951445670861
39144450	0.0015951445670861
39144710	0.0421034269189013
39145290	0.00209245678096194
39145700	0.00207875925344822
39146820	0.0304369217387488
39148631	0.0015951445670861
39151330	0.00254549637097126
39152040	0.00198050446226291
39152720	0.00423398710937151
39154851	0.00342796494145175
39155230	0.0038591767711073
39155750	0.00291516874605216
39158151	0.00234254229389435
39159671	0.00302970806901858
39160570	0.00232667620977419
39164600	0.00195827652751977
39165020	0.00181723297173514
39165960	0.0451740031247576
39166001	0.00593111140871324
39167210	0.0017994059940381
39170360	0.0145370977784202
39172231	0.00173633875045228
39173670	0.00244584062484811
39174510	0.00311692060280237
39175770	0.00235575177256073
39176020	0.00161227503833834
39177861	0.00361077700143322
39179760	0.0158275107547988
39179910	0.0058909913086273
39183370	0.0016610683697199
39183681	0.00190497793418802
39184040	0.00159980547865461
39184050	0.13940680517446
39187671	0.00161227503833834
39191900	0.00667281032152958
39193591	0.00184246195787946
39199251	0.0221980692675639
39199360	0.0187880545542119
39201960	0.00374485458297656
39202770	0.00159574627708498
39204590	0.0028879341990289
39205041	0.00356928143943644
39209321	0.00155237400725456
39209591	0.00327780518866784
39211090	0.0036913618677287
39212351	0.00176906888905229
39216710	0.00882469932355906
39216751	0.00178802042322669
39219931	0.00161136124033963
39220600	0.00313784309280112
39222551	0.00429871122339204
39222920	0.00155237400725456
39223900	0.00174606287040451
39225181	0.005047685723902
39226250	0.00772100867056922
39227231	0.0373179286230702
39227880	0.00161227503833834
39228850	0.0116847095532099
39229540	0.00912616573561766
39233700	0.00188132125015435
39234510	0.00248134069953562
39239200	0.00156492173366445
39239740	0.00155237400725456
39240911	0.00155237400725456
39242790	0.0120839694607575
39244570	0.00155237400725456
39244880	0.00231803940519119
39246660	0.00865403413886492
39247890	0.00155237400725456
39248201	0.00314296855059424
39248320	0.00551887709573466
39250790	0.0822094593526561
39252860	0.00170033004039975
39254401	0.00162578707023025
39255371	0.00155237400725456
39255641	0.00389905193681963
39255880	0.00329624730231345
39256081	0.00159648809429517
39259241	0.00365309400604944
39261250	0.00248158997490017
39264061	0.0313840011391015
39264170	0.0015951445670861
39265311	0.00178385919832243
39266080	0.00174051199956747
39267470	0.00328450987700538
39268170	0.00155237400725456
39269430	0.00387967812461556
39272491	0.00155237400725456
39276761	0.00184939632402934
39276860	0.00164458243604081
39279210	0.00155237400725456
39280050	0.00976183236809556
39280901	0.00790465708166257
39283450	0.00274591948558003
39284221	0.00321093147400491
39284331	0.0031391093220821
39286230	0.00252036670513817
39286691	0.00227081603165741
39286900	0.00161790414290756
39287101	0.00155237400725456
39290250	0.00322816231906075
39290510	0.0030378264400024
39290660	0.00166723682430766
39296020	0.00207159727523547
39297301	0.00168332193078739
39302640	0.138428899970977
39302831	0.00213207559756654
39303781	0.00846830505229674
39304751	0.00277431886537496
39309591	0.00397721121580587
39310510	0.00183882706329853
39315521	0.00155553736144322
39316471	0.00308701282195898
39317420	0.00158005441163005
39322790	0.00156096868154157
39324491	0.00405219215220131
39325021	0.0333803932344142
39328990	0.00159769547950879
39331210	0.00333847474074155
39332170	0.00167841810943362
39332471	0.0226623145819211
39332491	0.0015951445670861
39333011	0.00156096868154157
39335480	0.00250644479784514
39336040	0.00329096538039207
39336580	0.00170366816583628
39336710	0.0019393718904998
39336990	0.00173529224033185
39338100	0.0017302481497498
39340180	0.00161790414290756
39340440	0.00173633875045228
39344010	0.00254885018633444
39347231	0.0070200929084271
39349390	0.031607512235136
39350070	0.0092317852777064
39352211	0.00331496588810781
39353270	0.00328106957964223
39355600	0.00386500474499876
39357130	0.0196275405193928
39357561	0.00155237400725456
39357571	0.00161790414290756
39357581	0.00167291162301692
39358251	0.00161047183781924
39358910	0.00237682188390536
39360980	0.00156512401636283
39364871	0.00272873899336825
39365161	0.0793283176571349
39365670	0.0100098628217461
39365810	0.0315780367166362
39366131	0.0300914016514024
39366541	0.00196125331314023
39367651	0.00197254164170247
39368461	0.0030438401041058
39369280	0.00178019533502787
39369960	0.00237619127327997
39369991	0.00162853868865659
39370920	0.00338621552986484
39372061	0.00193643710963609
39373110	0.0641223367805731
39375631	0.00161790414290756
39376980	0.00241157668385945
39378500	0.00955761898079711
39379060	0.0442606043043249
39379070	0.149168778987608
39380041	0.00183829153942941
39380410	0.00209273431559566
39387610	0.0021975697016648
39390251	0.0105634356985563
39392410	0.0015951445670861
39392820	0.00309180602923178
39395221	0.00158779241557088
39397561	0.0015951445670861
39398380	0.00300626855504958
39398640	0.00159839697099091
39399850	0.00156008272409754
39403101	0.00186374760968989
39403480	0.00171003809383224
39404290	0.00243497112689265
39404310	0.0015951445670861
39404690	0.00317867500544512
39405711	0.0216863881839907
39405820	0.00231803940519119
39407371	0.00294962600226153
39408540	0.00173259325452057
39410411	0.00297822198097988
39411351	0.00155237400725456
39412840	0.00180190176476909
39413380	0.00284261514102423
39413530	0.00235468262879644
39415310	0.00593607947938561
39415580	0.00173987632602738
39415641	0.00178019533502787
39418220	0.00204825181519208
39419450	0.00283073968518559
39420400	0.104254493358112
39422780	0.0132347009770887
39423371	0.0015951445670861
39423911	0.00366470594119377
39424690	0.00185253865288556
39428980	0.00180129635757207
39433421	0.00370806422248132
39434350	0.0210330260113023
39434931	0.00438674603638743
39439160	0.0015951445670861
39441240	0.00155237400725456
39441400	0.0028775620236112
39441810	0.00373357594784583
39444321	0.0461324841746999
39445250	0.00588079325224854
39446521	0.00277129844751363
39448420	0.00375375538296674
39449421	0.002096721350819
39450121	0.00453074500691796
39450261	0.0347498518831699
39450640	0.0108648274093405
39456181	0.00156890846419704
39459180	0.00206586838841436
39459190	0.163509786068575
39460031	0.0050912076299989
39461021	0.00410352642435912
39462050	0.0015951445670861
39462190	0.0162139307245902
39463740	0.0015951445670861
39464260	0.00156241468314722
39464741	0.00160914393839737
39464820	0.00155553736144322
39464970	0.00176201434883453
39468960	0.00184794357738921
39470391	0.0224710304802049
39470951	0.00155553736144322
39474600	0.00161790414290756
39474630	0.0015951445670861
39475921	0.00544619537082585
39475980	0.00275282883274769
39476290	0.00376179315598539
39476560	0.0263682095123749
39478350	0.00183318378892493
39479740	0.00155237400725456
39481380	0.00193816622952576
39481520	0.00155237400725456
39483631	0.00492237955568512
39484260	0.00159980547865461
39484440	0.00331197039044246
39486370	0.00165272848437065
39486791	0.0015951445670861
39486941	0.00155237400725456
39488031	0.00251784436325003
39490661	0.00170881728266828
39490671	0.0015951445670861
39491710	0.059955514482047
39495751	0.0177141534423423
39496471	0.0031819271775774
39497110	0.00163280053592795
39497920	0.00425483687647376
39498200	0.113024050567077
39503341	0.00155237400725456
39503980	0.00312125288401648
39505431	0.00167159594956436
39505790	0.0015951445670861
39506340	0.00187564509265417
39507020	0.00155237400725456
39507631	0.00175622806709164
39508010	0.00276787365795371
39508461	0.00635852659293648
39508960	0.00156492173366445
39509831	0.0061380790676459
39509940	0.0015951445670861
39511010	0.0232918714027934
39512000	0.0134105209312593
39512850	0.00156492173366445
39515221	0.00964904294085103
39516331	0.00250355705484355
39516991	0.00278405444839512
39517380	0.00381652442920715
39517510	0.00428825487662109
39519560	0.00359798843675391
39519710	0.00615684352478325
39521821	0.00467588089599534
39528010	0.00155237400725456
39532940	0.0016310722041237
39534360	0.00545797384633641
39535061	0.00155237400725456
39539440	0.00578658126228671
39541810	0.00159769547950879
39544840	0.00207988699121567
39546870	0.00163190678420504
39548010	0.0026942793437455
39550180	0.00313295180605915
39551040	0.0293425819591617
39551580	0.00155237400725456
39551600	0.00396398096382126
39553370	0.00163553824814998
39553530	0.00163133958183186
39555280	0.00188016555334711
39555361	0.0147819901099763
39556171	0.00525028584592985
39556871	0.00178623165298751
39557401	0.00834961783547201
39560301	0.00246796333766142
39560700	0.00156890846419704
39563870	0.0117622520129132
39566080	0.00432689308758013
39567081	0.00156512401636283
39568311	0.00196952888091745
39568950	0.0269411097930472
39569821	0.00155237400725456
39570360	0.00170075014128097
39571061	0.0015951445670861
39572171	0.00271291984829021
39572451	0.00165332820722952
39572840	0.00156492173366445
39573250	0.00201903778020173
39575081	0.00269124358723835
39575980	0.00264094821267042
39576581	0.00164930393656474
39576591	0.0015951445670861
39580810	0.00182802354596161
39582890	0.00198709155775647
39585411	0.176894748499336
39586501	0.0142969115571585
39587631	0.00340867007994918
39588420	0.00304700052259176
39588940	0.0015951445670861
39591481	0.0189273184891259
39591580	0.00257365123078723
39592840	0.00176679610655617
39595870	0.00377327839797404
39598501	0.00157753162078369
39599201	0.0252632746045216
39602361	0.00180570853493132
39603020	0.00289721900196963
39603040	0.00326518732405451
39605780	0.00161626013214126
39605951	0.0130351983908282
39607870	0.00173633875045228
39608031	0.00220544577327374
39608270	0.134251073754788
39608711	0.037888652900843
39609411	0.00156096868154157
39609490	0.00441202829386156
39609561	0.00303251772490388
39611601	0.00161110949403304
39613401	0.00251118959598953
39613930	0.226633444714779
39614340	0.00262827500737743
39615891	0.00161469648484283
39617360	0.0015951445670861
39618210	0.00203737964876257
39619170	0.00155237400725456
39619560	0.00155237400725456
39621110	0.00161636844780264
39621541	0.00229803276932285
39621821	0.00248864205490038
39622911	0.00714769987438518
39623020	0.00189583066506126
39623990	0.00155237400725456
39624851	0.00165201701771545
39625401	0.00258333519219643
39626190	0.00167986460901313
39626490	0.0166448359013644
39626781	0.00161811291454463
39627290	0.0823986117220476
39628100	0.00544465744433807
39632110	0.00424341873422003
39632841	0.00170538593112164
39633121	0.00367723374847855
39634170	0.00158956795108224
39635010	0.00193559151072874
39635030	0.0479078161866972
39635351	0.0024666890303664
39637660	0.0015951445670861
39637910	0.00399530140461586
39637930	0.00194410936237425
39639430	0.00774515551338969
39641391	0.00155237400725456
39642330	0.00200211688255155
39642651	0.00254166891036303
39642771	0.00155237400725456
39643840	0.00172684401029441
39644000	0.0170436956521488
39644841	0.00389108058816077
39645230	0.00165074701463074
39645691	0.00157753162078369
39648451	0.00237739473328114
39650040	0.00296408398550794
39650180	0.00267385139150169
39652670	0.00161227503833834
39653080	0.00162740673726709
39654460	0.00155237400725456
39654480	0.00185323787146539
39656810	0.00160959599796996
39656820	0.00254955215629671
39657340	0.0015951445670861
39658720	0.00337115678522516
39659000	0.00194639049443116
39659840	0.00161227503833834
39660830	0.00209306172382034
39660841	0.00157647271034407
39661510	0.00309229765322278
39662781	0.00155237400725456
39664550	0.155591928969435
39665200	0.00155237400725456
39666771	0.00381540331055547
39667850	0.00372311030650902
39668100	0.00516307678405122
39668510	0.00155237400725456
39669230	0.00180570853493132
39669541	0.00695709064664655
39669801	0.00161136124033963
39670081	0.00170527694206076
39670460	0.00189441451620063
39671300	0.00344288079680877
39674511	0.0217474778769661
39679310	0.0186253629823245
39680810	0.00155237400725456
39684130	0.00289275460151681
39684950	0.00292666603955961
39685131	0.002688140223524
39686060	0.0015951445670861
39688930	0.0017877994588973
39689360	0.0345827456942272
39689900	0.00290880523292342
39693220	0.0110283204317935
39693630	0.00174568269171535
39694330	0.00319637736981154
39694931	0.00176342707338155
39695000	0.00166483681910127
39695820	0.00164562965068196
39697100	0.00206944275132198
39697251	0.00837760187766489
39697370	0.00482068908493555
39699270	0.00237518423711364
39700390	0.00177420686071441
39701350	0.00159769547950879
39701551	0.00823443503335911
39702221	0.00186765988876428
39705480	0.00185879484443035
39707010	0.00269675256012658
39707201	0.00518061987706134
39707960	0.00537751457231917
39710231	0.00303454120130002
39710351	0.0110424408800047
39711061	0.00169138713578844
39711471	0.00248304293337799
39711970	0.00335687876784646
39711980	0.0015569101408339
39712141	0.0015951445670861
39712400	0.0015951445670861
39714050	0.0015951445670861
39715311	0.00239530242935174
39717661	0.00610525292947398
39719051	0.0021224958250163
39719420	0.00173513934226526
39720120	0.0194847111975542
39720141	0.00463254953965769
39722160	0.00315197703831053
39722211	0.00156512401636283
39727451	0.00418453805805046
39727980	0.00269000279108981
39728400	0.00220660752653542
39732820	0.00155553736144322
39735171	0.0176689916007834
39738200	0.00172327032406008
39739710	0.00300368818925269
39741210	0.00155237400725456
39742200	0.00166779185597707
39746450	0.00397948301151237
39748281	0.0211725915554632
39748841	0.00180787655073566
39749090	0.00216800453540605
39750740	0.00156096868154157
39750921	0.00501659659656667
39751171	0.00161946470570261
39752640	0.00185181594510886
39752940	0.00203830914574844
39754351	0.0037387655236465
39754610	0.0257353829169724
39758351	0.00181160575364473
39759861	0.0195570676543958
39761531	0.00375147439730785
39767850	0.00192762321129572
39767871	0.00243234564581875
39768021	0.0022212573112296
39768800	0.0241720056652225
39768981	0.00155237400725456
39768991	0.0155277978047268
39770600	0.00228509103171177
39771130	0.00156512401636283
39773200	0.00645651827464244
39775000	0.00173075705930673
39776831	0.00596684514637835
39778091	0.0289972323107613
39778430	0.0015951445670861
39778730	0.0021365747507656
39779430	0.00238955612793013
39779471	0.00181762939020122
39781121	0.00456762705909192
39781190	0.00289529401567535
39786201	0.00155237400725456
39786300	0.00269839683958124
39789220	0.00978832555960503
39791721	0.0015951445670861
39794710	0.00594712731619061
39795830	0.00219432922636078
39799601	0.00285282654312467
39801500	0.0358955038305968
39801770	0.00233838812278214
39802771	0.00618334552737512
39805941	0.0015951445670861
39806460	0.00207299279777751
39806980	0.00165455748361489
39807420	0.0015951445670861
39808260	0.0015951445670861
39808670	0.00540954728424988
39811991	0.00161227503833834
39812780	0.00199230363380714
39813220	0.0383709495167685
39815960	0.00267152917476212
39816770	0.00183570330478416
39816910	0.00189922072608612
39817050	0.00169971019722594
39818221	0.00183362808349194
39818310	0.00160196540001379
39818631	0.00163444724962119
39819280	0.0116998969870907
39821460	0.00195358261376033
39821470	0.00458686754109611
39823120	0.00272531515886071
39823270	0.00414444481436358
39823861	0.00244718705613317
39824551	0.00253344579942105
39824841	0.0117905800240132
39824981	0.00428389996030827
39825500	0.00394045960225922
39826061	0.0036398017004383
39829470	0.0015951445670861
39831441	0.00164656668596069
39831601	0.00224164341471359
39832230	0.00949286787512863
39834460	0.00652834475728548
39835031	0.00181365333485166
39835741	0.00341639812810825
39836090	0.00734662017996707
39836120	0.00155237400725456
39836770	0.0274926074972676
39837531	0.00229008889285053
39837811	0.00200905069058934
39838351	0.020464682509361
39838590	0.00351338571357132
39839840	0.00184680418019597
39841391	0.0796915011636415
39843851	0.0320645102423172
39844401	0.00166248470819351
39846771	0.00176532695734389
39847420	0.00158539363665587
39848350	0.00256063048947144
39849040	0.00190703560959741
39850980	0.00349882887175621
39852810	0.00325821496617023
39853511	0.00869497677604853
39853651	0.00156096868154157
39857340	0.404343014042265
39858420	0.00178953491917911
39858751	0.0269673515716026
39859021	0.00287403992561133
39859721	0.0015951445670861
39861781	0.00236971455244576
39863960	0.00186415913475884
39865091	0.00314845892728267
39866201	0.00436437453435815
39866580	0.00434443661832511
39867140	0.00327398591036335
39867670	0.00774711766020967
39868250	0.0015951445670861
39868951	0.00306082951598556
39870020	0.0152556566639751
39870830	0.0478380411054986
39875000	0.0107846267727274
39875150	0.00197859530021339
39875181	0.0015951445670861
39875851	0.00239656260144124
39875871	0.00489237680136669
39878840	0.00229867868309122
39880681	0.00204893422329034
39880951	0.00189266851356207
39881350	0.00173259325452057
39881371	0.0135613919344812
39883250	0.00483744878499217
39885080	0.00173259325452057
39885890	0.00161957170686905
39886081	0.00156512401636283
39887940	0.0198593398598859
39888961	0.00556450608886616
39889750	0.00175422710428082
39891280	0.00207937069503762
39892551	0.00246599217664103
39894040	0.00296794853927078
39896831	0.00242576743925172
39897630	0.00163413610758919
39898351	0.0250490449448057
39899670	0.00155237400725456
39899841	0.0015951445670861
39899871	0.00189796720824092
39901760	0.0023258099960096
39904141	0.00179813498331366
39904250	0.00806950127899204
39904390	0.0445679180596382
39905921	0.00184421477840107
39906020	0.00178550208096568
39906440	0.00155553736144322
39906730	0.00344365643534811
39907000	0.00155237400725456
39907560	0.00270657210948241
39911130	0.0115238954051091
39911291	0.00156512401636283
39911571	0.00158978382148008
39912271	0.0307376417349488
39912951	0.0015951445670861
39913641	0.00743362354163372
39915410	0.00159710380446657
39916131	0.00197177852218629
39920660	0.00380619569353498
39921641	0.00199991216636176
39921740	0.00159986113824424
39922751	0.0015951445670861
39922860	0.00495136486053309
39923250	0.00167841810943362
39924961	0.00159980547865461
39925070	0.00307322841865936
39925371	0.00426892821995368
39927000	0.00288027925237583
39927830	0.00162984789015293
39931861	0.00156890846419704
39933631	0.00249170527237613
39934061	0.00171150939626793
39934310	0.00560972383325655
39935690	0.302964951758466
39936141	0.00157575414547598
39936681	0.00156492173366445
39936910	0.00159986113824424
39937750	0.00268848769615555
39940131	0.00268701386529038
39940630	0.00158898717948595
39942860	0.00297034483349634
39943820	0.00159986113824424
39944370	0.0175397308682862
39946020	0.135653895280535
39946840	0.51736537297786
39948510	0.00483621263424735
39949590	0.00186819307438024
39951530	0.0023606931979431
39951571	0.00218605454847551
39953310	0.00181667922317325
39955021	0.00280804456629288
39955680	0.00479063507971588
39955950	0.00155237400725456
39957771	0.00175936033263799
39960111	0.00290804615863781
39960790	0.00374783137542606
39961740	0.00981679785516722
39965610	0.0015951445670861
39966170	0.0174884989903271
39966321	0.00182496932781884
39968001	0.00173259325452057
39969371	0.00307340839953655
39971270	0.00470331542492863
39971670	0.0348588832608077
39972370	0.00679251860862235
39972531	0.00284374881249831
39972930	0.0246215312662249
39975380	0.00155553736144322
39976240	0.00155237400725456
39978020	0.0015951445670861
39978181	0.00187605241360631
39978611	0.00494902259687744
39980340	0.00286011555636607
39981641	0.00195239402437766
39981720	0.00247497341585293
39982300	0.00181991720667196
39985730	0.00168458556511659
39987431	0.00237207562647228
39988620	0.00186346262330577
39990140	0.00158539363665587
39992490	0.00155553736144322
39994000	0.00406710638570709
39994440	0.00593814965943708
39994871	0.00672479031368451
39996821	0.00282580830681609
39997030	0.0015951445670861
39997720	0.00247040098819348
40001091	0.00163308848355139
40001850	0.00165891813976392
40002061	0.00449815488061124
40003431	0.00160914393839737
40006201	0.00566278639589429
40006700	0.069257263944454
40006840	0.0015951445670861
40009221	0.00161813077270664
40009600	0.0015951445670861
40010130	0.00386512844216468
40011920	0.0015951445670861
40012470	0.00452734747107175
40014140	0.00156096868154157
40018471	0.00258260318373419
40021580	0.00187560386467251
40021641	0.0034218625973163
40023021	0.001685975785651
40023380	0.0015884030675312
40023800	0.00184322817481787
40024200	0.00612787243302086
40025901	0.00156096868154157
40033761	0.00155237400725456
40034010	0.00180837052229449
40034270	0.0340075425326422
40034440	0.00174058735588171
40035021	0.00155237400725456
40036510	0.00625785086031417
40038601	0.186088905531774
40039110	0.379046764715896
40041050	0.00552800499456914
40042130	0.00174617466520081
40042300	0.00388411785475631
40042550	0.00641395577787715
40044900	0.00155553736144322
40045371	0.00155237400725456
40045720	0.0017786919286949
40049341	0.194053095612948
40050960	0.00262053533832132
40053020	0.00292792680465458
40054540	0.0143880280444618
40061160	0.00820446153620441
40061170	0.00378232057047647
40062010	0.00368579100202741
40062191	0.00239389869868749
40063660	0.0433535856678897
40067800	0.0018681892188753
40069030	0.0015951445670861
40071141	0.00260396762291246
40071230	0.00294605181105154
40071961	0.00155553736144322
40073231	0.0015951445670861
40073730	0.00155237400725456
40073771	0.0015951445670861
40075400	0.00177058675043233
40079571	0.00187310944637732
40081980	0.00432804082847922
40083981	0.00156492173366445
40085491	0.00184294453142036
40086591	0.00262148312216591
40086710	0.00306287708897167
40088620	0.0015951445670861
40089610	0.00284491408437637
40091250	0.00165129645755112
40091681	0.0979645092256551
40097980	0.00155237400725456
40098420	0.00451886096763433
40098991	0.00155237400725456
40099120	0.00155237400725456
40100801	0.00159769547950879
40102250	0.0015951445670861
40102321	0.00190284665117584
40108231	0.00490867488508454
40109590	0.00482125825115615
40110851	0.0029690876625938
40111630	0.0723566532036934
40112180	0.00157604308015066
40113560	0.00167841810943362
40113891	0.00223491160346456
40115920	0.0113106153429534
40116640	0.0125629102312708
40116921	0.0294800161822761
40117061	0.00161136124033963
40117840	0.0015951445670861
40119650	0.0017219578277772
40120101	0.00568141934373308
40121761	0.00375651645766825
40123131	0.00283584007751635
40123260	0.00308554393049273
40124521	0.00268601931392118
40127530	0.00213352338820845
40128470	0.00197754781002009
40129611	0.00159769547950879
40129621	0.00182627407959745
40129880	0.00758463803674112
40130800	0.00221736461279019
40130980	0.00155237400725456
40131151	0.00514151101849467
40133071	0.00162205444705299
40138041	0.00155553736144322
40138290	0.00215476777047403
40139220	0.00210269239192603
40139411	0.00161790414290756
40139520	0.0015951445670861
40141570	0.00271735316054448
40141850	0.0296874086619454
40142430	0.00188858271635
40145160	0.00274885203652287
40146830	0.00780381575994953
40147230	0.00156492173366445
40147670	0.0561215451258682
40148360	0.00155237400725456
40149460	0.00819983079285716
40149481	0.0019926289718871
40150871	0.00162710925714171
40151920	0.0111115877693372
40155691	0.00278175446610397
40156391	0.00278375785802314
40157030	0.00326680982179485
40158301	0.00155237400725456
40158311	0.00665441348535924
40158660	0.00195731915082238
40158950	0.0015951445670861
40160040	0.00161444774259612
40160661	0.00212698331653034
40161590	0.00161901207934537
40161621	0.0991052152552582
40163421	0.406349826357629
40163541	0.00780412172295343
40167630	0.00264158384428005
40169010	0.00815976056701183
40169631	0.00158898717948595
40173560	0.00175942145565474
40175110	0.00161227503833834
40176870	0.00444072044659418
40183551	0.00290025966024754
40186571	0.00163553824814998
40187110	0.0212465549628521
40187510	0.0139156133791937
40188060	0.00156811261181376
40189280	0.00473026355901785
40189450	0.00155237400725456
40190711	0.0116552739422287
40192050	0.00155237400725456
40192610	0.00177583673915378
40192860	0.00155237400725456
40194410	0.00755974683892199
40195541	0.00155237400725456
40198571	0.00190525854459491
40199770	0.00350037048267745
40201730	0.00614682873286056
40204750	0.00161790414290756
40206280	0.00274591948558003
40206690	0.00268359479195746
40206721	0.00207751773306911
40207080	0.00561891822784754
40207691	0.0566756386335373
40208381	0.00769208569796794
40208470	0.00155237400725456
40208740	0.014565177274757
40212870	0.00158670963428244
40213160	0.00423125232222348
40213300	0.00267280944616641
40213860	0.00608306456386394
40214161	0.00173259325452057
40218660	0.00371494016796108
40219681	0.188347749093561
40220091	0.0023543816202324
40220361	0.0204776695016033
40221450	0.00162082868354908
40222571	0.00365373231128623
40223671	0.00183433479484188
40225461	0.00160546143595618
40226991	0.00413764164019757
40227080	0.00237171616919188
40227271	0.00227081603165741
40229020	0.00160390569061933
40230100	0.00203817613803022
40231380	0.00238151895490523
40231510	0.0024135935795656
40231900	0.00157799765883384
40232760	0.0015951445670861
40233191	0.0125012586979273
40233290	0.00557084341844394
40233871	0.00165502987667316
40234311	0.00172394470676801
40237970	0.00155237400725456
40238380	0.00156492173366445
40238970	0.00155237400725456
40239360	0.0342828439316383
40240340	0.00298310860970896
40241990	0.00247223617824273
40242960	0.00322739567597862
40250130	0.00160540748339551
40250311	0.021192695180946
40251100	0.00226847662030938
40257010	0.0015730297093444
40257170	0.0041964501804951
40257461	0.00249038921938152
40261850	0.00161136124033963
40263121	0.00175846608365376
40264511	0.0121076366363319
40264880	0.0015951445670861
40265680	0.0022655366435909
40266301	0.00283647580653108
40266390	0.0320835583226172
40266800	0.00298564244547189
40268440	0.00155237400725456
40268631	0.0017478024448958
40269481	0.00155237400725456
40271401	0.00208997325180978
40272901	0.00158348298842786
40273820	0.00155237400725456
40273830	0.00159769547950879
40273860	0.00265078746392458
40276091	0.00576295580047887
40276631	0.00155237400725456
40277010	0.0035518533016853
40277751	0.00297782503999959
40278410	0.0109624771026469
40279661	0.0307352856120261
40280241	0.00202960119534685
40282031	0.00155237400725456
40282660	0.0355348052087673
40283480	0.00253993955270721
40285191	0.00354937373865446
40289280	0.00316317423539903
40292590	0.00234592842306519
40294950	0.00270512166034529
40295811	0.00185288968705942
40295920	0.00277223034147233
40299381	0.00156512401636283
40306581	0.00155553736144322
40306691	0.00155237400725456
40307330	0.00180431832289965
40310291	0.00161506733614752
40318301	0.00270128580371994
40319821	0.00427591878924399
40319931	0.0180859660454375
40320221	0.0044453583752438
40320740	0.00174595868964323
40321191	0.00155237400725456
40322660	0.00989682129229747
40326370	0.00750416421042026
40327521	0.00155237400725456
40334841	0.0015951445670861
40335490	0.00155237400725456
40335620	0.00262222635744253
40336730	0.00293741202897518
40337160	0.00243986146004021
40337311	0.0015951445670861
40337321	0.00180651163619856
40338250	0.00155237400725456
40338510	0.00155237400725456
40338971	0.559089893589236
40339470	0.00514437521006968
40339880	0.00388546255441801
40341410	0.00184179503178954
40341550	0.00155237400725456
40342161	0.00440497007335853
40343050	0.0020974256905933
40343210	0.00193815942103634
40346841	0.0136502527150576
40348330	0.00155237400725456
40349670	0.0174531321098007
40351740	0.00180215193271313
40353670	0.0071975768255132
40355251	0.00161371683249633
40362230	0.00798123325605005
40364880	0.00328402737783808
40365731	0.00308881276719894
40365950	0.00155237400725456
40366920	0.00315531042910384
40367541	0.00155237400725456
40367811	0.00581411571686407
40370360	0.00189612579864114
40371080	0.0151670217122943
40377390	0.00211142908301282
40377451	0.0363753430106064
40377700	0.00213767487132103
40377960	0.00156096868154157
40378701	0.0125845018606555
40381010	0.0015951445670861
40383101	0.00180531471165895
40383630	0.00155553736144322
40384720	0.00155237400725456
40385881	0.00176014537950641
40389461	0.0376377517691004
40390120	0.00170515368513605
40390920	0.00472148140438774
40391780	0.00219078729183491
40395330	0.00392134883248274
40395661	0.00870529946843759
40395770	0.00223954620092599
40399500	0.0053809100642248
40405420	0.146502468047907
40405840	0.00449421096741378
40407610	0.00160867873256995
40410650	0.0156789457235316
40412061	0.587760810269044
40412751	0.00570174521342069
40414770	0.0101179827687126
40416720	0.0197865142500398
40418551	0.00155237400725456
40420860	0.00155237400725456
40423600	0.00189295964845288
40423661	0.00169138713578844
40424600	0.00288582731891466
40426240	0.00408201766985998
40427521	0.00370392003931322
40427630	0.00178385919832243
40427931	0.00321825122147941
40431760	0.029951404016806
40431931	0.00708407142887436
40433840	0.00156492173366445
40433861	0.00159980547865461
40435740	0.00155237400725456
40435931	0.00182595933375709
40437181	0.00330159345311803
40441290	0.00481574369647922
40441390	0.0316016018769345
40448201	0.00155237400725456
40448430	0.00475704691091517
40449171	0.00360089670337789
40449680	0.00155237400725456
40451220	0.00155237400725456
40452290	0.0015730297093444
40455330	0.00413748011066656
40456440	0.00170028342911251
40457400	0.00159648809429517
40457560	0.00286315302492114
40457731	0.00155237400725456
40457991	0.00198519086461125
40459791	0.0015951445670861
40460020	0.00173587897084842
40462360	0.00183842865367678
40463450	0.00168382355520253
40464430	0.00282341164805482
40464751	0.0015951445670861
40465130	0.00281185629949306
40465810	0.00305543370839977
40466800	0.00382826708244887
40469721	0.00166157086744812
40470011	0.00160988540896555
40470230	0.0020512216830197
40471651	0.0800347156371676
40473161	0.0015951445670861
40474551	0.00155237400725456
40475381	0.0015951445670861
40477591	0.00183570330478416
40477981	0.00799812319119392
40478910	0.00454418133791181
40479911	0.00345359087164591
40480351	0.527245616891649
40482001	0.00243054610253367
40485960	0.0015842860020072
40486640	0.00171656118800458
40486650	0.00170673040168644
40487350	0.00399062731807927
40490760	0.00495141183484147
40495661	0.0219599497934007
40498831	0.0015951445670861
40499730	0.00621921643463638
40500341	0.00161330171396195
40500850	0.00161466844970202
40502971	0.00156512401636283
40503781	0.00574391342530977
40505380	0.00271816386679662
40506681	0.00155237400725456
40511781	0.0021409883793404
40512191	0.00438270443053351
40512960	0.0850696572197603
40516280	0.00169403242445244
40518800	0.00159363943360732
40518961	0.00368564792998023
40519070	0.00177912830208096
40521390	0.00496478458065755
40523101	0.00161227503833834
40523860	0.00161227503833834
40524881	0.00562179241532968
40525130	0.00161790414290756
40525431	0.00395440460805194
40527730	0.00396135465209722
40528300	0.00179491265121244
40528440	0.0240070480933972
40529431	0.00174141150291187
40529841	0.00564506280625292
40533940	0.00812187292591027
40537171	0.00155237400725456
40538080	0.00163409648514156
40538391	0.00240762024595588
40539880	0.00196958863759433
40540611	0.00280744194702114
40541540	0.00391594450177532
40541680	0.0015951445670861
40543791	0.00161227503833834
40544980	0.00412444375245844
40547180	0.00190929934180197
40547900	0.0015951445670861
40548181	0.00549418800738676
40550961	0.00156492173366445
40551340	0.0362836334697486
40552290	0.00200855291907004
40556840	0.022198921488674
40557031	0.0677750139803546
40559190	0.00157096948346085
40559310	0.00303236519115278
40559491	0.001765568335158
40559590	0.00550362040590832
40561510	0.00174612628890125
40562261	0.00155237400725456
40562650	0.00281711474327073
40562681	0.00166605337579116
40565960	0.00161136124033963
40567300	0.0219099187746118
40569861	0.0015951445670861
40570380	0.0042370341764091
40573400	0.0350271473313282
40574230	0.00259663787486637
40574240	0.00268921103440965
40574821	0.00291169352271534
40577441	0.002211976310657
40578661	0.00156096868154157
40580871	0.0042911433054618
40581851	0.00193275185539193
40584061	0.00455217853776634
40585390	0.0314454268194629
40588160	0.00155237400725456
40588690	0.00837271330243007
40588751	0.00160546143595618
40592201	0.0015951445670861
40594210	0.00161227503833834
40594401	0.00315792017467435
40597260	0.0015951445670861
40598510	0.00182328277967073
40599330	0.00155237400725456
40600611	0.00474216566938251
40607211	0.0015951445670861
40607570	0.0872471432148383
40608741	0.00182627407959745
40612181	0.0185005429880969
40613510	0.00385793435664105
40616051	0.00348489120927377
40618620	0.00333543951423601
40619060	0.0027040419640075
40619870	0.00157096948346085
40621151	0.00319381631801991
40621950	0.00155237400725456
40622101	0.00182962637710367
40624150	0.00264234577393503
40624321	0.00308294411982866
40624881	0.00161606945930372
40625691	0.00155237400725456
40630200	0.00155237400725456
40633100	0.0413470554158112
40634060	0.00155237400725456
40635980	0.00156492173366445
40638500	0.0015951445670861
40641021	0.0015951445670861
40642370	0.00155237400725456
40644721	0.00159710380446657
40644980	0.00238836216989829
40647450	0.00328776956163032
40652670	0.00155237400725456
40653360	0.304477011806891
40656950	0.00432034598294824
40657780	0.00909082211952689
40659980	0.0015951445670861
40664810	0.00254937690867647
40666780	0.00269217085674632
40668270	0.00155237400725456
40668970	0.00186170176250768
40669940	0.0015951445670861
40670880	0.0142323967373613
40672840	0.00246339560390829
40672991	0.00425478502378582
40673100	0.00248719639153873
40674340	0.00885375189086032
40677971	0.00434289772802845
40679771	0.00293857181756959
40680280	0.00360398563501438
40681821	0.00156890846419704
40683180	0.0283344302141542
40685780	0.010117904405806
40687860	0.00975577229262985
40688670	0.00563595211350039
40689131	0.0115583709207774
40689701	0.0027171773341808
40694931	0.299112576122361
40695450	0.00234659115129433
40697701	0.00576440497274645
40697930	0.00155237400725456
40700270	0.0387841761149639
40700700	0.00238987835848011
40701950	0.0020090562390878
40703580	0.00826674596310504
40709401	0.00354260667326431
40709701	0.00201311080246252
40710460	0.00481328164777042
40710770	0.0110940851188639
40710931	0.00155237400725456
40711331	0.0015569101408339
40712041	0.0035738496890901
40712250	0.00158366727735041
40712321	0.267041329553322
40713681	0.00173513934226526
40713701	0.00241990899668535
40715320	0.00239530242935174
40716031	0.00189759363069477
40717831	0.0115824098108539
40719150	0.00250491917380213
40719481	0.00228319528257003
40719850	0.00160731506519144
40719970	0.00190947302953703
40721500	0.00244794874935015
40722050	0.00241107117872894
40722480	0.0207339871584016
40723621	0.00194569597448898
40724690	0.00155237400725456
40727170	0.00178019533502787
40727491	0.00222105464990824
40729131	0.0015951445670861
40729510	0.00161790414290756
40730040	0.00156944749594279
40731170	0.00155237400725456
40732010	0.00186044989051428
40732581	0.0051982880590042
40733691	0.0015951445670861
40733770	0.00155237400725456
40736591	0.00174606287040451
40736851	0.0015951445670861
40746040	0.0847279245322627
40750091	0.0125095385828983
40753541	0.0015951445670861
40754101	0.0102731038049883
40756110	0.42145247904003
40759020	0.00163089881308802
40760820	0.00312187678800115
40761281	0.00603712515890123
40762620	0.00315769925559443
40763720	0.0015951445670861
40767020	0.0274662739376401
40767901	0.00155553736144322
40772041	0.0031739304799562
40773691	0.00161227503833834
40774101	0.00170505657638831
40774900	0.00278872094874177
40775631	0.0430180479007043
40778590	0.00169138713578844
40778781	0.0775605628291456
40778900	0.0892497800926077
40778941	0.00390017045283446
40779140	0.00275760928248625
40779201	0.00489564329385043
40781070	0.00389907477536232
40782330	0.00183471120953785
40784851	0.0019779377340643
40785401	0.00391837459066841
40786320	0.00155237400725456
40786730	0.00158348298842786
40786791	0.0349759757964471
40788581	0.00156970651349801
40788711	0.00196012212945432
40790371	0.00335447994614883
40790450	0.0015951445670861
40792181	0.00236465385763134
40796680	0.0017448603513708
40797001	0.00274591948558003
40797271	0.00155553736144322
40799150	0.00177961956231119
40802860	0.00175914057398362
40803180	0.00419621776708846
40803280	0.0029883210757901
40807140	0.00159769547950879
40807310	0.00687325947556919
40807450	0.00157623508829516
40807621	0.00323115201009949
40810511	0.00155237400725456
40812550	0.0015655298899166
40813141	0.00159511593342433
40813401	0.00347958882719931
40817900	0.00258881557714506
40820410	0.00422688898561684
40821930	0.00493475494792669
40823140	0.00209245678096194
40823150	0.00185181594510886
40823331	0.0015951445670861
40823580	0.00222147054396349
40823730	0.00396344911301951
40827130	0.00675061263901187
40830720	0.00169142528998702
40831020	0.0466435937111418
40831601	0.00169877635366669
40832021	0.00155237400725456
40834791	0.00283134764625289
40835550	0.00159488135869816
40837251	0.00447870700819398
40838101	0.00188954636442608
40839840	0.00297762760835832
40841360	0.00242577794744036
40843840	0.00157985020232283
40845681	0.00208600206308217
40848171	0.00363868580765115
40848701	0.0087716326932545
40849220	0.0378216860112327
40851331	0.00299697630635438
40851440	0.00166146565611838
40852940	0.00155237400725456
40854750	0.00525355368044422
40856920	0.00264441361802837
40857910	0.0955020791313343
40858750	0.00288693262343649
40859830	0.00162831954528296
40860171	0.00261871337929276
40860421	0.00240988110305574
40861121	0.00683081043736051
40862170	0.00163943034941072
40862330	0.0112056789847117
40864510	0.00405626180962734
40864851	0.0247865497839537
40864960	0.00466905185238541
40868390	0.0160880807817656
40868940	0.0015951445670861
40876960	0.00891106020641266
40877770	0.00155237400725456
40881090	0.00779839303831662
40881541	0.00206068249715839
40882361	0.00519442804360985
40882990	0.00155237400725456
40883201	0.00155237400725456
40883580	0.00188099609343257
40883891	0.00162710925714171
40884561	0.00227081603165741
40884820	0.00156949447484686
40885131	0.0020194795191153
40889241	0.00499290851623239
40889350	0.00263559797357876
40889630	0.00189252033570194
40892291	0.00248306469593689
40893510	0.00169833809990558
40899030	0.00158779241557088
40899861	0.0251699709020929
40900260	0.00175555957535678
40901661	0.00165913685518952
40903130	0.0702025383148457
40903430	0.00328915251408281
40903580	0.00166483681910127
40905360	0.00247446419260211
40910730	0.00313195559072964
40914020	0.00326239767890202
40915300	0.00672373398803825
40915881	0.0259810403034109
40916161	0.00172415729909913
40917610	0.033368249469702
40917671	0.00253557621398597
40918200	0.00175020481895138
40918300	0.00179437192647559
40918730	0.00320969222902274
40921340	0.00161946470570261
40921531	0.00200775103636977
40921620	0.00159290286954631
40921791	0.00723032906137964
40924971	0.00188026872469438
40924981	0.0041544591933831
40929620	0.00369956361339619
40929951	0.00582042236349158
40930860	0.00347038495151857
40931581	0.00200897197445571
40933610	0.00158779241557088
40935670	0.314683874114949
40935810	0.00155237400725456
40936841	0.00163964189419155
40936910	0.0015951445670861
40936971	0.00155237400725456
40937770	0.00161136124033963
40938030	0.00161790414290756
40938170	0.00177559599998426
40938341	0.0015951445670861
40938730	0.00161227503833834
40939680	0.00287460576886543
40940120	0.0468515616703162
40940301	0.0382669210600257
40945801	0.00253686133360973
40946071	0.00244661451456532
40946201	0.00156008272409754
40949210	0.00417183302629852
40950091	0.0019319388596982
40950320	0.00279145354895546
40951181	0.00277301257993939
40951670	0.00608668249073
40954730	0.00155237400725456
40956640	0.0110438800232808
40956650	0.00168050410262972
40956790	0.00251233894000106
40957190	0.00155553736144322
40958150	0.00155237400725456
40958211	0.0015951445670861
40958310	0.00155237400725456
40958570	0.00156096868154157
40958710	0.0015951445670861
40960271	0.00155237400725456
40961760	0.00155237400725456
40965460	0.00562877607141928
40967140	0.0017781809776419
40972151	0.00210246273001168
40973511	0.00158670963428244
40975191	0.00199625857640495
40975550	0.00173202327780919
40976670	0.00228771883534754
40976681	0.00163308848355139
40977070	0.00161790414290756
40977200	0.00155237400725456
40980390	0.00287022558122131
40980790	0.0016225058861198
40980971	0.00338389605668641
40981780	0.00914622677694106
40982700	0.00231803940519119
40984380	0.00156890846419704
40987161	0.00221918956937516
40987741	0.0025192284281973
40987851	0.0257411156025455
40988131	0.00155237400725456
40989880	0.00440573888566984
40990020	0.00160309422045798
40991191	0.00179194806063001
40991530	0.00155237400725456
40991581	0.00231793590082058
40991960	0.0015951445670861
40992240	0.0374665240978752
40993350	0.00163308848355139
40994491	0.00156970651349801
40994590	0.00404463660544777
40994710	0.0015951445670861
40994720	0.00499117187677358
40994891	0.0330176378513138
40995540	0.0015951445670861
40998840	0.00342694005313837
41001750	0.00156944749594279
41002040	0.00161916782348687
41003550	0.00158619616119475
41008100	0.0195196753635637
41008650	0.00155237400725456
41009320	0.00158343101199194
41009340	0.00376819054453773
41009740	0.00155237400725456
41010710	0.0124841119653997
41011120	0.00298241895579646
41011980	0.00223506859033778
41012100	0.0015951445670861
41013200	0.00156970651349801
41013320	0.00158602379144527
41013641	0.00171986130721864
41013791	0.0015951445670861
41014430	0.00241114515524963
41014460	0.00730451870569831
41015830	0.00298697811555934
41016920	0.00170033004039975
41016971	0.00233808398713937
41017500	0.00431818886212696
41018040	0.0015951445670861
41018980	0.00161268769980449
41019690	0.00169483328349364
41021330	0.00161790414290756
41022471	0.00234650874634444
41023700	0.00172122914391956
41024640	0.0145522105492433
41026050	0.00679762245092284
41027690	0.00156096868154157
41028350	0.00926316230810268
41028930	0.00203543613687484
41029870	0.00161227503833834
41030040	0.0015951445670861
41030631	0.0015951445670861
41030840	0.00283073968518559
41031400	0.0015951445670861
41032011	0.0015550627241041
41032350	0.00181140051680439
41032401	0.001765568335158
41032510	0.0015951445670861
41038150	0.00309986508813101
41041101	0.00163328494023268
41041791	0.00269817668254947
41043800	0.0726982453779468
41045900	0.00161227503833834
41047150	0.0015951445670861
41049231	0.00924542801782834
41049371	0.00156096868154157
41050140	0.00155237400725456
41050600	0.00223179697267141
41051270	0.00199432574274177
41051970	0.00722257527466376
41051991	0.00295016267942825
41053241	0.00155237400725456
41053381	0.0015951445670861
41053931	0.00231803940519119
41057180	0.00156492173366445
41060281	0.00155237400725456
41060401	0.00155237400725456
41062051	0.00156970651349801
41063930	0.00286768998074587
41064910	0.0953705854895765
41064940	0.00277268701071608
41066051	0.00155237400725456
41066160	0.00158366727735041
41066440	0.00190154852952429
41066450	0.00219952768827646
41066870	0.00205714665080629
41067530	0.00161136124033963
41067960	0.00193744794237784
41070420	0.00761509918822275
41071581	0.00288496822063338
41072240	0.00155237400725456
41075591	0.0415443893923863
41076230	0.0514859395835557
41078331	0.00265967404958212
41078710	0.00208773754766931
41080630	0.00206073796010107
41080691	0.0245782995514111
41081350	0.00174695175751351
41081460	0.00448089543910373
41082191	0.00729515586276291
41082840	0.00268756894412914
41083830	0.0015951445670861
41084671	0.00281764606327793
41085231	0.00329878741076592
41085590	0.00162580197664495
41087270	0.0878906526344927
41087820	0.00332647786373816
41087950	0.00155237400725456
41093661	0.0457235777174966
41093750	0.0159951119759531
41093931	0.00172217156469988
41095731	0.00230543752999257
41095930	0.00156512401636283
41096070	0.00167841810943362
41096110	0.00191964429883624
41096831	0.00196970911000294
41097190	0.00259757168106734
41097480	0.00388354792299249
41099550	0.00352967976262461
41102430	0.00162710925714171
41102590	0.00319201615914281
41103250	0.00155237400725456
41103431	0.00699055646398474
41106010	0.00187519249006613
41106901	0.00156492173366445
41107400	0.00256808692917581
41107861	0.0018778898454894
41108360	0.0017581684497188
41108480	0.00161227503833834
41110611	0.00444769041519861
41111280	0.00190747694407383
41111930	0.0167846210810971
41112821	0.00155553736144322
41113781	0.00155553736144322
41114181	0.0223740374863728
41116821	0.0017581684497188
41118450	0.00355138502885759
41119161	0.0015951445670861
41122191	0.00323694079039408
41122201	0.00285952099036345
41123441	0.00392995108658391
41123930	0.00583083427504026
41124210	0.0124286594540939
41124660	0.00201464134997872
41125590	0.00163178067517755
41125890	0.00155237400725456
41127380	0.00285645228877132
41129351	0.00231803940519119
41130850	0.00287309318798995
41131390	0.0126847535001427
41132920	0.00155237400725456
41133781	0.00388235211635504
41134160	0.0015951445670861
41135650	0.00357306006529702
41135660	0.00155237400725456
41138420	0.00156492173366445
41139370	0.00196233134318854
41140640	0.00230421442620125
41140961	0.00313211683464248
41141170	0.00155237400725456
41141620	0.00271547216908686
41143110	0.00808472243123739
41144930	0.00156512401636283
41146960	0.00461325498907983
41147120	0.00156096868154157
41148531	0.00183299068173485
41151281	0.206225573737323
41151410	0.0397569143528242
41151971	0.00455122218486056
41152811	0.00155237400725456
41153050	0.00288284201786249
41155920	0.00302777965419464
41156340	0.00210991668059537
41156510	0.00691459473906577
41156760	0.00155237400725456
41158550	0.00168558924061508
41158570	0.00155237400725456
41158741	0.0268704269322939
41159250	0.00184793936273337
41159281	0.00183176186157003
41162341	0.00270725188786819
41163141	0.0016277306255405
41163981	0.00374173784594994
41164090	0.0284181600755063
41164220	0.00408281676635834
41164801	0.00247163119758613
41165071	0.0211837853019548
41166020	0.00161136124033963
41166591	0.00511141408649791
41167031	0.00245819010939793
41168951	0.00443344150314508
41171380	0.00170505657638831
41172900	0.0354882075686218
41173310	0.00485267780021106
41175421	0.00291579082728617
41178430	0.00421916463751727
41178550	0.00234266582203787
41178601	0.0015951445670861
41179291	0.00313772418066558
41180200	0.00186100425721287
41181361	0.00177197500393662
41185491	0.0355568088034077
41186030	0.0671234919430124
41186410	0.00156512401636283
41186611	0.00748366026964923
41187270	0.00680113336191112
41187291	0.00156096868154157
41187930	0.00277729869242573
41192750	0.0015951445670861
41193320	0.177668362322434
41194030	0.0015951445670861
41195680	0.0167929635694633
41198041	0.00255413579111232
41198440	0.0153670206908693
41199540	0.00182487118155296
41201020	0.00163185906987978
41204101	0.00162244822842318
41204500	0.00287005987348011
41207250	0.00796794003438059
41207370	0.00162205444705299
41208811	0.0152601572703707
41208821	0.0015569101408339
41208931	0.0292422897933022
41210461	0.00346976034476303
41210680	0.00467451003420684
41211141	0.00155237400725456
41211270	0.00155553736144322
41212070	0.00161606945930372
41212671	0.00222512454959485
41216381	0.00155553736144322
41218410	0.0015951445670861
41222010	0.00393546027484716
41224080	0.00234291492324812
41224521	0.00277627560991147
41225450	0.0083465515051108
41225730	0.00170346853924013
41225750	0.0017577293848193
41226280	0.00366311026152694
41230611	0.00341098577128659
41230721	0.0102698423091472
41232630	0.0015951445670861
41233501	0.00274893705105969
41234461	0.0230855527300356
41236750	0.00366508796158781
41236900	0.0015951445670861
41237621	0.00413632728283613
41238581	0.00225952867581453
41239120	0.00155237400725456
41240661	0.00155237400725456
41241481	0.0025356458940266
41242181	0.00234708197409868
41242430	0.00164518145876052
41243640	0.0378803126773337
41246721	0.00253302250664423
41247800	0.0016397194642947
41247831	0.00158348298842786
41248381	0.00163674870573835
41253150	0.00452358163254808
41254010	0.00155237400725456
41256121	0.0284537036954092
41258140	0.00781476886171812
41258331	0.00155237400725456
41258581	0.00702683192378717
41258840	0.0470693162614643
41258991	0.00163042672869715
41259131	0.00157799765883384
41259400	0.00327539240176947
41259821	0.00183343138449574
41262690	0.00503797369192766
41262840	0.00279779772706631
41263950	0.00536181522208939
41264070	0.00182943241961244
41264381	0.00241766184755775
41265020	0.00293629708320365
41266540	0.0652352627759127
41268671	0.00161505113448967
41270970	0.00665874270466314
41272241	0.00824315532002717
41274690	0.00552156072661675
41275390	0.00328227613619557
41276261	0.0110228433748918
41276870	0.00155237400725456
41277471	0.00200723793756393
41278960	0.00207918045278185
41279681	0.0254716844568975
41280080	0.00291064189883355
41280671	0.002601864105869
41280740	0.00279826454780491
41283131	0.00329899261257653
41285180	0.0113124382419001
41285751	0.0887567598717338
41286830	0.00155237400725456
41287510	0.00156096868154157
41287790	0.00895469391884446
41287950	0.0015951445670861
41289020	0.00564600739838101
41289570	0.0015951445670861
41289911	0.0144286603087067
41290830	0.0126386102594932
41291001	0.00165898674106174
41291380	0.00155237400725456
41292091	0.00337470246237651
41295640	0.0462695189447725
41297570	0.00351134209430104
41297730	0.00155237400725456
41298980	0.00176797747429778
41301751	0.0143451457144443
41302051	0.010343353246404
41303810	0.00196285321298589
41304220	0.00155237400725456
41305150	0.0027996136955262
41305180	0.0015951445670861
41307100	0.00155237400725456
41307670	0.0015951445670861
41309430	0.00165378087754819
41310711	0.0015951445670861
41312371	0.0876520104502023
41312531	0.0016397194642947
41314721	0.00284620819241711
41316730	0.0015951445670861
41316740	0.00862274606698805
41317331	0.0015777681318045
41317430	0.00248737145653775
41317730	0.00366036678733729
41321310	0.00155237400725456
41321891	0.00262538677595922
41322670	0.0513126308275899
41323401	0.0015951445670861
41323951	0.00157604308015066
41324241	0.00207937761924444
41325081	0.201288757988189
41327900	0.00155237400725456
41332750	0.00274591948558003
41335380	0.00176729134791842
41335520	0.00182175911761715
41336340	0.00174346078732813
41337631	0.00173772238270631
41339110	0.00167841810943362
41339930	0.00845220387504018
41341460	0.00391762072873478
41342820	0.0015951445670861
41342861	0.00207906630761426
41348620	0.00240379695673505
41350530	0.00155237400725456
41351390	0.00786094737400645
41351530	0.00199663884578257
41356501	0.00163044451608697
41357481	0.00293096168155558
41358250	0.00164458243604081
41358581	0.00519858315313776
41359401	0.00183484957100298
41360210	0.177919682075843
41361761	0.00163341839173802
41362530	0.0023696806170905
41364361	0.00156944749594279
41365071	0.00224526158322769
41366700	0.0015569101408339
41367220	0.0187863861187759
41368210	0.00849534848507401
41371790	0.00510171610371057
41372361	0.00462936929461089
41372870	0.00247604316403741
41375541	0.00173794809033165
41376040	0.00158348298842786
41377020	0.00273116856165326
41378800	0.00229414648599386
41382940	0.0211832662364562
41384231	0.0015951445670861
41389471	0.00163319719210072
41392480	0.00244661451456532
41393300	0.0182022257779557
41394420	0.0028474644252186
41397621	0.00195501309482251
41399620	0.0667908042245736
41402960	0.00155237400725456
41405840	0.00371513240301155
41407760	0.00855449070859098
41412580	0.00282047091336212
41413550	0.00187519249006613
41415620	0.00342415506340927
41417300	0.00353615634119628
41421300	0.00322940269640873
41421690	0.00483270484298154
41421960	0.00176627650922913
41422130	0.00378445366016808
41422670	0.199160963570544
41424030	0.00160965556560435
41424081	0.00187519249006613
41424371	0.00414651589288652
41424440	0.0015951445670861
41426510	0.00156970651349801
41426971	0.00155237400725456
41426991	0.00155237400725456
41428491	0.0271046547595285
41429140	0.0308459664585628
41430140	0.00203625520455741
41430311	0.00238559352966364
41431671	0.00182335888053486
41432511	0.00938761507191369
41433601	0.00168157054720193
41434031	0.0197606951708828
41434650	0.00308922864533089
41438660	0.00334178139361025
41439210	0.00238217796338243
41443941	0.00174107323104764
41444081	0.00186003393668052
41444990	0.00177160500559494
41445881	0.00155237400725456
41445990	0.00157210545846702
41447930	0.00174606287040451
41448761	0.00175220792482011
41448990	0.00175382449774272
41450301	0.00155237400725456
41450520	0.00247704339518871
41451230	0.00309089010168972
41451541	0.00330767217221142
41452351	0.0015951445670861
41454141	0.00198122270314745
41454151	0.00156492173366445
41454240	0.00155237400725456
41454851	0.00180570853493132
41455801	0.00173100541799463
41457020	0.00567986241710816
41458421	0.0027163098274351
41459070	0.00818518702652166
41459210	0.0303317862062875
41466250	0.00339609125443137
41467480	0.00288948848561706
41467811	0.00165780628064628
41468091	0.00165102701822459
41468641	0.00445079755958295
41470410	0.0015951445670861
41472710	0.00164807070347036
41472890	0.0015951445670861
41474011	0.00636728410048318
41474790	0.00402163852729088
41476310	0.0124188518054945
41476901	0.00197616938296902
41477840	0.00474244111057808
41480330	0.00162676769282429
41481311	0.00329506139913546
41482400	0.00161838318071916
41482520	0.0015951445670861
41482571	0.0020160054173003
41484580	0.00161227503833834
41488050	0.0211778971607804
41490510	0.00155237400725456
41490520	0.00155237400725456
41492170	0.00161790414290756
41493720	0.00600019445075667
41494100	0.0136084828252807
41496911	0.00332516555076199
41499531	0.0118595147044626
41503541	0.00420137058964588
41504781	0.00631568612662313
41506011	0.00559813260515312
41509980	0.00642033272300364
41510291	0.0015951445670861
41517710	0.0570350055264627
41518250	0.00170965115337122
41521471	0.0015951445670861
41522530	0.00226264327774268
41523370	0.00288284201786249
41523640	0.00232462282402992
41525020	0.00164937951772398
41526520	0.00504407466744793
41526971	0.00489202362496875
41527511	0.00156512401636283
41528221	0.00176664769118838
41532170	0.00805257786051542
41532211	0.00270815337305497
41533260	0.00155237400725456
41535190	0.00185589494565934
41536211	0.00235413651307783
41536320	0.00162862497544177
41536730	0.0018392289663258
41536751	0.00241863396090054
41539220	0.00173397770718157
41542831	0.00161108549945088
41544501	0.00736215915659514
41544740	0.0015951445670861
41545181	0.00479197908786948
41545731	0.00552093709951578
41545810	0.00254056717739263
41546950	0.00367302793072007
41547330	0.496386469426615
41549130	0.0020426035915954
41551880	0.00155237400725456
41552611	0.0031466867573759
41562790	0.00340389221428903
41562940	0.00159839697099091
41563080	0.00225920852022392
41563340	0.00674466479331631
41564700	0.00161790414290756
41565140	0.00178019533502787
41565601	0.00449627791152657
41565690	0.00201378032820612
41566691	0.00164987423819162
41566810	0.0015951445670861
41568450	0.00335058025755347
41568631	0.00572114041863335
41569670	0.00249757955555568
41569991	0.00155237400725456
41575480	0.00235483064379201
41576491	0.015107122759457
41579890	0.00203913582056371
41583330	0.00279334295430198
41585670	0.0020989883100279
41596061	0.00169142528998702
41596150	0.00375358816286573
41598011	0.00157096948346085
41601110	0.00818351429672421
41605171	0.014104349756011
41608980	0.00160540748339551
41612751	0.00603405796069815
41619801	0.00515952462877138
41619931	0.00493510687077331
41621301	0.00312017872747345
41622240	0.00305255849057567
41624051	0.00156492173366445
41624621	0.00675791676522939
41627391	0.0015951445670861
41630131	0.00155237400725456
41630520	0.0578253788744459
41632351	0.00161268769980449
41634370	0.0015951445670861
41635220	0.00156970651349801
41635241	0.00281023500622862
41636850	0.00230318295311722
41637441	0.00178183168996179
41643791	0.00495854888961681
41647740	0.00282924438139959
41648580	0.00155237400725456
41648850	0.00155237400725456
41649041	0.00424984249917943
41649530	0.00282341164805482
41651070	0.00980992464754434
41655060	0.00161928266693624
41655361	0.00163153721855732
41656481	0.00256261399714396
41658490	0.0027800410600624
41659750	0.00188465216890691
41662500	0.0047052940200343
41668901	0.0179688559143126
41669151	0.0407401805825337
41670380	0.00155237400725456
41672030	0.00240782536818256
41673161	0.00402824033889454
41673940	0.00405908514333038
41675480	0.0101685327024404
41678961	0.00169644134688847
41680590	0.00229981290657871
41685810	0.00290238007004882
41689571	0.152548376899404
41690770	0.00544471117638157
41693591	0.0179126800592935
41697301	0.00284964633390044
41697701	0.00236488420810536
41701970	0.0229036382213911
41702380	0.13172471687551
41704720	0.00370079547568849
41707791	0.00792420897145527
41713410	0.00261028964593924
41714920	0.00309370601171612
41718770	0.0015951445670861
41718790	0.0025147540044305
41719921	0.0279564012433794
41726240	0.0015951445670861
41727470	0.00171150939626793
41728140	0.00161626013214126
41728280	0.00161227503833834
41728970	0.00226548374571982
41729841	0.00156890846419704
41730951	0.00306171340031222
41731641	0.0112070784427288
41732881	0.00607586128693945
41734961	0.00368458948820598
41735610	0.00484856328363687
41737260	0.00236201827836314
41737390	0.00280007774458852
41737510	0.00165623021085153
41737550	0.00463350083489271
41739180	0.0697986982790426
41739231	0.00227081603165741
41739330	0.00349189085040678
41739491	0.00160540748339551
41739771	0.0139661744783346
41740601	0.00221332523568549
41742610	0.00309955725620436
41743580	0.00156970651349801
41743720	0.00155237400725456
41744020	0.00195675498572475
41744160	0.00570660315583763
41744871	0.00196366690760172
41746080	0.00201545406812574
41746941	0.00314284839060655
41748201	0.00161136124033963
41748710	0.00231803940519119
41748970	0.0382444133209583
41749650	0.00166251849522631
41750961	0.00303288255439695
41752310	0.00507221681193493
41756980	0.00344764982547695
41760881	0.00183262679278551
41762480	0.00238767404357861
41762941	0.00179601954401431
41762951	0.00273471264504351
41764140	0.00155237400725456
41764290	0.190192670186386
41764840	0.00163129921008655
41764850	0.00212160311409059
41764871	0.011258225299797
41767190	0.00537123021739192
41767361	0.00160731506519144
41767740	0.0015951445670861
41771600	0.00347716985228593
41772201	0.303023709946832
41772331	0.00282358549968117
41773001	0.0033659006660102
41773090	0.00178434073961693
41774801	0.0691082840763675
41775221	0.0266841881259898
41776540	0.00173259325452057
41777820	0.00693162144669588
41777831	0.0123653971869469
41778381	0.0211531829097327
41778681	0.00229730874247496
41779990	0.00156492173366445
41782190	0.00155237400725456
41782750	0.00348536923522259
41783720	0.0141954110464736
41784140	0.00615018033156149
41786671	0.00155237400725456
41786880	0.00584121871171707
41790470	0.00846833153863259
41790760	0.00282592231733367
41790811	0.00227081603165741
41791310	0.00155237400725456
41792270	0.00259710202096461
41793001	0.00167032385564203
41793370	0.00161791148528083
41794531	0.00155237400725456
41795730	0.00395391395054728
41795860	0.002977677689478
41797540	0.00339334803355886
41798671	0.0015951445670861
41798791	0.0044379098415892
41801291	0.00199826999527874
41803060	0.00155237400725456
41803631	0.247604621353754
41805800	0.00195297493176091
41807570	0.0745340707087973
41809981	0.100667273843152
41810801	0.00193982527242182
41811341	0.0015951445670861
41811621	0.00251855732921432
41815891	0.00155237400725456
41815911	0.00227081603165741
41816440	0.00156492173366445
41816950	0.0024341152546025
41817510	0.0066907841156561
41820270	0.00523098195172848
41820311	0.003564486112003
41820861	0.00226535807309017
41822811	0.00260516645352504
41823990	0.00199547704640617
41824041	0.00171394543174887
41825090	0.00456696319971746
41827440	0.358316258107564
41828461	0.0421324890870426
41828540	0.0037264811979959
41828810	0.00869703480903675
41829001	0.0015951445670861
41830050	0.00250285375719184
41831211	0.00171036983244616
41832441	0.00180129635757207
41832881	0.00206128905499904
41833571	0.00182801000654866
41834740	0.00303686089178118
41835470	0.0015951445670861
41836721	0.00582087747918653
41837561	0.00284774514162079
41837770	0.00223471491850715
41839180	0.00156492173366445
41839300	0.00247923975197332
41843071	0.00445059482508363
41844010	0.00384790856658398
41844430	0.00169644134688847
41844820	0.00201675279385934
41845360	0.0244402782059118
41845790	0.00155237400725456
41845961	0.00182774594191164
41852451	0.00159839697099091
41855470	0.00160571574639816
41856530	0.00199957344964064
41857780	0.00548645688059439
41858251	0.00205998489918612
41858610	0.00168110196644448
41859150	0.00196274752647825
41861260	0.00747080253193926
41861541	0.0248872937418839
41862101	0.00362807479777026
41862811	0.0040805404643218
41863460	0.00330476536556169
41863891	0.00155237400725456
41864430	0.00402835585575966
41865120	0.476431984290704
41865650	0.00503820446142411
41865681	0.00202435116572727
41866320	0.0015951445670861
41866610	0.00441555828925943
41867901	0.00347435651495986
41868410	0.00424251027260655
41868710	0.00436405304265463
41868871	0.0015951445670861
41869810	0.0015951445670861
41870360	0.00940002158830481
41870381	0.0126202279253107
41871310	0.00359585074727386
41871891	0.00415023179033842
41873250	0.00263021308377053
41873510	0.00314264513020502
41874050	0.00176330479451368
41874490	0.00156970651349801
41875840	0.00718322499608159
41876940	0.00156096868154157
41880270	0.00900033809691815
41882460	0.00196479034098199
41885370	0.00156492173366445
41887020	0.0113520481278555
41888700	0.0616771670371924
41889141	0.00195060714761151
41891970	0.0190763720200618
41896451	0.00651177159506443
41897490	0.00236887827028543
41899071	0.00469852133481989
41899911	0.00156492173366445
41900260	0.00253375151575992
41900540	0.00793196213821166
41901800	0.0024686328720009
41902241	0.00543273493422537
41902521	0.00155237400725456
41906350	0.00157604308015066
41907860	0.00194402517459872
41907881	0.00231803940519119
41909100	0.00175121442740966
41910220	0.0017031512339704
41911720	0.0105954701800678
41911870	0.0103519760850781
41912800	0.00867740814737417
41912840	0.00183378574032643
41913281	0.00801913881674302
41917831	0.0456718313515132
41919970	0.00161790414290756
41921360	0.0015951445670861
41924680	0.00158602379144527
41924690	0.0405990398575558
41925660	0.00155237400725456
41926740	0.00273010741414455
41927710	0.00193990271371993
41928711	0.00177961081396256
41928830	0.0018191955321441
41929011	0.00419513429729963
41929691	0.0021341342982058
41929951	0.001833561120226
41932150	0.00181819751899672
41932441	0.00201800525481121
41934921	0.106280282170574
41935990	0.00163089881308802
41936991	0.00166938777510146
41942870	0.00193053117842452
41944950	0.0020948421418044
41945790	0.0313799699911568
41948680	0.00656357734196864
41951430	0.0015951445670861
41952861	0.00468296011947429
41953770	0.0081825048063539
41953961	0.00156512401636283
41955611	0.00181762939020122
41955970	0.0021064167654471
41956291	0.00162710925714171
41962750	0.0015951445670861
41962791	0.00155237400725456
41964420	0.0041440665967901
41964560	0.00159462923885918
41965900	0.0027373534671136
41966781	0.00156512401636283
41968311	0.0106808317580663
41971201	0.0016315868805505
41971450	0.00184478506355104
41971730	0.00195845889175815
41973421	0.00161790414290756
41975970	0.00204150377428629
41978200	0.0116590765159065
41978651	0.00164458243604081
41978760	0.00170255455584251
41979621	0.0126785393589952
41980021	0.0626890364611579
41981811	0.0018710175819137
41982310	0.00246932809303087
41983321	0.0019321629739691
41984550	0.00257373023670403
41985671	0.0152866243794504
41988820	0.00155237400725456
41989671	0.00175409138119589
41990470	0.00909170256017671
41991321	0.00158348298842786
41993001	0.0015951445670861
41994381	0.00169877635366669
41995751	0.00155237400725456
41997090	0.00155237400725456
41999560	0.00322501495763469
42000130	0.0071344153999431
42001080	0.00458886910611321
42001520	0.00387806419430927
42002381	0.0015951445670861
42005261	0.0023805572933265
42008000	0.00157096948346085
42011830	0.00205137851648546
42013531	0.00183055032226572
42015000	0.00242830501503786
42015710	0.134449700935639
42018631	0.00953662742695824
42020021	0.00181635295336086
42020161	0.00605882192865602
42024540	0.00540868496291938
42029920	0.00254414736369027
42033951	0.00185304251039186
42034190	0.00163286924479377
42034241	0.00412940529141945
42037531	0.00324423539580162
42039331	0.00275233855553579
42039680	0.00264783155787605
42041370	0.00266755324860305
42043030	0.00312634723569575
42043690	0.00493332518339246
42044680	0.00161790414290756
42049210	0.00165891813976392
42049620	0.00447642343175713
42050020	0.00155553736144322
42052431	0.00241173592048402
42052441	0.00648556533888476
42060431	0.00169644134688847
42060810	0.00453416838485747
42062320	0.00471942267754993
42067690	0.0069485284255348
42077811	0.00333996320326493
42079601	0.0132154492993358
42084250	0.00980159944550094
42086771	0.00242393933933845
42087000	0.00185376567084757
42087550	0.00255982520939053
42089750	0.0223394626161698
42091181	0.00241783875317772
42091290	0.00636131458615842
42095680	0.00185181594510886
42100141	0.002096688289914
42104120	0.00163952323622755
42109261	0.00158670963428244
42111591	0.00972973022046717
42112701	0.00161636844780264
42115601	0.00156970651349801
42115611	0.00169833809990558
42118730	0.125600362461124
42119471	0.00169142528998702
42121381	0.00304258599365132
42123280	0.00156890846419704
42128571	0.00394538363907144
42134040	0.00273992081518717
42136701	0.00180385244931234
42137080	0.0041467110265871
42141500	0.00295061702758998
42145261	0.00169429788178199
42146621	0.00452432703653145
42147851	0.0212816371490047
42149511	0.00183852638247724
42150481	0.0433502085853038
42153470	0.0029228173051131
42156630	0.00579853490254921
42156691	0.00188098096676437
42159161	0.0426993983576316
42160500	0.00802253760319378
42160971	0.00163553824814998
42162221	0.0562075937912721
42163851	0.00155237400725456
42164080	0.00173633875045228
42164821	0.00156890846419704
42167410	0.00611592162521726
42169600	0.00999095107935741
42169610	0.00199438759189676
42170491	0.0170521646441684
42171390	0.00348875315489961
42177101	0.00155237400725456
42181180	0.0133918999011456
42182720	0.0133775486719118
42187871	0.00324618754448524
42190310	0.00210615845999643
42191711	0.00156970651349801
42194201	0.00159980547865461
42195461	0.0074647774578039
42195830	0.00155553736144322
42196390	0.156297476199435
42197220	0.00155237400725456
42198211	0.00183628629099445
42198341	0.0015951445670861
42200131	0.00236403303751652
42200360	0.05251480507906
42201470	0.0176755678231583
42203260	0.00332647786373816
42203270	0.0015951445670861
42206600	0.00413577883639398
42207130	0.011280753380782
42207150	0.00830932676131653
42208230	0.00155237400725456
42211660	0.00169774994995429
42212281	0.0238909989225577
42212821	0.00575454209810776
42215031	0.00192007742603212
42217600	0.0195028052289589
42222450	0.0031605491843288
42222560	0.00241651588109003
42224900	0.00169138713578844
42224930	0.001649131498163
42225101	0.00237412773547484
42227660	0.0182550541745592
42228070	0.00208662043672148
42228701	0.00298328245001848
42229241	0.00251377753511387
42230051	0.0015951445670861
42231140	0.00386530377240871
42232281	0.00167841810943362
42234320	0.00169138713578844
42238850	0.00188281559145112
42241490	0.00156512401636283
42243120	0.00176702894037438
42245651	0.00291572831046666
42245740	0.00252408261757551
42246051	0.00161429530128257
42249630	0.0122355978248465
42250051	0.00331228044208064
42250761	0.0604515534524698
42251021	0.00195065354656799
42251790	0.00384434555978929
42254410	0.00155237400725456
42254461	0.00579288429801119
42255100	0.00174612628890125
42256900	0.00269000279108981
42260100	0.00223087020113893
42261641	0.00249393814102898
42262720	0.00244560456946515
42264930	0.00222356181692818
42272360	0.00168110196644448
42272500	0.00155237400725456
42272520	0.00569606128378548
42274181	0.00244140416520976
42275100	0.00274591948558003
42275991	0.00904778825294283
42276951	0.0231493036632085
42277620	0.00173206525268143
42278310	0.0059264406019799
42280620	0.00370989344736977
42282720	0.00281665687640562
42286471	0.24007134193458
42287510	0.00397119577167224
42287820	0.0498336247411765
42289310	0.20052786451331
42290310	0.00156492173366445
42297310	0.00166171589019081
42298580	0.00164835245145383
42298590	0.00216392074284765
42299971	0.00169142528998702
42300100	0.00155237400725456
42300200	0.00220770803152971
42300360	0.00161227503833834
42302601	0.0015951445670861
42303291	0.00158348298842786
42304121	0.00155553736144322
42307270	0.00156008272409754
42309361	0.00186359868625759
42309470	0.00808268476142624
42314310	0.0164832067133497
42315670	0.00181530723881386
42315721	0.0243792344890176
42315920	0.00181990321284131
42318700	0.010735718430767
42318990	0.00375850624234796
42319281	0.00161227503833834
42323000	0.00289239956457562
42323400	0.00156492173366445
42324271	0.00165913896575699
42324370	0.00332647786373816
42327171	0.379460617602456
42330331	0.0206578245629358
42331550	0.00170346853924013
42332060	0.0015951445670861
42332401	0.00494852047807697
42333160	0.00188461172547425
42336681	0.00391480563941288
42337620	0.001853622970356
42343120	0.00876073465669481
42345030	0.00408887241779902
42348220	0.00614011506550479
42349211	0.00307458299924879
42349450	0.00155237400725456
42350300	0.00169142528998702
42350871	0.00165576316955826
42351561	0.00299872562196435
42352801	0.0169170264985654
42353330	0.00391349969267346
42354140	0.00560878203463765
42354331	0.00265351378538003
42356090	0.00161916782348687
42356100	0.0182089419822389
42356121	0.00210002568043031
42356941	0.00196024160198822
42357491	0.00170383291384912
42359851	0.00182254162699162
42360671	0.00217565648197683
42362550	0.00172122914391956
42363680	0.00242558821590512
42364131	0.00339883364376844
42364671	0.00159769547950879
42370130	0.00218702069974818
42370970	0.00159986113824424
42372350	0.00249759121087098
42374471	0.00241849926043197
42374611	0.00155237400725456
42375640	0.00155237400725456
42376261	0.00442437578883901
42379230	0.00318386201456507
42381030	0.00155237400725456
42383161	0.00227081603165741
42387670	0.00291267843074591
42387991	0.0044982539792035
42388090	0.00177402689479662
42391530	0.00165832109739429
42392791	0.00242030344967254
42394960	0.00346004858079627
42397170	0.00384800315552398
42398430	0.00166776640512245
42402150	0.00302245727485414
42403271	0.00187451213794495
42410840	0.00195950566064088
42412521	0.00265524574253042
42414420	0.0023696806170905
42414471	0.00174305998988246
42417071	0.00391681077721948
42418830	0.0261400732298959
42420360	0.00631877886419988
42420661	0.0685387491689992
42423930	0.00155237400725456
42425320	0.0160057621602168
42428490	0.0497114521191955
42428880	0.0197680078445834
42428920	0.00156944749594279
42429720	0.00224796840494367
42431411	0.00167841810943362
42432220	0.00596796180072809
42433221	0.00155237400725456
42433330	0.00337409061702104
42434290	0.00165780628064628
42434820	0.00155553736144322
42435660	0.0229966033338112
42436060	0.0040833385317833
42436090	0.00194789271573758
42439380	0.00171986130721864
42440740	0.00188272128622695
42440760	0.00189141049513253
42443260	0.00175755373816206
42444671	0.00181723297173514
42446420	0.0015951445670861
42446881	0.0015569101408339
42449201	0.00584272663319456
42449580	0.0152965446490587
42452231	0.00185181594510886
42454950	0.0015951445670861
42457010	0.00392057084326284
42457180	0.00447545717728898
42457631	0.0670963528045219
42461180	0.013025598950214
42461361	0.001653167853603
42463500	0.0109514615246992
42463950	0.00174606287040451
42464620	0.00180803174437653
42465030	0.00324288588514248
42466550	0.00459319527276984
42468750	0.00390930198628324
42469221	0.00310629449614574
42474171	0.0221785866049598
42476251	0.00934495394069769
42481221	0.030556748786958
42481631	0.00628749977295386
42482540	0.00999218256901157
42483141	0.00204689766364543
42486571	0.00304846789489331
42491390	0.00275784979099758
42491691	0.00178330502754831
42492040	0.0100457256498742
42493010	0.00161227503833834
42494390	0.00432927151112088
42494451	0.00409847214129215
42496241	0.0015951445670861
42499961	0.0245803067675336
42502830	0.0015951445670861
42503831	0.00278880602992598
42504060	0.0125519171633583
42505580	0.0019439234573345
42507930	0.00258246454671406
42510991	0.00156096868154157
42515920	0.00897555310762055
42517860	0.00271867797826914
42517990	0.00278157825633942
42518670	0.00155237400725456
42521341	0.00384529294119502
42524931	0.00158214114998999
42530161	0.0119007382936052
42531940	0.00156492173366445
42532771	0.00187519249006613
42533341	0.00156096868154157
42533761	0.00561995941114636
42539421	0.00735420529061066
42539951	0.00198479355176401
42540330	0.0015951445670861
42542581	0.00285964121340575
42542591	0.00168458556511659
42543920	0.00201668101014726
42546031	0.00156492173366445
42549020	0.0015951445670861
42551510	0.00156890846419704
42554660	0.0179054247573435
42557000	0.00739095010370486
42561201	0.00160856365358032
42563951	0.0015951445670861
42564641	0.00206671860676274
42565140	0.0811619726537382
42566540	0.00261686847413902
42569201	0.00231548342304939
42569901	0.0126990988135849
42571500	0.00429724482621076
42571640	0.0279660749501397
42573550	0.00161790414290756
42574000	0.00231067186158523
42575401	0.00161136124033963
42577331	0.00167459385123388
42580880	0.00177058634142552
42583770	0.005676801252119
42583941	0.00155237400725456
42586701	0.00652970453558023
42587401	0.515221520528684
42587531	0.00155237400725456
42590171	0.0015951445670861
42590260	0.0084968971765919
42594540	0.00170255455584251
42595531	0.0020006629026042
42595750	0.00155237400725456
42596730	0.00368927428808098
42597850	0.00586448666551085
42601881	0.0298531717091921
42603640	0.00164458243604081
42604101	0.00161136124033963
42607090	0.00408285730708642
42608771	0.00168981180838572
42608870	0.0218661254580155
42610281	0.00237088737069002
42611210	0.00391301866818248
42614421	0.0505702420426452
42618441	0.00258428398848058
42618550	0.00324098491430438
42625580	0.00155237400725456
42627801	0.0104694959239227
42628371	0.129701856288796
42635610	0.0015951445670861
42636631	0.00180128234566126
42638120	0.00319236753759567
42638510	0.0019239853838095
42639111	0.00269834350796638
42639640	0.00249218482743398
42641410	0.0015951445670861
42641751	0.00635495953734754
42641950	0.00206955384717473
42644371	0.0248576272491965
42644990	0.0020974256905933
42645170	0.00176122302410561
42646691	0.0121021552259681
42648231	0.00237151612337235
42649611	0.00174606287040451
42657850	0.00802694490224096
42658120	0.00174330752876723
42665550	0.00155237400725456
42665731	0.00166819389600187
42666001	0.0015951445670861
42672631	0.00301497776817575
42675381	0.00262029613932649
42676170	0.00831730613213812
42676211	0.00240264528295795
42676911	0.00160914393839737
42678981	0.00160818790645048
42679740	0.00340824873252341
42682240	0.00198224074224361
42682810	0.0015951445670861
42684300	0.00155237400725456
42686161	0.00173513934226526
42689430	0.00237682188390536
42691910	0.00169001838002633
42694421	0.0019319388596982
42695500	0.00171917324474946
42698250	0.00330552379256252
42698400	0.00809449307725665
42699900	0.00161790414290756
42701441	0.00155237400725456
42702571	0.00237517443099063
42703090	0.0248507982419832
42704860	0.0127679551511554
42705420	0.0015951445670861
42707610	0.173099401554514
42709540	0.00157004507272978
42712850	0.0017355941366707
42713710	0.0135731886236729
42716330	0.00161790414290756
42717441	0.00311544021969939
42718681	0.00334908520692964
42718770	0.00325953047429875
42719251	0.00156492173366445
42721570	0.00158779241557088
42724590	0.00626763025985665
42724621	0.00155237400725456
42725031	0.105038704285146
42725721	0.00155237400725456
42726281	0.00306568189446859
42730250	0.00189370360133713
42731360	0.00203603872301355
42731780	0.00350086822764769
42731791	0.00934878424976019
42733550	0.00161136124033963
42733591	0.019556206195042
42734120	0.00403123678149961
42735350	0.00534203181896973
42737540	0.00252374436714615
42738421	0.00184899257120174
42741970	0.0923228038691954
42748580	0.0037947378609243
42748840	0.00180570853493132
42756050	0.00163413610758919
42756570	0.00158673397228349
42757461	0.00174350078182032
42759091	0.00195003513628616
42759641	0.00255370220944684
42761840	0.00627900969245482
42762780	0.0289061352079724
42763500	0.00186984342571917
42764570	0.0016397194642947
42764911	0.00585394295056686
42765861	0.00517268107736561
42766841	0.00196047601186989
42766920	0.00213211522542617
42768580	0.00155237400725456
42770100	0.00160540748339551
42770110	0.38546442448538
42770940	0.0072199182053334
42773550	0.0036719549280829
42775231	0.0015951445670861
42777940	0.00183186560254736
42778110	0.00345032498275928
42780071	0.0015951445670861
42780420	0.00309018110495819
42780710	0.00623391035093983
42782800	0.00169114425853464
42783921	0.00170255455584251
42784911	0.00155237400725456
42786220	0.0015951445670861
42786230	0.00373873214219686
42789571	0.0015951445670861
42791050	0.0203470003358497
42791750	0.00814524825909317
42792331	0.00174612628890125
42795340	0.00161227503833834
42795750	0.00279890543501132
42798510	0.00440388389927132
42800211	0.00171332956694812
42801830	0.0454784760515911
42801991	0.00186218348183427
42803450	0.0116100727682041
42805871	0.00180384519895705
42807101	0.00236275550975687
42807630	0.00186097107326534
42810131	0.00169500653954159
42810561	0.00612615510599313
42810620	0.0015951445670861
42811231	0.00155237400725456
42813591	0.00316178376049981
42817520	0.00499315963330502
42820471	0.00428915054933722
42820611	0.00174606287040451
42822951	0.223673343873824
42824160	0.00200098543428331
42826790	0.00156970651349801
42826831	0.00247286638753827
42827180	0.0015951445670861
42831490	0.0127888590099235
42832420	0.138783726818202
42835521	0.00211582364933559
42839350	0.00185690670395573
42840290	0.00172845143018412
42843781	0.00318728998984664
42843921	0.00383116851688557
42845410	0.00423539074711008
42846121	0.00771784659744727
42848840	0.00173566277638143
42849861	0.00161790414290756
42851610	0.00155237400725456
42854110	0.00171705671931319
42854630	0.00176205332734841
42854971	0.0015951445670861
42856030	0.00314877920565913
42857571	0.00301343897343846
42858090	0.0410307481614737
42860700	0.00341741398021729
42860741	0.0126420648005737
42864580	0.00180037188128711
42865940	0.0028293981276189
42866531	0.00277051349019931
42867170	0.00227454809821445
42868310	0.00162984789015293
42868331	0.0015569101408339
42868601	0.0166578915050916
42869680	0.00219172202036061
42869970	0.00399737332604939
42870220	0.0159094632789887
42870630	0.00431937140489618
42870811	0.00840125173632604
42870910	0.00170255455584251
42872061	0.00168299484130666
42872300	0.0138095865937909
42875241	0.00155237400725456
42875330	0.00209245678096194
42877940	0.00870716019781616
42878131	0.00189953757273791
42878350	0.00537325655612747
42882380	0.00155237400725456
42885100	0.00156096868154157
42887511	0.00161790414290756
42888130	0.00157753162078369
42894401	0.00370341967172813
42895491	0.00283073968518559
42895600	0.00170209639275538
42896170	0.00161790414290756
42897000	0.00199732739905695
42897561	0.0015951445670861
42899730	0.00155553736144322
42903491	0.00174674129815085
42904570	0.00559203631828882
42906100	0.00169644134688847
42907631	0.00158348298842786
42908451	0.00155237400725456
42908871	0.00189356092852376
42909230	0.00156512401636283
42909510	0.00763952453128962
42910210	0.0289516756405103
42911600	0.00204292812315742
42912051	0.00183390435260819
42912061	0.00172615186884424
42913260	0.0256704025733259
42913370	0.00173388604630047
42914541	0.00372990889587767
42916160	0.0034618605570322
42917861	0.0015951445670861
42918521	0.0015951445670861
42918780	0.00161227503833834
42919511	0.00185094541895813
42922111	0.00270791988493837
42924461	0.00210171333422163
42925410	0.00211110938545963
42926930	0.00714473983907133
42927050	0.00168458556511659
42928430	0.00434070881156366
42929270	0.00156096868154157
42930370	0.00204084580373482
42931470	0.00232294669167469
42933780	0.00164339357454742
42935631	0.00156096868154157
42936451	0.00161790414290756
42937810	0.00156241468314722
42940830	0.0015951445670861
42942261	0.00172733574216949
42943190	0.0102381281225112
42943361	0.00658177201139795
42947860	0.0023543816202324
42951610	0.00703664557628877
42952430	0.00282918611265927
42955170	0.00155237400725456
42955880	0.00165165427474745
42956201	0.00204170020598888
42956990	0.00161136124033963
42958531	0.0150452119902162
42958661	0.00183196687759284
42959860	0.0018393842635365
42960171	0.00156949447484686
42962920	0.00155237400725456
42963180	0.00155237400725456
42964680	0.00174612628890125
42964690	0.0242012345852165
42966531	0.0888421691235437
42968430	0.00353356268097776
42968461	0.00278169263731285
42969421	0.00155237400725456
42969670	0.00253506965468779
42970350	0.0114311471953342
42970791	0.0512838740387612
42971190	0.00324350067336991
42972280	0.0018522913110584
42972451	0.00155237400725456
42972960	0.00156492173366445
42973640	0.0238249782182938
42975590	0.00357707198096566
42977551	0.00418856969957207
42977650	0.00207908461891237
42978811	0.00247604730540184
42979361	0.00410684155766785
42981660	0.00174858915165481
42983180	0.00841555476583035
42984020	0.00183874501821603
42988150	0.00347745784458109
42989571	0.00327796496443229
42989831	0.00155553736144322
42990190	0.00161268769980449
42990360	0.430213470688004
42993100	0.0107325866301046
42993151	0.00155237400725456
42994381	0.00243455932111017
42995320	0.00385798129619775
42997540	0.00156492173366445
42998941	0.00155237400725456
42999860	0.00169366363513649
42999880	0.0271413398589794
43001780	0.00456809850933643
43002600	0.00426424226187365
43003150	0.00550273556401178
43003351	0.00202955795254706
43003860	0.00442920039778749
43004000	0.00183570330478416
43005971	0.00223422869070486
43006101	0.0144645375438839
43006230	0.00306094196537206
43010651	0.00163153721855732
43011430	0.0107664343729167
43011911	0.00531308552501952
43013831	0.0017284689991951
43013950	0.0015951445670861
43015631	0.00156559846566682
43018350	0.00187273208339036
43019501	0.00208131370706254
43020041	0.0111385993856878
43020311	0.00190506292189258
43021961	0.00170255455584251
43022320	0.00169035666382515
43023501	0.0015951445670861
43024000	0.00909784586785755
43024830	0.00222054701045048
43026490	0.493753064028423
43027061	0.117575834686388
43027860	0.00170852078556501
43032540	0.00186016161120044
43032851	0.00912694076983052
43034180	0.00156096868154157
43034811	0.00166483681910127
43035771	0.0198094687795906
43036420	0.0015951445670861
43036540	0.00155237400725456
43038661	0.00275263982245816
43039170	0.00168753963277292
43040010	0.0070081055067294
43040150	0.00274591948558003
43040280	0.00266698908732459
43043330	0.00671817453947741
43043560	0.005605078232947
43048820	0.0104646152915638
43049011	0.00184766471772306
43050781	0.00209688382349424
43051420	0.00156492173366445
43052110	0.00162710925714171
43052140	0.00161505113448967
43052441	0.00161790414290756
43052960	0.00175398058632201
43053810	0.00160731506519144
43053951	0.00162907245942165
43055440	0.00193670536174381
43058180	0.00514562475799903
43059590	0.00666871482940141
43061541	0.00959416410971637
43064031	0.00185210943539229
43064110	0.00155237400725456
43065380	0.00162984789015293
43066661	0.00155237400725456
43067050	0.0242493632223214
43069681	0.00370850858793352
43070091	0.00978763865061028
43071170	0.00191728641019123
43072041	0.0015951445670861
43072711	0.00494618565123102
43073360	0.00239781240038026
43075211	0.00327075031756272
43078231	0.00167411254096713
43079030	0.0080986041547681
43080540	0.00466994344957662
43081670	0.0122544901135082
43083071	0.00166932792731658
43083211	0.00191622403892053
43083331	0.00371281428072798
43083481	0.0854103592053896
43083710	0.119471818675656
43084301	0.00182004593251174
43085100	0.00156096868154157
43085230	0.00187119289491689
43086180	0.0015951445670861
43087850	0.00172684401029441
43090740	0.00159742125298213
43091081	0.00324898614258367
43093821	0.00160473869470642
43094590	0.00258857534966838
43096150	0.00155237400725456
43097900	0.334993205263557
43100591	0.02676898991447
43103010	0.00215730739690165
43104041	0.00211538612884753
43104410	0.00161268769980449
43104861	0.00229803276932285
43105531	0.00282395044412791
43106200	0.0029580336254457
43106620	0.0169766350897935
43120520	0.00184230610098169
43120851	0.00277517546603032
43121370	0.00294191588099648
43122460	0.00155237400725456
43128021	0.00173221021438342
43130040	0.0015951445670861
43130760	0.00499662699469196
43131180	0.00261864968503517
43132970	0.00156512401636283
43133250	0.00763809409127309
43133271	0.0206585176476566
43136260	0.00177656254679964
43138870	0.00690389406122662
43139211	0.00315499331210913
43140140	0.00870119965769539
43140171	0.00924024693155206
43140441	0.00369723033085954
43140711	0.00204662921669204
43141900	0.00312222092266805
43143461	0.0217100480467007
43145811	0.00250763300873038
43146791	0.00557750811859127
43148970	0.0023543816202324
43149141	0.00155553736144322
43150241	0.0015951445670861
43153380	0.00156096868154157
43153541	0.00675805547200226
43154781	0.00481093809535456
43158880	0.00167841810943362
43160240	0.0015951445670861
43162900	0.00165191593439646
43164161	0.00218133272870783
43164970	0.00155237400725456
43166730	0.00169483328349364
43167170	0.547032281125575
43167891	0.00248739588758918
43169340	0.00165272848437065
43171341	0.00171253977942704
43172260	0.00674347654861117
43176530	0.00155237400725456
43181090	0.0274774475435445
43181951	0.00482062360091207
43186091	0.0159964783224167
43188920	0.00166437308421779
43189340	0.00432397901322391
43189900	0.00276141983157845
43190580	0.0236922471908541
43192520	0.00465332981483833
43194211	0.00945778243482544
43195751	0.00164953264332181
43196151	0.00342602432483431
43201480	0.00700685105097614
43202860	0.00398191811714917
43202911	0.103272272765553
43203290	0.00340294759344479
43204380	0.0024028875495539
43204940	0.00205393957328271
43204950	0.00295692848960586
43205661	0.00531068019525169
43207280	0.00479355528048717
43209220	0.00357340681362034
43210050	0.0028870496351516
43210060	0.00290343763908483
43210101	0.00179194806063001
43210330	0.00162394769541531
43212851	0.00176628704533766
43213500	0.00155237400725456
43213920	0.158013683413139
43214740	0.00269209100853973
43214750	0.00161227503833834
43215680	0.00446403050716037
43216510	0.0372066140638158
43217541	0.0027655934071378
43217941	0.00155237400725456
43219720	0.00272540643724934
43221271	0.00161136124033963
43222781	0.00386778222662255
43223400	0.00155553736144322
43223580	0.0199515508283089
43225681	0.0165391955418917
43229900	0.00155237400725456
43231570	0.00241829954400908
43233531	0.00164799801373015
43238060	0.00162270252137233
43244650	0.00255842524529007
43245650	0.0270738538625641
43247290	0.00182871020961666
43248270	0.403946679181459
43249941	0.00453352135074872
43251601	0.00161227503833834
43252421	0.0015569101408339
43255700	0.00288401255234508
43258300	0.00545048199930985
43261931	0.00457551597377593
43262160	0.00980151827392873
43263731	0.00162493619815191
43269050	0.0015951445670861
43274491	0.00305446140434697
43285630	0.00167841810943362
43286351	0.0054932779878091
43286730	0.00222458174275113
43291591	0.00209799389964359
43292120	0.00182983066527926
43299471	0.0161958933801372
43299560	0.00271622414869792
43301900	0.0015951445670861
43303840	0.0459095989254855
43306150	0.00352966959388149
43307301	0.00360709746092162
43309251	0.00764468063331643
43310611	0.00927979735099138
43310710	0.00271527685547393
43311191	0.00252389416191218
43312240	0.0015951445670861
43312370	0.00170255455584251
43312810	0.0323412157653294
43317060	0.0023543816202324
43317651	0.0136283952854189
43319161	0.00366401837183346
43322611	0.00168458556511659
43322911	0.00161946470570261
43323390	0.00518878281256872
43323690	0.00385251177552097
43326911	0.00474087006564814
43330341	0.00267515560247171
43330361	0.00889402445609423
43330980	0.0015951445670861
43331881	0.0015951445670861
43333180	0.00165019263626841
43333330	0.00188636232408977
43333391	0.00328326495119225
43338501	0.00241856507264685
43339400	0.00550941998722855
43340950	0.00238998073861372
43346020	0.00177225071415993
43347581	0.00163116870922753
43349521	0.0114589300782895
43350351	0.222338739503183
43350850	0.0015951445670861
43351400	0.0425549465951324
43351430	0.117637450981542
43352701	0.00353844482663822
43353931	0.00631561406183265
43354891	0.00165658193113348
43355400	0.00181716144626835
43355441	0.00155237400725456
43355871	0.00658366704189546
43358280	0.00297551089371957
43359010	0.0555713974269823
43361501	0.005999303952986
43368350	0.00486265272691124
43372490	0.00241043085988321
43373220	0.0019743884564125
43373251	0.00280744194702114
43373641	0.00297709224652277
43374280	0.00156949447484686
43376670	0.00170992106036732
43376971	0.0137392824518148
43377470	0.00280914475269643
43378351	0.00355324408173471
43379410	0.00558756367813231
43380401	0.00155237400725456
43380841	0.00167329590541484
43381610	0.00235233004746427
43382191	0.00164339357454742
43383181	0.0462550258666618
43386030	0.00426822609801466
43386351	0.0161465252478818
43387840	0.00206647840130962
43389060	0.00181140051680439
43394051	0.00516287175717566
43394211	0.00186016161120044
43399260	0.00348284331904838
43401241	0.00290218151923999
43403130	0.00189777981866866
43403520	0.00357080093489505
43403851	0.00185181594510886
43404261	0.00160116227445782
43410000	0.115389193821831
43411171	0.00318547858267476
43412681	0.00155237400725456
43413480	0.00155237400725456
43414201	0.00196074758994089
43416230	0.0015884030675312
43418481	0.00156096868154157
43418751	0.0027901841834156
43420281	0.00324426797137831
43420790	0.00155237400725456
43420971	0.00350547072703644
43423390	0.0015951445670861
43425791	0.00156512401636283
43426040	0.0015951445670861
43426170	0.0152295902498198
43427800	0.0015951445670861
43435171	0.00155237400725456
43437631	0.076845401787422
43438830	0.0110057541871926
43441101	0.00177702267638954
43445860	0.00590161994574875
43447711	0.00859407709461769
43448210	0.00288857007643407
43457870	0.00196737580372885
43459520	0.00454732711283474
43461631	0.00184846101071869
43462960	0.00172327234268974
43464551	0.00234650874634444
43467011	0.00618200057238725
43467680	0.00203344426608797
43470970	0.00241094424694138
43472131	0.00172684401029441
43473501	0.00325708553059015
43475431	0.0228378145374082
43475510	0.00790905300350777
43477651	0.0015951445670861
43477890	0.00160540748339551
43479441	0.0100041930963943
43479581	0.00300480410748733
43482150	0.0135884768123191
43487230	0.00436867800320161
43491110	0.00190253220460736
43496630	0.0639436626946891
43505870	0.00393884660644766
43506481	0.00413945040646197
43507831	0.00181065984330712
43519431	0.00240934254432541
43525340	0.00358297722148675
43528521	0.00927191170089072
43537440	0.0197083396902922
43540791	0.00443954928520992
43543841	0.00311832968762951
43546710	0.00239882081392552
43552360	0.00156970651349801
43553091	0.0289526758467173
43554861	0.00385421634771586
43555141	0.00337016681929666
43556671	0.00373286789083514
43556920	0.0035527206386051
43564510	0.0649990209813402
43570550	0.00322869713746051
43570881	0.00377410333038368
43570990	0.0061677929868047
43571130	0.00590371104224608
43572210	0.0131496594479483
43572470	0.00156096868154157
43579260	0.00382811117365186
43581481	0.00156512401636283
43586120	0.00183321883270372
43586471	0.00169548470210873
43586560	0.050296492827742
43587681	0.00155237400725456
43591131	0.00156492173366445
43592350	0.00178179148135375
43592610	0.00197754781002009
43592620	0.00311260627830432
43593440	0.0230216758061038
43598280	0.00178161536409376
43599930	0.00281669542222205
43601160	0.00155237400725456
43601310	0.00157096948346085
43603500	0.00371931925256864
43604910	0.00185231261494218
43606570	0.0035998857948776
43608600	0.00156096868154157
43619240	0.0015951445670861
43619431	0.00464319682228926
43621450	0.00260090277935601
43623650	0.0015951445670861
43625310	0.00181779489074899
43625911	0.00172797527313919
43639660	0.0059993315209127
43642451	0.00506132268986546
43653980	0.00183399097587234
43656470	0.00160731506519144
43657911	0.00186655574839665
43661040	0.00624666993427387
43662451	0.00161227503833834
43667760	0.00276579128246875
43675380	0.0015951445670861
43676251	0.00542715533302981
43676590	0.00513771648707479
43676870	0.00568662828613454
43677170	0.00393529044461869
43677560	0.00413511309791096
43679080	0.00277157852570649
43679701	0.00164458243604081
43680760	0.00172327032406008
43680781	0.0015951445670861
43681150	0.00168375052602773
43682441	0.00993762222008139
43683080	0.00299605267539135
43683281	0.0050451879634809
43683530	0.00163422399842511
43683760	0.0308892508106224
43687530	0.0291747280727985
43687640	0.0016397194642947
43688350	0.00176161010835407
43689040	0.00158779241557088
43692760	0.00392662717377045
43692781	0.00160546143595618
43693150	0.00163341839173802
43693891	0.0015951445670861
43698380	0.00287421362549441
43699261	0.00157753162078369
43700170	0.00296815990437583
43701570	0.0166573270304334
43701881	0.00161916782348687
43702841	0.00181762939020122
43702851	0.0423781898565768
43703070	0.00215850171515935
43707780	0.00170148852567535
43709471	0.00155553736144322
43710260	0.00171986130721864
43711370	0.00155237400725456
43714820	0.00155237400725456
43717710	0.00161227503833834
43718441	0.00159210371710234
43718550	0.00156096868154157
43719110	0.00156492173366445
43719490	0.0147970809594353
43719630	0.00615370210099903
43722530	0.0015951445670861
43723391	0.00260812321933943
43723510	0.00337538192117344
43724760	0.0112303823855669
43725461	0.00411151438424687
43725601	0.00245059183316554
43726250	0.0024441424591022
43726390	0.00155237400725456
43727780	0.00299586873805363
43727821	0.0206874158720475
43728600	0.00877086842443122
43729010	0.00188966467163041
43730140	0.00155553736144322
43730151	0.00793557418904406
43735281	0.00605931158158941
43735800	0.00160540748339551
43736890	0.00157925458976587
43739380	0.00456004636723839
43742260	0.0373989153191013
43743510	0.0018522913110584
43746441	0.0305151606426597
43746711	0.00230543752999257
43747001	0.00155237400725456
43749341	0.00161227503833834
43750250	0.00409374467502176
43752641	0.00350906270155916
43754250	0.0554796370656458
43755480	0.00496629815424865
43756340	0.00232516226968991
43756740	0.00379064223357055
43757030	0.00155237400725456
43758851	0.00155553736144322
43760241	0.00155237400725456
43761191	0.00245190228675682
43762240	0.159856396858342
43764241	0.00224929256848588
43765960	0.00169021771164236
43768610	0.0169152759418007
43769061	0.015237757275759
43769710	0.00161227503833834
43770250	0.00168110196644448
43773191	0.0110510869760272
43773840	0.00312633012199699
43773860	0.00257631132343957
43779890	0.00184057292490406
43779910	0.00155237400725456
43779941	0.0024107612283077
43784911	0.00456432992068115
43787531	0.00175601073898078
43787640	0.0161839464384486
43789611	0.0176473344810539
43789980	0.00417619178009165
43790510	0.00774505451310387
43791411	0.0115756366370644
43794441	0.0206794341808076
43795411	0.00160540748339551
43795470	0.00903584318203546
43799411	0.00253786110164231
43799821	0.00372717142467373
43801580	0.00161227503833834
43802540	0.00634596115033128
43803521	0.00751826452883976
43806380	0.00545587837811829
43808631	0.00182807208081302
43808740	0.00170757494418072
43812081	0.00397311156033651
43812761	0.503190600438695
43816300	0.0015951445670861
43817051	0.00263333426642568
43817191	0.0015951445670861
43818920	0.00277381441387907
43821871	0.00439051787912231
43823080	0.00417994820446548
43823941	0.00287333010078438
43825140	0.00250938664770917
43828320	0.0026107680166114
43831261	0.00155237400725456
43831671	0.00189370360133713
43834301	0.00279439450727476
43834380	0.00159574627708498
43834851	0.0015951445670861
43834971	0.00198479355176401
43838021	0.0205911083623398
43838561	0.00197754781002009
43840590	0.00360391093079653
43846001	0.0773452485859301
43848440	0.0327559970744797
43849331	0.00268508254709948
43850790	0.00818311134415679
43852071	0.00161698592299456
43852440	0.00519159003868961
43852621	0.0029915297564813
43861010	0.00304882419073956
43862530	0.00155237400725456
43864850	0.00168458556511659
43865140	0.00394046164061425
43872501	0.0019458314889495
43875230	0.00181129523666788
43878910	0.00569618645006806
43879330	0.0148535489733147
43880030	0.218467014621652
43880570	0.0193928957675316
43881830	0.00719481700870886
43886670	0.00338272644058292
43886711	0.00300123329946425
43889410	0.00308896287121997
43889741	0.00345467170094516
43890001	0.00630569230764538
43890021	0.00378444317377064
43890831	0.00337871099146105
43892590	0.00564228565606833
43894670	0.00297132231311698
43896361	0.00234458142937388
43896590	0.00167475163985146
43897410	0.00302387693362412
43898370	0.00320941005394071
43898421	0.129303505698717
43898510	0.00812646581504937
43898930	0.00714740778780514
43899500	0.0017183892855703
43899791	0.00161636844780264
43907740	0.00440270666233539
43911050	0.00557753603727149
43913940	0.00360522008302893
43915200	0.00172897257911441
43915251	0.00240804832899528
43922360	0.00156096868154157
43924331	0.00158348298842786
43932331	0.00185150642274938
43935350	0.00155237400725456
43935880	0.00155237400725456
43936290	0.00206451989799279
43941731	0.00182631411049623
43942701	0.00155237400725456
43943671	0.00169981682818008
43951350	0.00156944749594279
43951880	0.00489686173911726
43952700	0.00244661451456532
43952720	0.00838107693250764
43953290	0.00156944749594279
43954411	0.00256493734236885
43954701	0.00155237400725456
43956980	0.0015730297093444
43957441	0.00161469648484283
43959190	0.0015951445670861
43960761	0.00190725851144017
43962701	0.00386226285429667
43962920	0.00798187815157068
43963661	0.00408472142990862
43964081	0.00198306384116
43965380	0.00170505657638831
43965520	0.00172327032406008
43970780	0.00199654880318961
43971381	0.00757011995516896
43972840	0.0483703157632524
43972891	0.00604715755118795
43972990	0.146835562397495
43974770	0.00155237400725456
43975941	0.00945028886922784
43976211	0.00247427302854476
43976560	0.00191600390955968
43977550	0.0270857393261929
43978800	0.00174916246597079
43980320	0.00162377516790656
43981110	0.00899497059696278
43981431	0.00997842185057167
43982131	0.00242960417491281
43982821	0.00419713289025004
43982961	0.00156096868154157
43984331	0.00284377777904477
43985380	0.0233180733484095
43987241	0.00194093010824872
43987890	0.00166779185597707
43991180	0.00357903472443136
43991870	0.00155237400725456
43993670	0.0480450295584352
43995180	0.00255028114756935
43995361	0.00204002151986727
43996201	0.0131228871180603
43997010	0.00218598311097446
43998250	0.00397471198614942
43999091	0.00166904706455471
44000280	0.00155237400725456
44000550	0.00323958741887251
44001270	0.0103718615186654
44001380	0.00199572634695402
44001711	0.0392392038594733
44002090	0.00231803940519119
44003750	0.0015951445670861
44005240	0.0059826802751647
44005680	0.00161790414290756
44005851	0.00391501574328604
44006671	0.00827871160328528
44008341	0.00156970651349801
44008471	0.0042798496857855
44009820	0.00361508181146646
44014681	0.00159769547950879
44017520	0.00205559450104481
44018510	0.00155237400725456
44019070	0.00158539363665587
44019501	0.00156492173366445
44023631	0.00186072858907921
44023750	0.00205837288877018
44023781	0.00282880508443574
44024160	0.00208342424813724
44024761	0.00862497267316441
44024970	0.0018814901107709
44025140	0.00230799315916521
44026941	0.00155237400725456
44028000	0.00156096868154157
44028871	0.00288779934840092
44029530	0.00267982750119829
44034360	0.00169142528998702
44035210	0.00171474115095177
44041711	0.00160453580918718
44045711	0.00488129542286337
44046370	0.00184971957097734
44046780	0.00230802807231496
44047180	0.00161110949403304
44048020	0.00155237400725456
44050480	0.00274284041273889
44051050	0.00463770940755606
44051620	0.00398562496577573
44055600	0.00807846826774429
44058271	0.00255613870266307
44058370	0.00155237400725456
44058510	0.0015951445670861
44060601	0.0043017267371415
44061240	0.00167841810943362
44061400	0.0600529339595332
44062551	0.00155237400725456
44063760	0.00254129225284638
44065971	0.00167841810943362
44066251	0.00222179908055461
44074360	0.00193692921183119
44076830	0.00194514686191218
44077240	0.0511959158392721
44078401	0.00534800633951798
44083440	0.00255886122505461
44083740	0.00161227503833834
44084830	0.00200211738254781
44088170	0.00169981682818008
44088191	0.00155237400725456
44089660	0.00155237400725456
44090760	0.00451126012493807
44093390	0.00286507566280239
44095071	0.00184672860863299
44102230	0.00418608578541087
44103901	0.00155237400725456
44105230	0.0158108567289186
44110900	0.0631089817796031
44111160	0.0040882216160656
44111631	0.00187311445969394
44111750	0.00174080730728503
44112560	0.00161928266693624
44116550	0.00158979917318187
44119371	0.00203141105858243
44120171	0.00532650823249964
44120451	0.00323522319840135
44121011	0.0015884030675312
44121021	0.00346635886769426
44121810	0.00177105388178904
44122090	0.00270028963180106
44122131	0.0121310365979611
44122910	0.00196850681561654
44123020	0.00497358653630257
44124120	0.00155553736144322
44127730	0.00796050531318374
44127850	0.00155237400725456
44128960	0.00345544018403976
44129120	0.00161227503833834
44129380	0.00730435498756949
44129711	0.00322070460217114
44130951	0.0019819627987463
44131190	0.00187354104801579
44132741	0.0039650880881461
44136120	0.0015951445670861
44139190	0.00918423990359115
44145230	0.00210683098711003
44148290	0.0224940927922416
44155071	0.0104288965735899
44155880	0.00342963263031667
44156311	0.00174510037181861
44163231	0.00200879301389109
44163710	0.00520599816598872
44164530	0.00197754781002009
44164820	0.00194491702456242
44165680	0.00155553736144322
44166770	0.00294903797348409
44171740	0.00155237400725456
44172670	0.00242019599430278
44173841	0.00169138713578844
44175450	0.00155237400725456
44176530	0.00265532114142659
44176570	0.00239029292656031
44177810	0.00266998949018117
44179450	0.00161838318071916
44181510	0.00317922843522436
44181950	0.00169644134688847
44183751	0.00206843480577315
44187720	0.00346485727611066
44187860	0.00164076358744854
44189100	0.00259172170515285
44189650	0.00160731506519144
44192191	0.00161110949403304
44196410	0.0183133141793476
44197151	0.00337609494699476
44197220	0.00438779359191296
44197260	0.00279164977707163
44200150	0.00158348298842786
44201001	0.00425597812922593
44201411	0.0168040457565608
44203211	0.00662529181678001
44204950	0.00526974462854763
44205831	0.00173547944083967
44206890	0.00187303271489306
44207170	0.00510951826134891
44210121	0.00245941158815339
44211020	0.00185770089095068
44213910	0.035291358498118
44215840	0.00174406028117315
44215860	0.00466433214240565
44218251	0.00161227503833834
44218740	0.00316326203136618
44220851	0.00280320712800169
44222791	0.00497780103912659
44222921	0.00346908960322694
44224800	0.00293368386887591
44225390	0.013548052460365
44226521	0.00157463276082946
44227190	0.00641370371106382
44227341	0.00175037084372489
44227570	0.0227656893737449
44229001	0.00160177043161842
44229350	0.00171709579796468
44229930	0.00184725875941039
44231221	0.003169795657378
44231351	0.00575810804177382
44232810	0.00155237400725456
44234080	0.00155237400725456
44235700	0.00305906022977207
44237220	0.00155237400725456
44237681	0.00156492173366445
44238190	0.00161790414290756
44238391	0.00563198096836624
44239211	0.00634374226005483
44240660	0.00701364302544745
44241151	0.00282435815529773
44241380	0.00157096948346085
44244110	0.00175636442480014
44244591	0.0096656745912172
44245151	0.00197889540997379
44245691	0.00256916899471038
44251450	0.00278170057450349
44254480	0.00391169590141919
44256280	0.00298832086275551
44257520	0.00165743298975671
44257701	0.00157556947234558
44258600	0.033714237278847
44259280	0.00440739366223984
44259840	0.0105542694363313
44263710	0.00174568269171535
44263751	0.00195828245578388
44265951	0.00169989993718446
44266890	0.00620866146815267
44268410	0.00219712712606084
44268571	0.00158201751917874
44269650	0.00576639524649048
44271580	0.0480662604752191
44271621	0.0015951445670861
44277561	0.00218316247184892
44279700	0.00193712476470591
44282610	0.0015951445670861
44283140	0.00213384819684519
44283461	0.00161928266693624
44285121	0.0015951445670861
44287071	0.00330748313905302
44287980	0.00155237400725456
44289281	0.00986997659605873
44289760	0.0662112005682635
44291970	0.00219466384928267
44299331	0.132462443215122
44300031	0.0037221574492487
44300841	0.0015951445670861
44301510	0.00182378618596162
44303040	0.0147215588412486
44303980	0.0015951445670861
44305080	0.00383889033000767
44308790	0.00160867873256995
44309660	0.00171036983244616
44310330	0.0015951445670861
44310661	0.00435636820543525
44311211	0.0115784032831623
44311850	0.00158779241557088
44312120	0.00158348298842786
44313671	0.00187747395164668
44316311	0.00180602236536612
44317480	0.00435271624454906
44318620	0.0144875971610285
44325200	0.00155553736144322
44332970	0.0015951445670861
44335731	0.00237494105629851
44336021	0.00578043445204226
44336820	0.00208342877321806
44337240	0.00223926747788101
44338791	0.0018383239741871
44341650	0.00252337833894626
44341790	0.0794541891520734
44345900	0.00192917738345099
44348441	0.00173835626311774
44348701	0.00205671397060804
44348861	0.00176122302410561
44351280	0.0289682143310296
44352790	0.00158074615880211
44353620	0.0168186138235588
44356930	0.0244587682119306
44357370	0.00162984789015293
44358320	0.00642300507226449
44358470	0.00197689965101887
44358911	0.00248148796392237
44359321	0.00196769500792856
44360291	0.00454810915173567
44360520	0.0040831492723424
44361090	0.00582349580075177
44364660	0.00202096193345773
44364820	0.00298216024738057
44367280	0.00155237400725456
44368021	0.00229951722986785
44369480	0.0163030484621826
44370030	0.0163954837042212
44370351	0.00157753162078369
44371020	0.0235641187469325
44375051	0.00213984353022348
44376780	0.00174606287040451
44377951	0.00174686435273067
44378170	0.0274761643429196
44378730	0.00156970651349801
44379000	0.0025470861467273
44380291	0.00167181647616668
44381350	0.00193222023985303
44381661	0.00389677688087148
44382491	0.0160083241300216
44383010	0.00155237400725456
44383020	0.00327042857875867
44384550	0.0153722500914643
44386091	0.0021129071144676
44386850	0.00187964017855449
44386911	0.00180762495940898
44387280	0.00193863276710352
44387341	0.00514081080846927
44392141	0.00168458556511659
44392930	0.00155237400725456
44393760	0.00155237400725456
44398091	0.0305162717746313
44399010	0.0132478245607651
44399130	0.00155237400725456
44399260	0.00708054913257946
44399440	0.00167706786780033
44399871	0.00222442894400821
44401681	0.0015951445670861
44407560	0.00900033150038036
44408441	0.0648731932281794
44409060	0.00155237400725456
44412161	0.0189951723855805
44415181	0.0017474027977996
44415540	0.00352235856346965
44416711	0.00211571070552929
44422091	0.00275282883274769
44424540	0.00473976553592577
44424660	0.00161227503833834
44425681	0.00297542783864903
44426781	0.00163153721855732
44430170	0.00158366727735041
44430180	0.00177376357800758
44430850	0.00314276417961551
44431031	0.00394911722643389
44431560	0.00578897195939027
44432141	0.00157877367863298
44432551	0.0104509735493188
44432920	0.00304469249214709
44433200	0.0192272570053057
44433350	0.00176229018287084
44434371	0.00199106359591468
44435260	0.00672483510256708
44436640	0.0686015203786469
44436950	0.00203463284753432
44438621	0.00844178139740183
44440120	0.0593646771082445
44441941	0.1318332511094
44443570	0.00172122914391956
44445381	0.00156970651349801
44445941	0.156573730146226
44446221	0.0096276086615013
44449060	0.00206126399737775
44450160	0.00190476721213645
44452110	0.00644893332653064
44453480	0.00243745260913418
44456930	0.0140160422899514
44456961	0.00257765730429991
44457241	0.00489840516824347
44459970	0.00745659416290841
44461241	0.00351518705596451
44464411	0.00155237400725456
44468561	0.00500183466624396
44471970	0.00242657866278168
44475530	0.00183007498060392
44477880	0.0015951445670861
44479861	0.0169196154886985
44480841	0.00280033193807834
44485640	0.00316557575091426
44487041	0.0015951445670861
44487530	0.00209542994796774
44488920	0.00303798633756215
44491000	0.00178027235011537
44492520	0.00223223909738488
44492770	0.00211491755886516
44493610	0.00255490657108634
44496100	0.00276079868380577
44497111	0.0105497432486122
44498481	0.00173259325452057
44504151	0.0015951445670861
44504421	0.0015951445670861
44504841	0.00163190678420504
44506710	0.00270690768844655
44507311	0.00970144597659639
44508421	0.00248970479224732
44509360	0.00171112374765105
44509460	0.00155237400725456
44510030	0.00340572025742145
44511530	0.0146051963956711
44512551	0.00364237339680204
44515410	0.00155237400725456
44515420	0.00155237400725456
44515550	0.00199632831439779
44515711	0.00281144717884577
44515830	0.00550180095179632
44518850	0.00301278575656871
44518870	0.00239530242935174
44518880	0.00939709258254169
44518980	0.00193386087534863
44518990	0.0202007898360593
44519181	0.0030142579678924
44520350	0.00239641088070101
44521770	0.00251422215648913
44522560	0.00167841810943362
44524250	0.00263294866495894
44526600	0.00155237400725456
44530211	0.00426394086387029
44531851	0.00229058874469625
44533630	0.00167364246424134
44535451	0.00169142528998702
44537750	0.00223659788397775
44538850	0.0039555732479045
44539431	0.00272564051635265
44540360	0.00381608812720306
44540920	0.00155553736144322
44542081	0.254123687406791
44543711	0.00156096868154157
44548800	0.00161268769980449
44550901	0.00187964017855449
44553590	0.0124326067323865
44555161	0.0015951445670861
44555280	0.00159557473601754
44556090	0.00533066407267375
44556220	0.00161790414290756
44556421	0.00237318307467543
44558191	0.00157575414547598
44558471	0.00188583572054617
44559010	0.00216793872330291
44559861	0.00159769547950879
44562320	0.0170321962775778
44564141	0.00170400569905594
44564551	0.0015951445670861
44566170	0.00241324789923676
44567311	0.00284355398612648
44567851	0.0100683927486544
44568001	0.00295468091722328
44569320	0.00191212800453168
44569610	0.00192126107626552
44569641	0.0349987580921786
44569770	0.0015951445670861
44571260	0.00332647786373816
44571410	0.00193616289048898
44573480	0.0261292255808245
44574051	0.0078320118469264
44578850	0.00456883254851979
44580110	0.00237388381055037
44580770	0.00266903722424707
44583810	0.0028973993870052
44585241	0.00237151612337235
44587861	0.0270439661353487
44589470	0.0015951445670861
44591100	0.00181530723881386
44592640	0.00242417537969739
44593460	0.0320830623586552
44594720	0.00155237400725456
44596940	0.0678507384694089
44597241	0.00155237400725456
44598410	0.00155237400725456
44601870	0.0015951445670861
44602351	0.00286096963310129
44602601	0.0170443856501767
44607311	0.00439443152869669
44607660	0.00399007139582412
44608240	0.00477876056846347
44608790	0.00174326613315054
44609750	0.0231938854143017
44610601	0.00367666989569762
44611930	0.00155237400725456
44613050	0.0237635603892491
44615380	0.00173513934226526
44615670	0.00240294108229883
44616520	0.00170255455584251
44618280	0.0426629404889538
44620650	0.0185015104682307
44622191	0.00848815370946101
44625081	0.0593805867048711
44626000	0.00190232715620983
44626290	0.00175116398226208
44627981	0.0017581684497188
44628360	0.00181762939020122
44630341	0.046506595318053
44631861	0.0015951445670861
44634761	0.0024025858918374
44634990	0.00155237400725456
44635390	0.0147126315185005
44638980	0.0044572329636263
44639410	0.0127644078790774
44640780	0.00155237400725456
44641610	0.00155237400725456
44644490	0.00187964017855449
44647380	0.00279897505534814
44648261	0.00347824108118644
44652551	0.00249227570469568
44653740	0.00283073968518559
44655151	0.00377537977750994
44671421	0.00375647874602681
44671960	0.00161478652176893
44677081	0.00432677777317982
44677190	0.591758981069026
44678440	0.00155237400725456
44679441	0.00502240115371372
44683011	0.00171986130721864
44689501	0.00183952259460529
44697761	0.00679001056896027
44698461	0.00407591397000903
44699011	0.0015951445670861
44704330	0.00169644134688847
44706150	0.00183169899470516
44710000	0.00161227503833834
44722280	0.0404664437458886
44724541	0.0015951445670861
44725091	0.00164602719260723
44726420	0.0015951445670861
44729710	0.00178903847626557
44732391	0.00156492173366445
44732750	0.0015951445670861
44735021	0.00193610427046362
44735961	0.0116697217867634
44743100	0.00235672079957213
44745361	0.00183445560851601
44747161	0.0062669934915264
44751711	0.00625317966607524
44751780	0.00373448409341829
44753300	0.0342962490897293
44755090	0.00332527312476717
44755940	0.00170505657638831
44757460	0.147036820677684
44757481	0.00155553736144322
44757980	0.0015951445670861
44758130	0.00361727437335357
44762020	0.00243243710722874
44762430	0.00162457602438133
44763110	0.0197832898869929
44764251	0.00155553736144322
44766280	0.0015951445670861
44766960	0.00293478177669081
44767500	0.00387659500555889
44769081	0.00155553736144322
44769700	0.00484701276711544
44772050	0.501099818295997
44772470	0.00439340761347927
44772910	0.0023543816202324
44780770	0.00155237400725456
44780780	0.00158201751917874
44780900	0.0534613624061299
44784200	0.00239530242935174
44786970	0.0015951445670861
44788900	0.00358298216754027
44790191	0.00155237400725456
44791090	0.0230541891062139
44791831	0.0163114727737763
44792101	0.0100390738889533
44792340	0.0015951445670861
44793040	0.0194761154365244
44793710	0.00318898256436181
44795490	0.00155237400725456
44795510	0.0232851533024672
44798430	0.00380442851117531
44799701	0.00282690087977778
44800091	0.00179357471486401
44801071	0.00341697637439727
44803810	0.00155237400725456
44803910	0.0135406013835424
44806530	0.0015951445670861
44809720	0.00383562099265222
44810670	0.0031314877597262
44810810	0.00530484839770485
44814871	0.00291595730881377
44816490	0.00201324250621888
44816671	0.00214932607540358
44818390	0.00351281185886896
44818400	0.00325713058016254
44818810	0.00538494734709691
44822840	0.0025161967149771
44827141	0.00159210371710234
44829180	0.00687652016206031
44829891	0.00215779738664094
44830991	0.00316385088828875
44831090	0.0015951445670861
44831390	0.00158898717948595
44833061	0.00272668660396411
44835780	0.00155553736144322
44836470	0.00277535334704221
44837850	0.00181424003917232
44841150	0.00181762939020122
44842981	0.00609325687749765
44843490	0.00155553736144322
44844340	0.00166112028271153
44853051	0.00172684401029441
44854380	0.00176515174917822
44856590	0.00161227503833834
44857980	0.00155237400725456
44862861	0.00254131934908198
44863141	0.00272564051635265
44863660	0.00156492173366445
44864040	0.00332958648053134
44865580	0.00419970813893972
44866441	0.00684556485765082
44871360	0.00292853496310785
44871821	0.00292530399670308
44874240	0.0057392896324096
44875551	0.00161227503833834
44876091	0.00164909674655001
44876880	0.013379302237603
44878420	0.0155450216600029
44881850	0.0124126192353378
44883630	0.0241155361284078
44885440	0.00160959599796996
44887271	0.00254107849286638
44887620	0.00190345532862181
44894581	0.00155237400725456
44895490	0.00156492173366445
44900880	0.00367429547041981
44901461	0.00161227503833834
44902550	0.00271306128759462
44904350	0.00175939334157093
44905420	0.00159769547950879
44906400	0.0071773268447819
44907411	0.00220619364950988
44908340	0.00303439719445814
44910701	0.0015951445670861
44911650	0.00540554310201259
44912200	0.00163089881308802
44913181	0.0015951445670861
44913840	0.00161790414290756
44915220	0.00161227503833834
44916460	0.00557434833233916
44918561	0.00155237400725456
44918861	0.00155237400725456
44919380	0.00471919748339133
44923200	0.00168959340873398
44925150	0.00354712425477697
44926260	0.00699809230659282
44928860	0.00165272848437065
44929270	0.0149029761500758
44931500	0.00190445590939026
44931900	0.00351174030342275
44932931	0.00194198079799848
44933601	0.0191172738427976
44935750	0.0040921948713233
44935890	0.00174121105649617
44937160	0.0015951445670861
44937201	0.0024391923257071
44937601	0.00285619722523122
44938960	0.00242393933933845
44939360	0.00155237400725456
44941300	0.00371925670620809
44942800	0.0017295528980883
44942820	0.0017980072696732
44943541	0.00280452663299384
44944211	0.0301926197630095
44944330	0.00453460850775241
44944351	0.0015951445670861
44944610	0.00372109282544652
44946510	0.00294018776271794
44946790	0.00316758332043658
44948200	0.0240695310731174
44951060	0.00207426158442011
44951541	0.00245505982555271
44951811	0.00180762495940898
44951961	0.0163671491051541
44953751	0.00331657914976923
44953871	0.00158779241557088
44954250	0.00161227503833834
44954800	0.0019616820141069
44957191	0.00976371825767452
44959220	0.0039082786681114
44959671	0.00531637825611775
44960351	0.011410933925723
44961130	0.00247730041711074
44962000	0.00199626957544265
44962431	0.00253014328787804
44964030	0.00301780491493064
44965341	0.00989482234221672
44965440	0.00161227503833834
44966650	0.00155237400725456
44967261	0.00170911528089989
44968511	0.0102102453679972
44969461	0.0019089061974106
44971111	0.00170505657638831
44971121	0.00161268769980449
44971200	0.0188187164695153
44971251	0.00539661900606544
44972101	0.00155553736144322
44972621	0.00245734926718506
44973000	0.00173979131052556
44973150	0.00417362407005701
44976050	0.00183171887238534
44978021	0.00298995894839524
44979961	0.0015951445670861
44980030	0.00161227503833834
44980050	0.0280862627930777
44980091	0.00156492173366445
44980631	0.00292339448178898
44981990	0.255871371808956
44985130	0.00578468471524329
44986120	0.0442315460604381
44986711	0.00158201751917874
44990650	0.00369567209524163
44999190	0.0017819541046819
45001280	0.00580608652723798
45001290	0.00194198079799848
45001861	0.0017474039529304
45002831	0.00354816498372151
45003210	0.00167098189644329
45003401	0.00161227503833834
45004320	0.00340868490797828
45004511	0.00184083610770405
45006090	0.00167841810943362
45007230	0.00161953679578467
45008221	0.0154879174022463
45012170	0.0239379649712201
45014411	0.00156512401636283
45014790	0.0452290756077409
45014920	0.00800364397698677
45014940	0.00161953679578467
45015791	0.0015951445670861
45016050	0.00731547980600735
45016880	0.00509857843830598
45017020	0.00481929747511339
45017611	0.00259371458379862
45019610	0.004317102345174
45024641	0.00161859236267271
45030551	0.00246602859668352
45033300	0.00181723297173514
45034110	0.00396683136738446
45034551	0.00163042672869715
45035080	0.00213284964248744
45035330	0.00306319552921597
45037570	0.00155237400725456
45038670	0.00511652401066981
45038831	0.00155237400725456
45038950	0.00263694217172982
45040050	0.00191815479885078
45040590	0.00576874338534694
45041581	0.00208544352937307
45043190	0.00482115823482046
45044621	0.00913628524767785
45044990	0.0015951445670861
45048840	0.00178751675641139
45049390	0.00175723830837215
45049451	0.00288308508241976
45054770	0.00174412768743747
45060430	0.00929114430025096
45060470	0.00324815207591404
45061840	0.00585068777775805
45062510	0.00279563323433982
45065390	0.0701751038276774
45065601	0.00412153643136485
45066141	0.0110559457857122
45066691	0.00156492173366445
45067521	0.0015951445670861
45067630	0.00183224193505554
45075320	0.0052531668001765
45075330	0.00405747021493271
45075391	0.0015951445670861
45075870	0.00162971120320054
45076330	0.00391659014982486
45080840	0.00325791899685986
45081390	0.00196366787085065
45081570	0.00155553736144322
45081741	0.00180129635757207
45082131	0.00405911934013862
45082701	0.00155237400725456
45083111	0.00192503466076555
45084361	0.00155237400725456
45085420	0.00167841810943362
45086291	0.00575371648297515
45087921	0.00564930635411403
45089711	0.0151038570214644
45089960	0.00163603918811246
45092020	0.00166614663810116
45092160	0.00230519696129105
45095801	0.00176387517164284
45099040	0.00288030566933603
45102951	0.002795019495751
45102961	0.00167706786780033
45104010	0.00194428464288789
45104030	0.0660309824773606
45104320	0.00174304898746605
45107630	0.00161716324682733
45110500	0.39463545404763
45113150	0.0231243344651638
45113280	0.00259148316796291
45113441	0.188004981595218
45113601	0.00183523811748571
45114640	0.00155237400725456
45115190	0.00159187222023563
45116310	0.00507801321639373
45116320	0.00176392447350499
45116730	0.00851519112528357
45117950	0.0905527356301417
45118230	0.010433181076343
45122360	0.00840209488271189
45123050	0.00212141330232863
45123921	0.00179372141330727
45127740	0.00171036983244616
45127801	0.00542909676337861
45130080	0.00261902623345724
45132331	0.00155237400725456
45132901	0.00156492173366445
45133041	0.00166558591091493
45133871	0.00375881013483348
45136211	0.00185351242109148
45136891	0.00194086820720636
45138080	0.0650391293646252
45138141	0.00155237400725456
45138220	0.00629702891650702
45140710	0.0134107925762185
45140761	0.00850262834617966
45141680	0.00160116227445782
45141700	0.0015951445670861
45143190	0.003737385772661
45146281	0.00344729251486333
45149410	0.00156492173366445
45149451	0.0025275021354999
45150951	0.0180785650892275
45152430	0.00197480089946858
45154971	0.00355036460098019
45155880	0.0060665577095921
45157291	0.00589858646166161
45158220	0.0022763831950407
45159350	0.00415529206344651
45161981	0.00251644248282341
45162350	0.00158447805781027
45163661	0.00444030305413483
45164300	0.0015951445670861
45165380	0.00865256856375109
45165560	0.00280744194702114
45166121	0.0015951445670861
45166131	0.00156492173366445
45167371	0.00184886512270335
45169591	0.00155237400725456
45172010	0.00161136124033963
45173431	0.0017425883760206
45174531	0.0019477745184394
45176990	0.00480289135850527
45178480	0.00217483576493093
45180690	0.001608440853806
45181161	0.0070805425708857
45181670	0.00181762939020122
45182220	0.0017200291545804
45182671	0.00169290469754781
45183030	0.0462863366525028
45183320	0.00156944749594279
45184690	0.00172122914391956
45185861	0.00228001971477732
45190951	0.00554970134825109
45194760	0.00281460315398849
45197420	0.157634232396775
45198961	0.00212208254486739
45199221	0.00412830643267374
45199241	0.00551049189995103
45202391	0.00155237400725456
45204061	0.0020048007815614
45205530	0.00385276469287933
45207081	0.00278339545067971
45207771	0.00169142528998702
45212440	0.00156492173366445
45212860	0.00161136124033963
45214750	0.00256289410456881
45215911	0.0486120771686133
45219470	0.00170432912855742
45229270	0.00181480612636997
45230961	0.00291278767811911
45231210	0.0122235359051338
45231781	0.00221226387230061
45232160	0.0015951445670861
45232580	0.00284421561834543
45232601	0.00155237400725456
45235170	0.00176138422502823
45235351	0.00157753162078369
45236020	0.00161268769980449
45238220	0.00312472427133665
45239480	0.00180594019283196
45240850	0.00284976339843782
45241711	0.00371705320007455
45241960	0.00362970257493803
45242340	0.00534460938059018
45244690	0.00709849791882178
45245291	0.0015951445670861
45246630	0.00236622687588166
45246770	0.00172450444222804
45246910	0.00349649573519961
45248451	0.00241193447895688
45248891	0.0015951445670861
45249650	0.0015951445670861
45250500	0.0037787253684604
45250661	0.00182620971874179
45256150	0.0710313084438211
45257790	0.00358178123869465
45258920	0.00155237400725456
45259740	0.00302394468646533
45260410	0.00162637362571769
45260440	0.00294312006254257
45262821	0.00360500892510964
45271761	0.00846731922540336
45275050	0.450187895603122
45277571	0.00161227503833834
45278340	0.00178202583998325
45280300	0.010985179695827
45280960	0.00311280788381388
45281090	0.0015951445670861
45281370	0.00310481665525859
45281701	0.0024225454808787
45281780	0.00195719870955293
45282931	0.00155237400725456
45285640	0.00234291492324812
45286880	0.00161136124033963
45287231	0.0109454125019171
45288130	0.0562440710526375
45289390	0.00201612630204425
45289500	0.00155553736144322
45289581	0.00733715850648398
45290760	0.00472089958522147
45291590	0.00155237400725456
45292451	0.0081078301615639
45299200	0.00259353388119476
45301640	0.00228356931046114
45302200	0.00581377158361652
45302220	0.0015951445670861
45305561	0.00594574557012803
45307231	0.00809485513384603
45313360	0.00430205833329114
45314370	0.00161136124033963
45319020	0.0749263656758938
45321701	0.00390082066520023
45322210	0.00740258284431205
45323020	0.00316282945568109
45324120	0.00266490161321695
45328680	0.00364561186031506
45329220	0.00182050062386197
45329520	0.00173666786301736
45331351	0.00155237400725456
45331590	0.0015951445670861
45334750	0.00982541392101418
45334920	0.0758097825506069
45335211	0.0015951445670861
45337230	0.00181159728201992
45337530	0.0034370866739294
45338900	0.00180075319308217
45340010	0.00155237400725456
45341510	0.00167841810943362
45346500	0.00193749211909292
45348000	0.00155237400725456
45348461	0.00264160440907871
45351170	0.00252428441593809
45352581	0.00187897517672585
45353640	0.362911173383221
45353790	0.00165378087754819
45354951	0.00158348298842786
45356031	0.0210635173714778
45357260	0.00623185768384851
45357670	0.0173419218641288
45358921	0.00361087927607938
45359911	0.00821426861284075
45361701	0.0033077959852175
45363481	0.00485113796483092
45363901	0.00155553736144322
45364010	0.00503484019215107
45365831	0.00156492173366445
45366190	0.00194931682102752
45367061	0.00155237400725456
45367351	0.00327847262899532
45372940	0.00155237400725456
45374231	0.0015951445670861
45374880	0.00728560448717767
45377260	0.00156512401636283
45383351	0.00161928266693624
45385421	0.00309302526873711
45386371	0.00155237400725456
45389530	0.00206658973495984
45390870	0.00166047321887713
45393141	0.209563078093871
45394350	0.0015951445670861
45396980	0.00304492329325483
45397271	0.00179131201242601
45398330	0.00376767421667461
45398641	0.00224726349865106
45399030	0.00509574952287553
45400311	0.00231380400789079
45401421	0.0015951445670861
45404140	0.00174141779058232
45405080	0.00178580703768458
45405660	0.00230239847508554
45405691	0.0301387650152834
45407911	0.198484425184631
45410941	0.00155553736144322
45413790	0.00197955494495853
45414661	0.002768229061853
45415471	0.00161136124033963
45415860	0.00348120561160515
45416800	0.0018671904827404
45417230	0.00192262688971683
45418880	0.00253087708517575
45420311	0.0472012348019289
45421100	0.00159860748902245
45421370	0.00288181553324969
45422391	0.0015951445670861
45423071	0.00188070583012045
45424181	0.00159980547865461
45424451	0.00155237400725456
45425131	0.0017722227720595
45425671	0.00209430880448899
45426460	0.00178547322599867
45427140	0.00227081603165741
45428290	0.00174612628890125
45429250	0.00339881640198466
45429780	0.00369497285214572
45429961	0.00171786085209464
45430190	0.0018732894765179
45431990	0.00161739978825735
45433701	0.0037130364775265
45433780	0.00387063569099988
45436800	0.0024274278307796
45447180	0.00286964342310774
45447280	0.0054777726043843
45451700	0.0439512045364825
45453630	0.0015951445670861
45456680	0.0121490999480982
45456810	0.0542907169645466
45458450	0.00165515067303913
45461520	0.00399377061125509
45463741	0.0049624663899554
45464380	0.00224933314047156
45466781	0.00409204682277523
45469551	0.00203517144337963
45474921	0.00178856426118552
45479830	0.00326481338369721
45482371	0.00283896708094185
45484451	0.00155237400725456
45486241	0.00155237400725456
45490600	0.00156096868154157
45490911	0.00158074816980764
45491550	0.0032120913198164
45498350	0.0015951445670861
45500820	0.404407620458552
45500861	0.00189733468200215
45502651	0.00263876116134592
45512550	0.00305194618676136
45521090	0.00196952888091745
45524161	0.0127757501683459
45525210	0.0039502493625364
45527751	0.00217896676465976
45529090	0.00191821906331601
45532370	0.00168217619565259
45533951	0.0015951445670861
45535201	0.0151911550152676
45537411	0.00398093889121876
45539051	0.00163347606429648
45540151	0.0595525907164904
45540930	0.00155237400725456
45542180	0.00980642479435375
45544851	0.00180991074741494
45546491	0.00279417074786837
45546860	0.0018554871824096
45548550	0.00173259325452057
45549910	0.00157753162078369
45550231	0.00155237400725456
45550641	0.00340090507716297
45551000	0.00707399968130924
45552161	0.00155237400725456
45552530	0.00167841810943362
45552920	0.00172962982568637
45557240	0.0241211044712431
45558081	0.00228807779499063
45559191	0.00184532096862382
45561480	0.00161790414290756
45562470	0.0095555669024284
45562651	0.00156492173366445
45565340	0.0015951445670861
45565470	0.00178487534685134
45565821	0.00175020481895138
45565910	0.0015951445670861
45568031	0.0017994059940381
45570071	0.00200356282532472
45570081	0.0020492395618381
45570590	0.00155237400725456
45574750	0.00548756879345752
45574990	0.00156512401636283
45577671	0.00156492173366445
45580270	0.001658501366228
45581190	0.00223523770327537
45581340	0.00309023493067965
45581821	0.00161047183781924
45582450	0.00253526628522693
45582860	0.0071230195531821
45583720	0.00360635959402292
45583830	0.00319908755498347
45585671	0.00155237400725456
45585681	0.00170075014128097
45585791	0.0015951445670861
45587030	0.00173633875045228
45587751	0.02404850249746
45589121	0.00314074647400406
45589391	0.0015730297093444
45590180	0.00180674620980754
45590610	0.0242689062630175
45591540	0.00185912252144071
45593230	0.00329940733207322
45595710	0.00379898587492906
45595721	0.0027288059825036
45595990	0.00188727036359778
45597531	0.0127491334996611
45598190	0.00253014328787804
45599580	0.0225469836124756
45599710	0.00181762939020122
45601101	0.00176410191183767
45601760	0.00157096948346085
45606310	0.054942256361938
45608360	0.133360722122026
45609060	0.00167841810943362
45613780	0.00211579888658346
45614351	0.00190983240821708
45615270	0.00158329067352795
45617261	0.00159187222023563
45618621	0.00162710925714171
45619611	0.00155237400725456
45622180	0.00155237400725456
45622710	0.0015951445670861
45623120	0.0048576192274011
45624141	0.00155237400725456
45625391	0.0203767287618785
45625661	0.00155237400725456
45627980	0.00286496198104607
45629050	0.069983484470617
45631191	0.00240320326581092
45632021	0.00844621494252511
45632940	0.00266620173596936
45637080	0.0215014402364528
45639680	0.00525351533634067
45640691	0.00183565329002382
45642290	0.00161790414290756
45643710	0.018102700354708
45650850	0.0244969806577092
45655840	0.00170872231396102
45656551	0.00276278663875571
45663250	0.00170432912855742
45665340	0.00170505657638831
45666061	0.0122784740955817
45669470	0.0015951445670861
45670190	0.0015569101408339
45671390	0.00263250245799732
45672281	0.0031313780267317
45679861	0.00875967263110273
45679991	0.00328542563021691
45683980	0.00224709793520255
45689941	0.00159860748902245
45690180	0.00194797573403808
45691711	0.00289981813683397
45697371	0.00863300543585755
45698061	0.00359671637728331
45698560	0.00208223754215686
45698720	0.00345318377013151
45699711	0.00227081603165741
45700350	0.141552179203687
45700530	0.00437247027616737
45700841	0.0209533146102792
45703670	0.00749688226552957
45705941	0.00177405856191481
45708141	0.00369978341277615
45709480	0.00156241468314722
45710010	0.00172408425801001
45710030	0.00278339545067971
45710191	0.00171986130721864
45712811	0.00240747799938388
45713340	0.00184087389674321
45714440	0.00428471426855885
45715270	0.265402458136994
45716281	0.00210131415744577
45717661	0.00155237400725456
45721910	0.0015951445670861
45723400	0.00206182915938287
45723700	0.0029198055624219
45723861	0.00267013566818246
45725040	0.115772771852627
45725870	0.00471486456893339
45726170	0.00442534177568212
45726590	0.00351959627276176
45726970	0.0072031803165411
45728261	0.0634454794069451
45729501	0.0037868535404731
45731000	0.00385378953466354
45732800	0.0021523413807103
45732930	0.0264647672748295
45739380	0.00347301551980514
45740500	0.00466993903031906
45741630	0.00448050205079091
45744691	0.00426139098886596
45744900	0.00283050555723782
45744930	0.0341323102222996
45747800	0.00155237400725456
45749490	0.00172892786442215
45750180	0.0186400707516948
45751581	0.00273407329538032
45755420	0.00156970651349801
45760350	0.00167841810943362
45766410	0.00155237400725456
45767400	0.00211020727914351
45768261	0.00394459219802502
45770611	0.0466717410577234
45771711	0.00893328737580147
45772401	0.0015951445670861
45772790	0.00171177433335228
45774840	0.0027082529987256
45775171	0.00189805891808951
45775790	0.00412245627999452
45777760	0.00799629554314736
45778621	0.00167141076059175
45779390	0.0019477745184394
45780080	0.00208040133228972
45781651	0.00167998965299116
45785631	0.00264025920622016
45786030	0.0015951445670861
45786761	0.0023747029767339
45788121	0.00697474379730498
45788770	0.00185654232870061
45789750	0.0018732894765179
45790030	0.00155237400725456
45795820	0.00158779241557088
45796210	0.0017722227720595
45800360	0.179677955271047
45801900	0.00925068577788767
45803790	0.00205208651685584
45804531	0.00285221308321703
45804541	0.00323469292001024
45807240	0.00251233894000106
45810000	0.00260534565670017
45819000	0.00155237400725456
45819151	0.00174866124763562
45832510	0.0342573332782263
45832811	0.00159769547950879
45835230	0.0126350802717169
45837740	0.00193692921183119
45844060	0.00159790724412991
45846311	0.00891621573854352
45852610	0.00282341164805482
45855540	0.00477896666647765
45857200	0.002589775369824
45861180	0.00206527552703842
45865641	0.00508442958308233
45876401	0.00567337633187225
45877621	0.00804115979812138
45880391	0.00241043085988321
45881750	0.00160540748339551
45884251	0.151188441448897
45884330	0.0677160243686693
45887441	0.0173371853918194
45887670	0.00171986130721864
45887820	0.0072371918625688
45887831	0.019636456726691
45888910	0.0015555393404284
45889071	0.106564409582341
45889470	0.0029036303034417
45890290	0.00173633875045228
45894440	0.204583268348813
45896490	0.0030553840781192
45898321	0.00173513934226526
45899130	0.00384139264426761
45899390	0.0239421437799467
45910591	0.0015951445670861
45914560	0.0111382647649544
45916801	0.00472729895514058
45917081	0.00555347692921517
45919011	0.00894065018470362
45919551	0.00201276451093582
45921221	0.0165247955002823
45924371	0.0281707173413244
45925050	0.00483062117688571
45925290	0.0173548757216928
45927421	0.00310115922379007
45927711	0.0016981956788021
45929751	0.00155237400725456
45933330	0.0211354366148954
45933361	0.00165396445327466
45933870	0.00492396113538783
45936340	0.00181343694365111
45938680	0.00155553736144322
45939670	0.00194826228467334
45942041	0.00347469599046533
45942721	0.00786080848335397
45943910	0.00589036116228561
45944350	0.00770625595940681
45944391	0.00209460496342029
45945850	0.00254781745749716
45946041	0.00176387517164284
45946130	0.00662998104423151
45950390	0.0116779339157131
45950871	0.00892959594193869
45954290	0.00271053959187692
45954810	0.00161227503833834
45955250	0.00168110196644448
45956101	0.00200358260084256
45956521	0.00460130750261987
45957501	0.0126622470120336
45957580	0.18199421037056
45957901	0.0537499264798096
45959011	0.00183570330478416
45963080	0.00155237400725456
45963291	0.00170505657638831
45964350	0.00290319276444015
45965050	0.0108137521746341
45966410	0.00161829167141213
45966991	0.00175778287388863
45967670	0.0941121726803198
45970441	0.00166483681910127
45971260	0.00275933431199663
45972870	0.0612053933223381
45976620	0.00214556374880539
45976890	0.00173083243718385
45977351	0.0015951445670861
45979271	0.00869336094269579
45980080	0.00329633501734213
45981040	0.00205215639741664
45983411	0.00219234176946217
45984241	0.00237682188390536
45987240	0.00169786504921959
45987500	0.00155237400725456
45989570	0.00156492173366445
45991981	0.0024146112867899
45995701	0.00650603065420154
45995900	0.0549909901244962
45996381	0.00231766845984757
45996620	0.00155237400725456
45997180	0.00165801710380769
45997191	0.00202653949511296
45999811	0.00330365795716475
46001020	0.0150743035181075
46002140	0.00234650874634444
46002540	0.00240895310649193
46003380	0.00329991290815803
46006680	0.00166898170039472
46007800	0.00393778417332707
46015230	0.0019804805938667
46015821	0.00161636844780264
46017611	0.00187323967644092
46029741	0.00369498269925538
46035760	0.00361428353247173
46037140	0.00457314105079833
46040760	0.0015951445670861
46041491	0.00474907079656223
46042400	0.00720801698144532
46044521	0.00155553736144322
46045211	0.0021614822473719
46045901	0.00155237400725456
46047971	0.00336391338758045
46048371	0.00171474115095177
46052661	0.00203012374528076
46053040	0.001736216722734
46054540	0.00155237400725456
46058800	0.00180812567122243
46059920	0.0602851156824401
46063251	0.00170426717252149
46065051	0.00155237400725456
46066410	0.00311639719082185
46066540	0.007828946860134
46066581	0.0030305139624044
46068330	0.00345884659587698
46069761	0.00309517569478356
46073310	0.0042760215561983
46073560	0.00197013522086207
46075691	0.00318197116051351
46076371	0.00682992526016897
46080350	0.00155237400725456
46080460	0.00266040628955686
46081761	0.0444545364082167
46082670	0.00172415729909913
46085191	0.0015951445670861
46086291	0.0028092925038263
46091780	0.00167841810943362
46094680	0.00267609578088203
46094970	0.00232642619166423
46098981	0.00442136684488763
46100050	0.00475364593531479
46101461	0.00298307669209448
46102031	0.00872761549033119
46102510	0.0019775376664467
46103760	0.00155237400725456
46105970	0.00403055143504251
46106260	0.00187373683553961
46106940	0.0015951445670861
46107610	0.00241252381398256
46108300	0.00173970398530158
46108491	0.00527536732409182
46112211	0.00739876302670327
46114421	0.0015951445670861
46114991	0.00364067607945672
46115121	0.0224756267868057
46115490	0.00287283120168768
46115790	0.00156512401636283
46118011	0.00298261189432213
46119340	0.00323602369346279
46120070	0.00248909754237719
46120371	0.00209272503266543
46121990	0.00169303851698222
46122520	0.0021031259220911
46125201	0.00155237400725456
46125481	0.00157985911777024
46126250	0.0026976129814927
46131080	0.00156096868154157
46131220	0.011212046174569
46132450	0.00243496675192592
46132620	0.0142877715680643
46134841	0.00591282326506216
46136651	0.00156512401636283
46138130	0.00211791399349156
46138581	0.00220997764738607
46139531	0.00231803940519119
46140761	0.00156492173366445
46141820	0.00187789221931014
46143521	0.00159980547865461
46143671	0.0019790410765345
46144710	0.00155237400725456
46144730	0.0107064428545771
46144901	0.00155237400725456
46146810	0.00155237400725456
46146950	0.00270815337305497
46147330	0.00162394769541531
46149970	0.00158023815174037
46151661	0.0015951445670861
46153061	0.0320211290884157
46155241	0.0707363516967152
46157471	0.0015951445670861
46157700	0.0109457094878747
46158960	0.00155237400725456
46163261	0.00155237400725456
46163650	0.0104803013948939
46166270	0.0015951445670861
46166971	0.00275434463583903
46167121	0.001765568335158
46169061	0.00290154419039187
46169130	0.00329740965378244
46172221	0.00216129073930618
46178151	0.00159363943360732
46182281	0.0571516478404839
46185970	0.0015951445670861
46186691	0.00167712917880076
46186831	0.0104097893065965
46190260	0.00536809469531239
46191880	0.00155237400725456
46196491	0.00388350793813069
46196781	0.00452281297380019
46207500	0.00162853868865659
46212061	0.0015951445670861
46213290	0.00474804818174343
46213861	0.00171795359762228
46214151	0.00263501146931717
46217150	0.00701094988092475
46218780	0.00182365522454715
46218831	0.00191855772931717
46224180	0.00165164495481645
46225570	0.00415537107379783
46225591	0.00155237400725456
46226021	0.00201868478379435
46226520	0.0015951445670861
46229991	0.00175020481895138
46241130	0.00279693903700567
46242500	0.00185604752650222
46245980	0.00161268769980449
46247320	0.00184725875941039
46258971	0.0017980072696732
46265810	0.00156241468314722
46267391	0.00496485041984034
46269051	0.00158898717948595
46271511	0.00185285054389152
46273171	0.00163308848355139
46274090	0.00158779241557088
46275801	0.0796741707931193
46276341	0.00194777789258897
46276850	0.00170830882598893
46277000	0.0015951445670861
46289041	0.00173513934226526
46296611	0.00286176369804001
46299091	0.00192141108377872
46301311	0.00595497472187453
46302530	0.0025803971691678
46302961	0.207116204307241
46303781	0.00287315479208199
46304710	0.00240254754874041
46307511	0.00156096868154157
46310961	0.00419156716642139
46313110	0.0018962140159773
46313420	0.0042414223822361
46314681	0.016167089660049
46315610	0.00286384400009896
46317721	0.0492698326854649
46318281	0.00436699784085229
46319060	0.0015951445670861
46319371	0.00155237400725456
46322281	0.00563251462376914
46324290	0.00158602379144527
46324611	0.00280045484831915
46326490	0.00283729006940085
46327320	0.00156970651349801
46328870	0.00173492156392214
46334760	0.00156096868154157
46334930	0.0027777401960402
46336570	0.00193411439592439
46337400	0.0104373414425118
46337591	0.00250319491205015
46338541	0.00155237400725456
46340140	0.00320248519475627
46340310	0.00393387016239783
46341550	0.00186388215170228
46342650	0.0776590548520787
46342770	0.00386426971633212
46344891	0.00435140668685294
46345250	0.0015951445670861
46345660	0.0055226653722091
46350780	0.00164121260159111
46351101	0.0017478024448958
46352830	0.024187373621564
46354391	0.00161136124033963
46355760	0.00348432841757033
46356410	0.0027867426731234
46359490	0.00194048773224101
46360761	0.00298822076400419
46361390	0.00155237400725456
46362920	0.0443756105928268
46363060	0.00162523022152727
46364901	0.0020593473721338
46365291	0.240413637270843
46366100	0.00239530242935174
46367180	0.00159462923885918
46368481	0.0100366482123931
46371590	0.0030656411398701
46374900	0.00161227503833834
46380000	0.0015730297093444
46381561	0.0109886595499254
46381670	0.00216059428359015
46383221	0.00319253434755092
46383890	0.00405342889560322
46385000	0.00435749022406965
46385390	0.00155237400725456
46390271	0.001867499018274
46392590	0.00302766831011525
46393130	0.00586482967291361
46394661	0.00838772801988405
46397441	0.00204968205410362
46398760	0.00283867403707065
46400041	0.00155237400725456
46402210	0.0260017730023734
46404700	0.0149904859431173
46404980	0.00177273628098821
46407480	0.00183582008622871
46408980	0.0124650866827033
46409250	0.00225274102889082
46409410	0.00202813872559562
46410661	0.07260316974264
46412871	0.00182816917859647
46412990	0.0420323896117216
46413660	0.00182463182478422
46419241	0.00160068522466575
46419590	0.00182991389564352
46420820	0.00156096868154157
46421120	0.00155553736144322
46424041	0.00880261103705667
46424871	0.0265175956773667
46426090	0.00207260439903258
46426541	0.00155237400725456
46427361	0.0026596776174906
46429110	0.0138873627371639
46433960	0.00158074615880211
46433991	0.00291306276977468
46434090	0.00798448488562661
46437691	0.00530027068140643
46438090	0.00159775635774293
46438401	0.00175020481895138
46440341	0.00164458243604081
46441930	0.00181176733314786
46445240	0.0066893760760841
46446770	0.00366868524393782
46448550	0.0133428312226063
46448871	0.00155237400725456
46451200	0.0223158120990324
46452861	0.00688141985689856
46454661	0.00375378745503011
46455590	0.00168332193078739
46455870	0.00167841810943362
46456331	0.0182091612452756
46458760	0.0149252165148278
46459020	0.00186589635070901
46460560	0.00879250754571491
46460850	0.00160540748339551
46464321	0.00531559857182936
46466531	0.00166483681910127
46467511	0.0036675671039331
46469510	0.0018681892188753
46470951	0.00297323327166386
46472461	0.101367626001964
46473950	0.00255982457331385
46476010	0.0224874621147311
46477001	0.00318494731678606
46477271	0.0115146975046285
46477920	0.0679269416301567
46478750	0.00183570330478416
46481001	0.0015951445670861
46482880	0.00174953307735557
46483200	0.0015951445670861
46484581	0.0034430650854649
46485370	0.0170326899144984
46485800	0.00155237400725456
46486070	0.00298307669209448
46487290	0.00236843069108066
46488420	0.00505550671420281
46488970	0.00242542588308462
46490111	0.00281870790424909
46491030	0.00485749517071734
46495621	0.00408852820219545
46496820	0.00756309867157529
46498261	0.00183570330478416
46500051	0.00396506267878126
46500160	0.0015951445670861
46500430	0.00175380448297929
46500601	0.00159710380446657
46502661	0.00186733601550965
46504451	0.00194241039364964
46506620	0.0125634681369514
46509291	0.0984589900793915
46509971	0.00180570853493132
46514521	0.00240284240944136
46516051	0.00189905703573439
46516120	0.0022050373637621
46516191	0.00173616684149664
46518391	0.00161227503833834
46523320	0.00159790724412991
46524410	0.0076221444935493
46525240	0.00163341839173802
46527170	0.00155237400725456
46528540	0.00606681762253306
46531150	0.00621588715830529
46531221	0.0015951445670861
46531740	0.00370472211373554
46535440	0.0162202489302223
46537260	0.00203012374528076
46540250	0.00155237400725456
46541380	0.00160196540001379
46541571	0.00391434025016239
46542101	0.268876625553533
46543300	0.0015951445670861
46545930	0.00176590108968469
46546190	0.00309328710508948
46546760	0.0016076256167759
46547310	0.00253407119163263
46547330	0.00230436841960753
46548301	0.017414689947868
46549100	0.0015951445670861
46552150	0.00183275290900217
46552940	0.00377010685926887
46555440	0.0027182193109159
46556670	0.00159769547950879
46557780	0.0025593135446527
46558091	0.00351020947405716
46560051	0.00269804304928389
46561011	0.00231803940519119
46561431	0.00478428291022995
46562480	0.00156492173366445
46564940	0.00167841810943362
46566251	0.00169246716183766
46567341	0.0076033110723908
46567361	0.02756038628804
46570241	0.0192065296870588
46572250	0.00269958932485277
46572960	0.00465584898262984
46573770	0.00155237400725456
46575071	0.0414896431430614
46581660	0.0015951445670861
46582231	0.00172035528870543
46584540	0.00183135939093108
46586750	0.00968260559398063
46587201	0.00309672818900901
46588110	0.0023543816202324
46588451	0.0015951445670861
46588721	0.0552616724697042
46589951	0.006431898925092
46590590	0.00156492173366445
46590610	0.00162710925714171
46591901	0.00193406116185094
46596031	0.00162306330246058
46596311	0.00336352829361773
46597691	0.00156944749594279
46601390	0.00178841289532449
46601930	0.00234749157440732
46603481	0.00159986113824424
46604390	0.0104113967904391
46604820	0.00453638208484072
46608120	0.00169989993718446
46608571	0.00157753162078369
46610630	0.00170505657638831
46612530	0.00155237400725456
46614521	0.0015951445670861
46616250	0.0159278283966009
46617541	0.00470648452390575
46620301	0.0015951445670861
46621531	0.00158949968674692
46623191	0.00313803295610211
46623870	0.00155237400725456
46624420	0.00272055811370962
46624540	0.00373488040955665
46624841	0.0027464914789019
46626480	0.00228771883534754
46626771	0.00600834346400433
46627601	0.00168458556511659
46631980	0.0015951445670861
46632680	0.00405073660384594
46632820	0.00155237400725456
46635741	0.0015951445670861
46635881	0.00276028551987186
46640540	0.00249759121087098
46641640	0.00240563531386786
46641671	0.00517637826176996
46644851	0.0017204125427166
46645001	0.00155237400725456
46650170	0.0736236313391936
46650600	0.00343539821598831
46652800	0.0031893335713907
46653500	0.00521171728479613
46653691	0.00264303452442867
46656380	0.0479917855560417
46656810	0.00338576804606753
46657230	0.00161946470570261
46657800	0.00155237400725456
46659420	0.00155237400725456
46661131	0.00234569763538334
46661271	0.0819728707774691
46662480	0.00359384860415143
46663570	0.00283763352333645
46666600	0.002483731771804
46669360	0.00595843476597198
46672151	0.00381964060392918
46677811	0.0454034143625559
46678470	0.0095101942323406
46679201	0.00277242595833272
46679761	0.00304033423241518
46683341	0.00534737377200951
46698931	0.0299919501675648
46702340	0.00326267408906116
46714340	0.0441917078890192
46714491	0.0128142482714428
46714651	0.0695793037780573
46716240	0.00156492173366445
46716421	0.00177620500791462
46720790	0.022691914040482
46721230	0.00167841810943362
46726101	0.00406996991507738
46726730	0.00236185990123114
46727400	0.00379230257278334
46729070	0.0194927768485251
46730371	0.0806104536475844
46731840	0.00357758425051856
46739710	0.00302579351914633
46742450	0.00606703520298215
46742850	0.0015951445670861
46743601	0.172093635772639
46744670	0.00156970651349801
46745190	0.00858082166934174
46746460	0.00204878638999248
46748001	0.0237143509065988
46748800	0.0015951445670861
46748971	0.0651964658893722
46749811	0.00202463160498571
46750050	0.0015951445670861
46750761	0.0024042787553395
46755570	0.0165051628671326
46756250	0.00285789358396501
46758440	0.00156949447484686
46759960	0.0150080271491117
46760120	0.00306852151403072
46760151	0.00427009406065372
46761630	0.176069397790882
46761740	0.22335231684708
46762081	0.0015951445670861
46763840	0.00326762542054987
46766020	0.00178428813524776
46767710	0.0489785393916772
46768441	0.00177352841033998
46769480	0.00237810879124109
46770030	0.0291109033611136
46770190	0.0582288011376208
46772530	0.00362171565504358
46774060	0.00581661625178794
46776991	0.00339540799856597
46779051	0.0173178218355154
46779980	0.00237207562647228
46780360	0.00367049673354602
46782310	0.0239278189784081
46782491	0.00155553736144322
46782730	0.00451608506621264
46783570	0.00560788940325564
46783850	0.00163341839173802
46784660	0.00349754910466335
46787601	0.0672139291025052
46788001	0.00705290210606041
46789661	0.00158539363665587
46790071	0.0336226175438233
46790231	0.00235342176736776
46792711	0.0015730297093444
46793600	0.00156970651349801
46795000	0.002968704807161
46796670	0.00171332956694812
46796910	0.0173947424036465
46798081	0.00379979603365118
46800001	0.00521402816048759
46800800	0.00239530242935174
46801811	0.0387238351061588
46803051	0.0025158774967807
46808841	0.0195764188129409
46809801	0.00584571238298596
46811581	0.00207937761924444
46812510	0.00231803940519119
46818010	0.015738784038189
46819530	0.00248163363896053
46819970	0.00155237400725456
46821381	0.00265313463251109
46822160	0.0015951445670861
46825870	0.0049293267570395
46826030	0.0017185881681242
46826471	0.00769631202537353
46827700	0.00614436909710389
46829111	0.0120872670942343
46833890	0.00242548161650406
46836141	0.014383585333097
46837490	0.00525542746898305
46838081	0.0196164891174719
46838740	0.00374322288784548
46846221	0.00161220836551196
46847000	0.00401095342227817
46850710	0.00173259325452057
46851950	0.0015951445670861
46853091	0.00605399709274705
46853880	0.00792584977245298
46854700	0.00285044520408798
46857651	0.185321995719442
46859550	0.00206834477290936
46861180	0.0036199525786373
46865910	0.0273406151323856
46865941	0.00249124424385431
46866460	0.00249832135682397
46872411	0.0193772342648213
46874201	0.134150324900508
46874351	0.00357616163349378
46874460	0.0015951445670861
46875851	0.00156492173366445
46881050	0.175243946343049
46881661	0.0979940623920583
46882040	0.0196328368620035
46884360	0.00191698134203677
46884380	0.00182129669545682
46885180	0.0132502627642186
46891670	0.00181762939020122
46892691	0.00159769547950879
46892780	0.0282128413747533
46894730	0.00156512401636283
46895451	0.00215114714608384
46895711	0.00789290257255324
46898331	0.0133152826870801
46899871	0.00628304378882742
46900100	0.00243096676531869
46902051	0.0015951445670861
46903260	0.00262064807721613
46906611	0.00186884286578225
46907670	0.0544322130967235
46907991	0.0782479439605933
46909231	0.00319620080161744
46909770	0.00326896778759846
46919581	0.0015569101408339
46920250	0.0015951445670861
46921501	0.00436565680647508
46923550	0.00337409061702104
46924520	0.00336216341784696
46925091	0.00155237400725456
46925221	0.198934089823884
46929610	0.00155553736144322
46929890	0.00445697155825496
46930980	0.00678279908809668
46931041	0.00158348298842786
46931530	0.123962488966873
46933460	0.0794831329758182
46934300	0.00158574412912967
46935380	0.00357616163349378
46936480	0.00250969732018536
46936620	0.0666044738049332
46937180	0.00293700640376444
46938850	0.0043639309642096
46944240	0.0015951445670861
46944671	0.00204286575998173
46945200	0.00365549446385361
46946030	0.0456647354827094
46946280	0.00173656826879497
46947581	0.00190342529407365
46950700	0.00859760479940901
46950990	0.00828360919148113
46951441	0.0122490060186767
46959711	0.00337654298770445
46961880	0.0677343446698574
46962611	0.00175244825217648
46963250	0.00471642475340862
46964380	0.00169123972536648
46964790	0.00188555813066681
46964831	0.00357546705738032
46968271	0.00155553736144322
46968750	0.00234749680916058
46969480	0.00155237400725456
46970560	0.187093729936231
46971031	0.00161893439725872
46972910	0.00393395238382427
46973781	0.00176163337395233
46975021	0.0166418674152686
46975301	0.00161110949403304
46976541	0.0274956607684721
46978440	0.0015951445670861
46980070	0.203334088827358
46982270	0.0171471008015271
46984350	0.00539532943445236
46987940	0.00156492173366445
46988401	0.00155237400725456
46989060	0.0015951445670861
46989491	0.0017478024448958
46991971	0.0050046053231783
46992500	0.0015555393404284
46992770	0.00161136124033963
47000510	0.0145302179582718
47001040	0.00546889790941406
47004200	0.0015951445670861
47006881	0.0015951445670861
47009211	0.00422291304360879
47013620	0.00649143710864306
47016661	0.00155237400725456
47016681	0.00553723597664815
47024920	0.00735201699452593
47025040	0.0015951445670861
47033781	0.00240875019827406
47043431	0.0017474478621778
47043510	0.00181283314516845
47047100	0.0189874401738142
47047370	0.00155237400725456
47050150	0.0109865712270549
47060060	0.014463168827145
47061491	0.0015951445670861
47065570	0.0664184463460508
47068750	0.00179824024955083
47071940	0.00247446419260211
47074471	0.00174264516669669
47075411	0.00345523227356773
47075841	0.00183542495942124
47081020	0.00274591948558003
47081351	0.013396795695335
47081481	0.0015951445670861
47082331	0.0015951445670861
47084121	0.00167841810943362
47086311	0.00551942366782465
47090051	0.014528995306965
47093020	0.00155553736144322
47094191	0.00176031234558063
47095821	0.0020478863527896
47097160	0.00349237134798237
47097361	0.00159839697099091
47099151	0.00249009736692707
47103711	0.001808992562569
47103950	0.00159652358550324
47104080	0.00660786816203165
47105501	0.0111067805354175
47107380	0.00179379051003539
47109761	0.00288284201786249
47110051	0.00493889405347022
47110690	0.0015951445670861
47111370	0.00205774912741828
47112190	0.00165929930376693
47113170	0.00368005989864887
47113611	0.0797033796272609
47113700	0.00172684401029441
47119510	0.00155553736144322
47119971	0.00706304541410593
47123561	0.00173678534566636
47124070	0.0664664111197172
47125501	0.00167841810943362
47127380	0.00435046802514699
47128811	0.0105990204612777
47129440	0.00161227503833834
47130191	0.00155237400725456
47130950	0.0015951445670861
47133611	0.001765568335158
47134871	0.00172804500037873
47136060	0.00245199348258046
47136661	0.00178653758513652
47137160	0.0280883942929845
47137580	0.00328754715941349
47139421	0.0109916467307101
47139500	0.00616662492441254
47143630	0.0035428250440745
47144651	0.0278971958464605
47148750	0.0170401403314544
47149621	0.00195384198813433
47151691	0.271824831702288
47152050	0.00168458556511659
47155080	0.0015951445670861
47155250	0.0246421519470402
47158660	0.00233970953237738
47158731	0.00186944085646846
47159080	0.00356657978544581
47159961	0.00155553736144322
47160620	0.00156944749594279
47160921	0.00176122302410561
47161730	0.0130603576401595
47163131	0.00155553736144322
47167650	0.001765568335158
47169901	0.00201169536011821
47171100	0.00164240918409473
47175110	0.00155237400725456
47177970	0.00155237400725456
47179940	0.00301535167295101
47185051	0.0469294130806843
47186731	0.007183108247868
47189720	0.00156096868154157
47189830	0.0155127869740128
47192521	0.0118474050730677
47193071	0.0139327023958584
47193420	0.485280122694323
47195971	0.00276635909883709
47199350	0.00258902589937894
47201201	0.0015951445670861
47203790	0.00324171962158281
47203900	0.0037780823338932
47204040	0.00208457880565275
47206000	0.00661274476184839
47207831	0.00243417000609345
47208661	0.00669383283345702
47214560	0.00805475727121193
47220630	0.00270931840729353
47221430	0.00276285290530331
47222790	0.00654029593681423
47224170	0.00812730161593525
47225180	0.00155237400725456
47225730	0.00156492173366445
47226520	0.00253603674159658
47227380	0.00171825950513339
47232470	0.00809488523234711
47233461	0.0017960841338433
47233730	0.0026353101454867
47234280	0.00313412705480833
47234690	0.00156512401636283
47235141	0.00454172431486601
47241891	0.0363586322793081
47242100	0.011831704859
47243391	0.0015951445670861
47243520	0.00187166563030534
47243671	0.00296178156236561
47247111	0.0015951445670861
47247200	0.0138099343346085
47247261	0.00156096868154157
47249000	0.00770631556038001
47250120	0.0015569101408339
47251801	0.0233651292046991
47252631	0.00166550418202124
47253030	0.00282341164805482
47253590	0.00188897062217419
47258110	0.00163685592598978
47258721	0.0015951445670861
47260070	0.00155237400725456
47261030	0.0144968161399651
47261761	0.0017900653844409
47262110	0.00384489376248557
47265071	0.00220031406805457
47268310	0.00157604308015066
47273290	0.0015951445670861
47275210	0.00738039523018765
47277041	0.00285404514670766
47277290	0.00476115121052828
47277341	0.00462142569511252
47281820	0.00156492173366445
47283251	0.272366621008905
47283671	0.00170255455584251
47284730	0.00390546901255355
47288480	0.00306888167528588
47291230	0.00387576183210748
47293321	0.0148465996901458
47293690	0.00179638657286371
47297611	0.00161136124033963
47298670	0.00400152186890538
47302581	0.00156096868154157
47304511	0.0015951445670861
47306820	0.00965567784749241
47308091	0.0233480487100109
47309540	0.00161227503833834
47309751	0.00916399452758736
47310981	0.00155237400725456
47314120	0.00450681579454678
47315780	0.0144565975838253
47318831	0.00307188357787623
47319821	0.00309942637382202
47321160	0.00298603333889361
47321300	0.00189296108230649
47325171	0.00169521506046977
47326141	0.00181140051680439
47327890	0.00155237400725456
47329041	0.00178487514328045
47329270	0.00361367752223881
47330270	0.00177583332683733
47332491	0.00260845720055896
47333150	0.00183108386741644
47334410	0.00173361924865094
47336300	0.00226596309671291
47338120	0.0018699095517453
47338161	0.0122028382131481
47338820	0.0143169906883949
47339650	0.00167587998744476
47339920	0.00166171589019081
47340491	0.00449491408277706
47347370	0.00156492173366445
47347391	0.00340312566180644
47349410	0.00956662532922856
47350841	0.00176960318169594
47351640	0.00310403041342077
47353591	0.00171986130721864
47356600	0.00231188847346858
47357290	0.0015951445670861
47357850	0.00155237400725456
47360911	0.00190594279174389
47361990	0.00211468040848961
47363910	0.0110320772906098
47365611	0.00662191101345313
47368211	0.00158673397228349
47369171	0.0015951445670861
47369710	0.00185587318489488
47370800	0.0114102632311045
47373461	0.00156096868154157
47374650	0.0119113011645441
47376751	0.00155553736144322
47378291	0.022984535842727
47378380	0.00166819389600187
47378790	0.00257049384025568
47379931	0.00297224808439721
47384631	0.0088391168904959
47386380	0.0148587953151756
47387490	0.0188401202525744
47390930	0.00156096868154157
47392030	0.00166142678549965
47392341	0.00307792998254107
47392491	0.00643197767487528
47392781	0.0015786561244459
47396170	0.0100027221781493
47399060	0.00272564051635265
47401400	0.00163553824814998
47401550	0.00188885888105474
47404160	0.00282341164805482
47406281	0.00598294640360382
47407460	0.0030945004505514
47410230	0.00903563706502386
47411620	0.00290837115768071
47415781	0.0015951445670861
47416901	0.00413921430425107
47417020	0.00745339921826973
47420621	0.0015951445670861
47421191	0.00339012713259767
47425960	0.00157753162078369
47426390	0.00161268769980449
47428211	0.0015550627241041
47431391	0.00160502170152418
47432621	0.0023749590890376
47433451	0.00248948427796142
47433830	0.0223070435900589
47434291	0.00296169687625393
47435651	0.00195809674902733
47435730	0.0015951445670861
47438780	0.0016705547261778
47439251	0.00158348298842786
47439360	0.00166311712877898
47442800	0.00158824716560705
47442930	0.0015951445670861
47444450	0.00303156273977234
47445250	0.0021224157765103
47447931	0.00305073569004623
47449430	0.0532324759452831
47452720	0.00218030739101909
47456150	0.0878235920055537
47457311	0.00186395098950473
47460170	0.0022722985389427
47461451	0.00281660973005029
47466930	0.00190022007464817
47466940	0.00288284579971129
47467501	0.00439305147707489
47468830	0.00183968993749472
47470760	0.00163341839173802
47471890	0.0100096997531646
47474261	0.00155237400725456
47474370	0.0024725523315035
47475781	0.024875378802026
47476901	0.00457311645767465
47478930	0.00174385487330116
47479190	0.00469061456114827
47480440	0.00315985055393037
47480881	0.153745392127634
47481390	0.0025699636994254
47481410	0.00341372263803673
47486100	0.00155237400725456
47486230	0.00737629266164476
47486370	0.13129564311433
47487231	0.00155237400725456
47488741	0.0136175974355658
47489930	0.00393745955311834
47491210	0.00246227935925421
47491371	0.00305174120813121
47492040	0.00533517641838738
47492180	0.0372448083527794
47493311	0.00155237400725456
47495460	0.00279770867181007
47498940	0.00156783478159336
47500751	0.00181065984330712
47500830	0.00288779934840092
47501151	0.00169936838693589
47505851	0.00455982769728608
47506271	0.305659942961956
47508051	0.00387411408703993
47508970	0.00161790414290756
47511900	0.00162568716439178
47515170	0.00156096868154157
47515931	0.00161790414290756
47516191	0.00321440543224228
47518360	0.00354049397451255
47518480	0.00397662179235683
47519450	0.00707518230949419
47521031	0.00441377805639479
47524160	0.00156096868154157
47525981	0.00868658864574797
47526070	0.00220166666956897
47526910	0.0061576281431493
47527750	0.00155237400725456
47528611	0.00189585182899141
47531651	0.00186090292611037
47532840	0.0641170066282622
47533410	0.00942736913872716
47533680	0.00178335508261732
47533940	0.00824118972127026
47535060	0.00176031234558063
47537690	0.00756927248638476
47541680	0.0234033091369639
47544040	0.00161227503833834
47544211	0.00212892138990138
47544341	0.00243596004607046
47556580	0.00160546143595618
47564731	0.0019116336567122
47564741	0.0018297939265878
47569540	0.00350991651970919
47570070	0.0015951445670861
47571040	0.00973430087862338
47572450	0.00257523623470355
47582551	0.0235483384267496
47586801	0.0322726988612214
47590531	0.00168994855400274
47597100	0.00156512401636283
47598350	0.0017141141456857
47605581	0.00227556458066591
47607450	0.00182819168175908
47607990	0.0536846049922224
47608990	0.00368989858016083
47610261	0.0018732894765179
47610401	0.00595586523526736
47612061	0.0637403633854203
47612331	0.00386186638351928
47622210	0.0028316001935101
47625151	0.00394815129139127
47625561	0.00162984789015293
47626340	0.00168458556511659
47630480	0.00289529401567535
47630770	0.00157575414547598
47630951	0.00252516938819287
47632820	0.00193072519158112
47633130	0.0109026731385588
47633161	0.00297901622565312
47633920	0.0278912083542674
47635320	0.00828673861184408
47636280	0.00161136124033963
47636580	0.00206647840130962
47637281	0.00345753908408993
47637421	0.00155237400725456
47637991	0.0123674767202883
47638190	0.0015951445670861
47638470	0.00162710925714171
47639300	0.00309637646874428
47639860	0.00614495256372838
47640020	0.00160351427116496
47644440	0.00309592471296102
47646610	0.00366956497289276
47647330	0.00186346262330577
47648260	0.00655338592145033
47650801	0.00265961745929532
47654261	0.00241297622054471
47656260	0.00454990613389077
47660731	0.0298164708463342
47661561	0.0126503260053788
47662330	0.00947299848418752
47663190	0.0019616820141069
47664461	0.004443096148642
47668680	0.00292924586337127
47669370	0.0182563198705958
47670261	0.0015730297093444
47671081	0.00404488938037148
47671300	0.00162082868354908
47672680	0.00239530242935174
47672871	0.123451094742883
47674261	0.00155237400725456
47676290	0.00251233894000106
47676881	0.00170361895058314
47677271	0.0109808382870185
47678090	0.00155237400725456
47679150	0.0710444305271846
47680280	0.110538091284475
47681780	0.072767863026764
47682740	0.00163674662360652
47683840	0.00236035312493942
47684430	0.0015951445670861
47685151	0.103387567116688
47689011	0.00454077926897181
47689950	0.00189924843059102
47690610	0.0204635639636461
47693660	0.00319681977001673
47696550	0.00194829009898949
47697360	0.0123959645101507
47698921	0.00240137128179682
47702760	0.0018681892188753
47702791	0.0043146993202224
47705271	0.00283667184411175
47705561	0.0168102275294542
47706080	0.00155237400725456
47706941	0.00177423709339229
47709510	0.00156241468314722
47714241	0.0015951445670861
47716680	0.00993775052151334
47718080	0.00265703527453652
47721630	0.00274211502783837
47725640	0.00246393110757457
47726791	0.00293329719395283
47727840	0.00186072858907921
47728181	0.00462306225826742
47731061	0.00475959030486437
47731970	0.00167712917880076
47733240	0.0484103880370456
47734880	0.00302484052406699
47736960	0.00376366543205557
47742080	0.00155237400725456
47743870	0.00258370340177988
47743911	0.00623616362370861
47744260	0.00155553736144322
47746340	0.0334392606409829
47748991	0.00162710925714171
47749110	0.00155237400725456
47750521	0.00158348298842786
47750770	0.0592925706191349
47752250	0.120894901458438
47757520	0.00169644134688847
47759580	0.00376835275837243
47759600	0.00742332906722829
47761910	0.00291657085809596
47762180	0.00317861519562013
47763710	0.00187791881505106
47763970	0.00319005281571783
47764311	0.00159456948129079
47765650	0.0157004206830132
47767280	0.0015951445670861
47768530	0.00384507815161328
47771180	0.00170502233858758
47771710	0.00475182350249999
47772700	0.0019735763880487
47774241	0.00203277620448735
47775601	0.00176707335514624
47777250	0.0202807490189016
47778381	0.0035242958928702
47780581	0.0033983160606766
47781780	0.0015951445670861
47782070	0.00156512401636283
47784120	0.00155237400725456
47788130	0.00214905382292207
47788171	0.00161227503833834
47791461	0.00277401970021901
47792800	0.17730444726628
47793080	0.00209077151386205
47793940	0.00160116227445782
47794060	0.00553385243089573
47794480	0.00159613549063898
47795570	0.00330174817028246
47795840	0.0076159989239092
47802221	0.00734474208004996
47802911	0.00172523571607027
47803320	0.00172523571607027
47803450	0.00187950374608017
47803570	0.0420482110806218
47805951	0.0026796134148539
47808151	0.244002335338728
47809691	0.00170024450493101
47811430	0.00491371220893486
47812420	0.00323203803004072
47815201	0.0257974676006795
47815420	0.00522744768256079
47815720	0.00599697229775358
47818911	0.00167841810943362
47819290	0.0015951445670861
47823980	0.00194328015704495
47826200	0.0016397194642947
47827160	0.00163684709197932
47831040	0.00724275493870218
47831061	0.00198045665782835
47838860	0.00196683106255628
47839201	0.00309541364552965
47842070	0.00167599367023782
47844991	0.00284595213866229
47846351	0.0015951445670861
47846450	0.00816759935611171
47849541	0.0351700701907271
47855550	0.00984814214230085
47856130	0.0015951445670861
47857630	0.00613478947485324
47857910	0.00156096868154157
47860031	0.0015951445670861
47863030	0.00328680342913978
47863601	0.00518716651189481
47864510	0.00155237400725456
47864790	0.00314369589200571
47865551	0.0487184249553041
47869790	0.00167425002413031
47870491	0.00167841810943362
47870651	0.00162676769282429
47873230	0.00476366918713674
47874200	0.0102325598200848
47875310	0.0330699355369525
47877401	0.0636127499788025
47877411	0.00185986278019202
47879051	0.00160873484144201
47880510	0.00167841810943362
47880701	0.00162710925714171
47882160	0.0015951445670861
47883420	0.00155237400725456
47884711	0.00369811167463188
47888691	0.00172027254278744
47892230	0.00424356290981666
47892380	0.00347262332410618
47896851	0.0056940509621262
47898351	0.00180531471165895
47898470	0.00177066126591177
47900421	0.00244346679193783
47901080	0.00288284201786249
47901470	0.00166181696770202
47903170	0.00229350963940892
47903990	0.00253973957346121
47906160	0.0163926474538239
47907451	0.00257689076269335
47908670	0.00199095360056314
47909381	0.00171474115095177
47909521	0.123219906291413
47914170	0.0141627013077748
47916991	0.00225119194822136
47918740	0.0178072553031631
47919820	0.0022556394119321
47920940	0.0129636698021576
47921090	0.00381370917365622
47921510	0.00180570853493132
47922160	0.0015951445670861
47922750	0.00173259325452057
47922870	0.00433507639034621
47927461	0.00705123506872969
47931000	0.0141440541748009
47932301	0.00188727036359778
47932820	0.00294117758057589
47934300	0.00194087467110341
47935400	0.00207747404062903
47935810	0.00235871757797077
47936831	0.00306221129056241
47937651	0.00779101181259465
47945941	0.00408408720117222
47947311	0.0017169634939935
47947710	0.0502140051182442
47948141	0.00368670448396733
47949220	0.00155237400725456
47950470	0.0763545296754256
47951051	0.00381505821741429
47952831	0.00177072633102849
47955700	0.0753948723986588
47955840	0.00159710380446657
47957121	0.0553485690685804
47959731	0.0048368271483589
47964571	0.190240770353667
47966180	0.0015951445670861
47966740	0.0015951445670861
47975301	0.00155237400725456
47976240	0.00991057596331605
47976510	0.00175567388173327
47976920	0.00180544662289631
47976961	0.00164136077249392
47979290	0.0015951445670861
47983120	0.0133569942797643
47984500	0.0018060473529808
47986761	0.00255461040540021
47988240	0.00239048150836785
47989900	0.00265972706649991
47989910	0.00156492173366445
47991160	0.00183027168717651
47991601	0.0015951445670861
47992770	0.00244056196666062
47995830	0.00174606287040451
47996630	0.00175411433930023
47997261	0.00177967620941553
47997391	0.00408707646950349
47997500	0.408920488203688
48004930	0.00268767611480979
48007000	0.0015951445670861
48008141	0.0015951445670861
48011810	0.00462914304502829
48012961	0.00292611623004614
48013630	0.0123407457780575
48016001	0.003486600838461
48017231	0.00242380590893402
48019670	0.00198597534081676
48021521	0.00165165427474745
48023181	0.00640691316197961
48023311	0.0015951445670861
48026560	0.0064970807769672
48033900	0.00266930777328756
48037340	0.00162000618226873
48042631	0.00794922693833475
48043280	0.0564707172629062
48045371	0.0148365900942322
48052011	0.00254210763657384
48056971	0.0430206592367924
48068650	0.0540628880564192
48078990	0.00604099417009751
48093450	0.00649333544252989
48094601	0.00582591401639452
48099270	0.00267736097290426
48100141	0.00708184551216177
48101730	0.0018651536416248
48104620	0.0694038076100387
48106430	0.0183661792468301
48107701	0.0129255287759109
48109651	0.00170255455584251
48111021	0.00191052851311458
48111120	0.00254981163689634
48111400	0.00157604308015066
48113040	0.0106307370545581
48113350	0.00253290356565703
48114871	0.0134393899084792
48116500	0.00261652860178778
48117340	0.00202728542159166
48121241	0.00233812476477556
48127400	0.0015951445670861
48132380	0.0832810391309137
48132500	0.00314651366360834
48134030	0.00473335386383195
48135250	0.0566667864909742
48137180	0.00183378574032643
48141371	0.00354037945028204
48142560	0.00633607985546814
48143120	0.00180801834001957
48144890	0.00316432555123455
48145221	0.00363116162726117
48145730	0.00188971035479888
48148531	0.00155237400725456
48149590	0.0015951445670861
48153170	0.0107169613132736
48156391	0.00427916652976715
48156760	0.00313361176602135
48158700	0.00248522869692136
48159230	0.00192682597393296
48161091	0.0015951445670861
48161101	0.00256959061143931
48162560	0.00197471095749705
48164271	0.00157753162078369
48169180	0.0015951445670861
48170440	0.00230303800629242
48172930	0.00161227503833834
48174860	0.0268094926963369
48176240	0.00158670963428244
48180681	0.00418461140996166
48181160	0.0878235920055537
48187660	0.00158366727735041
48188360	0.0212721122506589
48188391	0.00224931645558119
48190150	0.00176475196426329
48193180	0.0103577281327683
48193460	0.018732360779551
48195380	0.0169592216733318
48197190	0.00161136124033963
48197781	0.00155237400725456
48197990	0.00295715681827388
48200070	0.00440361454200617
48200080	0.00161136124033963
48201720	0.00448982536295861
48202061	0.00256907718300866
48202840	0.00155237400725456
48204251	0.00391181598517654
48207161	0.00173259325452057
48208090	0.0450468761668488
48209050	0.0562667407310244
48212080	0.00263736910660592
48213440	0.0141795049761474
48213470	0.0112113343559615
48219831	0.00166146565611838
48221590	0.19218016231443
48222700	0.00195830755177063
48224630	0.0180751776852574
48225060	0.00169138713578844
48226440	0.00166779185597707
48231230	0.00163341839173802
48232050	0.00316215040139073
48233091	0.00179170729893659
48235551	0.00256731883126139
48235670	0.00330534596044598
48236920	0.0015951445670861
48238051	0.00187519249006613
48239001	0.00207252673366825
48240951	0.00158348298842786
48242871	0.00194636094194705
48243130	0.00286022939637609
48243991	0.00155237400725456
48246430	0.00770926656884188
48251920	0.00351663900164177
48260210	0.0030091117094215
48263571	0.00994677976066108
48263971	0.00475803254923488
48266420	0.0108222083246851
48271981	0.0292351250871973
48273071	0.00177160500559494
48275821	0.00162907245942165
48275940	0.0015951445670861
48275950	0.00177273628098821
48281020	0.0015951445670861
48283260	0.0020644279316197
48287370	0.00166407037351394
48288121	0.00223110493904631
48290690	0.00320087452924172
48291240	0.00197177852218629
48297891	0.0227638882960309
48300210	0.00157753162078369
48300381	0.00173453214644433
48302000	0.00155237400725456
48302540	0.00205145828605797
48305761	0.00407589902827695
48306861	0.0121018840556764
48307100	0.00783612877997333
48307520	0.0017131367794552
48308371	0.0116738533485214
48314800	0.00160731506519144
48316231	0.00185201215414229
48319370	0.0015951445670861
48320511	0.00296604979221424
48320791	0.00209562980361201
48322591	0.00166734094463986
48327141	0.00186601526303645
48327250	0.0182953972655284
48328620	0.00362676393777194
48329580	0.00161227503833834
48331790	0.00333510721952935
48332590	0.00387516767547017
48332620	0.00363725661731761
48333430	0.00164458243604081
48334441	0.00159769547950879
48339421	0.00181407088007487
48341351	0.00380048587579934
48344040	0.00185081319937633
48344501	0.00184143904151269
48345020	0.00178580703768458
48345600	0.00823404112815541
48346250	0.127861493615781
48346301	0.00160540748339551
48349170	0.00238217284939686
48349280	0.00270109969411479
48350410	0.0023844443553955
48355380	0.00156512401636283
48355541	0.00159839697099091
48356091	0.00207322288269407
48357430	0.0015951445670861
48358260	0.0015951445670861
48358660	0.00646096979399009
48360791	0.00349814848579939
48364060	0.00379417154476395
48364371	0.0707846477502471
48368251	0.00664922510923331
48369010	0.00391401143202868
48370581	0.0393602967730867
48371411	0.104829683056194
48371520	0.0015951445670861
48373730	0.0147546695149692
48375510	0.00313282504403607
48375920	0.0025788742333939
48376630	0.0267742425088981
48376791	0.00189631126223969
48377170	0.00180504947830246
48377481	0.00189154849307349
48380630	0.00196850681561654
48382441	0.00192230699274236
48384900	0.00213555463786026
48385491	0.0025231300780898
48390011	0.00548265759211412
48390280	0.00423359757447034
48391411	0.00679936969348112
48391660	0.0215657573466992
48394250	0.0015730297093444
48395671	0.00159210371710234
48396470	0.00169138713578844
48397751	0.00197833901417006
48397830	0.00192268958202195
48400490	0.00327880656161268
48400880	0.0163149520256293
48404750	0.00217267276373333
48406171	0.289762379889803
48406380	0.00155237400725456
48406540	0.00198052182920175
48411691	0.00866199925649097
48412210	0.00155237400725456
48415510	0.00263482468812594
48418280	0.00337262835030652
48422970	0.0158453722327665
48427121	0.00416079889028812
48430861	0.00292362041938286
48445820	0.00161227503833834
48457690	0.00286971009752499
48462800	0.00371760467323171
48468631	0.00399879219134458
48471080	0.00222138927490851
48474421	0.00438544021212126
48476620	0.00161110949403304
48477871	0.00244661451456532
48484491	0.00376641659344876
48490510	0.00500324421310405
48495350	0.0043983424218587
48497980	0.0127507512141667
48500160	0.00284567705640641
48501990	0.00170024450493101
48505290	0.00167671110322638
48514370	0.00158201751917874
48518540	0.0101850537415517
48519770	0.0100543399420896
48521810	0.0191323379300993
48527111	0.00395830561757824
48535740	0.00188939396654249
48536081	0.00333948815605201
48536330	0.0252645802862432
48536430	0.00230700408653816
48536740	0.00155237400725456
48536980	0.00365331892032389
48538151	0.00174218396649829
48539490	0.00300493838725374
48539630	0.0378164168283204
48550090	0.00300927233759693
48553120	0.0168076563449662
48558510	0.00341823261658163
48568481	0.00899009132118179
48569830	0.00589277865731953
48578011	0.046477178721804
48580860	0.00291594115602895
48592911	0.00275282883274769
48593570	0.00269036672560053
48594981	0.0018765168301985
48595671	0.122449232189934
48596160	0.00195188971525541
48596590	0.00364461001193218
48596611	0.0150509312942045
48597181	0.00207094777862593
48599620	0.00202405931087739
48606541	0.00159710380446657
48608040	0.0116903361765838
48608050	0.00172527707317407
48608450	0.00347691456840261
48611880	0.00320198693012724
48614770	0.0257249789467334
48617031	0.00155237400725456
48621660	0.00168458556511659
48622561	0.00688422705576174
48623180	0.00198877033808305
48625690	0.0018506308578673
48627050	0.00267438893652998
48627521	0.103694576283804
48627531	0.0140189976999918
48634421	0.00357121400415133
48637660	0.00258436624509654
48639091	0.0299476027479103
48641321	0.00156970651349801
48642800	0.00168861134624225
48643190	0.00161790414290756
48647361	0.0251383098932052
48647450	0.00155237400725456
48647730	0.00330787318410987
48648751	0.258639653555444
48652580	0.00181140051680439
48653041	0.00271564873613374
48653260	0.492859834685777
48658261	0.00288971936617722
48660710	0.00276393454658829
48662250	0.0015951445670861
48663911	0.00155237400725456
48666660	0.0015951445670861
48667170	0.00223879902569826
48667180	0.00182825114568137
48667190	0.00175681907829683
48667760	0.00595182765139748
48672180	0.00564126759385591
48674790	0.00166483681910127
48675241	0.00229299474001057
48676751	0.00359087703830874
48678360	0.00719184560886322
48685120	0.00160965556560435
48695490	0.00161227503833834
48696601	0.00351242299908846
48696871	0.00197324805885948
48698100	0.001648016429804
48698380	0.00273992081518717
48699880	0.00498016347217393
48700321	0.00233484066248572
48704191	0.0323720186284691
48704430	0.00357724267648608
48705561	0.0443725478750799
48706350	0.00155237400725456
48708211	0.0152827472869191
48708820	0.00155237400725456
48709441	0.00276304905877601
48710490	0.00183135939093108
48711521	0.00208871617546991
48713530	0.0418981028177842
48713991	0.00275737053674869
48715030	0.00172684401029441
48716191	0.00161790414290756
48726520	0.00513216900057474
48728191	0.00202399385931999
48732960	0.00279596710388032
48733930	0.00161636844780264
48742370	0.112360907011373
48742821	0.00638469837957277
48743620	0.411036255471452
48747371	0.0028790363633418
48748710	0.0045130545517542
48751340	0.00208192012205289
48751921	0.00173206525268143
48754681	0.0117328503221604
48761831	0.00341286160072761
48767180	0.0218839788509527
48770801	0.00695598812119378
48772191	0.00175586659729383
48774931	0.0222952153554616
48777301	0.00241037172677541
48783460	0.00184359477105449
48786931	0.00346724881036989
48796540	0.00274619631938156
48822470	0.00550993146414186
48825281	0.00191051160519377
48837940	0.00167841810943362
48838261	0.0173362757655259
48840331	0.0097396613363159
48851160	0.00310350250068246
48851450	0.00340665014016476
48854261	0.00183709090380842
48854330	0.00230206958730849
48854521	0.00155237400725456
48855020	0.00155237400725456
48856700	0.0047776053227448
48857510	0.00156096868154157
48858090	0.00588492826417741
48858350	0.00630112653965006
48860980	0.00281059997574449
48861961	0.00202250760396171
48865001	0.00161790414290756
48865390	0.0125670891584901
48866060	0.00161268769980449
48866350	0.0125948410705582
48866671	0.00180881605267111
48867341	0.00155553736144322
48868430	0.365473069059761
48869561	0.00993568863414116
48877981	0.00328376982500502
48881691	0.022552256435065
48882340	0.00185181594510886
48883880	0.0031093977290855
48885411	0.0198151252292267
48886671	0.00178600199891432
48886921	0.00255713342204223
48887150	0.00184465705787245
48895341	0.00379809560037409
48896540	0.00277270211128647
48896960	0.00415845523389311
48897500	0.00285163495534353
48897681	0.213576348132184
48898381	0.00243323433029059
48899331	0.00237388381055037
48902801	0.00370356236249902
48903331	0.00175799211446276
48904731	0.00155237400725456
48907191	0.0126368443123778
48908150	0.00343554656491884
48908171	0.00217599123643893
48909490	0.00187981845847031
48912970	0.00253153938006607
48913500	0.00175037084372489
48914080	0.00173666786301736
48918340	0.00184341000518646
48919580	0.00182699664445362
48921421	0.0015951445670861
48924670	0.00332799417434968
48924680	0.0225351561950756
48924820	0.0015951445670861
48928021	0.00199453461519299
48928950	0.00254107849286638
48928960	0.00156512401636283
48929930	0.00169142528998702
48930740	0.0015951445670861
48931140	0.00161790414290756
48932280	0.00176829199462099
48934760	0.0058055174893748
48935560	0.00622560112031928
48935840	0.00167841810943362
48937500	0.00231803940519119
48939341	0.00305569921171806
48940301	0.00175901578480416
48943440	0.0035560172369066
48945131	0.00302201669895989
48949281	0.00462153468464234
48949380	0.00616028502786212
48949551	0.0015951445670861
48950350	0.00273989505785628
48950371	0.0028201840352934
48952581	0.00249345112238469
48955901	0.00161556231372598
48960700	0.00241107117872894
48961001	0.00660706938822981
48961121	0.00272451894409922
48962050	0.00183604095497243
48963860	0.00155237400725456
48965510	0.00257458235058915
48967621	0.00192395868216251
48972000	0.00161136124033963
48972520	0.0017573105009859
48974371	0.00159848242205734
48976581	0.00189905703573439
48977281	0.0264117678251088
48978521	0.00158348298842786
48979751	0.00196850681561654
48982371	0.00385254130469274
48983140	0.00348254942830893
48984431	0.00237088737069002
48986860	0.00293368879659314
48989360	0.0024218445693275
48993220	0.00155237400725456
48993951	0.105366984092819
48997271	0.00173097961502894
48998091	0.00385909054362617
49001770	0.0464172604240964
49001801	0.00303113575844727
49005480	0.00367632277782284
49007071	0.00155237400725456
49010651	0.00187981219753214
49011130	0.00537861339933228
49012240	0.00347282934189084
49016270	0.135994415797627
49016690	0.00259061812113877
49016950	0.00298222506454122
49017111	0.00161227503833834
49019150	0.00155237400725456
49020171	0.00156096868154157
49020940	0.0138674974388764
49023071	0.00240202413636173
49024410	0.0015569101408339
49026241	0.00610725868668743
49028431	0.00763875669993687
49028520	0.00158619616119475
49029411	0.00174606287040451
49032000	0.00558799898764615
49034231	0.00168110196644448
49034241	0.00155237400725456
49034351	0.0333429113120652
49035321	0.00155237400725456
49037480	0.00424867513225784
49038050	0.00342788064267138
49039191	0.00249337638149329
49042310	0.0159177105948608
49043580	0.00493671245541573
49051710	0.00813823883510897
49054501	0.00191840471305902
49055331	0.0025251140119681
49055410	0.00237015868297218
49059150	0.00248739588758918
49063960	0.0303806868576204
49064410	0.0375644465739702
49065610	0.00212532968518963
49066730	0.00457936969357522
49066890	0.0015951445670861
49071710	0.00486807048949712
49073330	0.00309052964774146
49075690	0.00172122914391956
49075950	0.0111294965825862
49078310	0.0101220632227762
49078371	0.0015951445670861
49079201	0.00161136124033963
49082771	0.00174847391907667
49085811	0.00156096868154157
49085951	0.00161136124033963
49087000	0.00155237400725456
49090890	0.00197754781002009
49097791	0.00829865636646954
49097890	0.00163129921008655
49098310	0.00238491088137126
49098481	0.0015951445670861
49102300	0.00244661451456532
49103020	0.00363740686053888
49109760	0.00156492173366445
49111191	0.00226883879966292
49111471	0.00198136486870142
49112831	0.00160540748339551
49114460	0.00169435443541413
49114621	0.00194708346967952
49117740	0.00381588110092168
49120701	0.00601238841274758
49122921	0.00186864540033314
49127680	0.00233140407935579
49130310	0.002157599984617
49132120	0.00167841810943362
49133671	0.00156096868154157
49134071	0.0113916884715771
49138501	0.00161790414290756
49140790	0.00654134073740975
49141941	0.00482455880209709
49142221	0.00186475056875535
49148141	0.00327358720028209
49149880	0.00372308400455197
49154330	0.190398976808949
49155280	0.00459318313089729
49158501	0.00452955100210831
49160500	0.00158670963428244
49161671	0.019446514284314
49161951	0.00418508015536815
49163540	0.0015730297093444
49165190	0.00204671194078513
49165870	0.00166483681910127
49167031	0.00196850681561654
49169921	0.00408828378967462
49172670	0.00322749098307536
49174631	0.00291405647871776
49177111	0.00288779934840092
49180080	0.00454743547159348
49182310	0.0516518057518401
49182491	0.0110525064907129
49182840	0.00162984789015293
49186471	0.00234763087220691
49188670	0.00222712968419611
49189091	0.00217675378393567
49189391	0.00156241468314722
49193870	0.0765033071638018
49196401	0.00226083930377279
49196640	0.00353377364147988
49198061	0.00304911351107833
49198320	0.00255108580228711
49199270	0.00253778709216167
49207301	0.00186793694507958
49210970	0.001808992562569
49213470	0.245473142555132
49213760	0.00155553736144322
49215410	0.0015884030675312
49217531	0.00643724772252363
49220100	0.00236840505319479
49220350	0.00155237400725456
49221251	0.00458823146973595
49222430	0.00794114839249357
49223851	0.0037986847215641
49227820	0.00173146343584938
49231431	0.00156492173366445
49232961	0.366116346463975
49236910	0.00155237400725456
49237921	0.00173566277638143
49238160	0.00211101668521466
49244141	0.00368812203814781
49245661	0.0015951445670861
49247140	0.00862378842496498
49247400	0.00430027801986168
49249490	0.00337013264725633
49253050	0.024960757370479
49258150	0.00161136124033963
49258710	0.00223444058933604
49261170	0.00332075032092626
49262331	0.00280910976405917
49264210	0.00420128536912069
49267031	0.00354401643572433
49268831	0.00501742651469235
49271670	0.0074689811137804
49272340	0.00155237400725456
49273101	0.0598960034894819
49274140	0.00355051531251145
49274990	0.0070412912856701
49275280	0.00246538921739442
49281170	0.0818800623803848
49286040	0.0040400923841975
49286410	0.00155237400725456
49287650	0.00248864205490038
49287981	0.0018681412539585
49289600	0.0647244919547873
49292070	0.00161314055351151
49292811	0.00174250758523031
49293091	0.00187519249006613
49294450	0.00155237400725456
49299021	0.00563997779622787
49299721	0.00190913768159852
49299790	0.00173513934226526
49300490	0.00159980547865461
49300541	0.00227081603165741
49301361	0.00260657404341579
49302560	0.143326468486461
49303250	0.00155237400725456
49303841	0.00156512401636283
49304821	0.00368021190244343
49306471	0.00445844311965168
49307650	0.00158574412912967
49308531	0.00258355121865399
49312671	0.0442164410080501
49313330	0.126387649845572
49315981	0.0253172669873596
49316531	0.0123901957260177
49316541	0.00156970651349801
49317221	0.00184598710810678
49317300	0.00161136124033963
49318270	0.00291450569059304
49318840	0.0203182700391933
49319810	0.00857800021947405
49319940	0.00156492173366445
49326341	0.00658192166427584
49326840	0.0015951445670861
49331141	0.00183043782120553
49333641	0.00918269586355149
49334041	0.00352327499046692
49335581	0.002945494924517
49337440	0.00482946370678644
49339100	0.0015951445670861
49340531	0.00403342250726819
49340551	0.00156492173366445
49343090	0.00393533384743544
49343861	0.00155237400725456
49344210	0.00160415752258067
49344620	0.00256545568685476
49345850	0.00305213604577858
49346331	0.007137365710274
49347561	0.00182038018404564
49348411	0.00533491746302617
49349771	0.00271573606768494
49350170	0.00269237230862002
49352111	0.00274089969844743
49352240	0.00854096392079201
49352671	0.00231188847346858
49353190	0.0017130044392537
49354160	0.104738222042736
49359790	0.00158348298842786
49360900	0.00505825432970408
49363120	0.0049640474691033
49366150	0.0252205777893918
49367110	0.00510374439514889
49369160	0.00291686630681591
49370580	0.0020918014340902
49371670	0.00210841029696826
49372060	0.0017692912063359
49372330	0.00202473131515319
49372671	0.00748554066306211
49374751	0.00298007877694968
49374970	0.00350921432431203
49375090	0.00246393110757457
49375390	0.00155237400725456
49376671	0.0015951445670861
49378280	0.00933293255603998
49380210	0.00247289838796922
49382960	0.00168458556511659
49396811	0.00155237400725456
49399370	0.00366120983442361
49399991	0.104691146141248
49400241	0.0051122535930884
49400261	0.00365666285618483
49402140	0.00230010478152821
49405290	0.00269952024720563
49406560	0.0030935967965243
49407151	0.00535899460769137
49409190	0.00333483105486512
49409290	0.00163603918811246
49415281	0.00195426473337464
49417440	0.00634928140588632
49421590	0.00181990321284131
49422290	0.00161227503833834
49426581	0.0020734218093235
49429180	0.00161946470570261
49429610	0.00163341839173802
49430570	0.002368686175681
49431390	0.0024603258128099
49437740	0.00349008417203738
49437880	0.00244346679193783
49438020	0.0256771522915272
49439561	0.0415200953150953
49440060	0.0017914253096205
49445081	0.00156096868154157
49446721	0.00367695226480583
49451220	0.00638382451485292
49451800	0.00155553736144322
49457201	0.0015951445670861
49457481	0.0019477745184394
49458290	0.00252572793796423
49459630	0.0334135610346963
49459800	0.00155237400725456
49460760	0.00987644579837859
49463490	0.00162943981114012
49465061	0.00190008696638065
49466031	0.0226664365636544
49466311	0.0424820850329838
49467930	0.00405700193415533
49471401	0.00155237400725456
49471691	0.00298840888298021
49472111	0.0015951445670861
49472210	0.00178891365638419
49475971	0.00219182099278391
49482550	0.00178019533502787
49486311	0.0028630260013392
49487080	0.00155237400725456
49487421	0.00175073523336309
49492651	0.0015951445670861
49495900	0.00161227503833834
49496381	0.0024519940296136
49497010	0.00183135939093108
49498140	0.01288392180857
49500350	0.00192822859843857
49501061	0.00260095015006615
49502431	0.00160988540896555
49508651	0.00421127868947627
49512190	0.0026686134807839
49512470	0.0015951445670861
49513881	0.00292603992851747
49515390	0.00249719274175595
49517590	0.00158366727735041
49520521	0.00161268769980449
49520921	0.00261930703341696
49525191	0.00156096868154157
49525601	0.00472538559820869
49531620	0.00167841810943362
49531671	0.0373490393780661
49534830	0.0250744313405356
49537901	0.0015951445670861
49539240	0.0015951445670861
49540890	0.00280744194702114
49541201	0.00163389700345172
49545051	0.0015951445670861
49547630	0.00156890846419704
49554400	0.00374629655902237
49555360	0.00243292590863095
49555630	0.00520878535339215
49555681	0.00717466369424739
49555811	0.00248490305198939
49556231	0.0202188242164105
49557621	0.00381630964912608
49557690	0.00174674129815085
49559951	0.00219691881917671
49560631	0.00172804500037873
49560740	0.0124336354206869
49562660	0.00161858409080361
49563340	0.0015951445670861
49563500	0.00387141038310648
49565351	0.00155237400725456
49566560	0.0281758490608967
49567121	0.00564247989417283
49567141	0.0043342854858872
49567671	0.00178730691120578
49569710	0.00155237400725456
49570250	0.00172527707317407
49570270	0.0015951445670861
49570940	0.00157552696807445
49571490	0.00302161547157643
49572310	0.00220600268251831
49572480	0.00434929977339422
49573970	0.0034812065678395
49576200	0.00554798599156382
49577481	0.0483993567823636
49578280	0.00163153721855732
49581461	0.00246813861630693
49581860	0.00242642633741843
49583531	0.00163153721855732
49584460	0.0015951445670861
49585051	0.00164602575039303
49586390	0.00182487118155296
49586670	0.00282912058089037
49586991	0.00615311344835465
49592330	0.00155237400725456
49592740	0.00308787174318122
49593440	0.00155553736144322
49595760	0.0015951445670861
49595790	0.00156008272409754
49596060	0.0018764266011771
49597150	0.00360508731215752
49598151	0.0066084006458948
49598400	0.00171036983244616
49598520	0.00260117064251458
49601181	0.00380870703427882
49605611	0.00182335888053486
49607500	0.0656629758137065
49608860	0.00320833330751132
49609680	0.486008894610348
49609980	0.00237989851095434
49610800	0.00161227503833834
49611131	0.0764073684209195
49619411	0.0015951445670861
49619620	0.0146865841629094
49620340	0.0017550060389355
49621990	0.00159710380446657
49622940	0.00309471948855669
49623480	0.00186388215170228
49624310	0.501931625474588
49624750	0.00229041070103624
49626100	0.0015951445670861
49626571	0.00155237400725456
49626790	0.00443426981945119
49628361	0.00156241468314722
49628921	0.00487171741019093
49629550	0.00260310558469177
49631230	0.00264496125439364
49633300	0.00236095680405534
49634161	0.00323022420253403
49636040	0.0015951445670861
49636470	0.0058006120257816
49636990	0.0015951445670861
49640351	0.00323047371769299
49641430	0.00372417235126111
49646650	0.0015951445670861
49648740	0.00252425624732569
49651401	0.0159940123706578
49652480	0.00161790414290756
49653601	0.00155237400725456
49653960	0.00181723297173514
49654540	0.00166250683316527
49655391	0.0015951445670861
49655470	0.0032733499863345
49656460	0.00181762939020122
49659531	0.0114969395775099
49661280	0.00156492173366445
49665311	0.0015569101408339
49666130	0.00297429044806005
49666230	0.00230704356960185
49666780	0.00286030772501917
49667360	0.00243228502262584
49667811	0.00160177699835059
49672761	0.0304897737189788
49674960	0.00170400569905594
49677570	0.002775622322221
49677820	0.00232476930538975
49679821	0.0015951445670861
49680761	0.00309546837424481
49682680	0.0121742743765358
49682691	0.00198827137750396
49683370	0.00156241468314722
49684020	0.0015951445670861
49686250	0.0148762821601071
49687880	0.00216496354329627
49688310	0.00402834106200226
49688371	0.010864968994226
49690400	0.00641483108189283
49693830	0.486621917059935
49698260	0.0114161209875168
49699090	0.00232001584054816
49702640	0.0201473698856206
49703661	0.00155237400725456
49704460	0.00155553736144322
49711521	0.0015951445670861
49714011	0.00204680706750491
49717670	0.00178937114653849
49720751	0.00155237400725456
49721700	0.00187641889431711
49723241	0.0040614878144545
49724150	0.00174606287040451
49727470	0.00302488005202304
49728300	0.0015951445670861
49729280	0.00411462271881738
49732351	0.00176857884407824
49734240	0.0016963287842628
49736590	0.00467943370205467
49737420	0.00277182116303381
49737540	0.0151486720836929
49737991	0.00156944749594279
49738100	0.00423343544948941
49738770	0.00162056608022115
49740501	0.00213182258443675
49741290	0.00339139720878464
49744211	0.00258443957770112
49748221	0.00257336758624352
49749581	0.00655637870874315
49750120	0.00158779241557088
49750790	0.337823974192156
49751791	0.00186975469579105
49752081	0.0155718638436401
49752491	0.00179457211259724
49753530	0.0124047888634219
49754240	0.00239677808624341
49754961	0.00162298512618053
49754981	0.0015951445670861
49755381	0.00275569893583508
49757670	0.00161227503833834
49759340	0.00335867552851231
49765430	0.00155237400725456
49766220	0.00340478375610189
49767350	0.00156415151203796
49769021	0.0015951445670861
49769560	0.0359760946723905
49772040	0.00350656708504744
49772341	0.00274753755098639
49772891	0.00155237400725456
49773161	0.0020472091490265
49773711	0.00155237400725456
49773960	0.00366940293003542
49776341	0.00158539363665587
49780720	0.00428924537809118
49782650	0.00519321538522175
49782660	0.00162184388590353
49784580	0.00180531471165895
49784590	0.00156512401636283
49789960	0.00249580807115308
49789980	0.00243455932111017
49790551	0.00248859461791528
49790770	0.0209394442245088
49792331	0.00161366186298351
49793110	0.00163178067517755
49793670	0.0229809305835108
49797810	0.00754401749160834
49807610	0.00181587344495829
49809390	0.00155237400725456
49813690	0.00182116110682541
49817301	0.0207786344016894
49822110	0.00733310654686943
49822510	0.00155237400725456
49824280	0.00184495399610479
49824980	0.00170033004039975
49825010	0.00748829074168477
49836840	0.00339190298214873
49836891	0.00169138713578844
49844601	0.00163341839173802
49853550	0.00155237400725456
49854800	0.0017449944856769
49856730	0.00187706047242492
49863371	0.00155237400725456
49866401	0.00171685498391008
49869151	0.100024923947105
49869940	0.00253634839694456
49871600	0.0265710250066611
49877260	0.00378731610667849
49881291	0.00177105388178904
49884211	0.00180570853493132
49884741	0.00761290816136909
49885120	0.00593651010822035
49886920	0.00893946252556036
49887310	0.00186297953805123
49887320	0.00165714705591385
49887450	0.595611990766564
49888150	0.00274619896723735
49888871	0.00183674409242244
49889960	0.0015951445670861
49890961	0.00161136124033963
49891791	0.00191331120067452
49893930	0.00349892472674287
49895450	0.00408063310958689
49896700	0.00160520283682317
49898001	0.0023838731854565
49898780	0.0016397194642947
49900990	0.00184748533927754
49901670	0.00155553736144322
49903590	0.00170033004039975
49904741	0.00183674409242244
49905530	0.00162710925714171
49908840	0.00163550957769791
49915620	0.00165583777336672
49916580	0.0330163316399786
49917100	0.00315704282068365
49917390	0.00532711032910339
49919450	0.00332819385843534
49920580	0.00278576413312776
49922541	0.00156096868154157
49922890	0.00284802787272225
49923320	0.003269505329077
49924850	0.00277285505890214
49925110	0.00184391863389677
49926750	0.470104093500984
49927040	0.00373231756532491
49927580	0.00196952888091745
49931231	0.00202960789997259
49932680	0.00171986130721864
49939850	0.0158839181128477
49942620	0.0122965774887636
49943030	0.00705958042191541
49945031	0.00276796764369604
49945250	0.0256507190659311
49945790	0.00155237400725456
49946941	0.00306048930359105
49947340	0.00218588248464199
49948731	0.00614623448663116
49950360	0.00177072633102849
49953380	0.0554500404330132
49955901	0.00272873899336825
49957540	0.00613594113010233
49959901	0.00446014184298473
49960990	0.00156096868154157
49962470	0.00345655231753689
49962880	0.00158074615880211
49964150	0.00302730225216366
49964980	0.00162710925714171
49969110	0.00250163224395174
49969151	0.00198680720268056
49976540	0.0115574328167326
49980580	0.00201186063203929
49980871	0.00202120330609455
49982770	0.00158602379144527
49983621	0.00555984961695352
49985510	0.00551852643331779
49985940	0.0015951445670861
49988181	0.0438178974416139
49990661	0.00971459686149361
49992191	0.00183587742504504
49997950	0.0537684208108342
49997961	0.00163190678420504
49999880	0.00161790414290756
50000830	0.00216454153794927
50001230	0.0015951445670861
50002610	0.00159769547950879
50003501	0.00273471486628331
50004591	0.00155237400725456
50012410	0.00169636704974534
50016861	0.00191845506226194
50020570	0.00794842634714196
50022210	0.00435974180527094
50025981	0.00208704768067527
50028420	0.0175884401142
50029910	0.0015951445670861
50030360	0.00160502170152418
50031310	0.0147280180477124
50032120	0.01390949341434
50039300	0.00878711718598548
50042760	0.00181990321284131
50044041	0.010479130972343
50044861	0.0036912810600309
50046190	0.0385381988768343
50052031	0.00167841810943362
50052051	0.375365664714955
50053800	0.00299224065458299
50060161	0.00162811216154304
50062651	0.00253369957252065
50066060	0.00155237400725456
50069271	0.0015951445670861
50071300	0.0015951445670861
50071870	0.00314095816878187
50071980	0.141652548659935
50072660	0.0105456863426622
50074661	0.0016475315157932
50076161	0.0146041343116411
50078470	0.00170255455584251
50079010	0.00431428166721434
50080010	0.00195990109838294
50083891	0.0015951445670861
50084530	0.00156512401636283
50085240	0.00239654881338512
50087771	0.00480680217668155
50088321	0.00233886491373403
50088980	0.0015951445670861
50089141	0.00331043999079194
50090180	0.00333259219019797
50090241	0.00305139345196072
50090350	0.00304274531531355
50090730	0.00403239051738732
50093811	0.00156492173366445
50094070	0.00188333620918999
50095341	0.00290565408500815
50096321	0.00161136124033963
50100950	0.00279703851320698
50101910	0.00182011432101084
50102521	0.00163308848355139
50104820	0.0050081805552281
50104871	0.00314645835748208
50105541	0.00317818817535574
50105640	0.00183570330478416
50105940	0.00155237400725456
50108731	0.0184365277493884
50110080	0.00419904383121465
50110381	0.0015951445670861
50110521	0.0015951445670861
50111170	0.00161790414290756
50112021	0.0092435795768825
50112871	0.00171750215107143
50115901	0.00444264180240845
50116380	0.0142687773376534
50116670	0.00209226534396638
50118070	0.00168099785695465
50119751	0.00164878491128897
50121920	0.00228717183663322
50121971	0.00572448501925368
50125531	0.00219879017547616
50127290	0.00399939861880657
50128301	0.00365072542922029
50129001	0.00161790414290756
50132031	0.00188710678938007
50133480	0.0148882286196929
50134361	0.00193646852496794
50138040	0.00170255455584251
50139450	0.00413126779409878
50141940	0.00562019681795419
50144400	0.00156944749594279
50145910	0.0193414804557205
50146490	0.00231803940519119
50148571	0.00346074909715111
50149660	0.0257430618512681
50149941	0.00627951526039068
50152810	0.00985015324570673
50160301	0.0689408499396039
50164540	0.00196952888091745
50164690	0.00169644134688847
50166050	0.190273078005686
50168830	0.00340642792100464
50169350	0.00401514612316249
50169930	0.00155237400725456
50178651	0.00172211242869192
50179980	0.0015951445670861
50180120	0.00155237400725456
50181001	0.00469937918509648
50182620	0.0253004857491379
50184410	0.123526233214105
50186450	0.0015951445670861
50188301	0.0155820556840055
50191310	0.00253196531508352
50192971	0.00189046369988707
50193691	0.00944989573356473
50193790	0.0015951445670861
50198480	0.00156492173366445
50208011	0.00184315546245503
50208670	0.00166472914769399
50209100	0.00169290469754781
50209640	0.00170255455584251
50210200	0.00183321883270372
50210880	0.00190994007450898
50212581	0.00225927845529654
50215591	0.00159860748902245
50216940	0.00161916782348687
50217900	0.0635382378482682
50219000	0.00157575414547598
50220721	0.00422786743287842
50224270	0.00354000698712524
50224441	0.00155237400725456
50224820	0.00156492173366445
50225411	0.00163588023042767
50227430	0.0122590443567848
50228920	0.0255247656951111
50229271	0.00209118385142217
50231591	0.00848763849246043
50231720	0.0250317311765431
50233760	0.0078052741596731
50235191	0.00161790414290756
50235611	0.00155237400725456
50236161	0.00155553736144322
50237801	0.00423440885923424
50239830	0.00161227503833834
50242040	0.00483413789911703
50242990	0.00159986113824424
50243601	0.023140067921183
50244100	0.00456106631769576
50245650	0.00463906595835664
50245790	0.0037994303619299
50248100	0.00527739532799316
50250060	0.00173666786301736
50250330	0.00473713505089696
50252090	0.00214363447938445
50252981	0.0045600700055126
50253391	0.00564186722714051
50254860	0.00162578707023025
50262160	0.00317923488864961
50262911	0.00328246420843447
50263311	0.0038963392249859
50264971	0.00242271989029293
50265190	0.0017180694545208
50265470	0.0122228506669522
50267400	0.00316945125661192
50268670	0.00160546143595618
50270430	0.0015951445670861
50271721	0.00288779934840092
50272281	0.00193340026252743
50273101	0.00167841810943362
50274351	0.00163952323622755
50274631	0.0113474355813064
50278890	0.00155237400725456
50279300	0.0116079537394824
50279601	0.00183017661201907
50283420	0.00188000658430541
50289401	0.00920076664191666
50290450	0.00360526081981806
50293770	0.00579151393498493
50297900	0.00180787655073566
50301811	0.0232427357939556
50306631	0.00244661451456532
50307051	0.00259058247547306
50313500	0.0136096703362089
50317050	0.0214243016266479
50321460	0.0878235920055537
50322010	0.0038846625503266
50322450	0.00651527142333376
50326061	0.0074865913855176
50338300	0.00457848156121787
50344370	0.171357718307484
50345251	0.00167841810943362
50346860	0.00761149202716091
50350201	0.0017478024448958
50351010	0.0132508687969608
50353811	0.00426339613798941
50354700	0.00184567500349245
50355311	0.0024863503188139
50360281	0.00163153721855732
50361101	0.00188091343614033
50364670	0.0159340212022692
50366570	0.00170033004039975
50367400	0.00394389128062506
50368120	0.0244551772950158
50374341	0.00168110196644448
50375861	0.00155237400725456
50376001	0.00726903061581095
50379280	0.00234600532840487
50379400	0.00232196393027825
50392230	0.00197754781002009
50392630	0.00327863416365811
50394331	0.00651038855830589
50400510	0.0355858844172187
50401911	0.0278549615388533
50408090	0.00535683547003068
50408401	0.00243965072405109
50411240	0.00286406762486101
50413750	0.00228027461766378
50413900	0.00206647840130962
50416790	0.00181762939020122
50419711	0.00771484750687365
50420671	0.00186897573831899
50422051	0.0283170638825822
50422160	0.00287864316666336
50422420	0.00527720017657891
50427291	0.00181762939020122
50428940	0.00338275273342567
50429791	0.00689247757320698
50433371	0.00186112180569494
50433921	0.00157799765883384
50436100	0.00288127995882174
50436421	0.00386580798824939
50438180	0.0131673712808994
50438420	0.00164797626855977
50439520	0.00162710925714171
50441651	0.0015817385621668
50442601	0.00155237400725456
50444421	0.00343990616371534
50445050	0.00364039844435382
50448251	0.00272935265623419
50449600	0.00259992556679393
50449860	0.00205224984185187
50451270	0.00160965556560435
50452620	0.0015951445670861
50452961	0.00155553736144322
50453651	0.0100139197283588
50458761	0.00155237400725456
50461210	0.0027931640420441
50462860	0.00621253606646705
50465791	0.00155237400725456
50465880	0.0015951445670861
50466761	0.00235406331946793
50467171	0.00234650874634444
50467841	0.0016142515521496
50471301	0.00401080526974376
50472240	0.00181762939020122
50472531	0.00432540739633021
50474410	0.0015951445670861
50476080	0.00156492173366445
50476520	0.00721766589508794
50478341	0.0022412883866163
50479711	0.0209502551223103
50480620	0.0027984586901398
50484941	0.00697590515644577
50488640	0.00334754179781333
50489310	0.00170752877585102
50490300	0.00165049716593157
50491110	0.00175020481895138
50492811	0.0022118590121992
50494850	0.00178721109629571
50494881	0.00163979969974503
50495120	0.0026293770687984
50499441	0.00277613054616542
50501631	0.00218316382501394
50502881	0.00167841810943362
50505040	0.0384629558034788
50516640	0.06567278267783
50524510	0.00283884846565959
50525310	0.00521943853667501
50527260	0.00181263290351919
50527780	0.441170486747787
50530051	0.002679146529792
50532121	0.00156492173366445
50534181	0.0015951445670861
50535950	0.0854303361895004
50535960	0.0121904308768093
50539810	0.00541627861410075
50543820	0.00161227503833834
50555810	0.00334248265620694
50556470	0.0016436331433233
50569990	0.00158348298842786
50578420	0.00333857850737233
50578670	0.00197402891596505
50583421	0.00196105567491849
50585330	0.0200551434430304
50586461	0.00288971936617722
50589361	0.00180837614594317
50589901	0.00982377105344507
50592920	0.00191271077785828
50592931	0.00163341839173802
50595950	0.0230448922825435
50601870	0.00238953405615016
50602171	0.0185703059827509
50603981	0.0185463392034149
50604401	0.00594187765187205
50607110	0.00289614874088389
50608740	0.00171656118800458
50611131	0.0126788182466948
50612460	0.170271201168368
50612531	0.0042818216977206
50613071	0.00289740442727233
50613170	0.00156970651349801
50613310	0.0972016056207562
50617481	0.00155237400725456
50618171	0.00187981845847031
50619650	0.00156970651349801
50622020	0.00534019418073502
50624350	0.00453976540850083
50626690	0.00298357553904469
50627541	0.00311826543056121
50632340	0.00175020481895138
50634410	0.00236465385763134
50634581	0.0273968064199495
50637891	0.00181723297173514
50639090	0.00831164155825973
50639790	0.00551810067511453
50642441	0.00155237400725456
50645590	0.00162205444705299
50646260	0.00156096868154157
50647151	0.00244661451456532
50648880	0.00361361371124951
50651250	0.00167475163985146
50652180	0.00262356442864295
50653970	0.00186047819273491
50654581	0.00171036983244616
50654700	0.00173633875045228
50654830	0.00914173597522947
50655401	0.0064046739066196
50655831	0.00464827721908174
50658810	0.00173665212032769
50660531	0.211779177527212
50663100	0.00174058735588171
50663790	0.00161136124033963
50664210	0.00540483932329646
50665050	0.00196667326705304
50665761	0.00156970651349801
50667240	0.00155237400725456
50667401	0.00235111270594119
50667630	0.00293204210893907
50668521	0.0050114997904315
50670140	0.00279981360308236
50671920	0.00389386242616461
50672391	0.00161716324682733
50673850	0.00200801752441885
50677170	0.0905780573009072
50678000	0.0167494260428632
50681150	0.0015951445670861
50684080	0.0017723549575712
50686560	0.0193749472677428
50690800	0.00557222632105454
50691961	0.00377593494494896
50694950	0.00175513501234
50701980	0.00161739978825735
50705611	0.0197447078463251
50711411	0.00313386707174545
50714711	0.006948439706155
50716460	0.00879228242987404
50722800	0.00260774248605603
50727520	0.00377100914533712
50748750	0.0052800106191771
50754530	0.03907907153988
50755350	0.0015951445670861
50755811	0.00155553736144322
50759360	0.0630427677711625
50763360	0.00155237400725456
50764781	0.0140334523602073
50765970	0.00329944650139483
50767350	0.0015951445670861
50767541	0.0035902607376776
50768361	0.00161429530128257
50770120	0.00837360241700107
50770311	0.00261266313939193
50771930	0.00161227503833834
50775080	0.0019768279806869
50775401	0.00155237400725456
50775640	0.00155237400725456
50776771	0.00163341839173802
50777570	0.00318747870502724
50778021	0.0015951445670861
50778110	0.00282918611265927
50779100	0.00158539363665587
50779510	0.00181673994909866
50785341	0.0229081034004073
50786281	0.0015951445670861
50789481	0.00158824716560705
50790400	0.00199875870728441
50795521	0.0039926276466738
50796091	0.00245798563133299
50797700	0.00173206525268143
50797751	0.0290737341546303
50798240	0.00174028535595863
50798390	0.00167841810943362
50802380	0.00426626698048217
50806301	0.00207121891205401
50807750	0.0271132857316353
50809290	0.00891948346545123
50811620	0.00172454421813165
50813140	0.00156970651349801
50813720	0.00274919995252258
50817201	0.00169271726994375
50820081	0.00288641546709217
50823360	0.0020035772426479
50823920	0.00700388253979381
50826390	0.00158366727735041
50827111	0.00196372731497637
50828470	0.00162205444705299
50832901	0.00429109649277414
50833061	0.0018241787504046
50838581	0.0016397194642947
50840071	0.0192730928730952
50841061	0.00877952282483076
50842161	0.0223048478666521
50843241	0.00901664856854487
50843391	0.0015951445670861
50844310	0.00674224158659003
50846001	0.00155553736144322
50850291	0.00167841810943362
50851811	0.00243638731966754
50852621	0.0028173922132557
50853061	0.00242393933933845
50854691	0.00177760323444574
50856341	0.00633486027773022
50859681	0.00161136124033963
50863880	0.00196216543260613
50864621	0.00155237400725456
50864911	0.00474040579935051
50869260	0.0018300325831517
50869871	0.0017172108338075
50872740	0.00161136124033963
50882680	0.309142095439727
50884020	0.012840168991875
50887090	0.00211681009829461
50890650	0.0060422439847558
50891801	0.00188387686965995
50900710	0.00156970651349801
50900860	0.00155237400725456
50901160	0.00228449971128047
50901721	0.00162710925714171
50902540	0.00161214246316965
50908330	0.00427245174505719
50909550	0.00190957416386786
50909980	0.00162710925714171
50910360	0.00234694216102661
50910380	0.00382480648657633
50913010	0.00155237400725456
50918250	0.0015951445670861
50918660	0.00262746289733843
50920730	0.00211334365691302
50923921	0.00161790414290756
50924860	0.00325589436120655
50925010	0.00231475332766116
50925670	0.00242957798688078
50926380	0.00512482618388366
50929840	0.00162120287686686
50929861	0.00155237400725456
50932430	0.00946513980761952
50935770	0.00176839653337154
50936201	0.0018341677692514
50937700	0.00281203415497697
50938271	0.0022212573112296
50938421	0.00275454971917056
50941430	0.00161136124033963
50943101	0.00546705521915925
50943531	0.00169039895272002
50945150	0.0060671016463167
50945731	0.0161656783861531
50949031	0.00183466516604608
50950500	0.00182729792616151
50951060	0.0015951445670861
50953041	0.23078397760972
50954841	0.010465974752266
50955511	0.00400830017682509
50956700	0.00161136124033963
50957560	0.00315165878154053
50958151	0.0153910653932334
50959610	0.00555391796324304
50960990	0.0150707027722172
50961150	0.00458899122729511
50961520	0.00200694876329183
50961711	0.0253241459326913
50963620	0.00244661451456532
50963630	0.00776170710386234
50964911	0.0109161447625386
50965420	0.00178127264219679
50966411	0.00272873899336825
50966831	0.00282341164805482
50967651	0.00155237400725456
50967870	0.00163553824814998
50968160	0.0027840317243234
50970541	0.00290810466693761
50970821	0.00403802639555894
50971190	0.00320659149392829
50971600	0.00161403476886127
50971931	0.0058554477678633
50972730	0.00202187396054514
50974500	0.00418941040162289
50976881	0.00158163678398149
50977021	0.00278961150035833
50977871	0.00624594790209364
50979190	0.00372566772462271
50980280	0.00174617466520081
50982411	0.0037688894815525
50985581	0.00180650439297861
50986500	0.00159841440950664
50988211	0.005537294151979
50989260	0.0020067661803985
50989660	0.00191678489412688
50991241	0.00321920917833368
50991450	0.00173566519889496
50995740	0.00305806937944403
50997390	0.00202517588339714
50998961	0.0168237506240676
51001041	0.00171986130721864
51007060	0.00167841810943362
51008440	0.00791360371522834
51008860	0.00163422191949974
51012420	0.0015951445670861
51014261	0.00213738921333079
51015070	0.00205826537240072
51017410	0.00254708411365627
51017571	0.0370383226369684
51021110	0.00161227503833834
51024690	0.00378854180303664
51026401	0.04094390241742
51028020	0.00253734631989864
51029260	0.0019062611199403
51029520	0.0026121493617367
51029731	0.00237388804989074
51030121	0.00207826939497444
51032621	0.00188070583012045
51034360	0.0125475670748485
51034490	0.0019360533303113
51037410	0.00365017009611019
51038240	0.00156492173366445
51038660	0.0015951445670861
51041130	0.0019483361286412
51041650	0.00432886675066452
51041680	0.00159860748902245
51045721	0.00159839697099091
51046240	0.00724039911687127
51046490	0.0107425187494579
51047781	0.00196468258235117
51048170	0.00711653072152201
51048850	0.0367592280772203
51049851	0.00155237400725456
51051091	0.00297051408975943
51052700	0.00174350078182032
51053280	0.00269111923536525
51055590	0.00642157094670778
51055641	0.00191755491459393
51055900	0.00159187222023563
51057981	0.00841019357069934
51059651	0.00674842913960486
51060450	0.00158602379144527
51060751	0.00915356360837982
51062230	0.00162971120320054
51066070	0.0391218850041501
51067620	0.0022917785771648
51071320	0.0032870077968016
51071590	0.00156096868154157
51073421	0.0122434466375761
51074490	0.00170505657638831
51076041	0.00162642434402809
51077281	0.0231472868379247
51080150	0.00879098667435704
51080570	0.00797880624789783
51081140	0.00344183705413915
51082821	0.00438443235359152
51082890	0.0747937244627868
51083771	0.00209549751350151
51083911	0.00211848575458714
51085841	0.00155237400725456
51086681	0.00448085865448095
51090910	0.00218324563226803
51092010	0.00563075480992046
51093701	0.012861333165325
51097561	0.00155553736144322
51098821	0.0261068687651415
51100690	0.0336578423217171
51102480	0.00231803940519119
51102531	0.00191691475165455
51103160	0.00337119054095791
51104550	0.00292351535219054
51105810	0.00403255363494321
51106780	0.0015951445670861
51107211	0.0062704631327569
51108160	0.00158898717948595
51108400	0.00175958276746296
51108700	0.00216661255122818
51109400	0.00860017265113272
51109581	0.00311542334231318
51109831	0.00156492173366445
51110951	0.0170860075939822
51112160	0.0015951445670861
51113390	0.0015951445670861
51115781	0.0377384947434505
51116720	0.00488601887665495
51117270	0.00479507299755323
51122480	0.00862853779136301
51125670	0.00602307730383563
51128160	0.00234212906562039
51128871	0.0015951445670861
51129141	0.00361777750551973
51132440	0.0015951445670861
51134230	0.00442781953418903
51134241	0.0015951445670861
51135351	0.0015951445670861
51136540	0.00161227503833834
51138480	0.00156944749594279
51143211	0.00321344628756215
51144690	0.0127018864102391
51146401	0.00174510200236408
51147221	0.00251852167967341
51150220	0.00284962400615493
51150261	0.00376471684504991
51150740	0.00182616248652197
51156440	0.00163089881308802
51157500	0.00372424979249948
51165141	0.128089486509519
51167081	0.122191721732707
51168191	0.00161136124033963
51168471	0.00191855611693055
51173910	0.00898949722131383
51174750	0.00243803329006818
51174811	0.0339938365985577
51175580	0.00279196331049435
51175610	0.00347876963999215
51175720	0.0209398419680351
51175850	0.00194263064862357
51179320	0.00155237400725456
51180041	0.00252879809380135
51182600	0.00495867210826089
51185691	0.00957834684116326
51186210	0.0020438715018216
51186251	0.00189314024314351
51187061	0.00990166596897045
51189561	0.00156096868154157
51189930	0.00481441877923557
51191071	0.00472505203465533
51195621	0.00210881978657488
51196280	0.00235196209196571
51196601	0.0202763512315431
51197971	0.0048986963700504
51199160	0.00536303260854337
51199990	0.0015951445670861
51203201	0.00173259325452057
51203290	0.00155237400725456
51204700	0.00158602379144527
51205151	0.00237042837913346
51210330	0.0016044544271365
51211190	0.0015951445670861
51211361	0.00447498458433235
51213260	0.00185576655185838
51213810	0.00156970651349801
51214241	0.0015951445670861
51214391	0.00415462234301844
51214941	0.00472542222382252
51221360	0.00286522756212784
51223460	0.00205580686089717
51223751	0.00156512401636283
51223990	0.00474728842670295
51225971	0.00420182337976173
51229260	0.00155237400725456
51229981	0.00170505657638831
51230210	0.0016397194642947
51230251	0.0788995777502536
51231160	0.00166455437302257
51232140	0.00410016042145814
51232420	0.00375680512316116
51235440	0.0269624908208695
51238671	0.0015951445670861
51239310	0.00287522552557553
51240581	0.0040885751868791
51241151	0.00301256963356143
51241421	0.019015113767141
51244420	0.00226528002242772
51245920	0.00898185352782006
51249951	0.00401561756115923
51249961	0.147074235527803
51258730	0.0103624461217662
51259201	0.0245045544658739
51261701	0.00534682095576491
51263180	0.00476955736339004
51266450	0.00156096868154157
51269370	0.0015951445670861
51270050	0.00419378248003092
51273790	0.00540085511296382
51274340	0.00353727931292233
51275481	0.00199089888661837
51276950	0.151052407393766
51276970	0.00181213970514126
51279140	0.00311149329843005
51280560	0.0016142515521496
51285630	0.0102132781916431
51286231	0.00168110196644448
51286880	0.00155553736144322
51289971	0.00155553736144322
51293360	0.00460618320056482
51296031	0.00914327677314072
51296240	0.0017154825592832
51297110	0.00894498947978984
51301001	0.00169644134688847
51303290	0.00170442839657004
51303990	0.0024100585022985
51306190	0.00231803940519119
51309551	0.00550111847944351
51310480	0.00170505657638831
51311611	0.00621035895067661
51312711	0.00156944749594279
51313131	0.00179281083927998
51315280	0.00214271086063595
51316711	0.00253418926545498
51317240	0.00211013328248854
51317660	0.00170033004039975
51318641	0.00307542213406377
51318870	0.0134663403289274
51319160	0.0152887122569335
51319191	0.00507665393783463
51324140	0.00278562823159682
51324550	0.00397774123934144
51325070	0.00347436350982627
51326180	0.00507996553989907
51329391	0.0041719917368474
51335871	0.00155237400725456
51338750	0.00155237400725456
51339840	0.00211656588521661
51340810	0.00184613716349403
51343341	0.00201172688703642
51343440	0.00165031906876013
51343751	0.00280330983670723
51344161	0.00577436872782574
51346460	0.00834800500174021
51346521	0.00756533184975582
51348660	0.00180547073573029
51349500	0.00244630191968354
51350511	0.00167023709674084
51356711	0.0186749586532847
51357360	0.00660300552934963
51357541	0.00180164275453238
51357551	0.00186016161120044
51358190	0.039361101700271
51369551	0.129674114471998
51369610	0.0356072482417111
51370911	0.0253681527980364
51373640	0.00234800715069633
51378491	0.00201566994341376
51380670	0.016581521658032
51380701	0.0015951445670861
51382180	0.00155237400725456
51384151	0.00422258674451679
51384540	0.00161227503833834
51392950	0.0330308844415984
51398040	0.0037563472143344
51399181	0.0121302052264586
51399290	0.00241431655984554
51401210	0.0015951445670861
51401780	0.00501985865462971
51402351	0.00159502344296422
51403820	0.00155237400725456
51406491	0.00237034662125253
51410081	0.00166779185597707
51410580	0.00197754781002009
51411471	0.0053791120733138
51414491	0.00239530242935174
51418050	0.00155237400725456
51418351	0.00282911993207514
51419700	0.00170505657638831
51420120	0.00332576478089922
51421920	0.00219193642024446
51422781	0.00748310228149754
51424520	0.00272500244033338
51426911	0.002194215499421
51427601	0.00367325433227549
51430641	0.00470864367385942
51431201	0.00238767404357861
51432141	0.00291127223279207
51436400	0.00217418919600761
51436670	0.00156512401636283
51438160	0.005681649698497
51438740	0.00473714428097378
51442491	0.00222692484065093
51442730	0.0139443877603063
51442870	0.101773972325338
51445360	0.00252310741606016
51449210	0.00216971207963642
51449470	0.0037708368918091
51451980	0.00435342731995341
51453210	0.00477189009357676
51455020	0.0565976983874925
51455041	0.00845035332880902
51456431	0.00156096868154157
51459810	0.00461263293359168
51460250	0.00156492173366445
51460370	0.00155237400725456
51462730	0.00418887662892467
51462921	0.00240613781741794
51463540	0.00662765968536233
51466351	0.0148809491751207
51471051	0.0153875557826043
51478751	0.0144229435756304
51480510	0.0142491854664509
51502730	0.00370011517618919
51512691	0.00258045573763407
51515721	0.00310944354828382
51516630	0.00170804490717595
51517210	0.0024424625920255
51518860	0.00157753162078369
51519830	0.00163642587785132
51520500	0.00311066632464309
51521870	0.040624157876431
51522631	0.00426547263850931
51524011	0.00423151107599723
51524910	0.00715971905175903
51526570	0.00181252488803139
51540561	0.00602241992403718
51543041	0.0228900406655278
51547711	0.0015951445670861
51561760	0.00390714595509227
51570351	0.00420386366072725
51570440	0.00249438195993025
51570611	0.21898662395149
51570710	0.0446622417483622
51571861	0.00238783686036013
51573801	0.00174700352739003
51574730	0.0015951445670861
51575810	0.00178100218159171
51575830	0.00169307618487582
51576411	0.00297412680205766
51578710	0.00236529768519017
51581521	0.00379462259019574
51582211	0.00163660536926408
51582850	0.00166483681910127
51586430	0.00194436263679822
51587970	0.00264452022289199
51589521	0.0017478024448958
51590730	0.00155237400725456
51592800	0.00204671018811036
51593070	0.0054341777081711
51595270	0.00370434608699525
51599010	0.0113644705467726
51599731	0.00185814664366096
51599820	0.00169021771164236
51600510	0.0015951445670861
51601200	0.00156096868154157
51602850	0.00175558862922971
51603021	0.0100369673894571
51606860	0.00158539363665587
51608480	0.0015951445670861
51608531	0.0015951445670861
51609210	0.580061344498082
51609641	0.00231029151047936
51610160	0.00310785164817611
51613791	0.00676000666844169
51616080	0.00157575414547598
51621231	0.00167889055257039
51623390	0.00159769547950879
51625070	0.00339293400052836
51625381	0.00659824147896771
51628271	0.0015951445670861
51628900	0.00522096406394963
51630051	0.00243125595961789
51631701	0.118478368836718
51633190	0.00175597994749997
51634741	0.00244509210974009
51634751	0.00162907245942165
51635161	0.00155237400725456
51635820	0.00306978625825628
51636380	0.00188875262699747
51637740	0.00160564875574657
51637771	0.00263960128051118
51640370	0.00155237400725456
51640391	0.00268648836371626
51643520	0.00506268755881193
51647291	0.00236351455114161
51647400	0.00339613676544906
51649330	0.0118549414500498
51651011	0.00178778355621026
51652500	0.00155553736144322
51652811	0.00160540748339551
51654030	0.00239864941981151
51654191	0.00459351791487332
51655311	0.00365543631412041
51657190	0.00612276996432211
51657620	0.00264302418898062
51658310	0.00575303467770529
51658420	0.00214035521774308
51661511	0.00201165099348785
51663530	0.00280475557936209
51663701	0.00235297777631349
51664510	0.00856757441564177
51665190	0.026235051852332
51669040	0.0106013988161275
51669491	0.0037321056087179
51669641	0.0023805345562944
51670270	0.00556377315791288
51672240	0.00251280890851946
51675841	0.0024917703346209
51676080	0.0015951445670861
51681170	0.0019477745184394
51681180	0.00155237400725456
51681310	0.00155237400725456
51683920	0.0015951445670861
51684090	0.00186689874332116
51686140	0.00270364610058617
51690560	0.00210956805667972
51690980	0.00194505576829155
51692360	0.00161015244414724
51698311	0.0177991559798064
51698710	0.0015951445670861
51698720	0.0110676776214154
51700080	0.00200555290370071
51702201	0.00161136124033963
51702410	0.00191739028349494
51702680	0.00842838811609643
51704251	0.00286040270845012
51704750	0.00161136124033963
51711410	0.0105800272111115
51713351	0.00436469100899698
51719670	0.00440705648886306
51720661	0.00158201751917874
51728890	0.00364969290654197
51732350	0.00237353726769069
51733450	0.00171306875715338
51742140	0.00465033517862391
51747691	0.00517932527774937
51754530	0.00203469374467747
51783520	0.027956855957381
51785600	0.00161136124033963
51791571	0.00423689887976101
51792480	0.00246236253372994
51795220	0.00155237400725456
51795271	0.00155237400725456
51797010	0.00155237400725456
51821190	0.00156782876041495
51821420	0.00192500433934863
51823541	0.00248864205490038
51825160	0.00243102235833812
51825280	0.00181389590500554
51825361	0.00161790414290756
51828231	0.00218404098895756
51830861	0.00360121475029335
51832511	0.00168110196644448
51834260	0.00319703917836654
51834800	0.00161227503833834
51841491	0.478431305623428
51849710	0.00948175099928461
51853211	0.00450699529294944
51855500	0.00979581626119338
51855971	0.00349372248580401
51856600	0.00532914755008124
51856630	0.0015951445670861
51857040	0.00476596270375363
51858291	0.00219691881917671
51860040	0.0255035659414286
51862581	0.00160205678910996
51863910	0.00381510872633582
51864340	0.00176156286515408
51865351	0.00155237400725456
51870140	0.00479387227392175
51871240	0.0104017217836525
51877170	0.00818573682007975
51880941	0.00204476236795429
51881970	0.00394698055537306
51884050	0.0159267275352872
51886841	0.00165474382025239
51889761	0.00160867873256995
51890390	0.124056846807762
51891630	0.00242197974194254
51896361	0.00282140918108869
51896600	0.00417835476896308
51898100	0.00280136729748001
51898540	0.0017478024448958
51901030	0.00164458243604081
51901730	0.0015951445670861
51902420	0.00196117479212004
51903070	0.023959012955774
51907541	0.00161636844780264
51908480	0.00315698471636396
51909051	0.00667630500095135
51912460	0.00400615552321358
51912900	0.0015951445670861
51916600	0.00275380832513827
51917211	0.00858086774549281
51920050	0.00278173071605645
51928231	0.016749140078732
51931251	0.00175037084372489
51932491	0.00216592121513382
51932890	0.0015951445670861
51934930	0.00161227503833834
51934970	0.00155237400725456
51935900	0.0015881098798012
51936651	0.00156492173366445
51936890	0.00579983483145314
51938581	0.0017990045861655
51940091	0.00161636844780264
51940221	0.00186163574715924
51941560	0.0115227040858477
51942421	0.00666471521171404
51945410	0.00200733877024891
51946000	0.00259707822460923
51946031	0.00513198401981828
51946721	0.00155237400725456
51949751	0.0024085736003292
51951480	0.00190296671896935
51955070	0.00264474297701556
51959890	0.00173259325452057
51965700	0.0379522442115216
51967941	0.0149829221718076
51970861	0.0044331406796193
51974841	0.00270376512053867
51976091	0.0328231081173294
51976101	0.00180105766532545
51976590	0.0015951445670861
51977181	0.0025225644596691
51978711	0.0016099099082888
51984081	0.00227081603165741
51988351	0.00155237400725456
51990650	0.00587950514233224
51991521	0.00236514723025761
51991931	0.00161790414290756
51992361	0.00172122914391956
51998151	0.0056861161469585
52006691	0.0232353265949791
52013810	0.00211740934136585
52014780	0.00442077468718669
52016221	0.0015951445670861
52028501	0.0274362157021149
52037140	0.00249181654465544
52043210	0.0362198205447689
52045871	0.00175037084372489
52053171	0.00349289247076518
52059920	0.0114482407967022
52060891	0.00449433878774934
52065451	0.00289710355403037
52065881	0.00155237400725456
52076901	0.434188220442282
52079101	0.00207776118595937
52079371	0.339124965348741
52081260	0.00296474532484377
52096030	0.00184932923229835
52096300	0.00162710925714171
52103220	0.00282608929838438
52103500	0.00164835245145383
52105171	0.00270935275999567
52106961	0.00155237400725456
52109120	0.00267418053776282
52111231	0.00161790414290756
52112481	0.00248704555313726
52116150	0.00223487165657152
52116160	0.00158898717948595
52117290	0.00474985474690248
52117451	0.00183487403275356
52117560	0.00300034287831422
52120420	0.00185044436670315
52125301	0.00623172583588427
52128751	0.00196738653539184
52131220	0.00161220836551196
52131350	0.00247555815394652
52131381	0.00182946701728698
52132700	0.00155237400725456
52136201	0.00166823108388791
52136970	0.00155237400725456
52136990	0.00156492173366445
52137010	0.00173633875045228
52140071	0.0156275900977947
52140440	0.0153483599374316
52143750	0.00165648384427586
52144560	0.00219294938175614
52148071	0.00221009894806389
52148901	0.00258473347335973
52150370	0.00155237400725456
52150411	0.00171369827070628
52150421	0.00156492173366445
52152160	0.0026135860807428
52153451	0.00309427065874055
52153820	0.00161946470570261
52155740	0.00156492173366445
52155921	0.00244899174818426
52159661	0.0109876858006005
52161520	0.00173206525268143
52167180	0.0118393119298778
52168730	0.00287494319097515
52170531	0.00159769547950879
52172970	0.0019367586872732
52174250	0.0088718459707765
52175750	0.00182169943910523
52185400	0.00165319914624096
52186001	0.0033891704530519
52187630	0.0029410433460231
52187750	0.0101312197996566
52187791	0.00458733552921395
52189810	0.00277937177196661
52190001	0.00315274837365547
52193581	0.00946663644277548
52195221	0.0029395189283006
52197420	0.0104651933400465
52197431	0.00182827434079744
52198790	0.00231031589795082
52201120	0.00162853868865659
52203501	0.0104798695711241
52204891	0.00166938108349385
52205400	0.0164644620499073
52206240	0.00905103323721163
52206370	0.344493299241934
52207771	0.0015951445670861
52215781	0.00544122878595617
52218890	0.00162993861241657
52219060	0.00166550788361525
52219231	0.0151141428439724
52220201	0.00256344967229463
52223381	0.00301350735739384
52223911	0.0015730297093444
52226230	0.00156096868154157
52227381	0.00372752362325416
52228481	0.00174606287040451
52231180	0.00421516047061007
52231491	0.0103212095773863
52233431	0.0111401146864019
52233950	0.00231803940519119
52234251	0.00455216887856002
52236450	0.0015951445670861
52236710	0.0016963287842628
52236720	0.00180248734528244
52240850	0.00182521965436922
52241021	0.00440291421109179
52242360	0.00171332956694812
52245530	0.00607388721898898
52246500	0.00472498503095294
52247580	0.00371130795989041
52249971	0.0372866457302411
52250500	0.108426368772234
52251211	0.00155237400725456
52255990	0.00161227503833834
52256041	0.0173975463804513
52258551	0.00251571233339574
52259211	0.00257004908922281
52259221	0.00176161010835407
52263460	0.00485711973448016
52263771	0.00452255975926231
52265031	0.00155237400725456
52269991	0.00354255519576294
52270401	0.00210720235450453
52272481	0.00164339357454742
52273001	0.00162710925714171
52274510	0.00181723297173514
52275850	0.00155237400725456
52276140	0.00688286748247679
52278531	0.00195293306073595
52287890	0.00187505480586048
52288680	0.00198788066998618
52301960	0.00162710925714171
52303371	0.00222441488455432
52305110	0.00161268769980449
52310381	0.00177420972924473
52310610	0.00210324474550752
52317500	0.00512815799818038
52318780	0.00220227969097153
52319850	0.0015951445670861
52319921	0.00162710925714171
52325291	0.00260064446165157
52325540	0.00405260105074528
52326490	0.00512976618063212
52328560	0.00349557542326236
52329540	0.0165349770474995
52330220	0.0015951445670861
52331590	0.00239530242935174
52331990	0.0015951445670861
52335300	0.00169644134688847
52336540	0.0380653266433427
52337691	0.00288101566713268
52338470	0.0105171820008874
52341821	0.00167841810943362
52342910	0.0030438401041058
52349431	0.0504548023412102
52364530	0.00167841810943362
52368120	0.00252533327365146
52372140	0.00161214246316965
52374600	0.0016397194642947
52378801	0.0017914253096205
52382760	0.00835363320065705
52390050	0.021973165676435
52390070	0.00195694199985796
52390460	0.00161790414290756
52403850	0.00174750968573531
52404670	0.00484967678553434
52408140	0.0169703226976803
52408660	0.00174606287040451
52412140	0.00272492605318969
52413141	0.00466867291270111
52414480	0.00746781822829497
52416861	0.0054442406564319
52421281	0.00726294391566961
52424980	0.00264628472792372
52443870	0.00275276515637592
52446641	0.00297204807966477
52449681	0.00345065863229512
52449971	0.00614869073566487
52452660	0.0509062320488807
52460311	0.0015951445670861
52473671	0.180603074058185
52474101	0.00398316362206463
52479741	0.0492357291792548
52482590	0.0015951445670861
52483461	0.00198281666426255
52485790	0.00475247061706322
52487881	0.019396013280671
52488270	0.00180787655073566
52493531	0.00155237400725456
52496171	0.00777540562367889
52498330	0.00163697634828426
52501650	0.00179924761978213
52502101	0.00393285250269451
52503611	0.00155237400725456
52503730	0.00204652849883322
52504120	0.00200877242361958
52508950	0.0015951445670861
52514600	0.00171819384740027
52514760	0.00186956542809806
52518911	0.00158348298842786
52519560	0.026689834477534
52524380	0.0567252388026757
52526450	0.00652708075505945
52527850	0.0015951445670861
52528711	0.00239530242935174
52533271	0.00163167753974942
52533350	0.00208937898859112
52533930	0.0568050156359217
52539061	0.00285545390838868
52540441	0.00155237400725456
52544240	0.0139543255655538
52544581	0.0281729150657515
52551710	0.00215277819306856
52554231	0.00335623660986052
52556270	0.0101945220244414
52558030	0.00844020131708977
52559751	0.00378169245915469
52562221	0.00438757966643196
52562351	0.0026346105093927
52572301	0.363472930125877
52576540	0.00181159728201992
52579400	0.0174505643212361
52579410	0.00195487479783517
52579871	0.00338420870639798
52580650	0.0015951445670861
52581661	0.00182927349357692
52586180	0.00197638145526957
52587731	0.00195464395343104
52588380	0.00155237400725456
52589070	0.00355343382713402
52590901	0.0278259326257879
52593531	0.00312119770067732
52597521	0.00161790414290756
52599680	0.00403698210485865
52599840	0.00175649993282958
52602310	0.00443690489428762
52605370	0.00748119585942511
52613190	0.00218559092391013
52617541	0.00167841810943362
52620110	0.0025281085265321
52621050	0.00294074631234815
52622641	0.0125703561001052
52622860	0.00465140095464987
52623260	0.00651426551564427
52623430	0.0015951445670861
52624950	0.0015951445670861
52626160	0.00227081603165741
52627471	0.00161009833419647
52628380	0.00406530983169462
52628411	0.00158602379144527
52628930	0.00804911655006638
52630641	0.00163254507556094
52631120	0.00329531006490315
52632100	0.00156492173366445
52633910	0.00155237400725456
52636120	0.00590117360445745
52642211	0.307429338869917
52648821	0.132770607293208
52654740	0.00160515709585893
52657750	0.0233429677490418
52659840	0.00261533753887251
52660701	0.0023543816202324
52664650	0.00157575414547598
52665760	0.00236465385763134
52667270	0.00500136439785545
52669381	0.0226849447330682
52670481	0.00158348298842786
52671140	0.0148721449760558
52672011	0.00398774560231322
52674980	0.00241117209920598
52675290	0.00541765857580088
52676841	0.0116059320799563
52677251	0.00232096965588937
52687570	0.0015951445670861
52694160	0.00290588579213714
52700230	0.0038662139908593
52700910	0.00263154322739535
52701210	0.00155237400725456
52703680	0.0227271366610765
52707400	0.00395911282403403
52711530	0.00574568694868855
52723700	0.0267012074537154
52733740	0.00196274752647825
52749210	0.00249505368932159
52754881	0.0126084722144413
52756930	0.00213131153590532
52763591	0.00167841810943362
52766180	0.0131923960361331
52781750	0.00397995233827545
52782990	0.00709534300714986
52785450	0.00270262794106016
52787041	0.0015951445670861
52788281	0.0172803479550299
52789221	0.00294031664405837
52793760	0.00302777965419464
52796691	0.0017065070164927
52797720	0.0210560674614323
52800650	0.00160295342156366
52802040	0.0018987144610232
52812510	0.00175007657608946
52812961	0.0151904158325528
52819830	0.00738541363223175
52820541	0.0782120581922295
52824391	0.0154754927015498
52826550	0.00279199403179886
52826970	0.00156417275153529
52827000	0.0103469639936184
52827790	0.0176687043670759
52829651	0.00156492173366445
52830580	0.00155237400725456
52831000	0.00204223743084865
52835711	0.00489302925408016
52841030	0.00196411871901029
52844750	0.532697673025562
52846061	0.00373323470061535
52852910	0.00208923694729584
52855120	0.00163190678420504
52855790	0.00161136124033963
52857340	0.00405738474477235
52858420	0.00387764429380467
52862341	0.00155237400725456
52865050	0.00155237400725456
52872961	0.0017513259783942
52876340	0.00158829470635401
52877590	0.00209262075071093
52879090	0.00275246619028841
52881621	0.0672414441814745
52882611	0.00156512401636283
52883370	0.0119121911318291
52886290	0.00245974186779583
52886440	0.00465883182287274
52887670	0.0109764007307267
52890830	0.00282347935811375
52892650	0.0019292223079606
52893361	0.0744239712440242
52893590	0.112494667862333
52893710	0.00835247580492674
52893901	0.0029738293822953
52895520	0.0015569101408339
52900811	0.00347206471148609
52905020	0.00431594090625486
52905200	0.00907071399999242
52907711	0.00182260514720073
52914970	0.00180143307571811
52919530	0.110323811113157
52921921	0.00155237400725456
52923701	0.00187028854123795
52927411	0.00206997796152381
52927841	0.00164500335295418
52928910	0.0024488983556454
52929980	0.00307185690404014
52937880	0.0016229803387471
52942290	0.0015951445670861
52947971	0.0288532916634315
52951291	0.00156492173366445
52953351	0.0248288611875105
52953470	0.00180837052229449
52955001	0.00277105965746075
52955360	0.0852414073147427
52955691	0.00463930027816535
52956350	0.0173242209748356
52958051	0.00661392592830742
52958560	0.00273853449550475
52959950	0.00417610914904649
52961310	0.00173020602924114
52966311	0.00260154402786991
52968910	0.00472551770939402
52976101	0.00214758825096143
52981150	0.0017980072696732
52982390	0.14313497871982
52987281	0.00416302386314336
52988750	0.0019709693011217
52990260	0.0524041731620298
52992251	0.00293445214897306
52992371	0.00321029351973276
52999541	0.0015951445670861
53000641	0.00161790414290756
53001600	0.00169142528998702
53004231	0.00314537240781055
53006820	0.00432273830214881
53010800	0.00183671662643024
53011650	0.0221114226563242
53013990	0.0020841853053789
53016880	0.00278408023981569
53019940	0.00233529289300134
53021881	0.0104439946250449
53021901	0.00403773243931415
53028770	0.00167841810943362
53037140	0.00275944124943745
53044921	0.00663777445111501
53066400	0.0017514491713582
53067001	0.00175037084372489
53067090	0.0230588372497036
53074011	0.0060021520134898
53075770	0.00244384837878557
53076511	0.00216559831417612
53077830	0.00616491401392888
53079261	0.425912872191632
53079971	0.0465029933831583
53081051	0.00287039114894966
53081611	0.00309004291985552
53096070	0.00159974119804986
53096870	0.00290466312658155
53105061	0.00331821075830015
53116330	0.00421716507558308
53124440	0.00167723475249387
53125741	0.0158914864452601
53127240	0.00155237400725456
53128211	0.0015951445670861
53131210	0.00202275917673583
53132781	0.00182557996150672
53133181	0.00555188104921746
53133751	0.00644912274371845
53135080	0.00156096868154157
53135090	0.00283073968518559
53136720	0.00182242460059262
53138390	0.0965966136585119
53138520	0.0106738184997844
53139060	0.00398148828181413
53139070	0.00176735880742371
53140870	0.0017539841762584
53144740	0.00361699267580564
53145160	0.00168458556511659
53145461	0.00164967822526228
53145960	0.0015951445670861
53146410	0.00301920703195624
53146701	0.00162537040438202
53148231	0.00253038751248739
53148901	0.535164354200786
53152491	0.00247258697401399
53152720	0.00192752498024644
53155671	0.0024443538397573
53157550	0.00156492173366445
53158130	0.0717027297243863
53159060	0.00313398378239905
53160200	0.00156492173366445
53162291	0.00285755354828173
53163080	0.00230850726604632
53163900	0.00306403290096089
53164371	0.00155237400725456
53165410	0.00157753162078369
53165550	0.0030641895360655
53165611	0.00261597584475422
53165741	0.00308429974974478
53167230	0.00967373132826514
53167261	0.0021743318798371
53167941	0.00275282883274769
53169181	0.0114194967120469
53170390	0.00546591440656443
53173140	0.00387002483780114
53175261	0.450900027505648
53176300	0.0015951445670861
53176440	0.0015951445670861
53176470	0.00156512401636283
53176610	0.0015569101408339
53179750	0.00430044954953813
53180020	0.00411860017514551
53181311	0.00527632736525814
53181731	0.00164943254295488
53182780	0.00881248141020963
53183340	0.00576053939408828
53185010	0.0159683145164004
53187470	0.00161790414290756
53188330	0.00853438413016503
53189171	0.00345431280735317
53190691	0.0015951445670861
53190851	0.0147436711350155
53191101	0.00163553824814998
53191640	0.0015951445670861
53191740	0.00398202151996308
53193420	0.00595910289348786
53198991	0.029475978267498
53199791	0.00164458243604081
53200310	0.00160731506519144
53201140	0.0015951445670861
53201741	0.00163319719210072
53206640	0.00401813777804504
53206701	0.00569533618771807
53206800	0.00155237400725456
53207391	0.0638131595687178
53208050	0.00176031234558063
53208091	0.0146929648065111
53209181	0.00156492173366445
53209420	0.00336411629518556
53212980	0.00200717084380996
53215541	0.0209603825194375
53215610	0.03785839448907
53215661	0.00318021684943112
53216710	0.00428314023316881
53220751	0.00220881840020272
53221171	0.00615070284889619
53222360	0.00170505657638831
53224310	0.00159567204252555
53225980	0.472348249504852
53228771	0.0472710439134546
53229680	0.00254662312979201
53230940	0.00572822004724645
53236891	0.0026673765306239
53237881	0.0017738008725112
53238920	0.00156096868154157
53239460	0.011824376702226
53240190	0.00333510721952935
53244860	0.00157753162078369
53246001	0.00249505100594619
53250910	0.0112132320248759
53252351	0.00155237400725456
53253191	0.00427184667276432
53253250	0.00155237400725456
53253680	0.00175020481895138
53258370	0.001938648207214
53258390	0.00284743808855425
53261010	0.00303604859204687
53261150	0.00247977867041694
53263251	0.00269160821594923
53266551	0.00173513934226526
53267121	0.00192294549943893
53269560	0.00422634149075448
53276071	0.00355246815925095
53278821	0.0016179866310228
53282780	0.00265199314786855
53283190	0.00289200412810155
53287200	0.00709859704175221
53288970	0.00173289786867954
53289260	0.00245360379060253
53291210	0.00857737465139748
53291490	0.00166771825315219
53293280	0.0068764773714513
53295080	0.00252036670513817
53295210	0.00171986130721864
53296030	0.218244103009363
53296061	0.00328712417076271
53296430	0.00247688837074187
53297410	0.00626776228715854
53300040	0.00196117479212004
53300191	0.0212293617462602
53300300	0.00183135939093108
53301110	0.00311094358428103
53302530	0.0022006971214911
53302640	0.0610732930313107
53304481	0.00218856488065779
53305041	0.00456435561742759
53309861	0.0103738186107429
53312280	0.00777850312718709
53318261	0.00917170039966577
53318551	0.00264742078819137
53318561	0.0015951445670861
53322530	0.00161227503833834
53324170	0.0241288463740482
53324180	0.0035261552591236
53324560	0.0521053733286057
53325031	0.00194035736014635
53325851	0.004591079790875
53327391	0.00314060730164667
53330271	0.00209226534396638
53332830	0.0762889209020707
53337120	0.00173239947728563
53340000	0.00209030698041115
53340870	0.00523386476169879
53341451	0.0104118786027689
53345110	0.00731266543298161
53346551	0.0018593185952593
53351490	0.00453564250010041
53351900	0.0015951445670861
53357711	0.00156096868154157
53357981	0.00187617157819759
53358240	0.0015951445670861
53362640	0.00161136124033963
53365670	0.00155553736144322
53368891	0.004438592861862
53370220	0.0228596047115847
53370630	0.0187773702827467
53371361	0.00158201751917874
53371600	0.00156492173366445
53371781	0.00157753162078369
53383911	0.0713777088991724
53386551	0.00161227503833834
53386681	0.00181996775531595
53390961	0.03797749927703
53391210	0.00428462910423174
53397571	0.00768700100216826
53398131	0.00156492173366445
53399511	0.00310594000287351
53401311	0.00182243228342523
53401510	0.00375884183995837
53403221	0.00411907412245694
53403791	0.0024028875495539
53405810	0.0015951445670861
53408130	0.0270200171424786
53409670	0.00191233002153157
53410230	0.0252831499356903
53410240	0.292790282522838
53411760	0.0015951445670861
53411990	0.00212428478721336
53412310	0.0248006793392135
53414541	0.00156970651349801
53416690	0.0429752259000047
53417670	0.00243321277866663
53417960	0.0344330766277764
53419890	0.00696731895493512
53420420	0.0229904215756284
53422920	0.00684705622910097
53423921	0.00520673427568596
53424170	0.00269567702309587
53424680	0.0078867570811437
53425250	0.00223556475296156
53426401	0.00239980636830673
53426470	0.0038557794437436
53430620	0.0023543816202324
53434401	0.0015951445670861
53435880	0.00169483328349364
53436871	0.00330200458406479
53439860	0.00161606945930372
53440300	0.00903702064882646
53442480	0.0016544029010572
53445260	0.00165360583166694
53449851	0.0134433184644674
53451160	0.00159574627708498
53451860	0.00451850676860497
53453250	0.00376877792898699
53455651	0.0178871510892644
53455911	0.0337448445457303
53456150	0.00260022037024145
53457820	0.0139065251236218
53461991	0.00245427352632421
53463190	0.00162311784741168
53473411	0.0236553798136032
53476031	0.033716143174792
53477640	0.0115112757115166
53479330	0.00155237400725456
53480580	0.034234531279035
53481831	0.00163341839173802
53485981	0.00809145877586283
53487491	0.0310428089299099
53490480	0.00159701321633975
53492160	0.00332647786373816
53492680	0.00250860578439058
53501250	0.00162394769541531
53501530	0.00422513352985381
53503170	0.00571200585543674
53504840	0.158785875210161
53506340	0.00397165421622684
53509380	0.00422080152647951
53509500	0.00164875773538639
53510070	0.00219837848907629
53514610	0.006223756635062
53525971	0.0238829727909126
53526220	0.0046490224634435
53531700	0.00370850121567718
53538740	0.0551469855577739
53539201	0.00189905703573439
53539720	0.00157925458976587
53541390	0.00155237400725456
53542620	0.0063196452801142
53543501	0.00187335716385061
53545971	0.00641101274563604
53546500	0.00157846589712541
53551730	0.0307471323186942
53552741	0.00382762481683585
53556410	0.00443249213074775
53561220	0.00243674241769054
53569390	0.00206271344703472
53571420	0.00268646734151065
53572000	0.00317735228314402
53575300	0.0015951445670861
53577230	0.00269901311585883
53577660	0.0137897644657285
53580571	0.0103042331455009
53584680	0.00194602542576281
53588031	0.00259877844780077
53588140	0.0110460807136228
53590040	0.00328712417076271
53591751	0.00202024521467447
53592110	0.0020161510916507
53592810	0.00214446873385258
53595320	0.00228068524447607
53598350	0.00359200022717638
53598490	0.00222095170013724
53598600	0.00418649345016721
53600280	0.00860054541177365
53601811	0.00155237400725456
53604000	0.012047178752951
53605131	0.00205168912215909
53605770	0.0017133655184991
53608130	0.00160731506519144
53611170	0.0214728424439106
53614310	0.00497932120238417
53617920	0.00314336270701521
53619611	0.00205687833631246
53619751	0.0015951445670861
53622221	0.220108418030533
53622330	0.0332224532742695
53626340	0.00216421947935062
53626480	0.0017185881681242
53626911	0.0065409211034322
53627870	0.00453762825675096
53628311	0.00541445321670458
53631201	0.00360308427316192
53631840	0.00781958904374715
53632560	0.00290929238022814
53634511	0.00170255455584251
53637230	0.00341158082794368
53639020	0.0124451734541276
53639491	0.00315343116753093
53640540	0.0309393418991384
53640820	0.00161464665559329
53642480	0.00178162248161415
53642880	0.015741011357377
53644380	0.00982476985124033
53644930	0.175886706504561
53646101	0.00418664486808593
53648660	0.0352061545094177
53649110	0.00210472484612069
53650320	0.00155237400725456
53651830	0.00171036983244616
53660660	0.00294616133306733
53664851	0.0015951445670861
53665510	0.00163044451608697
53666760	0.00340898835810299
53668940	0.00445285873690195
53668950	0.00360892250697794
53669620	0.00156970651349801
53671150	0.00518737158248017
53672161	0.00993676870429893
53672800	0.00266979762878391
53673811	0.145116940446408
53674050	0.0035500983380665
53675830	0.00411678102353667
53681001	0.00156890846419704
53681790	0.132841516692655
53685220	0.00187843680708129
53685360	0.0124876205360014
53688561	0.00224933332496189
53689401	0.00177822223046219
53693821	0.0058748090159636
53706450	0.0015951445670861
53717090	0.00192246743207321
53719840	0.00155237400725456
53732780	0.00732918235828103
53735140	0.220882151754674
53741220	0.00156970651349801
53750371	0.00167841810943362
53752011	0.00343579000352424
53752141	0.00155553736144322
53754641	0.00156492173366445
53755731	0.00225634348483283
53756370	0.00792723441087569
53756640	0.0127581589323143
53758641	0.00157753162078369
53760810	0.00584981453695965
53762641	0.229842023293442
53765470	0.00170096884502861
53765490	0.0015951445670861
53767321	0.0291157985921559
53768120	0.00156096868154157
53769821	0.0016450573895634
53770440	0.00161227503833834
53777801	0.00770972249216552
53777811	0.00220869932316292
53778440	0.0262002589005356
53781391	0.0035630481421706
53784161	0.00500074409360777
53786491	0.00156512401636283
53789470	0.00984727226694001
53791400	0.0022232244390447
53794720	0.00202850068624666
53795440	0.00511665107826665
53796271	0.00523882759615894
53799471	0.00276291488485045
53801770	0.0095548376675357
53802060	0.0290389662801084
53802641	0.00186062635366467
53803171	0.00169985030402616
53803861	0.0023156189808742
53810361	0.00304933321504154
53813760	0.00290091548045501
53817910	0.0015951445670861
53819280	0.00485210402499346
53821121	0.116046037021263
53825900	0.0975280607381114
53827810	0.00169863737824901
53830190	0.373378406663721
53830320	0.00211373668708403
53831710	0.00329974768369881
53831810	0.00252167609704155
53831881	0.00173075705930673
53832431	0.0018686449104774
53834771	0.00157753162078369
53835550	0.00917687041541275
53839250	0.00386663248790982
53839451	0.00207937069503762
53839670	0.00669823504011695
53841070	0.00657534206328289
53841480	0.0238427078434272
53842170	0.0523535374777476
53843960	0.00299743288641115
53847861	0.00174595015923566
53850221	0.00163073392707213
53852120	0.0016397194642947
53854700	0.0540735545901612
53855680	0.0318044121501415
53856670	0.00292990495789883
53857941	0.00186750478782989
53858860	0.0289127264999387
53861610	0.00159210371710234
53861740	0.0299735961461413
53866710	0.00363452750446373
53873941	0.00242446562201872
53875270	0.00421216974111268
53876971	0.0017721631707184
53879660	0.00176538328614673
53880650	0.00455553093785987
53889910	0.00225963734221268
53891280	0.00621453082831
53893220	0.00246283379555529
53893371	0.0106453957350569
53894570	0.00173666786301736
53904271	0.00275745582380883
53906061	0.0242520705279993
53909241	0.00484825112773742
53909460	0.00258944353423326
53910460	0.00752156083005978
53912691	0.129896971840855
53912770	0.0015951445670861
53918071	0.00200645564759419
53918201	0.0228352419879263
53922071	0.00980253668348321
53922970	0.0309775008045248
53923660	0.00418530907504534
53924971	0.00358024867400683
53929771	0.00179362947925879
53931010	0.00297215297866167
53932681	0.00426455633962627
53941190	0.00155237400725456
53949521	0.11738288667519
53958341	0.044909064270289
53967561	0.00244661451456532
53975280	0.0765456241871171
53983301	0.00199161155308977
53998191	0.00252367851457253
54000620	0.00205508922764089
54000650	0.00315454600786536
54006580	0.0015951445670861
54015841	0.00156096868154157
54016230	0.00475059158631887
54017890	0.0016933795872978
54018140	0.00171609538983398
54023950	0.00566006330773439
54027431	0.00214667272584601
54036910	0.00167841810943362
54050140	0.00242351561605424
54052350	0.00187964017855449
54066061	0.00186661623428742
54069060	0.00184388035029135
54080190	0.00851878262500767
54089231	0.162293831148137
54096791	0.00500158721412295
54097091	0.00613986869224029
54105641	0.00170033004039975
54114810	0.00159769547950879
54118721	0.0028573360314296
54119001	0.00764780229452432
54120121	0.00162710925714171
54121590	0.00171572155261109
54121860	0.0061587577412296
54123220	0.00171450412553391
54123400	0.00201849488053778
54136371	0.00165049716593157
54137211	0.00204570943639188
54137590	0.141168087604779
54139950	0.443248507453003
54152180	0.00155237400725456
54153331	0.00500820265915596
54153850	0.00161227503833834
54159401	0.00160546143595618
54164511	0.00373832581339721
54166540	0.00155553736144322
54168750	0.148293559660814
54169201	0.00344581281415552
54170021	0.502783541253008
54170820	0.0461902729978563
54173351	0.00613383527224933
54175240	0.634211809078537
54176360	0.00362757910959493
54178250	0.00169504808871746
54178290	0.00158626535819284
54178301	0.00296197162038375
54185580	0.0139482606553034
54186270	0.00966951825829679
54186520	0.0030144249800188
54187421	0.00254029350161245
54188371	0.0015951445670861
54188450	0.00173765508347755
54189030	0.0043113869616005
54189560	0.00788428929413776
54189720	0.240340986402093
54190390	0.00156970651349801
54191780	0.149395008465343
54193310	0.00158656423619844
54194840	0.00199621765160471
54204200	0.0785265167998725
54204661	0.00161227503833834
54208801	0.00314816722993537
54210171	0.00722107905263548
54210280	0.00204242109168282
54211630	0.00156492173366445
54212040	0.0136209618482096
54213201	0.00203227025122643
54214041	0.00274090589999311
54219480	0.0113188925867649
54221990	0.00187981845847031
54223121	0.00155237400725456
54224661	0.00170831131596405
54225590	0.00324645306966293
54225720	0.00182222055851001
54228180	0.00164458243604081
54230171	0.00366727166375115
54230861	0.120098610254419
54238431	0.00323522319840135
54242841	0.00344939388676114
54247650	0.0219214746901394
54248241	0.00157429321388393
54248610	0.00296320459877984
54249181	0.00161227503833834
54251090	0.00550445721263241
54256241	0.0946561768040792
54257550	0.00179194806063001
54257570	0.0021359975223157
54258680	0.0015951445670861
54260330	0.0036354627663889
54261140	0.00276056602585911
54261741	0.0017122249435191
54266171	0.00187623853202306
54269270	0.00186143136277037
54277820	0.00493304495441583
54278110	0.00490889890216298
54278690	0.00188161667073594
54280340	0.00782671362866084
54280450	0.00174595015923566
54282660	0.108639103649896
54285160	0.00204961011061221
54285820	0.00165272848437065
54288491	0.00182006245475128
54289290	0.00377122426632848
54291111	0.00785776374933107
54294100	0.00288745888766889
54294250	0.0044535872565802
54295920	0.00180570853493132
54296320	0.00172327234268974
54296440	0.00207937761924444
54296901	0.0020061242842577
54297481	0.0181267433043028
54297550	0.0015951445670861
54299541	0.00252966376856561
54300060	0.00156492173366445
54300501	0.00160089807470436
54300880	0.0332824552263294
54304911	0.00162710925714171
54307500	0.0329184119983653
54311640	0.0145185331873068
54313830	0.00296899015441296
54314090	0.00961952559840431
54322790	0.00359377587630495
54322940	0.00671033855639865
54326120	0.00167679255468134
54326260	0.00251452996381599
54327350	0.00234458142937388
54327490	0.0023911599047654
54328020	0.00190286446991221
54328621	0.00343617867795677
54329970	0.00173666786301736
54332180	0.0603883829159845
54333990	0.00330557907527243
54336501	0.0144545235385603
54337150	0.0072091050817735
54338230	0.00349427042065005
54338520	0.00252380161403866
54339271	0.0104668533700303
54339880	0.0329987853374275
54339961	0.00161227503833834
54340160	0.00200775532966309
54344590	0.00485133007655635
54345440	0.0015951445670861
54345540	0.00208410440472072
54345820	0.0048530450873161
54347340	0.0116599636691552
54348310	0.00182677403194666
54348351	0.00280333298465353
54349300	0.00155237400725456
54350701	0.00156512401636283
54350991	0.00162974216235824
54351541	0.0565283401048728
54353321	0.00161268769980449
54359490	0.00162710925714171
54362691	0.00218729551673421
54366141	0.00229711665044676
54367681	0.00554135320160848
54368590	0.0232059341835887
54371090	0.00289750087405423
54371261	0.00183514841926118
54375890	0.00282665362290346
54376320	0.00155237400725456
54378021	0.00213706168313306
54381451	0.131183266401581
54382220	0.0170145302946791
54385570	0.00198614979381747
54386110	0.193588242301792
54387600	0.00156096868154157
54387770	0.00536075356980007
54387880	0.00161136124033963
54389690	0.00164604498224291
54394520	0.00318537466307564
54394650	0.00177707356338637
54394711	0.00661905387300263
54395951	0.00551995442819131
54396201	0.0015951445670861
54396621	0.0110366752298352
54396740	0.00808871940979393
54397171	0.00166171589019081
54403951	0.00363469270338246
54407770	0.00778954795781212
54413881	0.0015951445670861
54415651	0.00155553736144322
54433810	0.00396445628066527
54436980	0.0204738329863615
54439091	0.00439735299737038
54444860	0.00255081283313873
54452580	0.0063198856043808
54452720	0.00357836578221503
54452730	0.00234291492324812
54452740	0.00752927997527989
54453960	0.00199423621894309
54454490	0.0177954027065517
54455531	0.00161227503833834
54458520	0.00166315585799011
54459671	0.00161790414290756
54459750	0.00778684423804946
54460201	0.0153228453270968
54462520	0.00230690204629605
54464761	0.00183378574032643
54465660	0.0472055829061314
54466080	0.00155237400725456
54468460	0.0129095327698119
54469581	0.00254673872573918
54471190	0.0112387571168247
54475480	0.0021975697016648
54476850	0.00209246381528559
54478800	0.0476278402314844
54482390	0.00170255455584251
54485260	0.00159790724412991
54487371	0.368061394939801
54493301	0.00833792079713028
54494900	0.00155237400725456
54497981	0.00304892132306278
54499180	0.00194309587020824
54502370	0.00170505322608859
54502411	0.00163553824814998
54502510	0.00217764934763263
54502561	0.00175531549985157
54502951	0.00486495315144564
54506210	0.00201182727962074
54507730	0.00527173555307796
54508700	0.0114994334601276
54513110	0.0128286585821748
54515600	0.0366038314253655
54516160	0.00164192909187861
54516580	0.149998484630713
54517690	0.0120626045859656
54518131	0.00206165590626066
54518360	0.00594767846084253
54518780	0.00735899694872254
54519781	0.00305782949479688
54521520	0.00159986113824424
54521540	0.00218962159891765
54521680	0.00488239737179027
54521970	0.00188400132501355
54522421	0.0118166372488693
54529441	0.00441499236052678
54529790	0.0110837039391726
54529861	0.003158253747724
54530920	0.0036269798619602
54534080	0.0461496628882308
54534480	0.00594154205650341
54535050	0.0446322861710837
54538480	0.0015951445670861
54541100	0.00181186171792996
54543730	0.00423590815048682
54543880	0.00168693864939428
54544580	0.00171564531342809
54549171	0.00180927254131122
54549250	0.00471219636060658
54551921	0.00177559599998426
54552040	0.00394503166439328
54552140	0.61925830640212
54552150	0.00155237400725456
54553530	0.00275572723478743
54556310	0.00234351415288173
54559050	0.0453217775016288
54559641	0.00679953825309553
54560041	0.021715887445255
54563880	0.00376727774463787
54564860	0.00329460791880177
54565100	0.00169660299794821
54565301	0.019752057160089
54565421	0.0242632438772147
54566401	0.00692275149049354
54567180	0.0237375735975416
54567600	0.0017986986422337
54569950	0.00161227503833834
54569981	0.00155553736144322
54570750	0.00855824278442715
54571931	0.00543219564502986
54573670	0.00167841810943362
54583231	0.0941563808907228
54583931	0.068956510180515
54585011	0.00929751544693258
54588310	0.0721560558894649
54593031	0.0133763825887452
54599720	0.0054815273448411
54600980	0.00959698143833915
54601380	0.00180441205718286
54601660	0.00269000279108981
54602510	0.0161542316397944
54603860	0.00235138560365504
54603880	0.00215913338717125
54606521	0.00239868053142858
54607710	0.00934015355483295
54610271	0.535137369625394
54615160	0.0263839855250124
54615610	0.0400040160584894
54616290	0.00155237400725456
54616881	0.00403037181942629
54617441	0.00241650596596149
54619480	0.0089848365361383
54620041	0.00169881972786299
54624061	0.00244260264276009
54627631	0.00156492173366445
54627901	0.0197609860682759
54628591	0.00602076475675468
54629960	0.00186349453753869
54630951	0.00285075297684325
54631590	0.00266242919813915
54632321	0.00190497793418802
54632861	0.00163167753974942
54633400	0.00155237400725456
54633680	0.00293155552313771
54636700	0.00277937177196661
54637110	0.00228313935295092
54640440	0.00274912447493443
54642350	0.00180570853493132
54642630	0.0132859509407326
54642650	0.00190594279174389
54642671	0.0267697955466845
54646531	0.00429235606133487
54646821	0.00161227503833834
54647351	0.00265836056075789
54647470	0.00161553861767652
54647710	0.00162827762355179
54649421	0.00252389416191218
54649520	0.00282366077168455
54651901	0.00155553736144322
54652690	0.00283023391740835
54653411	0.00831357843436337
54654510	0.00181762939020122
54655371	0.00165272848437065
54657370	0.0104489881147428
54657971	0.0241472546184129
54661100	0.0235729558701166
54663600	0.00164458243604081
54663891	0.00171036983244616
54665161	0.0206496733777261
54666381	0.00156492173366445
54668140	0.42373218007774
54668581	0.0924278487307493
54676680	0.00179141038986095
54678630	0.00178385919832243
54681431	0.0196662398000539
54681711	0.00159210371710234
54682610	0.0468063741906731
54683610	0.0015951445670861
54687850	0.00316809460597119
54687860	0.00764508660698326
54688560	0.012449491004583
54688721	0.00195253946526802
54691621	0.00547092692145181
54694350	0.0158702510357221
54695590	0.00828573689715628
54697220	0.00798391745401804
54699071	0.00173830381377235
54700560	0.0015730297093444
54700721	0.00760188341358902
54702640	0.0280609001730756
54703310	0.00158201751917874
54704591	0.0015951445670861
54708010	0.00633149708753981
54709421	0.0719876112104748
54712461	0.00402609133656756
54713250	0.00260412985077857
54714320	0.00186475056875535
54715751	0.00179885624599622
54722620	0.00368760170717926
54725961	0.00171986130721864
54731020	0.00155237400725456
54732970	0.00169644134688847
54732991	0.179059674658162
54733961	0.00194467350643808
54735150	0.0017018005505818
54735361	0.00156944749594279
54745810	0.017534318557274
54748601	0.00546343158573834
54750330	0.00322739513182863
54750381	0.00192442693282376
54752161	0.0023300179396281
54752390	0.00158287644205702
54757110	0.0015951445670861
54758900	0.00585839898656669
54760441	0.00207565128049257
54761220	0.00155237400725456
54763050	0.00227111564632143
54763481	0.00173657668693378
54765821	0.00162457602438133
54766360	0.00202209900060027
54773370	0.00264640331668384
54774770	0.00155553736144322
54778080	0.0120096922722731
54780140	0.00480118669240254
54785971	0.0421000114202853
54786730	0.00225823725907269
54793811	0.0119175418333752
54803040	0.00284903617526238
54815180	0.00160158365695292
54824660	0.00190743396727258
54828820	0.00170033004039975
54830030	0.00159363943360732
54830740	0.00186106617041917
54832100	0.0022745630072849
54837141	0.00161227503833834
54839881	0.00694984158468283
54840711	0.0053897236300033
54842371	0.00155237400725456
54845961	0.0021665318377766
54846060	0.0027183282102614
54847481	0.00265101981882753
54847710	0.00196699640483841
54848021	0.00274591948558003
54848810	0.00155237400725456
54849360	0.0692502963079333
54849391	0.00173206525268143
54849920	0.00266938389115585
54849930	0.00268133567627611
54851410	0.0044043551403137
54852721	0.00155237400725456
54853480	0.0029014796940533
54855820	0.00280744194702114
54855980	0.00234236324458651
54856670	0.00183887402111407
54856680	0.0017912797396599
54858070	0.00171713449748773
54860240	0.00540602228617834
54860581	0.00166605337579116
54860991	0.0139876093833415
54861210	0.00431703125511059
54861490	0.00159926428819495
54863450	0.00214244876870679
54864311	0.00275506871149851
54867591	0.00175037084372489
54867850	0.00503434749950289
54868100	0.0225381439717467
54870730	0.590258181789905
54873240	0.0015951445670861
54874860	0.0015951445670861
54875960	0.00155553736144322
54878470	0.00315796326875063
54880011	0.00922316137133873
54882101	0.00448068588145332
54886221	0.00561297316196867
54886231	0.00348514628878402
54886990	0.00174304898746605
54887731	0.00947567572624829
54889100	0.00250512170677904
54889230	0.326239880041921
54889251	0.00293407151658485
54891830	0.0268281805270882
54892410	0.00155237400725456
54893890	0.00446510594105027
54894060	0.00161227503833834
54898361	0.00155237400725456
54900100	0.002646073045701
54901210	0.00749523749632226
54902020	0.00161790414290756
54902720	0.0264300662338392
54904021	0.0136535738964452
54905251	0.00541764282810624
54905951	0.0793066013326527
54911061	0.00175290862998532
54911201	0.2522352165986
54916151	0.0119272013978314
54917961	0.00161136124033963
54918730	0.00286690135362575
54920161	0.00189643251540924
54922190	0.00612647879781007
54924390	0.00159790724412991
54927300	0.00242393933933845
54928410	0.00161136124033963
54930460	0.0720059494756448
54932540	0.00417916975379728
54932920	0.00867270919090077
54935191	0.00155237400725456
54935461	0.00956827435731251
54936790	0.0015951445670861
54937791	0.00155237400725456
54939591	0.0102150682399903
54940281	0.00645125977740306
54941190	0.00432177715722616
54942170	0.0527185795276344
54945610	0.00866610369233103
54945780	0.00175037084372489
54947041	0.001765568335158
54947331	0.00619182876775032
54948260	0.0156008812165471
54949900	0.00518362775510131
54953811	0.00325818940104276
54956090	0.00282341164805482
54956230	0.0015951445670861
54956670	0.00269529498505638
54957190	0.0017626089615966
54958310	0.00261551259220451
54958740	0.00312407154686626
54959471	0.00155237400725456
54959581	0.0105184701830346
54962750	0.00700102916223698
54962761	0.00354528235604692
54967280	0.00293834949820773
54968021	0.00270207406745489
54970590	0.00170505657638831
54972021	0.0039263117095274
54973230	0.00240007834825737
54973391	0.00171496276613206
54974290	0.00155237400725456
54975020	0.00288779934840092
54978160	0.00206570087549505
54979181	0.00288779934840092
54980770	0.00220768311895583
54981760	0.00155237400725456
54984950	0.0015951445670861
54985101	0.00668009937491464
54988510	0.00183848598586449
54988780	0.00232845720590382
54989770	0.00247923975197332
54990911	0.00216223069654362
54991441	0.0020310404321463
54995051	0.00184725875941039
54995550	0.00192696454651695
54997090	0.00341054476866589
54997791	0.00377744905122424
55010771	0.00163024800654195
55011010	0.00216370871720932
55015721	0.0172656279152432
55020800	0.00187519249006613
55023390	0.00223555358490423
55030891	0.00507537517494739
55033360	0.00207351564253348
55036080	0.0928761595133549
55043140	0.00644792636048645
55053320	0.123406622442795
55060841	0.00269948214667201
55061501	0.00156096868154157
55072770	0.00362860055856884
55073060	0.00229628849250378
55074000	0.00223012648612849
55075420	0.0015951445670861
55077231	0.0228583504864713
55078010	0.00180094634654464
55078061	0.00645451895604306
55078440	0.00172559509986525
55081760	0.0086503729161758
55083940	0.0022749143250205
55084490	0.00307194515870722
55084671	0.00271924248979679
55089460	0.0017933774477861
55091390	0.00157753162078369
55093921	0.00511199957780412
55096421	0.0225536617189533
55099711	0.00171986130721864
55101630	0.00369373551552642
55103250	0.00474314324700927
55104261	0.0017476254538906
55104790	0.00221318827808477
55107711	0.00168639190826626
55107820	0.0495910885781246
55108001	0.0156402530291923
55108630	0.00343491608490716
55108640	0.00492488727014127
55108971	0.0068814537498138
55109350	0.00547063940248197
55109511	0.00161636844780264
55109651	0.00361469051704196
55112520	0.00183058545602956
55115140	0.00270317904882772
55119120	0.00246006623345465
55119861	0.00159769547950879
55120240	0.00391542959371237
55121610	0.00158670963428244
55123960	0.00364648196440202
55124070	0.00835769522695353
55125200	0.00163685592598978
55134471	0.00160546143595618
55134871	0.00228898959191343
55136480	0.0375072892407611
55137651	0.00155237400725456
55138211	0.271436393355452
55138410	0.0260316231520568
55138461	0.00177386617958158
55139260	0.00652042481790872
55141911	0.00301013197447292
55145460	0.00231803940519119
55147021	0.00191001888013357
55148240	0.05827218939996
55148811	0.00395306830297583
55149190	0.00218694898381043
55151130	0.00265421760087583
55151701	0.00187964017855449
55155250	0.00394110413580447
55155370	0.0015951445670861
55157060	0.0074377713165168
55157371	0.00435065701639044
55160910	0.0102663779890499
55162181	0.00183445560851601
55164100	0.00482360762541255
55164770	0.00198425233384466
55167390	0.567080341230594
55170321	0.00351977934526265
55179800	0.00158346021056361
55180111	0.0015951445670861
55180681	0.0444580623790462
55181060	0.0508685306507962
55184381	0.126860031596541
55185870	0.0015951445670861
55186000	0.0854972308779974
55187031	0.00190522055319959
55191260	0.00363127924382378
55192500	0.00234684824165083
55193921	0.00265537078211973
55194471	0.00251892080761118
55194550	0.00156096868154157
55196521	0.00254308822170851
55202891	0.00188230945588188
55206440	0.00833586728943408
55207711	0.00692464810010223
55211281	0.0039827572259143
55215711	0.00182335888053486
55217761	0.00290661876433016
55225860	0.014782553894385
55228620	0.0264205090438411
55231561	0.00461309882896055
55234260	0.00476213281327295
55236470	0.00747116835813401
55240370	0.00527223499580134
55240630	0.00642711638777513
55242270	0.00417984561330059
55247961	0.00181752232324846
55248220	0.00179731559056752
55249300	0.00155237400725456
55257201	0.00305723763062016
55257911	0.00197080132583931
55259940	0.00157604308015066
55261221	0.00474538882988581
55262171	0.00182487118155296
55262871	0.0015951445670861
55262970	0.0139310170389284
55262990	0.00198551927357731
55264740	0.00430217805946304
55265030	0.00224998700674114
55265460	0.00275135562301139
55265481	0.00263096843936529
55265860	0.00186364984875777
55268460	0.00308276690513237
55268490	0.0028158128265166
55271660	0.0019330214137402
55277201	0.0305808908059146
55277450	0.0732509787938757
55278850	0.192220908435572
55283421	0.00155237400725456
55285761	0.0141367653383849
55285870	0.029988692030682
55285901	0.00337185415640026
55286290	0.00162710925714171
55289590	0.00235626404636758
55291131	0.0139048878990461
55292261	0.00211005184194479
55298950	0.00155237400725456
55300090	0.00178758154451384
55302280	0.00161136124033963
55305891	0.011110306822838
55307260	0.00161136124033963
55307940	0.00179437192647559
55307961	0.00200852161620519
55309310	0.00704196872684274
55309631	0.00520726155172735
55312320	0.00259125806171254
55313330	0.00155237400725456
55314171	0.0188827313041203
55314700	0.00162580197664495
55315800	0.00162270252137233
55317481	0.00778337194863826
55318721	0.0028902891779252
55319660	0.00374747251377626
55320490	0.00419963485412425
55321980	0.00193945824151656
55322041	0.00285310654302396
55325020	0.00450701855208635
55326130	0.0114101192289585
55326171	0.00232909747441017
55326731	0.00323522319840135
55326851	0.00328549488483103
55327110	0.00303468903909809
55327370	0.0934062118740821
55329580	0.0015951445670861
55329611	0.00161790414290756
55331421	0.00305474102349189
55331971	0.00155237400725456
55332921	0.367351263601701
55333180	0.00430470692660335
55333211	0.00161790414290756
55334461	0.00180851761682159
55335981	0.0324668156353963
55337211	0.00161227503833834
55339670	0.00230955514922052
55339971	0.004297387840941
55340210	0.0104003166398566
55340730	0.00166171589019081
55341290	0.00155553736144322
55341300	0.00218092192905812
55342250	0.00201868478379435
55342840	0.535514056344275
55345030	0.00162936187371325
55346830	0.00338429960406844
55349140	0.0143557304774823
55349221	0.00175119721660817
55351281	0.00163308848355139
55353840	0.0163778024201116
55353850	0.00161227503833834
55354400	0.00376195201700436
55356450	0.0211208399789963
55361331	0.00189631126223969
55362110	0.00883706452057515
55363951	0.0356249131930654
55364941	0.00263493174533533
55366000	0.00289529401567535
55366110	0.0192942705612229
55367380	0.00575308760866152
55367691	0.0183366912457205
55367951	0.00395155410916594
55368330	0.00285953289161035
55370700	0.00161136124033963
55371490	0.0100294413839725
55371500	0.00161946470570261
55372781	0.00161227503833834
55373061	0.00161790414290756
55375780	0.0015951445670861
55377710	0.00358441519914059
55379900	0.00883650102314407
55380231	0.00227412629786775
55381071	0.00174463945708395
55381710	0.0042847936780967
55384091	0.00169138713578844
55385720	0.00512262538629586
55387001	0.0633401634322618
55388081	0.00569635542792816
55392590	0.00155237400725456
55396050	0.00875214465477282
55397901	0.0128698200504094
55399660	0.00775044776826585
55404050	0.0184919586751648
55405040	0.0367045528058702
55408890	0.0015951445670861
55410930	0.00432022234700827
55412890	0.00209117071207731
55424511	0.00435573768249078
55425891	0.00167841810943362
55435500	0.00186956451596489
55442441	0.00227626801992105
55443630	0.00163167753974942
55447490	0.00355629380277808
55454390	0.17720715173893
55455890	0.00404152488482656
55456860	0.0105170523099702
55468580	0.00335528150045953
55469601	0.00986943621626782
55478130	0.0856009785073431
55488791	0.00165788164590651
55489280	0.00393684243333739
55496361	0.00224349255579785
55503370	0.0386945643165382
55512771	0.00168047945544277
55516071	0.00838946372480091
55517020	0.00248091404811794
55525181	0.00203626340766392
55537061	0.0111740922838616
55544781	0.0133374010673856
55545280	0.00212310203856524
55549601	0.00269450667514054
55566810	0.00257150993443409
55572491	0.0130361988348563
55572980	0.00835224306761445
55574250	0.00231803940519119
55574530	0.0048563375681764
55591640	0.00421078174540936
55605171	0.00175939334157093
55619350	0.00173206525268143
55620420	0.10055047827901
55625810	0.00192348372907699
55640990	0.00163341839173802
55641700	0.0015951445670861
55644280	0.00330779176357616
55646110	0.00169467085398342
55652211	0.00162270252137233
55657700	0.033397258799095
55658681	0.00396137078847584
55672140	0.00169114425853464
55678490	0.00170852078556501
55685021	0.00454899901097834
55688341	0.00183628803325092
55690070	0.00181382525858409
55690261	0.00181576107343908
55696300	0.00472092025053558
55709011	0.00171341835785773
55709721	0.00306403023820945
55711480	0.00205844006651603
55711931	0.00268082169110328
55712201	0.0219374033909555
55712621	0.00455312867318513
55714210	0.00202316864335009
55718920	0.00155237400725456
55738930	0.00155237400725456
55742811	0.0347340303917221
55743320	0.00169644134688847
55751641	0.0419181730251164
55766251	0.00211575964612159
55782931	0.0029753554713949
55796051	0.00197023625181995
55801930	0.00306055680570456
55806480	0.101078450010194
55819631	0.0170595340336749
55834500	0.00161136124033963
55841851	0.0112460828417906
55842740	0.0032923018114997
55849230	0.00627040668543445
55857011	0.00238836216989829
55857421	0.00449278069720824
55863570	0.0015951445670861
55867501	0.0115520711237659
55868260	0.00193773248190583
55868410	0.00417960514606533
55868560	0.00697746379750589
55868980	0.00196269025084955
55870101	0.00155553736144322
55870360	0.00290349885797816
55872290	0.00205171780386176
55894121	0.0187274692096513
55900731	0.00194165184638192
55916721	0.00177273628098821
55918600	0.00167841810943362
55937360	0.00183256576207396
55940301	0.019142622744606
55959150	0.00169142528998702
55966651	0.00291305785371043
55970251	0.00155237400725456
55977640	0.00159769547950879
55982060	0.00481061149206101
55986781	0.00155237400725456
55992930	0.00176885974657903
55993230	0.00163153721855732
55995840	0.00285730916965339
56001541	0.00155553736144322
56010060	0.00466430784806543
56013650	0.00227180362419255
56013821	0.00230362091191923
56019290	0.00163603918811246
56021920	0.020354231647685
56024970	0.00309979007999853
56027430	0.00167841810943362
56038310	0.00342977568999986
56038641	0.00161136124033963
56039150	0.0107315534687427
56044561	0.00180837052229449
56045490	0.00177660276927499
56046091	0.00175020481895138
56048311	0.00999652494879682
56049070	0.0281249888554833
56049380	0.00159860748902245
56051990	0.00636812648947394
56053620	0.0563093306753354
56055751	0.00543401327715966
56056861	0.0214824957554176
56063960	0.00161041084582501
56063980	0.0139231602120451
56064431	0.00167723660320902
56068130	0.00725307527810123
56069111	0.0015951445670861
56071041	0.00164110472112564
56071130	0.00170255455584251
56071591	0.00161836490362343
56072161	0.00156492173366445
56074330	0.00361745059961181
56074440	0.00181667922317325
56076581	0.00155237400725456
56079201	0.0316933181152244
56081780	0.00408755142815166
56081890	0.00297826912000769
56083451	0.00241512343840026
56083591	0.00155237400725456
56086200	0.00747093004210635
56088701	0.00296189817652489
56090160	0.0031864584518747
56090511	0.00370492031088212
56090880	0.00284089224753923
56093401	0.015009261437654
56096110	0.00174169299156108
56097681	0.00171185030181438
56099871	0.106820806093631
56101890	0.00158201751917874
56102781	0.00155553736144322
56103041	0.00156492173366445
56103410	0.00296748467110704
56104100	0.00169483328349364
56104151	0.00155237400725456
56104370	0.001808992562569
56107680	0.0015951445670861
56110730	0.00176116645504585
56112500	0.00443170814486189
56115871	0.00278338506901304
56116431	0.0015951445670861
56119680	0.0334491268294224
56122580	0.0410921603154898
56123331	0.0351731901744288
56124981	0.00866876635360113
56126740	0.0015951445670861
56128831	0.00339769731326654
56129750	0.00589660176609172
56132130	0.00422930547350914
56133200	0.00207328117377024
56134091	0.00241135799985784
56134740	0.00161227503833834
56135300	0.00211474699440533
56139980	0.473940565488977
56145101	0.00891886422531291
56145521	0.0115554584799741
56146221	0.0106493772747406
56148841	0.0018350931181533
56149050	0.00177707356338637
56149340	0.0017877714794011
56150361	0.00199014871126718
56153480	0.00167841810943362
56158170	0.0234022838708863
56158850	0.00476158923734602
56160400	0.00161227503833834
56161101	0.00436844637890805
56161661	0.00381663377333524
56162700	0.0015951445670861
56163970	0.00312481751770507
56164151	0.0015951445670861
56167461	0.00316685613490738
56176090	0.0160255809319285
56178501	0.00155237400725456
56180630	0.00155237400725456
56181251	0.00178183589885073
56182310	0.00252199354733823
56183540	0.00579027227374748
56190560	0.00500542259312609
56191301	0.00161790414290756
56193500	0.00328823236230744
56196691	0.00326373163658425
56198600	0.0221252435106062
56199840	0.0720136996069375
56202710	0.0252189709127973
56202751	0.00347117664245068
56204220	0.00181990321284131
56205080	0.00671635705156272
56205340	0.00155237400725456
56206331	0.00155237400725456
56207410	0.00237333684816566
56207660	0.029606131350434
56215670	0.0103263716746638
56215711	0.00639800799886866
56216920	0.00200348315471898
56218331	0.0036144266808431
56218860	0.00320677616653457
56218870	0.0234091681678618
56220900	0.00279439254555627
56223000	0.00236371644639678
56223021	0.00239530242935174
56224530	0.0025451236109914
56227301	0.00248664414928092
56231181	0.00388527736744795
56233220	0.00179279511088454
56234600	0.00506327585732274
56241340	0.00295199060897722
56242710	0.00187307590527637
56243451	0.00183526510174143
56247031	0.0121816307989307
56248541	0.00475749246636266
56252930	0.00372348757892604
56253320	0.00334795157076999
56255571	0.0217187145416777
56260240	0.00236082780116493
56260531	0.00227081603165741
56260561	0.0162900497933895
56260951	0.00171986130721864
56264350	0.00511552229541023
56265231	0.109518605981126
56266030	0.00165656219454994
56269511	0.0017573105009859
56270351	0.00303674147830633
56270850	0.00448759371449951
56271100	0.00398124095436807
56274741	0.00275135562301139
56277200	0.00363965631171816
56283810	0.0395002109667638
56285460	0.00162710925714171
56289791	0.00692580074148495
56295021	0.00271745939246364
56299161	0.0016794540474734
56299270	0.00413589948247209
56299830	0.00707158731831443
56300811	0.00155553736144322
56301350	0.00156096868154157
56303451	0.00375560388606648
56304350	0.00284047302396125
56306970	0.00326218106864848
56306980	0.0015951445670861
56309590	0.00327047194852628
56310300	0.00242641309997962
56314140	0.0022519909603412
56315260	0.00259413701200337
56315571	0.030802471748634
56320750	0.0044838591450019
56321760	0.0978451690155912
56322130	0.00892625999330624
56323701	0.0840787889378745
56329320	0.00912766979332668
56333371	0.00162205444705299
56335291	0.00419293652075205
56338461	0.00875000250593005
56342331	0.00158602379144527
56342560	0.00345741008624577
56342611	0.00614401790628278
56346150	0.0022310459929541
56347530	0.00161227503833834
56349330	0.448330224385662
56350471	0.00285420503532138
56351141	0.00170371083561694
56356541	0.00172927491288981
56365040	0.0113368040933674
56371940	0.0015951445670861
56374601	0.00625940775503287
56378300	0.0068777373568208
56390331	0.0023387549973217
56400780	0.0103097743827285
56405850	0.00188654279700099
56410950	0.00197889822349608
56417300	0.00400570215697354
56417710	0.0015951445670861
56418430	0.495834265932404
56423100	0.0119066905507885
56425361	0.0769152467229189
56429491	0.0308840036182759
56429860	0.00494634878100649
56432381	0.0034014048300996
56433081	0.00169644134688847
56435011	0.00478899051094833
56435131	0.00237135082721524
56435770	0.00189147168457951
56436941	0.00203405096132189
56439431	0.00286949696258438
56441911	0.00190730897727069
56444261	0.00161136124033963
56445720	0.00253563653640235
56449221	0.00500877793170794
56457631	0.253594744972945
56458390	0.00157552696807445
56459950	0.00442869555982021
56460381	0.00209941939571419
56461361	0.00161636844780264
56464661	0.00189801076951012
56466130	0.0202960601861094
56467100	0.00650496398312839
56472910	0.00197480089946858
56474570	0.00170024450493101
56475360	0.00183587742504504
56476791	0.00162710925714171
56477030	0.00296983262053469
56477320	0.00455647675778727
56477450	0.0017302481497498
56478041	0.00567377264677806
56482181	0.00281698208316803
56482980	0.405107343518935
56483431	0.0274519854824638
56484750	0.00362424168256919
56488391	0.0298030501332514
56488750	0.00503084378884508
56491110	0.00159986113824424
56492070	0.01079078777714
56492180	0.158290902451546
56492740	0.0240374445251918
56493580	0.00541113464729145
56494321	0.00158348298842786
56495940	0.00254207073788635
56498980	0.00523684255694522
56500661	0.0374428021036797
56507011	0.00262897231455106
56508180	0.0038050657256236
56510311	0.063335400776401
56513331	0.00174142562708257
56521600	0.0134833549610085
56522181	0.188772782577576
56525600	0.00205289082339196
56526660	0.00422722329278538
56527070	0.00442388370334992
56530700	0.00188754414546685
56532620	0.00201541329732003
56535100	0.00169142528998702
56535411	0.00246385123794287
56536890	0.0621063934594711
56538041	0.0043509107992873
56538270	0.00638108883785638
56543940	0.00181231716201523
56545590	0.00156492173366445
56546171	0.00161698592299456
56547620	0.00156492173366445
56550291	0.00229615161174756
56556101	0.00170075014128097
56556870	0.0322989764479767
56556880	0.00167841810943362
56557030	0.00173513934226526
56559421	0.0015951445670861
56562031	0.00161136124033963
56563281	0.020719565311848
56564330	0.00164939605722647
56565211	0.0015951445670861
56566571	0.00184977675405454
56567360	0.00193536225344179
56570390	0.0118226482679265
56574560	0.00674607646832788
56577020	0.00328712417076271
56577030	0.00161791148528083
56582140	0.00188622019772074
56583650	0.00200156381303734
56590701	0.00750211756352513
56594660	0.0994072592210211
56595401	0.00785457482283476
56598991	0.00155237400725456
56600590	0.0126898506870858
56601000	0.0199564161132318
56601741	0.00292881326430682
56602250	0.00172634377200025
56607111	0.00175853264266068
56608880	0.0525311365649231
56609201	0.00268407275729723
56615220	0.00177058634142552
56620580	0.0647918395930368
56629410	0.00202147015944682
56629461	0.00480967961965896
56629980	0.0717844571587572
56634950	0.00508325401481185
56640330	0.0823420230124396
56643360	0.0784040061227418
56644440	0.0190805628117191
56645410	0.00229518142133894
56645540	0.00173289786867954
56647210	0.00174959038249669
56649420	0.00957662428346156
56651360	0.0202246380963302
56652231	0.0015951445670861
56654370	0.0123958747261816
56655080	0.00576900212308465
56655100	0.00155237400725456
56655121	0.0018899775409724
56655131	0.00945244307720626
56660720	0.00892967953161465
56661741	0.00328171683803826
56663200	0.0175491778932935
56663230	0.00930526297836429
56664440	0.0102340229893572
56669871	0.00193559151072874
56670301	0.00208042033499226
56672480	0.00155237400725456
56672990	0.00222032749765966
56673061	0.00546200520305496
56673461	0.00197973747064856
56674680	0.00442904701105194
56677400	0.0507737425831929
56677611	0.011353448105906
56677680	0.145033758680808
56683951	0.00231417966075634
56684200	0.00520775756934695
56689560	0.00562390664747028
56699050	0.00265848840013606
56700231	0.0342395629838513
56700351	0.0015951445670861
56701850	0.00822299602014616
56702291	0.00196896145534563
56704450	0.00293580048168208
56705061	0.00290591174064049
56705550	0.0050924160386262
56705611	0.00246385217026386
56705881	0.00610036230124794
56707111	0.0753093588804196
56708060	0.00161136124033963
56712091	0.00342939704164806
56713041	0.00161136124033963
56713611	0.078771805118182
56714390	0.00204972682575928
56715080	0.00598908962083392
56716470	0.414573554333439
56717611	0.00553408077861102
56720020	0.00364581467522931
56721311	0.00160415752258067
56722510	0.00174812427109278
56726151	0.00253287260941838
56726680	0.00155553736144322
56727090	0.00162578707023025
56727350	0.00200316110565019
56729871	0.0167758537056463
56731381	0.0223211501013755
56731511	0.00170346853924013
56733120	0.00155553736144322
56733950	0.00178366901578178
56735401	0.0256790602262987
56736170	0.00919214092769498
56744440	0.057211794157244
56746790	0.00226747783031794
56746910	0.00490976665324228
56747750	0.00381203767630003
56748621	0.00171474115095177
56750100	0.00257471455203654
56750691	0.00177343352312927
56753041	0.0015730297093444
56754220	0.00231803940519119
56755880	0.00160411581564259
56756600	0.00245951327565752
56758250	0.00204090591243091
56758691	0.582196118694917
56760700	0.00156492173366445
56764341	0.00319812105844527
56767360	0.00361502235562005
56768221	0.00487022687846063
56768351	0.00173206525268143
56768730	0.00214858366962548
56769410	0.00161227503833834
56770220	0.00909621167314798
56773820	0.00158348298842786
56776320	0.00602630497559207
56778681	0.014994836718302
56781560	0.0017774063139583
56782490	0.0304175517005945
56783251	0.0020352924665659
56784310	0.233898585641679
56785021	0.00332647786373816
56792901	0.00465135584015962
56798520	0.00316469658780107
56798530	0.00156492173366445
56801840	0.00156492173366445
56801871	0.00166779185597707
56803511	0.00653399104963661
56806520	0.00602747586189725
56810250	0.0015951445670861
56810510	0.00178581737795216
56812710	0.0131941789171881
56824061	0.00210076495132378
56828881	0.0024539210535914
56829161	0.00321597320013366
56830650	0.00164957780276545
56834121	0.0748460483549098
56838951	0.00479142587151923
56839911	0.00156970651349801
56841991	0.00850645709824945
56843070	0.0196407359227493
56844450	0.0015951445670861
56845960	0.00188236257229289
56845970	0.00155237400725456
56850831	0.00588644018010569
56853010	0.00277788812060013
56853280	0.0104364106613823
56856051	0.00938399752069125
56857151	0.00219820834300788
56859900	0.192578917382681
56860140	0.00155237400725456
56860751	0.141981954771249
56862930	0.0529179603641338
56863860	0.0038658162884698
56867880	0.00939135679846845
56869240	0.00173097961502894
56869451	0.00471800968359736
56870790	0.00617698292164942
56871490	0.00493895384581413
56872891	0.016592521319867
56874660	0.00647692205585454
56877950	0.00269893852109028
56882890	0.0208507454397075
56884990	0.0182475600796698
56886360	0.00161790414290756
56895511	0.0481979339069345
56896061	0.00167841810943362
56897550	0.0015730297093444
56899880	0.502640168080668
56900850	0.00186521346142302
56901021	0.00171388935477377
56902671	0.00161790414290756
56902801	0.0773210428097139
56905830	0.00402452140835663
56906261	0.0032797704314665
56909721	0.00161227503833834
56916010	0.00233784242695344
56916020	0.00505660442867133
56918060	0.00330767217221142
56919221	0.00255444035847986
56920270	0.00506097982436341
56921270	0.00281879855630535
56923760	0.0016071265128284
56924170	0.007247189080017
56930510	0.00189261479146978
56935030	0.0875334696214066
56937260	0.00635931790044161
56941780	0.00173259325452057
56941800	0.00162205444705299
56942391	0.00328538844151893
56943221	0.00582273001875264
56944690	0.00658122629428656
56947320	0.00155237400725456
56948471	0.0124003001191725
56950391	0.00404025778908985
56952881	0.00161790414290756
56954900	0.00517121450697855
56955211	0.0019142196601725
56955480	0.00366991806281769
56957981	0.0018893854308232
56971440	0.335667395311789
56971590	0.00240721318634701
56972731	0.00403383452212588
56974661	0.00162710925714171
56978340	0.0015951445670861
56979310	0.0121475753471143
56979880	0.0269844033735365
56980820	0.00162710925714171
56981940	0.00254869705594801
56982480	0.00272683755845788
56984171	0.0243839466169136
56986661	0.0385786707085227
56987071	0.00515870844472721
56987990	0.00216627300290764
56988031	0.00318367193428643
56990220	0.00257583226596623
56991160	0.00300383941567904
56991720	0.0867132921341066
56991901	0.00320516841596982
56995351	0.313341652441305
56995740	0.0128795497439333
56995980	0.00183570330478416
56997011	0.00168075617135656
56997110	0.00280403571794608
57000830	0.00163538873929735
57001940	0.00211712372433003
57002951	0.111260761238385
57004051	0.00243171746508838
57006890	0.00177719921093042
57007921	0.00221074878068014
57015300	0.0203090627214431
57018050	0.111636833313247
57020290	0.00522635365496071
57029790	0.00343113830087992
57030630	0.00248333485182271
57033530	0.00341650479000037
57033821	0.00155237400725456
57035621	0.0346353827030272
57046740	0.0037698358676391
57051611	0.00156492173366445
57053291	0.00161136124033963
57054781	0.00275954264795478
57056191	0.00524030704449548
57056430	0.00163341839173802
57057691	0.00162710925714171
57065431	0.00219712712606084
57065660	0.00161136124033963
57065910	0.00169314299944245
57066180	0.00186061684187477
57066320	0.00223311649528104
57067481	0.00373791368326462
57067600	0.0022606705964572
57069981	0.0073755246532376
57071860	0.0015951445670861
57076960	0.00231803940519119
57076980	0.00670052519012623
57076991	0.00580039008727642
57078241	0.00155237400725456
57079710	0.00291407669682284
57083730	0.00210241587611573
57087061	0.00289395773288486
57088031	0.0114572228910665
57091030	0.00263053682760971
57091341	0.00173602033148499
57092410	0.00537159355282565
57094231	0.00277735836633102
57097701	0.0227497068222809
57098070	0.00155237400725456
57102791	0.00163167753974942
57105390	0.00413288425262782
57106241	0.00164451442939891
57107010	0.00155237400725456
57108031	0.00395450368270802
57110200	0.00155237400725456
57113770	0.00262168809284748
57117831	0.00432813221953624
57121620	0.0019477745184394
57122911	0.00161790414290756
57124021	0.00158233751135443
57131071	0.0258009998056083
57133141	0.00319266149947637
57133930	0.00163167753974942
57134590	0.00597291175830793
57135180	0.00155237400725456
57140161	0.00182738905150381
57141411	0.00161698592299456
57141671	0.00160415752258067
57142620	0.00235413651307783
57148841	0.541706137977836
57151980	0.00161227503833834
57158501	0.0438369040214845
57161100	0.00235413651307783
57171211	0.0026644929035263
57173411	0.0694751113332477
57176161	0.0015951445670861
57177801	0.0106922875140995
57178371	0.00577489817263477
57178580	0.00203182446220869
57179420	0.188294945702241
57180451	0.00171650184723263
57180810	0.00160742622888043
57181350	0.00378391433830503
57181360	0.0141757349691072
57186381	0.00212095597431547
57187211	0.00447340654599799
57187611	0.00197402891596505
57189620	0.00179405115726987
57190651	0.00192716072372673
57190900	0.0037854180327342
57195461	0.00435768243351891
57197350	0.0018427624642215
57203560	0.00350570401319679
57204281	0.025160577496356
57207871	0.0188132206985097
57209790	0.16792443856514
57210211	0.00155237400725456
57210450	0.0133246359757636
57211570	0.0118815917426686
57212161	0.00169644134688847
57213220	0.0558287036735461
57214781	0.0020373348814246
57217401	0.00273203587659466
57218200	0.0019477745184394
57223270	0.00162807820906518
57223720	0.00158345819611333
57226081	0.00155237400725456
57226850	0.043426785419601
57228950	0.0640786235638163
57229251	0.00162363564464331
57230101	0.00156096868154157
57231010	0.120372050131354
57231201	0.00162710925714171
57231560	0.00161001249557892
57232431	0.00155237400725456
57234990	0.0208655435005191
57239611	0.00167824512554213
57239700	0.00314510858011716
57240680	0.00290247149097995
57241070	0.00319441677356176
57244410	0.429000375926679
57245370	0.00176744814556492
57249910	0.00245222839515995
57251140	0.00307885936059154
57256991	0.00629402547002814
57258071	0.00593361932605748
57258911	0.00258598475044967
57268011	0.0174157538713738
57268230	0.00167409106787306
57268701	0.0028943801765911
57270580	0.00194590685351947
57270720	0.00161136124033963
57272920	0.00266278751536508
57277200	0.00158626535819284
57278850	0.00356500328895689
57281090	0.0015951445670861
57282750	0.0106091775452535
57284660	0.00210507784507697
57286330	0.0015951445670861
57286921	0.00274591948558003
57288380	0.00536458813185521
57290050	0.00267692166201046
57292230	0.00205911918277439
57296841	0.0016537335555287
57297480	0.00307683978009188
57298020	0.00479622173038706
57303451	0.0195934303053326
57305111	0.0158397478949757
57305391	0.00677657183526865
57307810	0.00178108946231028
57314880	0.0671126462633715
57316151	0.00873812617736677
57320141	0.0249231571271839
57321490	0.00162710925714171
57323560	0.0185594414990768
57323820	0.0134186042513991
57323850	0.00451267268912329
57324500	0.00226763775081715
57325630	0.00200522629231778
57327270	0.00387555702785951
57330150	0.0015951445670861
57330590	0.00202079219661852
57335321	0.00234212906562039
57336640	0.0371852040236125
57337661	0.00158670963428244
57339181	0.042174671899194
57342430	0.0062951833848934
57342440	0.214485677450933
57343010	0.00163887287714914
57349531	0.00159769547950879
57353760	0.00155237400725456
57355270	0.00182022520252577
57358730	0.0140319453293749
57360401	0.0140061469452719
57361791	0.00155553736144322
57363051	0.0015951445670861
57365620	0.00158214114998999
57371400	0.00188727036359778
57373641	0.0121643970367172
57373750	0.00155237400725456
57374320	0.00461436533992056
57385801	0.0715425220931435
57388831	0.0430191970554935
57388940	0.00478871134575531
57389180	0.00185652055135311
57397750	0.00216495464264786
57403940	0.00246183439030543
57430980	0.00166614475546498
57444691	0.00165138175734279
57453781	0.00220042547902737
57468681	0.0183268433623
57469720	0.00172991692865395
57470550	0.0941690842940867
57470700	0.0015951445670861
57470751	0.00158670963428244
57473320	0.00801172217890634
57474550	0.0430122105498035
57474700	0.00188708609302207
57475280	0.132149379694015
57479270	0.00265974192804614
57480681	0.00174423316602295
57481340	0.0222218283629742
57483140	0.00496974160523443
57484210	0.00176039449104011
57486201	0.0015730297093444
57488001	0.00448532364110165
57490570	0.00186387293044845
57492001	0.496844657843727
57494130	0.00260476391514405
57494280	0.0018553865162909
57495660	0.0387118087028274
57503441	0.00259181877409315
57510481	0.00301075103763236
57512100	0.00238393890834208
57513600	0.00201202005580146
57514061	0.00682003798705758
57515011	0.00164240918409473
57515690	0.0126471318523514
57519680	0.00405197914437164
57519800	0.0015951445670861
57519841	0.0015951445670861
57520671	0.00607495747621241
57520811	0.0017933774477861
57525101	0.00189901306804943
57527370	0.00190856134013974
57528490	0.00574842812742727
57528770	0.00184178631828198
57532801	0.00187964017855449
57534560	0.0015951445670861
57537890	0.0222172642685116
57542430	0.0927783967039381
57543090	0.00645216669402434
57545071	0.00386718203450636
57548931	0.0415322106875175
57551400	0.001726251101166
57553170	0.00630220343318729
57558311	0.214560308248018
57559370	0.0205739311944494
57561211	0.0144372883202771
57566741	0.00413316802203978
57569310	0.00242393933933845
57570031	0.00155237400725456
57571100	0.00283961892573531
57571230	0.00202509641286125
57574171	0.00299689552688607
57577911	0.20370351461091
57578311	0.00161227503833834
57579950	0.00162710925714171
57580780	0.0179284907275892
57581901	0.00487672943546551
57583100	0.0016986286263847
57587680	0.00287462559435276
57588630	0.00166809570717692
57592190	0.0066163505593725
57596801	0.0017573105009859
57597180	0.00319053379598938
57597570	0.0100039695504952
57601190	0.00174606287040451
57603841	0.00161136124033963
57607930	0.0017200291545804
57608780	0.00162795752837135
57609211	0.0295831798157879
57609361	0.0015951445670861
57610331	0.415578481316661
57613450	0.00155237400725456
57614581	0.00181940024917759
57615821	0.00583151262767136
57616080	0.00578625031447905
57617840	0.00156492173366445
57619670	0.00175020481895138
57622280	0.00893822309904675
57628210	0.0025157309115018
57632651	0.00159986113824424
57633771	0.00180426389275663
57640360	0.0672774546602542
57641160	0.00208733353424784
57642601	0.00680413632900143
57647250	0.00379209281435035
57650420	0.00354127732245862
57652320	0.00219107139798619
57652781	0.0118108534490246
57654741	0.00305334633499498
57656251	0.00168421139112755
57658670	0.00250727694036908
57659910	0.011156405590441
57660791	0.00443967971886151
57664231	0.0151584129461928
57665061	0.00364375721031271
57666581	0.00388371024492105
57667500	0.00161790414290756
57667640	0.00189150576045002
57668391	0.00173206525268143
57669560	0.00234404037569662
57670851	0.00161790414290756
57672190	0.00174383720920447
57672641	0.00218427914279873
57675360	0.00185837266621606
57676900	0.00298231819150604
57681201	0.166761010800417
57683910	0.0023705093205415
57685471	0.00257553874061588
57688210	0.00162394769541531
57689300	0.00417770538777534
57689491	0.0399540237100342
57689891	0.00468899415545412
57695811	0.0643263046791352
57697150	0.00879634059848449
57698571	0.0015951445670861
57702800	0.00245474925936576
57704330	0.00155553736144322
57705341	0.0015951445670861
57705980	0.00276957954854772
57708870	0.00156512401636283
57710660	0.00155237400725456
57714400	0.00161227503833834
57716501	0.0129997684819498
57718000	0.00345502839156501
57719271	0.00174765383918106
57720900	0.00282385703653613
57721741	0.00198908090748746
57723910	0.00199846905003931
57724111	0.00156512401636283
57725420	0.00395106930402549
57727831	0.0240767101609326
57728241	0.00161946470570261
57728590	0.0038558537490069
57729970	0.00189832043121178
57732610	0.025983465933353
57733160	0.0262443162698203
57733840	0.00572137424401013
57735480	0.0015951445670861
57737430	0.0325033408217984
57739640	0.00178106054098441
57741601	0.00176702305442883
57742041	0.00751626567054133
57746520	0.00554026735145075
57747001	0.00165515455143184
57752600	0.00166965506139564
57753830	0.0471733125373402
57758250	0.0322597915241517
57760170	0.0343202927723226
57763080	0.00748244981612728
57764870	0.0998598180415395
57770151	0.0121330502080955
57771660	0.00169142528998702
57771760	0.00279846159343995
57773430	0.00173633875045228
57774571	0.114683462143848
57775671	0.00174304898746605
57778680	0.0361173957215316
57782960	0.001658501366228
57784580	0.00177173034410015
57788170	0.00313191925167489
57793270	0.00498120870789974
57794260	0.0015951445670861
57798370	0.00420347878311025
57799001	0.00733158886122233
57802950	0.00374805309133122
57804771	0.00237691488836107
57805871	0.0074183722974345
57809710	0.00165272848437065
57809871	0.0110954121467225
57810680	0.00162984789015293
57812040	0.00502982282121171
57813410	0.00705474044172371
57818390	0.00208761895464386
57818530	0.00616582857542229
57818721	0.00196017689975953
57819251	0.00156512401636283
57819760	0.00218389781238595
57820340	0.179082141193979
57823650	0.0015951445670861
57824990	0.00421276433696306
57828231	0.0015569101408339
57828361	0.00348157609170277
57829280	0.00170075014128097
57831801	0.00163674662360652
57835780	0.31043036978613
57838390	0.0240227306640616
57842530	0.00266813192400188
57842561	0.0680042349103388
57847500	0.00199294855707212
57848180	0.0190984419519232
57849000	0.0169573465450857
57849680	0.00162499182915791
57849751	0.00197309900444339
57849830	0.00191676838723526
57851350	0.00277232483265392
57851821	0.00442326608195853
57851880	0.00211195571647452
57852860	0.00169307618487582
57856880	0.00405350064376654
57858130	0.00369505526701818
57861560	0.00163024800654195
57869980	0.0142923771247488
57870431	0.042620836192913
57871060	0.0719046777088483
57874240	0.0025720443994844
57874421	0.00325253491715736
57882411	0.00916244428787732
57885130	0.00201668101014726
57885270	0.00230150685639257
57888300	0.00220105953603087
57895490	0.00181762939020122
57895801	0.0017453960717074
57896061	0.00207918045278185
57898400	0.00161790414290756
57901051	0.0254054345204349
57901280	0.00442895751112293
57903661	0.0015951445670861
57905591	0.00309542856267772
57905810	0.00191298940123486
57910940	0.00531135989062626
57911261	0.00157753162078369
57922831	0.00226169537008096
57923220	0.0015951445670861
57923391	0.00366828748831497
57926011	0.00156492173366445
57928901	0.595759838864669
57931371	0.0132260154917887
57932730	0.00161227503833834
57932870	0.0287626511308255
57935251	0.0838812768879508
57936430	0.00291898471925107
57936870	0.00206057205693311
57941570	0.00394593086611788
57945731	0.00161790414290756
57946971	0.0050974798828852
57949031	0.0015951445670861
57949581	0.00393547070250602
57950281	0.00181669275532669
57952150	0.00179076264973961
57953741	0.00345428078120646
57953950	0.00155237400725456
57954981	0.00194737227886077
57955521	0.00189167990140194
57957830	0.500721927037926
57958380	0.00257898705220109
57962981	0.00314406226308132
57963870	0.00265476269810774
57966230	0.00160802882026657
57966770	0.00455693216753095
57968290	0.0533968015072333
57968860	0.00158487415467686
57968911	0.00693614305090403
57973451	0.0500122603160435
57973980	0.0015951445670861
57974240	0.00161110949403304
57975590	0.0136131818281813
57978961	0.0119245559490377
57980280	0.0113414869802696
57997171	0.00282396625964087
57998800	0.00178343648982094
57998831	0.00164155709109074
57999340	0.00203408018934407
58000860	0.162944996706397
58006421	0.00161214246316965
58008150	0.00184395564339744
58011320	0.00254568917425042
58069581	0.00160624482639747
58099870	0.0224880091064494
58099921	0.00167841810943362
58103580	0.00957534497542934
58103791	0.0113399203479922
58103850	0.00170099420139898
58105431	0.0599496970628429
58109721	0.0136127926261978
58112540	0.00173541505183776
58114350	0.00168286156107144
58115190	0.00191513739868017
58115740	0.00228192076068126
58116891	0.0146116163403104
58117400	0.00472693206957732
58118811	0.00296647561177731
58123761	0.00157753162078369
58124591	0.00155237400725456
58126681	0.00265763744045238
58127361	0.0047382121042519
58128331	0.00158163678398149
58132030	0.001765568335158
58132160	0.00302392361962748
58136051	0.00299946470705758
58136321	0.0015951445670861
58143990	0.00187832317255672
58146780	0.00187964017855449
58147580	0.00177334275210686
58150910	0.0172459699452639
58154480	0.00158898717948595
58154740	0.00332647786373816
58160061	0.00164947993031673
58161660	0.0015951445670861
58163921	0.00215537622341727
58164980	0.00171986130721864
58165011	0.0109503635732954
58166401	0.00168052576791964
58166951	0.00169660299794821
58178220	0.00161227503833834
58182750	0.0027626246254453
58186780	0.00202083215658683
58191590	0.00432247598995453
58192150	0.00318127903841141
58192290	0.0234370289899091
58192540	0.00155237400725456
58200850	0.00175290862998532
58206241	0.00181664963837441
58208700	0.00185136564164389
58209360	0.00158348298842786
58209800	0.0079144292193018
58210630	0.00156512401636283
58210740	0.00262344002138057
58215170	0.00172327032406008
58215330	0.0770767391004476
58221670	0.0018410658176264
58221821	0.00287159982664569
58221961	0.0019785577952141
58222070	0.00158320377341961
58222350	0.00213009763673449
58223081	0.00161771052128743
58225151	0.0781983220511649
58226750	0.00156970651349801
58228390	0.00651995052995141
58228441	0.0017031512339704
58230180	0.0427748963993718
58230671	0.0015951445670861
58236970	0.00176538328614673
58240301	0.00383394862973638
58241390	0.00743821517190359
58243751	0.0015951445670861
58244010	0.141510549135916
58247450	0.155286954776296
58250101	0.00196804537322377
58252851	0.0015951445670861
58252960	0.0015951445670861
58254050	0.00393061776328054
58254460	0.00185606825253172
58257001	0.00177187347939303
58259180	0.00158201751917874
58265670	0.00227599387409618
58266730	0.00521207654704188
58268031	0.0143524284064395
58270190	0.00811996795430988
58270651	0.00165294174224251
58271751	0.0268268472819516
58273951	0.00410784694808625
58274101	0.00207918045278185
58274590	0.00333237673010206
58277520	0.00156970651349801
58284280	0.00896952859329482
58284810	0.00395508058811228
58284861	0.00228120559866819
58286381	0.00228366064091695
58286460	0.0173745386818734
58287290	0.00260825763149425
58289261	0.00801453274186734
58289650	0.00265953722062756
58310771	0.0176060601606496
58311590	0.00190109769995901
58312660	0.00155237400725456
58313380	0.00175037084372489
58314170	0.00492272431881745
58316981	0.00162377516790656
58322340	0.0220399263871469
58322361	0.00333589817483947
58325951	0.00216032531020475
58331830	0.00158602379144527
58332280	0.00623164083452939
58332581	0.00162710925714171
58339351	0.00311520126101468
58341090	0.00155553736144322
58347730	0.0152258468087161
58348140	0.0217844119342286
58348670	0.00155237400725456
58349251	0.00184852559276823
58349961	0.0089629094308349
58353650	0.00244841053279322
58365910	0.00173634324163956
58370381	0.00573692032565338
58371191	0.00953733010262363
58371410	0.0015951445670861
58375310	0.00616901810130308
58376110	0.00190497793418802
58378231	0.00155237400725456
58379280	0.00196014928333603
58381220	0.0100860562134084
58384540	0.00302074081436881
58386190	0.00210653753976543
58391170	0.00174170233584193
58391840	0.0050730816627721
58397100	0.0122764557160689
58397661	0.00415992205273851
58399181	0.00213924649418463
58400680	0.0475446869223532
58401090	0.012278170199757
58402921	0.0209357740088401
58408571	0.0183013397614931
58410990	0.00169142528998702
58415560	0.00324200691761782
58417961	0.0020091882592942
58418030	0.00216138984574543
58420691	0.00292885358808344
58420701	0.00160914393839737
58420711	0.00248148660988388
58422060	0.00181667922317325
58424991	0.00326808756312481
58426511	0.00173259325452057
58426570	0.0015951445670861
58426651	0.00933919645794397
58435130	0.00339526546542348
58438501	0.00179906845411458
58438730	0.393373951624021
58440161	0.00158824716560705
58443580	0.00237222357361414
58444090	0.0476555762392373
58445880	0.00556900027019748
58447710	0.0114691320318897
58453391	0.00171108322867429
58453480	0.0222114003617248
58458020	0.0485966317599358
58458631	0.00167882855162212
58463570	0.00155237400725456
58466911	0.00162710925714171
58467560	0.00237682188390536
58467670	0.00248570264636629
58468220	0.00736013771703826
58468711	0.00386981697291357
58470750	0.00168029597854658
58472120	0.00627578112425129
58472400	0.00333033062478012
58473200	0.0015951445670861
58475700	0.082536296949083
58475731	0.00514322352947778
58477910	0.00238650580950147
58480380	0.00164666319233834
58485080	0.00234650874634444
58488711	0.0018731342883995
58488841	0.00221678977955628
58491420	0.00964636204160826
58491430	0.00253321084758055
58492271	0.00259538550800115
58498201	0.169460908280708
58500711	0.00158348298842786
58503881	0.00432733749556378
58504080	0.010485644952206
58507451	0.0505051939691232
58509880	0.00164930393656474
58511150	0.00163308848355139
58511581	0.00452216763619336
58512681	0.0773678932504165
58513220	0.00393787444447046
58514491	0.0219483641691214
58514740	0.0052456366452513
58517781	0.00163328494023268
58518050	0.0104019469222637
58525921	0.00170255455584251
58526740	0.0152624227800314
58527741	0.00344100529373798
58528001	0.00174641011269208
58528110	0.00161946470570261
58528701	0.00548475380206093
58528920	0.00189863375738703
58538891	0.00155237400725456
58539051	0.0135288829680068
58543690	0.00535986017772748
58543980	0.00162109127351634
58547181	0.102050136516369
58548421	0.00156512401636283
58550911	0.00325425574293481
58554990	0.0224941170046038
58555260	0.00173435130981667
58559810	0.00414535018665667
58563940	0.00326888729944082
58564760	0.00157799765883384
58565470	0.00174577426846099
58565490	0.00155237400725456
58567041	0.00172083652921718
58567161	0.275409346650234
58576671	0.00178527723496946
58578191	0.00585013493749755
58582201	0.00277495702325161
58582980	0.00391291400316166
58592811	0.00305584594287228
58596681	0.00293706450940168
58599591	0.00181554917077059
58611790	0.00221275496845381
58619550	0.00327380761076586
58623301	0.00169644134688847
58624230	0.200814096770281
58625781	0.00487293918832108
58626331	0.00746296673619342
58628510	0.00266545944409996
58630160	0.00277221913330416
58669200	0.0015951445670861
58673040	0.0078184434857267
58673460	0.00172684401029441
58673491	0.0015951445670861
58675431	0.00352279225625576
58675550	0.0015951445670861
58678881	0.0016397194642947
58680210	0.00258765890221287
58682160	0.0583937226428512
58682191	0.00172665265449267
58684340	0.00195239402437766
58685351	0.0024025875403323
58686061	0.00772642581739105
58687011	0.00189985212358673
58689590	0.00155553736144322
58694611	0.00424783045431655
58698300	0.00195239402437766
58699691	0.00327306604507755
58700251	0.045194006993746
58705870	0.0079408314019983
58707260	0.00195084123139168
58710420	0.521971154989687
58711820	0.00169138713578844
58713450	0.00420766410217269
58713600	0.0034686679692276
58713870	0.00184221246475854
58715810	0.00193190176449308
58718321	0.00204670503202941
58719141	0.202488402540095
58731001	0.0585009753258461
58732811	0.00595619607117573
58733081	0.0202915822226855
58735110	0.0111371577964898
58735981	0.00834582919413663
58738160	0.00156096868154157
58738970	0.0166084146151495
58739520	0.0028604570510634
58740480	0.00168044153580903
58741850	0.00180837052229449
58743250	0.00965906837634297
58743640	0.00156096868154157
58743711	0.00797294778434296
58745880	0.00275248594787222
58746311	0.00156241468314722
58751780	0.00785893453991665
58752210	0.0161325611708532
58753190	0.149862969736619
58756381	0.00160546143595618
58757201	0.00158348298842786
58765440	0.00174165304702187
58771151	0.00195848089735862
58772651	0.00414048391385679
58772920	0.0435418195187068
58774270	0.00479679587341407
58774680	0.00177477294415737
58775090	0.00825849209988188
58776900	0.0015951445670861
58777361	0.0015951445670861
58778321	0.00183074133067291
58780340	0.00165243778535059
58780740	0.00162710925714171
58782031	0.0316793520953665
58782690	0.0033437897764802
58784381	0.00239530242935174
58785190	0.00161227503833834
58785320	0.00564170045434133
58785341	0.00540923038450383
58787910	0.00155237400725456
58790020	0.0701192150408521
58790311	0.00507349146514462
58791660	0.00219540115398495
58791961	0.00181000593047147
58793310	0.225827779764869
58795630	0.0167125960941307
58797450	0.0029389436097845
58803260	0.019836841357159
58891780	0.175491018914749
58979200	0.00465758395272501
58995890	0.0145261737235616
59001150	0.00218372634006155
59010291	0.0053424127563702
59081530	0.0019188128861081
59095490	0.0107063876298523
59100850	0.0223394626161698
59128440	0.0104295851058368
59170951	0.00773252769998134
59221970	0.0215976721114016
59241851	0.00257994451926706
59365770	0.143693157159334
59429131	0.00169142528998702
59437900	0.183714252616983
59475280	0.00274381615317276
59491700	0.00173529224033185
59508140	0.00165165427474745
59516701	0.00178572777129633
59524711	0.0029148081136034
59593111	0.0180626077026881
59606470	0.00164578737089213
59609900	0.0131757702229711
59658430	0.0110436519983243
59747820	0.00304229860545279
59800831	0.103912462695253
59886830	0.00493119972733901
59940121	0.0592334810841968
60118981	0.00275160116424245
60171770	0.005982705247431
60174950	0.00250772207473429
60178141	0.0101148369816522
60201010	0.00166778088809409
60246291	0.00186707299650758
60246360	0.00238767404357861
60262080	0.0825968932913381
60262421	0.00192110291971278
60268351	0.00194457517672028
60272720	0.0646640800230201
60292590	0.00764796558008739
60299590	0.00381702944092006
60300700	0.00169142528998702
60309120	0.00202521560616521
60324850	0.0233787021234512
60326541	0.00163341839173802
60336320	0.00168458556511659
60351340	0.0037132209760172
60379190	0.00182112188526885
60399210	0.00372565750913022
60404570	0.0035091488588097
60418770	0.00158773475608241
60439340	0.00163341839173802
60445930	0.00174332602989492
60449230	0.00174330752876723
60480850	0.00570159849309228
60544741	0.00169644134688847
60558050	0.0106726807235075
60576311	0.0204791671707802
60606791	0.00301122410851648
60636041	0.00165474382025239
60663560	0.00167841810943362
60711471	0.0064722783528544
60769900	0.0301496026474748
60817500	0.00182190076223389
60818740	0.00163553824814998
60819451	0.00226480778140816
60820510	0.00168458556511659
60821200	0.00171334525471389
60823441	0.00193559151072874
60826170	0.00242404730107999
60846570	0.00163341839173802
60849210	0.00193972845872539
60883581	0.00328263449250673
60885330	0.00186549817468215
60886170	0.0148097198945131
60886560	0.00316743347317953
60888080	0.00173825438230791
60889040	0.0016467441930184
60891301	0.00707724757451677
60892360	0.00180363346587951
60898170	0.00724160441960961
60901521	0.00162710925714171
60903800	0.00209741870641377
60908100	0.00667577688031567
60908411	0.0169987152732522
60911181	0.0101230594595388
60913320	0.0029416763578329
60915301	0.162916139036885
60921241	0.00752857513439343
60923571	0.0057292010265804
60924230	0.00640898108831303
60924800	0.00161110949403304
60926331	0.00629288285091181
60928141	0.00485001999407089
60929521	0.0140937340152203
60931400	0.00910920659047126
60934051	0.00261932762713967
60936490	0.0016397194642947
60937511	0.00201033112441511
60940210	0.00178781736666578
60941931	0.00200486100537782
60943311	0.00591906766602344
60945111	0.234116218514083
60948490	0.00186079098188769
60949040	0.0567488077552629
60949180	0.00163308848355139
60951120	0.00159986113824424
60955451	0.00526923689744173
60955520	0.0214479092699771
60958751	0.00803158731787617
60960660	0.00301622479178566
60961180	0.00594334493372689
60961890	0.0030898196257664
60964490	0.00206128905499904
60965480	0.0032280279461409
60970030	0.00179746734702669
60972790	0.00180889274197052
60973771	0.00311851190394947
60975841	0.00156559846566682
60975861	0.0120696967287693
60977070	0.0185200649514743
60978150	0.00311090371573187
60978730	0.00952188572992242
60981931	0.00545105750195038
60984920	0.00175571596721313
60986010	0.00187964017855449
60986440	0.0015951445670861
60990440	0.00230199626929628
61000121	0.00187975527811949
61001440	0.00225468469041864
61001911	0.00763069793408573
61005440	0.0024055760321335
61007380	0.0258631985333954
61008240	0.00208912475191447
61009730	0.299354133402491
61011940	0.0017573105009859
61012070	0.0015555393404284
61014020	0.00299062274879457
61015291	0.00568285857851423
61022751	0.00247579402898278
61025190	0.022241844046936
61026690	0.00157604308015066
61027260	0.0029753554713949
61035141	0.00251951812387564
61035721	0.00932986963608432
61040210	0.00195117570883459
61042471	0.00274414846891375
61043380	0.0015951445670861
61044070	0.0049153423844124
61045310	0.00720577339461311
61048750	0.00273516620913032
61049081	0.0015951445670861
61052661	0.00172368060401376
61054130	0.00344306534461376
61056931	0.00161790414290756
61057911	0.00156241468314722
61058751	0.00185254640651298
61060661	0.00161790414290756
61061710	0.00158602379144527
61061921	0.193035751870455
61062000	0.0345539658669585
61063441	0.0716647800090028
61066020	0.00812575093796863
61113980	0.00160116227445782
61117720	0.00161110949403304
61118451	0.00165272848437065
61121600	0.00258367656442526
61123281	0.0015951445670861
61126051	0.00271713581442025
61127021	0.00527821131337148
61140111	0.00182042420256122
61147151	0.0015951445670861
61149710	0.00169644134688847
61149901	0.00161790414290756
61150290	0.00167603087550928
61150670	0.0134628356378839
61153580	0.0271953434267886
61155100	0.0102996423708946
61157010	0.55711267109858
61161050	0.0015951445670861
61162540	0.00213207906988958
61165980	0.300246921432221
61173580	0.00208217832803477
61174031	0.00203777044421842
61179530	0.017284300365487
61185751	0.0015951445670861
61186560	0.0121191131453991
61187380	0.00176950121227051
61191660	0.0339341102087434
61192190	0.00212588745552016
61192251	0.584126561099549
61192760	0.00658662624565299
61192910	0.00161238733500841
61194161	0.00419872795727509
61194670	0.0361281128941931
61195500	0.258969849854995
61196521	0.00480189895647942
61197201	0.00253351216059348
61197481	0.00207937761924444
61198321	0.00172381651995172
61201331	0.00691670237009965
61203910	0.00863063447146275
61205211	0.00172804500037873
61206171	0.00162710925714171
61214000	0.115921631986828
61216381	0.138640836921897
61220200	0.038751245318058
61221550	0.00422048098156113
61221980	0.00156096868154157
61223940	0.00160742622888043
61225560	0.00242231695984863
61229040	0.00164226960011966
61229140	0.149229988133559
61230960	0.0023309837107322
61233180	0.0205701730748411
61234660	0.276655415946443
61239480	0.00194233205350501
61241201	0.0232096019360708
61243090	0.00432282720921064
61243490	0.0339737321753141
61249321	0.152492882853653
61249450	0.00427306963091493
61252320	0.00160546143595618
61253690	0.0259053797358962
61257601	0.00161790414290756
61259510	0.0294440513922602
61261690	0.00161790414290756
61262100	0.00749235841378874
61262171	0.00156970651349801
61263210	0.00155237400725456
61266280	0.0178166381586708
61266561	0.00158277375645692
61267251	0.00163572924057256
61269710	0.0120373730883409
61270420	0.00187677933228196
61272310	0.00298507541949309
61274250	0.00155237400725456
61274390	0.00261096307884523
61276350	0.00162710925714171
61276480	0.00780169951888704
61284070	0.00166822108291996
61284231	0.0015951445670861
61285331	0.00167784296912929
61285601	0.00284962504876792
61285761	0.00605432224969726
61287200	0.00446372536922271
61291930	0.00169644134688847
61293751	0.00397295783332527
61294690	0.00155553736144322
61294981	0.00201704636856159
61295131	0.00191545958073405
61299661	0.00939925975729341
61300211	0.00197130190618554
61302130	0.00179734217946632
61302940	0.00173883285171997
61304091	0.00173027295985958
61306021	0.00275212601314392
61307131	0.00185328203386644
61307210	0.0625735269082253
61307821	0.00158023815174037
61312740	0.00290729897093368
61314370	0.00161790414290756
61314831	0.00448220744264905
61315521	0.00176067880117582
61317820	0.00329519180049825
61318240	0.00173259325452057
61318550	0.00290953699242405
61322820	0.00157753162078369
61323271	0.0644883645427814
61330780	0.0170385000250381
61330790	0.00314231249797575
61331090	0.00215719670307803
61331350	0.00183378574032643
61331510	0.00304627490312896
61332221	0.0027829306265925
61334380	0.00252048043716099
61337030	0.00213326912421295
61337731	0.00228039700041695
61339090	0.00178108946231028
61340300	0.00179456645854458
61342240	0.00173505043526123
61342831	0.00432307007295514
61349570	0.0141564129145058
61361290	0.00378697127843636
61373260	0.00294729114499273
61391801	0.00173075705930673
61401420	0.00180674620980754
61404221	0.00254310967021953
61407261	0.0018595715524046
61409830	0.00161790414290756
61414520	0.00182685895514696
61420891	0.0015951445670861
61422250	0.00219707074399418
61428040	0.00265758460153708
61445940	0.00373084836794035
61445950	0.0018421327763719
61448631	0.00273972219260277
61451040	0.00310843627271224
61451251	0.0224230258641547
61453731	0.0287971952509891
61454810	0.00204233182599541
61455360	0.0486220355970353
61455480	0.00282921561125585
61457430	0.0189154028696167
61457660	0.00182421482320706
61458401	0.00162710925714171
61458681	0.0177033110574044
61461301	0.00192931988771673
61464700	0.0048609436499846
61466230	0.00162710925714171
61466630	0.0556832709458792
61468761	0.0101445566802338
61470141	0.00255089296074687
61470250	0.0017669181711052
61470390	0.00310401596242835
61471080	0.00213883405159708
61471921	0.00278676931791978
61472700	0.00203564996675581
61472850	0.0401738891745239
61476020	0.00173897263039201
61479630	0.0500099561413462
61480430	0.00512982720277966
61481441	0.00163153721855732
61485000	0.00159860748902245
61489311	0.00295004634474233
61492580	0.00181990321284131
61492600	0.0232520575581091
61492621	0.00608813808740285
61494250	0.271197730084656
61494530	0.00202713182886179
61494561	0.0075005099793312
61497311	0.00812538008743302
61498080	0.0019616820141069
61499040	0.55218301155687
61504891	0.0017449944856769
61509700	0.00677112635891372
61510110	0.00163508293446851
61511770	0.00409795136256905
61514121	0.00791817935764052
61521021	0.00180270485740447
61523590	0.0065749809299224
61523911	0.171857157467061
61527081	0.00245410413199667
61527750	0.0524036653914167
61528310	0.00350583023522998
61530240	0.00317149733885544
61533390	0.00908309421622175
61533530	0.00339660562577009
61540280	0.00168894052526636
61540690	0.00516346359041251
61541000	0.00161227503833834
61544000	0.00924032317202343
61544720	0.0593251637810534
61544751	0.0028966393569237
61545520	0.00465637135068198
61547880	0.0319762545562611
61549441	0.115074743444174
61551190	0.0236940053743544
61552980	0.0020330736695492
61553000	0.00206936181150475
61558070	0.00409050508369651
61560300	0.00158201751917874
61561670	0.00173633875045228
61563590	0.0147603125797447
61564270	0.386328671847928
61565110	0.00477453730723362
61565410	0.00485024367256645
61566100	0.00164458243604081
61571870	0.120885732317778
61572150	0.0141433259040197
61575241	0.0109794461021485
61575860	0.0070538553699485
61578930	0.00215910783521999
61580761	0.00542347679871675
61582350	0.00191564847009902
61595170	0.00172367023579523
61595610	0.0017085261538205
61598060	0.28679830396615
61599720	0.00356641354635826
61602200	0.00184013084715215
61606620	0.0116701351347257
61607921	0.00605454714532968
61608690	0.0031939472232455
61611101	0.00200738662484788
61611190	0.00350195854553601
61611491	0.00693542783166192
61612000	0.00287317839986229
61613031	0.0016654976933061
61614391	0.00235970983770163
61614750	0.00368252469530238
61615600	0.00155237400725456
61616061	0.00198624571950772
61617851	0.00290532334167162
61619361	0.0415736648771879
61620311	0.00160546143595618
61620830	0.0403339483938227
61621410	0.00241769309744376
61621441	0.0122551645567975
61624181	0.0164263897092032
61631491	0.00195766370031917
61635990	0.00183336419605145
61636201	0.0196347959260974
61637540	0.00158348298842786
61639921	0.00435261680332165
61647300	0.00492704737474244
61651590	0.00987686843466302
61655190	0.00226026025011053
61656820	0.0015951445670861
61656830	0.00172804500037873
61657841	0.0180081622423912
61661950	0.00156492173366445
61662350	0.128264576412003
61662470	0.0385922642026915
61662521	0.00162717392609449
61668560	0.0215465087919184
61669250	0.00178869839283044
61669841	0.00449862010061136
61674350	0.00430055574535946
61677961	0.00169483328349364
61679880	0.00567132838971566
61682251	0.00156241468314722
61682370	0.0067514794426243
61682780	0.00211313603824114
61684601	0.0133310582271747
61687641	0.0021910627689537
61689851	0.00168052576791964
61690401	0.00483012070481859
61697080	0.00419289873936172
61697940	0.00525945705156127
61698200	0.00507776132495357
61702210	0.015071221696435
61703891	0.00268441205425771
61709431	0.00158348298842786
61715180	0.00161469648484283
61720191	0.00413977856176267
61722900	0.0017573105009859
61723190	0.00802582571142744
61724710	0.00536650053560661
61728000	0.00178065859626884
61728130	0.00162710925714171
61728260	0.00160959599796996
61730531	0.00639474150991489
61737100	0.00319221382124753
61739071	0.00166932792731658
61742091	0.00186199556923767
61742220	0.00200860219298886
61744560	0.144339386189733
61746791	0.001769208441892
61747351	0.00243916361291615
61750531	0.00158348298842786
61753421	0.0034697975653965
61754900	0.00668275658036588
61760800	0.00336181972549805
61761981	0.00528491398502286
61765681	0.00161136124033963
61772451	0.0145722962122276
61774910	0.002309895315268
61775201	0.00168458556511659
61775481	0.00206432324545094
61776721	0.065985256408804
61778641	0.00161268769980449
61779751	0.00173858593535725
61781350	0.00208544352937307
61782060	0.00486278266526215
61784700	0.00160982124689787
61785780	0.00164458243604081
61790470	0.00864536990094257
61796670	0.0865183523600149
61797900	0.00178332756116791
61798460	0.00156008272409754
61798641	0.018299498998046
61799560	0.00161790414290756
61799730	0.00231803940519119
61802330	0.0015951445670861
61802340	0.00940364472203566
61802371	0.00308504763909926
61805490	0.0127393157077606
61805500	0.0297485599052823
61806860	0.0021235363529466
61810101	0.00291657085809596
61811720	0.0167820760974374
61812130	0.0184414135654263
61812451	0.0015951445670861
61814080	0.00178498991277125
61818460	0.0231390052456937
61818771	0.0019142123503452
61822111	0.014979760219169
61824410	0.00155237400725456
61824550	0.0648344963735516
61825271	0.00361753119985192
61826050	0.0170228810903505
61827550	0.0155418263999548
61829421	0.0348533380675744
61835410	0.0169980136792157
61835601	0.00293564293258439
61836420	0.00159769547950879
61838180	0.00163167753974942
61838890	0.00161790414290756
61839611	0.00156492173366445
61843321	0.00421998976959915
61848851	0.0015951445670861
61849121	0.311202848969
61849220	0.00160546143595618
61850040	0.00842731917039064
61851420	0.00169688012562359
61853090	0.0169171931050128
61853760	0.00304936467701317
61855010	0.0214891670909368
61855980	0.00163341839173802
61856861	0.00162710925714171
61857620	0.00581320664782755
61860431	0.00172759910728346
61860650	0.00174170233584193
61863731	0.00279382993684813
61864960	0.00314899793311529
61865251	0.00160546143595618
61869780	0.02922912152835
61875321	0.00523159068665684
61876281	0.0602834418975762
61876510	0.00184893087696266
61876820	0.0336974116975412
61877671	0.016441036603946
61878190	0.00406092058569394
61885070	0.00165232281668298
61889490	0.0018587617284925
61894190	0.008196416570791
61894771	0.00362042066835727
61895741	0.271709326819601
61897100	0.00257233389951754
61897650	0.00276994860161432
61899860	0.0169416187758359
61902180	0.0206826724266551
61902771	0.00186044989051428
61905920	0.00174385487330116
61913630	0.0193591054920149
61914190	0.0165010613405736
61915341	0.00155237400725456
61915881	0.0028516851819773
61916711	0.00184984236139451
61917931	0.00248782022521587
61920841	0.00204409090533463
61923280	0.00668764539780795
61923400	0.177125179435067
61926040	0.00288693170941957
61927140	0.00203538247627417
61928441	0.00212652975965964
61929541	0.0200581777502951
61929801	0.0043985730151925
61930330	0.0748623313885626
61932820	0.0195473908202065
61934720	0.00215656316967444
61938860	0.00413255397629417
61940431	0.00166782207502304
61942160	0.00282900210822646
61947970	0.00161136124033963
61952510	0.00163328494023268
61952991	0.00174686435273067
61955191	0.00275815227636145
61956540	0.00190189076376844
61957811	0.0714524193099649
61960260	0.00189147168457951
61961050	0.0016543543890688
61963400	0.0015951445670861
61970160	0.00155553736144322
61971950	0.103298432041684
61973050	0.00161136124033963
61975710	0.00758325367751611
61979570	0.00161136124033963
61985801	0.00331910759531735
61986870	0.0826345628928373
61989620	0.00272771998958342
61989661	0.00407743712153866
61992360	0.00157017318116761
61994221	0.00311564303752065
61994310	0.00443319411096155
61996500	0.00476084042466746
61996950	0.00267564475838099
61999191	0.00204340979679306
61999410	0.00238116675064578
61999820	0.00184299184381593
62000090	0.00185722543911259
62001811	0.00156492173366445
62004940	0.00213046238281412
62005231	0.00183437203994561
62006310	0.00201219998090859
62006860	0.00207101259173598
62006901	0.00314498901072085
62009651	0.0019709693011217
62010771	0.00198338605354006
62011991	0.00897753233365965
62015191	0.00162544562976592
62016260	0.00346048456398138
62018501	0.017099961325339
62020930	0.00878638013764048
62021190	0.00342512014990185
62025190	0.0173282808456515
62027150	0.00201229691863242
62027991	0.0650146838509759
62028520	0.00569476835452329
62032841	0.0173326558899311
62032920	0.00849393759568683
62035140	0.173663030730864
62038580	0.00186723534895209
62038720	0.00342479989543148
62046491	0.00162710925714171
62049040	0.00310742590160738
62049610	0.00167600819880912
62051851	0.00337465697254778
62053231	0.00160415752258067
62055290	0.00299582879855346
62069060	0.00217784905829559
62069371	0.00415904037333821
62069791	0.00179246164696421
62076151	0.00175238591089566
62077450	0.00186779911983532
62077941	0.00502662156332325
62078010	0.00227081603165741
62080121	0.00165231531840335
62086331	0.00231007823351236
62089391	0.0227874341886332
62093381	0.0163119065756525
62094201	0.00346552698113059
62096691	0.0015951445670861
62098590	0.52744889693136
62099321	0.0024173676659304
62100691	0.012004853002899
62101371	0.00226799882871558
62101641	0.002028085991909
62102320	0.00211500259322635
62103851	0.00587006666703836
62105111	0.00274276766970983
62106690	0.0015951445670861
62108080	0.00318545048612365
62108910	0.00164835245145383
62111841	0.00505140282243673
62112271	0.0160435974672396
62117860	0.00156492173366445
62118420	0.00155237400725456
62126761	0.00272619251487643
62128281	0.00696298648984793
62133870	0.00259860488002242
62134140	0.0232219485079044
62136370	0.0103316774439972
62143550	0.00159134593879413
62143561	0.00233841611906467
62146290	0.00202527733142534
62146850	0.0034761506037888
62148681	0.00216538785260843
62153501	0.00161110949403304
62154461	0.00162710925714171
62154891	0.00157985911777024
62156271	0.0358537330895647
62157580	0.00157985911777024
62157641	0.00394705746024769
62158621	0.00275343981668004
62159670	0.00175729114507346
62162130	0.0208189784920729
62164360	0.0061813235330791
62167021	0.114912936158567
62167140	0.00755987992815364
62167830	0.00160546143595618
62168910	0.00951970039405958
62169921	0.00343351854340228
62170621	0.00158602379144527
62171260	0.00343168700541066
62173911	0.00239530242935174
62175031	0.00442166000874955
62181320	0.00544160466438285
62181610	0.0203756801039039
62183571	0.00187564568514169
62187161	0.00162971120320054
62187291	0.0024488983556454
62192100	0.00160914393839737
62194751	0.00161946470570261
62195701	0.00167841810943362
62196360	0.00238320053778331
62198871	0.00162710925714171
62199701	0.00158348298842786
62200100	0.00319900042728476
62201320	0.00190891937304445
62201990	0.00236259947811667
62204111	0.00310871453993837
62204271	0.0239785900943301
62208330	0.00207124460934049
62208650	0.00213404018088599
62211011	0.00162710925714171
62214201	0.232416466546699
62214680	0.00162270252137233
62217720	0.00733104370516173
62218160	0.00216543910226632
62218300	0.00156096868154157
62221610	0.0222148167651465
62222871	0.00186170320811397
62224370	0.0128391417533423
62227120	0.0150066217827161
62228951	0.0803305541941013
62229081	0.00484158202331922
62231581	0.0017893651863048
62232681	0.0160394489718186
62242871	0.00158670963428244
62242960	0.00161790414290756
62244541	0.00342728870615023
62245720	0.00155237400725456
62248210	0.00224381263820427
62248931	0.0649878881884641
62250871	0.00212050908929779
62261470	0.00171986130721864
62264090	0.0831380517700465
62275920	0.00804758855763186
62277720	0.0102745451260615
62278191	0.0117176574500744
62279271	0.0111729053532004
62280661	0.0140340016919541
62281641	0.0635178999335949
62285600	0.00183594558067625
62285771	0.00156241468314722
62287220	0.424743698439517
62291360	0.00433089020996068
62294980	0.0426813973090342
62298690	0.00158348298842786
62299660	0.00233242265718719
62303930	0.00173388958037877
62305990	0.0122017292889915
62306250	0.00205000299629673
62306970	0.00162549654285555
62307510	0.0567308582752771
62307790	0.00174877613460895
62309430	0.0170737944061096
62309501	0.00832803592155903
62310410	0.00177830499970799
62310540	0.002384740403997
62312080	0.00162270252137233
62314601	0.00162971120320054
62317471	0.00164835245145383
62319940	0.00638169295316205
62321290	0.00160115323898541
62322301	0.0176022970836759
62324500	0.0016544029010572
62324890	0.00156492173366445
62326270	0.00183650170377903
62326591	0.0271222524472474
62330031	0.0018080597197842
62330110	0.486757911504511
62331421	0.00204195936350435
62334451	0.102526171773593
62336231	0.00603275740314443
62336801	0.00160546143595618
62337570	0.593852022708755
62338021	0.462917824118962
62338451	0.181336133758447
62338970	0.00615214396176432
62339151	0.00158773475608241
62339271	0.00225954733776294
62339910	0.00176196183060429
62346031	0.00178136965867869
62353430	0.00174379754349557
62359520	0.00165986749979307
62360921	0.00183135939093108
62368330	0.00471901261259379
62370950	0.0217773072011905
62371090	0.00170075014128097
62371691	0.00577288926628
62372931	0.00680821557612781
62375780	0.181269441276255
62376391	0.00179999736929266
62381481	0.0180157675502457
62385040	0.497145481830613
62386861	0.0129197451372302
62388060	0.00176960318169594
62388630	0.00180570853493132
62391240	0.00451991419998759
62391971	0.00165272848437065
62393331	0.0144654320711344
62395070	0.0497553850556816
62396791	0.00442318289400072
62401450	0.117208123145351
62402270	0.00161015244414724
62402871	0.209304797549331
62404521	0.00156492173366445
62406670	0.00160546143595618
62410441	0.00352721093400957
62415090	0.0953713817176144
62416241	0.0185455017637065
62418711	0.00165811543236703
62419100	0.00423372396661654
62422280	0.00163190678420504
62424730	0.00270048446925268
62425020	0.00162710925714171
62425410	0.00239011954855038
62426120	0.00369240726838421
62426171	0.00321750266007521
62426420	0.00412440497714116
62431121	0.0036059940618888
62434650	0.00342280358819071
62435691	0.0147162048544695
62436170	0.0130522405166407
62437611	0.00224121941918198
62438670	0.00456578854322729
62439111	0.0271613317804919
62442110	0.0352530865452584
62442441	0.039011282261027
62444460	0.00261784704281023
62444760	0.00506535685422729
62446161	0.00337350518848772
62454431	0.00492591817429
62455750	0.0134031445154388
62457030	0.00434364728691692
62457820	0.003522533495002
62458680	0.0145811912755269
62463671	0.00668622096605861
62464330	0.00164458243604081
62466711	0.00534320130030745
62467910	0.0800111097835272
62469591	0.00161136124033963
62472631	0.00443705016496352
62475780	0.00160546143595618
62476740	0.00426620160200936
62478950	0.00169142528998702
62479890	0.00373626373554742
62482650	0.0250160064906799
62483360	0.0234710894447188
62487541	0.00162710925714171
62488200	0.00175020481895138
62488371	0.001765568335158
62492211	0.00320275617169402
62493170	0.0017814888604861
62493871	0.00160546143595618
62494281	0.0182698119897627
62500190	0.00185814695659994
62501160	0.00635809969929728
62501181	0.00272124135367879
62502960	0.00180096572702596
62503090	0.0335682678128052
62503510	0.00350959916779357
62504221	0.00209170517231547
62506011	0.0016299938101375
62510800	0.0996602338805188
62517030	0.00162710925714171
62524901	0.29224442768761
62527661	0.00682331250831094
62532330	0.00930782386699047
62532491	0.503976538414993
62533020	0.00959370878006436
62533280	0.00408983839285976
62535200	0.00255135420282683
62535821	0.0031300397916478
62536030	0.0222668018106302
62539230	0.0129534044292189
62545970	0.00620527959006706
62547330	0.00196087705036189
62547770	0.00307857990668983
62556020	0.00299125727718611
62556460	0.00166047321887713
62564580	0.00162710925714171
62567111	0.00168567524658654
62568020	0.0679706583723856
62571210	0.00590539818431716
62574530	0.272691015719219
62574961	0.00167560367798885
62575801	0.00209421585176404
62579360	0.00557967285262007
62579931	0.00194773857851297
62580870	0.00508180158795894
62586281	0.00161716324682733
62589301	0.00749460122583085
62592600	0.00232476500903531
62593430	0.00160546143595618
62594281	0.0117099174485566
62597410	0.0347187829255587
62598701	0.00173842412129475
62603200	0.00164458243604081
62605390	0.00283940922776587
62611480	0.0162933783126854
62612030	0.00160546143595618
62615091	0.0446752290666449
62618530	0.00484046376064909
62618790	0.00171231494165556
62621570	0.0985167773672416
62623121	0.00233027935330021
62623220	0.00412168321838509
62631651	0.0017031512339704
62632720	0.00158602379144527
62633441	0.0158270948331521
62635480	0.00162710925714171
62639330	0.00359035697614679
62639391	0.00256063048947144
62641680	0.0154165838702372
62642551	0.00873156447455111
62643511	0.00156241468314722
62645830	0.0134539584670708
62649861	0.00183169899470516
62650131	0.00204195944566315
62653290	0.00270247637795031
62657161	0.00228661346367108
62657410	0.00171123996045301
62658821	0.0227341122641322
62658971	0.00162710925714171
62660440	0.00165702373424667
62660450	0.00167603087550928
62661311	0.257374808532189
62661560	0.00161041084582501
62664761	0.00178628341059997
62666811	0.00160546143595618
62673540	0.163347771198891
62673820	0.126712886330326
62681400	0.00544774362923531
62686210	0.0579868102595099
62687101	0.00338719539924826
62689161	0.00271494339968907
62690770	0.00623383121216973
62691320	0.00169581575928118
62691931	0.00201116835225171
62692191	0.00180450980315752
62702110	0.00262470328213175
62702790	0.385333853996422
62702920	0.00482679820866093
62704611	0.00242282096760627
62707200	0.00165114420052948
62713041	0.00158277375645692
62722131	0.0726005004295305
62726520	0.00161765776580775
62730080	0.00377876462224417
62730531	0.00160546143595618
62733800	0.00657335471508659
62735350	0.00399264547620334
62739460	0.00277217634310635
62740061	0.00525617828393324
62740970	0.0128874043795603
62743381	0.00161015244414724
62745171	0.00381041640680617
62745571	0.0465308798225818
62747070	0.00190875028441706
62747620	0.00164835245145383
62749311	0.00374969154022764
62751631	0.00417392727390923
62752020	0.00181817361614883
62755590	0.00252268489949027
62758811	0.00168217619565259
62760420	0.00338520025974701
62761650	0.00744317197358429
62762920	0.020814912156005
62767320	0.00654681411869819
62769301	0.00571999291261606
62771371	0.00166598110108393
62775081	0.00194403219811308
62775450	0.00184823508649021
62780710	0.00170033004039975
62781550	0.00993913613012219
62788270	0.00686830907872589
62788751	0.00293748274273902
62789510	0.00168049300507542
62793711	0.00163876048422519
62794480	0.0061999100599328
62794500	0.00169142528998702
62795050	0.0249884242046704
62797281	0.0625110557791547
62798210	0.00225468469041864
62800140	0.00158348298842786
62804280	0.0110176854781536
62804311	0.016591869411905
62806090	0.045462602566486
62807990	0.00219965199306478
62808321	0.00165114420052948
62819180	0.00175012566837001
62819850	0.00340374340253027
62821831	0.00494505557351658
62825701	0.0018312953513469
62827221	0.00191154961585009
62831430	0.0101722618644195
62837281	0.00282341164805482
62837500	0.0439199687466654
62840850	0.00251491609812242
62841120	0.0160970449048936
62842330	0.00301747159879275
62843020	0.00162710925714171
62845141	0.0176459093935235
62846101	0.00274855243368777
62846910	0.00260708189554876
62847641	0.00264587488826594
62853640	0.00175838535437857
62855740	0.0017325200301277
62858651	0.0102391160165905
62861360	0.00159311409135078
62864980	0.00522646224607946
62868010	0.00163341839173802
62871771	0.0175164848333291
62872321	0.0148292091794314
62880010	0.00162910769111209
62880051	0.00199029957730103
62886200	0.00357477614702115
62886391	0.00206734471527988
62886740	0.00158810363078656
62897640	0.0018141032813411
62901571	0.00240929895342894
62902340	0.00324217062716494
62905120	0.00303664446447793
62912980	0.018181107787043
62913691	0.0032776490585162
62914200	0.00290004498083436
62915170	0.00163227403765047
62916800	0.00543871261787752
62919450	0.00306470548636582
62923170	0.00552706982788591
62925360	0.00262920696263479
62929510	0.00172236514692388
62931191	0.00795171012479258
62932041	0.0172779368706954
62937660	0.00182885137026288
62937971	0.00167314078672418
62939440	0.00168382996452019
62942870	0.00396584961068393
62945520	0.00166822108291996
62945561	0.00247485653849123
62947730	0.00163603918811246
62959560	0.0138087662398768
62960321	0.00189909327320592
62964571	0.0193523555545494
62965650	0.00205959274768399
62965760	0.00328267571188601
62965780	0.0026173883537045
62965790	0.00206981804561773
62966460	0.00162853868865659
62967621	0.00210364662379131
62968270	0.505238876328279
62969650	0.00185616415080299
62979560	0.00165049716593157
62980301	0.00276307232170669
62986060	0.00205221867260064
62987850	0.00168815053181618
62996851	0.00176007732737072
62997961	0.0323602987007068
62998620	0.0614005277916782
63004530	0.00158487415467686
63006511	0.00181508715150998
63026470	0.00163227403765047
63026870	0.00162853868865659
63030091	0.0208022887486662
63030610	0.0359935485281238
63032670	0.00182160658092556
63034511	0.36307916285486
63050600	0.025700079915407
63056171	0.00214335211286288
63071570	0.00198044826959313
63071980	0.0027075050291442
63073961	0.00481035830378194
63074221	0.00542359097186126
63076780	0.00241085704616018
63077760	0.00204856145082476
63079461	0.00160882209343495
63080421	0.00273225114645396
63080810	0.0549508666994232
63081521	0.00185184694434762
63083881	0.0023263798902233
63086221	0.00313493402297004
63086470	0.0339178694959447
63086750	0.00167040546389689
63098310	0.00240876973215393
63099420	0.00168214665074183
63104810	0.00163268683059135
63105080	0.0522301265993703
63105880	0.00158487415467686
63106860	0.00264673548905343
63107720	0.00317757432187806
63109190	0.0017808601631735
63113251	0.143673378549034
63124940	0.0018440386216824
63124971	0.00182794645076152
63127041	0.0030943823741323
63127051	0.00207788682440737
63131820	0.00181576107343908
63138621	0.00608094468609174
63139830	0.00169296543104246
63140230	0.00495593036700228
63142071	0.00506162539661663
63142170	0.0246230419014662
63142750	0.00267185022667423
63143680	0.00274270291884645
63145920	0.00554187629438531
63146710	0.00208707847923069
63152561	0.00396364157956024
63152711	0.0044128316253603
63152930	0.00478181286200339
63155160	0.0370462690638365
63155191	0.00235947510311497
63157500	0.0215577406447179
63161780	0.00173711562638833
63168540	0.00167038685904844
63169900	0.00165049716593157
63171591	0.0033031002546419
63171680	0.00179929351213613
63172400	0.0016105576126631
63174611	0.00185669934346056
63177651	0.00238178325572819
63182361	0.00254552945425844
63183721	0.0183498690557244
63186860	0.412701014073116
63191000	0.00448217029978835
63191550	0.00267195083739772
63194631	0.00165656219454994
63196780	0.0028386094135023
63199321	0.00165801710380769
63200950	0.550810772622487
63209241	0.0261934199018432
63211280	0.00253942295118765
63215960	0.0019548464225834
63215970	0.00187174130984972
63216981	0.0148327145363472
63225791	0.0276612265926017
63228271	0.002044133783633
63228541	0.00314720843156023
63230280	0.00353059216744633
63233880	0.00183265053161044
63234570	0.0368121448324588
63234751	0.00163603918811246
63237251	0.0033991399345319
63240821	0.00200799134608502
63241480	0.00197294056366355
63248110	0.00188271996587755
63248230	0.00179503560160151
63248350	0.00174886363421597
63248900	0.0153931224193829
63251000	0.00209057475713369
63251270	0.00256255399919579
63253070	0.0024155699029842
63255431	0.00260754653620938
63255700	0.00170635599401301
63256080	0.00236275550975687
63256220	0.00167204519644702
63265661	0.145572864643748
63266351	0.0045581758143444
63270450	0.00303531283789864
63279851	0.00179030366118928
63281730	0.00284150579718655
63283420	0.00217374050686417
63291280	0.00168452933661495
63291291	0.0044467544521505
63297610	0.0579204014866915
63297661	0.00196361956873835
63300251	0.00167841810943362
63305521	0.00177474564639307
63306020	0.00167841810943362
63306181	0.00173529224033185
63308230	0.0102528415901659
63314830	0.055247112602162
63315991	0.00183055032226572
63317030	0.00296278012065249
63318820	0.00474489789471714
63319950	0.0332073665585638
63321310	0.00271358916222274
63321330	0.00250230944431975
63323820	0.0052681253793688
63327110	0.00169644134688847
63332780	0.00198835456177238
63332930	0.00165138175734279
63334290	0.0092543177107891
63335380	0.00500833313928073
63337450	0.00364297381999656
63341600	0.00353931419199036
63342270	0.00184130791501045
63343370	0.00167841810943362
63347011	0.00416938745834397
63349040	0.00235309628038953
63351390	0.0097611258597067
63352661	0.00257519795840495
63358150	0.0229746121924881
63360480	0.00170400569905594
63360930	0.00163603918811246
63363370	0.00176125121716016
63369620	0.00553750187305279
63374041	0.00241410026860747
63375930	0.0309194389190635
63379851	0.00168458556511659
63381511	0.00198304099449173
63382061	0.0126717860368376
63382601	0.00242223675952368
63383100	0.00247918380678774
63397710	0.00191182038210425
63401050	0.0971620889660664
63401071	0.0348610028357106
63401511	0.00923550828115808
63402871	0.0117256434742776
63402960	0.00163341839173802
63414120	0.0150116660780794
63414440	0.00338997446640026
63416261	0.00163190678420504
63417040	0.00167841810943362
63418400	0.00169644134688847
63418410	0.0472581303952275
63421621	0.00176052768313898
63422550	0.00168458556511659
63422820	0.00168458556511659
63425030	0.00279392732683836
63426591	0.00452118467194816
63427271	0.00181576107343908
63440360	0.0104321066360257
63447701	0.00219847369893823
63449050	0.00178458468390615
63449351	0.00324022988300734
63449600	0.00182983066527926
63451120	0.262818990547386
63458710	0.011199572828413
63461190	0.00280616159507299
63463691	0.00246144697962469
63465460	0.00163190678420504
63465491	0.00167841810943362
63467240	0.00173529224033185
63468060	0.00175218879429425
63472791	0.00212668277740517
63473560	0.0032602510582814
63480880	0.0022520723018243
63481621	0.00199635947483872
63481740	0.00167841810943362
63486161	0.0021598332912404
63486830	0.00170033004039975
63488350	0.00211914069050328
63490000	0.0020654629739188
63492480	0.0189247098515318
63492640	0.00464357034352516
63496050	0.00221974560091129
63501430	0.00446824461383377
63501730	0.00165165427474745
63502441	0.00177822223046219
63503650	0.00183378173740137
63509631	0.00187919408701334
63510250	0.0028261271892615
63510820	0.0022466019986185
63514940	0.00163674662360652
63515640	0.00167841810943362
63518871	0.00163603918811246
63519250	0.0164711440965072
63520620	0.0119919937751519
63525430	0.00235753482991662
63533491	0.00208338620035229
63534970	0.00168458556511659
63537460	0.00280489364025078
63538140	0.00250520110153758
63538721	0.00172274400243924
63539271	0.00181407011689642
63542431	0.00163603918811246
63542981	0.0396625772853206
63546950	0.00168110196644448
63548200	0.00170400569905594
63550311	0.00648156708963441
63551070	0.0031268944976386
63556111	0.00275731612863255
63559531	0.00170033004039975
63560320	0.00179883851927699
63560511	0.00202698119812044
63562171	0.013606384388646
63565331	0.00189585182899141
63567930	0.00167841810943362
63575541	0.00190708364000006
63575900	0.00216515271610031
63580760	0.00376686541232154
63584050	0.00223877378896392
63584350	0.0118130848574708
63584361	0.00167841810943362
63589560	0.0119421896294213
63590100	0.0121915551185031
63590841	0.00883119033676651
63592521	0.00163674662360652
63598670	0.00214252976103684
63599920	0.0947577031277154
63609461	0.00169142528998702
63609580	0.00181811971623332
63614421	0.00251470061364209
63617690	0.00231834902292281
63617850	0.00643083050959623
63617881	0.00248638913760159
63624091	0.00207662684428873
63635490	0.00163674870573835
63643411	0.00183645322742589
63643510	0.00230305155510798
63646100	0.00195003513628616
63646240	0.0213202050236005
63652610	0.00254356573475836
63653741	0.00644850875164097
63657341	0.00171685498391008
63658171	0.00186376992264023
63661321	0.00630686596833872
63662031	0.00934069443065335
63671900	0.00191437106564869
63675671	0.00167841810943362
63677260	0.00204149683313471
63677601	0.0326351175980948
63681010	0.00178379967498944
63687401	0.00253160824886588
63714411	0.00240611903142426
63913370	0.00883122775944876
63914210	0.00182983066527926
63927880	0.00171132802895468
63932450	0.00163674662360652
63951880	0.00331023764509957
63952410	0.00185264452280899
63975221	0.00167841810943362
64026330	0.00320924043109685
64028471	0.00295284357250113
64063911	0.00167841810943362
64112550	0.355042682742742
64120800	0.00172104181430264
64146101	0.272887220474752
64173080	0.00201033112441511
64181480	0.00163341839173802
64181650	0.00848787972475546
64185800	0.0316188609020243
64190511	0.00843125965466773
64197900	0.00959569646449386
64226040	0.0017980072696732
64236991	0.0376749616241323
64238600	0.00170400569905594
64289210	0.0234710894447188
64315020	0.00163341839173802
64374600	0.0265831457872447
64376001	0.0016989717521246
64404210	0.00540925363711753
64441340	0.0457562500256851
64507851	0.00363698915453865
64521860	0.00228267937460784
64538840	0.00207245669517358
64547930	0.00499411612245324
64553190	0.00169142528998702
64561231	0.00191258407191492
64585491	0.00289774706092633
64594581	0.00585115531619433
64627240	0.00232880117298449
64633040	0.00284198635433421
64635841	0.00281605619964572
64651691	0.00163341839173802
64674820	0.155145903332265
64676330	0.00213770773413843
64677901	0.00551490573137439
64680190	0.0391868238526915
64681071	0.00184971957097734
64713990	0.00181576107343908
64715920	0.0019642217648695
64726571	0.00209760390140927
64750400	0.00167841810943362
64752231	0.00226969944639855
64756070	0.0129207636902174
64765321	0.0114426543826023
64766950	0.00167841810943362
64771541	0.0104938689113272
64772730	0.00234099222627445
64774140	0.00189582073103429
64779340	0.00398883260521305
64781440	0.184658678663515
64783531	0.00170400569905594
64785130	0.00167841810943362
64792081	0.00169687551409036
64792170	0.00163603918811246
64793191	0.18468256990922
64795251	0.00167841810943362
64797051	0.00168994855400274
64799251	0.00266578492911858
64800990	0.00271995186217298
64805720	0.00176450678306335
64806400	0.00167841810943362
64809481	0.0706247050454155
64813430	0.00167841810943362
64815961	0.00228623277223752
64821150	0.00184649178982488
64823381	0.00473161612115348
64823811	0.00170074808240178
64824330	0.00169792573078913
64824850	0.0036752135350243
64828060	0.00169644134688847
64828740	0.00239912646255197
64829300	0.00239912646255197
64833051	0.01894148577415
64837020	0.00167841810943362
64838260	0.00168155763441163
64841970	0.00215279636461836
64843671	0.0619077943330896
64843801	0.00170033004039975
64844580	0.00168458556511659
64847340	0.00407054460209215
64851391	0.00163603918811246
64853010	0.00169644134688847
64853430	0.0253245324247979
64864221	0.00167841810943362
64865051	0.00191654995690525
64867931	0.00168458556511659
64870240	0.00163341839173802
64872921	0.00340312566180644
64874141	0.00273047563083222
64879541	0.00178755349481345
64893741	0.00180674620980754
64900180	0.025927653403285
64904911	0.0406605526496761
64905120	0.00753961123248903
64908470	0.00200302610118272
64912290	0.00244661451456532
64919511	0.00524306426865824
64921301	0.00199037350665988
64929960	0.00178975697551198
64930950	0.00229200408042637
64931470	0.0464569682713414
64932341	0.00167155788852168
64937130	0.00278644186286446
64937570	0.00192348372907699
64940860	0.00294226022164177
64941191	0.00213770434824025
64943261	0.00168110196644448
64945161	0.00189582073103429
64946001	0.0017980072696732
64946411	0.00470145751020577
64951391	0.00192141369660336
64954701	0.00163341839173802
64955371	0.00383757765339038
64956320	0.0259226687553771
64958151	0.00185791953241285
64959781	0.00196291544054945
64963740	0.00196160980304321
64970831	0.0125729510510988
64971101	0.00163674662360652
64973571	0.364434186047493
64980290	0.0438887472028135
64980570	0.032659817304313
64981120	0.00167841810943362
64982110	0.109003903775215
64982691	0.00167841810943362
64991391	0.00193043483870238
64992280	0.00576924457535337
64997530	0.00274054889011072
64997660	0.00567242813622684
64997851	0.00259850355548094
65002541	0.0019583217889913
65005000	0.00187523616577669
65005991	0.346264992669623
65006510	0.0038957153205194
65006561	0.00170400569905594
65012071	0.00172683717523174
65015620	0.0034861737840986
65023180	0.00212504773223156
65023190	0.00277217634310635
65024471	0.037811056781149
65027350	0.0018732894765179
65028180	0.00753453190673111
65032061	0.00374702392660733
65034800	0.00181352823805577
65042080	0.00198241983565423
65044000	0.00168590204499366
65045390	0.00323634565908455
65045431	0.0236950956051063
65049280	0.00599032957778794
65053711	0.0030518869342895
65056010	0.00174892805299284
65056020	0.00169687551409036
65056191	0.00562857437052673
65057571	0.0369903661276838
65058831	0.00167841810943362
65059030	0.0419061938561533
65061280	0.00195513007613675
65064621	0.00185750075228476
65066001	0.00163341839173802
65066080	0.00163819095350456
65068270	0.00168458556511659
65070100	0.0016562067178403
65072450	0.0990705889672112
65073790	0.00258127088613552
65075371	0.00299443213200085
65076341	0.0117695531258042
65077380	0.00267013566818246
65080061	0.00163341839173802
65081861	0.00168110196644448
65089120	0.0152679646574033
65090131	0.00167841810943362
65090661	0.0189104944553709
65090750	0.00401379493034177
65095990	0.00169190695320763
65102261	0.00262455465582143
65111771	0.0019775376664467
65112990	0.00546078300919819
65120690	0.00290893098267104
65122610	0.00165832109739429
65124720	0.00164683293934659
65126750	0.00543005310512699
65127990	0.0265712707501179
65129820	0.00204037687733177
65130620	0.00287168003556965
65136051	0.00346566742960626
65136840	0.00217877747462215
65139310	0.104816176408109
65143200	0.00649621251225992
65145380	0.00188260271771337
65149260	0.0018273295934499
65150510	0.010940850001506
65151071	0.00178899489365799
65157291	0.019992095898468
65158190	0.0021336225145118
65158210	0.00251321701209591
65158330	0.0225411283548708
65159050	0.00329858862476596
65159180	0.00820062049584116
65160061	0.00233832923926059
65160410	0.00499122122259601
65164471	0.00167841810943362
65165270	0.00168332193078739
65166880	0.00169644134688847
65167590	0.372824823709404
65169670	0.00350406652784587
65178620	0.00698484410214979
65182610	0.00276567599808124
65182640	0.00188260271771337
65185400	0.00550767685890774
65185981	0.0118831060673878
65188191	0.00169521506046977
65188400	0.00190786858886776
65194610	0.00244661451456532
65195081	0.0021019760357874
65201271	0.00169195399253092
65201821	0.00197142494039706
65202600	0.00642237630246552
65202931	0.00215061347856227
65203160	0.00490398139701589
65209640	0.0019259540790952
65216430	0.00183842865367678
65216710	0.00374992198074709
65219190	0.00163603918811246
65219860	0.00184431941938796
65222200	0.00179727391938901
65222210	0.00244661451456532
65222651	0.00302424091231565
65223211	0.00185363741427667
65227310	0.0182838426058919
65228051	0.00255354217097775
65228601	0.00213411769539041
65230600	0.00283095781631269
65231631	0.00179633281689056
65238470	0.01386338195866
65238500	0.00165988721874779
65248980	0.0031064418387726
65249360	0.0198636279434038
65288390	0.505706341027012
65389541	0.0230122976386094
65412120	0.00330569093387724
65513780	0.00217681639460913
65514071	0.00190857222528906
65620800	0.00936304463148014
65656811	0.00188862485364779
66033891	0.014220992948179
66045570	0.00171685498391008
66057191	0.00271402169307826
66096190	0.0558552198001914
66107811	0.00254194856344526
66108840	0.00175038525749382
66114630	0.00270664047747622
66137420	0.0133228871153142
66139760	0.00166551060285316
66148621	0.00174462798571054
66191501	0.0027843473543631
66193690	0.00163341839173802
66195080	0.00192014827940622
66245660	0.0229745020186535
66261820	0.00230619687553287
66268601	0.00169142528998702
66293281	0.00865736110731775
66353120	0.00165988721874779
66424840	0.00199798027022265
66466381	0.00552258451827567
66487741	0.0323045461407861
66512100	0.00241392858169031
66526480	0.00630453470274048
66550730	0.00269436446725079
66582071	0.00214542655907073
66592011	0.00168110196644448
66600421	0.00192428036786152
66657651	0.00172230322787422
66683301	0.00293755556041801
66699800	0.00218837707118319
66712120	0.00186100425721287
66734030	0.00182243228342523
66767140	0.00165988721874779
66785330	0.00223607770284149
66794741	0.00732231520788493
66836080	0.0380175605109054
66843540	0.00167841810943362
66860551	0.00548900642121385
66928920	0.0041390330815758
66932360	0.040723729364607
66938150	0.00168458556511659
66959821	0.00912715361639312
66968261	0.0801251953080603
66976941	0.00244661451456532
66978250	0.0114865619707581
66987810	0.054407238911418
66996460	0.00215900315160494
67003530	0.00791056736332692
67115531	0.00279499556981394
67144200	0.00179665870904256
67196320	0.00201200432262677
67203801	0.0368430171967093
67203910	0.00323282687636426
67214530	0.544151619144953
67218551	0.0426251793147792
67221960	0.0210529789416797
67229570	0.0708673735350047
67232081	0.00393813020518886
67232170	0.00163603918811246
67237471	0.00209613455244145
67249300	0.00163603918811246
67250011	0.00163341839173802
67250390	0.0211662262929965
67250841	0.00169877635366669
67251521	0.00214482059508738
67253550	0.00168458556511659
67255801	0.00188260271771337
67258220	0.00382613203974725
67258841	0.00170995351721892
67259640	0.00404071061846785
67261721	0.0044005607728679
67263661	0.00563573300401227
67263921	0.00165515067303913
67266230	0.00227050739860914
67267111	0.11938355177806
67267190	0.00613529289440321
67270220	0.00685767846293683
67270910	0.00164152889389307
67275760	0.00333356257597141
67275951	0.0619355760008231
67276580	0.0029115482733037
67278490	0.00323948792750814
67288751	0.00265100958523965
67290230	0.00169392718228759
67291900	0.00163819095350456
67300911	0.00171685498391008
67307931	0.0449286354628531
67315600	0.00201603499886951
67321161	0.00984146742600354
67331730	0.00436739963552476
67335730	0.00238724693023641
67352881	0.00163190678420504
67352970	0.00203517144337963
67361711	0.0027902650605555
67362110	0.0232520575581091
67364590	0.0991831832822386
67370800	0.0153378928290693
67371771	0.00251632729695311
67376440	0.00200718112072766
67377260	0.0042926156412443
67379241	0.00570053253843631
67382941	0.0474503446345754
67388700	0.00201479162720333
67393100	0.00167841810943362
67395241	0.00406902241226613
67399921	0.00171341835785773
67403180	0.0049435630834238
67407610	0.00197139617751574
67413800	0.0272397365541099
67425680	0.00391854335168451
67430121	0.0055267419322724
67436990	0.00213480354375085
67437690	0.0859256885281917
67437831	0.0019864090761631
67437851	0.00169644134688847
67438821	0.00291403522434852
67439620	0.00883421048825481
67440150	0.0020929479014017
67444481	0.0019046540214072
67445260	0.0018732894765179
67446340	0.0559893025022034
67446480	0.00167841810943362
67446490	0.00163190678420504
67452000	0.0137671109840947
67452310	0.00657531997137212
67453250	0.0286630848263909
67455211	0.00224201700124618
67456451	0.00170400569905594
67460550	0.00196961136550818
67464400	0.00170400569905594
67470671	0.0126664746139105
67474661	0.00212412791865562
67476471	0.00195256785762156
67479600	0.00281216676440536
67482261	0.00167841810943362
67484300	0.00911929525258773
67484400	0.0115142402865919
67484680	0.00393744587195602
67485230	0.00170891470376467
67490121	0.0122226003378496
67492331	0.00356626844602365
67492451	0.00175038525749382
67493411	0.0581046732719103
67497820	0.00721005411364858
67498801	0.00218230625584391
67504721	0.0265485632004215
67508871	0.00213338106937399
67509011	0.00598342154578316
67513360	0.00214001245377913
67515860	0.0017537380307356
67524721	0.00275727786814373
67527911	0.00194673793969542
67533821	0.002344278176944
67534500	0.00166771825315219
67535610	0.00433846884626434
67539160	0.00165648276976208
67539320	0.00167841810943362
67541520	0.0152331726580016
67541800	0.0342898574593707
67542220	0.0149229687541245
67543501	0.00213262324003481
67543710	0.00169743731233028
67543850	0.00183543809217704
67547501	0.00194428464288789
67549711	0.00974332641431263
67554330	0.00202426578666109
67555440	0.00194696876356169
67557520	0.192926825534096
67560150	0.00171902799356247
67560721	0.00163341839173802
67569810	0.00419722974994577
67571180	0.00167841810943362
67576840	0.00233519414930263
67578931	0.00307983002656876
67592161	0.00767857344531907
67596430	0.00171492998632191
67603420	0.0016989717521246
67604290	0.00367515278004564
67605790	0.00231138806977163
67611160	0.00163674662360652
67611860	0.00222582625021246
67612540	0.299442362375091
67615211	0.00167841810943362
67615980	0.00206896936675579
67616311	0.00163190678420504
67618610	0.00207701021441822
67619700	0.00165832109739429
67622101	0.00303088665015568
67632940	0.0032923430818077
67633121	0.00454743065594579
67634460	0.00168458556511659
67634590	0.00188636232408977
67636571	0.31912109781093
67640970	0.00246367021743318
67646900	0.0134667999529186
67650330	0.00171685498391008
67650460	0.00163341839173802
67653131	0.00168458556511659
67656530	0.00693006261485373
67656940	0.00558991608184223
67659970	0.00207419397091898
67660451	0.00350240657268903
67661100	0.00184589185461978
67662170	0.00170770958186588
67664701	0.00633019642136
67665141	0.00163674662360652
67665821	0.00182756277136329
67669281	0.00163341839173802
67669391	0.00183055032226572
67669770	0.00227619498530807
67672991	0.00194800689287637
67676260	0.0882077670090842
67677480	0.00167841810943362
67679621	0.00174963109901366
67680800	0.00188400132501355
67684291	0.00169521506046977
67689541	0.102558508752851
67691741	0.00163341839173802
67696280	0.00190445590939026
67704390	0.00364791216965063
67710870	0.00918146262469425
67712721	0.025740892906558
67717671	0.00300142462639576
67720410	0.00181968603267066
67860011	0.00170033004039975
67860510	0.011018454043579
67860940	0.00454356470941191
67861781	0.0526392618097365
67867721	0.00181933089341445
67871741	0.00362193638372461
67877910	0.00167841810943362
67879260	0.0176976213067169
67879950	0.0138395384966382
67879960	0.0210823059627721
67880250	0.00246166097156592
67884240	0.00218358286777654
67895311	0.00172104181430264
67898341	0.00202383066861537
67902471	0.00241442034569569
67909190	0.0016686690753017
67909610	0.0117661450457875
67916701	0.00163603918811246
67928500	0.0108530825304769
67936640	0.387631105279372
67943861	0.00434694966512798
67946751	0.0198701845206803
67959011	0.00299832834237974
67960271	0.00170869484433803
67962140	0.00466910249455452
67965450	0.00997302905808306
67971291	0.00255303633796234
67972650	0.00179434062023289
67975140	0.00178402732670774
67976951	0.00510784205828403
67983680	0.00189802859196577
67997740	0.00341813615195072
68002741	0.0291519950857218
68003400	0.00576873287345727
68006601	0.00165408031783429
68007960	0.00297241674003291
68012951	0.0410231281494995
68015370	0.00385512637711295
68022741	0.00302219680983622
68023171	0.00370400658856952
68023581	0.00173177558945224
68027141	0.0171158336395756
68028490	0.0038333753958079
68029931	0.00306675505687579
68030201	0.00326577674980939
68030840	0.00182260514720073
68034741	0.200846154091188
68035421	0.0317790059519504
68036070	0.0041876804887126
68037720	0.00171392801570445
68041491	0.00169142528998702
68043110	0.053031047390818
68043960	0.00213395230083879
68044261	0.00848992797092378
68048080	0.00168390341658139
68048350	0.00188993963533603
68048610	0.00313369557682651
68049361	0.0457532051555032
68049590	0.00185611442423486
68050820	0.00174185620622945
68051370	0.0017517422192153
68054990	0.00163603918811246
68055650	0.00189877018730749
68055780	0.00170318711666202
68058980	0.00215206525863166
68060370	0.005439029766237
68061710	0.00330177563999436
68062751	0.00183402424282732
68062840	0.00319628761053121
68064811	0.00198150593008117
68065091	0.00239677808624341
68065710	0.00189877018730749
68066970	0.00203154601709561
68067250	0.00168332193078739
68068821	0.0121535783173592
68072101	0.00181435013987157
68074030	0.00361084665278687
68074051	0.00248389853374808
68074881	0.00186376992264023
68075780	0.00172230322787422
68076360	0.00248079758950695
68079441	0.00255971765814277
68082051	0.00163674662360652
68082061	0.00167841810943362
68094970	0.00186566920954699
68096480	0.00203738033731726
68103001	0.00196553306274111
68103011	0.00163603918811246
68103240	0.0189627289016933
68103910	0.00257394516527446
68105440	0.00270130583848618
68108251	0.0025121106387718
68112910	0.00246829934370782
68114441	0.00170033004039975
68115800	0.00298505055250116
68115910	0.00486605989113276
68118451	0.00275160116424245
68118960	0.0141103940684402
68126400	0.0122670986138403
68127011	0.00372347009566295
68127271	0.00167841810943362
68128080	0.00257191216511424
68130591	0.00795908553168906
68133880	0.00400263469704769
68135400	0.00666039894202726
68136460	0.00169636704974534
68140340	0.00167841810943362
68143260	0.513547049248539
68146160	0.00180143307571811
68147551	0.00254793926940146
68149751	0.00169142528998702
68150441	0.00170063412194599
68153611	0.0171776740331055
68155660	0.00453470007552248
68157911	0.420096271595617
68158820	0.00190485578243818
68159940	0.00194052416144983
68160770	0.0211652524194449
68167541	0.00263960128051118
68168391	0.00163341839173802
68171981	0.00163341839173802
68179261	0.00167841810943362
68179831	0.0174554473933819
68180200	0.00185829909163135
68181430	0.0974354081565149
68181621	0.0165476303431096
68185730	0.00184902000219482
68190540	0.00195937220550151
68191110	0.00163603918811246
68194581	0.00237494190828635
68194820	0.00190228185922844
68194960	0.0077549201121096
68197020	0.00505079711599476
68202980	0.0214104835101381
68204610	0.00163341839173802
68207281	0.00318605305846444
68208590	0.0115302328902555
68210420	0.00167841810943362
68211131	0.00163341839173802
68214150	0.00200311619798303
68217601	0.00220356320245267
68219070	0.516982999355889
68219831	0.0355430418172298
68222120	0.00246875580421571
68222311	0.00374929700269191
68224490	0.0196106418546831
68224760	0.00170673040168644
68225481	0.00501339519298964
68228251	0.00348630143066915
68228770	0.00167841810943362
68233170	0.0020313052343433
68235770	0.00592514981046114
68237891	0.0506013746349211
68241030	0.00195545244781713
68242260	0.00163341839173802
68244610	0.00200992907353385
68246560	0.00706296952196966
68247650	0.0141276211520051
68249290	0.00229241184024635
68251240	0.00242941824079531
68251910	0.00827688281079682
68252620	0.00449819460600478
68253420	0.00169142528998702
68258731	0.00600090200962301
68261891	0.00324168949731432
68262451	0.0205002447864701
68263941	0.00163341839173802
68266571	0.00167841810943362
68269761	0.00209578696331585
68272651	0.00240878419825491
68276791	0.00451060279645385
68278591	0.0017141141456857
68280651	0.00226054233786104
68283100	0.00415001246118192
68285130	0.00434811325918399
68287630	0.00184180682424737
68289290	0.00167841810943362
68289550	0.00190603160747402
68290240	0.00283073968518559
68291520	0.00167841810943362
68291770	0.00690512692090217
68295060	0.0019370566014307
68295121	0.00167841810943362
68299480	0.00169142528998702
68299640	0.00163190678420504
68302161	0.00311287641740233
68304221	0.00253536622939625
68308170	0.0214774173677841
68310650	0.00204674860672282
68310950	0.00204468548348311
68313591	0.00281068489586457
68325980	0.166897596301562
68327121	0.00168519278065142
68338001	0.00357084064705299
68339240	0.0912574083736981
68340511	0.00221900726395249
68340580	0.00255413022904219
68343401	0.00187435413906367
68345010	0.0026814173391538
68345290	0.00213920795047175
68351220	0.0018732894765179
68354841	0.0157678786109708
68355391	0.00285059892399153
68362410	0.0233133555480001
68363330	0.0090257888610556
68363630	0.5072841500113
68363951	0.0131621213422081
68368860	0.00261070733880889
68369300	0.00215359073443236
68369570	0.00222716016785265
68369611	0.00173004464589193
68370380	0.00179261854809208
68370950	0.00696995396255778
68372040	0.00184134922078704
68380081	0.195435335824107
68380590	0.0018135133564949
68381970	0.00182243228342523
68387070	0.00271201189499346
68392720	0.00206698345596914
68393840	0.00167841810943362
68396870	0.0133779165269375
68397990	0.00573049145320629
68399880	0.0016562820006911
68400211	0.00185790355205417
68401731	0.0735512261011885
68402510	0.00185118835480831
68404170	0.00169142528998702
68404180	0.00254768995533078
68404341	0.00277538258447755
68405300	0.00431737849920517
68406851	0.00174185620622945
68407531	0.00167841810943362
68411060	0.00170033004039975
68413461	0.0767705222890363
68413570	0.00245869604504508
68413861	0.0178317799295994
68414161	0.00170033004039975
68414530	0.00207903521192573
68416020	0.00194035492665487
68416071	0.43142839903918
68416880	0.0935237510128187
68417970	0.00167841810943362
68419640	0.0140294507748843
68422950	0.0105276927498187
68423640	0.00167841810943362
68425140	0.00216495464264786
68425441	0.00170400569905594
68426920	0.029732427757645
68427220	0.00277252210846123
68427381	0.00545976624481865
68427740	0.00516770310824988
68428290	0.00246273356437657
68429000	0.00373968031452148
68429550	0.00258084170154902
68432751	0.00293908362939823
68433280	0.00192031438340565
68433950	0.0115455854647787
68437120	0.00321940741944397
68438230	0.00221211441164892
68439511	0.00183482908411624
68440740	0.00267878594973605
68440850	0.00167841810943362
68441270	0.0318878591291383
68444351	0.00528770354363785
68447801	0.00396406540092053
68450530	0.00254194856344526
68450800	0.00221006478897431
68450831	0.00244661451456532
68451121	0.00274977245333944
68453960	0.00836033854816531
68456740	0.0025208280291326
68456870	0.00568574424486377
68458431	0.00262793847685543
68460471	0.00163341839173802
68462530	0.00163341839173802
68462800	0.00254593506597741
68468361	0.00163603918811246
68470640	0.00163603918811246
68471620	0.00405056041653253
68476020	0.00163603918811246
68477301	0.00163603918811246
68478510	0.00269298496865849
68484840	0.00184682317927067
68485280	0.00168458556511659
68487111	0.00177843537651902
68488030	0.00236250410460007
68490261	0.00167841810943362
68496290	0.00232880996815422
68500460	0.00167841810943362
68500860	0.00362954381089977
68502370	0.00374245718467869
68505981	0.133465584724673
68505991	0.00169644134688847
68509031	0.00163674662360652
68509591	0.00177306795470402
68510401	0.129087387669821
68510831	0.00263233517934053
68512030	0.00192805028097647
68514691	0.0020734218093235
68515791	0.0844875849228525
68516741	0.00275632898442433
68517280	0.0650154048980756
68521400	0.00253602754630605
68522240	0.00599605827423305
68524420	0.00218458399769576
68526141	0.016140352981178
68531911	0.408061944754392
68533041	0.00875777163352948
68533670	0.0369427526255624
68534350	0.00180917584401511
68534411	0.00227511737263686
68535641	0.00205078881791421
68539050	0.0020153641165714
68541591	0.0026132018110456
68541711	0.00406161630629263
68542350	0.00169142528998702
68542760	0.13336830140725
68545041	0.171078813049276
68545451	0.00167841810943362
68545721	0.0202705414037027
68551720	0.00325664891705123
68552850	0.00167841810943362
68553540	0.00167841810943362
68554630	0.0279285975770703
68554760	0.00167841810943362
68554930	0.0276733450282068
68555490	0.0062281089350581
68555870	0.112105981369585
68556030	0.00215422996065837
68557110	0.00181386885623814
68558490	0.0074028186830731
68559330	0.00163341839173802
68559750	0.00189963546883443
68560891	0.00282049449486481
68561721	0.00519505549146509
68561790	0.00168458556511659
68562001	0.00190692954516705
68562780	0.00167841810943362
68562831	0.0151917873399902
68562961	0.00163674662360652
68563330	0.00167841810943362
68564550	0.0018712672310806
68564580	0.00192267299355717
68565591	0.00187919408701334
68568270	0.101429814074248
68572341	0.00175492850141811
68575600	0.0030329370557373
68609920	0.00338729149598104
68616980	0.00185411420019314
68619890	0.00452718368477646
68636611	0.00186581426311668
68637561	0.00334128975473425
68662381	0.00163341839173802
68662811	0.0138812669415432
68664731	0.00379194762881357
68672300	0.00244661451456532
68689411	0.00169644134688847
68715771	0.00224265802022081
68726320	0.00220826311143156
68732140	0.00285753325855928
68734760	0.00297957100244666
68736000	0.00303791869247326
68739850	0.0438004738287791
68744700	0.0065767297346867
68759560	0.00435431423266012
68761350	0.00167695271057781
68761360	0.0175085746073489
68762900	0.00169142528998702
68764181	0.00351140939837972
68764871	0.00185915343667462
68769961	0.00274651629467245
68770241	0.0020148717012251
68773510	0.0407752604959486
68777100	0.00300517148077451
68777681	0.0018732894765179
68777971	0.00194171073494922
68778531	0.00702101375831772
68778590	0.0056358151323255
68782511	0.0016608298110737
68784250	0.00285101763708237
68786750	0.00327608021816005
68790870	0.00186454777311848
68791570	0.00908602003305232
68792301	0.00244661451456532
68792400	0.00294183484081044
68792800	0.00184342895017349
68794040	0.00232233636080044
68794931	0.00252330293870327
68794941	0.00624894454300889
68796550	0.00180385244931234
68796670	0.0314853481298238
68798371	0.0038471454882189
68799341	0.00710026239744098
68801490	0.119134499114768
68803580	0.00203517144337963
68804311	0.0022312584220563
68807830	0.00168343823767905
68810770	0.00421852685040764
68812270	0.00210410916218612
68820130	0.00412940951305439
68820291	0.00261253978394308
68821141	0.00180385244931234
68823201	0.0117671598518653
68823870	0.064020631070951
68824311	0.00213874554122224
68826900	0.00256534372233141
68828700	0.00163190678420504
68829261	0.00564070762737848
68830320	0.00724952497716082
68831741	0.0162879338641017
68832530	0.00181678651487276
68834620	0.00218831231843409
68837110	0.0203816121700994
68838200	0.0025208280291326
68839560	0.00165988721874779
68840110	0.00187203445373367
68841340	0.00163603918811246
68841961	0.00190692954516705
68844110	0.00517265818486248
68847870	0.00182112188526885
68848380	0.00652678693773478
68848650	0.00801232572987409
68848981	0.00420400701114586
68849090	0.023274474679441
68850361	0.00175238591089566
68853780	0.0017325200301277
68854050	0.00185916837518852
68859191	0.00264451220293888
68859891	0.00179801332851556
68859901	0.00170982086106141
68862081	0.00325256386494673
68862491	0.0024342613883861
68863481	0.00186011992949026
68866921	0.00183912385123706
68868810	0.0818572678383694
68869760	0.00219824840361274
68870880	0.00167841810943362
68872011	0.00657634428473121
68872561	0.0692653704888445
68873770	0.0710812841161313
68884100	0.126837904035155
68884790	0.00244132903364216
68885340	0.00413549529412109
68894241	0.00201666681759073
68897941	0.161729494355474
68898480	0.0478433402278701
68899160	0.00693495052426751
68903140	0.00199679082849532
68903341	0.00166890623905187
68904011	0.00169142528998702
68904240	0.0215579754284196
68904831	0.0102224213599161
68908400	0.00163341839173802
68908441	0.00182384944962079
68911420	0.00169652350479976
68919980	0.00177967600643656
68921381	0.00492688798406447
68932250	0.00724067383524764
68933541	0.00184589185461978
68936001	0.0178958163987516
68943680	0.00163341839173802
68944120	0.0413502027036649
68945330	0.00584562527448555
68945650	0.00270700743184187
68946990	0.0023957349403292
68952820	0.00293788318590055
68953401	0.117245596782424
68954750	0.00181137455616739
68957210	0.0229643416372585
68959270	0.00163341839173802
68961681	0.0060910162106759
68966460	0.00249932412585333
68967031	0.0071869051363865
68967820	0.0431203072740146
68968291	0.0138908712985478
68970170	0.00753633532441745
68970781	0.00237965411296379
68973350	0.00203645953838721
68975041	0.00269672118590408
68978330	0.00163341839173802
68996520	0.150329014341637
69581051	0.0720356216584444
69623470	0.00179566521528041
69623490	0.00204725090524165
69636911	0.153550179004059
69639880	0.0133184506742558
69640221	0.00513788070412368
69640351	0.00537863108731068
69643220	0.0328935182024757
69643330	0.00169644134688847
69644570	0.00172330728652206
69645290	0.0658326084074816
69645301	0.00163341839173802
69646421	0.0122368642091673
69648570	0.00769340275322935
69650080	0.00250153956699172
69650100	0.0017980072696732
69650110	0.00209016900882129
69651890	0.00658790166447938
69653940	0.0955587841857194
69657301	0.26539590399098
69662800	0.0018624842721162
69667220	0.00897334146428162
69669660	0.00176471545190278
69670401	0.00163819095350456
69670681	0.0018360719484201
69670910	0.00180385244931234
69671330	0.0258444232529554
69672420	0.00190016585095584
69673700	0.00167841810943362
69675050	0.0349319733027423
69676730	0.0026075137137385
69678541	0.00215637523334753
69680140	0.0836076093531121
69685390	0.00163341839173802
69686630	0.00183709090380842
69691941	0.105511816554605
69694080	0.00244661451456532
69694131	0.0021598332912404
69695900	0.00169142528998702
69697171	0.018350147404204
69699480	0.00167683453335314
69700140	0.00165832109739429
69701670	0.00169644134688847
69701930	0.00167841810943362
69703661	0.00167841810943362
69705280	0.00281435155627442
69706541	0.00169644134688847
69712990	0.00174848959991359
69713301	0.0119484872785197
69726411	0.00259063989442255
69729591	0.00372912133916376
69732061	0.00167841810943362
69733120	0.00292371594995182
69739911	0.00168750288579253
69741701	0.0148568371994411
69741711	0.00193272317988069
69747381	0.00236689875707902
69747480	0.00167841810943362
69750360	0.145295232030247
69750801	0.00386771104874548
69752871	0.00182243228342523
69754620	0.00167841810943362
69757680	0.00220826311143156
69758230	0.00168458556511659
69758360	0.0240542178052484
69761851	0.00247737945200509
69762801	0.00734616413953124
69764860	0.00198558689134207
69769281	0.00426953202185093
69769800	0.00281346789919676
69769851	0.0017185881681242
69771870	0.00183088233711743
69775060	0.0432454378356568
69776860	0.00183004864383992
69778121	0.0017353999210962
69779221	0.00476744295134678
69783180	0.00226526225845645
69789800	0.0024162598939553
69790391	0.00217607164923578
69791750	0.0963100008183624
69792601	0.00291659251994952
69798210	0.00362560047805542
69799610	0.0175796528188162
69805550	0.00322592809903082
69810531	0.00318562161748001
69813950	0.00181811971623332
69819921	0.0204946062634955
69830801	0.0229287108187402
69848591	0.00238831574720616
69904710	0.0206090764635577
69909950	0.0031578974598856
69910640	0.0022306940659262
69912010	0.00188431690955111
69912410	0.0470318963642769
69912871	0.0143171904520405
69971751	0.0115396427388322
69971860	0.0018129201096341
69972311	0.00296952758575486
69975990	0.00232998241309609
69976010	0.00167841810943362
69979450	0.00196882617131386
69979751	0.00826604301357314
70035871	0.00167841810943362
70041890	0.00171685498391008
70044100	0.00293380292080092
70106091	0.0270353838092431
70110020	0.00904083379896804
70168240	0.0300697768004924
70170771	0.00213501027941562
70170891	0.00418456368904125
70171300	0.00247553403582916
70172161	0.00408003472841936
70176400	0.465734725281811
70236961	0.00184899050085789
70243000	0.00225704884876713
70243301	0.00232267298587818
70243581	0.102597106537336
70297771	0.00267612751930777
70300401	0.0222804460101903
70302830	0.00182961109185248
70365870	0.00241832111125317
70366051	0.0017980072696732
70368900	0.00315335981893633
70370741	0.00330884106050205
70371011	0.00512733529002058
70371861	0.0926975227992504
70375380	0.00426450449030098
70431831	0.0018403738230095
70432381	0.0746741642994529
70434400	0.0218999407958996
70467821	0.0177969220600718
70586400	0.00281870766756812
70676221	0.0856847688949007
71147450	0.0110193885834628
71174310	0.00366222033490047
71186470	0.00722673534674906
71289650	0.0031167050135612
71291840	0.0017185881681242
71340090	0.00944782183632974
71353890	0.00246719603995642
71355311	0.117918899456754
71357490	0.00178875000980176
71359570	0.00166900333842301
71359731	0.0017149493170569
71359741	0.00169142528998702
71359840	0.00191486259741678
71360220	0.00205078881791421
71360431	0.00220790088472457
71360630	0.446006437079161
71378891	0.0603906502649833
71382010	0.00166745885466334
71384131	0.00183842865367678
71386180	0.174246224111745
71388291	0.00521418831371149
71412940	0.00350635195768905
71424691	0.00179265488478085
71425200	0.00193106718762542
71431871	0.0017517422192153
71433310	0.00184298397274455
71434320	0.00194944099918419
71436490	0.00233718583166492
71436630	0.00195835744794002
71452620	0.0020197613612843
71456760	0.00163190678420504
71458320	0.0159491867189127
71459431	0.12574328292679
71461801	0.0775275228194643
71475800	0.00694951511778174
71476350	0.00186774526238913
71482160	0.00211568794721582
71482440	0.00234763087220691
71484971	0.00187164598806597
71498430	0.00177802928938352
71499031	0.00192319090182471
71505101	0.00289195602905065
71506030	0.00217933917553955
71506471	0.00188059733245414
71509580	0.00245594986093088
71522471	0.00304722269252003
71524681	0.00431553658152331
71525050	0.00207398575191841
71527571	0.00167841810943362
71530290	0.0019255743713033
71530960	0.00228753903536521
71533340	0.00436417884928492
71533931	0.00169644134688847
71555011	0.0126542911318048
71556100	0.00163341839173802
71571161	0.00270639867349891
71571301	0.00222572701206546
71577050	0.00179346649219363
71577990	0.00408016778805045
71578311	0.0029856944919652
71581450	0.00165474382025239
71581870	0.0114502752057092
71596470	0.00398891982773996
71599240	0.00275033578634723
71600681	0.0105812129417412
71602871	0.00205460707603739
71608401	0.00459801951464655
71621030	0.133375893214323
71661430	0.0194901232802637
71677211	0.0310447822071303
71679240	0.00205917688990951
71682130	0.00168458556511659
71684381	0.00209929822869475
71687080	0.00968267856508781
71688900	0.00255183466483009
71717710	0.00246236253372994
71719510	0.00247353867847659
71721290	0.0236202584172387
71721600	0.00248430692530696
71734390	0.01369772639287
71754010	0.00163674662360652
71756210	0.00167841810943362
71775121	0.00302696320766194
71776310	0.0304252430965082
71779080	0.00205202939369487
71781611	0.00451987533794995
71782581	0.00262962785937156
71783630	0.0018912911645366
71783650	0.00969745738006094
71786380	0.0792850456218824
71787520	0.002482886398907
71787691	0.00374665830752787
71790280	0.0550696047683877
71790421	0.0710330600037632
71792050	0.00198274940225219
71792361	0.0775221804279545
71804231	0.00857027971418085
71823070	0.00260423547923414
71823920	0.00193050085146814
71824620	0.00243775537706639
71825321	0.00229922080476892
71826151	0.0191299140854829
71841560	0.00191538158267559
71860911	0.0028074241087014
71866701	0.00168110196644448
71886021	0.00775952940407786
71889830	0.0238743443158055
71891510	0.00902269743413783
71892310	0.00170033004039975
71892580	0.010830692068211
71894011	0.0640834705525246
71919121	0.0022451379425545
71937581	0.0037025603514867
71953031	0.00370836485585453
71959610	0.00196275908989141
71969861	0.00172697041404087
71982080	0.0120912210027336
71984300	0.00270802890048564
71985410	0.00910920269142405
71985711	0.00297433283109167
71986151	0.00204009297783962
71988331	0.00259393079701753
71991470	0.00181500311623449
72009110	0.00422684481669895
72050261	0.0022316896223833
72051590	0.00222285235211205
72066630	0.0017801623493844
72067580	0.00676778272902627
72072580	0.00167841810943362
72083521	0.00212171586633645
72083631	0.0035066751521183
72096601	0.00200860005527195
72097841	0.00163190678420504
72105370	0.00493385234098073
72119200	0.00169644134688847
72126090	0.00171492998632191
72130930	0.00240487215164553
72135590	0.00299243100725599
72137721	0.0281115224168776
72139501	0.00169644134688847
72153120	0.00183971195663612
72155631	0.00404903850630218
72158401	0.0105031641943487
72159351	0.00505078015551783
72162230	0.0873014246282886
72175440	0.0776046471424121
72176830	0.00321273411084783
72178200	0.00386416772554025
72186090	0.00163341839173802
72187060	0.00907932630669275
72198230	0.00741735144247792
72198750	0.0140392113117545
72198910	0.0112321268540214
72199870	0.0108066254655972
72213681	0.00221718942694487
72221650	0.00168132476746104
72222460	0.0019728950693031
72222500	0.402231130369189
72226610	0.00317312034338477
72232051	0.00169142528998702
72232311	0.00169644134688847
72241821	0.00371298661512137
72250740	0.00216725962725857
72251710	0.00167841810943362
72256130	0.00445451401002433
72264601	0.00215334601997962
72279460	0.00182983066527926
72282320	0.00726112592565523
72282661	0.00244508367260311
72314630	0.00163190678420504
72326740	0.0020644279316197
72336790	0.020521935124099
72347010	0.00170985935563536
72348790	0.00963880198600893
72350180	0.00244661451456532
72352591	0.0313747798091809
72367481	0.0355181595481796
72393541	0.00272459374876217
72394170	0.00249370124283598
72395170	0.00169644134688847
72396250	0.00207166293663212
72399731	0.0017185881681242
72417541	0.00166661528447973
72418580	0.0798430065282838
72443041	0.00264265739164928
72458160	0.0029074767069822
72466170	0.00241428739985882
72468540	0.00371090667849568
72474020	0.00170900709307158
72491331	0.00175939334157093
72493330	0.00167841810943362
72496540	0.00174053715209643
72498290	0.00182625794987216
72509910	0.0120244876119604
72510761	0.00279326099419865
72514160	0.00325024974185317
72514430	0.00207623049118826
72545490	0.0017141141456857
72558061	0.0267872640239482
72570160	0.00207530509483536
72571150	0.0425150325311727
72571970	0.00266360702309911
72574030	0.0021415983737571
72574040	0.00235408994126829
72578901	0.00400816584981303
72581651	0.00310449227943531
72582040	0.00244661451456532
72587670	0.00185094541895813
72589480	0.00163341839173802
72601231	0.00167841810943362
72604701	0.00167841810943362
72605350	0.0024080830542093
72618170	0.0140258499759293
72619571	0.00169644134688847
72621490	0.0017980072696732
72621610	0.00167841810943362
72628800	0.00389298577793751
72628811	0.00371925466874091
72631000	0.00212238203361419
72638761	0.00256722672160102
72638881	0.00377709884514471
72639041	0.00165018845934226
72645320	0.00224550704958034
72646850	0.00168132476746104
72650960	0.00167841810943362
72651161	0.00170673040168644
72655000	0.00289375737177951
72655171	0.00174806689647811
72656090	0.00322774812947604
72667520	0.00183543809217704
72671540	0.00231906699551657
72676411	0.00202182673645998
72683291	0.0106463078555418
72685740	0.0052275048803827
72897840	0.00279063142129211
72905310	0.00331627495468021
72916320	0.00267340591839781
72917040	0.00285965668469658
72921140	0.0130655585262003
72925320	0.00169644134688847
72926670	0.00196365550964797
72928190	0.00181182448937515
72928470	0.00382864641694669
72929440	0.00369399660555699
72932921	0.00381292229788472
72939240	0.0963348147140972
72943780	0.00180039836330469
72945850	0.00222770714471722
72948450	0.00187506104269744
72950420	0.00163341839173802
72958250	0.00225932484783243
72962011	0.0319395718205295
72965310	0.00185190543969675
72965450	0.00292839872642641
72965700	0.00709932129223995
72969270	0.00305009859380961
72972470	0.00182983066527926
72978250	0.0017962967495467
72978790	0.00871846933028064
72986841	0.00307643709198837
72988990	0.00191295276274114
72990841	0.00296344555448228
73005061	0.0163189386721671
73008870	0.00178374877592034
73017960	0.00187082611021947
73020300	0.00172230322787422
73022701	0.00168458556511659
73022721	0.00229916527599839
73022800	0.00398729045573668
73027261	0.0515458095970913
73027330	0.0350248785320167
73028480	0.00174185620622945
73031350	0.00711405659153251
73035671	0.00231123597095663
73037830	0.00170673040168644
73039391	0.00467498046158503
73045420	0.00196450140700661
73047210	0.00242004165568235
73047650	0.00167841810943362
73048221	0.00196304267326017
73049171	0.00243912201606257
73050130	0.00455081288763132
73055681	0.00211473188627897
73059190	0.0941777606737058
73059220	0.0227852554568436
73059750	0.0033384076688856
73061191	0.0220274004221404
73064050	0.00175194266311137
73066510	0.00221853776869075
73068201	0.00175262214090239
73068761	0.00195070404068996
73069020	0.00402098560953401
73071600	0.0226857487956228
73077031	0.00208508298227444
73080840	0.00178899489365799
73094500	0.00252784240407023
73096641	0.00189021626314937
73096891	0.00170033004039975
73097591	0.0019449963220348
73097680	0.00739498018500786
73100351	0.00167841810943362
73172990	0.00173584894265846
73381151	0.00170400569905594
73509520	0.0277327692152163
73523901	0.0032110859421628
73529890	0.00203719888828762
73536441	0.00177961374629594
73540711	0.0027658779757898
73541271	0.00168458556511659
73544260	0.00197031224584738
73550730	0.025071893437823
73551000	0.00163603918811246
73559280	0.00169644134688847
73560571	0.00168110196644448
73561080	0.00172726428310586
73567420	0.00204124048439939
73568270	0.121648144872837
73572670	0.00257362174965846
73573100	0.0109363190262105
73578300	0.00179633281689056
73579430	0.00225941317245093
73580100	0.00167567504959564
73585111	0.0020507819887108
73585620	0.0017093833872992
73589401	0.0186488815949087
73702730	0.00245586156567354
73704390	0.00203008215043702
73711031	0.00916280663844793
73712100	0.0118176313845726
73722030	0.0191220360201047
73722050	0.00382089381350716
73723010	0.00282268560130138
73724951	0.0235664205754018
73726351	0.00332341256230748
73728370	0.00817041706665886
73729470	0.00179956205691391
73731051	0.00179179626056708
73743181	0.00189586739529279
73752780	0.0034186136178787
73752900	0.00287300565084065
73755140	0.0340690804090652
73757910	0.00296393444460394
73763690	0.0845626715937425
73764411	0.0433048341272141
73765730	0.0670620535441455
73766741	0.00167841810943362
73768100	0.0455501914261797
73773340	0.00236062027015796
73777101	0.00351597197680601
73779690	0.0018121042070628
73781651	0.00163341839173802
73792131	0.00187551459855228
73969450	0.00175038525749382
74110140	0.00246020267847211
74113761	0.00173592543556389
74116740	0.00266904204662752
74130670	0.0439221085968179
74131531	0.00654751512511984
74135360	0.00219046337699053
74137471	0.00290594393499134
74140931	0.0436999071949674
74141300	0.00211973778451104
74149280	0.00432547610847141
74152070	0.00363659237191549
74161840	0.00469290238391512
74164890	0.00278567413809205
74165580	0.00184298459696963
74167630	0.00167716756973848
74169010	0.0175167585846789
74170861	0.00200134685040656
74173130	0.00269256540197173
74179271	0.115461213888201
74338551	0.00627775428901288
74353981	0.00168373284488559
74360690	0.00167841810943362
74363320	0.00191011895655989
74364351	0.00312161585661456
74369670	0.0019658722757175
74374001	0.00245826230899385
74375450	0.0507666125200816
74381451	0.00254787417014054
74382780	0.00186098772659044
74385970	0.00178587017529373
74389041	0.00375550727917479
74390391	0.0987856085487372
74392550	0.00270370819510315
74395081	0.0247062211250327
74407911	0.022191411142361
74408830	0.00188622019772074
74409550	0.00170400569905594
74410240	0.00222867702558206
74411180	0.00165988721874779
74413510	0.00200978263843002
74417451	0.0323665695167397
74429510	0.00747651612694073
74433721	0.00314847318449952
74434350	0.00623096777006271
74436170	0.0946932330732361
74441851	0.00264265739164928
74448690	0.00306881329028108
74453031	0.00215090113696511
74456970	0.00554703120668385
74459460	0.0170686958762452
74474531	0.00170033004039975
74491030	0.00170400569905594
74498111	0.00710769431477452
74505551	0.00196823270871463
74508260	0.00281160176399163
74509110	0.0118690328064202
74515170	0.00455290983114635
74519890	0.00420654882951632
74522470	0.00766437932118182
74523300	0.00174622234111919
74535231	0.00460269012227745
74536471	0.00556921846222481
74537011	0.00168110196644448
74545011	0.00256202946901333
74548041	0.00458375316026706
74549841	0.00200059800021808
74558391	0.00192089860897208
74559081	0.0168705040579779
74574620	0.00206480196034489
74576840	0.00218037901149248
74581370	0.0295216919016239
74590791	0.00191001888013357
74608660	0.00302872142410748
74610651	0.0138925389130141
74620530	0.00175061109429628
74621841	0.00333840172677246
74621961	0.0162299984252116
74625350	0.00182861593596615
74632820	0.00204246118289444
74632940	0.00189045881047112
74633920	0.00181407011689642
74635290	0.00738764422652147
74640680	0.00170033004039975
74652120	0.00921923260289065
74653831	0.0114882810530472
74655191	0.00218464846893069
74661360	0.00246349294855984
74663720	0.0205231462054266
74664711	0.0937981872339951
74677910	0.00163341839173802
74688530	0.017550141948681
74696161	0.00169142528998702
74698200	0.0032380485427671
74709090	0.00206038815740159
74711960	0.0365239576671656
74714091	0.0310856519484228
74734600	0.00194417868875693
74734651	0.00326470368049272
74738241	0.00274512913919174
74738501	0.00303611095209054
74740270	0.0078131109647004
74745210	0.00174989892329016
74746870	0.00205387939937837
74756120	0.00209694977889432
74757811	0.00431434069411959
74772530	0.00474550440913604
74785951	0.00428965091658445
74794481	0.00208338088815764
74815840	0.00194018131342266
74827670	0.001720812818971
74830730	0.00187118135413904
74839181	0.00449586995252186
74850040	0.00173626751011566
74854740	0.0355754621572177
74859390	0.00171180098271461
74874320	0.00185749442485134
74884411	0.00861735949874749
74886071	0.00216891519976394
74904350	0.00256155030354959
74904981	0.0036286429763066
74907260	0.0219532714740579
74907970	0.0535514282311072
74910761	0.0030156968500333
74915670	0.001720812818971
74921620	0.0296259514359794
74930720	0.00286359616412798
74935660	0.00283367504627441
74937781	0.0688182734052714
74942830	0.00339571894750588
74948380	0.0055666246048652
74951400	0.0275505893087283
74952681	0.00310537579914633
74974850	0.0121591123366639
74975930	0.0254279709466099
74979820	0.0164089358382815
74994410	0.00307718463189337
74997511	0.00836646709969654
75016391	0.00237640348352531
75017050	0.00361961970535346
75018061	0.00317565072402115
75031120	0.00303772319911282
75043810	0.0223394626161698
75059660	0.00750445420792681
75066290	0.00377329537773467
75070140	0.00498862506082171
75077030	0.00327945019776938
75082970	0.00984287556539451
75094171	0.00490443400751578
75095110	0.00245255073835119
75100541	0.0141070623989568
75109481	0.00429938705844422
75110970	0.0091350458634263
75112671	0.00265559385034052
75115711	0.00296399356359524
75118550	0.00333479602652612
75120401	0.0115072644399441
75131011	0.0206872087926949
75137870	0.00760356801449386
75147281	0.0226310451100255
75155981	0.00379700608947032
75187940	0.00740691221174215
75214571	0.0034431314236125
75225280	0.00410187703456329
75234270	0.00352209194443947
75236630	0.00846763976458752
75250451	0.0267719149457673
75254991	0.0230923151864893
