numero_de_cliente	prob
11675570	0.00196183252592504
11675731	0.00136125598900932
11677630	0.00623920820309004
11678491	0.00144984056063881
11678621	0.00147437211432548
11679331	0.0012078653076917
11680281	0.00162215347340081
11682860	0.000628806335944129
11683331	0.00961972140085669
11685801	0.000759845237088614
11687440	0.000973015332336589
11687720	0.000766382610466814
11688421	0.00274661074748322
11689401	0.0122724667817181
11690330	0.00177902007505718
11690740	0.00534319100843479
11691191	0.00426094858113963
11691850	0.00260788721613617
11695140	0.0703833677589825
11695321	0.00176244231697067
11697261	0.00247192057896981
11697490	0.0477149898724248
11698501	0.000703866243893093
11698641	0.00192546504583913
11700691	0.000640192769365176
11700790	0.00350998365651513
11701350	0.00085116563921492
11701770	0.00536174480237251
11702170	0.000652481378653764
11702430	0.000895414262786489
11702710	0.0017765715722344
11703280	0.000693697912320647
11704161	0.000863298858561215
11704260	0.00212473589190142
11704650	0.00231265950469312
11705610	0.343634144618897
11708130	0.000608423846871201
11709131	0.00181547069011864
11713251	0.00174961744130675
11716360	0.00206870594916636
11717880	0.000783181960742891
11720520	0.00860336901563808
11723611	0.000753882421535425
11724141	0.00079705204463687
11724520	0.00210579826109476
11725200	0.0715784531317778
11725651	0.00252302589722228
11729620	0.00257660294915434
11731950	0.000896672373990506
11732421	0.00136829012780833
11734201	0.00158559451851673
11738921	0.00064001053647126
11739140	0.000833095560432622
11740680	0.000889116759101488
11742460	0.00211974069542561
11744100	0.00242041306108801
11745200	0.00181434642414505
11746710	0.00141843566465519
11746730	0.0054044194213525
11747710	0.000710384452823219
11748120	0.0272768972365457
11748810	0.000963462029223671
11749090	0.00210014600119636
11750710	0.00285037028344718
11753050	0.00200420129758372
11753261	0.00723731859643086
11753910	0.000671873425562247
11758720	0.0027205996301008
11759960	0.00257588545387072
11760001	0.000615866945730008
11760370	0.019211343398826
11760780	0.00149052509614101
11763160	0.000651425823291772
11763191	0.000629510638233292
11763301	0.0021789436641129
11763540	0.00757734609744255
11764540	0.00585431096669659
11764971	0.00713389836259571
11765330	0.0012295513088404
11765340	0.00253825307385847
11766751	0.00838474493460658
11770150	0.00195319950597661
11772500	0.000776254219162934
11774481	0.00678573574684627
11776961	0.000677078289614164
11777661	0.00134340034044577
11777951	0.00110797300420112
11778631	0.00071216545101508
11778761	0.00293249365669106
11779270	0.00245256150027909
11779810	0.000670172082957582
11779820	0.00394608955409351
11781360	0.00249009523001793
11783010	0.00285125475600058
11783150	0.00190238190954406
11783410	0.00067511238714878
11784561	0.00111216280709417
11786491	0.000644780490491238
11787140	0.00297676194814754
11791581	0.0208800071043547
11791601	0.000801400875039322
11792120	0.00452305303286373
11796240	0.00454400929050331
11796660	0.00444866584604972
11796800	0.0020843435391618
11797200	0.0022862343581944
11797600	0.000657529906094721
11798331	0.00238955993774077
11799690	0.0153287808263293
11799940	0.0135245584337481
11800250	0.00174622348670158
11803021	0.00462724817454313
11803461	0.0993535879708699
11804131	0.000619903879845291
11806990	0.00148183453351228
11807871	0.000883276458999753
11808110	0.0154484978306619
11808561	0.00640593739557747
11809921	0.0117713956187406
11810460	0.00196975988533138
11810471	0.000978126070402288
11812131	0.0609813668681788
11813501	0.00192954340277163
11813740	0.000732876764405201
11814221	0.00259088308794193
11814850	0.000790761645341367
11815150	0.0106767700174896
11817641	0.000672175714924296
11817661	0.00131999089870709
11818221	0.00557966435918753
11818280	0.067984530483109
11819171	0.0615310863213635
11819851	0.000745880896051965
11823130	0.0021049853866591
11823820	0.0483899621466833
11825210	0.000698562361586657
11825791	0.000619817543058497
11827140	0.0380863220931682
11829801	0.000906210677568086
11830211	0.000795707512512539
11831940	0.00218872563035323
11832070	0.000662422307078441
11836770	0.000666138696014636
11837590	0.00286395755105424
11839680	0.00065364561402392
11840920	0.00134878668053789
11840961	0.00686429564534164
11843021	0.000777586551753118
11843700	0.00064043252011791
11846280	0.00150504722802352
11847140	0.00362479867617346
11847950	0.00193448317478829
11847991	0.000631693571777086
11849630	0.00333318544574248
11849921	0.000696780545871014
11850850	0.0516149611974576
11851110	0.000690992272234785
11851550	0.00136098246739936
11854590	0.00223656111905735
11856821	0.013573516730711
11856971	0.00240046640582855
11858970	0.000714709319568381
11859000	0.00121925042148303
11859041	0.0138047809636965
11859380	0.0066624373339208
11860070	0.00667180250873187
11860421	0.000671606604557288
11862570	0.00289379641806393
11863861	0.00271224181786911
11865070	0.00144237285968923
11867800	0.0022161837555461
11867991	0.00511539402725983
11868131	0.00140564657616599
11868360	0.00299068939230013
11871930	0.00397509085063559
11872780	0.00278029020491522
11873330	0.0012452056379448
11875810	0.00277313346126581
11876421	0.00225903140237592
11876900	0.000661616911452482
11877221	0.00284433395361957
11879861	0.00134784462342461
11880961	0.00172061935868514
11881091	0.00247363122418655
11881200	0.00723213272700058
11881490	0.0049774641252852
11881590	0.00185202375095194
11881921	0.0073792067545075
11882290	0.00252212047671637
11882310	0.00169110597793197
11882430	0.00466103575732998
11882751	0.00249962617822698
11883520	0.00229602278182025
11884770	0.000647146814836703
11884780	0.00298848222571979
11884920	0.000794519218681275
11886341	0.0268666266014486
11886430	0.0092048239021319
11887940	0.00138066031435005
11888510	0.000609105333416596
11888941	0.000665791958774419
11890270	0.00282614024679824
11891800	0.00184525626887777
11893180	0.000867305825127826
11893521	0.000769048842822225
11893651	0.661228078159267
11897180	0.00284687554144246
11897730	0.00337253418938417
11900121	0.00245141840968884
11903100	0.000679769661093827
11905890	0.00234545752438721
11905921	0.00142655080582281
11906300	0.00154534069454423
11906310	0.00810113169930518
11907110	0.00206122940519446
11907291	0.0133374106105173
11908240	0.00258642323368801
11908401	0.00301561491044843
11908500	0.00159739180392159
11908650	0.00594974708245298
11909491	0.00407839800713057
11911100	0.003118470251314
11911970	0.0013252253705468
11914290	0.00210184800409893
11914590	0.0021567758915902
11915981	0.0080727071467549
11917470	0.00182567371771716
11918461	0.00071685176640725
11920080	0.00177000185766756
11921880	0.0011482580481633
11922840	0.0123800402732473
11924200	0.000685023925791827
11926181	0.000616161649161358
11926280	0.000670875144122659
11926440	0.00144483919514585
11926891	0.00108798703391506
11928920	0.000897502932193513
11929620	0.00224051472732168
11930420	0.00076781082423068
11930860	0.000804521263783079
11932821	0.0018771312437642
11933620	0.00221255150395794
11934840	0.000802025205468204
11935561	0.000920529093871349
11935650	0.00132878050933107
11935711	0.000662868529467747
11935960	0.00155583894762889
11936500	0.00967242262497795
11937070	0.00422729779697597
11939011	0.015381117770708
11939390	0.000665224648442767
11941720	0.00937030006720454
11942471	0.000686023640994081
11944760	0.000654830665196142
11947581	0.00740619363298547
11948401	0.00263785030677397
11949310	0.0199939469179902
11952350	0.000804391683117681
11954191	0.0050118371159005
11956080	0.00750143596685143
11957081	0.000633074537696948
11957091	0.00630279981517992
11957221	0.00363836584006257
11957491	0.00163326422850018
11958310	0.000618950680214071
11960360	0.00113516171148084
11961791	0.000696313804936883
11963581	0.00627897534248962
11963660	0.00367251553431496
11964790	0.0006223015443527
11965870	0.00279891740924889
11966820	0.0119909432857888
11968500	0.000826115211215221
11969501	0.000892289374789732
11970311	0.00314300700599755
11971390	0.00297951051269076
11971561	0.0170381086266367
11973890	0.00172334579357487
11975691	0.0111243539698159
11975711	0.000909374964732462
11976350	0.00831124288436665
11976920	0.000609790498323813
11977781	0.000659791326629389
11978970	0.00142597759949987
11979151	0.00357042506860106
11979421	0.000656811558578599
11979851	0.00144737543040126
11980100	0.000947671308147169
11981740	0.00109408854213649
11981850	0.00063182554193866
11984220	0.00499550507929027
11984490	0.00431360512311998
11985231	0.00456983068884556
11986891	0.00140237158462247
11987530	0.019050184765907
11988890	0.000703887683886816
11990000	0.00279663134301829
11991520	0.00177123376608952
11993450	0.0016170323587564
11995831	0.000648098096249411
11995960	0.00082582151206544
11997300	0.004802124472659
11998700	0.000783732800165986
11999161	0.00127644302204775
12001590	0.0020720408614648
12002950	0.00226413596538355
12003650	0.375974137464472
12004230	0.00242109571358339
12004381	0.0118336020846462
12004480	0.00139558996732328
12004900	0.00461469503623782
12007561	0.00151241544806119
12008060	0.00101713889066721
12009740	0.000752157623460428
12011230	0.00191491747745063
12011291	0.00233745751896813
12011431	0.0055505708020336
12016760	0.00149407985728498
12017221	0.000787021919670919
12017290	0.0029051438082188
12018260	0.000636563054861008
12020060	0.00417065667802568
12020620	0.00315835003539386
12021081	0.00164566765210247
12022191	0.0152234955777139
12022280	0.00558579283066903
12022840	0.00142558075818963
12024511	0.00724275750077668
12025060	0.000665899431734248
12030000	0.00215794723233296
12030171	0.000681073949570144
12030820	0.00212734239557528
12034260	0.000821271536638123
12034850	0.018539655275035
12036350	0.122451297957206
12036490	0.00217725571691578
12036951	0.00469559541099557
12038010	0.00253550952678696
12038700	0.000616161649161358
12040251	0.00175145518743132
12041600	0.000667566551840894
12041610	0.000837681552021428
12045481	0.00114828139142177
12045730	0.00124939351859577
12046710	0.000643699718543329
12049081	0.0052657950987758
12050540	0.0394227409404524
12051691	0.00400174821286309
12051981	0.000718912311970843
12055431	0.00205181559927218
12055650	0.00243534693660821
12055831	0.000683397765333411
12056050	0.0135190513955838
12056121	0.00503628756342466
12056460	0.00279982928751843
12056511	0.0252808872250833
12056521	0.00142248776122144
12056951	0.0014366966704985
12058000	0.00140858752288501
12059120	0.00314702750028163
12063930	0.00344410009660675
12064261	0.0168538751703744
12064780	0.0413020979838454
12064890	0.00497494112320604
12065880	0.0015312147346745
12066851	0.00438967636808614
12067151	0.00167884329748224
12067370	0.00789561010533913
12069481	0.00946944411551343
12070670	0.00069760859566987
12073330	0.00144011869831037
12076320	0.00352854869318924
12078830	0.000629496772898631
12078871	0.0494829636958031
12083541	0.000698364638409448
12084900	0.00162527376727166
12086800	0.000885645230474817
12089300	0.00116076155737584
12092200	0.00183935624569405
12094991	0.00402952847266379
12096210	0.00174460939532453
12097700	0.0105575457703154
12097891	0.000892242419968471
12101471	0.00876651807300067
12101870	0.000777751437528798
12104091	0.00136405319265545
12106171	0.00133272974860106
12106810	0.00768853826951318
12107530	0.00200157144904783
12108781	0.00106081545575453
12110290	0.249221182116635
12111080	0.000866570250664715
12111230	0.0026956135984721
12113331	0.00157841973763584
12115271	0.000622584917999819
12115971	0.000602807101325309
12117160	0.00170711147772079
12117201	0.00259544192944399
12117560	0.00146823630884783
12117860	0.0015275803120963
12118021	0.00186213514810244
12118800	0.000716180384447301
12119660	0.00156331988344335
12119790	0.00311691553291204
12120251	0.00253403718066139
12120590	0.00883465188375326
12120730	0.00192656277579494
12121460	0.00200697283977012
12123110	0.000785309502656326
12127151	0.00173348395254393
12127640	0.000756596419404828
12127920	0.00167850430776725
12128050	0.00284370542682275
12128760	0.0125866310012464
12129040	0.0144497841636306
12130721	0.00134403726012009
12130991	0.00400146977946506
12132340	0.00265791008859194
12134530	0.00175096780107881
12134670	0.00102344288999638
12134840	0.000726642776289927
12136450	0.00104108387929588
12137300	0.00474258407572574
12137690	0.000631948564221101
12140941	0.00147645523645729
12142031	0.0012920195710815
12143121	0.00065616409111635
12143360	0.000760251378053836
12143900	0.00515026778730888
12144921	0.00168158207713707
12145150	0.00155409959933245
12145160	0.0174708522057975
12148200	0.0155842346162491
12149020	0.000646151077663714
12150591	0.000680712849953294
12151620	0.00142944006259987
12152050	0.00133316031980529
12154260	0.000696872090674127
12154270	0.00477139423595489
12155940	0.00145485726597115
12156361	0.0369450412021206
12157351	0.00864392417988953
12157690	0.00224324975841093
12157990	0.00181673574889753
12159681	0.000658687322392061
12163920	0.000615952871181474
12164050	0.00248895351971167
12166380	0.000752152435578632
12166660	0.000653935709725601
12167250	0.00357767340605807
12169321	0.0585819420746769
12169870	0.00283756421800782
12175240	0.00238000124264629
12175551	0.00559413758460443
12175971	0.0537216636768142
12176231	0.000729141571881728
12176730	0.00867838158805346
12177040	0.00069714853433081
12178250	0.00373847091473171
12178581	0.0142876777403905
12179281	0.000671759056101654
12179541	0.00305224294049817
12180030	0.000732994264679392
12180340	0.00240231276133649
12180620	0.00751048324075867
12180921	0.00182659539856483
12181550	0.000673391567767554
12182410	0.00126549639406897
12182680	0.00164813028381733
12183551	0.0107817397292922
12184050	0.0106531638725511
12184661	0.00283702690202697
12185010	0.00188358314190069
12185840	0.00239925601455616
12188371	0.00081251772690183
12189410	0.0062917465261583
12190721	0.00145683663367428
12193830	0.00711840129101072
12194000	0.000640124422713866
12194130	0.00360810525982484
12195640	0.00371296762847909
12195760	0.00156047636644324
12198690	0.000765578162708439
12200361	0.0060805700798327
12201321	0.000665099499632755
12201590	0.00380720049536474
12202650	0.00569683473485479
12202800	0.00130254831781881
12202810	0.00718167979060871
12202950	0.00165100877443013
12206260	0.00249738998322349
12206431	0.000941026953976028
12207141	0.00248079134240203
12209751	0.000963555743287464
12210820	0.000632359797087869
12211070	0.00063199534683217
12211100	0.00130505831515448
12211220	0.000621605302647266
12211681	0.00293304841353519
12211811	0.00318512990515354
12213061	0.00314201215582183
12213130	0.000680192014243882
12213160	0.00291067203368128
12216580	0.00630680294776233
12218940	0.00123176074140148
12219541	0.000861722729459882
12219770	0.00230821629751379
12219920	0.000673394536091484
12220590	0.0133935133745576
12220600	0.00727966621391934
12221570	0.00154198966523405
12224760	0.00832799244266526
12225201	0.00496061047841156
12226680	0.00315350773632783
12226950	0.0026724892538144
12227510	0.00102538517739865
12228440	0.00809367773814826
12229191	0.000678288664893727
12229990	0.000772826699373069
12230250	0.000616271021610304
12231480	0.0016741455201347
12233980	0.00431867449743747
12234230	0.00158760487971907
12234680	0.00275350616424225
12235541	0.0060989992344416
12238530	0.0144209768453934
12239620	0.00109902544296813
12239930	0.000928780536942003
12240921	0.00844262163908279
12243780	0.0185896992034864
12245051	0.00658012518676865
12245860	0.00312771000394455
12245960	0.000920399332354634
12247080	0.00182380011755167
12248491	0.0307365176759647
12249830	0.00179785355556112
12250250	0.00140150594807209
12251060	0.00250570595623878
12251630	0.0101407784275636
12252850	0.0291866132728072
12253980	0.000660293985794258
12255900	0.00740730128716043
12257871	0.00288184031287795
12258721	0.000609790498323813
12259251	0.00336081419522732
12259360	0.00273336908994648
12259510	0.00228877906788316
12259941	0.000804480699455394
12260101	0.00178477323778176
12260740	0.0142228146177817
12261400	0.000862209900727026
12262991	0.00291286074140097
12263271	0.000883911442843352
12263381	0.0089096494712526
12263941	0.000694147686440426
12264491	0.0118587909168428
12267330	0.00238094616840094
12276020	0.00459893244153777
12279111	0.00163120997625598
12279131	0.002104749647861
12279241	0.00230588853398285
12280030	0.00235732334357724
12280641	0.000609105333416596
12281420	0.00343950841601005
12281861	0.00123907363669782
12282421	0.00168648595419813
12282810	0.0029463951907146
12282831	0.0034075190644963
12282841	0.000860717228912941
12283470	0.00165507644700252
12284511	0.000716560799341801
12288020	0.00186153943934312
12288621	0.000782128198053987
12289591	0.000613494057856999
12290540	0.0155326159604197
12291070	0.00349403171951222
12291620	0.00584857265309762
12292501	0.000620547815661103
12293540	0.00492702814249822
12295791	0.00616939607484746
12296341	0.000653893054863375
12297400	0.00151383860366506
12298380	0.00150493430881601
12299931	0.0058651983265411
12301410	0.000776946422843044
12302090	0.00146737204232359
12302141	0.000602807101325309
12302230	0.00308784361809976
12305581	0.00181612279221233
12305850	0.00234345302499679
12306500	0.00072183121230705
12306841	0.326509233443685
12307241	0.0341907787932373
12307401	0.000623088464287497
12314670	0.00162226306438992
12318431	0.20590350236082
12320020	0.0338288613455547
12320231	0.000630800726219143
12321530	0.0019683279378238
12322110	0.00324938044446065
12323521	0.00074348618216477
12323620	0.00204116359977127
12324901	0.000674835983936241
12325130	0.00067749209631126
12325321	0.000667121419549063
12325810	0.000857634181051565
12326011	0.00203718177640058
12326390	0.0256979573808451
12327251	0.00957560131953478
12327920	0.000828857550936354
12330021	0.00096142737111346
12331500	0.0175329744791331
12332491	0.00185235447251543
12332580	0.001450331625804
12332980	0.00140944475736923
12333031	0.00848380921040294
12333130	0.00069051236522774
12333461	0.000609105333416596
12335230	0.00135174716135839
12335521	0.00624936838056182
12337530	0.00177297380137584
12338660	0.00139610706002392
12339090	0.000859081118715709
12340010	0.000639598460648789
12341130	0.0205074984172976
12341830	0.000684132764768047
12343371	0.00424209367740608
12344730	0.0014549750233366
12350001	0.00391118331488507
12350541	0.000701061211510071
12351900	0.00191590642651672
12352300	0.0124647194717982
12355360	0.0134446173587389
12356980	0.0361966640966952
12357000	0.00152677911584985
12361181	0.00143937139006038
12362380	0.00142268925008641
12364860	0.000699241195566728
12365301	0.00235140682448974
12366411	0.00167786551710297
12367360	0.00204658359438769
12368160	0.00428564387055901
12368850	0.000713442349557725
12372850	0.000737646036031813
12373260	0.00269754640962253
12373980	0.00276674495683365
12378250	0.000734761572752807
12379360	0.000650448832870381
12379890	0.00143249027905101
12380320	0.00255071969747803
12381861	0.00213455389550097
12383060	0.00168140644488275
12384611	0.00190161747453043
12385970	0.003046582595043
12386831	0.00430160373125207
12387880	0.00231241497348912
12389150	0.000972094353751077
12390421	0.0106538842002416
12390500	0.00245982710062002
12391801	0.000707864614657216
12392611	0.000902227315340834
12392700	0.00158220760388289
12393861	0.00352948040189608
12394810	0.00291840685592712
12395050	0.00150317193591299
12395630	0.00082965177278977
12397940	0.00188811417714878
12400050	0.000683318508253475
12403651	0.0041706677637462
12404331	0.000645097123621085
12404611	0.00214766322638412
12405130	0.117247513628596
12406541	0.000945842803239234
12408300	0.0020935711613403
12408560	0.00790794915664447
12408730	0.00692207210428094
12409290	0.00248328877657941
12410281	0.00258519367228116
12411781	0.00505629108258322
12415070	0.00155895860784036
12416300	0.0034024805632768
12419330	0.00578545829500399
12421940	0.00561936098500127
12424160	0.00210037297083753
12427641	0.00290667018783238
12431190	0.00154379493492303
12435040	0.00287420001523579
12436481	0.000878386418378811
12439730	0.00215522681866782
12441161	0.00278478286741731
12442800	0.000644503150080614
12443600	0.000640408352066763
12444720	0.000907684599865188
12444990	0.00437633786104975
12446660	0.0097787483769033
12447221	0.0101314565825185
12448170	0.00243460904493559
12448191	0.00209567249419122
12448341	0.00720422477962256
12448461	0.000890312162605767
12448830	0.00088057726319196
12448881	0.00268517359987939
12449151	0.000613534578008055
12452570	0.00166218722233696
12452700	0.0044561188668356
12453021	0.244026416772147
12453100	0.00204383765869563
12455880	0.000602807101325309
12458391	0.00172107810094055
12459760	0.000783507095190857
12460051	0.00299394297081408
12460321	0.00286200269888069
12462411	0.00200675040343878
12466520	0.0138124434542412
12468850	0.00340050084426602
12469110	0.0048497370787485
12471771	0.00238180130698505
12472741	0.000689704221711712
12472830	0.00416252072392478
12473311	0.00271820525846851
12473670	0.00181069177787383
12473940	0.00763594679839231
12474370	0.00228978642196362
12474380	0.0140281558015155
12477031	0.000782907803175688
12478760	0.00548393144840502
12479210	0.00399457662240119
12480590	0.000793058131654277
12480751	0.000788086497870458
12481240	0.00246679031185696
12481680	0.000698315537825764
12482200	0.000863500529442541
12483170	0.000973976130920805
12483921	0.00144138789223136
12486110	0.00172769051928666
12490380	0.000664807736093401
12490900	0.000978849112083095
12491091	0.00101502275493687
12491361	0.00064043252011791
12493660	0.0299426328108608
12494681	0.000761245023471585
12496560	0.000725196137220864
12497410	0.000700061770812267
12497940	0.000641861928603672
12500560	0.000638984517640557
12502520	0.00232575569689172
12504570	0.051954498720654
12505390	0.0104524373933781
12508020	0.00365953938918387
12508170	0.00214324782606034
12508270	0.00217866861624527
12509100	0.00317886168576208
12509981	0.000608720399769796
12510681	0.00265262983579851
12511511	0.000622161512345229
12511580	0.00274696043757126
12513441	0.00221862519109793
12513721	0.00156024523229444
12515610	0.0049705487878345
12516881	0.00316316010869033
12518100	0.00867876003186964
12521120	0.00162313695365285
12522661	0.00448696951697958
12524170	0.0026280664653054
12524300	0.00351316976312585
12524570	0.119990041412958
12524720	0.00143378612058929
12525800	0.000682395283691794
12526630	0.00337930782176629
12529270	0.0158765737044708
12530220	0.00177543966431532
12531320	0.000680273442662196
12531890	0.00298476946286245
12532020	0.0127871453421526
12532840	0.0039029320871892
12536830	0.00171084715007579
12537250	0.000674218951178271
12538490	0.00177403980219199
12540041	0.00173621853146052
12540290	0.00202860446840111
12541810	0.00812810370240773
12542381	0.000729511576288828
12542811	0.00161203317726623
12543160	0.00241215308264653
12544170	0.0439448821176238
12545011	0.00654742481779195
12547620	0.000780553538795
12548140	0.00492780313921217
12551211	0.00174303004540605
12553421	0.0029316950578736
12553550	0.00194643546929493
12557230	0.00356135719970066
12557680	0.00241311824823537
12558090	0.00171233826224055
12559060	0.00166523114928725
12561841	0.0129212883630197
12562941	0.077508764265341
12563771	0.00486147651549133
12564041	0.00135222227674682
12564871	0.00133931669482889
12565680	0.00684913751042312
12567340	0.00160098209530582
12568191	0.000704227406698081
12568611	0.0033055757946148
12569100	0.00300181471374291
12570541	0.00206753480320242
12571481	0.00108096957136736
12571501	0.000784738944393971
12572580	0.00250380542266136
12573660	0.00510062165122345
12575761	0.000765044475109791
12576260	0.000621880799333607
12576400	0.00959067537087747
12576591	0.0100790113860383
12577250	0.00525899337896976
12577831	0.000674982791007247
12578070	0.000655111170778378
12578640	0.000710774696812262
12579310	0.000706815412981372
12579730	0.00492429748956943
12581011	0.00134076997125522
12582220	0.00197991965099571
12582671	0.000638391041571592
12583621	0.0022378623007677
12584451	0.001110249282369
12585431	0.00276244464870264
12586251	0.00158165148974622
12586370	0.000748834876789023
12586801	0.000634088170382205
12589380	0.000808629027894234
12591040	0.00139525911050976
12591071	0.00473064912021181
12591870	0.00154208896984581
12593271	0.00321414206746794
12594220	0.00531932667266411
12597520	0.00346422983348398
12597670	0.000670528090551701
12600171	0.000781574057070625
12602370	0.00331930040827557
12602791	0.00148735587005275
12602801	0.000894638061401833
12603610	0.00520535341011859
12604120	0.00138956854208282
12604400	0.00104265145980815
12606200	0.00132868697347405
12606480	0.0006223015443527
12607160	0.000775439497367506
12607901	0.0267034834360751
12608280	0.000703519335773877
12608840	0.000664745012830565
12612451	0.00835241570417369
12612601	0.00342682969866376
12612871	0.00191320222515986
12613800	0.00173491765253514
12614050	0.0238774973548362
12614121	0.00080569092243191
12616591	0.00222278433297006
12618920	0.00194894217482486
12619081	0.00331183350255227
12619880	0.00182415570540422
12621161	0.00193992534630513
12621640	0.00278591205580496
12621800	0.00121874708361464
12622401	0.00410625135929798
12624051	0.456822532969703
12625161	0.0054048080255044
12627050	0.00430527110515686
12628311	0.000626262228373967
12633400	0.00105531521208309
12633950	0.000727440426397931
12636591	0.024142623819977
12637930	0.000971454229801345
12639020	0.00455643031982531
12640140	0.00073209619325031
12640850	0.00279130314845793
12641230	0.00424061717834513
12641650	0.000648659960066416
12643580	0.00165804552911992
12644150	0.0252515047239323
12645510	0.00105978753696548
12647300	0.00972038465819854
12650261	0.000704934369298204
12651560	0.0250942295697011
12654480	0.00195724999531168
12655330	0.00074703407535534
12657841	0.00429711466246914
12659771	0.000625035761107435
12662460	0.000681004788987688
12662671	0.0135175472893612
12663170	0.00125531886126458
12664390	0.000955348029155322
12666060	0.00103845932525958
12666220	0.00778785996445108
12666320	0.000648153449640441
12666500	0.0023883599428625
12668120	0.0014369603318337
12670350	0.000711003613123486
12673230	0.000694634719709903
12674661	0.000748339079366918
12675621	0.125890171438374
12675710	0.000821958157657432
12676570	0.00105380936485556
12678330	0.00567076458206509
12679840	0.00891228909089759
12680441	0.00413131896395889
12682111	0.00262452334471844
12682880	0.000702706907638293
12684451	0.00220535320611355
12684581	0.00275242225570256
12685930	0.0117143939111897
12685981	0.0624445458779245
12686360	0.000812666832163129
12686500	0.000671980741734612
12688010	0.00241940315180635
12689681	0.001844788470115
12689971	0.00160059301375374
12691290	0.000695469094199399
12694501	0.00154916824005086
12694521	0.00148455876822667
12694740	0.00193275177235584
12697271	0.000619899184201502
12699160	0.000922409465193472
12700390	0.000621880799333607
12702340	0.00406659449438313
12703980	0.00138102201289485
12704140	0.00612372311412283
12704851	0.00151396424448182
12705971	0.00144984056063881
12706450	0.000765282307442685
12706501	0.000714962578064534
12706610	0.0020075442859307
12707970	0.000683229567145854
12709350	0.00136399176572044
12709930	0.00104187729594245
12712540	0.0463101773062345
12712581	0.00414504229969096
12712670	0.000696718918678977
12715051	0.00139697240937912
12716311	0.0133730232620073
12716431	0.000653390898635586
12717760	0.000684175297432519
12718381	0.00140336584624049
12723440	0.00371255982919289
12723970	0.00235647109639771
12725920	0.0031443157291601
12727730	0.0350088393310886
12728250	0.00576598757072699
12728680	0.00120543919846239
12729090	0.00584724898033158
12731211	0.000620195815934217
12732240	0.00144428848358614
12733811	0.000662379071035281
12734241	0.00509934350053705
12735481	0.00566471874593813
12736041	0.00153026464048753
12736940	0.00188122700438198
12738651	0.00163384236517849
12741090	0.00148399219528372
12742330	0.00263940509092518
12742781	0.00313479519857121
12744930	0.0390236109396123
12745821	0.0285217750658432
12746470	0.000668314673346963
12746501	0.00734809135980384
12747071	0.0236083338071789
12748250	0.00412214671812211
12748940	0.000687054620858547
12749070	0.0023730766894692
12749620	0.00176240602939423
12751491	0.00166829442476394
12752810	0.0027535170957176
12753640	0.00415377875441816
12753691	0.00246473745952831
12754231	0.00165885531199193
12755430	0.00155156592962018
12756380	0.00214524827579291
12758791	0.000995554384403311
12758890	0.0106894091764784
12759290	0.000633517175977976
12759870	0.0017965855555319
12760991	0.00492542418430069
12762371	0.00221925988857882
12762460	0.0014172348398012
12763860	0.00603870765253081
12766791	0.00266621962900066
12768400	0.00902614365081992
12769800	0.000791210407317611
12770521	0.00144151106897784
12771331	0.00119512906005116
12772110	0.0024433110035376
12776161	0.00177947836604031
12776571	0.00199797379000686
12779341	0.00118307583072596
12780120	0.00219619100261495
12780571	0.00234405514665988
12780810	0.00151138885761195
12781210	0.000817474645053334
12784021	0.000911700613196463
12784110	0.00380307273101331
12785100	0.00272499645116121
12786241	0.0016096548812457
12786880	0.0455099982140644
12786931	0.000974160631047593
12788031	0.0100577014290222
12789671	0.00212117872445639
12789831	0.000620698636645563
12790610	0.0518511277173047
12790740	0.000703511334353903
12791030	0.00472008943757266
12792970	0.00149195827770428
12793060	0.000683963182714997
12793141	0.000940053183693642
12796550	0.00144557333956388
12796711	0.0724569786036487
12800981	0.00144035214289803
12801890	0.00381933736552551
12802590	0.000789500567873775
12804021	0.538126603691186
12805230	0.00362542509749131
12807850	0.0047642921956385
12809350	0.00373821938493945
12809640	0.0021201092417623
12810511	0.00144590599503156
12811061	0.000745328181624166
12811410	0.00314543614953369
12813220	0.00182965057613037
12813360	0.00193885655072714
12814620	0.00161278905613303
12815280	0.00135766104510342
12817220	0.0527069259233691
12817890	0.000639736074708293
12820561	0.000620195815934217
12820581	0.00350522168489931
12821640	0.00156755757653362
12823471	0.000891273009295239
12823820	0.000631136254246572
12824390	0.00144022979437996
12826200	0.00230107759840188
12826211	0.00177529081571841
12826320	0.00168535785452742
12826921	0.00063623100615219
12828861	0.000654306987318747
12829370	0.000638166591423199
12831830	0.00254997157809303
12833541	0.00269832604468402
12833610	0.00278090013659005
12834750	0.00153280071166862
12835481	0.0021635860039456
12836810	0.00487591546346078
12838781	0.0262612997811633
12839341	0.106052013883149
12840831	0.000652133878636488
12840960	0.00450484360329202
12844151	0.00220105240427421
12844410	0.00326614086912097
12845770	0.0044593001954921
12846231	0.000681027659161298
12848561	0.00578690700464952
12848841	0.00293271801162568
12849330	0.000989368376642656
12849510	0.00101358641132781
12850170	0.00268110652830174
12851020	0.00307965683605664
12854020	0.0011696241972101
12854170	0.000698514314062369
12855051	0.00204332526631838
12858730	0.00513737500219543
12859461	0.0006223015443527
12859550	0.00848950944964114
12862200	0.423867456913915
12862440	0.000627584662905804
12862481	0.000660594960451149
12863970	0.0018065083456826
12864920	0.000742871530948018
12864991	0.00141507819813638
12865941	0.00063249229235034
12867020	0.00337147020314165
12868520	0.00211979444650482
12869220	0.0171393013941708
12871410	0.0230131916680825
12873880	0.00290487663833941
12874491	0.00339963105742191
12874860	0.00384406036183452
12876520	0.000887527567078483
12878570	0.000650020654955382
12880411	0.00397063440037073
12881111	0.000626375885382927
12882730	0.000964527314090013
12882761	0.0249952664054712
12882921	0.000981469864080497
12885241	0.00399928774942995
12885480	0.00201777072812678
12885500	0.00204231989260063
12886300	0.00195855596403203
12886771	0.0022956307403876
12889801	0.0170420760141226
12891000	0.00160968235808162
12891550	0.00158759207040638
12892390	0.00136798380944368
12900021	0.00103129892347075
12901920	0.00945491135272132
12905070	0.00133230341618931
12906730	0.00410446867375163
12909251	0.000785877362327843
12910590	0.000654306987318747
12912001	0.000726293577627944
12915881	0.001788505060339
12915990	0.00122800958702865
12916851	0.00570615373188852
12918201	0.00175795274379702
12920691	0.000665369512522698
12921371	0.018623818498856
12921640	0.00228049654186324
12923430	0.00089782291876446
12924271	0.000731211719733225
12924421	0.00420970660910578
12924530	0.00166742131704678
12924961	0.00385763150700888
12926020	0.000996998255825526
12927120	0.0025809072117506
12927741	0.000622178378710707
12927820	0.00377781348454105
12929350	0.000665551118167562
12929671	0.0021340226174254
12929750	0.00265852572915795
12930050	0.00139193100121605
12930460	0.00103931495272323
12931741	0.142668777196255
12932551	0.000616161649161358
12932961	0.00531554495697879
12933511	0.00433345097512311
12934050	0.00429288270461891
12934631	0.00225666318077298
12935031	0.00326306341563642
12937200	0.0449170517864133
12937811	0.0234429036511374
12938771	0.00104677931217038
12939820	0.000770408037575794
12942481	0.000694849465994343
12942710	0.00153740720738493
12942730	0.0955958073270544
12943321	0.00652170054374837
12947591	0.00110180858683467
12948370	0.000629085022133535
12948810	0.00788170937255951
12952950	0.00325221055685858
12954751	0.000934676001634698
12956110	0.000609105333416596
12956541	0.00347905380607826
12957811	0.00167350351380116
12958611	0.00172541145786315
12960790	0.00133544296523368
12961330	0.000698031448853254
12964630	0.000638970848031501
12966450	0.0118830988207448
12967540	0.000766735299893359
12968510	0.000730933620327066
12968691	0.00132911781018568
12968831	0.000832127343542745
12970081	0.00146444110215082
12970160	0.00544970084194775
12971731	0.00201622418101738
12972151	0.000687697344917172
12977210	0.00266132358624437
12979270	0.00063524777738646
12980281	0.00189481449700446
12980810	0.000624577831173958
12981080	0.00116440853525106
12981490	0.00260673226684344
12981531	0.0189858667379133
12982180	0.000699660846191874
12983110	0.00381498408949131
12983161	0.0101672558437335
12983461	0.0567471600877198
12984951	0.000860361770117784
12985231	0.000617728079964788
12987110	0.00131835493562334
12987301	0.000819787237277585
12987321	0.00728066462572436
12987550	0.00303680611293713
12992080	0.000670531415266935
12994310	0.00070681017742261
12994580	0.00268984613477121
12997801	0.000733035024379636
12998310	0.000822548393055759
12998450	0.00915666352246157
12999181	0.000691125554477157
12999581	0.00161166536599717
12999660	0.000659447834723503
13000900	0.000715094110061871
13001661	0.00138468397700327
13001770	0.00206149222157097
13002590	0.00538016555765197
13002611	0.00192525439187319
13003520	0.00139538059045232
13004421	0.000669419759560903
13004971	0.00184716584761995
13005450	0.0481869342135242
13007530	0.00335971356089734
13008350	0.00159566263916683
13008500	0.00477123467165737
13010881	0.00140445944613596
13011400	0.278359360794423
13014331	0.00180188193147002
13014560	0.00216735903533444
13015520	0.00476557372734408
13015670	0.130954457359602
13015991	0.00200794368875231
13019991	0.00716097686491383
13020421	0.00789884817129095
13021600	0.00182824250528641
13022020	0.000639716006148825
13022170	0.00221453726081956
13023031	0.00156425484547686
13024510	0.00196976892548827
13026331	0.00062585518895677
13026860	0.000731348807997635
13027120	0.000670275849589497
13027420	0.000840062264130642
13029661	0.00971947944796932
13031260	0.000619903879845291
13031930	0.000742592695367085
13033200	0.0027929540339002
13035700	0.00147689096363225
13036561	0.013918446094085
13036800	0.00064415434129586
13039530	0.0059665063317008
13039731	0.000983645616342572
13041210	0.00137489582396442
13042491	0.00147628689557453
13042980	0.000668323641733344
13043690	0.00740063620577493
13045231	0.00280677187329409
13046980	0.000752420750880101
13047810	0.0207045396434413
13053610	0.000731813647182731
13053750	0.0020047272578154
13054061	0.000808766295567334
13054321	0.0687592320309834
13054761	0.0284430132218367
13055270	0.0217360797326383
13056070	0.0194662706308584
13056220	0.000696781118079566
13056230	0.0015688104972581
13056281	0.00226889894251261
13056900	0.00214452441441336
13056961	0.0006223015443527
13058010	0.000715900449898813
13058040	0.00258392889776199
13058140	0.00175175465735722
13058191	0.00709391504390602
13059680	0.000609105333416596
13060281	0.00895882914340838
13061340	0.000682043794782642
13062310	0.000894795417122222
13063800	0.000629510638233292
13064230	0.056249465831079
13064920	0.00502590679598686
13064930	0.000616161649161358
13065641	0.0215315155855241
13068541	0.000635570799362336
13069101	0.000684428280837373
13069190	0.000688678285400077
13069511	0.0290725929434996
13072070	0.0122002811400367
13072490	0.00806320050448992
13072941	0.00229038143871277
13075561	0.000810395035868089
13075830	0.000704589076554746
13075930	0.000653704351217785
13075950	0.00757813143388432
13077091	0.00340593374617274
13077860	0.00479595993193954
13078191	0.00228943646361945
13079930	0.00299555267111483
13080111	0.0302726059433524
13081450	0.00164631992778125
13082560	0.00134394761557279
13082731	0.000899359113613189
13082881	0.00293429011823238
13083280	0.00564572247915734
13084131	0.0183859619375877
13085590	0.00127687864326183
13086321	0.000648548718625961
13087140	0.085743971618096
13087650	0.00143983904631752
13088801	0.00553197435115028
13088951	0.00249885802550746
13090321	0.0310068906879417
13090680	0.000638441896729416
13091000	0.00791888375228048
13091510	0.00161831638142189
13092121	0.0238139219600573
13092240	0.000833037460429098
13092821	0.00177460197595109
13094430	0.00145105341126336
13094471	0.00218634206567464
13095721	0.00462945249767988
13095841	0.000727067981331466
13097590	0.00153046770252008
13099021	0.00331261502548885
13100360	0.000632231026224863
13100661	0.00152694112085979
13101040	0.000880663300758596
13101351	0.000699434712579814
13101781	0.00375584250748805
13102000	0.000648874545404468
13102560	0.00182765511633027
13102741	0.00286499993259646
13107110	0.00276238132378499
13109221	0.0018383196009721
13109911	0.000696788160700081
13110280	0.00238229784164494
13110960	0.000643227120756939
13112380	0.000607185387333757
13112650	0.00278253582228865
13113060	0.0126637588784445
13115680	0.00155823344994462
13115690	0.0058077974710282
13116210	0.0127403413267635
13116681	0.0278796056669145
13118440	0.00158825596964403
13119110	0.00476152855989601
13119130	0.00150613168075776
13119370	0.000650103958570269
13119981	0.00426555844505183
13120500	0.00198947061402143
13122030	0.00260329466131494
13125440	0.00152567324308054
13126481	0.000629510638233292
13131380	0.00309598548263597
13131680	0.000632528763957078
13132681	0.0126078665721543
13133621	0.000634427457626381
13133720	0.00548472244157704
13133850	0.00377189193434775
13138191	0.00152024412166458
13138270	0.000872739250359298
13138871	0.00104653531742742
13139250	0.00197631279946001
13143431	0.0013456616653335
13143930	0.0850241197371311
13145170	0.00140608787816623
13147571	0.000773119089251964
13148261	0.00073096550928216
13148620	0.00662474065572695
13149730	0.0278927212953574
13150000	0.00746204261711262
13150300	0.000709602197864943
13150410	0.00251685899541449
13153361	0.0185865289180899
13153450	0.0018844872246114
13154260	0.000647146814836703
13154420	0.000737146885973475
13155240	0.00143187511234133
13156381	0.000846238360482085
13158751	0.00545618108007486
13159800	0.00340969762426793
13160090	0.000662734601505773
13162700	0.00149931519119932
13165211	0.00118373885334299
13165430	0.000668863389096735
13166830	0.00515935870096448
13167841	0.00155812582584184
13169631	0.00066200404821869
13170440	0.00256331360851259
13173570	0.00363289596967851
13173610	0.00497433337486744
13176330	0.00239349365298951
13177170	0.000646686097858083
13177610	0.000814336420426964
13178181	0.00488406042743228
13178810	0.00482842109103611
13178820	0.000654168397981956
13179711	0.00361400773546032
13180121	0.00138863357247332
13182850	0.0215156863958684
13183530	0.00297137967203039
13184910	0.000678292286335281
13185351	0.00150189846985242
13185361	0.00166190265239654
13186570	0.00394199178603322
13186721	0.00389217232827569
13187540	0.00818200771502462
13187961	0.00124600547115112
13188630	0.00265444246627269
13188740	0.000683482379869496
13190051	0.00244254518774792
13190331	0.00275952537767023
13191701	0.00109887265072468
13192080	0.00300449445811608
13192190	0.000619484754909065
13192890	0.000913263672457031
13193761	0.00209918887963223
13194970	0.0245021774300241
13195250	0.00101164179456507
13196531	0.00275220850558864
13198960	0.00627620645089391
13199421	0.00140914658506032
13200381	0.0105974383435649
13200391	0.00547453897965927
13201160	0.00290459627019683
13202560	0.000650684671761632
13202670	0.000778995984869942
13202960	0.0600020700827596
13203271	0.000800057217728734
13203510	0.0039832370852663
13204920	0.0137704091136601
13205840	0.00612460268613784
13205990	0.000626251913854506
13209320	0.000736937437650929
13209361	0.00219656269069196
13211021	0.00134596066397111
13212671	0.00583361969158093
13214540	0.00131106579237099
13214710	0.34209418064371
13216630	0.00200726421316357
13219240	0.00201065751901206
13219640	0.00335361020782441
13220661	0.00209800376059229
13220880	0.0361458187372534
13222181	0.00171831940660899
13222710	0.0024769586373303
13223691	0.0060190381678533
13223961	0.00199134210995546
13225631	0.000719739328032159
13225850	0.0197800409134604
13225911	0.00172352541381578
13227090	0.0029585441070058
13227961	0.00264273741995785
13232941	0.0043345893077294
13234570	0.00136836062981743
13235271	0.00150936338191361
13237611	0.000859564343536821
13242000	0.00146668605429718
13242290	0.00310623321145015
13242721	0.00551999083444783
13242960	0.000696639222428869
13244241	0.00184965266328196
13245170	0.0264314865417244
13247431	0.000663017938422534
13251291	0.0011761543127789
13252730	0.00133999411477225
13253331	0.00362887331676213
13253860	0.0109101554637003
13256080	0.000961125644412247
13256391	0.0254116824666684
13256610	0.00457357574000545
13258181	0.000771706567971849
13258461	0.0082690220537962
13259240	0.00192734379320395
13259821	0.000602807101325309
13260111	0.00854774440217109
13261331	0.00184642957868428
13261341	0.00176852035728205
13261840	0.00317074879561388
13262270	0.00139726975009724
13262581	0.00568312918226092
13262800	0.00246954511284666
13264671	0.00767923732835986
13264941	0.0010289864476354
13265450	0.0335324086256837
13266940	0.000620195815934217
13267001	0.00116311964038709
13267401	0.000693585057198418
13267670	0.00355236600926229
13268620	0.000619761443829863
13268870	0.00153976287119976
13269331	0.000923980902134447
13270451	0.00180841196434877
13270660	0.00106439042298354
13271370	0.00247658493873632
13271510	0.00182801820067597
13272040	0.00144281063132582
13274840	0.00230606474193248
13275811	0.00459332261855667
13278430	0.000661988334886316
13278690	0.000762395732744095
13279390	0.028096053217539
13279971	0.000629089662040627
13281771	0.00179484260396411
13281980	0.0023616382678224
13282410	0.00108469797054028
13282530	0.00616720406267511
13282991	0.000687499015514255
13288651	0.000658799447001559
13289621	0.000918375325172956
13292050	0.00223628331295188
13292391	0.000988339577736357
13292490	0.00073648017252593
13292750	0.0116162348140385
13294960	0.000745194026002402
13294970	0.00229389500426311
13297901	0.00140188226887102
13298520	0.00283564435355713
13300941	0.00221441147525156
13304521	0.000698234339117233
13307070	0.0017060396075712
13308511	0.0125910793919055
13314861	0.00230644254177136
13315561	0.00069090767805112
13315940	0.00392278890463828
13318041	0.256749415596306
13318680	0.00368162664552295
13318851	0.00219353442733867
13323281	0.00236185701923878
13327370	0.00142426272216539
13327660	0.00698786042256834
13328050	0.00185758265409313
13328091	0.00210513040757181
13330380	0.0108572115691487
13330930	0.00274835079403923
13332361	0.0120400442255342
13333300	0.00379832228451274
13333840	0.00312293792417686
13333980	0.0107682469280029
13338680	0.00185843260840044
13339490	0.000776381104714726
13339650	0.000704347873013025
13340890	0.000745143436834202
13342021	0.000694914953371474
13342800	0.00104091187115261
13348081	0.0100473269226583
13348310	0.00196177528662509
13348730	0.00461420053268208
13353051	0.00976923702855703
13353461	0.000635972277772774
13355811	0.00199321438705935
13356371	0.00255263494254921
13357030	0.0359945450832176
13357051	0.00146887450001325
13358171	0.00178124022545808
13359070	0.01424863211574
13359360	0.00214666907207299
13359490	0.00524361922048515
13361461	0.0021620066874132
13361550	0.0133051593965446
13362011	0.00228105302929119
13363121	0.00721602054983286
13363650	0.000639607144296102
13364450	0.0018484645534813
13365580	0.00147317993152541
13368190	0.000663810906495915
13369010	0.000782683107561185
13369550	0.00156471145709475
13370130	0.0125211566194276
13373280	0.00290858245148737
13374240	0.00471067771964031
13375401	0.0310932869559152
13378940	0.000640720293576132
13379261	0.0106061702977885
13379620	0.00556847193183254
13380040	0.0232585248895639
13381430	0.00224383279510828
13381731	0.00123960943934475
13381820	0.0118715752768236
13382930	0.000694082428051252
13383240	0.000640772729185605
13385450	0.011704120053831
13386390	0.00498233005196448
13390130	0.00134935243124533
13390540	0.0034918198857273
13393881	0.00104288700601958
13395951	0.00153312922553935
13397601	0.00168818832656755
13399080	0.0285152549700815
13402000	0.00120968801751058
13402110	0.0048022729442917
13402431	0.000881300852434577
13403080	0.0127227794508653
13403131	0.00433629334734658
13404890	0.00160002178140588
13405481	0.00150191699472009
13407941	0.00224577170141621
13409960	0.0021622421555702
13410151	0.000842165319828757
13411531	0.000753948265925628
13412351	0.00260442187751657
13412600	0.00619202892888267
13412890	0.000618260341546712
13413331	0.00112308767120902
13413820	0.00101703343590014
13413970	0.00067905724141676
13414851	0.00287215718223018
13415951	0.000622832794885404
13416050	0.00283364063658151
13416371	0.000609790498323813
13419121	0.00130458192240268
13420040	0.00226609921163597
13420590	0.00263012454257307
13423121	0.0025813903193593
13423200	0.00217842204071606
13423470	0.000780321189988994
13423510	0.000628292348744046
13427100	0.00131376167962516
13427111	0.000660378953598855
13427200	0.0022745956767696
13428081	0.000609105333416596
13430920	0.00187224594494448
13431411	0.000843839639606557
13431951	0.00064262824662692
13432470	0.0208918013578675
13434520	0.0221437021861898
13435890	0.00063429421880293
13437191	0.100381572814383
13437950	0.000643699718543329
13438691	0.00336136497191309
13439340	0.000615053201467107
13440050	0.00193645264516539
13440310	0.00798208324065578
13440781	0.00249006605394495
13441950	0.00319308169805452
13443111	0.000809360450498574
13444901	0.0010202088002407
13445601	0.0012780331254049
13447381	0.00261002335332489
13448610	0.000613782977173223
13451490	0.00825462061639276
13453560	0.000635985906121602
13454790	0.00348618414537721
13455780	0.000748330533939365
13459951	0.00187773733149832
13460200	0.00518868473275055
13461140	0.005093951098494
13461611	0.00208845051458187
13461840	0.00136158501196142
13462640	0.00253403259134142
13465420	0.00266635646883212
13466161	0.00231537968662811
13466250	0.00246599721859728
13467510	0.00171354996141867
13467521	0.00590479743327586
13468440	0.0026781143027647
13468870	0.00222073991187807
13469061	0.0174541769193621
13469150	0.00631736056919739
13470370	0.00529817164871325
13470800	0.0040830698806079
13472330	0.000795759770565455
13472440	0.000884139067680861
13473881	0.00312465506906624
13473970	0.00135488080693093
13474250	0.00064043252011791
13474680	0.00230602837195744
13474991	0.00411148434509931
13476231	0.000717748008769725
13476740	0.000688334177840068
13477430	0.000711804698312628
13478281	0.000676764385166412
13478790	0.000750680556806088
13480341	0.00075312632125721
13481950	0.00236006131946526
13481980	0.00173867691835207
13483760	0.000677704171655125
13484570	0.00893560786111027
13485430	0.0104233169329753
13486141	0.00152607810866397
13486961	0.000783912759364028
13491101	0.0323769080768616
13491770	0.0022350623225751
13492211	0.000725439230703739
13492870	0.00400539949754052
13496160	0.0238524153596692
13499811	0.000852870403776652
13501430	0.00664960999274751
13501581	0.0015030924039699
13502421	0.00953853102812807
13504020	0.00584406142982691
13504330	0.0032790578079519
13506530	0.000679478457113432
13506681	0.00181333391478559
13507600	0.000618382924946143
13507770	0.00335409448660185
13508901	0.000679808660806244
13509710	0.000655743790096253
13511371	0.000649902772970446
13517160	0.0284898321489477
13517461	0.00109465563213554
13517690	0.00820507868196065
13517710	0.00114142929356418
13517861	0.000697453791127519
13519320	0.00128349578215917
13519511	0.000777739403304118
13519801	0.0144298549966003
13520870	0.0148026419688202
13523780	0.00859462341172758
13525130	0.00665200436861676
13525311	0.00218940549359487
13525810	0.000629510638233292
13525960	0.0698667626554231
13528840	0.00323930930911276
13529020	0.00261046901413898
13529550	0.0126001093069046
13529570	0.0129059775904911
13530271	0.000788806278757733
13530910	0.0024461144529115
13531521	0.000806584584709709
13533400	0.00106239065776908
13535190	0.361880045238131
13535521	0.00589675791333357
13536860	0.0121888293847441
13538821	0.0021419315329865
13539121	0.00145100941974274
13539620	0.00144166032389918
13541731	0.000672898299655804
13542011	0.0161663188060425
13544341	0.000636840690392718
13545280	0.00116809504805134
13548840	0.00190275410804668
13549270	0.00190941419705971
13550001	0.000676060984659071
13551480	0.000704489819768728
13557601	0.000634427457626381
13558080	0.00253183740745545
13558390	0.403639451928084
13558981	0.00177550140799252
13561390	0.000664746810330549
13561410	0.000849076173362665
13561530	0.00226029113563437
13562770	0.00270864247146949
13566120	0.00746455167424855
13566551	0.00469541728463783
13567060	0.000697905568645088
13568430	0.0178369971120663
13571880	0.00780300450926031
13574350	0.00356899250507921
13576331	0.0176421315848513
13578821	0.000678282847939443
13579531	0.000846516557622407
13580700	0.00547532107460748
13581711	0.0015680470063353
13582250	0.00119818159941621
13583060	0.00777253367533386
13585451	0.00104232581554363
13586220	0.00203813887130763
13588450	0.00319306747178344
13591091	0.00171544143083756
13591220	0.0167451436883464
13591641	0.00102254656815575
13592710	0.00361254771653307
13594900	0.000871986735744679
13596191	0.00200662950148891
13596560	0.000636958528155478
13597321	0.00308379668386219
13597721	0.00151946244655987
13598790	0.00417925218092942
13599050	0.00176223797559235
13600071	0.00322501910665105
13603091	0.00244480235027882
13606350	0.0012671090836817
13608550	0.00459245267816816
13608761	0.000751484350411302
13610121	0.000609790498323813
13611190	0.000683099508372388
13611350	0.000633296612797846
13612191	0.00231733144733734
13613400	0.177925133482286
13614640	0.00196920977935814
13616560	0.000640768301867208
13619060	0.0101673752992818
13619750	0.0011067200422495
13619781	0.00387363738048142
13620560	0.00063966351881213
13621161	0.000734495562828309
13623480	0.00217431735839335
13623661	0.00165721223290833
13624170	0.00138767790909412
13624211	0.000731480057229492
13626271	0.00376766365460211
13627310	0.000835136827614141
13627590	0.000884711391029272
13630780	0.00238327140670573
13632590	0.00171948618746618
13632751	0.00364857202646135
13633420	0.0013645348805989
13633851	0.00245245160845942
13634640	0.00344427846694648
13635460	0.0019951411264607
13638551	0.00675193437461479
13639720	0.00189922649908523
13640621	0.00158721343543484
13641021	0.0022814350671361
13642110	0.000871001685755174
13643641	0.0013233924965255
13648481	0.000654969206142042
13648860	0.00177039039932726
13648990	0.0162593319209844
13649250	0.00218545638558818
13649550	0.00195091194532052
13651641	0.000836557346599925
13653581	0.000981823343020611
13653680	0.000642084316626294
13654100	0.000775217473744144
13654251	0.00249080422047525
13655750	0.000628378191394419
13655921	0.00436796777200852
13657451	0.00387184537819112
13657561	0.000766157587785885
13658100	0.000614279024624743
13659241	0.00359438572918279
13659760	0.0283066373569009
13660730	0.00399228812007082
13660970	0.00226567459168564
13662480	0.00480195560233104
13662510	0.0036794483389336
13663760	0.0049098012681304
13664270	0.000647760425389248
13666210	0.00151570199879884
13669140	0.00176833760231597
13671460	0.00237002519418054
13671470	0.00152837748586366
13672601	0.000922198729088907
13672710	0.00083295539009729
13673301	0.000688134522670991
13673960	0.00164928580249714
13675070	0.00256700498491526
13675101	0.00220191135811468
13678920	0.0111969528073575
13680331	0.00212111965235867
13681520	0.00309939112196203
13681960	0.0331131611766922
13682520	0.00157409940306548
13682920	0.000890802696156341
13683330	0.0017969502698272
13683600	0.00238070364407931
13684580	0.00147944264097964
13685550	0.00150775776828753
13688300	0.0160866428652588
13689510	0.00264725042917578
13689830	0.000966135724605679
13690380	0.000623168703337087
13690490	0.00193574644909877
13690750	0.00248165167829996
13691180	0.00161488424436873
13691470	0.000701001773994324
13693421	0.00143518583151436
13696331	0.000641065138670066
13697260	0.000734654760332312
13697380	0.00206379790677883
13698131	0.000719449631067947
13698251	0.00186200900596696
13698610	0.00490644964414801
13699491	0.00395645781123726
13701120	0.00527450168375268
13701711	0.000660560121806824
13704150	0.000669170964428782
13705400	0.0052545589201714
13705680	0.00164069208637944
13706490	0.00487202234735294
13709000	0.00135317650652158
13709940	0.00135102512892041
13710340	0.00337328539677389
13714350	0.000679059452688148
13716201	0.0627482678922886
13716300	0.00237516859993987
13717660	0.00537364441545402
13718381	0.000702532885721856
13719060	0.000689987098381694
13719081	0.00128483080037455
13719190	0.00485753694596767
13719880	0.0127768371545311
13720010	0.00220747322667557
13723761	0.0769963261003218
13723911	0.00201195822195376
13724020	0.00232271487685144
13726090	0.0016521563782635
13727730	0.000803676780811369
13732171	0.00176522111128215
13732270	0.000648659322084805
13732430	0.0152537484273984
13732540	0.0018818731261469
13736690	0.00502046177696372
13741851	0.000627279196046132
13741940	0.000781588256269181
13742080	0.229073119722991
13742401	0.0016251689377679
13748030	0.000880939106966795
13748061	0.000674387345683235
13748150	0.00755189500447889
13750111	0.000863259697669433
13750121	0.00565035922371531
13751481	0.000697237615034508
13754090	0.000955135885091597
13755190	0.0244924727172888
13761390	0.00151624907587894
13761841	0.00216988309186446
13765520	0.00278838707434186
13765660	0.000773346073639571
13766050	0.000722911050562333
13767730	0.000995347547598266
13768721	0.000625957128848962
13772270	0.00153808734951664
13772410	0.000653240821956036
13772420	0.000936132951429016
13772670	0.00144010401361144
13776150	0.0115201753396764
13776430	0.000648557488983419
13778080	0.00354299591055255
13778210	0.000615745052836222
13780120	0.00968001170808684
13780160	0.00142878991003663
13781250	0.0360833754264687
13782101	0.00212178439118876
13783201	0.0022854797383154
13783641	0.00240490053049642
13783730	0.000716774498947806
13785370	0.0552474491445165
13785711	0.00158907405963427
13788861	0.00252240580369402
13789780	0.000797965049147319
13790381	0.00069365591822612
13791730	0.00270751803421083
13793161	0.000629085022133535
13794640	0.00427468397658431
13796461	0.00196805480763012
13796550	0.000702086435025792
13796741	0.000909612605894964
13799020	0.0172580362413489
13800311	0.361983272348989
13803481	0.11289300009823
13803641	0.000657570294753928
13804451	0.00149268472373132
13807071	0.00210379903086112
13808430	0.00190430132998933
13808680	0.00631458958007921
13810791	0.000686332854457457
13814050	0.000736613716456605
13814941	0.000633958425926576
13816260	0.00143550447155063
13816550	0.000763915555639752
13818880	0.00492027829491399
13819850	0.0054420667033212
13819860	0.00156883797656168
13820690	0.00261850420658925
13822620	0.0017353587707822
13824410	0.0027610445702336
13825230	0.00138614081393551
13829510	0.0949402463647652
13830870	0.00149697136468201
13832041	0.00187944365932727
13832120	0.00184213960013252
13832321	0.00230697572889342
13833780	0.0041096015851609
13834121	0.00107419334211675
13834360	0.00241785956234721
13835611	0.000654306987318747
13835880	0.00506409649265274
13837520	0.00222760525767868
13837630	0.000646278003123461
13837650	0.00656033425176804
13837940	0.20003464940243
13840010	0.00207261928172774
13840410	0.00595096335720695
13840540	0.00256789450293362
13840950	0.00106241973631312
13843850	0.00893246416858304
13845401	0.00245315909151281
13846040	0.00141224190482419
13847160	0.000666538973267219
13848451	0.0175654902816726
13849141	0.000609105333416596
13851980	0.000905992392103466
13851990	0.000741700878604872
13852031	0.000830521390453477
13859881	0.00207171117647466
13859990	0.00268900928293144
13860021	0.00363755419573535
13861370	0.00142676262672031
13862801	0.0114212517823516
13864181	0.00209196211707068
13864461	0.00543258238574306
13865951	0.00988668914157738
13867980	0.00064043252011791
13869360	0.00105892466226685
13869421	0.00140735065006371
13871560	0.00182641183357267
13872711	0.0104871473755802
13873141	0.00157001296988875
13875590	0.000717453511784388
13877370	0.00170199970301123
13877770	0.0207958530559337
13877821	0.00640880181336674
13880380	0.00513353766249936
13880441	0.0045873997982056
13882910	0.000622178378710707
13883341	0.000824996836163623
13884680	0.000673345948767215
13885250	0.000684658693383868
13887140	0.0154784788687775
13887570	0.0008146436427072
13888270	0.00592502381687564
13889220	0.00277780665868324
13889811	0.000698030845496343
13890750	0.0158442853838305
13891180	0.000616161649161358
13892150	0.00089442848421964
13894931	0.00177052117165612
13895061	0.00107593459500632
13896560	0.00198495788017819
13899000	0.00327388369103257
13904550	0.00346986229646406
13905001	0.0185470170373772
13905421	0.0158714927696381
13906210	0.00955656097420493
13906870	0.000718322994332348
13908560	0.00516292286215638
13909100	0.00162843471428622
13909220	0.00321581074517942
13909281	0.000678312622601015
13909500	0.00224433324578548
13913551	0.00620877418821125
13913971	0.00324766190943646
13916280	0.00158395673659983
13916410	0.00214000833232296
13916721	0.000744191083506911
13917261	0.011572745402526
13918750	0.00300418760876818
13921070	0.000815433533464564
13921520	0.00103472009268377
13922040	0.00178227731880937
13924161	0.00614290642414514
13924571	0.000839378713970242
13926750	0.0018026243537118
13927850	0.00880313097028098
13928031	0.000619035493457434
13928560	0.00553636424180292
13929510	0.0175895951999459
13929541	0.00218572888241603
13929681	0.00290691190812148
13931051	0.00301363504644952
13931481	0.00311652147266378
13933001	0.00261127401770201
13934460	0.00399673465528122
13934600	0.00149189985893211
13936680	0.00517642032598118
13936851	0.00188718224079278
13938730	0.00484694613584108
13939450	0.00174011946778094
13940800	0.0425108258029455
13941821	0.0015158919009045
13942890	0.000949627906473369
13943160	0.00224893952558186
13950350	0.000808705551788104
13951170	0.00458936639437196
13951440	0.00813706836125882
13952301	0.000717323385324161
13954750	0.000754400763844049
13956650	0.000695927878259271
13959840	0.0035397850981108
13960311	0.000677571098126315
13961671	0.000602807101325309
13962190	0.00168527741471538
13962381	0.000714643595377915
13962470	0.0104745531429574
13966340	0.000705162928469898
13966381	0.00303798163082711
13966600	0.194928366775935
13966720	0.0109828059282637
13966911	0.00143308011510712
13967201	0.0021419066158144
13967310	0.00137004334559745
13967580	0.00138480487474937
13967830	0.000863493480372791
13968451	0.0661912499563815
13971700	0.00209822899242376
13972130	0.00124939226407343
13976161	0.00190584275034343
13976370	0.0090544992863342
13979201	0.0006223015443527
13980950	0.00285146317466482
13985630	0.00187830172503298
13987321	0.000632187197348778
13987960	0.000639706327562606
13988110	0.000670167191746021
13988270	0.0246156074472375
13989610	0.000655793959510857
13989750	0.000922047596241966
13989760	0.0017045301529888
13991720	0.000699666904107142
13992410	0.0023468937285484
13992540	0.00708939584003411
13992940	0.000631223907676656
13993490	0.00246965908049079
13995010	0.0144230872218175
13995720	0.00062724533492613
13997350	0.00489488355766895
14001230	0.00547748820619263
14002580	0.0105822792924976
14002791	0.108799926227953
14004291	0.0015488989899074
14005671	0.00108591395929161
14006231	0.00209529235734251
14006710	0.00986633753580084
14006720	0.000768611383631921
14007741	0.000697466976228141
14010491	0.00417972900489851
14010890	0.00077435285661986
14011311	0.00284695871023473
14012520	0.00185041377657665
14013100	0.00470292288520344
14015061	0.00473419139702481
14015160	0.00499652935998009
14018030	0.0150358398365229
14018200	0.00774325726530534
14021931	0.00271869642389809
14022460	0.000628601319852101
14023201	0.00190745163176305
14024930	0.0024039208860562
14025931	0.00158827363773439
14028571	0.00198793160994109
14031191	0.000846956551476155
14032120	0.000828440961099897
14032260	0.00291342885500902
14032400	0.000757585271354249
14032780	0.000606847882149017
14033200	0.00690823459910454
14033261	0.0114079800911892
14035850	0.00069445446221731
14036530	0.00133680690578605
14036711	0.00139939147061264
14036780	0.00330254280436488
14041230	0.00461197658978482
14041350	0.00816241557641794
14042300	0.00271816466115919
14048940	0.0015709353652803
14048950	0.000620095640565813
14049801	0.000692254958694102
14051120	0.0102381841053774
14051871	0.00224363613836287
14053490	0.00393208233406703
14054710	0.00140850204490121
14055061	0.00299760421464261
14055400	0.00119193609376676
14055820	0.0421457182278578
14056920	0.00071367064013691
14056971	0.00218795609962551
14059181	0.00215225440223769
14060971	0.000885244823546937
14061801	0.0481876563525806
14062610	0.00266149246138633
14062921	0.00284896967692586
14063321	0.0142751396368003
14064370	0.00137799950196935
14065740	0.0131483462562042
14067591	0.00173641649758569
14068001	0.00176021593349635
14069251	0.00139488141939342
14069480	0.000870821326271771
14071601	0.00656551329715734
14072110	0.00209817520134587
14072711	0.000685518541030903
14073391	0.013010117860325
14073480	0.000651094006158686
14076090	0.000915552323537654
14077470	0.00271626264497642
14077811	0.00152845593467237
14078300	0.00173231191597808
14078641	0.0016077626775434
14079570	0.000711509360157495
14081070	0.00151665779727616
14082891	0.000610653836332925
14083540	0.00437217817974963
14084110	0.00712073771221724
14087191	0.000609105333416596
14087280	0.016893909077546
14087741	0.00316901365873644
14087960	0.00384182131868413
14088151	0.00202563448907406
14088271	0.00319253693903429
14089230	0.000736447494063176
14089401	0.019772629328742
14089521	0.155566066407003
14090310	0.00795405319274717
14090911	0.0014167251888774
14091710	0.000688847711025701
14092790	0.000694946854186543
14093780	0.00134301717074171
14093910	0.00402373475308395
14094351	0.0223148000325364
14094440	0.000633416291735244
14095000	0.00107139938855988
14095670	0.00546314346943352
14098290	0.00268478237982329
14098481	0.00449554845725101
14099051	0.00151005419464146
14102190	0.00174258847260592
14102850	0.0013256835408177
14103451	0.000608693505068779
14103570	0.0373761402822147
14103591	0.00377313090997306
14106470	0.000725915688994583
14107270	0.00161788573858852
14107280	0.00250412530765617
14107741	0.0046190675544386
14108841	0.000688787554755742
14109330	0.00398575974878275
14109750	0.0017338367989076
14110481	0.00218448763312008
14112701	0.00440491518752645
14113371	0.00741439310253937
14113760	0.00238038279364214
14116100	0.00128320482191344
14116701	0.00504471672741411
14117931	0.000602807101325309
14118990	0.00401458687485687
14119270	0.00069591125990565
14119530	0.0466706594317382
14119700	0.00528448963736849
14119830	0.000665099499632755
14119980	0.000977134081959368
14120691	0.00160501652665546
14122330	0.0013975030702722
14124650	0.00322419585752143
14126361	0.0010418342948118
14128421	0.00790447516657063
14128920	0.0233921496396331
14128950	0.00865410537610336
14130870	0.00533718115633211
14131041	0.00162891507241421
14131731	0.00134932585354224
14131851	0.00162111535875647
14132411	0.00140703653194511
14133121	0.00512442271967951
14134010	0.000774082564854742
14134560	0.00244673278007438
14135810	0.00612610289005342
14136370	0.00202577920508404
14136431	0.0212268946721378
14138160	0.0153845302679926
14138471	0.00164883303085025
14138570	0.00291315355492599
14138700	0.000698253027782757
14139150	0.000779234049573133
14139530	0.00131953422954411
14139550	0.002494918272239
14139711	0.00311925261740865
14141241	0.000658392823976523
14141781	0.00534825343124306
14141941	0.00103219222609281
14142361	0.00135854351637381
14143120	0.00350251097596232
14143410	0.00360618241201161
14145890	0.00401532692019646
14147010	0.000641776934751913
14147851	0.00259445996897802
14148530	0.0367643178569332
14150710	0.00339777790361744
14150990	0.00159318063888117
14153111	0.00105994154008273
14153190	0.0243672487667356
14154430	0.000737236124371657
14155420	0.000628378191394419
14155991	0.00946498117340495
14156230	0.00151204650245694
14156910	0.00221911163417277
14157251	0.0429228299250003
14158061	0.00173120948757747
14158860	0.0191077429827201
14159940	0.000837462973801365
14160261	0.000944161177076341
14161040	0.509290031371814
14162221	0.00138007887876103
14163171	0.00280570473382417
14164271	0.00113804077183275
14168790	0.00067157354425492
14172370	0.000973027180302618
14173801	0.00155467450226041
14176640	0.000662721281074331
14179451	0.0337788593997857
14181180	0.000651425823291772
14181340	0.00275993476641725
14181391	0.000671920098651105
14182331	0.00100053412568789
14182741	0.000683035684240711
14183270	0.00068934492339335
14185251	0.0030609277786645
14186280	0.000648333788611121
14187810	0.00345545630404365
14188080	0.00203472214578499
14192001	0.000634561177210514
14193651	0.000629085022133535
14194611	0.00305917862634228
14196210	0.0284164351098275
14196961	0.000712351472773268
14200070	0.000800856986868985
14200780	0.00156877298908465
14206901	0.00179744913782142
14207550	0.00107084498760135
14209730	0.00366663333556008
14210420	0.00381793062157808
14211731	0.00307150294072767
14212261	0.00266616975103939
14213200	0.0017176595124895
14214160	0.0118015659467814
14214180	0.00891330544828751
14214741	0.0271745915697343
14215410	0.000645549368401753
14218321	0.000711917886469741
14218990	0.000855535762343915
14219721	0.000633810566083936
14221030	0.00077435841452515
14221661	0.00401195115660409
14222440	0.00147691660803134
14222611	0.00202727004160857
14225911	0.0159413206101151
14226720	0.00290516287146661
14227400	0.00778935293363096
14228141	0.000769471404986784
14228941	0.519744501277564
14231011	0.00454693257914135
14234341	0.00149742081713482
14235120	0.000769593286128249
14235970	0.000638927969231432
14236090	0.000747192991790201
14236790	0.000609105333416596
14236941	0.00316977055640984
14238331	0.0308173181372464
14238850	0.000683264547404256
14244941	0.000783360978948363
14250830	0.0164111013298754
14252261	0.00472304854406596
14253340	0.00709873632906889
14254030	0.284959751590168
14254191	0.00164401346732526
14255000	0.0013222394998794
14256080	0.00862790500705511
14257050	0.00923926002976818
14260131	0.0020673453426742
14261641	0.000631292999478544
14262430	0.00186870687904611
14263410	0.000875642387953735
14263550	0.00211777048644597
14263680	0.00182200497929212
14264401	0.000640561573362194
14264551	0.00190214861098285
14266130	0.000764434728596259
14267370	0.0014665873804323
14267550	0.000685201299362849
14268360	0.000639482234611162
14268900	0.00155064085666102
14269200	0.00157513891042047
14269580	0.00200033796421991
14270481	0.000632805368488853
14272521	0.000672016548176391
14273030	0.0162660411682701
14273180	0.00145051016977271
14274181	0.00208903755474865
14275550	0.00342344570072443
14278741	0.0017071337371496
14279120	0.00691368047932007
14279431	0.000656865106297776
14279441	0.0022413233535295
14279530	0.000628706317962668
14280360	0.0138592983983388
14281750	0.00267545305882703
14282451	0.00177394978969347
14282871	0.00210865911109051
14284200	0.00286619540003406
14284510	0.00203612690451924
14285870	0.000632405888028905
14286010	0.00323252651749976
14289081	0.0158755208450175
14295670	0.00143058495230569
14295851	0.00162220929719206
14298481	0.00972966740687543
14298960	0.000609583877804819
14299981	0.000803863960552364
14300770	0.000619080115447067
14302140	0.00832992895399387
14302300	0.000609105333416596
14302420	0.000744957539469852
14304531	0.00146395919801769
14305631	0.00660414775694963
14305730	0.000645872737045904
14306980	0.000616161649161358
14309651	0.0006223015443527
14309771	0.0265220747683431
14310150	0.00066024433991375
14311530	0.00276439194310758
14311981	0.00149098473508317
14312330	0.00068284398673423
14313470	0.00278597473165465
14313781	0.000675825878070761
14314861	0.00128158722951727
14314871	0.00313393721218573
14315161	0.000637498457633078
14315250	0.002328715807912
14315711	0.00676764753000166
14316900	0.00140981619875718
14317621	0.00155306333464344
14318130	0.000639598460648789
14319421	0.00127774696221317
14319670	0.00150295962339884
14319831	0.000932574378464681
14320650	0.00152309630073498
14325050	0.00181952125669375
14325590	0.00544340463252656
14325990	0.0455333023734
14326980	0.000631612962830441
14336791	0.000809456206163694
14338591	0.00121854893850306
14339380	0.00187281341402413
14339670	0.000697622519355491
14339790	0.00312774627382649
14339920	0.00109501481466715
14340241	0.00064481235260964
14340370	0.000987697644213955
14340630	0.00177646260724737
14340640	0.000997702968516479
14342731	0.00102182576133767
14344190	0.00116458149063784
14345890	0.0775056264161647
14346741	0.0644315913370534
14351011	0.00165980991418436
14351820	0.00131376137932558
14352681	0.0202709946353142
14354990	0.000883692152714034
14359141	0.00451507893800068
14360060	0.00223433497490721
14360111	0.000734808914471962
14360220	0.00153554516120755
14360640	0.0058966649637693
14360760	0.00475194114909769
14361720	0.00276881254771709
14364360	0.00094171886616338
14369050	0.00583315765356681
14369180	0.00143011943591088
14369911	0.00118901390081827
14371120	0.00288309391396109
14372801	0.000694286688975971
14373460	0.00219053506153688
14375080	0.00308823808550882
14376791	0.000721206973489587
14377460	0.00134683277718808
14377590	0.00917839257527893
14380651	0.00488032333343807
14381580	0.000783889648864716
14381771	0.00104631897222815
14382451	0.000615866945730008
14383230	0.00546795167618955
14384070	0.00153000704747273
14384640	0.000652290985437774
14384671	0.02168094761658
14387001	0.00345462385442255
14390991	0.00190369150216811
14391120	0.0013368543932416
14391910	0.00246791661568748
14394051	0.000706249924481655
14394550	0.00175802917163173
14397071	0.00220703659705678
14397840	0.000602807101325309
14398120	0.00115104072047904
14399220	0.00894134791160963
14403500	0.00215909126658834
14405071	0.00328552650067423
14405870	0.000630191467872855
14406871	0.00294788769187932
14409501	0.00837213355806169
14410581	0.00196042999413337
14412111	0.00442248255068612
14414410	0.00062568661916704
14415831	0.000848549567859473
14419250	0.00346713840957579
14419650	0.00814090888182201
14421050	0.000695701985561664
14426530	0.000690423264511752
14426991	0.00112632080295376
14427951	0.00335064564740424
14429361	0.0194404305899517
14429621	0.000621119957161544
14429891	0.000649311320993242
14431780	0.0277856742229742
14432880	0.0019989039959702
14437440	0.000602807101325309
14437481	0.0023832106420077
14437580	0.00064008832617198
14439951	0.00317265957450324
14440870	0.00869268060883079
14441221	0.00719323831121923
14441420	0.0714612150494849
14441891	0.0014660720390848
14441970	0.00138918339589108
14442041	0.00133899950045087
14442260	0.000659861641281883
14442830	0.000924188032765921
14446120	0.00140584724035897
14446181	0.00292583427613661
14446400	0.000849439255713327
14446700	0.000677032017560572
14448760	0.00062806165963591
14452180	0.0100336827924351
14452381	0.00101021403574914
14453221	0.00719916963742825
14453970	0.00174968400018664
14453980	0.00321576188163068
14454410	0.00190588913863646
14456050	0.00146791620212087
14456391	0.00130750797411596
14456910	0.00533961874820087
14458021	0.001933517838975
14458041	0.00223545317244755
14459230	0.00153903478614397
14463080	0.00343463754535185
14468330	0.000609105333416596
14468470	0.000624223850558968
14471240	0.00113991507942644
14474861	0.000648859959970484
14476111	0.00174946634904983
14477580	0.00062179584373873
14478530	0.0328567803720248
14478721	0.00343719151479352
14481860	0.00152928735387731
14482550	0.00200257159551356
14484750	0.0102567081357746
14486721	0.00117525512956701
14488501	0.00807017741346141
14488661	0.00336659240980769
14488801	0.0206732199154849
14489700	0.00104212850037995
14491131	0.000890720743413626
14492740	0.00288885376439964
14493870	0.00517909109795676
14494031	0.000614794477545
14494161	0.00112503861356077
14494311	0.000769698814908006
14494571	0.0224329714971774
14494680	0.00212394485323784
14495780	0.000657025503402179
14497471	0.00241166629685213
14498940	0.0015883428270318
14499961	0.00971599724491803
14502680	0.000913075873396837
14505201	0.0129146621857096
14505321	0.000709992320193948
14506420	0.00133576782392069
14506571	0.00155866167406665
14507001	0.014198280819886
14509321	0.00185928294683634
14509601	0.00137067060210341
14509730	0.000976227608362732
14512241	0.00674807950314839
14512760	0.000789455874081179
14512860	0.00362914180215474
14513860	0.00157773482570575
14514410	0.00872732496359389
14514690	0.00060901135895007
14515510	0.00586794941595887
14520340	0.0350163408399243
14521321	0.00324527447718294
14521980	0.00294368161576908
14523240	0.009380039616344
14526540	0.00130049269280355
14529211	0.021634564894837
14529611	0.00102377215412222
14529761	0.000677215319490081
14530581	0.153160728080955
14530851	0.0650607501579412
14531890	0.00184869088640226
14532730	0.00836609205497528
14539380	0.00235039192530439
14539910	0.00197049285508802
14540651	0.00779687137446565
14540911	0.00157240799070993
14541560	0.00080103286305874
14541820	0.000645046817448874
14541830	0.00803573303002812
14542550	0.00161560149566295
14543671	0.0173527912832993
14543770	0.00303577103812799
14543951	0.00131272270443795
14544511	0.00133721814085936
14545850	0.00434884902281051
14546270	0.0888125964572798
14550650	0.000713428022986199
14552651	0.00108323692729261
14553290	0.00574476013226163
14554550	0.00141396294616985
14555230	0.00579502618482469
14559271	0.00140500117408118
14559681	0.026564782425238
14559790	0.00137440235325521
14561430	0.0022643280133106
14561550	0.00229651438677931
14561621	0.000688007512934085
14562940	0.000613542843900183
14562950	0.000616161649161358
14563411	0.00247349693607054
14564470	0.00383040351947989
14564730	0.000710090015506731
14565471	0.00331559427509443
14565860	0.00198603285510237
14565881	0.0610686192692393
14566291	0.00206444137078591
14566660	0.00238252150507698
14567671	0.00750631355537645
14568221	0.00271817992612439
14570130	0.00163467172427148
14571131	0.00429620134851783
14572200	0.00252219396502286
14572310	0.00651630077783045
14572600	0.0017478188853391
14573700	0.00370050975814477
14575200	0.0753736584631542
14575551	0.000625400932214127
14576330	0.00218462305616251
14577300	0.000695235967345735
14578100	0.00148013872005831
14578571	0.0274025608600357
14579360	0.00229958958914039
14580101	0.000725186169900413
14580470	0.00069474692357445
14581710	0.00301862154058909
14582530	0.000699951941004986
14582861	0.000700537167735489
14584190	0.00119685974476431
14586650	0.0571825948342714
14586670	0.00141461625695497
14588480	0.00126320826083972
14588511	0.000672061666343074
14589201	0.000679057085306089
14589860	0.0206877591062295
14590130	0.00945353074598102
14593051	0.00830583319411402
14594780	0.00700701409146221
14594981	0.00146475315982623
14594991	0.000901997818361557
14595220	0.00379118850400415
14597051	0.00192156327005766
14598810	0.00169579524012666
14601201	0.00135477669691925
14602581	0.00211391418332689
14603961	0.00813890226862854
14605731	0.0197692927014154
14606090	0.000641431904616884
14608440	0.00499344367435963
14610100	0.0055437232639996
14611121	0.00349125863327886
14611910	0.00141449543684817
14612781	0.000785690003488718
14613061	0.00144008042436178
14614021	0.03434427057184
14616890	0.00232884512482136
14617331	0.00422882427272151
14618551	0.00113911871747432
14620071	0.000924139932747905
14620470	0.000650919985779908
14621820	0.00130724995534906
14622561	0.011171309438308
14622971	0.00183727829207417
14624860	0.00449625585716579
14626370	0.00317142975891177
14629120	0.000713721621682057
14629331	0.000699379744575724
14631060	0.00663169456475401
14633160	0.0114505501809142
14633290	0.000789886746545844
14637410	0.00164310953816849
14638670	0.00302501098893673
14639070	0.00174694776580097
14640091	0.00426359367875029
14640430	0.00232869876397423
14640491	0.00365826930694361
14642551	0.000616161649161358
14642810	0.00386539770881433
14643541	0.00197952941220547
14643640	0.036318838930244
14643951	0.000719323635639414
14644621	0.000619594933624909
14644641	0.0330221570078253
14644990	0.000697080735423972
14645970	0.00320115979992469
14648880	0.0017477462172816
14650110	0.0274781756123705
14650281	0.0230996870787717
14650650	0.00164097768604671
14652231	0.00129560045339807
14653700	0.00215298049954323
14653840	0.000666879915377952
14656891	0.00621369245615967
14661741	0.00272425108624428
14662851	0.0024645218203898
14663661	0.00333284229095416
14664481	0.052047753140205
14665530	0.00062499979522758
14666220	0.0783544817714777
14668590	0.00155992351336343
14668621	0.00538586459038867
14670271	0.000621605302647266
14673530	0.00263429924011574
14673560	0.000793528719597404
14673670	0.000806607003720925
14674571	0.0101352129277878
14676081	0.00150137994489211
14678001	0.00501637700238946
14679780	0.000921979871086259
14681331	0.00143793644532424
14684010	0.000653159274845135
14684860	0.000916675837918866
14688850	0.00145178947900031
14689991	0.00324140256727764
14692481	0.00096200922239073
14694131	0.0158114937583871
14694431	0.000750528432263198
14695480	0.0064862483095806
14695620	0.00441043037166799
14698151	0.00295051877993996
14700990	0.00206908710555261
14701980	0.00063947200659824
14702080	0.000634421574351404
14702110	0.00620402162244014
14702400	0.000834915856086502
14702520	0.00146232938029298
14703050	0.00144200313226265
14703231	0.00159153712318374
14704061	0.00366217808743653
14705800	0.145424913186971
14706080	0.0080952012963349
14708430	0.00336154967774571
14708700	0.0217638530065449
14709451	0.000875673808398825
14710011	0.00515296819722243
14710090	0.000701363815367737
14710230	0.00972142429449642
14710240	0.0508603146311959
14711080	0.00067753324274845
14711750	0.00236502778449332
14712211	0.00255927128451384
14712351	0.00242584242649831
14713980	0.00243338588087499
14714841	0.00201790276747651
14716600	0.115244489885336
14716761	0.00239939324660902
14717820	0.00462499486239935
14718670	0.000945992497971016
14719080	0.00171236908216149
14721871	0.00191316044429577
14723890	0.000655186497974651
14724980	0.00227811864091294
14725680	0.00151862542543335
14726090	0.000626835132792554
14726151	0.0132393238902283
14727880	0.00383564784196212
14729120	0.0285327731850346
14729150	0.00479812755410927
14731480	0.00365185110082321
14731921	0.000662421820915936
14732191	0.00155323955967388
14732351	0.00103332365803418
14733970	0.00130008824039245
14735941	0.0029831529496645
14737601	0.00165879569409005
14740341	0.00177840477342201
14741980	0.00113125396554469
14742900	0.000755115850028011
14743251	0.000642181970594953
14744061	0.00152304427741919
14744290	0.0029413232666078
14748600	0.00998939976878619
14753031	0.00204616165813097
14754541	0.00245764042564187
14757120	0.000684184922270165
14757420	0.00505201127774305
14758650	0.000620515178552459
14758770	0.00576402989556748
14759600	0.000886421245916982
14760891	0.00199890416812632
14761670	0.00437302033636745
14761700	0.00241872821729761
14761810	0.00197544786983379
14761950	0.00923928263935405
14762390	0.000791620230926103
14763590	0.00065545357541168
14764140	0.024437674232808
14764881	0.0048759427073331
14769451	0.00178291661690228
14769981	0.0121504493659013
14772901	0.000667365144671391
14772980	0.00143297656808974
14773520	0.000652107719255681
14774510	0.000716391377179962
14775490	0.02326339705612
14776450	0.0017236325922715
14778250	0.00186177130723448
14780891	0.00192688392510668
14783600	0.000721641487346338
14785301	0.00063544225609503
14787490	0.00719617111006929
14788160	0.0312092581081145
14788180	0.000925889874353648
14790551	0.00351717209231539
14792000	0.0268434823761254
14792471	0.00505428569519631
14794790	0.000629510638233292
14794971	0.00408485490465986
14795450	0.000747829676782194
14796621	0.00579281635581954
14797171	0.000616161649161358
14799340	0.000648548718625961
14802391	0.00384106823598184
14802421	0.00356512831185222
14802910	0.00346433222664951
14803310	0.000944438789784214
14803511	0.00106685020028676
14804690	0.00327134646369478
14804710	0.00201669900917404
14807620	0.00186967206087173
14807760	0.00219773807462099
14808071	0.00152966358557426
14808730	0.00110601986934491
14809011	0.00234007286632118
14810401	0.00463239145221032
14810910	0.00131487656898792
14811781	0.00132668319746148
14815651	0.00464319724963775
14819921	0.0763903814374053
14821000	0.00220749231844498
14821250	0.000608693505068779
14822240	0.030792350923746
14824461	0.00318524545915336
14828751	0.00217448901996864
14829520	0.000621605302647266
14830080	0.000681926307689285
14832471	0.000759982688166797
14834630	0.00175866655775367
14836160	0.0105293035724735
14836761	0.00137855690200643
14837510	0.00250852005303048
14837790	0.00168365449211646
14838380	0.000633333892036521
14839040	0.00356047040811809
14839781	0.00181449250102762
14840690	0.137601132533838
14840710	0.000720917788045224
14843200	0.000913257885224518
14843371	0.000676230725913987
14843931	0.00168177286231179
14844201	0.0616858458439177
14844280	0.0103508838561711
14849841	0.0880134600430049
14851860	0.00576900349141787
14857120	0.00230582936853655
14857270	0.00489287573593958
14857711	0.0154034068896158
14857930	0.00170253373465288
14858380	0.00320318402937799
14859480	0.00220146786298543
14861940	0.00108617874962752
14865820	0.00374257859286711
14867030	0.00226349889435207
14867101	0.00254174358554037
14867860	0.00150677543904596
14868430	0.00167857011953782
14869141	0.000766160719078772
14869971	0.000710300356700319
14870210	0.0080284876409027
14870261	0.00237851184381569
14870490	0.00420915961967527
14870640	0.00082284774766289
14873171	0.00172354426721042
14875320	0.00242743757076855
14876160	0.000756193185241673
14876690	0.00381984081097691
14878060	0.000808157594278869
14882060	0.0122641845489656
14883740	0.00252585013999806
14883781	0.00062528512842322
14883791	0.00382156152927677
14886131	0.000609105333416596
14886640	0.00156067848157985
14887590	0.00143304826191373
14890780	0.00116165978674727
14895050	0.00149752560966531
14897270	0.00533192664443942
14898541	0.00153209005685243
14898821	0.0201097120721941
14898910	0.000843094977531526
14899580	0.00643750721130602
14900201	0.0263108202271199
14904321	0.000662274819282438
14904570	0.00153614285818575
14904820	0.00466393391321694
14906521	0.000920886902056306
14906910	0.00627739552933912
14907351	0.00192321417917494
14909011	0.00111669503363609
14909831	0.00490704558098174
14909930	0.00692190304085297
14910951	0.00588243850729687
14911761	0.00191331287550078
14911911	0.00243995663223819
14913981	0.000661216498303869
14916690	0.0551649381561007
14917691	0.00148575353531943
14917851	0.00366339303882531
14919040	0.000639819366051837
14920570	0.000705600437488485
14920710	0.00359202255797617
14922370	0.00333878213671548
14925141	0.0959977002368923
14926370	0.00183948112740305
14926900	0.00168842113129203
14927180	0.00185531483539709
14928550	0.00154917978429503
14929021	0.00169036712340127
14929130	0.00207015005905266
14931901	0.00395677766437963
14932970	0.00106174354590006
14933930	0.00118852458032672
14935180	0.00252907221276623
14935501	0.00372291960179934
14936280	0.00505851883790828
14937701	0.00803082480624583
14938220	0.0526105118183055
14939590	0.00345327861524284
14939771	0.00193975309382346
14939911	0.000670965844158495
14942910	0.000940232301875416
14944031	0.000663700987116227
14944420	0.015803552203131
14945910	0.109243426511642
14948990	0.00272610288016883
14950121	0.00325660531438859
14950511	0.000615745052836222
14951320	0.00335873439779006
14951720	0.000642922810399219
14953360	0.000646609522143476
14955330	0.00174525029959712
14955600	0.000785046268341657
14957281	0.000783719181536799
14959061	0.0017504221730061
14959501	0.0019834606626479
14959710	0.000884371088953128
14959730	0.000954397578597103
14959880	0.00230201138190643
14961650	0.000642803481515529
14963590	0.000626251913854506
14963720	0.000622178378710707
14963990	0.0101815223573057
14964010	0.00220549984602328
14969390	0.00176782866201589
14970111	0.00297752035818135
14973090	0.00141365844387757
14974671	0.0006223015443527
14975050	0.00192314086417357
14975720	0.000827564672195276
14982511	0.00549941683180694
14983501	0.000686313693329766
14984680	0.0006682556756843
14985681	0.00476192163090975
14986811	0.000975333548821888
14987450	0.000714369407362931
14987570	0.00068791486739385
14987590	0.00120227436720234
14987990	0.0017693475486489
14989770	0.00172434655607482
14989831	0.0472897729331423
14990531	0.0153759271576766
14992140	0.00146800364725932
14992991	0.00342702011051482
14994070	0.0175502663191601
14994750	0.000956840410187192
14995020	0.000736458929318608
14995590	0.000956910782494768
14996311	0.0386830592494917
14996581	0.00388745392923429
14997411	0.00602484888284886
14998190	0.00919841760686736
14998610	0.000762535932420764
14999631	0.000701892357301639
15000670	0.00257868234171717
15001681	0.00339797930014395
15001940	0.00112874690932165
15005380	0.00156369663871687
15010121	0.001278634846572
15010381	0.00076299343957882
15010490	0.000788519618205628
15010910	0.111457827279196
15011040	0.00120646907523242
15011320	0.00189581186589216
15011631	0.00204739401360126
15011720	0.000810461627299152
15012130	0.00149519712772658
15012660	0.00581021390260747
15015040	0.00552840971350109
15015761	0.00544525292871018
15017011	0.00249417252812289
15017261	0.000767466807050912
15018511	0.00442032629855884
15018921	0.000905630163191681
15020260	0.00213798710446107
15020290	0.00331848848337189
15020700	0.000641776934751913
15022241	0.000974096915196923
15022480	0.129808136747357
15023420	0.000825110593993897
15023850	0.00163421810805688
15024120	0.000848175782951575
15026490	0.000620195815934217
15026610	0.00193097735494631
15027491	0.0160649329719858
15028010	0.00545775150046411
15030080	0.00681328570864928
15030651	0.000677997546709487
15034080	0.000763853087521714
15034531	0.00357656648890938
15036660	0.000652428807341865
15039320	0.00490936266401044
15040820	0.00628623936950937
15041490	0.0581608008786548
15042320	0.00205959147554278
15042651	0.000710690866989784
15042870	0.000992684812650157
15043891	0.00242883509688508
15044250	0.000630682259533785
15048950	0.00132010705928768
15049401	0.000848272523528983
15052321	0.00252556433867876
15052571	0.000684655331784338
15052810	0.00716208016708547
15053910	0.00195379156584591
15055840	0.483798948733407
15058880	0.00112886667709889
15060161	0.005774364861911
15061691	0.010152392827418
15063580	0.00063037247189933
15063850	0.00427367881416095
15065080	0.0448747315888069
15065131	0.00215801359001776
15065531	0.0435201776443716
15065640	0.00707886592440964
15067160	0.00331387102505411
15067730	0.00303363089746446
15068670	0.00471631299676379
15068690	0.00363133673056832
15069240	0.00964762956559294
15069370	0.00211713506218903
15069780	0.00323909838797359
15070060	0.00105281417732242
15070381	0.00142889242247751
15070620	0.00248662947773226
15071440	0.00089823217486441
15072431	0.00260801360319026
15072721	0.000708014486285087
15074760	0.000636377343250564
15075191	0.00237642749031411
15075290	0.000853057076583133
15076120	0.00198305847773967
15077220	0.502467198654315
15082900	0.00165972870852972
15084690	0.000784030522268979
15085240	0.00441215468775904
15087621	0.0375456464494612
15089490	0.00930157172963478
15089910	0.00146735862373509
15092311	0.00520262770123407
15094511	0.000767824474423652
15097210	0.000675075956721102
15097930	0.00210148745494995
15098771	0.000786841487815411
15099280	0.00447845986447156
15100701	0.000609790498323813
15100930	0.00090728261532273
15101620	0.011803153149945
15102610	0.000657144271149817
15105961	0.00847194306066671
15109131	0.00142672222104683
15109551	0.00487578273748999
15110781	0.0018162311282753
15111751	0.0866011984046634
15112171	0.00412793205771754
15113200	0.00234222524839869
15114210	0.00270959926160816
15115871	0.00131475646333198
15117951	0.00572746113804421
15121271	0.00210037726474734
15122180	0.00207407323141559
15122720	0.0253502126326673
15123761	0.00066550906729651
15124110	0.00137979510815262
15124120	0.00238529218394954
15125141	0.00395593609581055
15126760	0.000888152476404539
15126860	0.000679531132131537
15127751	0.00202162630480884
15129520	0.000815066386449841
15132120	0.00165980006454576
15134921	0.00085939975862867
15135461	0.00126113531850783
15137520	0.00281403201745893
15139741	0.000619903879845291
15139980	0.00365378395091527
15141620	0.00125220595535015
15141920	0.282744502330404
15142190	0.00129590578478165
15142480	0.0119418170252484
15143010	0.0012671090836817
15145811	0.000711110425464929
15146091	0.0113098739948027
15146760	0.00494962551480707
15147020	0.00820646589866391
15148971	0.00358882191997958
15150081	0.00244247696245152
15150320	0.0535259398958551
15151960	0.00108139929513604
15153801	0.000701562130178304
15153920	0.00422639118808639
15154440	0.0110535871897588
15154921	0.000974607002373171
15159270	0.00445289682046227
15159741	0.000679769661093827
15161930	0.000657388547725751
15162450	0.00787056232981949
15162771	0.00423581671049456
15166081	0.0270567184506499
15166631	0.00165997118709128
15170860	0.0043621075655278
15171881	0.000630529774066194
15172171	0.000718760424561459
15173340	0.000662515606025419
15175591	0.00232046459873359
15176380	0.000637992286202075
15177610	0.0015099829911734
15178091	0.00142699429497573
15178190	0.0063814544005409
15179290	0.00192798899374349
15179990	0.00937010836645097
15180240	0.000699606316798089
15183871	0.00940743120991432
15188110	0.000791550567076746
15189360	0.000757698927795441
15190880	0.00216396364923278
15193131	0.0723812634124503
15195710	0.0188848351542977
15197620	0.00260746053660945
15200380	0.00109742316396307
15200940	0.0872881580236771
15201131	0.00217511816478626
15201230	0.00117810503494585
15203850	0.00179474963496354
15204530	0.00291863779924067
15204571	0.00202119451268094
15205610	0.00110272422412319
15205681	0.000619903879845291
15206231	0.000621095470781709
15207440	0.0608760947542437
15208230	0.0047910830589135
15208800	0.00157162999881343
15209370	0.00301279728757668
15210460	0.00399464038583659
15211451	0.0188474708882466
15211990	0.00149330007048037
15212640	0.00287001655269782
15213070	0.00786523855706324
15214600	0.000715410272943531
15216680	0.00208645381926868
15216981	0.000673270782592054
15217360	0.00258939909626322
15218450	0.000741456754191905
15218781	0.000669638026662756
15221480	0.000678354644409688
15222330	0.00700416867614534
15222341	0.000609790498323813
15224831	0.000639171345327796
15225200	0.0018875717930217
15225740	0.00277473401486119
15225780	0.000672297446566611
15230740	0.00101937509427734
15231171	0.000828387500913956
15232021	0.000896190642660448
15234491	0.00100231059410883
15234570	0.00253159987165634
15234590	0.00407001765802226
15234730	0.00172403596090192
15235260	0.000921622028962043
15235280	0.00425602366210963
15236301	0.0024932110918142
15238990	0.00368028292873436
15239270	0.0167877337136566
15239440	0.000619525670489332
15239581	0.00509242139843414
15240971	0.000624006359551622
15241600	0.00583680515907937
15242450	0.00108106810631608
15243461	0.00211616609196893
15246091	0.000624195451628326
15247010	0.202417212438212
15247810	0.00348316781444791
15248670	0.0015995633484507
15249760	0.0117553784158723
15250341	0.00357261704339842
15253661	0.000690480717030195
15255331	0.000836335153536496
15255881	0.000658568357302045
15257600	0.00653281468190705
15257890	0.0032275053447944
15259260	0.000805774918612455
15259471	0.00353252643228268
15260370	0.000754950422379943
15261080	0.00287263828782442
15262611	0.0122312035128556
15263530	0.000626251913854506
15263670	0.000641861928603672
15263680	0.00174816625107765
15265080	0.000705954829484885
15267031	0.00238617486247303
15271041	0.000949208931803578
15272390	0.00344217519907108
15273101	0.00735057213610654
15275670	0.00162337533974028
15276841	0.000633810566083936
15277900	0.00220164474745258
15279410	0.000628292348744046
15279420	0.00188493246021704
15280360	0.00156958752117477
15282190	0.0020206458175288
15283250	0.0821675264723313
15283960	0.000751156729199991
15284001	0.0006748526895393
15284240	0.00431996631380863
15285060	0.00282534548873101
15285630	0.000941335639060195
15287581	0.00138907883011329
15287731	0.00134635083197607
15288360	0.0126411837762971
15289210	0.00491376739909349
15291400	0.00142652202312811
15291991	0.000781161394544323
15293200	0.00338666476258848
15294720	0.00240412076708374
15294891	0.00195881413547001
15295010	0.00172421811527961
15296260	0.00249647466381965
15297640	0.000680212959446905
15297941	0.00256752738172259
15298061	0.00291863147054433
15298320	0.000717799233536097
15298840	0.00166367490776438
15301921	0.000643658693905203
15303601	0.00946826905638388
15304120	0.000675378830424769
15306010	0.00123332263843749
15306221	0.00220514260129354
15306471	0.00382503324699319
15307041	0.00156189480350106
15307591	0.00149104318481363
15308390	0.000669904929588314
15308660	0.00584432005310068
15308910	0.000951832977059895
15309641	0.000660196235071569
15310481	0.000679734966711363
15311110	0.000752950430308412
15311280	0.00331901393445395
15311940	0.00539465180901642
15312910	0.00115435261703991
15315000	0.00131390775058049
15315021	0.000970085764644989
15315400	0.0029515097711882
15317801	0.0695824690651133
15318191	0.0484778861640344
15319041	0.130367451699187
15319270	0.00210751975517857
15319560	0.000711175884006393
15319581	0.000834868941325096
15321350	0.000668265312408691
15321610	0.000687723232069923
15322020	0.00189874604777688
15325040	0.0023768985533997
15325070	0.000720338833502716
15325511	0.00175717660822526
15327171	0.00229847680076974
15327311	0.00152279840547077
15327840	0.00260432604931691
15328220	0.00240861300060282
15329190	0.000706621611572112
15331950	0.00422627183286791
15332490	0.000613188307108445
15333450	0.000699423676869164
15333730	0.000701249906958981
15336800	0.00406490613872927
15337470	0.000999196516866892
15338351	0.000895082885227924
15338430	0.00419053564961256
15338830	0.000964680536136718
15339451	0.00187180051111055
15341180	0.00193385675696252
15341450	0.000836445001019032
15341740	0.00153993824903268
15343250	0.0027563429855479
15343991	0.00177149535022314
15348500	0.00134279100593072
15351270	0.00072469058224008
15351731	0.00590678931123967
15352011	0.00793513700965724
15354020	0.000698705609515454
15354180	0.0014471319127847
15354481	0.00275626551927365
15354570	0.0131310742781929
15354720	0.000686313693329766
15356380	0.0735174139839942
15358990	0.00103975690759735
15359591	0.00073533790235217
15362440	0.0425753127526061
15362751	0.00265372588364256
15363031	0.0166706719316997
15363841	0.00355622665802076
15363960	0.00232542293720605
15365320	0.00134318687010338
15366881	0.00127342978468795
15368920	0.00330861394358129
15371380	0.0072302483309307
15371660	0.000644698873226603
15372900	0.00205888819291779
15373210	0.000842661272321958
15373600	0.00367624814233284
15376920	0.000869285893588651
15377310	0.00117734020498879
15379021	0.00290161607855486
15379130	0.00306011248925922
15380551	0.00146541097774817
15382751	0.0124465047544817
15384070	0.00620026649455699
15384370	0.0165375941002606
15384411	0.000655360318741166
15386341	0.00637833222517026
15386550	0.000632187197348778
15388681	0.00161800439847573
15388790	0.00328161523450542
15389931	0.000616161649161358
15391260	0.00156256828181388
15393610	0.0209250775950899
15394030	0.00065402859801185
15394621	0.00177740102714289
15396230	0.00477812955914797
15396531	0.00851951471404522
15397580	0.00178876414733745
15398450	0.0194829962803649
15398550	0.000729116345584864
15398730	0.000635908146573087
15399721	0.000663185624164101
15401641	0.000794900643619986
15401661	0.0318771639014223
15401900	0.00279793611950928
15402321	0.00200624469036294
15404691	0.000957222871633662
15406140	0.00101560895845487
15406550	0.000993496472052552
15406690	0.0123747880422911
15409350	0.000849910347543256
15410170	0.00239146032399448
15410550	0.00393492998177125
15411800	0.00154642255976003
15412360	0.00456009684475511
15415701	0.00186015271852946
15417470	0.000678292286335281
15423280	0.00482853506525941
15424240	0.00292091296283712
15424520	0.0023498650366988
15426030	0.00367046638924299
15427280	0.000834282978429232
15427400	0.000832503500734866
15428500	0.00376277120379448
15430891	0.00548117767049458
15431140	0.00348330564186765
15431171	0.0205258203130338
15434170	0.000692588729651739
15434191	0.0182644872371044
15435571	0.000638534858296363
15437740	0.000664629551702726
15438461	0.00144251993086724
15441450	0.00368968944864205
15441651	0.00527295432164469
15442181	0.000726065908425665
15444090	0.000667500696024778
15445600	0.00113451942370416
15446010	0.01534781821513
15446051	0.000825873545843839
15446290	0.000682021105971236
15446751	0.000608693505068779
15448531	0.000956664956834215
15448620	0.00404829646374846
15449371	0.00163838235371531
15449600	0.00203233763176954
15452380	0.0332040665830743
15452480	0.00261065695208793
15452661	0.0951005704798889
15452890	0.00139999702335147
15453911	0.0025866099226845
15455230	0.00113195817885651
15456661	0.0266180399920575
15456780	0.000609105333416596
15459431	0.00281187791323354
15459780	0.00257177094833043
15460090	0.00579033467753135
15460951	0.000628292348744046
15463950	0.0110856891850757
15463971	0.000693145740317569
15466550	0.00317369276734485
15469030	0.00180447239001773
15470140	0.00283167032932642
15471301	0.00316285870154243
15471510	0.00272072206578832
15475390	0.0011626461867598
15478300	0.00307892164210392
15478820	0.0020423653189482
15479260	0.00158722890140845
15480770	0.00796836100092521
15481320	0.00452189648343095
15481340	0.0038231410895215
15482710	0.00797860695472186
15483230	0.00529792716185379
15484131	0.0011488968538429
15487551	0.0134413393506397
15488230	0.00160495587001959
15488880	0.00175399421884323
15490201	0.00295899170264372
15491120	0.00195739302563829
15495141	0.00639920258878614
15497050	0.00165411088199049
15498000	0.00204621618981416
15498201	0.00145138246609857
15498540	0.0116881384124265
15499011	0.0015693159638025
15499680	0.00210070873167492
15499800	0.000682013704035633
15501160	0.000615952871181474
15502051	0.0109338772202302
15502710	0.00109217641631787
15504541	0.00203498613443641
15505310	0.00266910872594402
15506420	0.00277088611138023
15507380	0.00106468355346585
15510440	0.00275807702278792
15512610	0.00352501178566398
15513030	0.00233220018693277
15514130	0.000921782958827127
15514311	0.00144947304673935
15516480	0.00179837082573193
15516640	0.00152801843217171
15519001	0.000702751957593779
15520360	0.0014677307701731
15522960	0.000722035183303847
15523551	0.000873255888013914
15524261	0.000979171854585432
15525081	0.00194560139780645
15525190	0.000747409462897663
15525501	0.00135915952661184
15527660	0.00465958400781675
15528261	0.0103972886219934
15529750	0.00146426739966235
15530451	0.0136476924577238
15530990	0.0124715494937379
15533071	0.00304008420715119
15535360	0.00060561869631737
15535380	0.000678345711206416
15536391	0.0219996879087485
15537771	0.00083240071825183
15538331	0.00147358954095776
15540890	0.00374717998664607
15541440	0.00220122117064809
15542311	0.0803674884349041
15542321	0.002817217329495
15543131	0.0006985173760743
15543370	0.0166909380887152
15547291	0.00333485722590168
15547770	0.000720612853327796
15548401	0.000771876734727133
15550690	0.000710459523017892
15552070	0.00343027608342616
15552780	0.00312078702489899
15553771	0.00327085014231259
15555141	0.00235599764318739
15555500	0.0029718712814054
15558560	0.000667705581269274
15558741	0.331741651169047
15559370	0.00183690298483746
15560231	0.091871536498002
15565150	0.000693507055784568
15565840	0.00511072287202323
15565870	0.00085257734557702
15566851	0.00306296926357239
15567920	0.00207591047703292
15568490	0.0283661354413256
15569190	0.0788238075697928
15570120	0.0034496488736224
15570581	0.00172194293533434
15571271	0.00498583471545883
15573471	0.00213835540502674
15573901	0.000776065745481763
15574430	0.0426489241324106
15576630	0.000672010022588338
15576651	0.000940661050857776
15577170	0.0151298523351995
15580661	0.00245521697575021
15580760	0.00424298421352141
15581880	0.000644441976683217
15583920	0.00176226755098755
15585501	0.00521965379249054
15586010	0.00399917816698407
15588880	0.000998177706898042
15588910	0.00600282995725827
15592801	0.00303157682377824
15596880	0.00460329204480078
15598441	0.00131153045252816
15599090	0.00216977778279905
15599701	0.000723068086777302
15600220	0.010993247964536
15601850	0.00217002491013522
15604231	0.00330826297224446
15604470	0.00554030666436956
15605071	0.00151638731800921
15607630	0.00324344700402272
15608630	0.00200699231974039
15609061	0.00114642831546153
15609290	0.00290519145169907
15609590	0.000619903879845291
15610161	0.00239079272307005
15610451	0.00219562188864161
15610820	0.00280305584841597
15612340	0.000619080115447067
15613180	0.000781682451228224
15613700	0.0088293821481069
15615650	0.00090605755011771
15616251	0.0159212417195399
15617201	0.021215868794526
15619131	0.00202101329734096
15619370	0.0018695841424317
15623561	0.00217755220822586
15626940	0.000641869520644021
15627100	0.0213025007913802
15627691	0.000625256799771368
15629730	0.00641698909358324
15631760	0.00375404609300729
15632910	0.00539811612258631
15633150	0.000734971579558819
15634000	0.00500037342981662
15634451	0.000751236215070169
15635490	0.00648272266984521
15636070	0.0321664032833397
15641310	0.00235345683700529
15642110	0.00195469695273307
15642270	0.000643699718543329
15642280	0.00169994964726062
15644740	0.000799051561680372
15648371	0.000972848523355576
15650700	0.000649065413367944
15651811	0.00131294638892367
15653201	0.000670306112288127
15653460	0.000629510638233292
15654970	0.00163561998395946
15655210	0.000717402074146416
15655640	0.0043424382145775
15655831	0.0504626503393798
15658010	0.00153375924188268
15658711	0.000802620543637401
15661191	0.00363412169687538
15665891	0.00205371456784383
15666260	0.0020382144534444
15666800	0.0016071817871291
15666861	0.00312451430760699
15666940	0.0019527709021136
15667770	0.00223352107250026
15668190	0.00979573795298068
15668511	0.000704262129036049
15668880	0.00101799545366861
15669020	0.00141518058427092
15670800	0.00198601231226209
15673201	0.00134521592053467
15673560	0.000687219645113751
15674280	0.000692031681354519
15674410	0.00568275540201832
15676101	0.00472647186564048
15676511	0.00422045240535468
15676641	0.00083010809597095
15678660	0.00515341688125619
15680511	0.000670731323466302
15680620	0.00343156915526869
15681840	0.003226595031215
15684170	0.000728818973949193
15684350	0.0012253631414351
15687370	0.000953720829168508
15687620	0.0015751162173859
15688210	0.000640624322914714
15688610	0.000650620439247001
15691360	0.0126373484761079
15693420	0.00152586205523707
15693440	0.00155078398039418
15694021	0.000862846007597763
15694161	0.000640687593344846
15694311	0.000609105333416596
15694571	0.000695987622413327
15696771	0.000676426994752243
15699110	0.46426989250628
15699780	0.000682853240467166
15699811	0.00422858742325645
15700180	0.000633446297615565
15703790	0.00253875723241974
15704501	0.00081050908821268
15704600	0.00182112204910295
15705201	0.000714200198285815
15706970	0.00264012404586972
15711121	0.00239719226624964
15711141	0.000939010455475146
15711251	0.0023590186998078
15714380	0.000747641265418675
15721201	0.00447204755137569
15721621	0.00288289562093363
15722100	0.01713047715721
15723520	0.00180832941997139
15723900	0.00296770210694894
15724381	0.0127623086560227
15724631	0.0034988253249762
15725591	0.00151371811938525
15725720	0.000657645585363859
15725970	0.000689666580894654
15726171	0.0154327749928338
15728170	0.000863329167612271
15728860	0.00751689375733535
15728911	0.00272296372975295
15729710	0.00493331428137291
15731111	0.000635657635824083
15731531	0.0049486698884753
15732310	0.00205155000487963
15732791	0.000629685328177158
15735510	0.0223255463023109
15735531	0.00203022118313267
15736921	0.00339578509994232
15737980	0.0127665061365551
15738820	0.00150139800917068
15739510	0.00110789229455997
15739900	0.000632538827755801
15740470	0.00167588244890514
15743070	0.232717845002367
15744340	0.00189304216547445
15746441	0.0016498033724071
15747111	0.000624823781949168
15747541	0.0014607286143198
15747750	0.000804162223080193
15748211	0.00217796550637395
15749341	0.00140495049133499
15749430	0.00540724987787701
15752160	0.000602807101325309
15755500	0.0719008551736066
15756101	0.00217356727968821
15756491	0.000646686097858083
15758421	0.00694814820288386
15759811	0.000766567267229077
15760200	0.001651373720319
15760491	0.000806550293308777
15761731	0.00280639729732989
15762410	0.00140940569336463
15763541	0.00707746091809053
15763890	0.0014382063186626
15764600	0.033381754290881
15768860	0.000663971270114263
15770370	0.00160144887576856
15771200	0.00612799419090044
15771640	0.000646686097858083
15771681	0.00578814469743814
15772180	0.00354566929574059
15772651	0.000810349792955609
15772870	0.00190043668242908
15774031	0.0131414454577528
15774851	0.000675146212355263
15774971	0.00227517209719947
15775340	0.00144810971321512
15777430	0.00084536959859174
15779910	0.00641689944659368
15781171	0.00064829274323205
15782100	0.367877029346265
15782151	0.00306623962204438
15782841	0.00136735463069974
15783060	0.000997339429718288
15783370	0.00187099530223739
15783650	0.00209766886451417
15784200	0.00243179999799985
15784850	0.001369737240469
15785270	0.00591868754349456
15785731	0.000694602212850515
15788580	0.0082124592294304
15789051	0.000893816821254425
15790660	0.000700014759061077
15791951	0.00202268776405849
15794660	0.0020395421363321
15795681	0.00216038567333618
15795740	0.00154511584726284
15796761	0.0014931087186238
15797061	0.0119735022285524
15798400	0.00467797792044672
15801680	0.000613494057856999
15801881	0.0153866350951806
15802640	0.00155649909519716
15806011	0.00457007260157671
15807230	0.00124979561809925
15807740	0.000971455813593724
15810540	0.00158009043088088
15813611	0.000680612633821602
15814820	0.00176386070910234
15816300	0.000860166684930327
15818530	0.000644941656564834
15818691	0.00228304118101713
15823490	0.000631351902779642
15823640	0.00160059877944917
15824891	0.000845826944625589
15826100	0.00199755659880192
15827531	0.000654149355486764
15837191	0.00158236014568149
15840061	0.00252668397291292
15841430	0.00224001862434983
15841810	0.000693355473716373
15844040	0.00369277725027193
15846971	0.0571828289843182
15847460	0.00207933742942003
15848720	0.000609790498323813
15848751	0.00593578375676689
15848761	0.00283945004653525
15849031	0.00180872483436642
15849311	0.193053234162291
15849850	0.00231046699408575
15852850	0.0182831816418239
15853570	0.00305856713944688
15853861	0.00356483137203525
15854080	0.00158853279099296
15854120	0.00269717203510516
15854220	0.000605843420728253
15854640	0.00639673918746297
15854930	0.000609105333416596
15856600	0.036901559250417
15857191	0.000656222399387798
15857851	0.00194452549661182
15858541	0.00317296341316672
15861881	0.0584293317833413
15863121	0.0168234319635803
15863190	0.000708111297131337
15870011	0.00390921096100869
15870131	0.164149624404709
15871111	0.0242650460296457
15872040	0.000672676597247843
15872911	0.00531686770815734
15873881	0.00627566515798127
15875231	0.000723326418476641
15875360	0.00640730851447947
15875801	0.00250865629833245
15875931	0.000749996634435367
15877260	0.005927753858849
15877410	0.00489600121300791
15877800	0.00975624466976472
15878910	0.000670627282892045
15879320	0.00174519884623408
15880611	0.00405669478996811
15882561	0.00444859546709757
15882821	0.00158631606940467
15884290	0.00157925170420127
15884621	0.0230006158906667
15885970	0.02056130011929
15886260	0.00503886788496507
15886770	0.00234912485604125
15887220	0.000787124527230257
15887770	0.000706661853903547
15888840	0.0531011842293064
15891500	0.000693186730912736
15891931	0.00486776997970727
15893871	0.0016602972479369
15896290	0.00142536201392778
15897670	0.00603832498529556
15901400	0.000639923739946354
15901410	0.00187922918444186
15901461	0.00211565107347181
15905410	0.00467895132110816
15906650	0.00335103721327152
15908860	0.000765047746138835
15910800	0.00154142228079072
15911220	0.000616161649161358
15911231	0.00146718464140685
15911490	0.0020584630258804
15911641	0.00440722515003654
15911781	0.00287024466306554
15912071	0.00151837980354494
15913441	0.00349376991550608
15913581	0.0028723229639705
15914151	0.000659253589224464
15914701	0.00700723986117426
15914920	0.0023121497100568
15916491	0.00448702669533925
15916751	0.005009845472617
15917110	0.00935473917327434
15919480	0.0101814852972303
15919511	0.000630511498393231
15919740	0.00077889682727888
15921550	0.000856072458363088
15922910	0.00150878769852486
15922961	0.00345316556693328
15924600	0.000716645866346231
15924840	0.0502269787631322
15925550	0.00682070024642709
15925861	0.00237956916144517
15926940	0.00303296305071176
15927241	0.00291301493223366
15927330	0.00329300696071827
15927460	0.00200364286849838
15928440	0.00992380890812
15929041	0.00937250747424689
15931391	0.00113202202858965
15931910	0.000644684366570316
15932420	0.00134836865491706
15932970	0.0215817896687345
15934780	0.00162035761892312
15935091	0.00080021630065685
15936030	0.00226814352822043
15936061	0.00116959328263657
15936990	0.00179005840041104
15938421	0.328055390979058
15938800	0.0167189891430589
15943630	0.00182168925658244
15943931	0.000619903879845291
15944341	0.0020870534367084
15946630	0.000692139145578056
15947630	0.000627085215249667
15948040	0.00932627492887789
15948331	0.00162778197930865
15948901	0.00076885822335414
15950531	0.00222432597610056
15952980	0.00295660073457697
15953700	0.00233869801011773
15953851	0.00210005441038725
15958121	0.00155797090433669
15960570	0.00211250380113241
15963921	0.00141099288168587
15964351	0.00533543113508123
15965011	0.0022340821823842
15966240	0.00549829118168316
15968290	0.00190273305897193
15971200	0.00226245126815962
15973591	0.00226475169721438
15974770	0.0379243159644047
15975221	0.00203050270849575
15975501	0.000871864845546708
15975771	0.000737563238283111
15978961	0.00332605510651147
15979921	0.00689605265725421
15980191	0.000672903413928956
15984860	0.00653423251244416
15986650	0.000910417065271993
15987450	0.00141143048126471
15989301	0.00171870532570324
15989830	0.00798527796281415
15990780	0.00400414810854318
15992580	0.00887578277126351
15994780	0.0147295636482767
15995101	0.000617334433904932
15997680	0.00349803430429833
15999781	0.00271213961224536
16001380	0.000632365283593724
16002251	0.0104788010901033
16002691	0.00838136563862692
16002780	0.000834407252632594
16003091	0.000649595526682127
16003241	0.00612699824063471
16004020	0.00149999105753603
16004181	0.00471224947938574
16005280	0.00374765398285
16005400	0.00201468785443186
16007880	0.0105520590152483
16011501	0.00206962673635917
16012181	0.000834653628047034
16012990	0.00176712186138098
16015081	0.00201359963358132
16015610	0.00200048690845659
16016580	0.000682432153386692
16017820	0.00631392855293126
16018370	0.0784453813483388
16019760	0.000725602435846714
16021550	0.00113771652451711
16022500	0.000733807257593418
16022930	0.0277113323724328
16024481	0.00210956349528893
16024580	0.000738499769311992
16026811	0.00283915951239814
16027781	0.00442214471526368
16029171	0.387267017827633
16030271	0.00361191261804956
16032621	0.00283362393468705
16034121	0.00233176248778111
16036601	0.00062044442301246
16038790	0.00475202046986618
16041920	0.00219660160615518
16041991	0.00153241461472927
16042900	0.326942873675817
16045151	0.00176081735626122
16045431	0.000685945116506989
16045691	0.00509186382971
16045841	0.00615547955501808
16046490	0.00588022936765333
16046801	0.00237165986685994
16047740	0.00747061552821006
16048451	0.00372452125056821
16049421	0.00166732347050627
16050620	0.00640761635046694
16051231	0.00683632545870989
16053561	0.0587290622485889
16053691	0.00176265755092724
16054480	0.00165665413882379
16054661	0.00572237926084514
16056331	0.00376628017784216
16056611	0.00123970699806299
16057021	0.00489716593544322
16059170	0.000925992454075577
16059631	0.00244252275552192
16060891	0.017916105508944
16061130	0.00063249229235034
16062490	0.00125595690264513
16064150	0.00352796511972762
16066200	0.00180853583386854
16066500	0.00259361076217403
16066531	0.00214938816980855
16066941	0.00120815350366422
16068731	0.000872509549216473
16069370	0.000791949082769431
16069950	0.00181963025321591
16070750	0.00191721224685746
16070890	0.000628706317962668
16071211	0.000663901660858444
16072820	0.000680938371911634
16074251	0.00408210130849249
16077380	0.00137846547153965
16078210	0.00445776660522956
16080140	0.00206781457437108
16082101	0.00268354757428278
16083340	0.000645047656880682
16084171	0.000953071018201586
16085500	0.00202919432337235
16086521	0.00236844176350044
16086681	0.00401928293839956
16087430	0.000619594933624909
16087771	0.00185454656957275
16087880	0.00473981580278379
16088950	0.00415972401116466
16091040	0.00341090090887546
16093510	0.000759725436532448
16093691	0.000701325330178607
16094920	0.00538378760293688
16095091	0.0155104011988271
16095870	0.000741476560213411
16095921	0.0401781592244009
16096290	0.000644658879579033
16096400	0.00222496053774366
16097421	0.00146837847186796
16098740	0.00437877275446003
16099570	0.00126702639281112
16101991	0.00438973841332445
16103361	0.00225990982230199
16104741	0.0822887810446632
16105520	0.0447482383829339
16106070	0.00107932453215243
16106360	0.000616161649161358
16106370	0.00204177214001562
16109500	0.00190180865290347
16109841	0.00212998403495927
16110340	0.00062179584373873
16111901	0.00144338327649491
16112140	0.00405382166662816
16112430	0.00136508988787426
16113301	0.00707079108832956
16115361	0.0387329439500635
16115750	0.00391214389177214
16115880	0.0036461797141879
16116810	0.000745701610822334
16117431	0.0056035467707127
16118661	0.000762628965345499
16118811	0.00257927732198836
16120020	0.000665201443032723
16120041	0.0307079137792015
16121220	0.00287996243540806
16122190	0.00671821187009521
16122401	0.0170339272571998
16122640	0.00102211457447508
16122951	0.0056126845576987
16123850	0.00539214115753459
16128400	0.000653519185460522
16129431	0.000619035493457434
16130900	0.000692204852837179
16131990	0.00748564331427448
16132850	0.000681609862896889
16134880	0.001832854740804
16135180	0.0731671516114985
16137370	0.00267083941732914
16140390	0.00171146221400718
16140560	0.000979467600955866
16140741	0.000632405888028905
16142320	0.00217175170225271
16142511	0.00174018489047628
16144031	0.000711465176340338
16145380	0.00206857860630714
16145510	0.000640064448266857
16146231	0.00108835818501714
16150210	0.000947731826381514
16150610	0.00144041395403741
16150760	0.0161395252181213
16150801	0.000862565575966376
16151751	0.00231009101332699
16151761	0.00269549836931897
16152721	0.00167306562836677
16154090	0.000781303523537614
16155010	0.00197202006434325
16155201	0.00187435365325722
16156721	0.00113545277613345
16157120	0.0229153445722502
16159201	0.000749061417745485
16159611	0.00134079066962439
16160260	0.000895846739774524
16160670	0.00428141317252801
16163071	0.00818147359178652
16163430	0.000705220468265907
16167221	0.0594007588814567
16167911	0.00148886895341901
16170180	0.123953543303026
16170371	0.00317039251602677
16172000	0.000635481215271648
16172021	0.00383660546453329
16177370	0.000752374456464099
16179481	0.000702788964548406
16179590	0.00100166770137368
16181780	0.000751004311953531
16182091	0.108238540092035
16182391	0.0321370339463128
16184690	0.000714604054833644
16185971	0.000784500421223929
16190610	0.00319004156099423
16191280	0.0575831564323185
16192871	0.000815874814938012
16193951	0.000640318742166943
16194231	0.00158336247610189
16194360	0.00659720013809611
16195590	0.0868332859011454
16196591	0.00490004927454345
16199071	0.00219774618286143
16199751	0.000824983515022258
16200031	0.0128066214789536
16200130	0.00167963227557496
16200260	0.00112538853744251
16201900	0.00241146053737717
16203751	0.0013088832354989
16206320	0.00201455513576736
16207081	0.00317147709014426
16209360	0.000686953845764278
16210050	0.000652726023262244
16211071	0.00225242271816317
16212461	0.00167708387628173
16213510	0.000708269856938029
16215351	0.0058088817198425
16216110	0.00297577161571375
16216410	0.00244062779667533
16218350	0.00195175829146755
16219341	0.000704075372409768
16219730	0.00596200568597807
16221070	0.00257999066016083
16225770	0.0097350665700806
16227201	0.00197316377824054
16230050	0.000811413046537901
16230661	0.000752461283891295
16231030	0.00843826314008054
16231320	0.00105457282488178
16231351	0.000675649436145672
16233070	0.0379006537835384
16233770	0.0016115122145128
16234480	0.00220392585317689
16236140	0.00121728265291913
16237080	0.000674111977574436
16238101	0.00171262225032799
16238661	0.00174322330291573
16239140	0.000608423846871201
16240431	0.000905539121689302
16240441	0.014338307821498
16243720	0.0014584526110137
16246740	0.00247655478655538
16248151	0.0153563994301247
16248970	0.000763052210807536
16250040	0.00133159125902835
16251580	0.000622178378710707
16252171	0.000627584662905804
16253220	0.000645729137213006
16253671	0.000781611282765678
16253800	0.00290391259440033
16255450	0.00942966186013045
16255570	0.00393222315485227
16257070	0.00779412957268255
16258600	0.0354052287181509
16259461	0.000650610351054891
16259741	0.00116839850192949
16260270	0.0259242984634931
16260400	0.0047920555863518
16261281	0.00465167962957178
16262190	0.000712940547807893
16264280	0.000628806335944129
16265510	0.000627728483452758
16266310	0.00304215643605923
16272851	0.00126599228025138
16273380	0.000882671769805996
16274350	0.000832448350613367
16274580	0.0140419035978888
16274900	0.00235756423727157
16275550	0.00584851078994526
16275690	0.0208240813312969
16276790	0.000660515743859857
16277520	0.2891632593244
16279310	0.0951959993125633
16279761	0.00425425711907416
16280260	0.0026811650544589
16281671	0.001397014825256
16282340	0.000809024759101681
16284000	0.000825385113144399
16284800	0.000659861641281883
16285121	0.000736106267957452
16285370	0.00379375158394457
16285520	0.023665324843722
16285650	0.00308074508343298
16286180	0.00430457956044648
16286750	0.00174302643312317
16286880	0.00736710180603488
16289340	0.00226520940688909
16290491	0.0286884352352981
16290651	0.00360877160408398
16290880	0.000628264171291907
16291071	0.00242078449117552
16292930	0.0006223015443527
16293780	0.0125559711119467
16295700	0.00132914006880761
16296161	0.000633810566083936
16296800	0.00204466788342586
16297200	0.00436324152514637
16297251	0.0013336914483224
16297900	0.00130559938169357
16299580	0.000657237918372408
16299871	0.000755476739408723
16301220	0.00189146448306224
16301350	0.00151905577507275
16302050	0.0114574766436585
16306470	0.0034476431070254
16306501	0.013960438544786
16307741	0.000714195006948419
16307881	0.00128258344036443
16308140	0.00173337675232993
16309500	0.00229526491224157
16310040	0.0020911455960768
16310081	0.00248802670476945
16310330	0.000656168301644672
16310931	0.000687322917801498
16312721	0.000623256042020363
16312790	0.00331088926633158
16313510	0.00614042179404234
16314190	0.00237205616565495
16315010	0.0018263190627069
16315300	0.00106909534849038
16316120	0.00847941617394694
16317380	0.00147284337224908
16318200	0.0043430311150998
16318771	0.0306304409119301
16319700	0.00140799055367048
16320721	0.00435857874002797
16320820	0.00714590807231417
16321230	0.0036113519902463
16323540	0.00181220466004237
16324031	0.000684247025154267
16324141	0.000860875508517587
16328950	0.00060561869631737
16329080	0.001760736976049
16329121	0.0999965652964173
16330351	0.0287458531360197
16331840	0.000647111495099023
16332281	0.00919192311418683
16332851	0.000717188979743925
16332950	0.00351303490400894
16333100	0.000951131226731056
16333770	0.0036932902343844
16334211	0.00204354434273171
16335820	0.00539500574165483
16336680	0.00194382079216081
16336691	0.00177503408250703
16338190	0.00061899636571499
16338491	0.00285359870384752
16338610	0.00271301691619401
16339550	0.00289969144119315
16339591	0.000762124388388048
16340410	0.000628871868000265
16340421	0.000617142402841359
16340991	0.00220232542200406
16342351	0.00172502102251099
16343980	0.000845480216419105
16344090	0.000685285810860041
16344930	0.010622554818851
16345080	0.000613502007366734
16346170	0.0045044960045781
16346990	0.0161963586796472
16347891	0.00543019115133169
16348100	0.000656070950046208
16348981	0.00353612591042504
16349230	0.00258385151606567
16349500	0.00203235072643838
16349671	0.000648588681940278
16350470	0.000619903879845291
16355191	0.000675209188234605
16356400	0.000632360054717885
16356650	0.00258723362784549
16357121	0.081586226499622
16357961	0.000933980264330405
16359010	0.00394827287205538
16359041	0.0170699313290467
16359451	0.00442028863246673
16360920	0.00714795718408423
16361811	0.0215942197163141
16363150	0.0021240577807097
16364130	0.00876822456350139
16364431	0.00573651909760323
16364820	0.0110697612207942
16365951	0.00245365626745943
16367270	0.000620650535043299
16367710	0.000659398578525045
16368810	0.0024265042190415
16379420	0.00290066589029373
16380110	0.00220217986898905
16380711	0.00977022110328356
16383560	0.00518457406661959
16383680	0.000627232468518303
16384571	0.00307209006564919
16384981	0.00537594077574544
16385780	0.00129055700565515
16386231	0.00603964963715912
16387430	0.0203722078603452
16388151	0.0060405787827281
16388561	0.00147653525913897
16388950	0.00232390740275445
16388971	0.00175637144833954
16389391	0.00157089476899747
16389750	0.0039924610486411
16389900	0.000875339010440974
16391120	0.00265533899448821
16391400	0.00115394002832072
16393880	0.00583159069543012
16394880	0.0269731427835908
16395980	0.000647541666810636
16397941	0.000645856046617312
16400790	0.00166013377523626
16401811	0.00250751046330985
16402320	0.00197328642816655
16404810	0.000904032793831046
16405600	0.000649806260664577
16405661	0.00142202662314512
16407461	0.141503233388174
16408011	0.00566982233408912
16408971	0.0019603660749051
16409241	0.00212742078813625
16412930	0.00654983647432736
16413401	0.00222286072132288
16414580	0.158452610881589
16415461	0.004785104919618
16418600	0.00204550216553475
16419260	0.00272714112491864
16421121	0.00239380679676958
16421500	0.00554562768413385
16422501	0.00136790361780699
16423140	0.0100762860799205
16424240	0.000867391076116761
16424360	0.000653115795989534
16430361	0.000721536232832511
16432220	0.0125509151779043
16433200	0.00612645250828786
16433600	0.00250934951034701
16434901	0.00151190800840643
16436230	0.00223939013232399
16437531	0.00160475530049868
16439130	0.00148352029133086
16439290	0.00197650686888824
16439530	0.00271692917357751
16440841	0.000967320150743185
16443690	0.00062210162209286
16444640	0.00063859834785703
16447280	0.00065848988448704
16447670	0.000719463242527335
16449801	0.00279368358747806
16450310	0.00179082174180456
16451540	0.00488921679818316
16452281	0.00671757099543859
16453511	0.000911321206214055
16454150	0.000657644920451415
16454201	0.0645656420776957
16454501	0.00230156673397953
16454870	0.000705162866086508
16457760	0.00122875426057349
16458180	0.00634007227055893
16459451	0.00139211930343789
16459731	0.0167878835908871
16462361	0.00148297523779731
16462761	0.0017800674692776
16463461	0.00270945446489497
16464831	0.000781157283086907
16464950	0.000899779932506681
16465220	0.00344660862952078
16466710	0.000783125460392242
16469651	0.000698205904041139
16471140	0.00174312460858333
16471721	0.0013137794960931
16474980	0.00102588022890089
16475420	0.000789470488182183
16476120	0.00134965495156321
16476411	0.000695374671803588
16476630	0.00446605953108702
16476981	0.000720776766238193
16478061	0.00100215161388313
16479571	0.000932716006832744
16480770	0.000666844087279594
16481490	0.00225052057637596
16483670	0.00088760269911392
16484411	0.00323626801635931
16485360	0.0065856304374432
16488281	0.00350479987939436
16488500	0.000717668120086261
16488770	0.281256854782508
16488831	0.000804787768260219
16490611	0.00890066200840973
16491410	0.00130851143274691
16491840	0.00244758929697508
16494310	0.00211969103704902
16497511	0.000681027990689856
16497521	0.0129571276430597
16498440	0.00294875269269616
16498761	0.00992557515316042
16499591	0.00142102443454212
16500380	0.0367985949808976
16500670	0.00699420860084192
16501921	0.0028453512631908
16502211	0.00618111149833965
16502720	0.00068268391430158
16502901	0.0128927111410249
16507680	0.00488592737875085
16508961	0.00408134677530787
16509450	0.00293061075975756
16509590	0.00442373699793162
16509661	0.0226628128046378
16510331	0.000896972729256482
16510420	0.0014397879064172
16510450	0.00332463748782089
16510491	0.000668886674890374
16510850	0.000698030845496343
16511010	0.00065958013574067
16511571	0.000818529223491602
16511731	0.39258098082105
16513921	0.0161183052231978
16516390	0.00169844710862022
16516530	0.000777408303460894
16518081	0.00751580081721274
16519410	0.000611177874491044
16519970	0.0234311328355935
16520971	0.000728650206114251
16521890	0.00864460995631706
16523291	0.00067044663635309
16525760	0.00180708136971084
16529231	0.00096182174755793
16530000	0.00246606664910558
16530051	0.000984077531370487
16531431	0.00570467321006086
16533241	0.00765096347087016
16534450	0.0200182766225837
16535441	0.00680606747895079
16536811	0.0186370365967872
16537050	0.00241018678606965
16537470	0.000664981040563396
16538351	0.000627085215249667
16539930	0.00279407998463908
16540411	0.0171716127270042
16540421	0.000985599583139591
16540551	0.00064086888955554
16540760	0.00135457038671377
16542071	0.000673768598006976
16542331	0.00069280643967894
16542341	0.0713372629222728
16542611	0.00159374802614247
16543010	0.00194386305051774
16544811	0.000947339776955807
16545870	0.0106095825191656
16547011	0.156061069376528
16547161	0.002190515749939
16548080	0.0358398850713184
16552220	0.00179802804120856
16552350	0.00484005344227213
16554830	0.00141165513997479
16554990	0.000617142402841359
16556760	0.000829698675306495
16557600	0.00505394517236205
16558440	0.000648204769414795
16559140	0.00118818859787107
16559701	0.00132021329770693
16562601	0.00731545823210738
16563100	0.000615053201467107
16565931	0.000660494073616756
16566840	0.000897176388208914
16567431	0.00236204135910365
16567571	0.00210450637433205
16572340	0.00162813367567303
16572531	0.000647541666810636
16572920	0.00275545814487982
16573740	0.0014821605328273
16575301	0.00165011596564335
16576271	0.00212219940520427
16577931	0.000615745052836222
16586481	0.00261618366357732
16589480	0.000889833479409795
16590970	0.000715730708777902
16590990	0.0526651964875203
16593610	0.0026234162359944
16594580	0.00646241789762653
16595820	0.00281201681865872
16598071	0.00383526597189114
16598970	0.000731171513213067
16599100	0.00143453160348302
16601900	0.00250433280218062
16602700	0.0027923481645074
16603670	0.000747793372202565
16605211	0.000686073862722576
16605931	0.0032232733608422
16606860	0.00577126870824637
16608100	0.00242474063731785
16609190	0.00178475189716404
16609720	0.000678683776315284
16609730	0.00314088116220827
16611930	0.00205302161352231
16612500	0.00216964123659601
16612941	0.00283388225153941
16613180	0.00063590081616259
16615281	0.000716064541229011
16617200	0.00378454864653297
16623920	0.00140184054470435
16624111	0.011041107851197
16624350	0.000851100289014476
16624391	0.000716224316908392
16627510	0.00112352100679854
16627841	0.00278505981266095
16630030	0.000681161701009168
16630201	0.00112193987235177
16630980	0.000681401430681357
16635841	0.00183235819443065
16637720	0.000667072664882964
16638871	0.00300684988664243
16639100	0.000643699718543329
16640360	0.0118736864837457
16640951	0.00512936807158223
16642601	0.000924091594549037
16642680	0.00298130038611462
16643301	0.000643494486307506
16643581	0.00255506692973148
16644271	0.000892282949289872
16646201	0.000719184987082647
16646280	0.00218387950110283
16646680	0.00147147299976166
16647380	0.000672438688408999
16647540	0.00480903809715673
16649071	0.00363737825295757
16650201	0.000925345708472238
16650311	0.0152560933716382
16650440	0.00168562948170102
16650710	0.00330352735151503
16653170	0.00500015703519739
16654820	0.00308447502160967
16656350	0.000658392959873805
16657750	0.000708355277133565
16658280	0.00291192891672074
16662580	0.00201860330989681
16665600	0.00132752999302228
16666171	0.00145274425363125
16667100	0.00062179584373873
16667790	0.000619990099077914
16668080	0.00484793672301703
16669170	0.00336681354037614
16670540	0.0006223015443527
16670840	0.000682559603255919
16673231	0.000662813762640006
16673460	0.00347214747278717
16674430	0.000885484561457421
16677231	0.000690373307403663
16680381	0.000667579660123701
16680770	0.00395736536683287
16682420	0.00115480072384553
16682461	0.000641396494236189
16682751	0.00185870927127788
16683100	0.000876840910693104
16684750	0.00088055657876887
16686440	0.000636022457472997
16688101	0.000827766130268351
16688241	0.011653663718027
16689050	0.000710448586706713
16689180	0.000915369130969857
16689740	0.000664098946351613
16696401	0.0141196140425893
16699021	0.000631693571777086
16699650	0.0128921788296636
16700811	0.00164555386693036
16704060	0.00178679140360165
16706670	0.000647010778042346
16707281	0.00231860679190981
16707961	0.000663133927229665
16708671	0.00152623062968037
16711770	0.00189406250258454
16712740	0.00663594494771881
16715271	0.00889821776795415
16715411	0.00140315574656395
16728770	0.000698928811556656
16729211	0.000742700751953293
16765320	0.0408519472771652
16782690	0.00177913307376361
16838120	0.00158282425241105
16947111	0.0334459734496329
16964610	0.00161865760274627
17000641	0.00205472203088463
17020040	0.0210497930149905
17031261	0.00591778456211643
17114930	0.000699980144174444
17125451	0.0031930734902305
17199081	0.000728963423896183
17205120	0.00167791503295639
17318791	0.00410520139851437
17321950	0.00673817938847135
17353090	0.000856157702832582
17398050	0.00221498188179546
17427881	0.0190785036073175
17515850	0.000615866945730008
17563130	0.000714448276848082
17563280	0.00145778158755399
17572380	0.00193123709732411
17665360	0.00317581463369402
17697760	0.00113385358724694
17713661	0.000687921582622691
17719011	0.012037504879895
17773190	0.000789889934317732
17850950	0.00544075412489916
17881320	0.00070043568484089
18010000	0.00214352058086164
18015541	0.00145851720222717
18053170	0.00547922719989153
18110031	0.000626841931495554
18184740	0.000653178117333611
18186120	0.0131511351306151
18271470	0.00257938227180163
18327730	0.00421842192519345
18350630	0.00380158731622001
18384140	0.0141401766022482
18404410	0.00142887364747307
18449360	0.00120599423842608
18502391	0.000752513785085305
18516800	0.00445435978316576
18576861	0.00871908750989626
18582740	0.0172829475098198
18590350	0.00114846758358834
18608830	0.0133814762918191
18619420	0.00362359904990151
18723270	0.00238844998242996
18797941	0.0155047176474608
18819021	0.000923444009503974
18838071	0.00159840349015083
18842471	0.00213670455368054
18889870	0.000650319105791532
18942601	0.000959101413378587
18946020	0.0063725293295729
18951960	0.00323182539506813
18971370	0.00346708041623659
19006130	0.000795132788617432
19028350	0.00284197260545883
19040890	0.0010159635920191
19068890	0.139326495647988
19075800	0.00175460131228513
19090690	0.0159736020069538
19186650	0.211532822573563
19194130	0.00133294613154962
19216890	0.00248393738431155
19330271	0.00647595404885653
19336470	0.00141237638737692
19337540	0.000798400969908227
19349881	0.00479962164806534
19359101	0.0354293713404852
19495030	0.00206228448662127
19546240	0.00161641244494054
19569510	0.0493001541865573
19684280	0.000731983940234776
19737080	0.00154230302181269
19750870	0.00169651732839817
19905500	0.00406065383538835
19925121	0.000656367501696026
19950501	0.00325901256088743
19956360	0.000710535161780402
19993760	0.00273233655760014
20086871	0.000620195815934217
20150451	0.00280572981911618
20153340	0.00164276959453111
20175660	0.00289301508855931
20185771	0.00104079805668659
20187100	0.00063103747587276
20188651	0.000785265751006887
20189071	0.00376208115876788
20189351	0.000635989561154105
20190031	0.00728706768520905
20192900	0.00236046531914857
20192920	0.00536520718513488
20193730	0.00238523324499406
20195421	0.00100569354950643
20196060	0.440374462620141
20197310	0.000683286173963813
20197590	0.225915642427167
20197850	0.00870633247401394
20199011	0.00193470754209923
20202550	0.00119135674513361
20203411	0.0145074358699148
20204391	0.00193287755625438
20206990	0.000658299114557125
20210280	0.00204916207726379
20212890	0.00186136909044628
20214741	0.000659062352067895
20216261	0.000643700046593416
20218970	0.000853552097298985
20219100	0.00574790893444194
20223021	0.00246407832501666
20223141	0.000684863736512602
20223650	0.00138367955297815
20225710	0.00313815387986718
20226731	0.000641628411563339
20229061	0.000620797865153798
20229430	0.000616161649161358
20229611	0.00289382600719505
20230311	0.0583923638086645
20232111	0.00190849295956855
20233870	0.00142655169201966
20237740	0.000747515846013111
20241030	0.00078411996970204
20245201	0.000825449932943693
20246301	0.000738009506732105
20250591	0.00197256638226038
20252630	0.0160055372523252
20252801	0.00268330807609143
20253061	0.00244916923223513
20253580	0.00174852961545841
20254420	0.0329315379622135
20257081	0.00084285157259441
20258171	0.000745063100632904
20260521	0.00195728179426006
20260890	0.00190423434239094
20261190	0.00064648651811809
20261580	0.0044611916913949
20263100	0.00214569764869509
20265600	0.0187458311507617
20266120	0.0130899118736239
20266991	0.000749269359143807
20267260	0.00161911486380861
20269351	0.000784821631238255
20269720	0.000700578508965772
20270461	0.00444494838191338
20278410	0.000776911151440164
20278581	0.00122868043038166
20278660	0.022639596422968
20280091	0.000758736313185087
20280770	0.000647838473387615
20281071	0.002184120144857
20284890	0.00484078591334018
20285891	0.0269755821522048
20286700	0.00108058055688462
20286731	0.0363850668990313
20287961	0.00494886789377858
20292750	0.00144127994647213
20294431	0.00413873327231051
20295780	0.00156830352376025
20295900	0.00124490597148582
20296060	0.0111275786956848
20297061	0.00649822043259067
20297840	0.00570546696171042
20297870	0.000756260612871685
20299390	0.000690770939769271
20300220	0.000889629781886539
20304931	0.0348706654730991
20305081	0.0140405268310794
20307001	0.005189361410474
20307350	0.000871889314840925
20308340	0.00193227130303995
20309611	0.00134611667093475
20311520	0.000716276583167136
20313491	0.0017887245679498
20314311	0.00141214355823096
20315650	0.000673050584769639
20316210	0.00790112686163489
20316921	0.00150847698795695
20318530	0.00396776872085487
20320931	0.0040665057644071
20321850	0.00684480891794196
20322400	0.0247622670207787
20323520	0.00157794275816797
20325590	0.00072888784151314
20325631	0.00621031249140784
20329020	0.00842841358987308
20329420	0.00210615690140496
20332070	0.00170157916110367
20332361	0.00987211921438521
20332801	0.0191524314927365
20333010	0.00389054406264384
20333300	0.00324180340610618
20333440	0.00100048724357876
20333570	0.000616161649161358
20336350	0.0020400393201378
20339940	0.000633398696979929
20340450	0.192216946918221
20340781	0.0043430374638031
20341550	0.00225815496744316
20342410	0.00291627798913318
20349000	0.00133029042496408
20349611	0.000651703173667233
20350591	0.00319467243668116
20353310	0.000637688890887567
20354110	0.00348911659630075
20359281	0.00386662093792969
20360730	0.000634456483783016
20361160	0.000677585058984698
20361410	0.000680081821277986
20362110	0.00102376454459057
20363790	0.000615866945730008
20365201	0.000898302800475717
20365310	0.00330168825287591
20365710	0.00289547048818151
20367920	0.00289526776886277
20369300	0.0024683648844138
20375090	0.00225198306874235
20376890	0.00576399081738894
20377170	0.00194022063185197
20377290	0.000625957128848962
20377751	0.00159766455383042
20380860	0.00482167321749905
20381860	0.00710714666888879
20381960	0.00143422624536296
20384210	0.000626835132792554
20384600	0.000871080710532408
20385700	0.00601992910434442
20386410	0.0034442782446891
20386790	0.000963970936882598
20388330	0.00184699008973475
20388460	0.000847841444607946
20389331	0.00263009804574131
20390971	0.0268379267700045
20391681	0.000808636674013824
20392740	0.00440695940577143
20393461	0.00517624043215939
20395240	0.00157278966957341
20395401	0.00229452280012485
20395790	0.302623321363671
20397290	0.00141113816778934
20397700	0.00290710311267191
20397820	0.00499742075142809
20397830	0.00140634304366626
20398550	0.00356406758776703
20399240	0.00789843606984345
20399480	0.00512602352915442
20401201	0.00136920613797289
20401731	0.00210340285756513
20402281	0.000684739490132382
20404081	0.00220817236490466
20405591	0.00430659618245479
20405980	0.00199247458573649
20410711	0.000684297757432405
20412610	0.00442042344903823
20413601	0.00138596639367022
20415750	0.00484005543725253
20415790	0.000853617365786863
20419681	0.030296980862868
20422960	0.000976620571017127
20423610	0.00231462308737582
20423620	0.00487253991811064
20425540	0.001358396251771
20425840	0.00139088601012326
20426861	0.000816531279666051
20426920	0.00145638781409803
20427640	0.00875668556293804
20427760	0.00219793083280214
20427821	0.0018865740382018
20428160	0.016776296827807
20428580	0.00165241749630638
20430021	0.00510241303418624
20430400	0.000851251808265893
20431801	0.000738416333196895
20433591	0.00163719159909042
20435121	0.00212596214302803
20435681	0.00150884357131991
20436231	0.000919809232642037
20436501	0.000935639535685923
20436511	0.00096645338077327
20437181	0.0135457177306052
20437540	0.00176893467897041
20437611	0.0068921243544872
20440211	0.0860077888399713
20442800	0.0180570242330493
20444870	0.00139349572037784
20446021	0.00359448159100954
20447401	0.000618780846664838
20449041	0.238197970838571
20449970	0.000646505518568938
20451480	0.00200989718154381
20452710	0.00259890015265057
20452730	0.00136230582690867
20454410	0.00262558039464828
20454520	0.0353108903574513
20455531	0.0150416383359857
20458120	0.0030473089002995
20458270	0.000648138949469174
20458851	0.000764678361456974
20461830	0.00136285660395488
20462260	0.00063524777738646
20464901	0.000651003464263347
20465331	0.000711648517987849
20466680	0.000664757490019669
20466940	0.0416479558061073
20468221	0.00186472943595523
20469150	0.0336565472826845
20469280	0.000643770868476816
20470670	0.00232092468192828
20474250	0.00272378775712356
20477680	0.00321952749752487
20478950	0.00444013344341779
20479190	0.000686756561781407
20481031	0.00126175173723386
20482141	0.000709459901798006
20483910	0.00227108926991297
20484880	0.000686750559695936
20487060	0.00122341743633463
20489150	0.00199494216389407
20489601	0.000779771621517784
20490510	0.000864979566504431
20490930	0.00432534655002271
20491090	0.00284987241207538
20492621	0.000844781069473095
20493400	0.00393400409842088
20496310	0.0054341165594667
20497530	0.00117928071991818
20501160	0.000624781301685925
20506961	0.00515002526545828
20506981	0.00282032210214176
20508190	0.0015043855717796
20509331	0.000672992773867233
20513810	0.00353114127830893
20514431	0.000684055000896478
20514800	0.000620642173453009
20516700	0.0034274992697731
20517881	0.00108502097533543
20520761	0.00144820440674319
20520840	0.00537264469527583
20521451	0.00332351331153857
20521601	0.00149417500790409
20522100	0.285067563596378
20523330	0.000831862056094741
20523401	0.00195114731219933
20523470	0.0018788696183777
20523651	0.0016510195433139
20524570	0.0453562639029534
20524700	0.000630163403638556
20547210	0.00494097629978682
20549171	0.000683747944215232
20551610	0.0033727344208356
20553140	0.00336795620099182
20553861	0.000705757536370332
20554380	0.000737381145695909
20557420	0.00554529206193129
20558131	0.00143766494497186
20559870	0.00331134147722082
20561321	0.00506949465763151
20564341	0.00068512325079056
20568460	0.00223659358424975
20568901	0.000681579596297921
20568980	0.00074717079469456
20570821	0.0472866880580458
20571320	0.000647297896051328
20571750	0.00196233831291402
20572341	0.00465100254995897
20573840	0.00169343840639997
20579501	0.000633810566083936
20580611	0.00213206722528904
20581000	0.000719158844221589
20581321	0.0031539031054379
20581950	0.329820449428971
20584061	0.0214121051356649
20586940	0.00541169593842943
20588030	0.00382024364079467
20589820	0.00074053678356418
20592191	0.000823238309896118
20599770	0.00122493522323933
20600150	0.000694340654399278
20601571	0.0275956631944149
20601871	0.000704891223964567
20601940	0.000730036770021271
20603350	0.0150174192673237
20605150	0.00155960304822392
20607381	0.000626954814257031
20610110	0.00243949418516233
20610910	0.000832727269393596
20612700	0.00218111171175335
20612751	0.00602843375040166
20613410	0.00201269066450304
20613451	0.00470673992256227
20614940	0.00285530739063582
20615070	0.00202059423085087
20615590	0.0408362673897686
20616211	0.000779493224350312
20618210	0.00106264721610807
20618681	0.000788706081209521
20620071	0.000644791086218902
20620560	0.00089246678053466
20621981	0.0019994344876299
20622640	0.0019453208053723
20623750	0.00981016292096412
20626411	0.0388527543378516
20627651	0.000693542483175483
20629010	0.00957324778708807
20629280	0.00453090191991718
20630800	0.000745013573080118
20632020	0.00081922075580539
20632290	0.0018077666076265
20633390	0.0120417934619949
20636280	0.00102146038136294
20636420	0.000653950278522957
20637181	0.00202027628465248
20637701	0.0266387844329357
20637731	0.00317587711954649
20638250	0.0228555713978467
20639241	0.000680024955244204
20640990	0.00159400446550691
20641301	0.00338752895512576
20646340	0.000760187706665905
20647221	0.00216324554064929
20651460	0.00464023517000092
20653260	0.000675961428503205
20656051	0.0013649642494245
20656191	0.00329918192138259
20658681	0.0038947438860694
20659890	0.000629797292572626
20660181	0.0681427630593384
20660280	0.00390430981117104
20660570	0.0011198656633077
20660901	0.00141168633535894
20661800	0.00084602992372369
20662930	0.000689688428115288
20666780	0.00100764282894911
20667791	0.00195332668740203
20668270	0.000655531682976902
20669540	0.00470028916799315
20669940	0.197287779670254
20670531	0.000751408268084575
20673171	0.000609105333416596
20673400	0.000789659421781098
20673861	0.00521873755137111
20674100	0.000626375885382927
20675381	0.000895196327476264
20677130	0.0389492396805173
20677311	0.00419007828695733
20677431	0.0121590098626963
20678660	0.000726662121937608
20678831	0.00726246119842676
20680041	0.000791031926026384
20681550	0.000693739380240086
20682111	0.156117697422769
20682900	0.0142229774001009
20687221	0.00203877861587689
20688461	0.0114746740287388
20690391	0.00131902837462456
20694401	0.00212315526686137
20695371	0.00146037016857822
20696440	0.000649278223426956
20701790	0.00595864333193844
20702671	0.0820233163770246
20704970	0.00119590670705528
20705581	0.0348664447195282
20710240	0.000722683990499709
20710900	0.000685347532843807
20712481	0.00494461178815521
20713431	0.0358759057792805
20714380	0.00153626782373935
20818190	0.00609550793807757
20825001	0.00080653827831134
20827460	0.0193807931648355
20829250	0.0017146839438094
20834500	0.00480386577034472
20841910	0.000700171704738781
20844451	0.0006223015443527
20844861	0.000659249353008458
20846371	0.00145881990731483
20852270	0.00270697518308911
20855580	0.0149882365688302
20855870	0.000699768389361227
20856980	0.0036989707169969
20858231	0.00236737346378546
20859201	0.00358748719160597
20859611	0.001029953920523
20859751	0.000698639627886764
20859911	0.000765128916835455
20860181	0.00078074862103794
20860840	0.00332515132611328
20861240	0.000667371624864125
20861790	0.0017710877845076
20866241	0.000644832496284289
20868991	0.00177271662923882
20870651	0.00535365440691234
20871050	0.00178490596602843
20871150	0.0019548149541082
20872700	0.00324778161322232
20874190	0.0308653347079349
20875621	0.00171998361654783
20875771	0.00214843762540315
20875830	0.0052557778072539
20877090	0.000693979451164331
20877131	0.00148309957714562
20877630	0.00242692338409464
20878651	0.002596591493927
20880830	0.00535757472149967
20880970	0.000636474224068775
20881271	0.00170801333644399
20881350	0.00356504836647854
20882060	0.000840519637580988
20883331	0.00232303481815117
20883741	0.00506120741859523
20883860	0.00185967537842677
20885940	0.00105466859214511
20886941	0.00379907716278283
20887710	0.000658827907577666
20887761	0.00061225039015952
20888721	0.00086023326417595
20891990	0.0606323338750747
20892301	0.00175735675354149
20892731	0.0014359208512833
20894511	0.000755891459286094
20898460	0.00066355505803771
20898791	0.00487478730654799
20898931	0.000896246308464027
20899440	0.0188405163967769
20899990	0.00164066464170095
20902111	0.000634811650844481
20904150	0.0120397187697945
20906760	0.00335159192317527
20907430	0.000654347709597521
20907481	0.00216667898945524
20908841	0.028070126309717
20909210	0.00268778384403547
20913760	0.000895164013184668
20915140	0.00874588880003073
20921281	0.00221756563790478
20923870	0.000806422651561372
20924301	0.000724099838522798
20925971	0.00407419029941309
20926450	0.00375279303831144
20932530	0.00244513100834123
20932581	0.00217481478297511
20932991	0.000752635894960069
20936250	0.00275688143523849
20936390	0.00125906120034298
20936400	0.00182821390773709
20938180	0.000734498226536928
20939300	0.00475282110937055
20942470	0.00164932875945657
20942860	0.00678662005557151
20943290	0.00083237283825647
20946040	0.000745918927724479
20954760	0.0063677143985734
20957110	0.00255297619849277
20959590	0.000628264171291907
20964140	0.00207769252174932
20967181	0.0756047507239035
20967580	0.00229558216649876
20968711	0.00164941157821789
20971150	0.00186785223559944
20972790	0.0519201744655799
20977251	0.091389072634725
20977671	0.00987106761971379
20978501	0.00369266870930283
20980540	0.00111333568929526
20984291	0.000670977597411038
20984711	0.00077418600140184
20985261	0.00777923306786373
20994480	0.00536935139011866
20997780	0.00622082120424833
21004120	0.00400182387970557
21005811	0.0692280692908888
21010071	0.000641130308064156
21014850	0.00614214364871317
21015000	0.0139554753806177
21019041	0.00460220990028876
21021261	0.00243101753192831
21022180	0.0296371647100347
21023420	0.137671084990715
21023601	0.00533901460176144
21024230	0.000793402353369862
21028520	0.00432551818105169
21028701	0.00303846817387059
21029961	0.000797687271811705
21036441	0.000952593949950359
21039181	0.0674008018678027
21043840	0.00142942959002551
21045640	0.0154701046266783
21046361	0.00150147332911485
21049111	0.00188903648545372
21052920	0.00300500202515036
21053220	0.00231567958613786
21053620	0.0010115322216043
21056230	0.0125076402240945
21058081	0.0103917515613129
21058580	0.0227071118124882
21058750	0.000746380121637392
21061330	0.00283809212715542
21063540	0.000657035406496784
21064130	0.0519629581520109
21064920	0.0062189588407725
21069521	0.000750907405572965
21074491	0.00154557128009583
21074600	0.00254843128319177
21075830	0.0252390380918777
21076411	0.00307407088048701
21078641	0.000674941262174227
21081900	0.00351719793407305
21082621	0.00140582370675511
21082720	0.000885629086626859
21087990	0.000710750651504407
21088411	0.0019147152412334
21091471	0.000631366027998446
21094580	0.000622709839400849
21095731	0.000701214808069553
21098061	0.00524192761428471
21099830	0.0565661956022413
21104660	0.000730765900734356
21104670	0.000701030787756144
21105230	0.000806242861554236
21111420	0.0166677638416036
21113330	0.000616161649161358
21113651	0.00260975001087868
21119250	0.000658875061907806
21119540	0.00216798339578706
21125610	0.00190971803250884
21126570	0.00211750949391258
21126621	0.00221864125793978
21127321	0.000680679517722737
21127400	0.00268115740628345
21130050	0.000625422649140748
21130150	0.00219332180906862
21130700	0.00102708160984824
21133811	0.000670815729071396
21136640	0.0048575556908351
21139700	0.000921161730733985
21139840	0.00236100412700432
21140240	0.00170575207772536
21141641	0.00211473179478244
21141801	0.00307929021487
21142430	0.00188433335494935
21145121	0.00206791860317086
21151461	0.00308327426371855
21152370	0.00386782043852183
21153231	0.000949379722057765
21157470	0.00363130063309934
21157600	0.0539171785671632
21158310	0.00400731326547708
21159021	0.000867254818047638
21160380	0.00613860375883878
21162911	0.000727776084959869
21164551	0.000760036821333876
21164971	0.00156716851816208
21167461	0.00333420215479319
21170170	0.00131680345982434
21170320	0.00189391717176375
21171940	0.000723124147402998
21181450	0.000757493720433077
21183721	0.000659014328180307
21185070	0.00067889451272445
21185600	0.00289496908079372
21186300	0.00582438873839109
21189180	0.00654444947198004
21194051	0.00339036821484289
21195550	0.00117293731203778
21197180	0.00123671406366685
21200411	0.00139353695303628
21200500	0.000686973618544763
21201040	0.0162782032624499
21201600	0.0115747159183307
21209040	0.00209945505248553
21211851	0.30912625116324
21213221	0.00850789699299682
21214211	0.00231228919766209
21215660	0.00186759540635881
21217200	0.00208362082352367
21221460	0.00120269123707245
21223540	0.00892382063040057
21224930	0.00853974882193242
21226870	0.00119490739599733
21228910	0.00657978205543571
21229501	0.00389182725108275
21233760	0.000691425687652959
21235280	0.0023360561235368
21235301	0.00105033939671496
21235950	0.00498633640612874
21237590	0.000627721541438046
21238590	0.284902551987193
21240281	0.00291818513327081
21242030	0.00190973925970904
21246570	0.000681078993739762
21248691	0.00151702408722343
21250410	0.00809551192633932
21255311	0.00484968256746674
21262150	0.000632098868449554
21264251	0.00220743730769327
21271790	0.0162834186189715
21277091	0.00269209559494201
21277911	0.00240222437967367
21277921	0.0988953580494802
21278410	0.00115267344503777
21279281	0.00531892494408928
21279291	0.000685942423633266
21280811	0.00260869137719902
21280920	0.0160085513132322
21283510	0.0169567494342231
21285870	0.00164586750369759
21286041	0.00404262501616992
21288671	0.00199953639625825
21288900	0.00210189213879034
21294170	0.00207867861865394
21294280	0.00678107984350482
21307540	0.000630568971838949
21307790	0.00155942882460603
21312930	0.00075984204703774
21313160	0.00133387617135359
21314570	0.00165987844482605
21318680	0.00137748501958591
21321720	0.00441139486232549
21321860	0.0163993324073384
21322950	0.000703427152583178
21323940	0.00159942450653792
21323971	0.0271544440043848
21324381	0.00440816601416447
21324510	0.000648867007026485
21330840	0.00135636235148943
21331011	0.00968863145717322
21331161	0.000609105333416596
21333320	0.034704918218726
21333600	0.000629510638233292
21335120	0.000682646959670115
21338010	0.000648372218975452
21338260	0.000697801967113572
21338601	0.00243611370995917
21338611	0.000630705245626534
21340060	0.00323104464736126
21341310	0.000686352653287695
21342000	0.000860556490757158
21343561	0.00167450630266022
21344230	0.00106434630126315
21347230	0.00110738191353762
21347291	0.0026950973720843
21349781	0.002918559861713
21350950	0.00100248481270764
21354591	0.000968566612438553
21354710	0.000733768945302127
21355090	0.000759249495894424
21355130	0.000660804067276711
21355421	0.00496656575421831
21355530	0.00237350002934843
21357771	0.430138213955654
21357880	0.00200186020816008
21360080	0.00460104027179878
21361060	0.0025894831820057
21361160	0.000633076870741889
21362960	0.00213802663808114
21364531	0.000710589020671795
21364541	0.000713373528199355
21366861	0.000614794477545
21367120	0.00437794077582676
21367691	0.0253964567858285
21367971	0.000613093329040597
21368951	0.0140359012159288
21371110	0.00100722859977104
21371220	0.000659974898226471
21373320	0.00304090891870423
21377310	0.00071137631550708
21378041	0.00072950181440967
21378270	0.00150528674255085
21380801	0.00492099058399897
21383230	0.000699062652364714
21383250	0.0014941115979766
21383291	0.000624985501601509
21383400	0.000634096713008503
21385491	0.00231084891930851
21386471	0.00172541632952977
21386960	0.00757658840753757
21390991	0.000817097272306309
21391110	0.000713957209146075
21391681	0.323104479426212
21392780	0.00199920595682429
21393180	0.000794638396204535
21393450	0.000844503842175004
21394321	0.0646047404650732
21394881	0.000858950289288677
21394970	0.0172393459969657
21395640	0.00191792858888872
21396101	0.00333695998479711
21399220	0.0112695984432005
21399831	0.000656734637437935
21401570	0.00902402087311899
21402830	0.0113467983001613
21402940	0.000615952871181474
21405020	0.0205345479367754
21406250	0.000614365064347422
21406301	0.00272333613641067
21407561	0.000996847681350588
21407701	0.00174772023564169
21408941	0.0171750848789656
21409061	0.00234552916551278
21410410	0.0128949128896117
21414250	0.000998315976407834
21415141	0.00738011137025588
21418420	0.0215134955671111
21420770	0.00306514733956795
21422250	0.000663679927550474
21423271	0.00364098077172299
21424220	0.00304708679635659
21424640	0.000679291551461667
21426680	0.0102065694614848
21429211	0.00806972967262069
21429300	0.00186041557773897
21430461	0.00276640405426458
21430851	0.000642404346553175
21430871	0.00095824087110838
21431940	0.000698370401509254
21432791	0.00332506327841933
21433020	0.000613093329040597
21433160	0.00062121787794907
21433771	0.000748566366234017
21434311	0.00160725884903501
21434540	0.000747220508525811
21435001	0.0326956676122986
21435681	0.000744705702319132
21436791	0.00837393069166476
21437180	0.00609213556463242
21438741	0.00545653057357985
21439131	0.00080565044594089
21439510	0.00171353263952157
21442120	0.000904213527329086
21442820	0.000705670576593868
21443770	0.000651196484996598
21443981	0.00950524632931071
21446400	0.000714152748190931
21446571	0.00174912392723187
21447510	0.000609105333416596
21447930	0.00175270801684302
21449440	0.000881259681002371
21449980	0.00258523948759107
21450321	0.0104998209144937
21450980	0.00557084527822884
21452460	0.000816487933642218
21452931	0.000669460282256993
21453840	0.00227626237301709
21454560	0.00282010337804362
21455650	0.00357962374070214
21456501	0.00292471576858844
21456521	0.000652756148740302
21456651	0.00100423211100153
21456921	0.0010898726145402
21457030	0.0045440444665349
21457040	0.000875337872333882
21457180	0.000987896396428991
21457420	0.00208209730647134
21457990	0.000805693337636749
21458041	0.000749116395799661
21458250	0.00171200635683623
21458571	0.000660670186788252
21458950	0.00171106276742999
21459011	0.00140563372572777
21459370	0.000707790814326447
21459681	0.00117013671591501
21459790	0.000957461339585064
21460080	0.0134109145529161
21466660	0.00280664769845405
21469730	0.00168165734934348
21470840	0.000881149766040203
21471831	0.0355328243077802
21472661	0.00203923603142081
21476220	0.000761691474997808
21476460	0.000879696672633314
21477300	0.00390125239432365
21478291	0.0497024469151205
21479650	0.0120351965234883
21481170	0.00143025756438386
21482981	0.000717737206247567
21483681	0.00184875612357653
21485170	0.00335611297502611
21486451	0.00161655655425646
21489450	0.000756077772372056
21490250	0.00232042629933468
21490311	0.0021115864856549
21490851	0.00906747106605115
21493450	0.00294786195450415
21496231	0.000732066204467721
21496330	0.00075777144783946
21497290	0.000859506580005725
21498871	0.00147924404819962
21499281	0.00802706280012104
21500111	0.00113855657561926
21502390	0.000713731154931913
21503001	0.00790219268368942
21504340	0.087143296539796
21505170	0.00199289548525182
21505860	0.000916384570767381
21506291	0.00209990811485856
21506711	0.0290979457239378
21508480	0.00149350097908466
21511001	0.000628292348744046
21513461	0.00165010297886761
21514820	0.000691334651363462
21516630	0.000853005126220292
21521720	0.000796051753303123
21522151	0.00297315279658234
21522660	0.000758985784938251
21525690	0.000625246516852155
21526291	0.0523852423740835
21526400	0.00580121438183222
21526790	0.00208375917041509
21527350	0.00199248921526838
21527510	0.000670956232753831
21527650	0.00107099589986744
21527770	0.00472666758384881
21528050	0.00100002178448296
21529461	0.000959371553942092
21531620	0.0276928231610031
21532661	0.000884763277845939
21533040	0.0280639948708941
21533730	0.000752331109737952
21534110	0.00202034710680824
21534130	0.0018605810800501
21534270	0.000738257266485849
21534311	0.039920652487712
21536050	0.00190512543107462
21538540	0.000635821023100325
21538841	0.010093262057953
21538960	0.000723658648227345
21539100	0.000680405604810397
21539340	0.000709625865004029
21539480	0.0007734518416976
21539520	0.000966282058564011
21540580	0.00219728950259639
21540921	0.00863986003936763
21541211	0.00666951931223827
21546721	0.00241170014118203
21547531	0.000822623189510826
21549621	0.0998300317058785
21551200	0.00206464953908937
21551551	0.000659820141202464
21551811	0.00353293495080361
21551910	0.000726069220566782
21551920	0.000649870315203435
21552880	0.000806615088401143
21553071	0.00164267633209709
21553690	0.00503668172808403
21554970	0.00357426585150412
21555660	0.000638916345988841
21556730	0.00202077080099049
21558110	0.000903987434638997
21558431	0.00121153719592198
21559080	0.0151384809874083
21559930	0.00218272049287936
21561461	0.00266529312978297
21564180	0.00491543108344367
21564511	0.00424629548558817
21564730	0.00274242544955874
21565020	0.00183287351871175
21565300	0.00242655931139877
21565680	0.00137402618160159
21565830	0.00131689234130753
21566400	0.00210795151113094
21567780	0.000656744096964984
21569051	0.00115706518044556
21573710	0.00314486590610656
21574721	0.000712934067780389
21574800	0.00097102274650655
21575760	0.0041902258768083
21577751	0.00320868386371596
21578281	0.00264239235820592
21578581	0.00482097763747773
21579350	0.000752500767747795
21580070	0.00705159027528831
21585321	0.000999239827221939
21585471	0.00649926717127673
21585990	0.000685818801909561
21586810	0.00483842339962261
21586960	0.00626696910627165
21588791	0.0115765706327507
21589041	0.000706744371265805
21589280	0.00109594267689621
21589540	0.00182339235937639
21592440	0.00425653278215479
21592651	0.00135648935408778
21594841	0.00180752711092486
21594940	0.00234766088363764
21595251	0.00294325630432513
21595541	0.00080921293549987
21596050	0.0007183742519786
21597030	0.00166694202182139
21600631	0.000866401768867182
21600791	0.0112639511556216
21602691	0.000865165484240599
21605461	0.00210224554516397
21607541	0.0036984016883861
21607640	0.00438810441889166
21609440	0.000750856292206503
21609960	0.000836068560194165
21611941	0.0015470106946535
21612511	0.0021698154438343
21612860	0.000860079578882922
21615620	0.000746395151242591
21617420	0.00303421784270937
21618141	0.00159352350320199
21620190	0.0006223015443527
21621451	0.00599212602162869
21622551	0.00194982387087057
21625540	0.00793107573789327
21627080	0.0126631292113351
21627271	0.000669453738905922
21627801	0.000624191236033474
21628870	0.0119276376474918
21628921	0.000715271973885541
21629540	0.000744335608841132
21631200	0.0032670140046903
21631780	0.0151700202062794
21634130	0.000669375249888134
21635101	0.00261757956323325
21637430	0.00101178961233939
21638551	0.00171365563701956
21638831	0.000709269237365851
21639070	0.00434366785947301
21639101	0.000615053201467107
21639190	0.00581629301111113
21640921	0.0023179528194786
21641700	0.0780360644406832
21641850	0.000647828802438182
21646411	0.00388721320407912
21647090	0.000627085215249667
21647370	0.000615952871181474
21650161	0.000709481133371043
21650301	0.00172439670824606
21651760	0.00123505660054866
21652030	0.000646535442872699
21652361	0.00214387588528083
21652641	0.00788140747715723
21652730	0.00311213187627813
21654790	0.000708765950129605
21655060	0.0159196726976487
21658011	0.00517447726174541
21658090	0.00542927198807883
21659511	0.000809065748000185
21661581	0.000740272687496677
21663080	0.000699563449500879
21664610	0.00150720580031284
21669820	0.00188505976645047
21672040	0.0128908444546647
21672091	0.00664206580347424
21672470	0.00117439435580135
21675480	0.00333519735209403
21675910	0.000823411608219674
21676491	0.00142940965958003
21678561	0.0175848280701808
21681420	0.00088757330686621
21681461	0.00066827149040645
21685160	0.00582152339256697
21685331	0.00114625401174815
21685430	0.00232570710234088
21685871	0.00282672091366531
21687651	0.0025874847815278
21687811	0.00871388026238519
21688061	0.00083749712710599
21688091	0.00820672965436842
21692751	0.101077025235475
21693680	0.119569658989891
21694250	0.00123074508725075
21694520	0.0118079091560708
21694650	0.000697816680680318
21694701	0.00139379097913323
21694920	0.00973522391368748
21695651	0.000716975745312216
21696361	0.00467909110730903
21697581	0.0454153846341367
21697940	0.000639615928279497
21698110	0.000609105333416596
21698500	0.00382093182340007
21698520	0.00134930739209476
21698530	0.0433531256555086
21698640	0.0125955564134673
21700860	0.0067048391231043
21701321	0.00753944729670509
21701581	0.00922374970537885
21701731	0.000660858219603249
21703261	0.00380337909603929
21703750	0.0240205040854768
21705171	0.00538285847259095
21706370	0.000645369494587504
21706640	0.000628292348744046
21706971	0.0007623118056061
21708330	0.000673752503686811
21708621	0.00259705214530749
21711180	0.000803138427088309
21711371	0.00170742796594762
21711470	0.000792593976904046
21711760	0.00183941995316462
21713560	0.000634828214267608
21714141	0.000783219165782279
21714380	0.000666603815419445
21717410	0.00343061174652191
21717970	0.00217939784046036
21718421	0.000685627280041859
21718650	0.000676078178943565
21718920	0.00462454633689027
21721800	0.0291970449131127
21721810	0.00158200673220663
21723200	0.000938737771917198
21723770	0.00353034630649512
21724840	0.000689481780177264
21728331	0.00077876822132394
21729550	0.000660521698840253
21729690	0.00224393115536605
21730370	0.000626835132792554
21730421	0.00315100204344802
21730640	0.00677433728138787
21731080	0.000647983975563367
21731241	0.000794119418164235
21731890	0.00397267891259972
21734961	0.006408004536812
21735040	0.000636164897872852
21735320	0.000609105333416596
21736440	0.197477026930444
21738821	0.000627584662905804
21741980	0.000754440813053672
21742110	0.00142176078150141
21742510	0.00122361267780514
21742930	0.000661815469636947
21742981	0.000633208544260714
21744211	0.00426433457610015
21744280	0.00150240375474812
21745250	0.00635417462364517
21747490	0.00132605416425302
21751460	0.00285172330745095
21752081	0.00143398995982162
21757270	0.00346549448698012
21757800	0.00126231540979287
21759180	0.00067197972824154
21759890	0.000939762756457084
21760010	0.00228170427427354
21760700	0.00777658377781274
21762401	0.00170725120131854
21762650	0.000687273463562472
21763870	0.00100583441444735
21763900	0.0178288465324921
21766691	0.0123861760524011
21767241	0.000842116504966746
21767740	0.00610647936081907
21769451	0.00133414571485009
21769851	0.00146791884446081
21770900	0.00231062275088083
21771381	0.000710398751063697
21773031	0.00340538692000303
21773581	0.00278836463255821
21775490	0.00903131787074046
21776310	0.000681244546931911
21776580	0.000650243360710465
21776860	0.00276828868371582
21777311	0.000770256892454653
21778350	0.146591284586956
21778390	0.000731704443585139
21778510	0.00658394818498736
21783361	0.0427595547772776
21783511	0.000738332110873352
21783661	0.000842120219606496
21786411	0.000828195101335452
21786691	0.00102488082711596
21786900	0.000874578350629101
21788741	0.00187762451388075
21789110	0.00434512562100248
21789171	0.00126047294655881
21790001	0.0198033481948561
21790080	0.00159200788140027
21790800	0.00136610916335316
21791521	0.000712524761944626
21792901	0.00142322341439675
21794920	0.000922445120071035
21795050	0.000787745702729925
21795221	0.000679163875729915
21795450	0.0347270264978404
21796211	0.00138380982440439
21796440	0.000620764688686754
21796690	0.00444121599155321
21796850	0.000724386432864074
21797151	0.199199331676061
21797410	0.000726517377738198
21798780	0.000791967956165887
21799221	0.00492242524405594
21800860	0.000771062109908983
21801390	0.00278148335839362
21802131	0.00184778794679097
21803501	0.00196830536718318
21804491	0.0007294787121845
21804690	0.000633074537696948
21804730	0.0045559421877207
21804761	0.000668412412717594
21804840	0.000744830405438414
21805000	0.00231059643642823
21805250	0.000629308604987088
21806831	0.00191647401265287
21807371	0.0319789983656966
21807931	0.00165245442511445
21809540	0.00141405986709714
21809930	0.000638919718612522
21811361	0.00347120168180009
21812191	0.00100219097708917
21812321	0.0194561353714232
21812570	0.00415387524476477
21816010	0.000717294186480861
21816061	0.00189456739430088
21816481	0.00081104163944514
21817810	0.00215412857775171
21819320	0.000689115991169544
21819330	0.000905954419536426
21824140	0.0702706269744152
21825680	0.00176857929210652
21828761	0.00330125468966714
21828830	0.00413194364521517
21830210	0.0183975051565978
21831210	0.0330116107467271
21836181	0.00362945711120562
21836830	0.00927080425735183
21837530	0.00383791945320273
21837991	0.00172059354331434
21839720	0.000699645574295003
21841161	0.00688536461379463
21841171	0.0017580653222142
21841660	0.000712972885852767
21849000	0.00137556040364018
21852881	0.00079779402460575
21852891	0.0115256381032194
21858801	0.00466891589584349
21859730	0.00232863923626937
21860450	0.000761245023471585
21860830	0.0131623787481092
21861841	0.000893116869795158
21863901	0.00184694398366721
21866271	0.00192415542917243
21868280	0.00203153694894746
21868331	0.000670046395937612
21873151	0.00124927133963478
21874070	0.00172342693717789
21874220	0.000833073378932397
21875901	0.0215072689616597
21876980	0.00279885113220461
21879771	0.000819021415582882
21880310	0.0026742707497956
21882401	0.00116086497736694
21882890	0.0019167722813349
21883221	0.00248654454882543
21887501	0.00279065707254837
21887580	0.000716258099538099
21887600	0.0596078788798707
21888300	0.000851779993906783
21888481	0.00224536695578994
21888820	0.000693116451007132
21889011	0.00207684749756236
21890920	0.000863623310533891
21892170	0.000697276689502046
21892980	0.000626574393034702
21893291	0.341578124096426
21893660	0.00093459512097533
21893971	0.00371216359921088
21895221	0.0175842074345517
21895491	0.0494014526335873
21896420	0.00096920014828013
21897841	0.000775065396305504
21898251	0.0361561530910282
21903641	0.000827384149077615
21906620	0.00136117662057864
21908830	0.00087119470887386
21909520	0.00501266149858191
21910401	0.00120691407212503
21910890	0.00135371360136452
21913820	0.0115458913753775
21914090	0.00429966005565874
21914671	0.0364247363051284
21916400	0.141956542188134
21916550	0.00161235874859124
21917831	0.000794890215422527
21919621	0.00261105570293553
21923170	0.0369778988755287
21923300	0.00289524371186173
21923610	0.0018330086702688
21926111	0.00338006730708252
21926470	0.0182089246599801
21929650	0.00063971702278159
21930060	0.0114351094447638
21930111	0.00273987966442021
21932690	0.0412348830386056
21936120	0.0171515645614544
21936171	0.0225014806319694
21937110	0.0015216918817453
21937161	0.00233857239772116
21938101	0.0020048583220571
21939170	0.00902112364097905
21939870	0.00713280016765566
21939921	0.00522827568871483
21941421	0.00220940464900251
21942661	0.000715288793599089
21945551	0.00145219942292605
21947091	0.000788747147557596
21947990	0.0044819588490473
21948850	0.0308114407649651
21949571	0.548896301886439
21950401	0.00388625650298683
21950630	0.000913100949023541
21950890	0.000694682057671964
21952581	0.00289514149988227
21953230	0.00128976788583639
21954521	0.102926476972807
21955600	0.0141132468307459
21955750	0.000672140157586061
21957780	0.00797871443501933
21958480	0.00181486522191385
21959320	0.00179321314017224
21961961	0.00081147153484001
21963300	0.00463344136341565
21964041	0.000685802695411458
21965431	0.000636520219295519
21966190	0.00145254162473601
21967320	0.000812727519373144
21967341	0.009468985763851
21967450	0.00083552843154464
21968430	0.109797769040146
21969431	0.000815848261358035
21969841	0.00357503748387342
21970951	0.0654228804842577
21971481	0.00142571393960922
21975160	0.000896119322242235
21975610	0.000674954749446258
21975631	0.000922812242520515
21976840	0.000658596496238411
21978750	0.000785201574147791
21980581	0.00613722238052996
21981151	0.00388376190707208
21982371	0.00234395226458933
21982490	0.000685138184889063
21983160	0.0471851024841507
21987440	0.000694438264580414
21990320	0.000867398503804827
21991700	0.0439277085037135
21992601	0.000892530336975022
21992721	0.000891762941642587
21993090	0.00691512552991186
21993400	0.00138954931255277
21994630	0.00168251567497905
21995030	0.00442590353885545
21995631	0.00354577317808301
21996830	0.0221802821959494
21997701	0.00298562644843752
21998101	0.000672321519049448
22000321	0.00065327904898165
22002111	0.0856389310788396
22005090	0.00602882337384596
22005291	0.00215999521285215
22006651	0.00076370683486276
22015901	0.00138847291116712
22017380	0.00471849983414927
22017810	0.000616161649161358
22018190	0.000800399265398699
22018641	0.00104881980381442
22019180	0.00797335909482918
22022320	0.0331663403379466
22023980	0.00202261463182249
22028110	0.0014467049007556
22028430	0.00231677339618164
22028441	0.00261809766412625
22028581	0.00295106547055475
22029821	0.00894066661269066
22032400	0.000671172043004284
22037390	0.00451741451191904
22038931	0.0291775900022257
22044290	0.000649985178472342
22045561	0.00370864371916085
22047191	0.00295531052005808
22048991	0.00780255037885318
22050251	0.00240058791636861
22050610	0.000709107265328996
22051471	0.000651472058454822
22052731	0.000642391573957947
22053790	0.0115334625075777
22055201	0.00538836301258866
22055280	0.00192014130618358
22058241	0.0110474427539134
22062730	0.000644905219388735
22063081	0.00859245995664153
22063420	0.000712531999781818
22067320	0.00364977787412777
22068280	0.00461513389469203
22070730	0.000721002054639198
22075440	0.000720612333302643
22075450	0.000706884351671504
22075690	0.000892236954828556
22076380	0.00197323565467282
22077011	0.00556298072768647
22077800	0.000770523424454291
22080830	0.0262194216505982
22082340	0.000677078289614164
22082921	0.00489005551263093
22083710	0.00089407083127435
22085930	0.000623001544041019
22087191	0.00389621784313229
22088380	0.00206779896390041
22088581	0.00221266559846971
22089910	0.0111928426636642
22090340	0.000705000430398363
22090381	0.0033217679984226
22093090	0.00312932667651438
22093900	0.00145077088882085
22094600	0.00581973126578086
22097961	0.00448978846727244
22098890	0.00106065986453444
22099420	0.00257911151403678
22103150	0.000899498515492885
22103860	0.0472711389482497
22105660	0.000803560772520609
22107560	0.00454194770945441
22109080	0.00563144200466212
22109110	0.00218873433064882
22110590	0.000714072752305465
22111730	0.00450190760307107
22115140	0.0245683608141722
22115580	0.00529099776481383
22117671	0.00187927208926034
22117780	0.00317819528626884
22118060	0.00180330380295033
22121401	0.0106216700600449
22121900	0.000646249292623652
22122511	0.0249304628848135
22125500	0.00203726392922565
22126231	0.00099586229334131
22126241	0.000673109354203958
22126610	0.174600746766789
22127881	0.000780145311055747
22127901	0.00235617136783953
22127960	0.000627584662905804
22127980	0.000687082259647034
22128960	0.00272978585166123
22128991	0.00066577607167878
22129271	0.000772535530052169
22129821	0.000708672758457346
22130911	0.00281132427166137
22131860	0.000742574120040496
22132721	0.000987123016540685
22139980	0.00156813670260685
22142460	0.00087593549484565
22143030	0.0316295145999489
22143700	0.00281883210263918
22144581	0.00183009642273645
22146340	0.00294424470706644
22148950	0.00111163662591459
22148981	0.00145907604416603
22150450	0.000826464279370223
22150750	0.00063249229235034
22151891	0.000632716880743823
22154101	0.000668805135217873
22154351	0.000615053201467107
22154381	0.00362437283605351
22154651	0.00235781468291602
22154880	0.000674183760703873
22155420	0.000646843140767103
22155570	0.00190401443833259
22156311	0.0598113448229544
22157001	0.00638712483863221
22158931	0.000684737545412253
22162631	0.00558006304113826
22163130	0.00348740944913541
22164171	0.000684124908319152
22164561	0.00214554181513776
22165121	0.000995270366816101
22165541	0.000706390408902225
22165821	0.00182871025371711
22166771	0.000663729616828254
22168960	0.00369713128502611
22170060	0.00478663970180876
22171170	0.000834857788562233
22172520	0.00692960755604861
22173251	0.00236128317160331
22173610	0.0027401992103684
22174180	0.000783302172609468
22174600	0.00750938129454953
22175731	0.000790869887570794
22175741	0.00207637543309398
22176100	0.000896325870809737
22176981	0.0834514529607836
22179170	0.00151716697764512
22180431	0.00553461865006603
22181210	0.190313769005435
22181261	0.00102007802804196
22183741	0.00921444944047074
22184650	0.00184019145864717
22186771	0.00183529516821771
22188270	0.00647508105695386
22188691	0.00077701685013077
22188991	0.0116724833322537
22189811	0.00169208564300073
22191331	0.00608547140524535
22191850	0.0118462355340586
22193370	0.00205863470736573
22193500	0.000675063180536449
22197391	0.00250087813370778
22197890	0.00071380479797363
22198030	0.0146086338166544
22198050	0.00904461752954063
22198340	0.00244167796213489
22199280	0.00281121078933639
22199820	0.00596296504718465
22200370	0.0416595824273081
22200981	0.00131456644855109
22201200	0.00263565017887484
22201610	0.11594960177419
22207270	0.00260205812768534
22208141	0.00364872604216111
22208790	0.003555262192452
22209220	0.000905362313253469
22209671	0.00359434170153494
22210860	0.000602807101325309
22212161	0.000917119798414443
22215041	0.00122367056153314
22216971	0.00273572755765491
22219051	0.0036833345724488
22219300	0.0858573300966482
22219410	0.000838732383094888
22219540	0.000932887923612354
22220431	0.00155726383588933
22223000	0.00163855937626907
22226071	0.0306452076782282
22226460	0.00239857874475199
22226590	0.000948514002751832
22226750	0.00312546907649202
22226890	0.000690872138692446
22228520	0.00511623269596647
22228670	0.00187337560922056
22230501	0.00421414643857464
22230781	0.00425850070609865
22231020	0.000888378492945477
22232291	0.00252026034485059
22233640	0.148461516343843
22234610	0.00360086097766019
22235710	0.00200839267948404
22238040	0.000735413857044563
22238081	0.00198661052440964
22240551	0.003133772686388
22241101	0.00183165986894448
22241541	0.00161143712060426
22244820	0.000623344091436592
22246190	0.000660138987375177
22246341	0.00071580125809857
22249080	0.00475869335262047
22251041	0.000677269610890258
22251850	0.000654737394380357
22251871	0.00259107499379196
22252540	0.000951842806750676
22253610	0.00359989816680422
22253880	0.000638305337612337
22253890	0.00845387288353417
22255181	0.000737169097369085
22255280	0.000622881788547525
22255881	0.00066976502301217
22256161	0.00104176200261911
22257531	0.00179022657102234
22260950	0.000679404655085573
22261200	0.00197592165170306
22262641	0.00461079794946832
22262720	0.00135729256850464
22264110	0.0108470621311661
22264530	0.000629260454224056
22266891	0.00584635696346695
22267171	0.000694670320320056
22267960	0.00947509899151237
22268711	0.00101522883018185
22269080	0.00224871912501649
22270590	0.00125464224688567
22278580	0.0261925209990876
22278621	0.00228077208779001
22280421	0.0123301793713946
22280961	0.00185655456392632
22281890	0.000689870436977347
22283830	0.000699339138827346
22284961	0.00828769149929164
22285090	0.00118944241991277
22285931	0.0115154401684967
22286290	0.00133610452258762
22286310	0.39191855131739
22287410	0.00774028954407585
22288500	0.00126395848577292
22289200	0.00212681054816769
22289340	0.000773112194430706
22289371	0.000748621507472991
22289801	0.00186363067948302
22291420	0.00708909676657978
22292080	0.0027191406658034
22293180	0.00248753450244004
22293630	0.000767312849561156
22294170	0.00231596249209574
22295700	0.000666869448361637
22295820	0.00141211215468205
22295950	0.0074270125458483
22297371	0.00213339143337349
22298481	0.00219156804289232
22298870	0.00111882713964213
22301121	0.0176611824575775
22301630	0.000642770630091379
22302150	0.00148027452723292
22303861	0.000646415739239129
22305200	0.000686285343659361
22307120	0.00271816546468567
22307540	0.0040177387536017
22310030	0.0108779726322819
22310430	0.0194088209550995
22310440	0.00182180195778944
22312131	0.00175699085177603
22312260	0.000626835132792554
22312380	0.00145561619117856
22312770	0.00343425125616407
22314040	0.00385079593383446
22314300	0.00223304768703205
22315270	0.000658093507809277
22315451	0.000970681532431604
22316630	0.103760212422665
22318631	0.000679136068625273
22321460	0.00427579680589728
22321941	0.0679958905978671
22322010	0.00090045001881264
22322160	0.000871473179309477
22322331	0.000649985178472342
22323171	0.000611862443893424
22323711	0.00142934408381967
22324291	0.00226184595242702
22330491	0.00192626139005632
22330631	0.0053770162387154
22330860	0.0045528840565712
22330970	0.000651093366783807
22331560	0.000625440971243624
22332131	0.000712614250101501
22332291	0.00132105430694386
22334351	0.00126368427510381
22334730	0.00126136846783348
22336090	0.0018616100240019
22336380	0.41995066443125
22337391	0.00229619977161209
22337641	0.0287917913743485
22337740	0.000731394565283148
22340670	0.00069606344682975
22343871	0.00109182723397195
22343940	0.00533414139074035
22343960	0.00420700355542732
22345470	0.00352989553307228
22346730	0.00232783630978705
22347390	0.34564977968781
22348401	0.000650871707751096
22348561	0.00111195821209957
22348691	0.00228307804235302
22349921	0.00207713471055835
22350071	0.000615053201467107
22350310	0.00259545164763359
22350450	0.00325385732758645
22351010	0.00710056334766321
22351530	0.0428224057570424
22355711	0.00193313616396497
22355840	0.00942316292399873
22357200	0.000747433623821486
22357661	0.00251981441550037
22360011	0.00257002052794673
22361091	0.00762284464635936
22361460	0.000728961502490051
22361931	0.000999704453898535
22362970	0.00265709921719553
22364650	0.00454616716592444
22365040	0.000625246516852155
22365111	0.00100691157338134
22369921	0.000915466602015649
22370320	0.0270642375357564
22370980	0.00115122138011775
22372240	0.00292465167976239
22372800	0.00320995024500838
22373371	0.00594117215046654
22373781	0.000635766996314203
22373791	0.000664140936319958
22375420	0.0189184933464108
22376821	0.00396121577728065
22376910	0.000606753885567106
22378010	0.0117033201177053
22378491	0.00232581082631404
22379441	0.00630925638129858
22381470	0.00148228428850784
22382160	0.00826843096962791
22382280	0.0026344455157835
22384271	0.00361547172168464
22384620	0.000669528486268886
22385320	0.00185336643147908
22385771	0.000728307792694557
22386471	0.000730428270508597
22390000	0.000729402726950274
22390570	0.0154957272433191
22391820	0.00065435308473218
22393630	0.0179644324253241
22394051	0.00366414344799131
22394150	0.000686841058572683
22396220	0.00131093007746918
22396230	0.000625164490470684
22397361	0.00317593859341967
22397501	0.000636895950804667
22399520	0.00513839555770797
22400821	0.00255399955328321
22401170	0.000663067329021121
22401210	0.000638733323415987
22402030	0.00274836350851289
22402321	0.000670410861158086
22404350	0.00135861331029697
22406341	0.00857610256002376
22406761	0.00220325195552368
22409101	0.000685253662188332
22410300	0.00503418129250042
22411130	0.000808815294268537
22411431	0.000747010146989295
22411441	0.000627589408632399
22414601	0.00857673702200546
22416541	0.00360291269333373
22416930	0.00206839660091759
22417491	0.000742683036728278
22417921	0.00108857307174701
22418590	0.020684570393624
22420100	0.000642016614432662
22422730	0.00443538267329138
22424510	0.00166840589493317
22424930	0.000781007503429037
22426150	0.000672133354726206
22426430	0.00429950513766148
22426881	0.00213170155346194
22427431	0.00374733872948989
22427701	0.00192728898615859
22428200	0.0045329730924245
22430010	0.000691859761859327
22430440	0.00253775648086073
22430461	0.000744908881602032
22430550	0.0135555633368231
22430761	0.000696795185679876
22430871	0.00253027427221886
22431940	0.00200299466328907
22432760	0.000632956021358108
22432920	0.000715226911506547
22435031	0.00198557993089159
22435151	0.000615053201467107
22435650	0.00064315445316018
22435660	0.000641598290479202
22435701	0.00204328554111235
22435790	0.000774478491043514
22436001	0.000703983245359709
22436060	0.00090486464250481
22436220	0.00125809556406851
22436900	0.00230039091924719
22437310	0.00146872876893291
22438731	0.0125894527825152
22438860	0.0007137111920763
22439960	0.000744305099758215
22440531	0.000792457751578529
22441590	0.000831569199311763
22442891	0.453273384920075
22443140	0.00146036017226835
22443240	0.000659481723029825
22445070	0.00423764825308493
22445620	0.000626835132792554
22446570	0.0135903559491443
22446611	0.00222777231585109
22446700	0.000795717837069574
22446850	0.000771110228799044
22449720	0.000622833170176226
22450601	0.000648131457117795
22451561	0.002885759213383
22452630	0.00556703654515255
22452961	0.00196252946812902
22453921	0.00181363408227276
22453990	0.000878412672227458
22454591	0.0105351829074071
22454850	0.000638198475972078
22455110	0.00127093083771827
22455240	0.00062934985053689
22455370	0.00362121172504233
22455390	0.00200701726182974
22456951	0.000814133421950385
22457030	0.000738624712298021
22457511	0.00268119494503082
22458341	0.00273045055694712
22460370	0.0029972629778152
22460480	0.000674627449625788
22462461	0.000664384333470548
22463250	0.000936623404294757
22463380	0.00249994080385541
22463701	0.00318142584680603
22463820	0.00065621252790483
22466051	0.000680373021536091
22467540	0.00441739391163849
22468340	0.0129737367193676
22469460	0.00177265128010967
22469921	0.000624471152386845
22470300	0.00284814677548034
22470960	0.00145779159802423
22472080	0.000627584662905804
22472630	0.00478897618589191
22472760	0.002020516139999
22473231	0.0292630893162235
22478321	0.00070095562659499
22478471	0.000800310048777829
22481211	0.000748294739942112
22481880	0.00416070264934757
22485030	0.00157317347548226
22485091	0.00469233423343038
22485160	0.000622188626179835
22485231	0.00177827171753972
22487141	0.000614886672027106
22488111	0.000854114077357915
22489211	0.00528902831978329
22489651	0.000672421303802793
22492391	0.000982295261525285
22492941	0.000749797028251613
22493921	0.00252651191627557
22497740	0.000648322211532321
22498000	0.000643699718543329
22498741	0.000646882825298427
22499540	0.00488131899866055
22500070	0.00681210909000083
22500490	0.00199408034390063
22502611	0.00272714688126197
22505501	0.000628175635273187
22509621	0.00251033305141842
22509641	0.000617133831794863
22509781	0.00220358608096471
22511551	0.00140168014873536
22513340	0.0228508578199696
22513430	0.000704780044987554
22513450	0.00245178711018699
22514820	0.000615472272646036
22516620	0.00326506454129421
22517060	0.00061225039015952
22517911	0.00546736074295051
22518471	0.00116703257293878
22520350	0.00181054353402561
22522430	0.00148024444636815
22523090	0.00371345896293467
22524760	0.0543833319698998
22525231	0.000690872138692446
22528671	0.00205444351454341
22530430	0.00127246597464128
22533491	0.000678524406834707
22534000	0.00332647022131477
22535831	0.00828999983320257
22537221	0.000628964097988979
22540531	0.00180920208255817
22540661	0.00139925985113072
22541170	0.00325736488697376
22541891	0.00106172939686717
22541911	0.156345829055367
22542710	0.000682348006164721
22543131	0.00733159514292568
22543650	0.000613093329040597
22548531	0.000664053658082525
22549040	0.00068208039231076
22549170	0.00128560022226823
22549211	0.000627490904802714
22549231	0.00138049730723727
22549351	0.000739999556232932
22549720	0.000747791139169849
22553320	0.00173595315221152
22553450	0.00168603693380018
22553501	0.000648659322084805
22554840	0.00490848140195334
22556600	0.0115148668481995
22557170	0.00149840677767455
22558451	0.00361131820382992
22558830	0.00149509729520766
22559411	0.0034411840254082
22559930	0.000785732437674541
22560600	0.00400074692285158
22561300	0.000709635407882164
22561470	0.000644707564046571
22563131	0.000887870273136176
22563940	0.00568507032066393
22565050	0.00125912739127364
22566601	0.00277865561287058
22566741	0.00137255927103167
22567670	0.000726220774143227
22568671	0.000798337077719124
22571151	0.00172605628043991
22571380	0.000631136254246572
22572480	0.000683146193333951
22575360	0.00105686674219844
22575390	0.00105460523100959
22577201	0.000625515372349422
22578540	0.000734878535445448
22579100	0.000660579882796161
22579230	0.00468875692578544
22579691	0.00511036569817688
22584101	0.00667279352986514
22584951	0.0227578149087386
22585310	0.00069480858662371
22586710	0.00410940598815115
22587431	0.00334838698178673
22587541	0.000658629585273369
22589570	0.000660529099088863
22591530	0.00112200213010515
22591551	0.000680939379773514
22595380	0.000735968118794443
22596931	0.00223623035353658
22597570	0.0100779320413366
22604070	0.000752717287574435
22604340	0.0958659911086542
22607110	0.00177678360112969
22607401	0.00157323603665801
22610390	0.00435812208098749
22611691	0.0217003394124489
22615510	0.000629797292572626
22615541	0.00880237278500533
22615650	0.000846981747228904
22618270	0.000744081648133711
22618441	0.00250394486713127
22626280	0.0286201033812454
22635530	0.00319662978328874
22635760	0.00793068436029376
22637040	0.0146615117152182
22637901	0.00268270530111415
22639421	0.000681697706772402
22641420	0.00077571538979584
22644111	0.0170232119260091
22644460	0.0302008412245201
22649601	0.000609105333416596
22649621	0.00178014140474711
22649990	0.000602807101325309
22651910	0.000632405888028905
22652781	0.00234071806145458
22655001	0.00235463952755226
22655650	0.012109765931236
22657201	0.0345731902459338
22657761	0.00104858592108885
22660231	0.00959626839093086
22661990	0.00117999023505051
22667630	0.00243817493655805
22668760	0.002938138831945
22669550	0.00223486748197793
22669560	0.00308473502320866
22669970	0.00329741588944059
22670041	0.000741710418500727
22671220	0.000937282987496241
22671811	0.00235243344889241
22675411	0.00355127507316457
22675541	0.000807538251007021
22678130	0.0020887430625914
22679230	0.0971102148344104
22683370	0.000732778358046721
22685300	0.00072532181898163
22686861	0.00255906445677211
22687930	0.00150340913426763
22689410	0.000979366196429661
22689860	0.000646408780447071
22689901	0.000671197512454882
22691401	0.000651271112014735
22693290	0.000643164928344643
22693440	0.00202718594589688
22694041	0.000740803569499179
22697870	0.00090110803503514
22697970	0.0024163177685701
22697990	0.000637883884644511
22698041	0.00149301519873959
22698151	0.000689760125532581
22698301	0.00176866280721958
22698410	0.00735590796903807
22699100	0.00107620129716444
22699360	0.000691101559641827
22699380	0.000725536664886285
22699411	0.000970788507893186
22699640	0.00300995441550266
22699650	0.0040400362580095
22699790	0.000713475704192188
22700070	0.00191149985139868
22700170	0.00074758032536852
22701601	0.0138886434317017
22702011	0.0017215745032138
22705040	0.000882010049211065
22705331	0.000756684891639748
22705410	0.000653439637807743
22705420	0.000771195332387102
22705830	0.00077985672704861
22706441	0.00892635774901627
22709611	0.000615866945730008
22710171	0.00299173246266622
22711080	0.000650665572545037
22712200	0.280919314963448
22712371	0.00370716457052921
22713590	0.000835615630131128
22714120	0.00179963465236396
22715111	0.0354647318289435
22715380	0.00223674786230834
22715681	0.00798255696666723
22717310	0.00575453881207114
22717471	0.000615053201467107
22719900	0.0165151935337003
22720310	0.000609105333416596
22720720	0.0016424629140481
22722711	0.297186287351419
22722940	0.0108660107066103
22726280	0.000649806300461226
22728480	0.00348101181449046
22729430	0.0038068509985433
22731401	0.0125275039850537
22733601	0.000626375885382927
22733891	0.000671300210981263
22736190	0.0744541767337521
22736330	0.0102645049123352
22737560	0.0359079820601546
22741191	0.00358470027950218
22742670	0.0533240855730812
22744480	0.000875124568587641
22746140	0.00617483997929569
22746561	0.00138248586127013
22746991	0.000634850764811282
22747230	0.000694090928024706
22747240	0.00264860304672847
22747961	0.0027991549143085
22748070	0.00142693361277044
22748320	0.0867534368557436
22749560	0.000650402275951125
22749710	0.00168754402044331
22750660	0.00360873446807979
22750810	0.000683590312182927
22754561	0.0226657118478394
22754820	0.00157502957918857
22756580	0.00150553815388231
22756740	0.0054068898918832
22758390	0.00572042353704328
22758680	0.00164491053881408
22758721	0.000981912224926069
22759251	0.000805723156580471
22761430	0.00156320386635528
22762861	0.00198414423917245
22763261	0.000756613880254714
22764180	0.000726527301140309
22767951	0.000644624259452114
22770721	0.00126653992859763
22772091	0.000841089054269842
22774790	0.00638903737386343
22776901	0.0058860587348349
22778380	0.000634100844415779
22778930	0.00302703179195566
22783230	0.00275895866334141
22784221	0.0556302500436196
22786100	0.0155534731012245
22787920	0.00103294066697743
22792740	0.00683874120528179
22793181	0.00354980324975455
22795681	0.00188789324396033
22795770	0.00337512942805993
22796631	0.00679483131006438
22798831	0.00144239819205254
22799650	0.00681413230679038
22800211	0.00148154601741073
22804200	0.000770179050407701
22804221	0.0011634182921873
22804921	0.0018149587686873
22805140	0.0742303754208584
22805810	0.000648590576049257
22807111	0.000653104490021986
22807190	0.00630980280696424
22808030	0.00204228419666139
22808071	0.00313752829604453
22808491	0.000646444007545615
22809041	0.00389650383303871
22810161	0.000685890031594499
22812911	0.000628378191394419
22813041	0.00188193845254781
22815251	0.00061225039015952
22816091	0.00322520294396465
22816231	0.000843719573971483
22818500	0.000716591366224186
22819951	0.00199577222991568
22821731	0.000669170964428782
22823651	0.00117406135197624
22824211	0.002439600090073
22825741	0.00956772424716203
22827600	0.00902447783730176
22829540	0.000803376637367812
22829810	0.000628083345205266
22830411	0.00140510441479921
22830680	0.00062121787794907
22831050	0.000667003281069945
22833560	0.00238165641271259
22836580	0.0172349967627387
22837861	0.0014509128524697
22837871	0.00966438146942323
22839360	0.00064702432200675
22840491	0.000770090875487149
22840980	0.000661124593071705
22842680	0.00062121787794907
22842851	0.00063947200659824
22842981	0.00180454291399967
22843330	0.00511771980528946
22843350	0.00072722808348538
22844771	0.00326581689441746
22846680	0.00147035785557597
22847261	0.000686667476822055
22847330	0.00075198380720619
22848570	0.0124259166546301
22848730	0.00261211899208696
22849950	0.00206423838103286
22850400	0.000715641611475613
22850540	0.00161504219884951
22850930	0.000751496326881424
22851111	0.000629510638233292
22852030	0.000664649056875437
22853601	0.0033046604345037
22855651	0.000712911315470025
22855780	0.00071441504096479
22857560	0.000692260911402667
22862390	0.000866450392846996
22862780	0.000873164659841508
22862940	0.0132669374288976
22866131	0.000650919985779908
22866141	0.00144670981784732
22866400	0.00289700307010305
22866930	0.00141664021043183
22867880	0.000602807101325309
22868740	0.0363526621138588
22869851	0.000961740497895284
22870561	0.000711287863971446
22872040	0.000897136976709735
22873830	0.000641584531331961
22873991	0.000677078289614164
22874380	0.0022068134819113
22874431	0.00204931304959339
22875180	0.00466670897011414
22877051	0.000667401556873412
22877731	0.00537769461157171
22878141	0.000669189531508085
22878660	0.00449295942655718
22878691	0.00211474636559072
22879080	0.0431598221272199
22879610	0.0014163437128962
22879941	0.00218802632652411
22880010	0.00144692558786332
22883060	0.000693817055968759
22883190	0.00627252139065741
22883500	0.0313150837091694
22884720	0.00288675821631324
22887900	0.00170515549159873
22888491	0.266314485007948
22888580	0.00393919609525062
22889420	0.000628378191394419
22890541	0.0124047901193924
22890800	0.0207500620283215
22890981	0.00920429562877386
22891630	0.00226046340944731
22893120	0.0015831558380741
22893461	0.00192121237602447
22894930	0.00182286634320716
22895760	0.00323887275497057
22897861	0.00164437382726309
22899770	0.00164797261741432
22901690	0.0711149767115479
22903180	0.00186513664398159
22903641	0.0133352462153627
22903791	0.00303533125625819
22903880	0.123951263398317
22905660	0.0037777075462835
22906360	0.00120610833150514
22907220	0.000777306031953184
22909441	0.0139821172236687
22911320	0.000638457607513233
22911340	0.00098610551096898
22914131	0.00140678721682665
22914261	0.000621880799333607
22915770	0.00074992457502719
22917461	0.00192221979888943
22918691	0.000671549293345605
22918701	0.0082489172080989
22920331	0.00142260009841689
22920751	0.00710279588654141
22921321	0.000736515517736463
22921680	0.00945132235601352
22924081	0.00423739517378792
22924140	0.000675764773625486
22924460	0.000804626717421513
22925150	0.0016285603588499
22928201	0.000645974522696191
22928430	0.00638342896723856
22931480	0.000700413752602726
22933010	0.00323062373171559
22933270	0.00220255515970515
22933540	0.00455576770314118
22934520	0.00428058942703876
22934530	0.0015429164747602
22939600	0.0131886119734856
22943880	0.000732943834369756
22945120	0.000769333129978727
22945390	0.000982104453787603
22945940	0.00186650669600519
22945960	0.00144073671438678
22947490	0.0202450532680713
22947890	0.00271229540783864
22949591	0.00872274137321371
22951190	0.000799021206882692
22958971	0.0032959268731446
22959371	0.000670803262002898
22962650	0.000640601609950558
22964201	0.00111371459688967
22965960	0.00235406560693144
22967450	0.00176822164039697
22968331	0.0270507671042227
22968901	0.000723067409852295
22972341	0.000632890247618782
22973410	0.000722272548862057
22974930	0.00279145568262752
22975070	0.00272004190885359
22977441	0.00141231495916789
22978831	0.00174033253236214
22978951	0.000800847567820575
22978971	0.00258714134005155
22980331	0.000633672671888855
22980870	0.0041360888964522
22980891	0.0162688925176612
22981120	0.000668719079269229
22981270	0.00142888165183033
22982790	0.00122548550086377
22982811	0.00202489310177761
22984410	0.000705011580335117
22985950	0.000719160055023836
22986261	0.000778479031069292
22986490	0.00107384939203364
22987241	0.00682339773710933
22987310	0.00221155738220131
22989011	0.00321522674591674
22989311	0.00496252474454178
22991101	0.364488388142693
22992310	0.000796467178035445
22994531	0.00176969730864152
22996570	0.00150025581563129
22999170	0.00280882442469198
22999310	0.000997460688181253
22999880	0.0131793127953113
23000270	0.00309109123819247
23000580	0.00771120555051422
23001100	0.000758823865928451
23002131	0.0139073368218034
23002520	0.00191162182768468
23002890	0.00206005113770004
23003091	0.000825198585192254
23003720	0.000937820372869049
23003791	0.00167655800626695
23004751	0.00148362971062951
23004761	0.00423551404771744
23005711	0.000882102314569094
23008010	0.000893564462298125
23008871	0.00227912512301386
23009861	0.00582213669243803
23011880	0.00203232758813689
23016030	0.000627584662905804
23016430	0.000632446704251048
23016440	0.000895899803969385
23016820	0.00155991712884696
23017250	0.000723979346051317
23017441	0.000733586835465759
23017991	0.00225920539809451
23019091	0.0554398116614678
23020440	0.00369013278612247
23022541	0.000810750198022466
23023351	0.0006223015443527
23024580	0.00406186424979702
23025311	0.00361453605147952
23025701	0.000626711070427463
23025711	0.000651633602966396
23025830	0.00065755065144739
23026240	0.000669203798519331
23026401	0.000673863381343845
23026411	0.000709860231806853
23026531	0.00100544373881933
23026650	0.000654647281003821
23027221	0.00282494645142677
23027340	0.000645338033936375
23027440	0.00282257675597211
23027450	0.000628999082983895
23027580	0.000786032215905064
23027600	0.00122371689416769
23027651	0.000621880799333607
23028051	0.000917089716341423
23028201	0.00247613941328615
23028321	0.0151151524129464
23028331	0.000716728495112446
23028440	0.00063951976864179
23028710	0.000673676558759916
23028860	0.000609105333416596
23028980	0.000628772929134885
23029000	0.000986786277853635
23029021	0.0014730821424529
23029400	0.000668889972024051
23029441	0.00108765879279251
23029690	0.000926384724643715
23029851	0.000690194268568736
23030001	0.000971380134044454
23030131	0.000833257648733307
23030230	0.000628277941500426
23030261	0.000742728065320961
23030531	0.000633702259787975
23030780	0.000657996260323802
23030910	0.00076474459956771
23031170	0.00102436874200458
23031221	0.000632325511732734
23031460	0.000950971204289315
23031491	0.00183675238621312
23031590	0.000659064709004179
23031730	0.000661050123290138
23031750	0.000667513226525361
23032331	0.000653104490021986
23032450	0.000691590681368426
23033130	0.00184217339866823
23035211	0.00182835814548505
23035231	0.000706065048507985
23035890	0.00132446400484428
23036430	0.0103450072482879
23037530	0.00199051742976698
23039440	0.00337254751925931
23039880	0.000673149908802353
23040850	0.0201037520196234
23041171	0.0191758605176979
23043651	0.000657644920451415
23044341	0.00153577964499033
23044601	0.0024162803289257
23046340	0.00337233350164447
23047361	0.000712047900919654
23049930	0.00421541581535003
23050661	0.00234788913290378
23050910	0.0168018135799009
23053171	0.016299477715823
23053240	0.000687344685515151
23053370	0.0026337892010804
23054131	0.0019108102777569
23055190	0.00372680031538828
23056140	0.00281453302996306
23056820	0.000608693505068779
23057800	0.000731354715190039
23057930	0.0011851239109725
23058790	0.000637638074350612
23061540	0.000757632989602485
23065701	0.00806007418916781
23066811	0.001443714785829
23067060	0.00321849216675626
23067901	0.00218362364759736
23070671	0.000919605446325638
23072960	0.00192431235368571
23073270	0.00280330513374619
23074381	0.00386854814919182
23074391	0.000723958960569122
23075030	0.0866075322746808
23075440	0.00277612375971849
23076010	0.0120536146064372
23076061	0.0103463161454262
23076331	0.00440964864636176
23076341	0.151398526407251
23077090	0.000874664709342787
23077971	0.000839298553722787
23079340	0.000892042608972864
23079511	0.000807969393207686
23079880	0.00353010847784
23080331	0.00499982117567732
23080881	0.000640687053775003
23080970	0.000693552171700379
23081571	0.00285530608702852
23081670	0.00267065602434966
23082910	0.00279741134300755
23087050	0.00239746772796054
23087221	0.000734167054851061
23088710	0.00157616378241768
23088881	0.00505493162788375
23090340	0.0149722416267799
23091740	0.00142301453191632
23093981	0.000820045344504102
23094801	0.00134886275789845
23096881	0.00105564761162959
23096980	0.000788549861588333
23096990	0.0019924032206647
23097120	0.000635225204144355
23100400	0.000809394331448403
23103081	0.00319661868108205
23103091	0.000992345981012936
23103160	0.0006223015443527
23103300	0.000680270990762203
23103351	0.0006223015443527
23103470	0.000616161649161358
23103740	0.021722739990322
23104300	0.0023124113311918
23104550	0.00068009135162133
23105431	0.000718325384611924
23108260	0.000827619982712529
23108451	0.00173659473073981
23114630	0.00152844601768312
23115310	0.035354569316697
23115341	0.000865698433586265
23117001	0.00173436073103518
23117841	0.00102625414493725
23118230	0.00401164011093027
23121691	0.00230623010826237
23122251	0.0015933097967
23122630	0.00187921505806253
23123750	0.00214369469205886
23128130	0.00123418804674924
23129271	0.00605989136652036
23129851	0.00343156443548511
23131491	0.000803966991660842
23132010	0.00493119315491958
23132260	0.000777364510737816
23137120	0.0293234942832076
23137551	0.000720900140946057
23137701	0.000714525515581578
23137790	0.00372794517848195
23139621	0.00226433653127479
23139860	0.0442703717945929
23140581	0.0283228435615272
23142920	0.000696847636956144
23143160	0.00205908813192836
23144710	0.00259517185677635
23147211	0.000966913978744083
23148881	0.016475300384489
23150381	0.000680490341477122
23151170	0.00065409725829366
23154740	0.00133838292220551
23156441	0.000912333793320934
23157390	0.000944050838792416
23161271	0.000666317511993878
23162671	0.000724507941304711
23163341	0.00272950887203352
23163911	0.000778774169324062
23164670	0.000681597736303896
23164851	0.000808962060719735
23166671	0.000717147760700207
23169650	0.000646516226307125
23170320	0.000739952371345503
23170941	0.000629510638233292
23171850	0.00146128767169159
23172560	0.00371248123772688
23175160	0.00155573979703953
23175710	0.00800139699405432
23180711	0.00164919830197388
23183221	0.000854558855148836
23185281	0.000828407465743833
23185930	0.000950683054828726
23186050	0.00378149137128712
23186060	0.00068488968219217
23186350	0.00109667585137586
23187010	0.000733392735218367
23187310	0.000705808497562158
23187320	0.00517292592656249
23187341	0.00227284964403336
23187471	0.00283974872625428
23187850	0.09697009476465
23189640	0.000645629381530999
23190880	0.000883390144176863
23190890	0.000668007067375768
23191170	0.00171060624869209
23191720	0.00146377838302257
23192181	0.000723214163812482
23193291	0.00401105008484601
23193670	0.00214770201762475
23194350	0.0031913950818678
23194671	0.00469392567437398
23196960	0.00580332982661542
23197131	0.000674411597653768
23197380	0.00122160916962347
23198880	0.0982741290173735
23199160	0.00529113600114682
23199740	0.000820822487538496
23200181	0.0830148100726517
23200871	0.000683739564554024
23201551	0.00069334408314615
23201971	0.00516133191654816
23203061	0.502041374804408
23207730	0.000767110372879284
23208940	0.00064498148360768
23209660	0.00270774075652252
23210231	0.00109741684068101
23211970	0.00128852459279219
23212810	0.00334746899202719
23215191	0.00459262844364247
23216021	0.0029545184054384
23216041	0.00145551235865687
23221790	0.00108405964549822
23222330	0.00202990646637221
23225640	0.000805560812488363
23227331	0.00502417834209498
23228171	0.0130680365569086
23228181	0.00159855327759364
23228301	0.000727982083238943
23228581	0.00370493694254242
23229770	0.00078536065550306
23232250	0.00270609033237383
23234651	0.0258763334751122
23234740	0.000968240813359421
23234791	0.00192311245809364
23235010	0.000793594852376848
23235331	0.000795503940248192
23239170	0.00318449533140985
23240451	0.00154071774583611
23240540	0.00108478619803163
23242480	0.00128555744993699
23245660	0.0102563617226018
23247300	0.00144772614931816
23248700	0.00212930274087341
23250620	0.0025863729533105
23250870	0.00247684633124056
23252550	0.0022842335916038
23252711	0.0021608444094206
23253401	0.00590550389432244
23255061	0.00195792193540067
23256280	0.0313210041678153
23257411	0.00506673662348358
23257961	0.00551544364743274
23258651	0.000643565552256727
23260690	0.0204617961587305
23261281	0.00773286449214272
23269070	0.00556280136067646
23269900	0.000934977834356349
23270060	0.00159188752638181
23271710	0.000630517689775241
23275690	0.00741237882888627
23275830	0.11990303692211
23276520	0.00091479844788507
23276981	0.000908082762553257
23276991	0.00176174849584702
23277391	0.000626695284082773
23283321	0.000685404965920301
23283450	0.0070397641478554
23284011	0.012008602915324
23284260	0.0146148321806421
23284810	0.00271247969222062
23285141	0.00109285899772829
23285790	0.00240467081743957
23286070	0.00358866643884555
23288120	0.00110676609002056
23288390	0.000779434003700929
23291000	0.000917758798401291
23292000	0.00324097630225593
23295150	0.00276004885641382
23296441	0.0610743940043661
23300530	0.0141840256620317
23301941	0.000665577380266785
23302170	0.00294816211681856
23302880	0.00111342872979533
23304311	0.00203474102617075
23307280	0.0032003933751642
23308120	0.000628378191394419
23309370	0.0213389236613204
23311160	0.0034321935198184
23312991	0.000611532538450617
23313111	0.00323039920515622
23314310	0.00183360594680647
23316021	0.00252531628900649
23316270	0.0201323759246648
23316851	0.00202721173211739
23317271	0.00557687130793674
23317480	0.0010845779345473
23318351	0.0123889000120507
23320540	0.000710118750442276
23320711	0.00212362854598986
23323731	0.00291574917785852
23324520	0.00380996908140683
23324930	0.0587490466675148
23325200	0.00160256459522389
23329230	0.000821581277875221
23332281	0.00107042927406375
23333900	0.0248558906259044
23337510	0.0113522796978264
23337681	0.000643850951087422
23340120	0.000790450753400534
23340851	0.00138679735332729
23345401	0.000837559702391195
23346330	0.000653580842520344
23346450	0.0016398084655042
23347290	0.00331057401693628
23348151	0.000964113275982397
23352701	0.000758933018137702
23352930	0.0118085695251052
23354310	0.0191306217438915
23355311	0.00620353785544712
23358371	0.00101048363575006
23360581	0.0076300493693841
23361271	0.0028467539630712
23361801	0.000947680448715777
23361900	0.000646686097858083
23361920	0.000883472244069907
23367170	0.000897924859387093
23367720	0.000809821853332456
23371160	0.00699496145814832
23372670	0.00225461393268147
23372971	0.00289329709442674
23374340	0.0180939257317241
23378081	0.000940579547888013
23379030	0.000609105333416596
23379710	0.00159519025346581
23380991	0.000845593127908763
23381251	0.00607433400915682
23386351	0.00196154261318049
23387410	0.00175743570264658
23387451	0.00139412133218011
23388640	0.0129614207312305
23391120	0.00379449927610375
23392411	0.00158544536485754
23392650	0.0244844534253151
23394211	0.00517530643819651
23394460	0.000643699718543329
23395830	0.000633188372147129
23396360	0.0726781767854217
23399290	0.00772176616699098
23400691	0.00785472510260133
23403570	0.000602807101325309
23404240	0.00160619776067961
23404810	0.000664066458991343
23405401	0.00661448737091591
23408380	0.000977565091847965
23408390	0.0391815913835256
23411000	0.00250114732964946
23413360	0.000723894985091006
23416120	0.00189307785126079
23421090	0.000633517175977976
23421220	0.000672789861046944
23421890	0.00172895675777623
23422190	0.00606064123247437
23425050	0.0167598631483878
23425890	0.00488191312621896
23426610	0.000677754078347947
23429080	0.00143615188956102
23431420	0.0545520932186923
23434641	0.00296983281083151
23436691	0.00365917223029071
23437070	0.00149758367508324
23439130	0.00164408588446439
23439301	0.0022427495250523
23441210	0.00225690615994408
23442290	0.00125235709846363
23442580	0.00108452693455211
23444011	0.00263414470848105
23445330	0.00145229371558356
23445770	0.00123211007414459
23446481	0.000833559824632034
23448380	0.00350166832206757
23450351	0.00161085499833186
23451881	0.000711278699530806
23455851	0.00158061020445404
23456001	0.000617921879040326
23456120	0.00215285258335974
23457220	0.00118497228279417
23461620	0.000695530179604633
23462590	0.000704802503441471
23463301	0.00151873923613525
23466061	0.000613093329040597
23466081	0.000660282492239583
23469101	0.00522302977832478
23469330	0.00485171839892135
23473531	0.0012171400005244
23473811	0.0327392775389869
23473921	0.00663636768794539
23477760	0.00117750382040204
23480080	0.00206422546920217
23480431	0.00214758437110885
23484080	0.00250836621313191
23485671	0.00447687665165391
23486361	0.00259950740605207
23487741	0.00386063358031146
23487980	0.00250166509584653
23490580	0.00636961411549024
23495110	0.000907996992371401
23495731	0.00224595128359191
23496520	0.0139876679242703
23496640	0.000705001514457472
23498020	0.0448621411521989
23499000	0.00120690784433449
23499970	0.00136032587371229
23500821	0.00090155262753825
23503270	0.000840354134774298
23503830	0.000668509797246673
23504500	0.000977256786263008
23507800	0.000715926072933423
23507840	0.00431516283075143
23509251	0.00595376367117117
23509750	0.00118950829644126
23510420	0.00060561869631737
23513661	0.00251812459916274
23515120	0.00243195205186436
23515820	0.00108066141546318
23518471	0.0024464885437051
23519321	0.0014999917347388
23520230	0.00183976812556236
23523461	0.000651637411762515
23526071	0.00442031276795262
23526150	0.23399015982044
23527420	0.000641787842086989
23528070	0.00159658731272298
23528141	0.000648605176398727
23529590	0.00363261604823272
23530160	0.00161535720661589
23534180	0.0026836028801291
23534720	0.00749079007929555
23535301	0.00117183003309321
23535390	0.000650074585447635
23535840	0.000892068684290527
23536500	0.00173307880980891
23538730	0.00763842723891317
23542290	0.00217666644613558
23542341	0.0141517930707452
23542751	0.00103993185184404
23544350	0.000637668014519979
23545801	0.00094845049976417
23545880	0.000697434344788982
23545900	0.00296658722817341
23546310	0.00065027092559313
23546860	0.010460195255681
23547410	0.0016037035813171
23549330	0.00191052550458322
23549350	0.00099444642354325
23549791	0.000949469442818906
23550710	0.00257066624004391
23551540	0.000957487777192041
23552210	0.00103395974071195
23553651	0.00066261844585205
23553791	0.00148175012870045
23556121	0.00325835238342395
23558990	0.00249930272436362
23559540	0.00264161117007795
23559560	0.0111209894755408
23562621	0.00455668454230746
23562690	0.000816948140806525
23563000	0.0161257028588187
23563280	0.00581932658514122
23563410	0.00654266201131098
23563591	0.071708030830338
23564131	0.000889783134424609
23567861	0.0244444761356516
23569740	0.00545057831451771
23571031	0.000852230356979955
23572660	0.00125411172893273
23573180	0.0480578523951643
23575311	0.000960179328484489
23577050	0.00191147022576286
23578410	0.000888806863650897
23578560	0.00299952555853484
23579991	0.0183066683860887
23581241	0.000910907937000915
23581580	0.000645701228689382
23581730	0.315858175572655
23583100	0.00164529470479987
23584831	0.000837011568316388
23587161	0.000932982684942005
23587270	0.00102404853850327
23589610	0.129330379216573
23590440	0.00068214439912199
23590450	0.00153441257146615
23592271	0.00369814979965407
23592801	0.000658193925179029
23593210	0.000871767311773689
23596240	0.00903131017807874
23599810	0.000788327611554265
23603240	0.00135364152850503
23603260	0.00328205923424375
23605460	0.0276113325617475
23605590	0.414900536361111
23606321	0.00869647782694849
23607031	0.0019499024080975
23608401	0.00185934858092591
23609030	0.00213680150866133
23613101	0.00152879436961403
23613200	0.00427370432144502
23614440	0.00115398102980179
23615260	0.000675497252271042
23615861	0.00106321928741349
23616411	0.00672827351923959
23617180	0.000817903450389005
23617931	0.501630195435055
23619581	0.0023428395468421
23620521	0.00513567577494223
23620821	0.00325051490634626
23621050	0.000837874463022537
23623230	0.00861027333804102
23623240	0.000806554235347076
23623400	0.00183105086382564
23623940	0.00928028702863533
23624630	0.000669120202156867
23632541	0.000617836602825596
23633791	0.0185191586608518
23634030	0.00623430955869196
23637761	0.00103169929622401
23643571	0.000923780890854211
23643851	0.00113009921104758
23644620	0.00771870405132775
23645170	0.00554700225044245
23645771	0.00125151612641764
23646741	0.000662497466999761
23647031	0.00427949892052142
23647301	0.00133282691671443
23647851	0.000656386969179935
23648770	0.00888152525828128
23650410	0.00437654209460532
23650560	0.0019333350135307
23652910	0.00664398051115712
23653761	0.0567401322856496
23653870	0.00487597973599828
23654020	0.00289384878939905
23654280	0.000631308978965565
23654570	0.00369155676470118
23656811	0.00288036433627814
23658201	0.000636082560524074
23658321	0.000691274601751975
23658980	0.00210619536056664
23660681	0.000706855757508018
23660890	0.0257834462910097
23660920	0.00544741390106118
23661501	0.000950364581038116
23661890	0.000711507816060987
23662300	0.00152986123962355
23662591	0.00108281078925775
23664131	0.025010065801888
23665450	0.000621095470781709
23665460	0.000827482495251872
23669081	0.000833789666414082
23669091	0.000619903879845291
23669911	0.00148572393796624
23672401	0.00316878024403937
23672920	0.000699496763158119
23673351	0.00421948270595747
23674191	0.000793636354955808
23674311	0.211958652652613
23674970	0.00143157414588968
23675670	0.000619080115447067
23675711	0.000933656864641859
23677091	0.000680036778699048
23677750	0.000977574187163882
23677761	0.000643104140876802
23680500	0.00109216909004464
23680681	0.000873286272815566
23682410	0.000853958341640447
23682810	0.00167776028904336
23683800	0.00314876426433536
23683930	0.010630479962256
23684661	0.0050516593564579
23685180	0.00608146394488531
23685330	0.000815420817326633
23686031	0.00409931332333489
23686810	0.00143891740859997
23686990	0.0053536684623746
23688951	0.00363168462630231
23689190	0.00203308117916006
23689860	0.00502471340248421
23690990	0.000678851053075613
23691240	0.000987842772183657
23691950	0.000676177089622902
23692121	0.00136192652823534
23692750	0.00404661084210072
23692931	0.00182387865167227
23693631	0.00136258635797796
23694331	0.00118864001475368
23694461	0.000647872131009718
23694690	0.000741920248770344
23695161	0.000735484712984601
23695510	0.00220941719660055
23695540	0.000790813810852614
23696671	0.00116244168123133
23697761	0.0144785498015796
23698810	0.00166868383343026
23699370	0.00272479742369193
23699421	0.00295902469350805
23700360	0.0012989048497651
23701501	0.00256914797778935
23702171	0.000870495599302057
23702710	0.00155788026163429
23702741	0.00067748865327207
23702830	0.0562580668210951
23705320	0.00213684135469082
23705990	0.000666500553911204
23706260	0.00346795244304892
23707100	0.000902613975751257
23707240	0.00230335290716637
23707281	0.00225191011748239
23709310	0.000670045403991875
23710000	0.00254095620561956
23713460	0.00231008388895714
23714441	0.00214537686223598
23714980	0.0038499088926895
23716190	0.00594046991920866
23716241	0.000702621495068749
23717610	0.00218437588782741
23717850	0.0562987739366914
23718420	0.00181473401584402
23719090	0.000997619380615749
23720920	0.00301549356794782
23721980	0.00175676255573225
23722850	0.0101870625545186
23723151	0.313721569810498
23724241	0.000644007850180074
23724951	0.000754753380777368
23725751	0.000686587933916697
23725860	0.000698405317234168
23731120	0.00331802220222351
23731411	0.00167760694089185
23731810	0.0915674736245297
23732630	0.00240331374543055
23733621	0.00277463415893212
23735920	0.000628083345205266
23735971	0.0190182547664637
23737850	0.00635353692768236
23737860	0.00191351904314161
23738031	0.00288149857867079
23738290	0.000655613298874301
23740330	0.00376279143409738
23740941	0.00329487549569063
23740951	0.00072962932433908
23743250	0.00063079596326432
23743831	0.000635068911502644
23746041	0.00101909577979183
23748600	0.00102109674243384
23749190	0.00132953139362187
23749580	0.000958385952348144
23752791	0.0742357746488625
23753911	0.0056267052391571
23754301	0.00514796287419591
23754840	0.00164187939546548
23755571	0.000706735296259952
23756521	0.0126362522956869
23757560	0.000645793199426172
23757840	0.0010591888343397
23758830	0.00585452347588666
23760070	0.00826627348479376
23760241	0.00175759385600296
23760781	0.029092298322062
23761501	0.00125789916279182
23762120	0.000720971069932987
23763260	0.000632815134531801
23765880	0.000853156081996278
23766321	0.00102484960585941
23767510	0.000685139259500357
23768791	0.00124448319569429
23769891	0.00354657953077438
23770130	0.00166381806933903
23770161	0.0019703655430473
23770441	0.00067609961367321
23770800	0.0103923717545015
23770861	0.000766527560291766
23771120	0.00205313666177016
23771660	0.00485840370571855
23772381	0.000970582534318363
23773050	0.00443633388935867
23773361	0.00301572726342639
23776740	0.00640906736121329
23779271	0.0006223015443527
23779380	0.00149324419756583
23779961	0.00125189257310667
23780381	0.00463694564260402
23782451	0.000651528217632388
23783250	0.000656078859483105
23784740	0.00219819782162478
23785471	0.000646622468699589
23786250	0.00641754580506747
23787551	0.000726539861609027
23787630	0.00334974165655222
23787821	0.000693813038782351
23789351	0.000701609245730951
23789980	0.000820759472705748
23790400	0.000722306712010426
23790410	0.000660605699681219
23792460	0.00264356650276079
23792480	0.113407828121838
23794430	0.0220740070370737
23797450	0.034122331654504
23798571	0.00281365986668186
23798851	0.0020092989715116
23799121	0.00183959274513388
23800251	0.00189069648526824
23800760	0.000768860164661074
23802711	0.449156448817903
23802840	0.000662868297197107
23802970	0.00493348071229951
23803561	0.0134837763284615
23806571	0.000702569759840014
23806970	0.0016946459641892
23807530	0.0722102383979695
23808630	0.000625514695813329
23809010	0.000660600520442473
23810171	0.00240106302534788
23811530	0.00225226159491632
23815011	0.000908104011065847
23815681	0.00071756138743437
23817631	0.00431652352476393
23821700	0.000752211915195068
23822670	0.00342892401733719
23825440	0.000611946286448467
23826110	0.00219086633560614
23827681	0.000631533147447986
23829010	0.0023500356541645
23829040	0.000795023572255914
23829450	0.000684619003310776
23829830	0.019700524307393
23830520	0.00445349875794312
23830930	0.00242000523268557
23830981	0.000633351263517404
23832641	0.0192626161673556
23833891	0.0106278290113879
23835001	0.0489292068435636
23835620	0.000694382117524072
23836480	0.00238808725862705
23836911	0.00068978231171028
23841491	0.0017228437135077
23841830	0.00187352643936034
23842120	0.00500340224770226
23843250	0.000734126644899779
23845180	0.00610540124361999
23845290	0.00690230030207038
23846800	0.00225075211240513
23847760	0.00150107156467398
23849850	0.00200322484741236
23850000	0.000619990099077914
23851421	0.00249292974271747
23853440	0.00626676720023476
23854950	0.000606753885567106
23856330	0.000974902947567485
23858250	0.000718249960647258
23859770	0.00359172559323346
23860350	0.00199243130194044
23861611	0.00073076881496499
23862940	0.00500975951711737
23863961	0.00101470209669223
23864760	0.00833639602770935
23869720	0.00975358782637165
23871831	0.000659481723029825
23872381	0.00067787389814188
23875070	0.001660500173953
23875691	0.00172855025798469
23876771	0.000903284399907265
23877201	0.447121910728112
23877700	0.00131098279552273
23880101	0.000664682558330251
23880580	0.00177922369339406
23882451	0.00573518997306593
23886940	0.00338756041546552
23888521	0.00263303739858148
23889000	0.00296844966218908
23889471	0.000979023877230988
23889710	0.00092441126247152
23892511	0.0519963939396915
23894410	0.000998869199028836
23894970	0.00529292233077391
23896060	0.00304853701739809
23896900	0.00275664853593411
23897160	0.00139168749351915
23897170	0.00406540781005188
23898270	0.00182180526441103
23898530	0.000878163394397276
23899261	0.00179931976231659
23899941	0.00144112075503071
23900480	0.00114765058124511
23900880	0.00228952009358214
23901410	0.000914563455934107
23903500	0.00893856728132759
23903650	0.0020019581424983
23904241	0.00134374036188863
23904351	0.00479532328576701
23904720	0.000863402282591466
23906301	0.00104428869841713
23908590	0.000649826219069648
23908651	0.000827304529301797
23909430	0.000786622184534792
23910000	0.00197639342335767
23913731	0.00405101358033465
23915370	0.000695671908004295
23916361	0.0324616833206835
23916491	0.000885711097275344
23917181	0.00559516399004482
23918151	0.00166503196016702
23921830	0.00108190774234822
23924091	0.00230236786619554
23925170	0.00107745214418451
23925591	0.000674750987979968
23926380	0.00178042951961745
23927640	0.0006223015443527
23928101	0.000724580323512001
23928221	0.0159828587141125
23930650	0.000633105424191508
23933041	0.00119815251206251
23934780	0.00281907342195606
23935100	0.00339460085237239
23936491	0.000709287188018772
23938851	0.0873860316514278
23939080	0.00080088576931909
23940631	0.000631308978965565
23940740	0.000650621851147441
23940750	0.00196779231083013
23941270	0.0635154601465506
23941451	0.0178837638523801
23943391	0.00076154346462421
23944371	0.0185966916304645
23944470	0.112500996921925
23944641	0.000726146911877833
23945400	0.000751854667280315
23946660	0.00199647097056121
23947121	0.00865930749046919
23947910	0.0199595362156734
23948911	0.00112654539780431
23949170	0.000756163663352653
23949840	0.00425037716403048
23950520	0.00195206651934795
23950561	0.00194628151583741
23951790	0.00346427057468134
23955210	0.000734723626076313
23955391	0.00952249697861463
23956211	0.200351564424444
23956880	0.00143904999057477
23957720	0.00397267927637233
23957891	0.00224598030174956
23958110	0.003910944000592
23958141	0.00278707480499398
23958431	0.0100528251843092
23959470	0.000690322186106125
23959681	0.00278041330880515
23959801	0.00125679495620525
23961840	0.000953002859730275
23962110	0.000777862123179957
23963220	0.00133532450523371
23963650	0.00102102863288877
23963821	0.000930830965244398
23964641	0.000723469698281961
23964860	0.00272526408504697
23964870	0.000633529310694509
23966141	0.000677353730532857
23967111	0.000677033219685394
23967780	0.00348793779790241
23968870	0.00202099998670228
23969331	0.00170708372638127
23971090	0.0142580188831761
23972180	0.00195089144481747
23973171	0.000752411534299402
23973550	0.00106076050236242
23973680	0.00157501817348464
23974151	0.00146216391117371
23974841	0.000823127751418751
23975381	0.00294005922941252
23977331	0.00588837777530881
23979210	0.000861473565124938
23979220	0.01004571599827
23979620	0.000986439839631218
23980030	0.138610863399938
23980450	0.00280435584710781
23982250	0.000686004612250384
23984231	0.00296381766459258
23984911	0.000713395269089098
23985000	0.0077763164856416
23986711	0.000617066730573456
23987370	0.00145721238436947
23988631	0.000777997524813057
23988781	0.000953428260770213
23989690	0.00122930133446565
23990520	0.00757843942156442
23990790	0.000724072253378204
23990800	0.00075582870363404
23990810	0.00147048644558358
23992050	0.000728224399033702
23993420	0.00501164554988985
23993950	0.00062210162209286
23994971	0.000675402342719982
23995391	0.00105931563953734
23999210	0.000609105333416596
23999490	0.00586436204073586
24003811	0.000616161649161358
24003890	0.000794075254352433
24003920	0.0973201765842002
24005031	0.000616161649161358
24005041	0.00155614432571361
24005840	0.00220320309887995
24006100	0.0128329449109437
24006120	0.00894642489381192
24006291	0.00388043202401708
24006551	0.00062107387657924
24008190	0.000853334053101683
24008221	0.00159804783502046
24008751	0.000649614618232303
24008761	0.00139742637088412
24009871	0.000632479957779547
24010790	0.000961073335885494
24010851	0.00166380219234004
24011070	0.00512493642094711
24011910	0.00775180509989264
24013570	0.000638984517640557
24013581	0.00146806975983536
24013690	0.000737986198108554
24014500	0.00250187576866131
24015931	0.00628532074596512
24016190	0.00834427775235194
24016450	0.00118839850510702
24018390	0.000691777568084109
24019760	0.0198756184907876
24020891	0.000870347786417779
24021680	0.00288194390355241
24022790	0.00076393117639744
24022971	0.000670421515369278
24022981	0.00140882518360677
24024040	0.000764705596587526
24025530	0.0039749534444064
24025601	0.000862980293110526
24026650	0.00592739800579495
24027391	0.00142472012877537
24027470	0.000681054077549231
24028061	0.00956552149656155
24029820	0.000992713266211952
24032481	0.00274794532074141
24032491	0.000643919188349012
24032901	0.00069280380831315
24033120	0.00324657908436986
24035090	0.0817288999960874
24035320	0.000933901139624846
24040501	0.00070255679629053
24040911	0.000802895003418099
24041161	0.000615868480023887
24041810	0.000707580638864876
24042681	0.00117562795326438
24047261	0.000653248773174949
24050640	0.00168477951679806
24052771	0.00268103523328159
24054920	0.000714569482548561
24055371	0.000778534263782377
24055490	0.00293107733118313
24055620	0.000907310164154395
24059350	0.00067193891254627
24062401	0.000630529774066194
24064290	0.000738911562648478
24065260	0.000813318052378457
24065311	0.000706905195222784
24065451	0.0706344893393248
24066100	0.00478589071773408
24067870	0.000864260166841239
24068361	0.000758957643524392
24069441	0.00156842173535094
24071381	0.0174918782350544
24071910	0.000629510638233292
24072351	0.00122832931762207
24072361	0.00786056083705115
24073120	0.0006223015443527
24073451	0.000653247058191248
24073731	0.00161961035021786
24074530	0.0202510243839649
24076170	0.000862579486843977
24076320	0.000701517399544994
24076891	0.00162155504300706
24078350	0.0201693100572511
24078490	0.0021968830059955
24078961	0.00199445924680892
24081280	0.000687207951371675
24082401	0.00177842465811993
24082530	0.00517579420044134
24082971	0.0108777218261914
24083111	0.000625866875912596
24083371	0.00155712439584178
24083910	0.00228603774470047
24084221	0.0006223015443527
24084460	0.000733707668213583
24085010	0.00472729106777645
24085571	0.000792148482667788
24085861	0.000685283196194873
24086670	0.00158754417415812
24087610	0.00215126443636207
24088471	0.00699170991190903
24088860	0.000849160802372859
24090670	0.010000535224206
24091490	0.000699018937158452
24091770	0.000704471349781115
24095770	0.00277699791609696
24095890	0.000684247736302535
24096170	0.000684285040904896
24096720	0.0126573138794418
24096751	0.00941869288071316
24098910	0.000670598196806022
24100030	0.0011551914974842
24100170	0.00125688783199555
24100211	0.00363084359916045
24100600	0.000725194369025583
24100850	0.00591861134393926
24101540	0.0299954032464225
24101721	0.00435792658505369
24102681	0.00143722343873557
24103210	0.0006223015443527
24103320	0.000690637065211376
24103641	0.0014975362908621
24103890	0.00643178315636619
24106401	0.0316022917742973
24106630	0.000816345411263888
24107180	0.000804201763453676
24108430	0.0020450565043387
24110230	0.00633472823554627
24110650	0.0483903441309737
24110780	0.000699720745296555
24110790	0.0023136196492267
24112170	0.0112270181046429
24112191	0.000816351173557434
24112690	0.00391105209888978
24113171	0.00233851503270483
24113981	0.000828899173322072
24114250	0.00253421859786814
24115391	0.000816968672536311
24115460	0.00121507328215711
24116000	0.00143583711205869
24116460	0.045151726848336
24117431	0.000776177696317139
24119101	0.000689957382375043
24120720	0.0277085932198966
24121041	0.00285087967663993
24121120	0.00420430438689791
24121800	0.00273786171748408
24122210	0.00181742502725918
24122500	0.000745441886147695
24124570	0.000615053201467107
24124611	0.0019699101109982
24125830	0.00192150398358521
24126531	0.000620095640565813
24130141	0.024386816600775
24130691	0.00137528000329791
24131921	0.00123224477555381
24132010	0.0593619686465163
24134520	0.000757543976613847
24138541	0.00100368616349157
24139900	0.013139667669293
24139921	0.000699572080914729
24140420	0.000677713836093898
24141701	0.000704593717372035
24142940	0.00721681751298142
24143740	0.000985647139359011
24145301	0.0109201522750062
24146421	0.00650232376062148
24146490	0.000930921850530964
24146691	0.000748637260699382
24147771	0.0793816150773142
24150131	0.000664066458991343
24152071	0.00071542852618253
24152351	0.00252212451888511
24154630	0.00886043606300547
24157571	0.00727816667229599
24157851	0.0010618854500465
24162090	0.0013434762695921
24163860	0.000701179923435467
24166480	0.00709939990074931
24166910	0.0392484169098598
24167060	0.000695231745718081
24167310	0.000826809493479621
24167590	0.000665904017112496
24171091	0.0087452651172442
24171200	0.0134331393698287
24171210	0.00432907713729576
24171241	0.000713800895861601
24172410	0.00162441671048317
24173161	0.000847100844499367
24173390	0.000941355645054886
24173930	0.000608423846871201
24173981	0.000648916292867434
24174500	0.000684937925753838
24174520	0.000736703289220583
24175101	0.0219189940429102
24176130	0.00255867574874027
24177260	0.000996232509147085
24177800	0.00177223821717111
24178801	0.00129477870793914
24178920	0.00123956368455287
24179241	0.0011339381551508
24179651	0.00139138377510666
24181130	0.0029320725224306
24181250	0.000778495284458681
24181270	0.00115471755609942
24181981	0.000833234542655644
24182401	0.0100956354818129
24185291	0.000841431682995362
24185701	0.00061981627165887
24186961	0.000710241683989926
24189240	0.0162023155474829
24192300	0.0204594537594671
24192680	0.00144339524454911
24193400	0.000756722997828988
24194340	0.000945852403901998
24194760	0.000693524781534496
24195470	0.00078776836934558
24195631	0.0150724310412424
24198070	0.00163885630672693
24199030	0.00461797287816991
24200990	0.011180141922029
24202780	0.00533201792142632
24203091	0.000819011456246276
24203511	0.0171015032840962
24204550	0.000959598043132689
24204960	0.00150086333526663
24205011	0.0011022401931895
24206900	0.00249388150579942
24207610	0.00590017248023111
24207931	0.000791242788408855
24209100	0.000633333892036521
24209120	0.00197986393388478
24213441	0.00100645887988222
24214760	0.000700934765386606
24215091	0.00204620543074758
24215761	0.0128028309869665
24217031	0.000854462324788786
24219300	0.000720057357561395
24219491	0.00192919358372036
24219720	0.00322499860932243
24220430	0.00225247363698305
24222200	0.00110727355941591
24222391	0.00155439905333338
24222790	0.0117587182319096
24222801	0.000633333892036521
24223320	0.000797831579967758
24224270	0.000678787255705344
24224731	0.000960266503677336
24225141	0.00976197294382194
24228150	0.510113164235958
24228170	0.000651355295573763
24229571	0.000602807101325309
24230661	0.0285859908511122
24231091	0.0140222310849086
24232400	0.000656903004544411
24232451	0.0322861377491968
24234961	0.56649609992178
24236540	0.0328507569987321
24238620	0.00185421155517242
24239901	0.00556925298500413
24240720	0.000688125006451245
24243160	0.0022286624396973
24243720	0.0006791870363623
24244020	0.0981633405524149
24245400	0.00154600176969639
24247330	0.00341999343612563
24247491	0.000917170509540873
24247870	0.000613093329040597
24247901	0.000741241330908886
24250241	0.00600604774133146
24251361	0.000689811980496142
24251621	0.0023921910643283
24251911	0.000774567663853611
24252300	0.00229483173360088
24253851	0.163590747758293
24254750	0.0026191910458597
24254791	0.00296721200217062
24255850	0.00194090711682449
24256260	0.0100524211419806
24256591	0.0157496352675786
24256710	0.00174707141383809
24258101	0.00207685611448789
24259580	0.00311773191749546
24259901	0.000985855086028343
24260300	0.00360409309557845
24261301	0.00458417442536527
24263320	0.0140056665121111
24263580	0.00976985770099906
24263590	0.0113829960764118
24263720	0.00372682636248691
24265161	0.00581420967570753
24265920	0.00402005000116029
24266121	0.00163050353306567
24267511	0.000716366162692742
24268120	0.000908978689613551
24270821	0.000773590389525857
24270890	0.0018517765890165
24272120	0.000683596060879806
24272550	0.00198204658725399
24273301	0.00138893164822516
24273540	0.000768387523317427
24273831	0.00447981667005079
24274931	0.00435221152961092
24275300	0.000746297797939704
24277120	0.00130250439480375
24278230	0.00209415658617788
24278620	0.00149952152143873
24283860	0.00163602024163508
24284451	0.00144014404302753
24286391	0.00145283862618732
24286510	0.0121072425799788
24288540	0.00147709384910314
24289291	0.00822844338926574
24289301	0.000719783306054959
24289431	0.00480241733606744
24291361	0.00608672080587366
24298080	0.00248430353806091
24302210	0.000669469825623111
24302630	0.0870298628031426
24302890	0.00168509512537413
24303081	0.00232643670350282
24303491	0.000704821531706824
24309701	0.0014495026117424
24316680	0.00487361641222755
24325240	0.00152965550922646
24327290	0.00318763726560407
24327621	0.000933381457804176
24335501	0.00200138004622108
24337390	0.00381185247676617
24344290	0.00157145125339528
24346460	0.00149408529609498
24351450	0.000616821578078845
24352560	0.000642737206676213
24353401	0.000775595520032787
24357770	0.00214810656484406
24362360	0.000994439460044115
24362630	0.00134563248922297
24375590	0.134285444459777
24377100	0.00177282108781862
24379491	0.000685221314891383
24381390	0.00235638099173709
24383140	0.00131064444082137
24383881	0.000646686097858083
24384810	0.000627038327004571
24389541	0.0397439196714977
24391710	0.242406027289949
24392420	0.000846555619952004
24394770	0.00341686667475434
24395450	0.0197719175966551
24395710	0.000847563827703173
24399881	0.00128652258533701
24406781	0.00234380191497911
24408130	0.00158537518808143
24409900	0.00816882748289211
24411061	0.000808728825948676
24412851	0.00169329532340091
24412861	0.00262297237690387
24419331	0.00261037931755913
24424140	0.0115744064109671
24424581	0.000864003772858315
24426661	0.02526704652987
24434330	0.00080978895075509
24442030	0.000681188558943379
24444581	0.0140503643204949
24450860	0.0062067282272895
24460270	0.00965610734640114
24460660	0.0150229023284902
24465900	0.00152073738552905
24472301	0.00280914409258012
24474350	0.00078495325609847
24475010	0.100189187616976
24476810	0.000681100857125599
24478870	0.00132688640298982
24484110	0.00378096072167149
24487280	0.00334718294133101
24487471	0.00066452272879058
24493360	0.00285982294072223
24498450	0.0106323017145982
24499751	0.000730185527213225
24502320	0.00534937844286113
24507321	0.00278709240128523
24508120	0.000704804280685587
24508701	0.00825679009091174
24522641	0.00091375002458409
24523440	0.000875875403339185
24537230	0.00220108799591331
24550091	0.000609790498323813
24553230	0.00272628557048058
24560991	0.0435240934601012
24561340	0.000812919578689533
24565261	0.171564049809129
24566470	0.000707736138400529
24571000	0.00606885785832047
24571700	0.00373839335184181
24573340	0.00446503170137708
24575311	0.00239196617193198
24576650	0.000627584662905804
24576680	0.000834441701034216
24577510	0.00772775854921556
24580831	0.00309540546250227
24586160	0.000858921032452822
24588151	0.000681730897700369
24589500	0.170919146804307
24590091	0.00299750595606901
24590470	0.000923834921409129
24593910	0.000629260792740763
24594990	0.00166607124948526
24597360	0.0020796756147021
24597460	0.000941365705014564
24604701	0.0152187148985014
24610180	0.000628378191394419
24610641	0.00255539420245828
24614901	0.000742570244685664
24617241	0.00474965047190809
24618201	0.00109748450945036
24620961	0.0130351155270534
24626501	0.00207839885364039
24626730	0.0163690157497118
24632400	0.00175764663036013
24634300	0.00386092542733117
24639000	0.00208347312921651
24640080	0.0019941282756083
24652131	0.00220886494139089
24653870	0.0395563243049301
24655670	0.00629415638758819
24660490	0.00179188040918077
24665360	0.000726220092664382
24671810	0.00189956950583055
24674761	0.00229686615671872
24675301	0.000651345422664991
24681931	0.00184943134572109
24684800	0.0115046753979425
24686631	0.000758108494405459
24691800	0.000824354655796836
24691820	0.0627467128097905
24693910	0.00169271107919226
24695390	0.000657845928281134
24701770	0.00411829391846083
24706621	0.000668055485255977
24713101	0.00135787877393094
24718000	0.0794695971529285
24721470	0.000641365338103334
24723380	0.00906767304506845
24724131	0.000706529065058669
24731790	0.0128836489818919
24732370	0.206727079462127
24732790	0.024060246199545
24742140	0.00765773524481961
24744660	0.000708248293070498
24751940	0.00395804250575264
24756961	0.0145591337977633
24760780	0.00308483650624706
24767140	0.0020386063772319
24767820	0.00135059654511766
24768391	0.000645126441091774
24770570	0.005623534352685
24771370	0.00129842768767734
24771380	0.00472896025512038
24773900	0.000646686097858083
24777070	0.00451593872121462
24781491	0.00672794108785839
24791380	0.00389454339324108
24801440	0.147878458945812
24806820	0.00295531868750466
24811431	0.00255287103542993
24814830	0.00382075916872269
24815240	0.0101790129729319
24819021	0.00214535874569713
24821740	0.00653207794350108
24828941	0.000710084223498557
24833361	0.000644653953400794
24833450	0.000913098313877259
24837570	0.00147772332419701
24838830	0.00192168924985318
24840791	0.000672804628520616
24852101	0.00299372158649732
24860531	0.0024071544484874
24864470	0.0113616372766257
24868510	0.00208155822792456
24870130	0.00288021108261772
24874041	0.010754957778582
24878980	0.000809463006548026
24879100	0.000602807101325309
24880600	0.00437048792070158
24880760	0.00235008742802046
24881710	0.00276429878084711
24882020	0.016898390051476
24889740	0.00266449846956758
24891131	0.000790343986735788
24895711	0.000684823826957745
24900080	0.00220803113039631
24902441	0.000732367964496494
24902560	0.000741302162987627
24906741	0.00149164785157916
24907670	0.00511943980783575
24913720	0.00277159273758631
24915670	0.003871739441199
24916740	0.00549204053357465
24917880	0.000818239335985071
24921180	0.00502083097281058
24922570	0.000948741166532773
24924640	0.00330135428824705
24930250	0.0119011044867717
24931831	0.000662688342930707
24937440	0.00200396612832574
24939910	0.000700898384926685
24940620	0.0189367902958039
24941621	0.00312993616293622
24941901	0.000768735630822003
24942430	0.0118904923460451
24945071	0.00229879512460324
24945600	0.000659481723029825
24947281	0.00172569728331816
24947350	0.00294022230356647
24950130	0.0124576674371486
24952231	0.00168681780570484
24952760	0.000638441896729416
24954161	0.00155588403217514
24958601	0.00442753960325287
24958711	0.000850236990983451
24963800	0.00412350132603625
24968330	0.00139088873759352
24970721	0.000674084904270373
24970991	0.0162678404885943
24971100	0.0104431305430644
24971681	0.000633191379072683
24978021	0.00307099152259427
24978451	0.00217754690060733
24980521	0.00233823941366897
24980900	0.00241748495469367
24985061	0.000951617878646249
24987920	0.00259306248654403
24990680	0.0044503562212454
24994861	0.00361417859276431
25001351	0.102581683618702
25003691	0.00403281867400745
25006420	0.0140715823831421
25008231	0.00181228364011304
25010560	0.099688956297905
25012320	0.00284785564352941
25014960	0.00188901924754337
25017481	0.000673480309179526
25020210	0.0296217886056664
25021410	0.00234440060675771
25025590	0.003289250506251
25030151	0.00187993367467627
25030830	0.00319500568762713
25036101	0.00243331101888918
25043541	0.00265781229815065
25048050	0.000667476853310344
25049040	0.0018558892110239
25054561	0.0010124609147166
25054701	0.000690841222125443
25057020	0.000728679486951372
25058421	0.00174144672747143
25067261	0.000827426518663786
25068450	0.00673747511987049
25070301	0.00170633536836396
25072771	0.00699521656853448
25077201	0.000852167028019201
25077300	0.000834115759417107
25078940	0.00188748545141154
25079111	0.00412525855318813
25079490	0.00302459401247127
25084600	0.00211923818993403
25086960	0.132450942068296
25091811	0.00128849990949449
25093680	0.00274069316881127
25097321	0.000628378191394419
25100101	0.00422368098800168
25102691	0.001386383132733
25104590	0.104476698427261
25113130	0.00207707256173271
25113181	0.00810252104087248
25118390	0.000630525945390954
25124030	0.00320858000716874
25124040	0.01352962259245
25130281	0.00386868219466297
25140610	0.00163456465070802
25154650	0.00177923163691755
25155200	0.00278215948756056
25160290	0.00311692003169425
25161820	0.00873368165566478
25162110	0.00166782673586093
25166380	0.00728463299252082
25167080	0.000624823781949168
25169041	0.00446024000473457
25170250	0.00246419337400302
25171521	0.0118531799647281
25173960	0.0340075225931889
25174971	0.0100800843525521
25176840	0.00363502130993971
25187900	0.00408021886096579
25198950	0.000790509168661977
25211521	0.100121397248273
25213311	0.000817670971423961
25222500	0.00376406870502006
25224450	0.00326062877545667
25228300	0.00182961429440483
25231870	0.000976713566797146
25245571	0.00737212591430984
25260430	0.00973945070547893
25265800	0.001823709063534
25274421	0.00101842594405804
25291070	0.00515812581185622
25299490	0.00164495878332796
25301930	0.000745900568231442
25304211	0.0354680952709758
25308010	0.00437296401746337
25311781	0.000619903879845291
25318790	0.000632956567837092
25332410	0.0430065164451886
25339791	0.00206343684491113
25344160	0.00578219348852438
25348420	0.00107214826656097
25356700	0.000945336760902018
25363860	0.00397675011206466
25380970	0.000632701687331035
25383990	0.00265465205122504
25386121	0.00368983079110692
25402490	0.00122160937839893
25405090	0.00275628056410875
25408321	0.00971665074182702
25413281	0.00529359611316564
25418811	0.0048868826582226
25425400	0.000719627911240231
25435050	0.00283127739296834
25441640	0.00185241200963381
25443091	0.00145771298156478
25444570	0.033713870147389
25448321	0.00412057676593256
25455761	0.000615745052836222
25457561	0.000671999421928526
25459300	0.000937454195469248
25461281	0.00168777806493969
25467170	0.000702245065954917
25471901	0.00120720389312192
25473120	0.0111675468035226
25473220	0.000689719423343461
25478750	0.0264422938059193
25482371	0.000851999205223911
25485540	0.0245564903890058
25494050	0.0154601756155938
25502220	0.00207811197674081
25511020	0.100882394416777
25511850	0.00161475425069824
25512970	0.00173329041943642
25516861	0.110194342481661
25525920	0.00477220408498559
25530600	0.000705017214283281
25534241	0.00184831497694713
25536150	0.00108333897205868
25538251	0.00083220693320627
25542620	0.000678085041830108
25553390	0.0219328124697551
25555560	0.000766285612459191
25557210	0.000733540324689417
25559460	0.00161157369984691
25562781	0.0237807226513457
25563621	0.00154125517827293
25564171	0.000673196374507046
25564581	0.00623000140811395
25566050	0.000672582549817656
25566381	0.00543009974070305
25570801	0.00106961759403867
25571071	0.00158159630836192
25571211	0.0006250802681292
25572871	0.000691977060505173
25573080	0.00422236967206282
25581401	0.00484888977808677
25582511	0.00669354597093563
25583000	0.0056847257551278
25588181	0.0216980165570594
25588250	0.0629514139571399
25596140	0.000643965864965802
25596680	0.00160504519285912
25597271	0.000762256588097775
25597360	0.000709938631338618
25600540	0.00630281960290338
25601100	0.00243081556777947
25609821	0.000621142335004881
25613220	0.00211721153777349
25615830	0.040821260913261
25618740	0.000663161078107569
25625141	0.00444518060296189
25635010	0.00106165239552538
25640431	0.00165018250989737
25642760	0.000819290164499702
25646511	0.00157135363431634
25649750	0.00114969824824336
25649941	0.00221656638536731
25652670	0.000813070027854606
25656270	0.0192189510235732
25657060	0.00245545437806916
25658771	0.000774537766942491
25662860	0.00828196251138354
25664650	0.00336450830390052
25664950	0.000697035846013322
25665760	0.000628247779024804
25669541	0.0224265602755219
25674371	0.000700506643044284
25675280	0.022799778399323
25675341	0.004020004974009
25675410	0.000770504806356839
25675980	0.00796757897733213
25676920	0.000664172600878178
25679550	0.0127775058334728
25679891	0.0250875805561186
25681350	0.0156893827982988
25682081	0.00370887491143163
25682631	0.0023898615415033
25682921	0.000692185794261492
25683731	0.00227136498331073
25687960	0.00384998528494032
25688920	0.00229989857837857
25689521	0.00116352415679946
25690480	0.00166288934353196
25690781	0.014966372066817
25698990	0.00203777770275638
25700960	0.0176204657457479
25701060	0.00334282376822292
25703751	0.00132719391353911
25704161	0.00414267916730312
25705340	0.0286793096755192
25705760	0.0112892218973143
25706020	0.000707559040069085
25706850	0.00176839628181648
25707430	0.000765383834084701
25708141	0.000731452645058121
25708230	0.00415678770328427
25710570	0.000695685963218923
25713941	0.0147845396997852
25714221	0.0508661847776822
25714501	0.00103826237574118
25718310	0.000626631362796666
25719840	0.00655822055026894
25721401	0.00062121787794907
25724390	0.00269578428194234
25725370	0.00382726300388768
25727270	0.000636880481901071
25727960	0.002498722370634
25729480	0.000710693040874558
25729890	0.00634507263736511
25729900	0.000860366534501566
25730710	0.000901039557591637
25731321	0.00152533631440523
25734720	0.000653104490021986
25736961	0.00547106015306905
25738750	0.015831010621163
25741681	0.00986252404934178
25742860	0.00262556209810964
25742980	0.000751973516764628
25744831	0.00134124956768884
25745780	0.00160339028489945
25746040	0.0130706012473805
25746740	0.00137490855116852
25747000	0.00411682239572493
25747540	0.000714306342207824
25747990	0.000681688919346624
25750750	0.00400637427324466
25751960	0.000619534017046881
25752291	0.00224750647967678
25752370	0.000743932236442791
25754290	0.000888181690708681
25754590	0.00515157981909571
25754921	0.0029194612152442
25755331	0.000738278036875884
25756090	0.00100704611297942
25756930	0.00534226407887386
25757251	0.00254272842264929
25758060	0.00207498292068075
25759160	0.000609105333416596
25759960	0.0128274541671164
25760571	0.000632729774626522
25761080	0.00687056996637759
25762040	0.000764145174989605
25762450	0.00371198475207382
25762470	0.000836678275596204
25763550	0.000945247441151927
25766570	0.00173824926468595
25768530	0.000852867386738208
25768851	0.00068494321217851
25768910	0.117556544762037
25771400	0.000639610139534486
25772161	0.000709235456978262
25773900	0.001622134914963
25774720	0.000639831408148211
25774751	0.000791319103361491
25774911	0.000721869193775046
25775980	0.0032761763159307
25777511	0.00146561439919844
25777941	0.217565494097057
25780080	0.000693178603669975
25782470	0.0234462706121731
25782570	0.0248412576381345
25783191	0.00346486928719498
25783420	0.0023057528545023
25784141	0.000722036328087925
25784510	0.0093674866452018
25785951	0.00658578681773445
25786740	0.00174196150645324
25787721	0.000835513454636519
25788500	0.0023974240566353
25790030	0.00432507633394363
25791410	0.00115884028023086
25792080	0.00608832245319287
25794221	0.0015370394762837
25794980	0.0108250153032424
25795010	0.00086356703994335
25799950	0.00224442047397388
25802170	0.000744014691961917
25802631	0.000704720022871915
25803430	0.000660874006113803
25803840	0.00090609096008804
25804100	0.000639691865119513
25805360	0.000788709186243607
25805910	0.104183169945655
25806720	0.00136921616038394
25807000	0.00324105812281553
25807430	0.000699765224517742
25807830	0.0076196286102516
25808001	0.00663382532915272
25808940	0.00496558834754837
25811120	0.00707694970618547
25811840	0.00147938940912906
25813330	0.00978073572030654
25813340	0.00173251325757246
25814901	0.005759623906379
25815120	0.0145652084432779
25815181	0.00136442694501304
25818560	0.000608693505068779
25819161	0.000634436664161628
25821080	0.00139611604637483
25821101	0.0011489536767152
25821210	0.000866428314081983
25822570	0.00369323437774431
25827390	0.00149315818782984
25828131	0.000697393882713077
25829610	0.000674682983357269
25829740	0.000746353666064328
25830191	0.000660651830434236
25831140	0.00293515690205064
25833801	0.00063079596326432
25834710	0.00302545106211772
25834870	0.00335865389251761
25837101	0.00233276918962642
25838590	0.00210103752629369
25838761	0.000657965510473875
25839810	0.00274121773731723
25843041	0.00074060622537204
25844350	0.000608693505068779
25845050	0.0118328077559323
25845511	0.000621183534599904
25848110	0.00386161999826411
25848490	0.000832271635865996
25850570	0.000748356824921941
25851950	0.00468016784534834
25853101	0.000625246516852155
25856821	0.00149540290827563
25860080	0.00149640345111396
25862170	0.0163485414194638
25862320	0.000632490006028058
25864261	0.000650515075107626
25864401	0.0855970932089493
25865330	0.0180961476050766
25866621	0.00106244227174914
25866850	0.000845013269399728
25869511	0.000643699718543329
25869890	0.0012222258117298
25871970	0.00395773108475858
25872760	0.00165635284085848
25875130	0.00392257745453622
25875550	0.00905596626582718
25875571	0.0010929439051298
25876561	0.000653104490021986
25876800	0.00297206300006181
25877911	0.00196291188966198
25878741	0.00371220723727533
25882201	0.00226340157910425
25882550	0.00069492299075444
25882901	0.000663395112999398
25883380	0.0118530119509723
25883670	0.000680189944116697
25883800	0.000628080298598797
25884121	0.000682454473985059
25884380	0.000863349768985389
25885521	0.000857231086007092
25886730	0.0432993740310293
25888070	0.000748644491492402
25888141	0.00194826819067414
25888360	0.000801631155334975
25888500	0.00295927819839769
25891181	0.000609105333416596
25891670	0.000664066458991343
25891790	0.00527954951790261
25893180	0.000713506537438632
25893190	0.000683099508372388
25893890	0.00065313069529089
25894320	0.00265148028303076
25895680	0.000913829822463321
25895820	0.00583824032836669
25896070	0.000647442860005903
25897180	0.00213786414150316
25898040	0.000613093329040597
25899520	0.00174996511943396
25900780	0.000772531558672621
25901740	0.00280143195709879
25902010	0.000617636519212681
25902611	0.000618781486064982
25903291	0.150921660659437
25903451	0.00235000156714461
25904240	0.000646292647422509
25905521	0.000755855956841377
25905631	0.000689227315471086
25907680	0.000917620841422929
25907810	0.000822956735691333
25907861	0.00607458727402672
25908360	0.000646355986536479
25909460	0.000778830909620823
25909490	0.000693588182852326
25909911	0.00347262119862712
25910690	0.000646933300385319
25912281	0.000699961723050673
25913890	0.00396459280375165
25914061	0.000763734734011228
25914270	0.00197494091047863
25916210	0.00133170081539102
25917310	0.00826547826629424
25917720	0.00305627295809625
25917890	0.0853678978646457
25918051	0.00106636332131029
25919100	0.00337901053612551
25919680	0.0106904406854396
25919861	0.00149356839044877
25922331	0.00213363322857166
25923240	0.0270497652316034
25923690	0.00280936042780486
25924490	0.000609105333416596
25924831	0.00340335777545258
25925200	0.000821905837401217
25926010	0.00113738774673892
25926980	0.0326104108586959
25927571	0.00192459913222617
25929781	0.0017581859802071
25930010	0.00634030959728102
25930040	0.000657644920451415
25930860	0.000746346762068032
25931031	0.00141560157106749
25931100	0.000609924514727129
25937221	0.0006223015443527
25938570	0.00344677901625829
25939800	0.00109285325478624
25939940	0.000656586368789629
25940551	0.00134318123533047
25942321	0.000724624433383662
25942690	0.0017553540090802
25942881	0.0018229952826842
25943171	0.00107902968159583
25944411	0.00114558450094905
25945221	0.00141701051988272
25946170	0.00351026067517337
25947950	0.0228185742361531
25948900	0.000848571856186783
25949060	0.00103475324755395
25949170	0.00142961717728959
25950621	0.00316436308435227
25951161	0.000734101361393427
25952790	0.0217701002526716
25953491	0.00142350522103718
25954280	0.000771612994362527
25954430	0.00153721507065929
25956001	0.00160785995347041
25956100	0.000695268403119097
25956681	0.024082819181171
25957771	0.00386707834948702
25958830	0.000740293534909167
25959021	0.00476868311999281
25959920	0.000656570245064387
25964121	0.029323689428086
25965030	0.000748388208650332
25965091	0.0279546040757885
25965351	0.0156206737277822
25965371	0.00253326282624911
25967841	0.00180529359303907
25968490	0.00073384447825379
25968531	0.00220933966075398
25969241	0.000673010508673598
25969310	0.000853308886403318
25969330	0.000826002563649568
25970181	0.00138583896889969
25970881	0.00139635569909551
25971270	0.000619080115447067
25971831	0.00121364048128255
25973610	0.000686571248500947
25974051	0.00157122011820561
25975120	0.00192099099615681
25975260	0.0044528630216906
25975291	0.00113004300971158
25975380	0.000649392946513741
25975790	0.0152852847932675
25976060	0.000828715946174201
25976541	0.00251584379658311
25976630	0.000692502282944618
25977850	0.000911393909219353
25978451	0.00063199534683217
25978570	0.0442135103918549
25978580	0.000609105333416596
25978700	0.000637839133347839
25979120	0.000636130098875376
25979680	0.00182436398329231
25981050	0.000930012052111033
25981651	0.00148357180948567
25982051	0.000623096717063365
25984521	0.000633632148814081
25985460	0.00430229946430749
25985511	0.00076465269450203
25985641	0.00357109779635008
25986990	0.00314858945093327
25988080	0.00380308815673675
25988610	0.000702702585481657
25989101	0.00196168300908288
25990471	0.00127614447729353
25990960	0.00065639949424011
25990970	0.00133564374246981
25991930	0.00161660770524199
25993221	0.00215404161685236
25994440	0.000673479571113851
25994451	0.00144579714184636
25997020	0.0006793926751608
25998300	0.000686684176590141
25998331	0.00072726494027485
25998540	0.000734023383227089
25998840	0.007674976775378
25998960	0.00071564622732927
26000610	0.000646491180439168
26003540	0.00676903399784367
26003561	0.00564299290001321
26006400	0.00464083093918392
26009570	0.00148403536556188
26010461	0.00071954246195756
26011920	0.000617740520033171
26012620	0.00147623590981884
26012640	0.000812204671826039
26012661	0.000692897945879703
26013091	0.000641413046155871
26021621	0.00163949432366298
26028360	0.00688978449543407
26028931	0.00230105797089596
26031711	0.000629567371044115
26033730	0.0208435073702932
26039930	0.00570930402061182
26040521	0.0107728927974162
26044811	0.000718256817447432
26045710	0.0098198194257917
26045720	0.00186112793231993
26048090	0.000613534578008055
26048880	0.0059925661549442
26049481	0.00192540445122331
26049631	0.00135664865581404
26050950	0.000625161920330466
26051110	0.00448826828987679
26057211	0.000651591032347668
26059250	0.00378625558169697
26060941	0.000609105333416596
26061020	0.000965136982349735
26062051	0.00341606290417305
26064391	0.00508331642778381
26065771	0.00159174958904854
26067530	0.00209627087892456
26067800	0.000883984177454457
26068080	0.0015186282023447
26068791	0.00253755948253829
26069840	0.000633810566083936
26070731	0.0118576267421786
26078861	0.000899382951810709
26079001	0.00531060002644324
26080480	0.292361836158221
26085150	0.0186609931694891
26086970	0.000636067975127593
26088231	0.0104758492835506
26088801	0.00132393272235776
26089600	0.00282353100840257
26090020	0.177011610084825
26090051	0.000726140804401873
26090680	0.000723924606602215
26090851	0.000770833704273665
26091100	0.000689022057710319
26095660	0.0669289861536362
26098800	0.00210770574444002
26101471	0.00125948684402924
26102171	0.00209502035195828
26106601	0.00212512974632192
26108371	0.00247400266161363
26108740	0.00219240688680825
26110530	0.000730862706204664
26110700	0.00349461153411752
26110940	0.000644345631195743
26118690	0.00787880345974376
26119520	0.01782785496602
26124910	0.002530005282287
26125471	0.00265931637373102
26127561	0.000800052309466226
26128241	0.000627584662905804
26129700	0.000925424429996472
26130270	0.00495542025797847
26130601	0.000808254654964589
26132210	0.00749878559224675
26145051	0.000609105333416596
26145710	0.00373027900946936
26147790	0.0972654434661236
26148050	0.000893357681161834
26148801	0.000622992333809448
26158420	0.00175878342990387
26161211	0.0251121225199748
26161310	0.00125876643811112
26166970	0.00256283039052065
26169430	0.00333540761155484
26172730	0.00146641068678984
26177300	0.000621799175762134
26179500	0.00075135278017081
26180180	0.0261243214107744
26182161	0.00230872146178379
26184921	0.000915194475938803
26185450	0.0044788021505006
26185690	0.000910002982537344
26185761	0.000687287547391103
26185850	0.000915681810290476
26186400	0.000706898886509413
26186680	0.00143775452659284
26187650	0.00120816706563166
26187780	0.0224648563507775
26189440	0.000610894919309309
26196760	0.00380859809065467
26202441	0.00138498208739717
26205570	0.00180341037648249
26209481	0.0148462719301321
26213840	0.00455308135851753
26217601	0.00105821120422841
26218100	0.00139195526882382
26220081	0.00257479562192685
26220641	0.00073258786349069
26222100	0.00644411668561495
26222800	0.0018195934891063
26223770	0.00631257093708483
26225420	0.00332462187861816
26231370	0.00157978241952134
26232440	0.00983939393692842
26232501	0.0050985077820201
26234161	0.00428246737179548
26234550	0.0014177042214748
26234861	0.00222224512971232
26236900	0.00325712500981969
26237181	0.00069381482449071
26237321	0.000629510638233292
26237410	0.0148334043360942
26239271	0.00125887691515571
26241280	0.000965199563687712
26241700	0.0013354949891251
26242240	0.000768570721259112
26242421	0.00268559648930243
26243411	0.0501967307972745
26248081	0.000824555551639634
26249461	0.00614802160159791
26249960	0.00276456229593256
26251230	0.00667157351939394
26253061	0.00829741698184422
26254800	0.00342417316203915
26256211	0.000904428452891076
26256340	0.000613093329040597
26258000	0.00536715549471356
26258991	0.000650288894511467
26259111	0.000672523658704006
26260081	0.00337989680902899
26261611	0.00504323210260997
26266810	0.000906920093006102
26266960	0.00842412248391622
26269731	0.000608423846871201
26271620	0.000685464098540081
26271920	0.000780042941820078
26273170	0.00225558511132671
26275770	0.0204502818980203
26277710	0.000666272925603001
26278011	0.00216629119919569
26278301	0.000763231983368217
26279790	0.00270254564333855
26281550	0.556784511270079
26282540	0.0060082553014445
26288720	0.000681089222601497
26289820	0.000769526586511306
26289990	0.000629652467625575
26290301	0.000778202736204032
26291671	0.000684922725723717
26291951	0.000664486646803363
26293171	0.39692795848583
26299190	0.000668758835945904
26301201	0.000786728349806982
26301420	0.00191027152098428
26310920	0.00367187972630342
26312231	0.00180816892008688
26313471	0.000864841770166021
26315801	0.00297990223854671
26316091	0.00750890779799413
26316190	0.000897623348740995
26320091	0.00603971473082366
26322431	0.000681573508791235
26324020	0.00431528295404648
26325670	0.000630570097562524
26326500	0.00489523465345452
26326670	0.000740541358629791
26326961	0.000649985178472342
26327101	0.00192466922487198
26333840	0.0149893139611378
26335900	0.00137578966594895
26338360	0.00292818302743761
26344840	0.00361168323195873
26344901	0.000721121530174483
26345181	0.0343149799574011
26345260	0.00237567295035395
26345311	0.00150688960362597
26345731	0.00177326666231289
26345820	0.000740865948483877
26346400	0.00921093183881371
26347880	0.00166569902053025
26352201	0.00331645602260436
26355740	0.000711410221854255
26356730	0.00974276904238936
26356990	0.000602807101325309
26357191	0.000818723350566327
26357700	0.000628292348744046
26358910	0.000681866352778171
26361000	0.00444567718296149
26361710	0.00148616051989706
26365840	0.00834896173453928
26377161	0.000644625491946766
26379320	0.00434624012733904
26379811	0.0213311366446169
26384440	0.0027374319095523
26385601	0.0622099822233173
26387500	0.0211988643545997
26388621	0.00294853466314661
26389191	0.00677799303008021
26389420	0.00861555785486556
26392501	0.016028127793496
26392631	0.000660695954337976
26395091	0.00152629452947737
26395791	0.116313760999029
26397150	0.00144170797531019
26399750	0.000891136587210594
26400590	0.0345072930122236
26400990	0.000725917596613807
26401010	0.000681852966887223
26403480	0.00366857162857012
26404290	0.00207895984271861
26405570	0.000937404908801106
26405711	0.0211852342041038
26408560	0.0562718707739572
26412010	0.00307733839910961
26412180	0.00363656967633867
26413010	0.00182284169008071
26413871	0.00246064385613148
26415880	0.0102429567075455
26422640	0.00684917832107823
26423791	0.000770544067177307
26424580	0.00254960474979485
26427910	0.0122997005932433
26428201	0.000769795556435664
26429800	0.000670579212325563
26431900	0.00126164454801718
26433010	0.000847103016112626
26434271	0.00106614281251184
26434401	0.00404798599099171
26435770	0.00151182911664204
26435870	0.00435475465371826
26437280	0.0110315485845856
26437410	0.000660293985794258
26438500	0.0365212191721576
26439630	0.00075738526774014
26440010	0.000851428037914762
26440160	0.000668535436515841
26440320	0.000996511914139875
26440980	0.00242050164289088
26441041	0.00333768547758344
26442110	0.000669013780545221
26442360	0.00363933596111894
26443361	0.00637294641779043
26443931	0.000609105333416596
26444881	0.000887742847243557
26445810	0.071812296637619
26447460	0.000883961489703421
26447610	0.00137788117462367
26450001	0.00141209846039862
26450650	0.0693814987101405
26451080	0.000798488582673374
26451210	0.00159379296643949
26451320	0.0147213266092915
26454110	0.001902068232549
26454951	0.00388298268457411
26455080	0.00426781858119347
26455200	0.00429681521056433
26455251	0.000671453362485639
26455801	0.00079732481545272
26455900	0.00092932672936264
26455931	0.000883966021272282
26457120	0.0312772683399082
26457140	0.00599250616413156
26457420	0.000630388439406488
26457540	0.00192483362657817
26457851	0.00858707294662573
26457930	0.00187729411756894
26458230	0.00448131294741811
26458401	0.000674985304724518
26459791	0.000673536761494175
26462671	0.000786670179680495
26462691	0.000999053510373874
26463200	0.00439813555375292
26463641	0.000885827270285324
26464570	0.00164883508125922
26464631	0.00138389800238988
26464700	0.0240365242801962
26467241	0.0129549184638267
26468331	0.00225103371327929
26469380	0.00131227081535435
26469660	0.00130817748559152
26470411	0.000801096910228655
26470421	0.00118595983714856
26471101	0.000737522244342225
26471221	0.000708380882686426
26472290	0.00186245299374648
26473161	0.000747900256664532
26473861	0.00764375443075309
26474660	0.000682998131432571
26474671	0.00769367701959121
26475190	0.0330042315592881
26476481	0.000656293803459872
26477181	0.00165918914734871
26478520	0.000791963983088746
26479651	0.000721974176524515
26480840	0.000606957998425791
26481021	0.000951143859900362
26483040	0.00091980175528178
26483630	0.00216577983190261
26485130	0.00265689880478327
26485581	0.0407070379821793
26486360	0.000871841551056078
26486780	0.00109704392423394
26487480	0.000669170964428782
26488430	0.0011956945010213
26489400	0.000696147915599366
26489650	0.0317419215121828
26490391	0.000739857240488648
26490630	0.000794766680417459
26491070	0.00086843532212807
26492611	0.000768673961149951
26494370	0.0497231624278881
26495030	0.0146841545244598
26495241	0.00065959964567736
26496690	0.000898087107073999
26498080	0.000822015581094714
26498650	0.00174589477302039
26499501	0.00319899150282682
26500150	0.000619080115447067
26501530	0.00502242857249422
26502411	0.0342801922257475
26503040	0.000720445962930301
26503900	0.000768141396857734
26504481	0.00310567898378359
26504560	0.0404956802729511
26506480	0.00196371324338237
26507200	0.016492859344208
26507631	0.00215525749420385
26508481	0.00396168490423255
26509171	0.000687176566223836
26509530	0.0277380713827448
26509690	0.000912073936274765
26510401	0.00399417937098877
26511781	0.000714272023932759
26512280	0.00178828606547205
26512730	0.00304065080422096
26514391	0.0059523939318777
26515081	0.0058805675250465
26515631	0.00122926777150185
26515720	0.000712575224840562
26516621	0.000806852058812981
26517011	0.00204948681839579
26518350	0.000769203044648017
26521000	0.00799618795334701
26521581	0.00233231397079249
26522640	0.0067688352228136
26522831	0.000814505096566523
26522900	0.00165696599379187
26522941	0.0105208381488792
26523381	0.000674237668036025
26525140	0.00235519297869897
26525721	0.00165900495575925
26528741	0.0211422488174592
26529281	0.0153846739170141
26529390	0.00335429468422486
26531340	0.0130045172538189
26533400	0.00146955096693436
26537950	0.00160603086084421
26539040	0.00212203776291521
26539631	0.00214747490088907
26543750	0.00283311931296222
26545021	0.00493569401571518
26548280	0.00830907088466787
26548580	0.00151569933119554
26548601	0.00987720004833486
26549960	0.0320348059734444
26550210	0.0191046319099193
26553841	0.0133207931571549
26559071	0.000888549252214267
26560280	0.0181247663243002
26561650	0.00117744264318439
26562770	0.000912241507657118
26563190	0.00246353631572179
26566890	0.00171900936672885
26569441	0.0522666171904915
26570401	0.000767310555065828
26574671	0.00207271991955061
26575231	0.00181389739074217
26578090	0.00145398161064544
26578401	0.0291938167965632
26579860	0.0906390909417439
26579880	0.00128019462370658
26580341	0.0037816992124922
26582391	0.249559802262879
26583730	0.00778190628027233
26585571	0.000737198717579927
26586271	0.00207803507896224
26588580	0.00458062957864151
26588970	0.017271280658879
26590200	0.0106337689883485
26590360	0.00080515111004214
26593151	0.000909323324684488
26595570	0.0193720901823604
26596400	0.00435576184165392
26596980	0.0664330422623199
26600980	0.00148921133906554
26601120	0.000638457607513233
26601260	0.000680017917526473
26602521	0.000713449931169231
26604260	0.0028756293285474
26604300	0.00065979885072967
26605291	0.00184766352474007
26605530	0.00062179584373873
26605701	0.00518304680397094
26606370	0.00142639680612593
26607430	0.000829218449993594
26607730	0.00159086747708715
26609291	0.000613093329040597
26609411	0.00179687835394999
26609431	0.00445788822052606
26609780	0.000615053201467107
26610470	0.000687723232069923
26610880	0.000909159360887583
26611921	0.00215162896718486
26612280	0.000684201168632795
26615221	0.00102230940087838
26624010	0.00213994955366675
26625021	0.0444790516918043
26626391	0.00314999678509328
26629271	0.00283010983100801
26632810	0.00211670064399198
26633411	0.00210760558593513
26641161	0.00395896439635688
26641711	0.00157449726009145
26641770	0.00386739644533208
26641841	0.00189598661714186
26642251	0.00190363507837169
26642371	0.00490929554400253
26644290	0.000698010306508469
26646101	0.0014871012861701
26648471	0.00191889890769774
26649810	0.0487745618647581
26653021	0.000666216202142089
26653561	0.00226220062980957
26654060	0.00181161953913634
26654090	0.00300989602071874
26655570	0.000615472272646036
26655611	0.00148973453737939
26656400	0.00163718524607067
26657810	0.00273126192980385
26658490	0.000786915695568409
26662220	0.00284866726322606
26662750	0.000727569873071093
26662760	0.000988831533507208
26663061	0.000635245314899682
26665571	0.00207617557758111
26666060	0.000609105333416596
26666531	0.000635245314899682
26667180	0.00180346103648692
26667450	0.000715608611161262
26667710	0.000692931095790095
26668161	0.000743267874099736
26668871	0.00188391615623529
26670090	0.000609105333416596
26670740	0.00104725915711823
26671180	0.018235629958209
26671211	0.084799461505136
26671720	0.00432125029055988
26671740	0.0023540104206553
26672120	0.000743863692091944
26673100	0.00164632273576148
26675290	0.0419681713862918
26676020	0.0083431741238629
26678511	0.0847731652478998
26679840	0.0191938764892836
26680301	0.0016890972170184
26681291	0.00089890006363963
26684120	0.00141210748510283
26684301	0.00228368483364695
26686620	0.000609105333416596
26689510	0.000861225987656274
26689561	0.000676720761496642
26691190	0.000752193406614586
26691300	0.00354940336632956
26691570	0.00301855760775239
26692171	0.00141648531718582
26692810	0.0017286125216153
26692851	0.0407528086137334
26694531	0.000685458152128555
26694770	0.0137375006103804
26694880	0.00156854716237157
26696461	0.00183531660717845
26696581	0.00073685121418075
26696731	0.0011173367317189
26697670	0.000826136615386828
26698231	0.000644091147732387
26699761	0.00095915858688376
26700810	0.000647560625222743
26700871	0.000627973023637403
26704051	0.0579149011386031
26704690	0.000951778069371921
26704711	0.0006223015443527
26707730	0.000980845744317211
26708000	0.000657247531468331
26709411	0.000836816988703385
26711020	0.000638451716632601
26712041	0.00449716446377801
26714590	0.000615053201467107
26715290	0.000657730098382069
26715460	0.00454293562895383
26716430	0.000709142498764815
26716830	0.0149743128832683
26717131	0.00225789306548907
26718870	0.000698924046410601
26720130	0.0600976311656856
26721001	0.00150765434040736
26721561	0.00156954435327762
26721940	0.00118800213200261
26722060	0.0013420434203917
26722080	0.000920402461644528
26724120	0.000649951637952798
26724311	0.000625256799771368
26725650	0.00066621411234865
26725841	0.00307591324654123
26726101	0.000785802388061196
26726791	0.000617754573368328
26727481	0.0592676250907054
26730371	0.00075197512640603
26731870	0.00141131998702689
26736991	0.00149322761248748
26737220	0.00088360009321683
26737770	0.000868403647920331
26738241	0.000621742618924938
26743730	0.00247321001352316
26743891	0.000623558073768763
26744321	0.000806194396770026
26744670	0.00205132952549372
26745630	0.00094223009312455
26746080	0.00152270957583367
26747160	0.00927488016020905
26747450	0.00145530313299278
26749370	0.00846212560667516
26750521	0.00300736647145606
26750791	0.000801696292814738
26751570	0.00608579458214614
26751741	0.00242808410356471
26752041	0.00128409036050855
26753001	0.00333055459143467
26753121	0.00162258801527655
26754050	0.0081392513658803
26755341	0.00495948344864759
26756550	0.000824938520188259
26756851	0.00240869195438029
26756970	0.000625164490470684
26758371	0.00100276394253304
26759850	0.00270650158884128
26760240	0.00439170986844613
26760260	0.000720770334186033
26760970	0.000806946835283846
26762081	0.00116553065585444
26762361	0.000910785084076325
26762501	0.0011859303432397
26762630	0.00202134024081092
26762791	0.000742178601583025
26763061	0.00101233395556435
26764660	0.000687516859400584
26765401	0.000775002800819369
26766081	0.000619903879845291
26766900	0.0592144844354402
26768530	0.00304192775071869
26769070	0.00795159293812245
26770470	0.00165663676421104
26771881	0.000645533680225367
26772110	0.000668889972024051
26772960	0.0223331185078206
26775160	0.00102170049575217
26775560	0.000619903879845291
26775830	0.00099222494070504
26778200	0.00590163023545754
26780861	0.00216386837782657
26781261	0.000629260792740763
26781360	0.0405649681955861
26781380	0.000615053201467107
26782340	0.00089217539152069
26783010	0.00213505370249496
26783280	0.00166014226801948
26785650	0.000705222299162599
26788021	0.00184515557660154
26788380	0.00668011836367657
26788670	0.000749380375248738
26789001	0.000679291551461667
26790511	0.00293554639184419
26792120	0.00181282954316132
26792930	0.00406451279049003
26793401	0.000841031003958051
26794330	0.00094238867266754
26795710	0.00178328088101406
26796151	0.00192002128407113
26796820	0.000653588388896031
26796991	0.00987491305649182
26797760	0.0117184688930043
26797831	0.000633333892036521
26800110	0.0666734707431083
26801141	0.000840136661656151
26802730	0.000731202328915588
26802740	0.000651462237254825
26802750	0.000743737462451467
26802760	0.000609105333416596
26803290	0.000755093594085695
26803471	0.000922673240399791
26803751	0.000942079554613115
26803830	0.00237416608985193
26803840	0.0149223741646645
26803901	0.00106707731493214
26804140	0.00064733538514871
26804721	0.00253698610100896
26807000	0.00216602340427976
26809100	0.000644760579155215
26809480	0.00181235715447505
26812670	0.000677145630090318
26814470	0.000702109924903873
26815960	0.000689168811088873
26817121	0.000743481235759558
26817890	0.000749725213993616
26818590	0.000715885101508162
26819280	0.000715278879177028
26819891	0.00136255555130968
26820240	0.00084481643773014
26820950	0.00146395038689042
26821671	0.000686889377782187
26821920	0.00336625703017141
26824100	0.000654188265479687
26824171	0.000712833387395239
26825261	0.00068901859625501
26826720	0.00456346488664883
26826760	0.000782977801550811
26826990	0.000645180804411624
26828550	0.0013303041102564
26829750	0.00497744117221694
26829890	0.000737353666260149
26830050	0.00192889970989238
26830170	0.127805491181687
26831201	0.000801944308362788
26831310	0.000867972874184203
26831341	0.00082117643469903
26831830	0.000842560472167309
26831990	0.000695575184847354
26833240	0.399112905404033
26834990	0.000673631757270563
26835051	0.000726077631890469
26835601	0.000619080115447067
26835700	0.000651433328224809
26837391	0.00612201239864354
26837811	0.00431175251158997
26838211	0.00732382857023768
26838620	0.00398469626843052
26839030	0.0186369459815173
26839410	0.0026690704277292
26839461	0.0054835753925778
26839960	0.000989041121709049
26840281	0.000613534578008055
26840711	0.00425318974265625
26843020	0.0010475148701206
26843191	0.000737369426966222
26843461	0.00824038343674194
26844161	0.000658145088591894
26844281	0.000769616293791239
26844550	0.00650919122759224
26844650	0.00263417527779746
26845521	0.000769216214074882
26846320	0.000702557304754579
26846990	0.000628292348744046
26847741	0.000636653157047298
26847881	0.0102333810214691
26848390	0.000615866945730008
26848431	0.00870241832486885
26848950	0.114174897869551
26849220	0.00502515937796026
26852151	0.000619878118733065
26853801	0.00285127225354427
26855720	0.000888330325991641
26855990	0.000796036821062444
26856100	0.0127215181091259
26857640	0.00397277913730442
26858460	0.00368195281937845
26861131	0.00079878378204897
26861230	0.00208548468853952
26861271	0.000653655399884797
26861370	0.00588008489743987
26861610	0.000810216516789781
26861780	0.00195853147689679
26863430	0.00322830091830599
26863990	0.00292022774793365
26866781	0.000766605007588111
26871181	0.00067411434265509
26873470	0.0128925581048889
26873661	0.00461516345513727
26875160	0.000609105333416596
26875690	0.000721074090783506
26876441	0.0022326078970427
26880011	0.00205286166409146
26880670	0.0950046562820588
26881391	0.00216265797890801
26882340	0.000768427573634733
26882351	0.0088153933275688
26882491	0.0318982543834734
26883540	0.00397669701068793
26885811	0.00183398057606262
26886710	0.00211760189001169
26888120	0.00541702668602396
26888960	0.00125053135944279
26890361	0.000699742480734184
26890511	0.00271922132143397
26892520	0.00109379534210995
26892841	0.0137023592164623
26894860	0.00132456901912795
26895010	0.00362426880719983
26895400	0.000663385053404767
26895440	0.0141350650756821
26895820	0.0031323102651603
26896831	0.000887200616243965
26898030	0.000640001380181283
26898320	0.000745935311080814
26898440	0.000634427457626381
26899280	0.000834937582043705
26899580	0.00146895641986981
26899680	0.0177233090680671
26899710	0.0162039718205887
26900940	0.00208366757901561
26901910	0.00127780440575949
26904370	0.00166603707135741
26904561	0.00531254090227886
26904640	0.00198884052445772
26905791	0.0685828745097805
26906081	0.000619990099077914
26906740	0.0578567726258073
26907751	0.000619990099077914
26908950	0.000615913938164077
26908981	0.000949791786658576
26909360	0.002290551060383
26910081	0.00166241245175838
26910091	0.00404507288378863
26910440	0.00092800142316732
26910450	0.000909092938109784
26910921	0.00259568764540494
26912151	0.0107250672816323
26913200	0.000810538686558781
26915000	0.00221946101981232
26915420	0.00141897538953311
26915461	0.000634427457626381
26916110	0.00292051990276545
26916390	0.000820341583494989
26917640	0.00166668879467006
26918750	0.000631308978965565
26919160	0.000640257435168506
26919451	0.00148424444526009
26919861	0.000635691099073898
26921111	0.00159569293355246
26924100	0.00306571032521209
26924230	0.000626262228373967
26924530	0.000613093329040597
26925080	0.000635279176736204
26926341	0.000819317411364081
26926880	0.00072331870960708
26928421	0.000640146051837074
26928500	0.000617882821643248
26928691	0.00318238492408723
26929620	0.155676614467261
26930850	0.00297665715522017
26931441	0.00221337337399565
26934460	0.00389614845682513
26937371	0.00196687971079267
26937951	0.00142978540408218
26938160	0.00144245737794711
26938201	0.00246243157910509
26938211	0.00100305015718237
26939331	0.0018465144864421
26939430	0.00241158162193143
26939570	0.000660274421289346
26942720	0.00434428340930347
26946590	0.00162179547222066
26946621	0.0077247972347282
26946781	0.00217462620625424
26947441	0.00291621836572635
26947560	0.000860561737150581
26949391	0.00597887171711749
26949740	0.000742066941274403
26951581	0.0006223015443527
26951850	0.000697575011969768
26951861	0.000667789158135125
26951871	0.00791868884265415
26952390	0.000616413354746753
26953511	0.00177015443731787
26953610	0.000684991793434237
26954071	0.000683572188142384
26955540	0.000681738300691991
26956770	0.00204365764566539
26957610	0.000842188557859391
26959451	0.180874328403044
26959560	0.00619302991679773
26960431	0.000704970574671673
26960541	0.000757533487871215
26960821	0.00113325719581244
26961870	0.000693620761471288
26962600	0.00116790682655006
26962710	0.110145421387577
26963591	0.0419296617369306
26963810	0.00626736922145949
26964230	0.0731321682452955
26964640	0.00124575318229562
26964950	0.000666601151398933
26965121	0.0140187552328596
26965261	0.000670273228582535
26966621	0.00139929640400363
26966730	0.000676308398378488
26967830	0.0006223015443527
26968001	0.00128512105275222
26968800	0.0105490391739751
26969791	0.0263726596824187
26973070	0.00066999145000671
26973111	0.000619903879845291
26973460	0.000670989208580234
26973671	0.00275318335236412
26974450	0.000670359686467733
26974621	0.00219358470224689
26974710	0.0010106826872436
26975000	0.000637668014519979
26975871	0.000655905062952132
26976120	0.000739330830933054
26976701	0.00067805027461231
26976790	0.0145405250072823
26977600	0.000653159274845135
26978560	0.00854964062633994
26978980	0.000747589249789748
26980220	0.000852025808192466
26980670	0.00367497009965668
26981371	0.00108407225816552
26981521	0.0382049842329573
26981910	0.000716370439297071
26981921	0.000667269471017081
26982751	0.000747824591634733
26982901	0.000762920143001219
26983171	0.000825822689288628
26983540	0.00158324271584818
26983601	0.0951743758443582
26985231	0.00194566725438957
26987140	0.0077705291572881
26987690	0.00104808563528867
26987731	0.000749260883333046
26987851	0.00353141664505202
26988940	0.00093774586377377
26988951	0.000706881825905804
26989040	0.000608693505068779
26989050	0.00126652672918328
26989060	0.000764116450930358
26989910	0.00062068574778936
26990010	0.0192827316934422
26996500	0.00189104647143557
26997180	0.00148609151877617
26998190	0.00155415802348988
26999861	0.00286166581860369
26999991	0.000691966466821019
27000360	0.000782548223785058
27001511	0.0225739355942544
27001781	0.00224790060132336
27002970	0.000695596199298807
27003711	0.0030136406784479
27004011	0.0010955133530401
27004490	0.00063199534683217
27005050	0.130798088798811
27005651	0.00180029151514094
27007871	0.00477034054285341
27009060	0.00755983334800096
27009630	0.00064987874116311
27010570	0.000631223907676656
27011031	0.00188583521107076
27012271	0.00241842550857945
27013340	0.00150736492844718
27013460	0.00189191570149361
27013600	0.623946324860575
27013740	0.00323585022934455
27015260	0.0103671866047692
27015420	0.000626467749541725
27015950	0.00935632097811739
27016421	0.00522435091696487
27016650	0.000761563323707717
27017241	0.000615745052836222
27017770	0.00323645333176441
27017931	0.000787283803850937
27019810	0.00161204340922895
27021350	0.00185561837779545
27021801	0.000720547098896556
27022420	0.0006223015443527
27022970	0.000680284082871972
27024271	0.00067378854812223
27027000	0.00102599935920568
27027010	0.000721628715429752
27027280	0.0862209419665724
27027540	0.00118220274345243
27028411	0.0019737287896266
27031820	0.00261116685751813
27031851	0.00423009992938695
27032681	0.000613999274683691
27032910	0.000882735275737057
27034010	0.00178729759972638
27034290	0.000608693505068779
27034300	0.00181738831492594
27034460	0.000673768598006976
27034970	0.00474886673415001
27035840	0.00548684960009771
27035851	0.000734266225443867
27037791	0.00475822827828953
27038061	0.100215705307833
27038720	0.0021454162965804
27039110	0.000975560400813808
27039140	0.000744917047681307
27040421	0.00275788921510932
27042881	0.0010100700256801
27043130	0.00295186095392681
27043560	0.00079459234284023
27043960	0.0143101003759341
27044261	0.00170878518622261
27044961	0.000704946555395977
27045231	0.00206324547794615
27046020	0.0417622190581467
27048390	0.000609105333416596
27050010	0.000710565782452656
27050550	0.00155585287945284
27053880	0.0115071380613628
27055291	0.254445049828191
27055380	0.000730669684063113
27055711	0.000615745052836222
27056070	0.000646283819210882
27056240	0.00399249260239503
27056640	0.00104605788333687
27058040	0.000745071445737021
27058351	0.00063876248283788
27058891	0.000640150090577215
27060001	0.000884399359314734
27061651	0.000613188304188393
27062211	0.00560823441802865
27062690	0.0021130339819121
27062970	0.000609105333416596
27062990	0.0146494869406059
27063311	0.00342523989611579
27063790	0.000875654111817013
27065750	0.000807239040724916
27066720	0.000948420856927397
27066751	0.000620515178552459
27069190	0.000649614618232303
27070010	0.000816602929586109
27071581	0.00295024198422314
27074590	0.00236888253181082
27077750	0.0194227073782025
27077880	0.00228693974896912
27078860	0.00254567687451669
27079031	0.000903491755844248
27080230	0.0010687710260296
27081050	0.00264921321850396
27081231	0.00365120289038044
27082040	0.00181913103218296
27082550	0.000816587047264221
27082570	0.000662646179736131
27082580	0.00481166534863442
27087291	0.00074513838085863
27088480	0.0032450982494086
27088770	0.00202955605670697
27090960	0.00130894930152536
27091520	0.000907548473813848
27093771	0.466289842001058
27093781	0.00063460959418286
27094410	0.00339132145171647
27094450	0.00145636803829845
27095291	0.000646292647422509
27096251	0.0140576262558822
27099021	0.00101716628904872
27099161	0.00237832760908348
27099250	0.00412184622987003
27099280	0.00195828008868179
27100240	0.00128870028908756
27100821	0.000784021883383543
27102130	0.00060901135895007
27102140	0.000621880799333607
27102690	0.0115946881142216
27103380	0.00293506936831107
27103950	0.000706617311822762
27104951	0.00261699453020675
27105050	0.153536873127844
27107021	0.000664214006067842
27107970	0.000717297906718542
27108100	0.00374808782284049
27109101	0.0125986252783225
27109231	0.000659481723029825
27109911	0.000634289185270234
27110181	0.000628689232383136
27110580	0.00373211848741642
27110840	0.00256667862280955
27111670	0.0020877036511403
27113730	0.0157922247203694
27115830	0.0044000955872994
27116230	0.000908760407544294
27116640	0.000835353386061631
27116760	0.000609105333416596
27118450	0.00152179764073242
27119930	0.000750842637163448
27120610	0.00154429614766942
27121600	0.000633333892036521
27124060	0.00369125153752686
27124531	0.00102917663393576
27126000	0.000680939379773514
27126010	0.000631587869103514
27126140	0.00069744236470829
27126150	0.00152241359253413
27126570	0.00144959130343457
27128001	0.000723930640784377
27128640	0.00218746438612074
27128661	0.00179438931545304
27128941	0.000679769661093827
27129050	0.0773981833253274
27129320	0.00215466033642028
27130170	0.00652329982453027
27131960	0.00114818070769857
27132490	0.00273323544753362
27133190	0.00439013591465937
27133231	0.00149635819425005
27135680	0.00066757641204755
27138181	0.0116467065346715
27139400	0.000614619135459724
27139810	0.00251028820282475
27142160	0.00755765897333531
27142591	0.00587143901302059
27142860	0.00304823830549828
27143100	0.000638493361438506
27145211	0.002914840114843
27145641	0.0537305695480204
27146280	0.0022149688961954
27146540	0.00188459436066334
27146560	0.00063859834785703
27146700	0.000683232377246315
27147130	0.00109371453096491
27147960	0.000744855835131981
27151540	0.00151523322087245
27151660	0.00199809042519968
27151930	0.011898415124222
27154980	0.00063859834785703
27155660	0.000702459561047894
27155701	0.000967621760759576
27156360	0.000755811544575789
27156640	0.301590366462232
27157921	0.00957909623358925
27158440	0.00486373783673074
27158540	0.00127944833636317
27158871	0.00184288826787101
27159230	0.000704068000012034
27160070	0.0135726004262136
27160080	0.000823168136023295
27160630	0.00123046827976922
27161040	0.000709729959085639
27161211	0.00282354995127456
27162871	0.00462554109179799
27163090	0.00064867675748864
27163291	0.000624577831173958
27163551	0.00204080666937936
27164360	0.00388647863776767
27164391	0.0260748481673092
27164920	0.000691074480575196
27165081	0.00071456967302445
27165091	0.00529381502382332
27165590	0.000995076630957892
27166130	0.000804694177339951
27166290	0.000622161512345229
27167780	0.000627085215249667
27167991	0.00273946867706986
27169091	0.0015661280942072
27169190	0.0054367720196847
27170130	0.0373810750122295
27170560	0.00940174419600797
27171011	0.000995712429106792
27174150	0.00226297843635163
27174680	0.000694111925750786
27174830	0.000699155727655485
27176261	0.000691260331417624
27178130	0.0252517882423871
27179790	0.000745838783496539
27180391	0.0166455726505269
27181190	0.00342753217274499
27182731	0.000642102367121087
27182840	0.00205138477209328
27183250	0.000691820115445695
27183260	0.00173862264021719
27185221	0.000942163147808327
27186601	0.0033449224831279
27186690	0.000723563078958053
27187291	0.00405571539512656
27187920	0.000792973084776615
27189460	0.000792710936072433
27190591	0.000643049843313117
27191141	0.000847845560542162
27192931	0.0145201368942877
27194020	0.000647742634254082
27194591	0.00184301031345846
27195001	0.000698139350210591
27195660	0.00491774709584326
27195991	0.00154726319608548
27196190	0.00119591516224641
27196360	0.000839743312838658
27198010	0.000737943176656421
27198120	0.00213001372442711
27198280	0.00101889280089301
27198741	0.00120221503282669
27199711	0.00399247039577847
27200360	0.000757702081005318
27200750	0.000915930623816813
27201460	0.00873002503854889
27202700	0.00988325500450928
27203780	0.129764177947535
27204480	0.154511900158364
27205310	0.00275048287419589
27205450	0.00175694918664562
27205610	0.0757877268004945
27206300	0.00171454177961135
27208080	0.00193388228820584
27208521	0.0213258257547753
27209330	0.00230508227963167
27210041	0.203608331687125
27211640	0.00252111093571055
27212360	0.000858510193117794
27212370	0.00087793173080516
27213180	0.000729781711965678
27213870	0.000650037975345314
27216890	0.00576245326991182
27217341	0.00075117952918088
27217720	0.0165941822154978
27218260	0.00138026279665307
27219011	0.000628443463153335
27219540	0.000658991524053616
27221320	0.00255604659478988
27223291	0.00326495696541212
27224121	0.0010544443270699
27224931	0.000890583413957524
27227370	0.000667034845727085
27227571	0.00140435469022442
27229980	0.000679253280525878
27230710	0.000611608325594327
27231701	0.000786021668087987
27232401	0.228154812258314
27232951	0.00183993310333364
27233020	0.00070085021380067
27234010	0.00077021949187748
27234181	0.00600691905634959
27235220	0.00216798681820792
27235810	0.000695628598888202
27236080	0.000647003976558207
27239940	0.00205868517714244
27240210	0.000638499612192227
27241330	0.000625598526818009
27242680	0.000782651893717776
27242700	0.00173719807564908
27243520	0.00133877037325185
27245150	0.000606753885567106
27245361	0.00141846662767219
27248060	0.00564733912904742
27248350	0.000717775637446091
27250031	0.00389892217686677
27250581	0.00071685176640725
27251120	0.000653672287802588
27252671	0.00079796750016275
27253010	0.000698068433075036
27253330	0.00202320068644724
27253631	0.000766281711907121
27254000	0.000608874589995512
27255131	0.00310988886059721
27256900	0.000918371664732987
27256951	0.000609105333416596
27257880	0.000616278277408938
27258400	0.00072984353892528
27258530	0.00105970369676577
27258690	0.00209329710778436
27258991	0.00285505086692029
27261440	0.00207880697818298
27263431	0.000609790498323813
27263571	0.00167879406690013
27263961	0.000820605908708768
27264511	0.00825305527930589
27265850	0.000684060917064902
27266670	0.00063859834785703
27267240	0.000790851634742514
27267670	0.00154703604927577
27268770	0.00092044870883945
27273061	0.000632406729354691
27273481	0.00414642356002727
27273880	0.00430791418435511
27274110	0.000723320480257143
27274120	0.0006186546436452
27275151	0.0102675335987887
27275831	0.000834040647447111
27277481	0.00338144496810304
27277720	0.00220133692101927
27278110	0.00345885763905607
27279380	0.00061485076530531
27279650	0.000657930809225452
27280080	0.0015897835444964
27282130	0.000728277862218162
27282970	0.448250441015008
27284490	0.000987906478321539
27285471	0.00272520731907022
27285771	0.0009691578898975
27287100	0.000953868815078176
27287510	0.000793801926688872
27288770	0.00455289829456573
27289420	0.00475814978417882
27289730	0.000829847121273289
27290550	0.00859908699519232
27291360	0.000615053201467107
27291831	0.00420971750426116
27292180	0.566495448787943
27293180	0.00334457248170689
27293870	0.00188279411727696
27295151	0.00195226219375762
27297050	0.000760108226464744
27297351	0.00465848834399096
27297761	0.0521517911595296
27298670	0.00301788865652827
27299630	0.000641101444358574
27301150	0.000818070377319998
27301211	0.00520308615498782
27301631	0.000720327230443812
27302820	0.000638792201520398
27303141	0.0017550432842045
27303650	0.0584852470320649
27304880	0.00385663718175776
27306311	0.000811125388018193
27307151	0.00291560338939449
27308060	0.000628292348744046
27308470	0.00544477327740513
27308651	0.000742935507518748
27308750	0.00966388916731277
27310820	0.000663520112502584
27310861	0.0021636712985719
27311670	0.000793901885163339
27312760	0.00716592161492179
27315121	0.000752524828254634
27316910	0.001038159511256
27317170	0.00186869016286117
27317570	0.000663807460954048
27318041	0.000862853817434416
27318250	0.00441869012122384
27318591	0.0578920520083725
27321621	0.000820829881838085
27323070	0.00136591545495451
27323770	0.00126963542462753
27324371	0.00207242652796649
27325020	0.00278213330906954
27325751	0.000947809154435608
27326380	0.0032324716471128
27326550	0.000973447305371898
27327390	0.000708586017930045
27329700	0.00103251927539303
27330670	0.010903367129268
27333560	0.00061283181039724
27334690	0.000665447377452597
27337881	0.0314146000201485
27339350	0.0117464756336937
27339541	0.00151432842917734
27339691	0.00166281652746352
27341000	0.0052045629259843
27341010	0.00128343030174934
27342851	0.00553079648597902
27343681	0.00216619579353593
27345170	0.00203206505783848
27345751	0.0015333347261462
27346151	0.000714680721502737
27348050	0.0309663251517329
27348060	0.00593979525758501
27348791	0.00579687858441282
27348921	0.00465257993828009
27349461	0.000646925119800433
27350130	0.00587540700328205
27350700	0.00296220537169386
27350970	0.000651430594442863
27352111	0.0020576682441747
27354571	0.00151127424491812
27356720	0.00500978646326455
27357191	0.000796593522345725
27357601	0.00642530210490872
27357990	0.00356227597441076
27359001	0.0364241343605873
27359531	0.00388558304700384
27359630	0.00414410078685868
27361331	0.000637058780184827
27363941	0.0024633877909147
27365891	0.023697976306874
27366240	0.00371624781558753
27366270	0.00265301282605077
27366690	0.00255440233605184
27367620	0.000659534455571646
27368040	0.000653159274845135
27374970	0.0795776736708925
27377860	0.0342648227988318
27378130	0.00965525177613896
27379500	0.00160436130166841
27379941	0.00148454770999463
27380620	0.0104995932196277
27381690	0.000774514857863189
27386021	0.000759029970155552
27386670	0.000694085213207279
27386991	0.00272615692060088
27387900	0.000857836640561728
27389000	0.00624318329276872
27389051	0.00178406162793981
27390301	0.000892407067675774
27390810	0.00340668280329928
27391401	0.0163397595447672
27391681	0.00075966818558419
27394250	0.00182058868136974
27394711	0.00124750019718656
27395240	0.000636245557164375
27395551	0.00064483402716546
27396361	0.000667121419549063
27397761	0.00246180480237958
27398021	0.00179249768043795
27398800	0.000782165779968292
27399541	0.00144181674003995
27399951	0.0156912884263741
27400340	0.00073167067499572
27400730	0.000679769661093827
27400740	0.000609105333416596
27402561	0.000928346891010945
27403131	0.00501961232497666
27403531	0.00107724339435668
27404470	0.000736177596872969
27404921	0.00375002624435076
27405010	0.0176494110307778
27405601	0.00470846589399447
27405720	0.0308758623389883
27406800	0.00142525389050932
27410240	0.000628964097988979
27410991	0.000635657635824083
27411060	0.000713344084424394
27411531	0.000874659463068295
27411640	0.000620522847915501
27412300	0.011928016657758
27412381	0.00569050842103806
27415951	0.00174150336544179
27416740	0.0201101652681336
27418240	0.00071496048450157
27419640	0.00357606343417695
27420460	0.00162630110787872
27421201	0.021516965015487
27421751	0.000923021749320726
27423630	0.0498467488741678
27424651	0.00179211689604047
27425341	0.00128075194566878
27426680	0.00080780927979546
27428170	0.0013865965308719
27428190	0.00697871992348325
27430021	0.0019819713838344
27432470	0.00482282746514334
27433061	0.000647588186686892
27435900	0.00178749595224594
27436590	0.00166903892881225
27437420	0.000793687683357623
27437580	0.000704935025964392
27437731	0.0177052196767156
27437891	0.00336521659340852
27438260	0.00565648275230699
27439200	0.000742498118133352
27439910	0.000667073294593037
27440300	0.00140132585919528
27440351	0.000704738219447862
27440631	0.000705279470319
27441560	0.00078741428618465
27441570	0.00470795173150412
27442230	0.000949888822880397
27443630	0.00112565862285049
27444491	0.00166946652656278
27446120	0.000634854920547791
27446270	0.000691820115445695
27446380	0.000659820141202464
27447770	0.000626348926139596
27448300	0.00127267991649224
27448750	0.000684933930459853
27449061	0.00452937835893019
27449550	0.408727567697241
27450390	0.000912294161302188
27450800	0.00065687601309875
27452091	0.00221897861000747
27454090	0.00069309449684584
27454510	0.000631693571777086
27454680	0.0225281027296856
27455251	0.00066994278424361
27455470	0.000727245866937274
27457061	0.00105357561240943
27457160	0.000751516300356639
27458691	0.0368992563291219
27458701	0.00107908766842083
27459620	0.00317410684201043
27462571	0.00164913001456602
27463360	0.00255519467451364
27464470	0.00071137631550708
27464901	0.00160915697164672
27466520	0.000743136128688349
27466711	0.000926893700137804
27466790	0.00113904993346152
27467220	0.0006223015443527
27468730	0.00241187797465713
27468761	0.0226729067205538
27469030	0.00158481691046031
27469280	0.00105408717296368
27469710	0.00169197455932597
27471060	0.000602807101325309
27472850	0.000692449025426544
27473881	0.0174500834270396
27474110	0.00246321735037631
27474380	0.00320492338453373
27474991	0.000936879842582131
27476990	0.000695575871143054
27477030	0.00140322616507416
27477700	0.00398254209367504
27477741	0.000602807101325309
27477950	0.00130156061889838
27478790	0.000658511008313051
27478851	0.00461737457277857
27478981	0.00153024729699662
27480200	0.00084001110928851
27481741	0.000666444888503983
27482441	0.00369083864111304
27484450	0.00216406187860394
27485290	0.000745763023749762
27485560	0.00390591419705108
27487121	0.000674258828508959
27487791	0.000644342454231186
27488231	0.0394635418997315
27488501	0.00150772718685772
27488621	0.00196594038048568
27488750	0.000708967284462977
27490301	0.000996787544680095
27490441	0.00193957265564994
27491910	0.00134475455153529
27495340	0.00789411103760388
27495480	0.00788177481904682
27495760	0.00157115113129636
27495770	0.00117951151238595
27497560	0.0019538289717516
27497700	0.00317775992898414
27497731	0.000630388439406488
27498271	0.000702836317500218
27499101	0.000658346320500185
27502151	0.000682734519876564
27502540	0.00297655651167014
27502930	0.00138173233966444
27503200	0.000602807101325309
27503780	0.00135737736823197
27505960	0.00224345858914651
27506571	0.000737464982428561
27507050	0.000613093329040597
27507261	0.000667253302193984
27508430	0.00214420995031365
27508501	0.00108496172693756
27508840	0.000734850268934327
27509160	0.00149442515656713
27509461	0.000667439864420599
27509710	0.0013690179056222
27509721	0.000633810566083936
27510131	0.00372309691709987
27511630	0.000780382763835259
27512040	0.000686455561590496
27514001	0.00866266110206542
27514540	0.00688756508069552
27518810	0.00149969411532514
27520610	0.00407534370407891
27526100	0.00220376923171191
27526370	0.00135162237613127
27530561	0.00263269652334919
27531500	0.00234578830034346
27531801	0.00307956682233978
27531811	0.120863109798958
27532720	0.000929358328907672
27532740	0.00335260118242346
27533160	0.00829631045814913
27536720	0.00357416340298803
27537020	0.00418279857723723
27538411	0.00221001376650277
27544361	0.000800044957657241
27545161	0.0018913955918352
27545290	0.00245071505762305
27546120	0.00087389221230365
27547251	0.00401517738360559
27548471	0.000640333715502584
27549820	0.015568593047269
27550360	0.00128342350448139
27552710	0.00090187473118722
27557000	0.000661511293780891
27557181	0.00250010680105116
27557390	0.0132996858431867
27558790	0.0041754642598287
27559740	0.00285938692122686
27559880	0.0013283726607274
27560600	0.00439489892182879
27563220	0.00177733388871391
27563630	0.00191441173493236
27565570	0.0146931434001286
27566291	0.00205360619546116
27568030	0.00131706178806367
27568710	0.000638534858296363
27572740	0.000844843798145161
27574370	0.000660414697209123
27574780	0.000616161649161358
27575900	0.00230743953592088
27576631	0.000899769435301422
27577451	0.00401334248901602
27578390	0.008467364894968
27578780	0.0011237691137029
27580310	0.000826538085326452
27582090	0.00141035111413034
27582770	0.000711288322294819
27583200	0.00160970266887398
27586691	0.0175448400717755
27586831	0.000651249991095509
27587180	0.0482163728448114
27587200	0.00318752992900855
27587610	0.00211130782215354
27589301	0.00225824331457548
27593171	0.000671999421928526
27593700	0.00089530398632675
27595200	0.00174504936252643
27596201	0.00251096700331426
27596221	0.00426417501445996
27598701	0.00151060207844066
27599391	0.00461338090229033
27601861	0.000689820950552508
27602421	0.000831188431729378
27604751	0.000775788122241331
27605250	0.00139802438731627
27606220	0.0013950519178558
27606530	0.0016558924983616
27607111	0.0008431552441079
27608020	0.0024531652462545
27608560	0.000694263630982954
27609660	0.000666055023375757
27612741	0.0200191361374778
27613420	0.000774429572802109
27613540	0.000609105333416596
27613940	0.000712886269987336
27614660	0.000856166413001814
27615050	0.00354458993812536
27615651	0.191146596680905
27616020	0.00217896102926919
27616160	0.00155158353981906
27616710	0.00260655519327181
27617380	0.0581659675207476
27617581	0.000712834485467372
27618681	0.0426440126381959
27618900	0.010131470142711
27619050	0.00153928251281309
27619070	0.00071845284144748
27619890	0.00561907748990951
27620000	0.00646499544441443
27620430	0.000620515178552459
27621550	0.000636941687156412
27623781	0.000629820507882695
27624191	0.00114220299090015
27625150	0.000845861209367943
27625301	0.00203566006760583
27626210	0.0539667361129445
27628331	0.00255763660254444
27628980	0.000676787963003717
27630531	0.000727794482733552
27632901	0.000918966540001293
27633851	0.00461280033744181
27634660	0.000715249197717186
27634821	0.00911403687457117
27635310	0.000704375166261857
27636040	0.00210665169223825
27636580	0.00125167479003421
27637151	0.00152037128200484
27638370	0.00067686816189641
27638760	0.000758687403859103
27639070	0.0201958688754983
27640351	0.0020138882561235
27640901	0.000786292097228601
27641110	0.000636331040645105
27642070	0.000678543956335552
27644150	0.00182855218171981
27644290	0.00214201674142942
27645571	0.00193809421613689
27645830	0.000918531126824547
27646760	0.0077604729363203
27646971	0.00400852645407629
27650620	0.0043658004388493
27651081	0.000635364689748667
27651361	0.0013683067391432
27652761	0.00132999168605126
27654421	0.00512109006466771
27654691	0.0307499488781787
27654800	0.00729352302572239
27655750	0.000699455840156706
27656030	0.00116130207655668
27656341	0.00144337615198608
27657161	0.000963052449920741
27658210	0.000602807101325309
27662360	0.000719374497269562
27662480	0.00101336389874602
27662941	0.0948272268915363
27663200	0.00198551368040785
27665540	0.00109196474080908
27665721	0.000660876725258498
27671060	0.000967085603357033
27671511	0.00253450921620602
27671781	0.154794981940147
27671921	0.00064043252011791
27672270	0.00675071267280676
27673100	0.000704246420280275
27673390	0.00983035275164967
27673810	0.00233233019760211
27675580	0.115678991244436
27675651	0.00320196473448105
27678910	0.000602807101325309
27679050	0.00082873367136113
27679081	0.0457918512491656
27679900	0.000918456961346661
27679931	0.0480089750011641
27680481	0.000626375885382927
27681301	0.000644377404580945
27681851	0.00213602002992468
27682541	0.000873477541667183
27683620	0.00939838816537227
27684450	0.00343323115027437
27685410	0.00542002145021621
27686230	0.000615053201467107
27688331	0.00501699983271792
27688830	0.00199696520175401
27690111	0.000834815629304297
27690900	0.00872204074222238
27691030	0.000745296812768878
27691921	0.091542513520321
27692191	0.000671033769800738
27694210	0.00340321300019158
27694821	0.00281831226318251
27695740	0.006775473498491
27696191	0.0006967293619373
27697370	0.000797541255469974
27698240	0.000734053652365884
27700041	0.000764190854704543
27700461	0.00400441097258513
27700680	0.0115005761234697
27700850	0.000684256689540239
27701670	0.000725953637216938
27701830	0.000675247967556818
27702080	0.011142702368836
27706681	0.00556152899043013
27707040	0.000978698948960733
27707211	0.0017325985841539
27707320	0.00180521125700294
27707470	0.0128350784452073
27707791	0.00264945079171147
27709000	0.000719006618761126
27709100	0.00110418689125924
27709820	0.000663900696432315
27710340	0.000810587788042522
27710380	0.000917850751608569
27710951	0.00064459069748917
27711241	0.00173511469619246
27711491	0.000615866945730008
27711890	0.000643768467331389
27713110	0.000828480718890548
27713230	0.000799456820109289
27713680	0.0779452092756978
27714360	0.00325770574438096
27715050	0.000715153527200968
27715511	0.00949741688091181
27716820	0.000606753885567106
27717991	0.000738190983889555
27718521	0.000673992821843866
27718760	0.0119962631877301
27719221	0.000723854387154097
27719631	0.000937693661255869
27719890	0.00067388099482454
27720840	0.000809830486298251
27720970	0.00358798066647842
27721141	0.000732237830834052
27721151	0.00156490252905921
27722100	0.00622742795003845
27722551	0.0083436072328548
27723050	0.00241329692810377
27724000	0.00779811926852094
27725130	0.00183382459054353
27725971	0.0080451469777748
27727511	0.00228791523853366
27728970	0.000861454716399477
27730510	0.00370058333660567
27732410	0.014765746947633
27732591	0.00224835855847891
27733800	0.000787944070873457
27734650	0.00196799843667262
27734811	0.00775857231203128
27735211	0.0036248705013397
27735580	0.000706932449934655
27735791	0.00325556722437359
27736751	0.00246633375878172
27736891	0.00585638468549527
27737100	0.00173451932195896
27737120	0.00166346468038302
27738910	0.000954200404060855
27739091	0.000720538502166662
27739480	0.000868432783148157
27740181	0.00062895982807414
27740400	0.00135527967770896
27740461	0.000837090304339388
27740471	0.000832945189964674
27740540	0.00071243985248811
27740690	0.00142993736502011
27742961	0.00120353831460934
27743320	0.0120370542190277
27744591	0.000877238818415908
27744871	0.00179102996379041
27745151	0.00388823868548544
27745561	0.000660346698006687
27746510	0.00284582079837426
27746941	0.00164516670552281
27747750	0.000945481491130401
27749161	0.000910098851607602
27750610	0.000609105333416596
27750681	0.000667741937810055
27750780	0.000625518021190311
27750811	0.00103527191305155
27750890	0.000668677770504773
27751371	0.000710268749869767
27751491	0.0014760453060931
27753540	0.00063859834785703
27754271	0.000652160220775177
27755440	0.00102090956191049
27755740	0.000734941472741951
27756061	0.000804267989305732
27756560	0.000772039171958122
27757680	0.000619903879845291
27757920	0.000630471899083623
27761250	0.00585851400988469
27765090	0.517052469965571
27765670	0.000787706545103951
27768321	0.000753119920096215
27768680	0.00355686512364301
27769780	0.0700629839422656
27769851	0.000630529774066194
27770230	0.00273032631687659
27770251	0.000690552801493324
27770811	0.0457522397123396
27770951	0.00860649286552886
27773161	0.0197344237077472
27773540	0.000789339110077886
27773640	0.0081372567364839
27775071	0.0474172149022413
27775341	0.000602807101325309
27776861	0.00167467402825257
27777380	0.00350838515358118
27777831	0.00859400730104822
27781250	0.00193139355329532
27783740	0.000645082012390131
27785120	0.000602807101325309
27786521	0.000868480930703911
27786780	0.000715000910779416
27787880	0.00145483133878589
27788051	0.401912733136124
27789161	0.000854306607432922
27791020	0.000637793628379621
27791290	0.00536075821871325
27791351	0.00218321645880481
27792120	0.000694571694770612
27794661	0.00085263271524432
27795351	0.253602142528852
27796020	0.0074359398249648
27797011	0.000884539192952427
27797090	0.000722423259361785
27798880	0.000941557697130896
27800861	0.0051008675608756
27801910	0.000608693505068779
27806470	0.000641019266126468
27807071	0.00130460275809801
27807430	0.0698675768250964
27808960	0.00135892436662217
27811610	0.00275440483865789
27812160	0.00718220768148136
27813650	0.0223143420505428
27814101	0.000825271528134305
27814460	0.000622471492043512
27815320	0.00208541560460763
27815621	0.000675640643977002
27815761	0.00064827442824349
27816191	0.00236617791101318
27816591	0.000637278500618358
27818671	0.00130736444195303
27819730	0.00185170688431016
27820991	0.000852107650541385
27821131	0.000651786089521578
27821141	0.00159728320948715
27821220	0.00143265893488914
27822340	0.0019862083523247
27822511	0.00152666188489174
27823330	0.000693944645500298
27823840	0.00395214625731601
27824191	0.0333304173961754
27824861	0.00223726271580564
27825001	0.000844482902677954
27825681	0.000718022985485702
27826391	0.00075655195570699
27828140	0.00287692277715375
27828601	0.000622862584185978
27830210	0.00191516998821635
27830381	0.000855958271640007
27830500	0.00705562239456823
27830671	0.000860174410207545
27831351	0.00114402171279516
27832670	0.00114355268121928
27835160	0.000741114600716067
27837230	0.0126289840083527
27838931	0.000636082560524074
27839491	0.0022118725610503
27839761	0.000770208210673323
27843290	0.000881132838300071
27843621	0.00705648694098511
27844181	0.000748541962762968
27845810	0.000783467081548926
27846360	0.00464446765611189
27849151	0.0069870544447994
27849230	0.00370787254572468
27851710	0.0104284880851888
27851850	0.00492900766074296
27852311	0.00095419058949455
27854111	0.00128625233821541
27855590	0.0441042671759196
27858371	0.00540976077172018
27858500	0.00338488102016982
27859570	0.0054481012973776
27862080	0.000684089260658423
27862241	0.0354699677335039
27862251	0.000642944527810281
27862320	0.000660129903572573
27862610	0.00144987111864729
27862870	0.000622415195171394
27863761	0.00315298199664154
27864810	0.336484725733202
27865431	0.00123886863120063
27866360	0.000649451522586816
27866740	0.00339401516610546
27866750	0.398293937835714
27867631	0.000903977494208164
27868150	0.0044868226229698
27868181	0.0041787916934901
27868861	0.00194235438508986
27869360	0.00154171297060552
27869640	0.0639015070563591
27869940	0.0208797887495677
27869951	0.182466686400952
27870470	0.000628423037292863
27871290	0.00451039339052084
27871761	0.00461507221944584
27873800	0.0108140989068765
27874050	0.000608693505068779
27875160	0.00087024922703407
27875450	0.000970137873390415
27877151	0.000673140407458068
27877281	0.00196221809681465
27879010	0.000619525670489332
27879730	0.000717136090739951
27880461	0.000629089662040627
27882340	0.000600575811948196
27882531	0.00177295405918637
27885281	0.00132642704932
27885821	0.000919122362627902
27886241	0.000785605242346538
27886340	0.0110260039171929
27886620	0.0207593628652752
27886630	0.00360221018415667
27887471	0.000634427457626381
27888700	0.00342449688043347
27891320	0.00103359691649653
27891341	0.000899335425404434
27892110	0.0131467577479253
27892150	0.0130870095535128
27894251	0.000754257377417821
27895720	0.00901549137779244
27895761	0.00202036187398409
27895771	0.000655468597662568
27896161	0.00192989392246904
27896311	0.00371807474464809
27897930	0.00238278790758669
27897971	0.00495204465440447
27899010	0.00271271350708873
27899030	0.00369472009422177
27899290	0.000848947607519404
27899990	0.00347733453657503
27900441	0.000608693505068779
27901660	0.00075659171761768
27903280	0.00256617765589112
27903320	0.000657662271797776
27903420	0.000776302781767738
27904301	0.000673441651606529
27904680	0.000619534017046881
27904851	0.010100742291484
27907870	0.0131461683419578
27908010	0.000616800580995439
27909250	0.0013399104214551
27910241	0.00754413544639821
27910391	0.000744597697475989
27911430	0.00110594212590907
27911891	0.00189813824850093
27916270	0.00102794628750745
27916540	0.00068333659648316
27917350	0.0256255224225165
27917360	0.024595093760597
27918610	0.0253333573372989
27919840	0.00199280975956595
27919860	0.00254436582199394
27920041	0.00288143183977043
27921510	0.000650129598903752
27921770	0.000907247010823328
27923150	0.00378000251062719
27923170	0.000712851884528502
27923180	0.000615053201467107
27923201	0.000719736061092729
27923331	0.000709447499076144
27923420	0.00155008663173068
27923751	0.00081878891512442
27924041	0.000729149479112776
27925561	0.00064184045377825
27926620	0.00307689557276898
27927601	0.00226083962736691
27927870	0.0156185570354966
27927901	0.000841734570684926
27928410	0.000655413794806791
27929080	0.000776838513472696
27929350	0.000833739494871795
27930241	0.00148683554827057
27931621	0.00174889203226038
27931840	0.00064020793632304
27931850	0.00104107491837377
27931901	0.000615745052836222
27932110	0.00149842827409416
27932830	0.00096720115399532
27933230	0.0212822630867869
27933360	0.00658505725297801
27934050	0.00200235235337538
27936800	0.00212064121216968
27937141	0.000649985178472342
27937271	0.00312136377883074
27937951	0.0054846786179591
27939040	0.000659481723029825
27939560	0.000618739416348538
27939980	0.000612678805981864
27940031	0.00573256918981168
27940291	0.00149115817677908
27940431	0.00231794531773101
27940520	0.00271226813317987
27942190	0.00109437906461063
27942870	0.000670786768408263
27943430	0.000609105333416596
27945110	0.00170481076259561
27946641	0.000793959269724329
27947690	0.000693384610765231
27948130	0.0118187235478553
27948420	0.000627584662905804
27948451	0.00719844353708601
27948550	0.000738251489945695
27948660	0.00167916011381005
27948680	0.00265286778438209
27948690	0.00157873070475998
27948960	0.000759737310159911
27949001	0.00205320029173094
27949520	0.000924028323582822
27949671	0.000654262782537646
27949910	0.00703090207371825
27949971	0.283169239302025
27950050	0.0193325584812349
27950740	0.000768737514410105
27950870	0.000689221324776411
27951560	0.0913636780272858
27952140	0.000639473067374859
27952151	0.00268897976415016
27952711	0.00143326098222276
27953541	0.000751119936807102
27953800	0.000967719702043013
27954050	0.00115457170604717
27955580	0.0220088866591532
27955850	0.00240281255646175
27957261	0.00320170789435396
27957271	0.00066420455719076
27957380	0.00180702534550398
27957760	0.00763007438663543
27958200	0.000807466830896911
27959580	0.000804517892589345
27959741	0.000763868213771114
27959960	0.00217762485985653
27960721	0.00242090071934884
27961490	0.00415944368993946
27961890	0.00110024441617905
27962371	0.00256770161681626
27962480	0.00421763144868455
27964540	0.00739317292032335
27964561	0.000792763667535878
27965110	0.000988120041809799
27965210	0.00125187721641024
27965350	0.00066354089517004
27965691	0.000782931318527912
27965900	0.00067060802474426
27966101	0.0086971179171993
27966200	0.00487698432960871
27967881	0.00242776157880756
27968400	0.000705009206148102
27969111	0.000699117940217852
27969520	0.000675654251893811
27970651	0.00640390302178267
27970921	0.000734881366299633
27971170	0.00270428820246769
27972410	0.00342134107595102
27972441	0.00796682140752763
27972520	0.00345083948608895
27972721	0.000775373934644209
27972830	0.000888103064489033
27973131	0.00361155383299217
27973141	0.00073168047966025
27973770	0.000711329150926771
27973890	0.00173321709148467
27973951	0.000654654516930297
27974210	0.000712020245699789
27974231	0.00210304020162737
27974880	0.000694683179825805
27976421	0.00199458211198801
27977200	0.0550938786495454
27978870	0.00746891084260642
27979270	0.00214678102497767
27979471	0.0271601579267833
27979881	0.000855863937564397
27980011	0.00217460746275434
27980981	0.0006485213673231
27981111	0.000712524761944626
27982340	0.00707544339287666
27982511	0.00223158281207743
27982610	0.000722356056493252
27982740	0.000619035493457434
27982860	0.000662791890493888
27982931	0.000652579380052527
27986501	0.00077437923586935
27987310	0.00217384433141331
27987410	0.000747452078937134
27987450	0.00192316144426388
27987980	0.000688134522670991
27990351	0.000617034001841337
27990791	0.000741282162101455
27991010	0.000737493856737531
27991020	0.000858903497309695
27991030	0.000647102289358764
27991071	0.000884356193989984
27991130	0.00117478097715072
27991181	0.00131637325303553
27991270	0.00063544225609503
27991860	0.00155859936999075
27993060	0.00146843005029616
27993080	0.00216610572491609
27995980	0.0014490489687849
27996370	0.00202344685863243
27997920	0.000722961527149301
27998491	0.000694650188120685
27998990	0.000651794364985458
27999051	0.00167746501837623
27999160	0.00064648651811809
27999280	0.000674985304724518
27999341	0.000670702477594495
27999440	0.00080273145313903
27999471	0.00200207664121256
27999481	0.00079206545874258
28000670	0.013184755549983
28000861	0.0059436677200986
28001500	0.000701597899932307
28002180	0.000641598290479202
28002300	0.000704761789871583
28004410	0.000674531426490536
28005610	0.000781175591107353
28006750	0.000653304400069069
28007310	0.000667253302193984
28007580	0.00145043003706799
28008100	0.00154842539504786
28008690	0.00500727522387092
28010511	0.000670900791633082
28010740	0.00498208943856844
28010870	0.0023633958688109
28011280	0.000993337622488489
28013490	0.000646990570496768
28015580	0.000675124856943673
28016031	0.00325857090905541
28016851	0.000625118350011349
28017261	0.0255577441203717
28021121	0.000703588568512907
28021220	0.0247055992552826
28021360	0.000740126967646112
28021821	0.0006234957220281
28022631	0.000712687581524358
28024400	0.00415551927372477
28024721	0.00462354993403474
28026580	0.00319542615134731
28027550	0.00064043252011791
28027591	0.00145185304893729
28028691	0.00184598797099012
28029790	0.00264508279828722
28030081	0.00127524029293959
28030750	0.0103989190816254
28031051	0.000651715134663397
28031290	0.000732029147896913
28031300	0.000798767482429774
28031311	0.000862402690917406
28032561	0.000690929459770127
28033941	0.000997545673744074
28034030	0.000630388439406488
28034221	0.00168677868843326
28034491	0.00299323929236346
28035201	0.00189680065465017
28036950	0.000611946286448467
28038330	0.00326299107302945
28039201	0.000956072835264352
28040100	0.0010894779052383
28040151	0.00593019882052133
28040161	0.000983773393666507
28040301	0.00157641173333003
28043170	0.00100791091768067
28043540	0.00402826618454945
28044011	0.02385628774735
28044650	0.000682770989073694
28044701	0.000641983396323962
28046231	0.00489482989573395
28046371	0.00205404704396926
28047130	0.0461778753019468
28047260	0.00430101079936177
28047311	0.000649704831570091
28047710	0.00441432180538365
28048100	0.000671612921235749
28049261	0.000821606112126775
28049370	0.000660040014441363
28051300	0.00194562596794219
28052130	0.000958127770885392
28052390	0.000977190035154814
28052431	0.000705083825819294
28054221	0.00115704424605014
28054901	0.0433844741086894
28055891	0.000621605302647266
28056790	0.000851916852403814
28057490	0.000614365064347422
28058361	0.0574129709378154
28058481	0.0020649684967458
28059051	0.00189246378964423
28059140	0.00664253226488187
28059201	0.00260574539008428
28059540	0.0011356416084286
28060090	0.000619534017046881
28060400	0.0327109441092936
28061080	0.000609105333416596
28062710	0.00204936903491842
28062880	0.000613494057856999
28062990	0.00733968160861067
28063010	0.000680826180992498
28063031	0.00063294781643148
28063061	0.00158921144790211
28063160	0.00487036356412849
28064680	0.000621274753440842
28064960	0.00307060728881434
28065330	0.00259961760991987
28065391	0.00441078385752803
28065640	0.00376491762981437
28065900	0.000832071023414688
28068530	0.437558219575449
28069381	0.000786298998632112
28070081	0.0349563939559405
28070501	0.000634936552826976
28071270	0.000618097203446832
28071741	0.000711791846100059
28072360	0.0118977495288178
28072561	0.000974379970416801
28072920	0.000625957128848962
28073330	0.00594720199091398
28073401	0.000704196691943423
28076780	0.00228467683034748
28076950	0.00323970775693522
28077210	0.000637271550350207
28077510	0.000675567294854489
28078590	0.000687475628611045
28079461	0.000661601375531985
28080431	0.00312631964138342
28081490	0.0145595188066364
28081541	0.00149830674787396
28081630	0.00210337317676491
28082310	0.000629510638233292
28083830	0.000683029432073195
28083980	0.00372643083648961
28084260	0.00153002167118475
28086221	0.000845861807583756
28086621	0.00131736016945812
28089941	0.00115858439936415
28090730	0.00772234304124893
28090911	0.00463900475021249
28091280	0.00204612396828813
28091721	0.000810967480199968
28091871	0.000615053201467107
28093080	0.0130123627361894
28093200	0.000835852582199767
28094440	0.00175796027200344
28095331	0.00380998774145925
28095700	0.000628378191394419
28096250	0.00241683518347005
28096650	0.000697751506357182
28096821	0.000642607706313621
28097220	0.00163528507553125
28097241	0.00243816315246317
28097671	0.000669191886040718
28100110	0.000638980019528559
28101791	0.000759913561776801
28102150	0.000778953651426073
28102160	0.00291486741026281
28102850	0.00576875388258985
28103461	0.0006223015443527
28104141	0.000633374606875634
28104711	0.000885988799942716
28106160	0.00835817619854272
28106201	0.000678141917422976
28106751	0.00280285732327338
28107970	0.0135757032697116
28109070	0.00275957630376646
28109121	0.00109344773982031
28111171	0.0272800697264772
28112670	0.000952324442194736
28113941	0.0118235296681255
28114990	0.00282519290932202
28115301	0.00367579587069318
28115390	0.00147561703407407
28116411	0.00101342860029362
28116500	0.00292907707468344
28117620	0.000650349166357675
28118430	0.000648720901751296
28120291	0.0010609418640216
28120421	0.00339283039031259
28120950	0.000905501778413972
28121101	0.094537826634506
28121350	0.0531892472220947
28121401	0.000980411608258914
28121651	0.00369976936249688
28121801	0.000636343518314611
28121931	0.0114895260511315
28123830	0.000738899603767404
28124291	0.000650949139295047
28125080	0.000756335085633633
28125090	0.00350211893904419
28125220	0.00515748049638376
28127270	0.00301629246514027
28127581	0.000719810322107209
28127840	0.000706888686631877
28128780	0.00248662035558511
28128821	0.00241343279067217
28129241	0.00987281079838642
28130580	0.00206896003568081
28131690	0.00181831277964296
28131741	0.00179349097723039
28133780	0.00078492199795162
28133791	0.000924560462480662
28134450	0.000808515753765511
28134491	0.00214520703988755
28134911	0.00436631579413867
28135140	0.000756633232997207
28135601	0.000931635096333322
28135960	0.00218660376270525
28137870	0.0006223015443527
28140291	0.0453831072913801
28140411	0.0006223015443527
28140681	0.000813182111214358
28142330	0.000707161550079249
28142440	0.000850958612080051
28142570	0.00239086604705022
28143410	0.00631151030118398
28146320	0.000648813089999698
28146600	0.00175019818295369
28147041	0.000658590736723777
28147120	0.0011729047625141
28147400	0.000657477488473181
28147871	0.000789028588146891
28148421	0.012940974924472
28148940	0.00068935395817493
28149070	0.00792478570585371
28151120	0.0206470560191509
28151540	0.00466907790990712
28152500	0.00600143749954464
28153931	0.00151469472450812
28154201	0.00134512544908018
28155830	0.00149387770668062
28156390	0.114671185503501
28159041	0.00151209303268817
28159051	0.00105481664874435
28159140	0.00155069549690085
28162020	0.00215733647477248
28162211	0.00179629237693596
28162341	0.000691495492695434
28162911	0.000618672943446736
28163290	0.000627584662905804
28164250	0.00284398055430598
28165241	0.00216602774899919
28166170	0.000615866945730008
28167150	0.000627403370805534
28169070	0.000679769661093827
28171041	0.00262203050047124
28171301	0.00186067095551874
28172401	0.00258985844563345
28172561	0.00150284858137947
28174180	0.000801952609531273
28175591	0.00261606807803537
28177791	0.00453042186864352
28178830	0.00133091497170754
28179150	0.000794819165340957
28180630	0.242567928026785
28181360	0.000892959893579375
28181760	0.000650246071865992
28182450	0.00200586094418908
28183390	0.00598562403893354
28184780	0.00225957960346436
28185040	0.467269958328677
28185910	0.00264358128427311
28186280	0.000762811451522567
28186631	0.000614099039603917
28186980	0.000881459132792594
28187120	0.00238386238574202
28187260	0.000790035814736894
28187670	0.000822388616795136
28187700	0.000687431997441158
28188900	0.000721355830247451
28190710	0.00189564639981958
28190870	0.000658568619695932
28192001	0.000697994686590285
28192080	0.000784153114859695
28192121	0.000736785283963328
28193900	0.00966147823092393
28194020	0.00101404916502777
28194040	0.000647323775745234
28194061	0.000770629165938992
28196070	0.00148698533599673
28197760	0.000662168771592757
28198471	0.0322045803284216
28198850	0.00167651909151674
28199010	0.00318718057318947
28201801	0.000782820779010384
28203321	0.00556270346656761
28203530	0.0761253835739819
28204350	0.0177940716231011
28204630	0.00581367831659046
28205470	0.00214736502415371
28206341	0.00191105479920184
28207851	0.00255458854116092
28208630	0.371510877197001
28209231	0.00267840129271515
28209730	0.00105146582283439
28210051	0.0170701534797474
28210611	0.00945022338583344
28211321	0.0477466556860651
28211420	0.00093827793604847
28211711	0.00125129823030425
28211871	0.000718140354553261
28214191	0.000728932062754624
28216650	0.000909851950453854
28218461	0.0178873036294087
28218611	0.00244109616486733
28218830	0.00182575087162023
28220541	0.0565056193443127
28221330	0.000639621058603407
28222160	0.000766082342738751
28222331	0.000746302310946899
28222901	0.0022995568015062
28223960	0.00278497646168418
28224230	0.000620642173453009
28224660	0.0019156712341605
28224681	0.000691642246174515
28225371	0.000695740563899551
28226590	0.00095313284283133
28228100	0.00126471324777678
28228281	0.000640640725042091
28233310	0.00203073805735731
28233661	0.00151103715883109
28235530	0.000998562132005982
28235810	0.00180522577955551
28236770	0.00179076945895951
28237450	0.000654706310193209
28237460	0.000822388541074227
28239451	0.0010549004896494
28239571	0.000818633043202959
28240240	0.00157855604271154
28241070	0.000706893439222285
28241610	0.0034814093525897
28243431	0.000848101613059276
28243540	0.000990306253155515
28243550	0.000647349957261022
28244131	0.000740428271218961
28245040	0.000771565573385845
28245231	0.000621880799333607
28246020	0.00227305000791673
28246341	0.00140882518360677
28248620	0.0162094077688669
28249091	0.00542155059587524
28250840	0.00173820898608516
28255711	0.00144305516316407
28267820	0.000750469518758793
28270071	0.0015035203497082
28270860	0.00184545653821884
28272951	0.00393402792931413
28273651	0.000724315596760501
28274560	0.00419460607696588
28276141	0.0025930671667252
28276360	0.206491132932976
28279250	0.0968315492171038
28279940	0.00312898327171447
28280661	0.00189727536996861
28281030	0.000776630231897387
28281081	0.00104992254698954
28283380	0.00528901969584258
28286310	0.000771885995022734
28286430	0.0153683278964131
28288821	0.0344527397852113
28289300	0.00361372350817434
28289351	0.00142291934098157
28289460	0.00267141629439752
28291561	0.00341370223009523
28292240	0.0106395776200792
28293440	0.00397325813294842
28294751	0.000637257748945632
28295861	0.00439203590682852
28296531	0.00709231913228114
28296640	0.00239603042764741
28298420	0.0125259707834799
28298580	0.000778182285964035
28299670	0.000999238217187296
28300671	0.00973536639841234
28300780	0.00531820325416715
28302201	0.00748254921388375
28302461	0.00164480682953757
28303690	0.00229780232627951
28304380	0.00427446418720913
28306130	0.000813298704674827
28306170	0.000666709012027686
28307930	0.000723195817695267
28307971	0.00685966427699702
28308060	0.00535298931001538
28308360	0.00131149087470775
28309781	0.0202992325906494
28312271	0.000860224318379633
28315031	0.00239869289528828
28316490	0.0251263795955581
28319800	0.000610452341377089
28320671	0.0225403939400713
28321071	0.00106275531889968
28322461	0.000691962069869871
28322751	0.0915085809286731
28323370	0.0532620339881706
28323530	0.000751771050051067
28324811	0.000888067061968736
28328241	0.00513176940791524
28330140	0.00585078910184315
28331971	0.00928147487403839
28338010	0.00210374852134338
28340681	0.00156372276366809
28340801	0.00659709176505439
28341860	0.00371954634161316
28349320	0.0011667854009996
28356391	0.00105676234925572
28357850	0.00284369759825687
28359411	0.00416027115944894
28360480	0.0333565004472785
28361730	0.000726366581213572
28365921	0.000735172818201094
28367971	0.00120499955387559
28368890	0.000734523348341546
28371110	0.003183758551838
28372510	0.00217983872792021
28376080	0.00252569033062347
28377351	0.00114001093630344
28379291	0.00190407705473269
28380490	0.00316719658924737
28382280	0.0364444532489363
28382581	0.00182534145156468
28383431	0.00112595278720395
28384080	0.000836478238401433
28386741	0.00146066877644006
28389300	0.00110663036090674
28389710	0.00205312851900891
28390820	0.000799764902181499
28393911	0.00376456047849709
28395250	0.000736244683468775
28396340	0.00633658439941092
28396490	0.000669085560713487
28398290	0.00146573717089565
28399711	0.00601103297301632
28401850	0.0037616113881262
28402191	0.000653465912217318
28404200	0.000624388634358023
28405440	0.00216995682051348
28405880	0.000611946286448467
28407421	0.0017519405838598
28408900	0.0090861929057954
28410530	0.00194239069475088
28410731	0.000857613528519043
28413440	0.00220578756292707
28414690	0.00320151638450501
28416111	0.000653016676270931
28418010	0.00320399206269783
28419151	0.00206462115823805
28419421	0.0032099806591649
28419971	0.00153794282672652
28420511	0.00175481132884779
28420880	0.000815037635120379
28423271	0.000669865506814184
28423281	0.0233437662934277
28424610	0.00290514356018742
28426710	0.00139140268647993
28429201	0.00075155163423245
28429730	0.0024457297123812
28432180	0.00101430116019905
28432391	0.00227794339125073
28432600	0.00079469498890447
28433771	0.00106217996887949
28434721	0.000825787686651501
28437040	0.00108008540918704
28438451	0.000630529774066194
28438601	0.00203044879742743
28439541	0.425700267315975
28439660	0.00484598758061542
28439940	0.00573520303140127
28441030	0.00321689748619662
28443821	0.000646048307512996
28444781	0.00164055173827977
28444791	0.00462253928356567
28446451	0.0006223015443527
28446560	0.00101971952012697
28447780	0.00143721499603974
28448600	0.0024200777301525
28449880	0.00236391199301547
28450290	0.0014142774665352
28451640	0.00162814582420628
28456511	0.000821510906222037
28459770	0.00866174327147207
28459940	0.000853685156957079
28460091	0.00255779418304344
28460521	0.000913970663792897
28461201	0.0523693322038442
28462150	0.00436984187638735
28462550	0.00293476036242225
28463500	0.0127143100320259
28466041	0.00110920152274647
28466690	0.00392323536498013
28467080	0.000750449344807509
28468760	0.000952882483298712
28470441	0.00200633492995887
28471681	0.00231801965752637
28475350	0.00178691002078376
28475370	0.0867423370068755
28476080	0.000968441422713261
28477191	0.0201570711725289
28478800	0.0046005753425096
28480661	0.000656205566747026
28481040	0.00343461716540085
28483151	0.000689747041249949
28483240	0.00263823459172052
28485310	0.000964949464218881
28489191	0.00249215022062528
28490560	0.00270674714526834
28492480	0.00150243111349417
28492791	0.116400042224771
28493351	0.0258058704160262
28495001	0.00138279277353247
28495520	0.000857336798950247
28495640	0.00160997208748943
28495701	0.00140196438258225
28497150	0.00247101078621356
28498680	0.000702614652694126
28499210	0.00369941327382589
28500200	0.0122131912145628
28500381	0.000769626863855372
28501590	0.000705174696596382
28502451	0.000657843338054392
28503141	0.000615952871181474
28503510	0.000669128431941867
28504941	0.00203084176502368
28505071	0.000628292348744046
28506520	0.00178525132839054
28508381	0.000866617500047173
28511121	0.4866225215019
28514731	0.0016968787989859
28522530	0.000835335880424813
28523490	0.00192730107991506
28525461	0.000814387768168305
28531411	0.00115139819076499
28532340	0.000747906626276564
28533550	0.00255037101772826
28534701	0.000653016676270931
28534930	0.000731348070557618
28537290	0.00118523278904495
28539070	0.00108092143375727
28541191	0.000609105333416596
28544720	0.000717325643441252
28545481	0.00410991617652526
28545850	0.00138448098782304
28546841	0.000699822921014239
28548231	0.00118560063271887
28549440	0.000667327053832601
28549751	0.000621529239070028
28549980	0.0036667602370955
28551141	0.00102362516300478
28551681	0.000844086176445304
28551900	0.000646464620220796
28552521	0.00080744920770338
28553030	0.0502896447415415
28553321	0.0199906517845505
28553840	0.00932913136592284
28555001	0.00538874486530524
28555801	0.000677060625201973
28557560	0.00062921112165814
28558540	0.00977394938921575
28559080	0.00730238131980983
28559531	0.000687464811276724
28560030	0.208230031764771
28560730	0.000626167339083267
28560911	0.00515548541443293
28561071	0.000725043738757887
28561450	0.000654803435182556
28563760	0.0171466949856741
28571510	0.00164546892435997
28574540	0.00075442423984896
28575681	0.00403737730949986
28577751	0.000628081837830437
28579121	0.00516531402872388
28580470	0.00452458198852597
28580771	0.00372277609359419
28581000	0.000904335721286837
28581191	0.000694441938910959
28581580	0.000924158601848178
28590690	0.00184771937828098
28591930	0.000634082486731966
28592091	0.00135402137221216
28592371	0.000739564530317671
28594861	0.000704339205537013
28596880	0.00128457605181069
28598291	0.00394979376513223
28599790	0.00147433208186988
28600371	0.00656410599912847
28602171	0.005475299494342
28603630	0.000661130561320068
28604440	0.00125487630954442
28604620	0.000825507312471562
28609410	0.0437931621067748
28610250	0.00179399402784309
28610281	0.00194255302615911
28611790	0.000653159274845135
28612040	0.000890877865224965
28612730	0.00176122593030486
28614031	0.00106751138888824
28614851	0.000648328168000724
28614981	0.00137789271817781
28616020	0.000789884733122049
28618151	0.016320629485316
28618370	0.000883644320223909
28619100	0.00282846735298256
28619200	0.00148298204239966
28619210	0.445974167261105
28619630	0.00197494854743616
28619640	0.000626159618596578
28621830	0.0034727384125725
28621891	0.000686740803360709
28622640	0.000833195648213995
28622820	0.000703621508896457
28622920	0.00302349686089668
28624870	0.00227198615264064
28624990	0.00265782048989525
28625690	0.00173117334182116
28626670	0.00292692170646936
28626701	0.000659534455571646
28626800	0.000749242562955752
28626810	0.000744252884244227
28628990	0.000789942001434871
28631500	0.0121775518604692
28632771	0.000639833177779101
28633300	0.0123833176022963
28633970	0.00549931665312935
28634400	0.00276829697233096
28635070	0.00151353650557138
28635880	0.00153469541312174
28636580	0.00080049577469303
28636921	0.000707625487508718
28637871	0.000698379638645383
28638500	0.00118854597732214
28638640	0.00251611657047334
28638950	0.000686762111629689
28644730	0.0317060599637373
28646431	0.00227283214121155
28647801	0.0189736840667083
28649570	0.0153782055596075
28652771	0.228074347705018
28657270	0.00395610791190931
28663050	0.000813182766599763
28664610	0.000958996981202548
28665140	0.00319794165486551
28667220	0.00284962001292352
28668501	0.00194273209660887
28669020	0.00271270138600874
28672761	0.0101887046734004
28675740	0.00845274344027446
28675801	0.0429291879921283
28677680	0.00172276222823761
28679780	0.00195993271942745
28682291	0.000698861010462328
28682380	0.0015620380573793
28682831	0.000627849618056576
28684580	0.00816665237019285
28685000	0.00208414113686458
28685471	0.00340308446332574
28686571	0.0036884816064125
28686920	0.00137062422779952
28689990	0.00227389964424139
28690080	0.00403872492452902
28691760	0.000661256585116358
28692071	0.000656566081572355
28692310	0.0148362559302661
28696430	0.00202756951868501
28696840	0.00345470476052561
28696980	0.000643559474335155
28698431	0.000815307364809988
28698790	0.000652890275860458
28700870	0.0152599633192353
28701171	0.00224475071230807
28703220	0.00184576497704569
28706561	0.00162156335707112
28707340	0.000787955362538469
28707931	0.00180642636013351
28708150	0.000840394989292801
28709881	0.000669114415083387
28710390	0.000690693229196126
28712761	0.000778684567312016
28714421	0.000677271071254595
28714660	0.000689442449094952
28714920	0.00358309119277553
28715101	0.00211453367977452
28716310	0.00674549383408229
28716460	0.000746506329704523
28717420	0.000955794782303445
28717851	0.000722349866130217
28717980	0.00237254042551591
28718520	0.000918121777435989
28718810	0.00602165736608735
28720020	0.00238056126154071
28722250	0.0244804179307314
28722910	0.00176733379363588
28722940	0.0129791823329788
28726500	0.000734917542433669
28727910	0.00104135934116312
28729161	0.000696274098008133
28729591	0.000691820115445695
28733570	0.00235767708311405
28734151	0.00221318649002442
28735640	0.00745855354604593
28736211	0.0016541522507937
28736860	0.000715780867822318
28736901	0.00289048417561594
28741031	0.00101097945871162
28741581	0.00364064695053095
28742090	0.00209330613006544
28744751	0.0180423627677936
28745540	0.00692400986691316
28746001	0.00271384020781322
28748700	0.00570052622628989
28749270	0.00107561608824948
28749851	0.00131455981286902
28750701	0.00104424646904998
28752211	0.129537194692984
28753830	0.284494820786951
28754350	0.00203689433790637
28754821	0.000801802236016567
28755200	0.000675267104121554
28756160	0.000852682841213836
28756170	0.000626745809324016
28757280	0.000638457607513233
28760891	0.188674099448649
28762500	0.00361735489551747
28762951	0.266018286582469
28764280	0.00145447421195196
28765960	0.000675417138156204
28767661	0.00223094434941041
28768211	0.00708604108574041
28768450	0.00440406524487873
28768830	0.00279870881465631
28770271	0.000842793310425232
28770961	0.00117982952134623
28772460	0.000697942602051248
28773321	0.000817742985586426
28773560	0.000690413998785957
28773690	0.00167801572289474
28774141	0.00385248804326975
28774220	0.000682708355901588
28780300	0.00430045801132156
28780341	0.0019717098672343
28782951	0.00239437268647315
28783320	0.00239123359323233
28783340	0.155346973625939
28784040	0.00446771880835312
28785031	0.00112541399397013
28785550	0.0017706387100706
28785950	0.000654664939752099
28786821	0.000837801435985183
28787231	0.000930922748282777
28788460	0.0083936449947938
28789451	0.000934251236873309
28790350	0.000644189663186678
28793311	0.000616161649161358
28793380	0.00104894368253691
28793540	0.00109504808479902
28793830	0.588573564842708
28794520	0.0013104652622427
28796170	0.00255439148918397
28796491	0.0551551719148716
28796631	0.000623647564111482
28797270	0.00299890145062102
28798561	0.000619903879845291
28799890	0.00257526912964026
28801010	0.00435317238250056
28801410	0.000667478502349948
28802940	0.00345734234630538
28804491	0.00062767515530143
28804980	0.0533374372422973
28805571	0.000637318852423323
28806940	0.0564080081920208
28807480	0.000713904682071337
28808010	0.000784855482551379
28808471	0.0146340841128716
28809000	0.000832381415009357
28809581	0.00530411785691626
28813140	0.000803520353294874
28813841	0.00277645902493176
28814110	0.000840343264459845
28816450	0.00150413375044822
28817390	0.000946490477637016
28818240	0.54283458951162
28818370	0.00343950518264756
28818630	0.00230929208246294
28820160	0.000782646947654069
28820410	0.0529692656070431
28821540	0.0035639013864237
28823320	0.00218541101619132
28823501	0.0416892572335946
28824351	0.000660842323657735
28827231	0.00554211892143267
28827880	0.00387206809128217
28828030	0.000724567847389679
28829270	0.000900413891674079
28829981	0.000751735448744903
28831890	0.00184916188893018
28832150	0.000786403271995314
28832590	0.00112141016525891
28832850	0.000688827299374601
28833410	0.00179821205473153
28834961	0.000716526654887338
28835231	0.00156943644813074
28836061	0.000805258938447111
28837650	0.000752866162298885
28837701	0.000628559689369757
28837711	0.00171640148649761
28838510	0.00228222845297473
28838790	0.00791708422271859
28839081	0.0105606500845668
28839740	0.00272940064950067
28840150	0.00249051000118177
28841301	0.00123113411696888
28841550	0.00206247420625124
28842790	0.00303032080771166
28843210	0.000962838448102884
28843740	0.000736079859505008
28844611	0.002305843625206
28845260	0.00269783226409973
28846831	0.00363963387113074
28847340	0.43831228802996
28847900	0.000962910056070581
28848481	0.00115911466242236
28850090	0.000608693505068779
28852211	0.0697546389240081
28852410	0.0149698763576865
28852731	0.00138020648315762
28854490	0.00382880111481651
28856860	0.000662843214952733
28857171	0.00214546974474203
28857970	0.000721804000766273
28858801	0.000888339855489523
28859170	0.00249003700342983
28859600	0.00132600297573298
28860300	0.00866874612636855
28860601	0.0156839910288338
28862920	0.00165999220699489
28866240	0.0627241729401104
28866541	0.00146676281130782
28866770	0.0010605445181551
28867491	0.00204044656659845
28868471	0.000831885664682362
28868690	0.00092470726120739
28868720	0.00158765557125902
28868741	0.000707167130435843
28869281	0.0171097544749291
28869510	0.00211362556819838
28870640	0.0338623218435478
28871480	0.000738407587826384
28872140	0.000931915425888908
28874510	0.00369597838681015
28876680	0.000652078405098078
28876710	0.00673330617719831
28877171	0.00476359684600623
28878401	0.000838392919649315
28878521	0.00150887945389817
28879880	0.500703940323224
28879911	0.00141357668948039
28880030	0.000647730985871614
28881380	0.00108937372753624
28881930	0.00574667134180847
28883850	0.00495467694891391
28887170	0.000714564732897026
28888860	0.00506670075498848
28889711	0.119501449934947
28895091	0.00303209032869215
28902811	0.004038263343416
28905991	0.00275890211225693
28906681	0.00429939777243076
28908321	0.000777964697400269
28913011	0.00335965639280352
28920000	0.00454830305988895
28920461	0.0985956961036755
28922210	0.0006450639715803
28923860	0.00460715760679801
28924331	0.00416495138262261
28925441	0.0175976359880043
28925571	0.101109424524491
28925841	0.000789365066494006
28927361	0.00253027667575157
28929571	0.00135378381184531
28933011	0.00140971570584417
28934261	0.000951732834296756
28934340	0.0169888623858291
28938131	0.00124317065087768
28939351	0.0144675747929463
28940031	0.0013754312823506
28940601	0.00319933873716103
28940690	0.00209172600468432
28941940	0.00374214624007475
28943091	0.0152807855836966
28945360	0.00264413447890799
28946620	0.00369529055604688
28947590	0.0480708579218262
28948680	0.00062121787794907
28949120	0.00552428559194936
28949520	0.000633333892036521
28950490	0.00257979664057959
28952260	0.000642671239728657
28952321	0.0009613385912185
28952601	0.000707988171593059
28953571	0.000664172600878178
28954890	0.000619903879845291
28954920	0.000630471899083623
28954931	0.00160298858816881
28956611	0.00197372942488484
28958661	0.00172409419978057
28959170	0.0029414863856702
28959201	0.00124560630590754
28959980	0.000721096128112979
28960051	0.00329301748014186
28961141	0.00583806981886636
28961820	0.00401434519578708
28963730	0.00580982798108937
28965940	0.00218234654595791
28966811	0.000619903879845291
28967980	0.000611766680193849
28968041	0.00175942877309272
28968990	0.031219631685372
28970230	0.000872913310969063
28970360	0.000727211628631976
28973500	0.00182125498690269
28973540	0.00181018847389915
28973810	0.0010435305078005
28974760	0.00110734801537354
28975850	0.00079409518621207
28976280	0.000713961206407266
28976430	0.0848365472096534
28976970	0.000721554132944669
28977110	0.00140237820549919
28978080	0.000675987642469889
28980530	0.0037495610714701
28981800	0.0424663500909919
28982470	0.00152527040850133
28984041	0.000849833355939038
28984160	0.00216480745083633
28984260	0.00299041816878538
28984390	0.00277386235932563
28985691	0.123655383277573
28985810	0.00811496792002334
28986600	0.000960170763801247
28986791	0.000667595705748724
28987201	0.0026353841708054
28987501	0.00262249568427304
28987840	0.00168025974065576
28987980	0.000654288130815251
28988430	0.000696546997518911
28992700	0.0150590359195676
28993770	0.00143280430007599
28994531	0.00248461659431851
28997770	0.00146066369840737
29000690	0.000602807101325309
29001380	0.000753223490913347
29001650	0.0060082142997009
29001950	0.00137038500224368
29002111	0.0975001615886726
29002261	0.000631965545570386
29003570	0.000613534578008055
29004031	0.000643699718543329
29004940	0.00143725324455159
29005380	0.00168885093665989
29006500	0.00604402059005509
29007150	0.00234492620222349
29007771	0.0651775318881756
29008260	0.00325984105713611
29009810	0.00255916644642339
29010490	0.000665974432080382
29011310	0.000672276340145212
29011560	0.000744535452172761
29013400	0.00135384211415108
29018910	0.000864556517819048
29020741	0.00233619300578302
29020810	0.539009578475904
29021920	0.000647228805118079
29022350	0.000906807479242144
29027160	0.000653515843346033
29027341	0.0212645568827777
29027491	0.0161024790878655
29028451	0.00249750579228881
29030330	0.000669226557071771
29033380	0.000657058819397974
29033390	0.00073587849889766
29034070	0.00775905890345616
29034320	0.00379396712062662
29034490	0.000641776934751913
29034610	0.000663403498621187
29035331	0.000774711211649369
29035771	0.00214821310488501
29037100	0.00067717799780491
29038241	0.00309750521575281
29040110	0.00082860088106722
29040280	0.000669237643973596
29040871	0.521370140191518
29041401	0.0434437882580135
29041411	0.00119321781925
29043320	0.00167766669449819
29043740	0.000689089146625437
29044270	0.00343903310118719
29044311	0.000720120943081883
29045810	0.000658464290201606
29047970	0.0056331420131064
29048441	0.00144301441840946
29049541	0.00310950642107567
29050600	0.00161266270622397
29051040	0.00124395256523979
29051570	0.000700478575903309
29052181	0.00075202769048069
29054070	0.000862482312523503
29054241	0.000897513636445069
29055201	0.000748449883594457
29055481	0.000673252843576439
29055700	0.00272952315290324
29055751	0.000705157406442549
29056150	0.000749108061105954
29056560	0.000631624309924549
29056700	0.000654814469520704
29056970	0.00144877905896221
29057900	0.000628871868000265
29060000	0.000741941990165964
29060970	0.00144209339594621
29061220	0.00613349917749821
29061561	0.000643134478196347
29063580	0.00201409997489818
29064171	0.000840916841903688
29065271	0.0006223015443527
29066781	0.00062367771690481
29068000	0.000783702262891614
29068321	0.000628175635273187
29068451	0.000677585058984698
29068540	0.00556878931978951
29069110	0.000625957128848962
29069630	0.00064860790907953
29071191	0.00165789087604799
29072721	0.00364347673239771
29073380	0.00318366588855358
29074730	0.000797533679505274
29074760	0.0101278709119918
29075860	0.0116801253006652
29077261	0.000756260612871685
29077401	0.00297865074610008
29077900	0.000769371914321509
29077920	0.000658103969513783
29077951	0.000651912819745356
29079420	0.00433450367076076
29079430	0.000705901118248806
29080721	0.00585341473202211
29080830	0.00080924302828578
29081281	0.00310656306946499
29082350	0.000784249684079066
29083631	0.00509612144893396
29084981	0.000972894040289818
29085141	0.0810919655754093
29086111	0.000776208535161505
29086450	0.00111289193718831
29086480	0.00342839147790674
29086620	0.00273886688895737
29086740	0.202505918672848
29086750	0.469224761938062
29087881	0.00211413773538163
29088161	0.0136337252371908
29089121	0.000670573077018272
29089210	0.000705723565163376
29089230	0.00171337259900649
29090320	0.00961520547941097
29091010	0.00440169919536947
29092021	0.000763505396521797
29092031	0.00257129581713876
29093261	0.000835351325917094
29093660	0.000671172769355213
29093930	0.00244205044926667
29094310	0.000948428821696423
29094361	0.00151546746945951
29096130	0.0188200935091478
29096280	0.000666458384144267
29098610	0.0116589445725734
29098750	0.022207635580678
29098870	0.0127205477508515
29100400	0.00177170730478056
29100851	0.000805906321591693
29101281	0.00157891976923346
29101760	0.00562221678657162
29103040	0.00193506533378664
29104520	0.000695277704995619
29105500	0.0912509657982304
29105971	0.000819097889687173
29107140	0.000602807101325309
29107180	0.00170613779939412
29107590	0.00474746416528134
29107611	0.00213347515037592
29107761	0.000636892252133718
29107860	0.000901888048479748
29107980	0.00254094387222277
29108540	0.000764399952995077
29108970	0.00257674372446569
29110310	0.00106416312477077
29110450	0.00083113113822685
29110750	0.0270818020755158
29111420	0.00101557618264894
29112830	0.00117365165567829
29113070	0.00369905324519986
29115201	0.00158471051416806
29116680	0.00425278000059988
29117671	0.00108447162017306
29117760	0.000643595460196366
29118081	0.00078371937521319
29119000	0.000633810566083936
29119481	0.0250268517524378
29119901	0.00062121787794907
29120571	0.00109323735095688
29120830	0.00187195066688165
29122641	0.00103203914469341
29122880	0.000619723971818513
29123010	0.00141508571901347
29125121	0.000775083359051581
29126381	0.0270695983720042
29126580	0.00105699188976611
29127211	0.000695747189565947
29127550	0.00298658441961329
29129251	0.00243851592279464
29129370	0.000769039234964222
29130661	0.00079806735309285
29131030	0.000668168416724312
29132981	0.00610603287674107
29132991	0.00063294749408961
29133401	0.000842853100395713
29133900	0.000651497370497109
29134480	0.000729526885326698
29135440	0.000639031985930426
29135601	0.000609105333416596
29135970	0.00100885590810128
29136451	0.00208958780438472
29136520	0.000646122930904297
29136800	0.000910678374908995
29137780	0.000869348141458863
29139071	0.00066020659206311
29139850	0.00331249256301443
29140810	0.0580091693513163
29141821	0.000753181727237754
29141930	0.432770271427404
29142330	0.000756088180585946
29142791	0.000680102587352425
29143990	0.00168870417049159
29144110	0.00082342214460229
29151731	0.0141392592832572
29154190	0.00611524207010989
29156400	0.000625998471647257
29156431	0.00197123735646815
29157770	0.00531565756854563
29157941	0.0437912623600054
29158190	0.000676847723861431
29159830	0.000907456232427572
29160011	0.000719240049071543
29160660	0.000849440819826231
29160830	0.00099089976892437
29161691	0.00365078462581037
29162310	0.000670882732684809
29163420	0.00164236893576773
29166101	0.00177572212735235
29167881	0.000615053201467107
29168301	0.0010460542865639
29170241	0.00463872161641312
29174361	0.00529710466188138
29175160	0.00263859334806243
29176530	0.000717880824812802
29176650	0.00216663667377511
29176820	0.00419980304935219
29176991	0.000736252113343659
29181090	0.0295377849163592
29181411	0.00198363649972704
29181500	0.000802267744518457
29183061	0.00407040628668067
29183451	0.00110830353808385
29185380	0.00287707289145623
29186211	0.00189130952265059
29187130	0.00266570467221331
29187201	0.000977254112449818
29190511	0.000859297056621426
29191321	0.0041024780518051
29191471	0.00132153238751961
29192790	0.00601444421472332
29193951	0.00166234743075026
29194771	0.00112070420006908
29195160	0.00178910533374846
29196011	0.00100055204329373
29200421	0.00792105150411772
29201770	0.000728007252326422
29201790	0.00114712964765035
29201951	0.000677066266748112
29203420	0.000844083676801474
29203591	0.00413364900739569
29206890	0.003917554830484
29208561	0.0019115232654857
29208790	0.000805697150076876
29209780	0.00145685950496359
29209801	0.00154196557655591
29209811	0.00385873186223523
29210890	0.00980907555870555
29211451	0.000853259467976743
29211741	0.00360551423985419
29212240	0.00342780720444279
29213121	0.000671821332252565
29213821	0.0503068383864951
29215420	0.00643836475427421
29215700	0.00139305432460714
29216370	0.00111718205913941
29220810	0.00506435281052583
29223430	0.00403415763058222
29223580	0.000615439573803878
29223720	0.00139068965487023
29229210	0.0631694116537926
29229900	0.00159036215454441
29232820	0.000980646314352575
29237740	0.00283169039173988
29238300	0.000671441384730784
29243461	0.00454933182746137
29244940	0.0154035500045287
29246720	0.00084828309646061
29249381	0.00067231665804095
29249640	0.0138403664439636
29251410	0.0100454418078177
29254320	0.00185419090698168
29255321	0.00255697158657047
29256161	0.00215903053439402
29259270	0.000705686417077706
29259950	0.00932604233640399
29263150	0.00968878398547762
29264380	0.00184907084668191
29266880	0.00174659907852122
29267120	0.000662481860047322
29267680	0.00116558649172945
29267950	0.0531452518703321
29270310	0.000620195815934217
29271160	0.0114969439271439
29271581	0.00151090591086984
29272411	0.000602807101325309
29275410	0.00298726476620219
29277381	0.000609105333416596
29278150	0.00508689675330313
29278460	0.00300103922043296
29278700	0.490880534502146
29279130	0.000835414100703626
29280640	0.000824416053999473
29283031	0.00382430771245946
29283140	0.000711457240941191
29285671	0.000671975692627301
29285750	0.00170804871510487
29285890	0.000652603409689369
29286320	0.000625866875912596
29286470	0.00068615779850194
29287020	0.00562630738692094
29287031	0.000807679907901048
29287560	0.00184215114274522
29287731	0.00640648786536736
29288250	0.0141895285857229
29290891	0.00122198732537825
29291461	0.527992523303893
29292380	0.00113059597661757
29293760	0.00598719073457595
29301661	0.0187391387905098
29302040	0.001107891211835
29302450	0.00388092651173572
29304561	0.000900959220977084
29304640	0.00124201306980302
29305090	0.00496833277452997
29305791	0.00231235632126813
29306190	0.00390016491399491
29308910	0.00582491371114945
29309640	0.000845550520884491
29310570	0.00144909930149439
29312431	0.0016581285614523
29314560	0.000787697745776975
29316630	0.00358539475375431
29318020	0.00200558748698888
29318980	0.0144275274835402
29321360	0.00316810988109652
29321750	0.00112345235812336
29325801	0.000623138060548201
29326471	0.0115742100376639
29328110	0.00178294657809594
29328281	0.00774616181455535
29329490	0.000996284888460359
29329651	0.00115571615623169
29330290	0.00676543066256049
29331430	0.000713481322371537
29332401	0.000842379916642776
29333661	0.0106834675771659
29335390	0.001452202434424
29335940	0.00537760395839413
29336701	0.00586103072451858
29336910	0.00103362210989678
29338460	0.279452629940374
29339830	0.00150587616531531
29341470	0.00204254829152667
29341921	0.00215940532072337
29342471	0.003875067367164
29343161	0.000609105333416596
29343800	0.0114143592923686
29344261	0.000887878691644296
29344561	0.000733617886147633
29345091	0.00402715402857464
29345470	0.00183554439940892
29346700	0.00187733873756775
29346730	0.000652115307786487
29347161	0.000619080115447067
29347851	0.00531904929468289
29348281	0.00192277210485332
29348681	0.00399416381078102
29349190	0.000714618445824634
29349651	0.00173631888136574
29350600	0.0184225910072861
29350621	0.000823555215677813
29350850	0.00633995922118574
29351591	0.0006897383541548
29351940	0.00191215752963434
29352001	0.00522149464047909
29352131	0.0030571070908535
29354051	0.00600144940560031
29354160	0.00566033308916611
29355041	0.00456695787528867
29356920	0.00313784518686422
29357391	0.00220996651179078
29358420	0.0110713772265546
29358980	0.00182708960900465
29361921	0.000680939379773514
29363810	0.000720346895886552
29363960	0.00250921136361536
29364640	0.00293096078618303
29365490	0.0302150522582757
29366160	0.000710754256693168
29366491	0.000982224608633033
29366631	0.0020827688937079
29367110	0.000651204861184503
29367581	0.0395833053042637
29368100	0.00138553869994931
29368551	0.00145632039746598
29369371	0.000866258667721055
29369931	0.00662107595509276
29370860	0.000673590695090847
29371530	0.00124294559789874
29372510	0.00243584654072273
29372790	0.000655534998574783
29372930	0.00231663719803083
29374761	0.000697555308297117
29375871	0.000694580353624438
29376250	0.00198809416241964
29376551	0.0193941238553765
29376811	0.00183254491301927
29377460	0.000698850195975314
29378180	0.00299045332601288
29379280	0.00278009670913961
29381511	0.000602807101325309
29381941	0.000733443318620934
29384930	0.00108807982711611
29385750	0.00178971914208675
29387981	0.0940632122598661
29388510	0.006397327810396
29388630	0.00161737255358299
29390140	0.000624420011744171
29390690	0.02118430298393
29392121	0.00166601045177507
29392780	0.000999806713076956
29394170	0.000656566081572355
29394331	0.00288789063912044
29394751	0.00169163410410784
29395270	0.0018472574643314
29396681	0.00274362065653316
29398491	0.000856613603243106
29399151	0.000763988582990063
29401630	0.00149578299149957
29402410	0.00196930620254094
29402761	0.00244142166438314
29403701	0.000695734930412017
29404961	0.00298532611685873
29405900	0.00589488836965732
29405911	0.00119732379575002
29406051	0.000756048205469553
29406840	0.00741410827366592
29407031	0.000906614260716063
29407680	0.00161280566943806
29408001	0.00231837443093392
29408531	0.00220739511281426
29408551	0.00091463827144618
29409241	0.000770738145060148
29409880	0.00068738954332518
29410010	0.00270870238201044
29410891	0.00349139058959278
29411130	0.000628378191394419
29412660	0.00288792829252665
29413241	0.0215709732524482
29414170	0.00683491092020597
29414310	0.00100031316324545
29414410	0.00412262441726921
29414550	0.00280448338943686
29415960	0.000716505198124669
29415970	0.00195815092595742
29416121	0.000822634111491456
29416261	0.0778554463409837
29416520	0.0158301365191665
29418010	0.000766983660574429
29418741	0.000644330244589865
29419260	0.00640778492313874
29419530	0.0232400061427393
29421310	0.00291332451803706
29421340	0.00128419900290309
29424951	0.250759354136695
29425190	0.000677724964690193
29425310	0.00360799162276573
29426430	0.000653108677694264
29427940	0.016643620631454
29428340	0.000698281176311159
29428760	0.000774604751367592
29429781	0.00380384730753583
29430020	0.00369597295696691
29430270	0.000679897266752737
29430290	0.00063738644128569
29435721	0.00180280187623249
29436340	0.00167640278355748
29437371	0.00270996059332437
29437521	0.00320310866367371
29437890	0.000811733378158663
29438300	0.000615952871181474
29439270	0.000687717499302062
29440650	0.00323069070989598
29440750	0.00203725991277477
29440951	0.00202231422133534
29442550	0.450046556060176
29442560	0.00205817020488591
29443820	0.000661143717059994
29444380	0.0141279821942096
29445060	0.000747336498527073
29445091	0.000663373531430064
29445480	0.112941298901421
29447540	0.0210439024783587
29448251	0.00523338513204963
29449180	0.153781620821477
29450341	0.000864468616239505
29450430	0.00083068382378732
29450960	0.00482658990336243
29451711	0.0460392944933113
29452220	0.000695499187415634
29452551	0.000644339942777871
29452691	0.000622205535205564
29452760	0.000646980814345175
29453491	0.00104394967050773
29454341	0.0272352275709986
29454560	0.000626835132792554
29454850	0.0234354507504024
29455530	0.00263234541186231
29456131	0.0034384263045797
29456821	0.00313041608556321
29456961	0.000849593629619148
29457241	0.0016199874358941
29457511	0.00202027688968842
29457921	0.00189631550874279
29460920	0.000693244925735538
29461320	0.027233837742315
29461880	0.00143007072814196
29462191	0.000815544326218258
29463650	0.0071451988688782
29463940	0.000613093329040597
29464500	0.000889704819749865
29464620	0.0022432036816999
29464671	0.000677634871912072
29464920	0.0566032333181212
29465030	0.00219028999953576
29465901	0.000766709943067514
29465921	0.000917935488163377
29466030	0.000863189637644828
29466860	0.00109905452807794
29467130	0.00322809440493355
29467561	0.000838927494090173
29469300	0.000659820141202464
29471841	0.0013568569568847
29471940	0.000859833814412386
29473890	0.00214371298691813
29473921	0.000967288144549131
29475301	0.000638411395718776
29476391	0.000635068174856899
29477870	0.0018957152199696
29479810	0.000805157600904712
29480240	0.00221743573580981
29480271	0.00091365892037907
29481771	0.00705155808577808
29481901	0.00176324617284515
29484080	0.000826195394405777
29484370	0.323897175803641
29484541	0.00598516229390055
29485470	0.00315803541663703
29487581	0.000617142402841359
29487691	0.000611946286448467
29487960	0.00161948156928726
29491100	0.0196673046828176
29494150	0.0251356966392672
29494591	0.00153306533005771
29496411	0.00190210012053417
29496890	0.00184301034504338
29497330	0.000954463032238053
29498181	0.000625957128848962
29498400	0.00330436506798445
29502680	0.00231374236721058
29504801	0.000900069651647338
29504941	0.000800793181118437
29505501	0.00597724527576389
29507390	0.00108607630366318
29510020	0.00196329570147167
29510540	0.000903662867230222
29511691	0.0291318902934559
29511820	0.00109342169698212
29511960	0.000664345431018579
29512241	0.00234277062020092
29512671	0.00193436691650788
29513211	0.00300872588910846
29514990	0.00179417980474375
29515001	0.000759302055372177
29516521	0.00170740609815293
29518830	0.00789076312165051
29520500	0.000693956712978075
29520750	0.0137448922874366
29521460	0.000849179679422542
29521570	0.000656609803631785
29522471	0.00348636604115733
29523680	0.000681400720818054
29526850	0.134183130382114
29527260	0.000856974443274653
29528740	0.00124268145467896
29529481	0.00171742986930808
29529710	0.000699769245700214
29530160	0.000703203873627581
29530410	0.049470981813764
29532531	0.000686159424338879
29533850	0.000693154693888098
29534550	0.00139385511730928
29534680	0.0026885292166066
29535540	0.000779343251833037
29535810	0.00300723065861262
29535820	0.00418244369306506
29536251	0.00715337907526655
29538871	0.00352614744682013
29538990	0.000978712177919027
29539920	0.00213122868593249
29540080	0.00736154720044278
29540931	0.0091059200463818
29541081	0.00155734785210997
29541320	0.000785619647401885
29541570	0.000620515178552459
29543800	0.0852547755387215
29545600	0.000826287598353673
29547431	0.00206513088968583
29548661	0.000709657842398328
29551240	0.00334237581947796
29552801	0.000671873847778524
29553740	0.00543394787657204
29554181	0.000659791326629389
29555640	0.000640965524707082
29557221	0.0110945594687961
29557310	0.000965911524245008
29559510	0.00069364765465082
29561781	0.00205790865425233
29561901	0.000869723467531335
29562160	0.0167449493540293
29566570	0.00188019250745738
29568050	0.000631693571777086
29568750	0.000648760525363363
29569091	0.0180961069630937
29569491	0.00397456206711074
29571021	0.000815323780354414
29571131	0.0215355248980124
29571220	0.00269751909199302
29571950	0.00328001882020272
29572330	0.000617142402841359
29575281	0.000850569642176614
29578120	0.00176985103189155
29579141	0.00198492852526985
29579920	0.000615866945730008
29581320	0.000622054558285217
29585430	0.000763799887102983
29585440	0.191500977866458
29586560	0.00170287162736533
29587220	0.00104288974765968
29587380	0.000635892606088783
29588050	0.00389952290040661
29588350	0.000609105333416596
29588740	0.000924322384727446
29589870	0.000756737486759357
29589990	0.000725906676772674
29591821	0.0188506935700636
29591831	0.000949756521486745
29592600	0.0289055571516014
29592890	0.00379240344478488
29593720	0.000679838469474106
29594031	0.00156381887188415
29595701	0.000759659364427719
29597010	0.000676616773382927
29598290	0.0024155098470588
29598461	0.00208030975606122
29599530	0.00213284835957113
29603500	0.0182181426049195
29608890	0.0014054667946352
29609361	0.000646349338885572
29610991	0.00188869174150903
29611500	0.00289143672707606
29617170	0.00171765757208503
29618171	0.00132490562402298
29620040	0.00657865653542123
29620870	0.00231580894958295
29621990	0.00066145049435921
29622110	0.00383834363975111
29623541	0.00122514481634675
29624050	0.00128784441040915
29627100	0.000752966450895128
29627650	0.0119960349770598
29630010	0.000676985798557445
29630161	0.000649985178472342
29632630	0.0029215746347245
29634000	0.00126899089778724
29634871	0.000906004018407093
29636080	0.0913629836373191
29636091	0.00155018501741774
29636770	0.000679809429823498
29638150	0.00524626844126407
29638690	0.0190095103430453
29640470	0.000682873730050124
29640531	0.00135929950703943
29640900	0.000687153043231315
29642970	0.00129622928407736
29644730	0.00378804430200751
29648060	0.00378604745946226
29648750	0.000658658596221913
29649071	0.000753302352744978
29650410	0.00202249233703102
29651541	0.000634570719396317
29653850	0.000642233581820533
29655151	0.00296312053333058
29657710	0.00760614702889143
29661061	0.0127978687386279
29661990	0.00301685074302122
29662321	0.00551077654846128
29665570	0.091585042558006
29666520	0.00134537566093495
29667250	0.000843390013672572
29667350	0.000888206160660004
29667701	0.000660482320586486
29669040	0.000869995407642962
29671681	0.0029285924022017
29674571	0.00349722182643352
29676080	0.00257770206211713
29676210	0.000709717807366482
29676371	0.000868682256105614
29676521	0.00966126061156732
29678851	0.000779728299205766
29679001	0.0170372450551578
29681211	0.0085366443400892
29684070	0.0881448777895244
29686520	0.00105303386578185
29686981	0.000609105333416596
29687250	0.00226365936583815
29688470	0.000656181575096225
29689420	0.00230555870954177
29690021	0.505645451978803
29690560	0.00209487092050759
29691121	0.0006658955648104
29692050	0.00348303169649856
29692460	0.000656120943661038
29693020	0.000709393878167897
29694810	0.000674469718317839
29695490	0.000703555967186495
29696911	0.00423649759266404
29700070	0.000645726539173759
29700771	0.000978271557951432
29702390	0.000610452341377089
29702650	0.000901838529061546
29702861	0.0013054654078631
29703930	0.00066076181017125
29705710	0.00119181215282895
29706380	0.000659481723029825
29706721	0.000613093329040597
29707760	0.00191152813776639
29708361	0.00247662195564282
29709871	0.00438303894026072
29713830	0.000901610682810404
29714250	0.000615053201467107
29714280	0.0017530123159829
29716501	0.000746079225299276
29716791	0.00092352521446459
29718260	0.000627126632508304
29718311	0.000676309836321198
29719281	0.0210909999988602
29721170	0.000695023465470992
29721871	0.000639036631279176
29722820	0.000812099746191336
29725481	0.000640922810933689
29726721	0.00321295058928962
29726930	0.0166208453129628
29729341	0.0128964170251516
29729611	0.000725990202964379
29732931	0.0157911199986254
29733041	0.000678704639925085
29733860	0.00286660892850961
29734380	0.000695228691704892
29736170	0.000704640544810203
29736180	0.000808510942365494
29736330	0.000767738517964398
29739350	0.000817580548534437
29744600	0.00364249417165782
29744641	0.355733646008127
29745410	0.000967837768495927
29745720	0.000706689907956856
29747510	0.00073736246411021
29748101	0.0222513750725384
29748340	0.000908719061550422
29750380	0.000662966207914054
29750660	0.000755309500946891
29751640	0.000899475532991169
29751671	0.011348385461653
29751770	0.000781971106307987
29752931	0.000609105333416596
29754861	0.000687853755518803
29755640	0.000774992876343444
29756600	0.00816371917679328
29756631	0.00304268399067665
29758120	0.00178780076612187
29758571	0.0427272212498211
29760050	0.0315865421698944
29760200	0.00989755333260652
29761041	0.000634811650844481
29762581	0.00150350759512469
29763131	0.000698140507883467
29763411	0.000615053201467107
29763790	0.00104731434514493
29764310	0.00624850718066134
29764480	0.00108393842649824
29764651	0.000683190472972608
29765270	0.000787110134344632
29765310	0.00063079596326432
29766390	0.00079372829604359
29767821	0.000695721265622089
29767951	0.0363990820648631
29769960	0.00244189356091204
29770291	0.000727494113794531
29770950	0.0111497038286462
29771411	0.00143930937756139
29772641	0.158219349725391
29772791	0.00808647334153453
29774130	0.00240257837975498
29774161	0.000754020480094711
29774510	0.00652502311086246
29774520	0.108259534455371
29776170	0.00412182622433002
29776310	0.000653704078739721
29778550	0.00353236521564553
29779100	0.000853490011544766
29779500	0.00433161401596712
29779640	0.000907478461045677
29780221	0.000757840279113273
29782790	0.0221805934777873
29784641	0.000865029891949292
29785030	0.00131353993537515
29785980	0.000953564073736458
29786260	0.0138575147402378
29786691	0.0319888751475226
29787630	0.00067605617017302
29787941	0.000655256500326604
29788440	0.00231385600571064
29788730	0.00197330727857574
29788921	0.00612789160476554
29789960	0.00483063310391086
29792361	0.00136084323294432
29793010	0.00080464549354327
29796600	0.000638496134972773
29798380	0.0020582404030242
29799811	0.00457532812731995
29800631	0.0144316680646862
29801061	0.000877666368518496
29801280	0.000699609670171723
29804081	0.000602807101325309
29804460	0.00184811862759566
29805611	0.00567650495984528
29806981	0.000781339942881417
29807821	0.000667163587321712
29809191	0.00123632360365411
29810790	0.00074758630241481
29810820	0.0218686790235227
29810950	0.00110387996565835
29811470	0.000623949160744863
29812631	0.000645292030589335
29814100	0.00720560250143201
29814660	0.00310287142288268
29815401	0.00114146056178991
29817570	0.00216200607167728
29819910	0.000976719612891628
29820460	0.00177992150399213
29821881	0.000644602301365955
29822780	0.000827091505532406
29825260	0.00223226233391482
29825560	0.0224250541763763
29825871	0.000791604535198704
29827220	0.0197539180430556
29828570	0.000631308978965565
29828750	0.000888946427674666
29829000	0.00901601007812373
29829400	0.00817461997482172
29831330	0.00156286755225852
29832160	0.00547766362318562
29833550	0.000797117701337936
29836091	0.00194437339983589
29836300	0.00459774240144989
29837601	0.000728480400915429
29839941	0.00461673858198154
29841861	0.00060561869631737
29844040	0.000712351175458007
29846090	0.545132712231132
29847381	0.000797731369247732
29850411	0.00188359605138969
29851220	0.000647058376555625
29852330	0.000628378191394419
29853420	0.0718498973511203
29854360	0.0010133390439794
29854910	0.0013832857005447
29855600	0.000625957128848962
29855900	0.000678261598003539
29857041	0.00181686066153268
29857530	0.000693675924048936
29857840	0.00163750899558721
29858260	0.0016113213307073
29860030	0.000713900960768806
29860160	0.000624103205307221
29860720	0.00193539010095557
29860990	0.00374973787775201
29861270	0.00142147063798269
29862530	0.000628378191394419
29862561	0.000619080115447067
29863340	0.00210042702443993
29863600	0.00208938665452271
29864351	0.00300527727080096
29864891	0.0328750924213893
29865150	0.00694890924427232
29865191	0.000824137262485574
29865991	0.00202084163881641
29867791	0.0104783601559637
29868010	0.00103083526750766
29872361	0.000953387215176474
29873181	0.0271114290613737
29873991	0.0135026652131608
29875661	0.000727144862658408
29876361	0.000669080453016371
29879070	0.000827338504853357
29879750	0.00252813831995301
29880860	0.000794680712642901
29883511	0.00271784732237889
29884320	0.00151864448327452
29884850	0.0008022746890704
29884880	0.000677468665448984
29886230	0.000709269237365851
29888850	0.000626785290471914
29889181	0.000644103689726659
29889861	0.000811586335670375
29889970	0.00109196773568818
29890151	0.0153268109816891
29893020	0.522549931499932
29893601	0.000640620982447493
29895651	0.0102723807864686
29897041	0.00302126684370596
29898360	0.00512405357233667
29899760	0.000674265074579088
29900061	0.000643242325090823
29901591	0.000622205535205564
29901861	0.000845455116946829
29902090	0.0034241383315987
29902380	0.00162312109641598
29903910	0.00147208618082986
29904440	0.00075161232352657
29906281	0.000915484810951993
29906691	0.00281714884953444
29910110	0.000703474998817451
29910650	0.000650347823236148
29911070	0.00113028721690827
29911371	0.00271140369466774
29913250	0.000628578407431787
29914141	0.000682845010998006
29915190	0.00275213457709445
29916440	0.0016351107083188
29917051	0.000983351939519759
29917820	0.000780130585418721
29919641	0.00384997877658413
29920730	0.00411942983441861
29921540	0.000790722672342472
29921571	0.00231253743603517
29921861	0.0123747127105467
29921980	0.00107231863218586
29923870	0.000633810566083936
29923910	0.00614572698655392
29927330	0.00148504645044562
29930261	0.00228669465590296
29932491	0.00166150461821535
29933410	0.00193559651381793
29935630	0.00104148604779165
29937290	0.0164513294763341
29937700	0.00110655259824016
29938360	0.000801687690884192
29938411	0.000823446540996758
29941321	0.00234757838205338
29942780	0.000609105333416596
29944850	0.000862391281161585
29945140	0.000664472984636373
29945400	0.000638104582722711
29947511	0.00320656685364959
29948560	0.000706362926644355
29948761	0.0006223015443527
29948830	0.000673394875753723
29948850	0.00444337157113676
29949010	0.000757587695049006
29950790	0.000873176115715751
29951050	0.00067753324274845
29953431	0.00199676172051838
29953530	0.000736924414083311
29953721	0.00113416758564138
29954121	0.00444251476250086
29954530	0.00071674511273378
29954971	0.000667401556873412
29957410	0.00529650252417233
29958640	0.00177767969803649
29958760	0.000753243836999342
29962350	0.000647333993289251
29963801	0.000844000792214729
29966660	0.00170103364547219
29967091	0.00254357906303765
29967231	0.000662721281074331
29967310	0.000688530748521862
29967750	0.00887754636741228
29969540	0.000741512606105825
29969800	0.000831754024579823
29971190	0.00221646427836608
29972150	0.00081319703873684
29974070	0.00343568196729517
29974401	0.000892105925730038
29974681	0.000886438887966653
29974760	0.000609105333416596
29975070	0.000835428069571269
29975661	0.00257684837125595
29977250	0.000664831941596434
29977270	0.00256761056786265
29977441	0.000739794223482947
29977721	0.000609105333416596
29979651	0.001071919036621
29987221	0.0337877775327486
29987350	0.00089627957182413
29987641	0.000609105333416596
29988830	0.000733154100909834
29989721	0.0018537863324581
29991450	0.00236006486623029
29992710	0.000623494111311647
29993530	0.000788259466132066
29994821	0.000628378191394419
29995231	0.00168024319733553
29995361	0.00208509563888696
29996420	0.00343066227363825
29996461	0.00491019858792055
29997441	0.00137522627244843
29998110	0.000857825519592152
29998210	0.00786667531881504
29998500	0.0066546430929773
29998790	0.000631693571777086
30000461	0.00209756736737549
30001540	0.000630642356470835
30001550	0.000908926600360156
30001660	0.0334320028522477
30001800	0.00102071211726741
30002760	0.000675310638318663
30003911	0.000628292348744046
30004611	0.00274428226752743
30004901	0.0019262675284712
30006541	0.000973862761233715
30009390	0.150063640400007
30010780	0.00327430587130135
30010900	0.000878218393528266
30011231	0.00231173602567082
30015310	0.00110593516592036
30015880	0.00744832341738664
30017680	0.00113706945225422
30018760	0.000633421977996346
30018930	0.0034065652175432
30020181	0.0190767626203188
30020990	0.00128121144287128
30021520	0.000914350779432368
30021830	0.00107054619743561
30021841	0.000770559007095519
30023590	0.0133042574103014
30024590	0.000604140189459805
30027600	0.0011462905264266
30029981	0.00626262987464153
30031880	0.00132229734632018
30032690	0.000803755053326142
30032980	0.000619935870482561
30035200	0.00398185101658858
30036150	0.000602807101325309
30036160	0.000838855868717576
30036170	0.0006223015443527
30036820	0.0015652642296975
30037660	0.000656566081572355
30038661	0.0121744446269293
30039210	0.000839032281368623
30040471	0.000723945834433401
30042340	0.000635519189834977
30043091	0.000791263262267299
30043610	0.000722966799251618
30043641	0.00737113192964174
30044601	0.000631957011324294
30044741	0.00078659376022709
30045270	0.00228280834385544
30045431	0.00410278890601228
30046220	0.00426230168237786
30046691	0.0286911885240097
30046780	0.000637982746060706
30047440	0.00443097376767769
30049120	0.00114465468224511
30050210	0.00371765209275116
30050541	0.000883369483622731
30053571	0.000704707296684928
30054630	0.000847980901664113
30055101	0.000684970890117007
30057441	0.00258932853097967
30058240	0.00387984112229043
30059371	0.000683380525974538
30060160	0.00070375139066578
30060850	0.00262134928151957
30064410	0.00148658111603306
30065410	0.000739437099422169
30066770	0.516043458105778
30069670	0.00216419918957148
30070961	0.000894432971446403
30071620	0.00135210158851107
30073141	0.00243515990606186
30074650	0.00951142385531161
30076181	0.00249376588853636
30076321	0.0006640954177675
30077971	0.000981582771840434
30079870	0.000643972725390024
30081161	0.000651876740193838
30081640	0.000615866945730008
30082080	0.0412180537939902
30083480	0.00101871149142602
30083491	0.00526894497878226
30083850	0.0111310560149116
30085441	0.0101144775091264
30087870	0.000721372565734629
30090360	0.000687325396056524
30090470	0.00372520117970164
30091361	0.000872094920437884
30092270	0.00322672185306305
30092280	0.000669734471739507
30092331	0.0375074992851815
30093291	0.00674683826225106
30093390	0.00212736218262554
30094630	0.00198393352703295
30094770	0.00230791915469196
30095020	0.000648866224885122
30095710	0.00074650987618771
30096550	0.00108326770313298
30097500	0.000611532538450617
30097520	0.000771401383854314
30098780	0.0081108550088321
30098931	0.000619899184201502
30099020	0.0033037675957138
30100201	0.000877976992176398
30100471	0.000619172834598804
30100570	0.000625204007866165
30101291	0.0193327303663322
30101431	0.000739606580582303
30101920	0.0131365939552281
30101930	0.00184119839778266
30104030	0.000602807101325309
30104830	0.00445272238229612
30107071	0.000890842261290967
30107710	0.000794624143832377
30108410	0.00657480059394436
30109971	0.00463814729797425
30112601	0.00422488899314075
30113380	0.0206225134963813
30114220	0.00395858230678774
30116550	0.00109268318992387
30119430	0.0114969230930119
30120041	0.0117053727769971
30121691	0.0244872890769851
30123440	0.000806156038262128
30125400	0.000609790498323813
30128591	0.000795865697801104
30129120	0.000904814783188434
30129240	0.00351125337190039
30130101	0.000701139604841885
30133141	0.0023684045724216
30134370	0.000712939130575572
30135901	0.0125563739968721
30136290	0.0067775280311514
30137810	0.000697768396324614
30138780	0.048319403518142
30139720	0.000673585980837255
30140031	0.000928481727617702
30140741	0.00336811225589037
30141281	0.0024288166766652
30142480	0.00346911142638932
30143361	0.000648276224447961
30145930	0.00448571816458276
30146760	0.0014969734540421
30147330	0.000741434401400381
30148420	0.0157370830018058
30150261	0.00136398321034929
30150500	0.00115384597875757
30152850	0.000879877271288626
30154360	0.00149460516594259
30157431	0.00226623199505088
30157500	0.000681994025729108
30157540	0.000709761039678288
30160290	0.00150162182849982
30161411	0.00248269067683602
30161520	0.00435650156081555
30161790	0.000789617098579893
30162811	0.0148695160543948
30164731	0.000670754182094851
30167050	0.00454981190738334
30167460	0.00173907079494668
30169571	0.027731064958546
30169981	0.000792890424162722
30172741	0.000621967563312769
30172940	0.00264705748816427
30173510	0.000755931332629669
30175201	0.00071462553410891
30175290	0.00127369236517253
30176861	0.000626835132792554
30178340	0.000696690892974119
30179290	0.000790421606792964
30180840	0.039138801109629
30182371	0.00155048102859394
30182870	0.00576648487731557
30184120	0.0072332896243338
30184970	0.00412167776150641
30185401	0.000620515178552459
30186231	0.00116234528906933
30187150	0.000681772061648766
30187221	0.000635225204144355
30187590	0.000985296644823855
30187980	0.00251467262791914
30188270	0.00780066658473104
30188670	0.000795925752248177
30188721	0.000760211821539963
30188731	0.0009999515466888
30189281	0.000643970614557967
30189691	0.000671134052217796
30189800	0.000738152376266392
30190210	0.000736351510613003
30190391	0.00221009863052452
30190460	0.000970563545128176
30190490	0.0164025752848543
30191310	0.000663490639799398
30192171	0.00170762302052238
30193151	0.000734786961087183
30195071	0.000615866945730008
30195471	0.000680450158712916
30195580	0.00205103173757674
30196591	0.00132978487407082
30197131	0.00404234324297953
30197260	0.00182560897139945
30197360	0.00111586850464385
30198231	0.0263623219812257
30199891	0.0259518600754791
30200461	0.000833114739529111
30200670	0.0125836792661901
30200830	0.00260943417992879
30201510	0.000806598765133809
30202060	0.000708588429787397
30202080	0.00106032803504599
30202880	0.000814681521293664
30203911	0.000602807101325309
30206101	0.000845258239952096
30206200	0.000707550027328897
30206381	0.00368364105491753
30206610	0.00168208175844783
30208010	0.000728415826571681
30208400	0.00169100463653668
30210060	0.0261615138206891
30212410	0.000730603539604337
30213370	0.00243160881429326
30213841	0.00227623371725978
30214661	0.000928177182313169
30214671	0.000641968083895986
30215040	0.000697433550656712
30215081	0.000621022742752025
30215341	0.000842527710743398
30216280	0.00346893287490046
30216290	0.00475105957532899
30217380	0.00349113825863931
30218060	0.00575209750011279
30219030	0.00712035956386385
30219420	0.00651520678772883
30220181	0.000775906558659384
30222091	0.00132361228510535
30222330	0.00127349569242004
30223970	0.00098215406633752
30224000	0.00927469258141817
30224660	0.0484096559937976
30225131	0.00101089939669636
30227160	0.00120033476498579
30227221	0.00141100272906969
30227440	0.003131815186195
30228540	0.00143096158925569
30231341	0.00286088092979519
30231881	0.00433137147057637
30232161	0.000660173387716765
30232991	0.000719424545089843
30233141	0.00073314235580691
30235580	0.000700509583548006
30236161	0.00164722008482684
30236591	0.00372954900370971
30236700	0.0029602264576248
30236950	0.00151697116888676
30237650	0.000985957027629299
30239710	0.00173522395228456
30240000	0.00152450499347991
30240420	0.00108109426729285
30240550	0.51738820630757
30240731	0.00107530726155359
30243710	0.00229911095445561
30244140	0.00126873635955902
30244861	0.000621880799333607
30246210	0.0453308136372319
30246770	0.00894177517316223
30249650	0.00297488969719493
30250231	0.00236187726163634
30250740	0.000905837413088256
30251300	0.000653036924980822
30252930	0.000837212170161738
30253811	0.00195802509593984
30258320	0.00149339313784657
30259000	0.0182391671542478
30259201	0.00204653940792566
30259590	0.00236285636978883
30262610	0.00201225328474941
30262730	0.00520810927849505
30265121	0.0006223015443527
30265640	0.000763648220918911
30265920	0.00539548487472097
30266310	0.000676163640475947
30266340	0.00064541017497688
30266610	0.0006223015443527
30268820	0.00138295439429525
30269110	0.0269368678169645
30270101	0.0217467584200134
30270791	0.00283786329506095
30271481	0.0258407618176826
30272711	0.000619990099077914
30274111	0.000782601376731792
30274641	0.000609105333416596
30276100	0.00265165531737163
30276250	0.000689897953753763
30278791	0.00173982243884871
30279751	0.000716242300554031
30280031	0.00105503515393639
30280291	0.00340200273517493
30280830	0.000793539035333578
30281391	0.00252374712747585
30283590	0.00672679791296129
30284270	0.0134117083538899
30285811	0.00177385907908865
30286180	0.00417434814133058
30286610	0.000754924398753606
30287020	0.00548991804961085
30287580	0.000729881074158787
30288410	0.00123649321028653
30288431	0.00120177024024708
30288530	0.756677983436485
30288731	0.0184581187866101
30289780	0.00107193964994909
30290641	0.000636741208902666
30290890	0.000705825105222396
30291280	0.000843136860689885
30292041	0.00106795492173686
30297261	0.00119106509520909
30297941	0.000659778384942565
30299290	0.00612786906644641
30299860	0.00071180077515669
30304250	0.000897750730602301
30305001	0.010059188937522
30305230	0.00913688383625465
30306101	0.00347965484281028
30306880	0.00191600204152398
30307040	0.361690565214246
30307481	0.000795564949445639
30307621	0.000892844185653217
30308380	0.00402320310733609
30308930	0.00113516088554471
30308970	0.00164335496566113
30309650	0.0010857458168155
30311570	0.000786201206357576
30312291	0.000659820141202464
30313510	0.00549253154378844
30313520	0.000768567655755095
30314231	0.000679763302105466
30315331	0.000711180113909832
30315580	0.0237210712829249
30315621	0.000681710375526701
30316431	0.00296718481056759
30318440	0.00102221994077053
30319160	0.00429333994860613
30319341	0.00169325779943016
30320421	0.00145638392812184
30320790	0.00784221033237632
30322791	0.00196532904598376
30324971	0.00164730495684989
30326081	0.00271975480601523
30326450	0.00074375518820824
30328011	0.00422263606663545
30328660	0.00148436729729482
30330860	0.00968153192059639
30332011	0.0484818741597287
30332161	0.0013147999063916
30333360	0.000643242325090823
30333691	0.00063020963704414
30333961	0.00074869224703908
30334180	0.00575104667950906
30335051	0.00167584942018768
30336930	0.00155450221213421
30337391	0.0150853197414207
30337630	0.000867307021793924
30338501	0.000609105333416596
30339680	0.00140145250235902
30339741	0.00374583792236674
30342791	0.0006223015443527
30342931	0.00208787117660005
30343300	0.000716925112119917
30344120	0.0108886159909921
30346491	0.00209015910199483
30346921	0.00232988463932275
30347010	0.000708332245007945
30347030	0.000663146126979352
30347560	0.012465456429034
30347891	0.00264201292005808
30349961	0.000609105333416596
30353551	0.000852857928243441
30354071	0.00351912020914392
30354450	0.00373918860233242
30354911	0.00131068128582019
30355280	0.00119671539974489
30357821	0.00105706216458199
30359300	0.000631308978965565
30359560	0.00183706998089733
30359871	0.010298617899482
30360141	0.0367040695129398
30361610	0.00159093995863983
30361770	0.00378258465751338
30362740	0.000708943896210469
30363601	0.0109982114868636
30363830	0.000657076550432188
30364981	0.000713269499987388
30365131	0.0268795104994677
30367290	0.00296464369490474
30367970	0.000713460388932488
30368110	0.00599550080542406
30369920	0.000704041354410389
30370580	0.00554680776602403
30371410	0.000635823984626761
30372851	0.000732844019837085
30374450	0.000634912134690485
30375960	0.0147973840595607
30376120	0.00088942507458464
30376520	0.000834900262521087
30376701	0.00144456081273615
30378450	0.00143217898935961
30379420	0.000617882821643248
30379461	0.000977051518525928
30379990	0.000716514903727077
30380161	0.0030426268467333
30381111	0.00272067929264817
30381261	0.00152682428248606
30382040	0.000763109098861708
30382330	0.00560358078498343
30382570	0.0135245831953165
30383430	0.000798509227127246
30383720	0.000684021068821987
30384260	0.00357559682070971
30385541	0.000682568126895974
30385630	0.00250992529861574
30386911	0.000658803786696501
30387270	0.00551744417283608
30389910	0.000887012915857933
30389931	0.00290745031238838
30390501	0.00133683099039451
30391311	0.0427473395300168
30392410	0.00256799294600033
30392530	0.00378076938973094
30394020	0.0492038945100222
30396100	0.00109444958283132
30396421	0.00135892436662217
30397220	0.004783266297108
30397470	0.000682296763332171
30399290	0.0218736390193923
30400640	0.139580301576526
30402351	0.000755606009456095
30402860	0.0062938811487565
30403311	0.000729727204849547
30404670	0.00106986178885947
30405610	0.00563641404577333
30406740	0.0006223015443527
30408831	0.00725463017651206
30408971	0.00263980581341243
30410371	0.00569079472612895
30410481	0.00389266412124814
30411120	0.000609105333416596
30411950	0.00180704638641322
30412021	0.00121899791867133
30412950	0.00683896821242277
30413750	0.00235686937463183
30414621	0.00575864849541063
30415440	0.00201792870798201
30416260	0.00460795223318336
30417241	0.00441735008675783
30418430	0.0167184210657971
30420011	0.000948473638812603
30420250	0.00214691061421435
30421521	0.00345790259619024
30422440	0.00133022421467943
30423331	0.00161122046146294
30423731	0.0217603812408771
30424971	0.000698256052508884
30427400	0.000891958151265609
30427530	0.000653237868494697
30427810	0.00154608497146717
30428380	0.0164589189243276
30428660	0.00318244433269563
30428810	0.0116412453525176
30430621	0.00302928722537795
30433791	0.00067844883383957
30436090	0.00499363276175197
30436971	0.111389111636094
30437470	0.00073191091025712
30439031	0.000633664134971667
30439331	0.000609105333416596
30439670	0.000787524164654821
30439690	0.000940424710756728
30439820	0.00510386429115718
30441801	0.00160297667068843
30442891	0.00671966477080889
30443031	0.000712736883721229
30443160	0.000730027289128654
30445340	0.000682529300798189
30446621	0.0108538591172807
30447670	0.000644905219388735
30448571	0.0013741413533946
30448961	0.0777401860475949
30449391	0.000812325335818967
30449610	0.147206560025868
30450150	0.000808782722118449
30450710	0.00319842586347239
30450720	0.000602807101325309
30452691	0.000775714630404202
30454980	0.00103881203181611
30457811	0.00636245200099571
30458430	0.0308583146936182
30459390	0.00350582879479638
30459881	0.000749684381269871
30463020	0.0196888315497416
30464500	0.0522410076383004
30466440	0.0043454518771904
30468380	0.0206947785420653
30469460	0.00360172402213562
30469931	0.00271464005704938
30471270	0.000993918019680243
30471881	0.000781490295757782
30476271	0.000691991328621038
30477060	0.000660483454737355
30477101	0.00183054316195491
30477210	0.00214770368482026
30477531	0.00131645982235895
30479260	0.0013990702511294
30480001	0.00285032185065393
30480141	0.00063859834785703
30480981	0.00164155695080076
30481101	0.00260384828152567
30481880	0.00152041681146731
30482740	0.000630822821936356
30483400	0.0119041875924247
30483830	0.00204512272042052
30483991	0.00066624338351706
30486420	0.00157078307747788
30486460	0.000762433924627506
30486771	0.0032346093319803
30487010	0.000706378463599845
30487721	0.00366959551408317
30488080	0.00516914934727556
30488271	0.00311456378653742
30489350	0.00884198391572508
30489630	0.00215522763122854
30492500	0.103698670666044
30493740	0.000629052070954908
30494440	0.000670557499741994
30494751	0.00105754108702056
30495851	0.00680628239029624
30496681	0.000619899184201502
30498980	0.000705997473270592
30499731	0.00124443340844149
30500841	0.000710758092637237
30501070	0.0538227703806925
30501220	0.344012273615599
30502180	0.000626375885382927
30506600	0.337281337533675
30507591	0.000613494057856999
30507690	0.000961199584127071
30510081	0.000737069991983118
30514221	0.000785432018965744
30514901	0.0203574741044823
30515010	0.00168358112105954
30516910	0.00332477517583349
30517050	0.0020598744832145
30518040	0.000602807101325309
30518970	0.000715943297717709
30520411	0.000615952871181474
30526030	0.00247490369105214
30528001	0.00146933131586046
30532281	0.000700003687077054
30532821	0.000835173532211243
30534690	0.000955473580670884
30535270	0.0040807360842097
30538430	0.00259012382376164
30540551	0.00185505637962286
30540790	0.000666713778170014
30546310	0.00380979507030891
30546970	0.00624057966386958
30548510	0.00199067965879965
30552691	0.004662069187183
30556100	0.000750577933377149
30556930	0.00248819641982634
30558351	0.00707812872897336
30558560	0.000768225589737757
30561381	0.000848886287352728
30561661	0.00767273311745441
30562430	0.00365594167510707
30563181	0.00174137894507164
30564920	0.00934837573232742
30566280	0.00630712787451389
30566690	0.00181396234054158
30567171	0.0033667239829456
30572110	0.000743302331563703
30573101	0.00102881602796068
30575830	0.00100409243159628
30577350	0.00715816660009508
30577730	0.00373050266173002
30578061	0.0016130549677166
30578741	0.00089320993177388
30579591	0.00171286316186766
30579701	0.000847369872879183
30582331	0.000771678835402457
30584831	0.0183795497872685
30585030	0.0149674284205274
30585210	0.00656415556427691
30589490	0.000791063977268307
30592900	0.00169674876181094
30594410	0.0134074583576815
30596220	0.00418170751724644
30596961	0.000859549090888153
30598621	0.000833100117708252
30602321	0.0135209598353007
30602881	0.00111787136885431
30606270	0.000628042645568857
30606871	0.00147528817259409
30606980	0.000847655175006658
30607520	0.000861812871224485
30608220	0.000777768810127572
30612121	0.00272654363536732
30613070	0.00088229401609247
30613361	0.00423200065376263
30614840	0.000742069138715733
30615161	0.00763280700997681
30616760	0.00106496106363924
30616920	0.000821398178850402
30617040	0.000647472777546537
30617200	0.000914793355327213
30618051	0.0146974358731607
30618181	0.000841790589236944
30618881	0.00114575857410349
30618960	0.016451061835565
30620261	0.000874080434761579
30620650	0.000627584662905804
30623171	0.000809097189078874
30623410	0.000686893384923782
30623650	0.00063262531496361
30623981	0.00534376336943503
30623991	0.000850772481708047
30624401	0.0304270513832704
30624671	0.000674431569323074
30625170	0.0137997475935433
30626051	0.0006223015443527
30626420	0.01147103543362
30628801	0.000913197839296001
30629211	0.0209481474120444
30629760	0.011301908517745
30633730	0.0012973302418489
30634550	0.00230505092027264
30634860	0.000637839133347839
30634881	0.00303373317719406
30634891	0.00458953804631595
30635240	0.00374174887761029
30636220	0.00331452724762728
30636240	0.00234844154353857
30637190	0.000628292348744046
30638741	0.000721672610743827
30639270	0.000837678356577287
30639441	0.000866290851663415
30639680	0.00208895501144445
30639711	0.000738854106696333
30643171	0.268871686711902
30643550	0.00167718984226347
30644131	0.00144444910315295
30644480	0.000752368233895058
30645720	0.00285151023561818
30649990	0.0395894247587927
30651561	0.0904957432802332
30653160	0.00364293147454854
30654440	0.00069901893628264
30654611	0.000713212662566046
30655090	0.000652705121893134
30655831	0.00308520611918744
30656681	0.00309285220100079
30658400	0.0012730835170461
30658451	0.00600355267523298
30658550	0.000686020091083393
30659151	0.00267125309881308
30660890	0.000653178117333611
30662341	0.00103175415046963
30662540	0.00179136860332203
30664251	0.0015744572487702
30664780	0.0168593808182123
30665091	0.0020730545642677
30665580	0.406828771472874
30666331	0.000925741298940029
30666840	0.0075209948247204
30668391	0.339865365036696
30668480	0.00233602350644812
30670150	0.00587979010918665
30670300	0.00706043225346256
30670331	0.00620135239121311
30670341	0.0179841450634642
30670850	0.000697958592939786
30672100	0.000691191792430824
30672391	0.000693348089361252
30672750	0.0034910342702687
30673340	0.00111163940746365
30673501	0.0006223015443527
30674181	0.0306501420642331
30676811	0.000919125580448572
30677631	0.00075212474482254
30678451	0.0111335106630957
30678820	0.000644625491946766
30679291	0.00196207219062011
30685340	0.508304553973672
30685450	0.00089987692953924
30685720	0.0019435729489109
30686000	0.00171867967133453
30686720	0.0106704264018976
30686840	0.000613188304188393
30687561	0.00184740293220708
30689740	0.000957462912063953
30689890	0.00698747238670446
30690140	0.0221809984125032
30691421	0.000714883856303682
30691981	0.000865094701955698
30694611	0.0254410592969092
30696740	0.00453151763169734
30697730	0.00321304860158956
30701361	0.000702221691260066
30701850	0.00340935469501704
30701911	0.000770141051969827
30703141	0.00100147769739255
30706861	0.00132723069252498
30709460	0.00299354410352469
30710690	0.00071132216753809
30713201	0.0487766309874628
30717211	0.0470064065443804
30718410	0.000685508019906785
30723110	0.00086528541934054
30723260	0.00739966654049984
30724101	0.000632026923243784
30725071	0.00156757291059911
30725580	0.000608423846871201
30726591	0.00402624253584065
30728651	0.0040229054838281
30730570	0.000694761555220337
30734700	0.00162132799454848
30739981	0.0118946868056058
30741341	0.000894721173501456
30748521	0.00854628217735604
30748671	0.0186565015216028
30753180	0.00103548274400633
30754570	0.00647046130135379
30757440	0.00514298785217601
30758570	0.00377107168690908
30761150	0.0983912146487837
30761880	0.000923009995018785
30763001	0.000975878439481747
30766161	0.00068729382755619
30770280	0.00316891330531213
30772241	0.000673961181282063
30776050	0.0019918495807826
30776180	0.000635665940038479
30777190	0.00933316224991302
30777600	0.00818199235015763
30781990	0.00288993202256926
30782250	0.00602630497261828
30782570	0.000944136255174775
30782690	0.00233895793316644
30782731	0.00578037916240429
30788340	0.0012853573047584
30788641	0.000800422188097055
30789631	0.0006223015443527
30790031	0.000659481723029825
30790851	0.010092055717613
30792180	0.000697314799661698
30794700	0.000619729969644134
30796101	0.000791033244151525
30797560	0.000763755745591154
30798871	0.000728407242668669
30801560	0.00118851753127827
30801911	0.00279743264613551
30802161	0.000994179718687819
30804620	0.000667163587321712
30805331	0.0119482635971257
30805351	0.000954467268564974
30806041	0.00183678816057836
30806130	0.00157890821333254
30806800	0.000638186615575397
30806820	0.000697932774558316
30806840	0.00579114933141536
30808050	0.00144722398999922
30808620	0.00320740592314972
30810591	0.000703509183955348
30815370	0.00201747243365191
30818400	0.00271282258355593
30820590	0.00113374946145697
30820620	0.00227916927841968
30821420	0.000983365203352384
30821700	0.000649595526682127
30821990	0.000755904044279848
30822270	0.00481080701372083
30824460	0.0308122445864577
30826840	0.000783898463949925
30826851	0.000659525657908702
30828190	0.0032372394179416
30829570	0.00154960319653977
30829580	0.000818102500283457
30830181	0.00371602049799692
30830250	0.000846182811124032
30831011	0.029169575016453
30834321	0.000666618018324764
30834560	0.00259930240000225
30835350	0.00118258910239354
30835900	0.00228879197843327
30837071	0.00163990999310807
30837300	0.00107475179075191
30841460	0.0102869495303168
30841840	0.000993898383963094
30842120	0.0103757051316152
30842530	0.000771840310903557
30842680	0.00209611156157558
30843261	0.000859828527975024
30843900	0.00229706298448649
30844371	0.0254695416604491
30844911	0.00198792410959609
30845290	0.00308166568743508
30845310	0.00516848947945985
30846530	0.000632302091000757
30847831	0.000709123830760903
30849341	0.000660293985794258
30850240	0.00182579088844613
30850540	0.000874159462755246
30850550	0.00061664573393247
30850940	0.0106526944606168
30853211	0.000646378640805265
30853710	0.00217510178557193
30855541	0.00822413328743705
30855561	0.185008867949266
30857430	0.00185369349261209
30857461	0.000683963182714997
30857611	0.0121423259244934
30857730	0.0122886299565944
30858520	0.00071056540435678
30859110	0.00179431098929223
30859360	0.00311762807474998
30859391	0.00238963239303613
30859411	0.000926444032785602
30861201	0.000671697569413915
30861211	0.00786140382139848
30861850	0.00678324503729182
30862021	0.00122021793571179
30862810	0.00371642823167807
30863281	0.00104473255190774
30864661	0.000760515755986877
30865191	0.000878345863267833
30865280	0.0472657443921987
30866861	0.0193406933603241
30867640	0.0037471790970874
30869590	0.00153081608557853
30871620	0.000670944796344234
30872750	0.000825471294360655
30874240	0.00470230532439004
30877010	0.000621605302647266
30878810	0.00593375787833722
30879240	0.00146454142166944
30880030	0.000750686430850397
30881611	0.000919178538331958
30881990	0.000635066642199909
30886540	0.00278327883605865
30888330	0.000948167135909816
30889960	0.000895774797338026
30892610	0.0112426087887749
30892720	0.00304607293881699
30892931	0.00473710562690826
30893550	0.00106480621037979
30893901	0.000667430026195514
30894380	0.000677499931729986
30894540	0.00158171941139863
30897690	0.00274176167446658
30898530	0.000729979397862215
30898861	0.000674309682703368
30900221	0.00485754615970076
30901751	0.000796230562772167
30903001	0.00143505435784251
30903941	0.00174485350512148
30904030	0.0210044554270741
30905751	0.00148177853231125
30908610	0.0010474942386069
30908791	0.000657766799953272
30909700	0.0025873270388254
30909891	0.00112963199972786
30910550	0.00140964235703255
30912190	0.0776754137899433
30913440	0.0344272057816902
30920750	0.00183214988788605
30923391	0.0275905292530108
30925570	0.00072824532343692
30925720	0.00190499063617261
30929191	0.0209290978910706
30929430	0.000941402535597276
30931681	0.00171951699322927
30934950	0.207912855088015
30935131	0.00103185073910856
30938291	0.00172854716731176
30939521	0.000914589994456363
30940340	0.00117354433276697
30943090	0.00172391184656594
30943360	0.00249384716988532
30945751	0.00936855636861296
30948101	0.0023707037359254
30948651	0.00156701201477901
30949820	0.0008412257753829
30954650	0.00168849834908366
30955090	0.000820089467697783
30955330	0.00461029796990794
30958240	0.000761123268187895
30958711	0.0153269693232899
30959381	0.000640322170538729
30959620	0.000993689500804045
30960180	0.4471191356389
30960300	0.00151383261383387
30960870	0.00423849078922509
30961010	0.000755149631601246
30962240	0.00075155608304407
30962680	0.000707576738414159
30963401	0.0148472432789178
30963811	0.0036599244713776
30964040	0.00147943773310885
30964050	0.0014472719226195
30965020	0.000717268873299101
30966431	0.000820463621163502
30966851	0.0042141529609087
30966930	0.00747984540667605
30967070	0.00355635771006334
30967251	0.00103342159177177
30969130	0.00073724297582104
30969290	0.00472953024045905
30971090	0.00159675792928269
30971210	0.000867523745690584
30972610	0.000852505361324641
30976351	0.000664311600911858
30977400	0.000749601134417476
30977420	0.00117222090296163
30977430	0.000799184588123992
30978130	0.00266370846551097
30978421	0.00062210162209286
30979500	0.0385175952044627
30982230	0.000714344207780158
30983330	0.00533651245281969
30983370	0.00098403881250491
30984040	0.000669419759560903
30984170	0.000732146834626046
30984890	0.00110029099221958
30985820	0.0648954489096119
30986130	0.00402265549285263
30987330	0.0103347847318403
30987770	0.014845922086753
30988781	0.00386539203640051
30990021	0.0168719930753384
30990510	0.0020959860693066
30990540	0.0033309753526803
30991791	0.0155408247329094
30993061	0.00424891103460224
30995780	0.000785176446618846
30995791	0.00209488436482041
30996440	0.000961872204512933
30996590	0.00085474235960304
30997570	0.000669434656185158
30997591	0.000632390977901172
30997950	0.000933806319470941
30997990	0.000705195919552309
30998400	0.000672747880079512
30998500	0.0032426038208973
30999510	0.0163214409691196
31000361	0.0015036483363349
31000580	0.00567417147746046
31000860	0.00241761533739063
31001560	0.00817857289212982
31001850	0.00125447621908487
31001970	0.00302554928207311
31002301	0.000673196374507046
31002400	0.000615374374275671
31002551	0.00343115366508425
31002841	0.00288021079399703
31005400	0.000748260557388004
31007060	0.000851680721050322
31007210	0.000713613304245514
31007480	0.0189712137353984
31008641	0.00404770175764887
31009280	0.0013296830250651
31010011	0.000910037334851007
31010120	0.00572398756714386
31011391	0.000692917939238219
31011511	0.0720169349418596
31014161	0.00175850282735051
31014520	0.000625204007866165
31015381	0.00233910112805155
31015801	0.000896717021084325
31016860	0.0204390335363682
31017181	0.00605742738753579
31017191	0.000714195006948419
31018431	0.00149949360696029
31018940	0.000669920254161757
31019050	0.00071935694715452
31020610	0.0098410212638793
31020781	0.000851211786270743
31021461	0.00064383868437978
31022701	0.000737331067318532
31024071	0.00764289528901137
31024201	0.000651630804576224
31024221	0.000802291921235985
31024720	0.00236186199720417
31025120	0.000632406729354691
31026291	0.000666047519566978
31027080	0.00155392001815217
31027251	0.000739080953484338
31028160	0.000749976111334976
31028880	0.00119946825600191
31030421	0.00156783199294752
31032170	0.000682157263143248
31032720	0.000711779723820146
31032781	0.000627697765479045
31033010	0.00177953724317929
31033150	0.0323499405360987
31033840	0.00108826263574055
31035671	0.00113227053931977
31035801	0.000823090938400964
31036740	0.0335927061901759
31036911	0.00162527058285555
31037191	0.000995600746514697
31038520	0.0227983598851111
31038950	0.000684098806263611
31042540	0.00711599030864617
31042971	0.0361652573416047
31044840	0.000825039608334814
31046151	0.0317010965448184
31046630	0.00121038155400956
31048010	0.000761867914809358
31048160	0.000746710403984469
31048481	0.0010705026436616
31048600	0.00151299039330927
31049530	0.00207122184584139
31051090	0.00126792606081114
31051801	0.000626826687933767
31052330	0.00241027624711474
31054950	0.000709381845361026
31055910	0.00197234296401017
31059261	0.00235108363504843
31063060	0.00346969216466692
31063340	0.000896740248470626
31064351	0.00742140231643657
31065140	0.00328186331195891
31066670	0.000608331090165534
31067190	0.000659481723029825
31070230	0.0017700659608316
31070380	0.0006223015443527
31072290	0.00133111627626817
31072341	0.0132774800475534
31072440	0.00166670742635342
31072631	0.000686723121381572
31073530	0.000695890115620063
31074971	0.00461050043584495
31075521	0.0023746474586192
31075651	0.000941768302164746
31076491	0.012731698508861
31077161	0.0103227843488894
31079330	0.00358106135072183
31079760	0.00242906475447728
31084361	0.000641176983469002
31084450	0.000701179159306533
31084990	0.000803449494136164
31088570	0.0193865086947933
31088710	0.000732801115580038
31088870	0.00198306212219521
31090971	0.0313126587701489
31091921	0.000663488417126176
31092700	0.00170458345808986
31092751	0.00202782672760516
31094001	0.00267897004601476
31094250	0.000626375885382927
31094500	0.000640288463662075
31094831	0.000635355449037356
31094961	0.000707843864189922
31095651	0.000680054673275479
31096351	0.00391877547426329
31096901	0.000672244543788237
31100850	0.000665782738293335
31106790	0.00317694428161037
31107040	0.000729693740718929
31113851	0.00191123204105593
31120280	0.0193084100384862
31120580	0.00433114030580637
31123641	0.00252202695949994
31123781	0.0116189756540682
31124000	0.000883657337014476
31127791	0.00186714138752979
31128840	0.00075057335414282
31129280	0.00172342043139495
31132290	0.00740823705443606
31134541	0.0027941064976838
31144590	0.0792758610558296
31144901	0.00155879133981609
31146220	0.0310143252550053
31147781	0.00091764392190519
31147931	0.00141706029049979
31148730	0.102433759888902
31149451	0.00248141473786676
31150541	0.00108801943291333
31151610	0.698232264135129
31151860	0.00117651392166816
31154531	0.00161859713337764
31157670	0.00972192432329662
31159101	0.000698026666193717
31163771	0.000839794448898355
31164901	0.00579021589631415
31164980	0.0240871102688111
31166281	0.0132588268676663
31167180	0.000827884417522285
31168020	0.00190802011051381
31170391	0.00439288104092876
31170510	0.00999524570895083
31170541	0.000876138658758874
31170760	0.0162805013497328
31171450	0.000631269075935693
31172030	0.0006223015443527
31172871	0.000645674638234918
31173151	0.00233774049656415
31173240	0.041821759337899
31173270	0.000677704602734638
31173380	0.000602807101325309
31173690	0.0187424280036123
31175381	0.254106909514805
31176140	0.00325227511326687
31176280	0.000679385455169568
31178090	0.00563029684924999
31178551	0.000631130587548059
31180720	0.000663097017093954
31182200	0.000864742522397057
31182350	0.00215641068192058
31182790	0.00997863411071741
31183200	0.004027228827182
31184030	0.00215120964217647
31185021	0.00254882401699458
31185161	0.00393166611883225
31185851	0.00062767515530143
31186510	0.00227834163828316
31186660	0.00114256807126314
31189581	0.000743522848965884
31191180	0.00111829849140447
31194750	0.00351687986033441
31195241	0.00436958005825555
31196020	0.00115094154466641
31197400	0.000698779829424427
31197441	0.000687224080373829
31197540	0.000696552107706492
31198391	0.000635667891309498
31198630	0.00281553758423787
31199060	0.00186772955136573
31200830	0.0153700757729068
31202060	0.00342396316094654
31202090	0.0022881475558328
31203060	0.00221141510382859
31203371	0.000762405721553049
31207651	0.00695829084462636
31208871	0.00145784553568349
31209281	0.000802190850715005
31209690	0.00373523965498324
31210360	0.00251350987746989
31211600	0.000649251183123527
31211651	0.000845758781461962
31211901	0.0691957945783948
31212420	0.000818753744251992
31212871	0.00248487696552224
31214200	0.00240939854499309
31214910	0.00411443460667232
31215200	0.00823761532048991
31217861	0.00105329877381093
31218401	0.000962228792000325
31218770	0.000726353641522117
31219200	0.000984714812228363
31220191	0.000728963554210919
31221660	0.00138522489087793
31221991	0.000811377837457452
31224570	0.00548978828555217
31225031	0.00070368479932114
31225151	0.000916335520278817
31225161	0.00116074255148644
31227070	0.00114890803642856
31229021	0.000615866945730008
31229660	0.000726979218657372
31232990	0.000699739166206193
31233520	0.000667658831634892
31237780	0.000657215872937837
31238200	0.00065333783081903
31238210	0.000798492064520501
31238961	0.0860819466312509
31239170	0.0015342951740917
31239761	0.000664953238383285
31239870	0.00557669065782084
31240400	0.0150234319190525
31244020	0.00148883848231605
31244311	0.00528725682834788
31247231	0.000702526315208483
31251580	0.000650421348128342
31254111	0.00328855048003404
31255850	0.00244980652399895
31256970	0.0512442130194609
31260540	0.000676304989777121
31260710	0.000634946460586985
31262330	0.00168638699118196
31263440	0.000684530382449538
31265230	0.00062749373189297
31266770	0.000727040250320347
31266791	0.00175746664593626
31267720	0.00274107064264622
31268400	0.00201236835842481
31268591	0.000767982694093099
31268980	0.00829010992625296
31269370	0.000930762249245838
31269800	0.000798502841549119
31270360	0.001826966899101
31270391	0.0168749277242091
31270401	0.00257364275483121
31270931	0.00346836529125926
31271600	0.000649985178472342
31271641	0.0213055739241803
31272051	0.000627584662905804
31274521	0.000643242325090823
31275351	0.000880709002369138
31277021	0.000815140120985331
31277260	0.0006223015443527
31277660	0.000712788526405158
31277790	0.00247104273124385
31278541	0.000663950895660034
31278661	0.000988795721997067
31278760	0.00143434686357683
31279870	0.00290352950100195
31280580	0.0011119731276256
31283600	0.0143023428843698
31286251	0.00168916107068512
31286951	0.00068689937249399
31287081	0.00523846574173916
31287901	0.00373547365400298
31291290	0.0007462559774592
31293400	0.000674084904270373
31295610	0.00184991860380835
31301821	0.0117778856996898
31302610	0.000663705507765358
31302760	0.006255272656355
31303310	0.000647297896051328
31306931	0.00294389894392299
31307020	0.00133191500549247
31307341	0.0320705003466287
31307921	0.00264063740310237
31308850	0.0068947842296133
31309380	0.00926856930454696
31309670	0.00105568266826444
31310801	0.00112379569519616
31310880	0.000667253302193984
31311631	0.0100079672702049
31315050	0.00095538327608929
31315600	0.00678637478036093
31317971	0.00346758553832808
31319470	0.0112772554875377
31319631	0.00286113329378107
31321380	0.00164937747845587
31321800	0.00117593366546701
31322801	0.0017780326673897
31328810	0.00365680343755392
31329981	0.000900010952196815
31330490	0.0722262018293854
31331631	0.000993122091595226
31332270	0.000969105619797069
31335710	0.00495438854724596
31337001	0.00548319405084045
31340861	0.0716083826313756
31341380	0.00830502719185563
31342231	0.000841498913404977
31342801	0.0015972264745717
31343040	0.00467929971880838
31343160	0.0019988233910323
31343430	0.00507172597605331
31345151	0.00161364692885001
31346470	0.000981109088411696
31346780	0.0221746333247278
31349360	0.00818038540908494
31350661	0.000708486667259552
31352570	0.00475497032411842
31352741	0.00251627166141002
31352820	0.00287001614182163
31353390	0.00955781261457023
31354330	0.00787121395464456
31356820	0.000645395511647169
31358220	0.00323306192735719
31358791	0.000837519640771838
31360161	0.00829049304223983
31360270	0.00462373749406272
31361510	0.000830735514331501
31365551	0.000757602526483937
31366091	0.00166215112385758
31366791	0.00109414122808133
31368980	0.00180930185408852
31369001	0.0478874033785924
31369910	0.000725420788625171
31369961	0.00348723808448025
31370050	0.00847222764615343
31371621	0.000625957128848962
31371860	0.00316362915586236
31372530	0.000784713345723369
31372980	0.0152207232718585
31374231	0.00192458887334425
31374921	0.000842036505715508
31375621	0.000628378191394419
31376820	0.000625957128848962
31377981	0.00941720755141438
31378080	0.00183893390871879
31378870	0.00165152340686733
31379751	0.000639999767922918
31383460	0.0153883013309061
31384301	0.000864183938655677
31385541	0.315843006050616
31386490	0.00239024346641992
31387040	0.00760102407620148
31388571	0.0219612440646113
31390781	0.00068982761528858
31391970	0.00376162366331229
31392010	0.0545485146809062
31392731	0.0025387711663452
31394630	0.00173044411237135
31397971	0.000665254968539593
31400451	0.000602807101325309
31400830	0.00574467338127291
31401121	0.000777232845841963
31403081	0.000734271076037935
31403331	0.000623581963798771
31404940	0.0023535798811919
31405141	0.00398091180062216
31405800	0.00172507289068306
31407481	0.00216428074746323
31411870	0.000774752943713573
31412031	0.00798786291610447
31412441	0.000873044633519058
31412690	0.00344421118695658
31413281	0.0098598589536235
31413401	0.00436179485800165
31413811	0.00996739068537041
31414220	0.000628053042658427
31417561	0.0012973714828204
31417671	0.0310321394715127
31419061	0.00665692914875814
31419180	0.246296302639521
31420120	0.00955284204825429
31420130	0.00193016837529925
31420260	0.00230392938593663
31421691	0.000615952871181474
31426941	0.00139024556777025
31428680	0.000641446540343694
31428930	0.0205079051548874
31428991	0.0444817285421875
31430590	0.000622044642862753
31430870	0.00158649448814956
31432291	0.00211216022258783
31432841	0.000693985748364999
31433971	0.000773031373447668
31436041	0.00778105546905248
31437100	0.00476866565937686
31439040	0.00307727345015734
31440530	0.0025953348813821
31440711	0.000709602197864943
31441640	0.00305658236797793
31444041	0.000748574488071436
31444711	0.0013739468785701
31445380	0.000755656422288341
31446350	0.0006223015443527
31447201	0.000602807101325309
31447850	0.00216238244577173
31449940	0.00440981160580261
31450170	0.00243702978818719
31450200	0.00585144247507207
31450720	0.00564040247983888
31460311	0.00159377107612603
31460660	0.000809727627143741
31461831	0.00133791062359837
31469941	0.000958302682406092
31470170	0.00230941132456057
31471420	0.000732826714422454
31472410	0.000715320507574573
31473001	0.00156436018616212
31473780	0.0157924018266485
31475300	0.00212690420864995
31475461	0.00880136954465695
31477500	0.000667611116479255
31483820	0.000686270762360442
31485240	0.00515787137333184
31485360	0.00188142482685171
31487270	0.0135735340627828
31488161	0.00689400293241433
31488400	0.000928206408631395
31490460	0.0279964956285346
31491440	0.01450240517081
31492151	0.00447129781486307
31493500	0.00295444267658546
31493790	0.000726786606532406
31496000	0.00123151345898816
31496930	0.00131304897344945
31498091	0.0010892149243725
31498241	0.000920842649354033
31502740	0.00254962052810495
31502901	0.00256696482662942
31503170	0.000815374710451041
31505380	0.0146419509551223
31508390	0.0120837043613224
31508581	0.0033604680117282
31512721	0.002109422979731
31512790	0.000642897178424558
31513240	0.00320644002745961
31513500	0.0309912338522408
31513760	0.000666542744109986
31514580	0.157764582921587
31515041	0.0107952830418218
31515680	0.000689588706783983
31516011	0.00371995107029226
31517401	0.000652276668275424
31517480	0.000633112496782055
31517821	0.00388732555483015
31518101	0.00352981455556898
31520711	0.000660875461576613
31521470	0.00484321302182851
31521780	0.00476604870911208
31524581	0.048900189233452
31524940	0.00205839557230303
31525070	0.000673768017661712
31525230	0.00214954544720685
31528520	0.00164116292029777
31530101	0.0012629808834014
31530231	0.000769582782388787
31532701	0.0653258631648197
31532991	0.00280256455665201
31533210	0.000648925038651286
31534791	0.000818891492274597
31536110	0.0317842549870781
31538480	0.000630326699972544
31540301	0.17939171192563
31540721	0.00150848522547987
31541350	0.00156003496632557
31541780	0.00174014064672525
31545510	0.0711900304453694
31545931	0.00457677513935675
31546060	0.00314604881615137
31546081	0.00373105193594741
31549350	0.000691155298451941
31549750	0.000609105333416596
31550160	0.000635780913712695
31553661	0.00150805233346459
31555570	0.000691713693856907
31556281	0.183136609040626
31557780	0.00206475996333381
31559311	0.00189109883364047
31559331	0.000613542843900183
31560670	0.00486009683981394
31561890	0.00204635599615097
31562030	0.00103954117799054
31563191	0.00107780103746162
31565251	0.00194185757084625
31568161	0.000983386328080643
31568411	0.000797152865445393
31570200	0.221408560654319
31570491	0.00410375704104277
31570600	0.00192255525862026
31570890	0.00076815782598947
31571731	0.101648376606977
31573050	0.000628378191394419
31573210	0.00102730810553182
31575120	0.00137579807119454
31575130	0.000602807101325309
31576090	0.000627344073687759
31576230	0.00385029965234668
31577900	0.00179736089504682
31579540	0.00173378016813069
31581630	0.005463299083922
31582030	0.00115943919524803
31583061	0.000820348014294032
31583820	0.000829513520516585
31584680	0.00127700236896213
31586310	0.00163024586953736
31594300	0.0187558309887815
31594501	0.00112357569830767
31594781	0.000608693505068779
31594860	0.00201933774347742
31594891	0.00304643622614548
31595331	0.000669128516466156
31595430	0.00400275779092817
31595741	0.002119113599938
31596500	0.000701325330178607
31597080	0.00100782082642325
31598570	0.000812102398418537
31600961	0.00199295394056913
31601480	0.000789310473968264
31603140	0.00365614601950722
31604841	0.000779855299932629
31607290	0.0549270383669667
31607690	0.00360273594037478
31607850	0.000705402063648687
31608271	0.00359953592717378
31608821	0.00199317312251332
31608940	0.000620797865153798
31608961	0.00261473681992861
31609531	0.00226055600018705
31610081	0.0284120355839653
31611591	0.000685552889207648
31612571	0.00796341779553718
31613060	0.00267759473105159
31613521	0.000952737214567674
31614300	0.00294379900625285
31614850	0.00344151067463743
31616650	0.00323151077579509
31619861	0.00130536355131693
31620551	0.00680202343470146
31625770	0.000602807101325309
31625780	0.000635123268672814
31627420	0.000794906801007781
31628021	0.000790712532019262
31628100	0.0126878151807463
31628360	0.00379894347243995
31629340	0.00502083609918447
31630010	0.130428778455409
31631160	0.000947905323846238
31631560	0.0273705521944556
31632421	0.000758531668042575
31632561	0.00242528779264063
31634211	0.000627584662905804
31636110	0.000657913363416081
31636500	0.000969217848523377
31636640	0.00233659116974993
31637231	0.0233527104947722
31637910	0.000975275405592078
31638061	0.000850623009450309
31639400	0.00953311707470376
31639581	0.000690547184356637
31639700	0.00117404466160739
31642020	0.000610761117145654
31642501	0.000922994362576847
31642771	0.000705106273957342
31642901	0.000644436578823214
31643591	0.00871356884399826
31644421	0.000785213342314268
31645101	0.000721073512272816
31646771	0.000617034001841337
31648260	0.000680549936818719
31649640	0.00152995862197033
31654590	0.00982609785725668
31658430	0.000642372535328379
31659570	0.00335008714083706
31659700	0.00692344481749914
31659721	0.00460660317262385
31661630	0.00082198928611128
31661760	0.0332575396879354
31662300	0.00276760843603264
31662310	0.0166582809154163
31662600	0.000890880167585942
31664961	0.0213300374244479
31666560	0.00139550765911287
31667051	0.0969676531005543
31667540	0.0103562829944356
31668131	0.00154493102081169
31669330	0.000647133931943974
31670081	0.000707673213039232
31670430	0.00193958734232226
31672250	0.000761128942472994
31672770	0.0428229647795109
31672790	0.00598352975857933
31674710	0.000718840499957282
31674740	0.000973669724705293
31677480	0.0194418043776809
31681320	0.000642984724239007
31682570	0.000723884174184305
31683461	0.000636583119111662
31684411	0.000837289903690507
31684811	0.000703548516981911
31686180	0.00230146232827265
31686201	0.00069588297793623
31686600	0.00242104223829889
31689350	0.000834368142087755
31689750	0.00068936635865742
31692701	0.00157862305745586
31692831	0.00452707557467024
31693391	0.00173789417639867
31694191	0.00072974148149949
31694730	0.172072709074616
31694771	0.000655505659063167
31695820	0.168089530975799
31695830	0.00335014305152387
31695960	0.00114067926121258
31696920	0.0220859523535107
31698191	0.00116512733596929
31699711	0.000698355556692748
31700411	0.225728212742713
31706300	0.0501033951070029
31706761	0.000644855564425378
31707181	0.00149205183607316
31707451	0.00065747700241925
31708360	0.000628264171291907
31708421	0.00611284198536224
31708660	0.000719840307996636
31711171	0.000703220165104922
31712240	0.000630529774066194
31712500	0.00283827097772684
31713340	0.0494520080535864
31715981	0.000689019003107182
31717590	0.00064876870694902
31718280	0.00358987552622998
31720281	0.00262398916907416
31720640	0.000954242688031926
31721111	0.000672707287402737
31722040	0.00737114066157154
31722881	0.00323869255589945
31724520	0.00158092138381942
31725050	0.0103120144016005
31726860	0.000719721248996829
31728141	0.0155007961623458
31729200	0.0012006208269933
31730440	0.00101747149035949
31730611	0.00140667176448415
31732070	0.00543943515741214
31732220	0.000621510537624444
31732370	0.00173157891186529
31733310	0.000616800580995439
31733490	0.00154984046308354
31734000	0.000644840578552505
31734420	0.000690780567891831
31735670	0.00877137851225425
31736230	0.00137277579845093
31737320	0.00196434414866763
31737600	0.00329394281015843
31738000	0.000629496772898631
31738980	0.000626576472772001
31739451	0.00211866207848887
31739690	0.00075309150550835
31740940	0.0033398524801312
31741381	0.00733703756103454
31742840	0.000717414049572794
31743011	0.000640810409900678
31744480	0.000602807101325309
31744520	0.000677078289614164
31745180	0.00538855693372363
31745661	0.000646861801164238
31746000	0.000670773811882431
31746341	0.00348969819442011
31749241	0.00309186811408151
31750550	0.00256513784954114
31752080	0.0017553027835088
31752090	0.000990848113631124
31753911	0.000798836225250194
31754901	0.000864609056023939
31755581	0.00111128362221458
31756800	0.000671652467024999
31756821	0.00187849932427541
31756831	0.000727603387533992
31758720	0.0118194406263624
31759960	0.00107858008936195
31760760	0.000670513517072651
31760770	0.00124427310055506
31762010	0.00126842248668879
31764380	0.00143490830184005
31764500	0.0232449061006913
31764691	0.00236996818425574
31766020	0.00211003433820727
31766051	0.000749560161832423
31767390	0.0179864552814582
31768941	0.00118648598611393
31768951	0.000928872142974204
31769241	0.00516938489311241
31771421	0.00561408305612575
31780121	0.000609105333416596
31781091	0.00171297104545955
31781921	0.72293128152102
31782041	0.000632405888028905
31783260	0.00232522250972221
31783441	0.00206083179417337
31785361	0.000900695979776058
31785610	0.00485301077726862
31787110	0.00211391707482373
31787240	0.00253634809879346
31789170	0.000809979496564959
31790440	0.00620263506557875
31791130	0.000634308406415604
31791721	0.000994352449667226
31792750	0.0183220894923088
31795530	0.0511237080319327
31796370	0.00225005991901592
31797361	0.0259656319719711
31799690	0.00755750183569066
31803151	0.000763190988803058
31803380	0.00148506215527589
31804370	0.000801730144239932
31806420	0.0138099287424365
31807790	0.00118184710412639
31808910	0.000678748993267234
31809190	0.000644484948833083
31811230	0.00111563403378809
31811650	0.000679769661093827
31812821	0.00071086750228801
31812910	0.0186140243632995
31813310	0.00219287970173141
31813590	0.000780861780978028
31813641	0.00602838626650819
31815110	0.000652418156263273
31816340	0.285645897896172
31816661	0.00169233000523145
31816681	0.00075515674092578
31817791	0.00272276303093376
31819650	0.000710340151264695
31820770	0.000643832303723307
31822020	0.000881635475298524
31822440	0.00500135966172518
31822680	0.00224108441316138
31822881	0.305891016462098
31823510	0.000682496040985452
31824640	0.00212998956922163
31825071	0.00629703039300889
31825600	0.00659320233266771
31827031	0.000648476052632256
31827691	0.041477091902028
31828941	0.00142323339711186
31829501	0.000686539258175904
31830550	0.00949761911164143
31831810	0.00623628865578725
31832650	0.000766476632583474
31833211	0.0047182816469398
31833440	0.00361749511390096
31835031	0.000633159050216547
31836900	0.000780591878302925
31837631	0.0010003512374174
31839110	0.00633185823532406
31839151	0.0017856888944513
31841221	0.000680631112267584
31842751	0.000680421655450559
31845570	0.000721461872482209
31845860	0.00827134906349291
31846051	0.0018299879327274
31846840	0.00201434454471771
31847021	0.0172774577710822
31848490	0.00234659010784232
31849440	0.0300990420990665
31850030	0.00448069019908889
31851230	0.00572118121135234
31853880	0.000659481723029825
31855100	0.0064942270092216
31855981	0.000609905921363823
31857720	0.000694036546734531
31858990	0.0114608578110375
31859161	0.00181765923313105
31859380	0.000703149764808231
31859991	0.00188776891964052
31863281	0.000722477613910839
31865460	0.0467700012347426
31866181	0.00102502124116276
31866570	0.000786893323639455
31866960	0.00305204699363111
31867421	0.00352363649724152
31868111	0.00067375710412744
31870420	0.00151394624961689
31870471	0.000713064102951863
31870871	0.0015641376394979
31873911	0.000640039874722682
31874311	0.00608659134902436
31874710	0.00427942828153341
31878591	0.000668064793322331
31879011	0.00102775617950539
31879971	0.00156953176346687
31882051	0.0141926860939019
31882591	0.0156038805087395
31882861	0.00219340963922331
31882881	0.00149095063408237
31883800	0.000609223462686748
31883841	0.00197754675249836
31884060	0.00502026721650019
31884080	0.000927038320211513
31887670	0.000629602334333986
31888330	0.00273483760499026
31888600	0.000770797289389288
31888671	0.000651573521217025
31888780	0.00105632893749674
31889221	0.00220973468991881
31891650	0.000602807101325309
31895930	0.00066878630240909
31896521	0.00294841960442239
31896531	0.00105236776118147
31899930	0.00520666929275191
31900521	0.0041706845507492
31903100	0.0365313035209837
31906400	0.00153976437841535
31910741	0.00408267947791394
31910850	0.00308856516862348
31911370	0.00108341481726736
31914670	0.00188674770501575
31914810	0.00172232016385251
31917870	0.00207287339202628
31919120	0.0316931377113512
31919540	0.0007074541880102
31922280	0.000609105333416596
31922670	0.0370629293262362
31923551	0.00372923198695162
31927271	0.00134523203965756
31934410	0.000845788615692043
31934530	0.000632106450356846
31936121	0.00229524772512048
31936610	0.0501460937911047
31936661	0.000742705860854647
31936760	0.00146549186915543
31945420	0.00495292474625175
31946290	0.00256220192541203
31947841	0.00844569732033129
31948791	0.00126305115013808
31952330	0.00203714403282689
31954041	0.00328510818639388
31954840	0.00108879120732391
31957631	0.000808516912666755
31957980	0.0663477635046457
31958171	0.0200901236066262
31960760	0.0276706342484442
31961611	0.000794706479050547
31961740	0.0037538653826179
31961870	0.00852482831628075
31963380	0.000865479975939357
31965580	0.00469475360751319
31967390	0.00452611976492928
31968200	0.000642050088776112
31970110	0.000805793346817392
31970270	0.00682513473591909
31972941	0.000680612633821602
31973730	0.00065003066844727
31975421	0.00251864670065859
31977071	0.000991099792734047
31977201	0.0111288310644936
31978690	0.000633552583087696
31982520	0.00286248212604558
31983910	0.000737338241065831
31985331	0.0166161514167828
31985700	0.00385471234724824
31985741	0.00585868212202447
31986810	0.00088942489045439
31989980	0.000953660785026704
31990441	0.00100627774167455
31992231	0.0014875088902611
31994171	0.00067411434265509
31995520	0.000679754039181766
31997730	0.0341313486046857
31999490	0.00242036500132368
31999541	0.0102222752184729
32001341	0.00139012127261146
32005590	0.000902725323891886
32010940	0.000629651318270746
32011401	0.00113376389875293
32015141	0.00111417512124154
32015541	0.000722857531157425
32016111	0.0217220305423841
32028730	0.116118819440059
32033191	0.00201643667088324
32033840	0.0135129811588543
32039790	0.0025691817876992
32040070	0.00481861095269799
32045020	0.00248775404178487
32047380	0.00209047057288352
32049150	0.000676329458754783
32049351	0.0341263408887106
32049901	0.00167726626903362
32050000	0.0672261632060986
32053881	0.0006842847311209
32055920	0.00217355317555352
32056750	0.020249105615814
32058400	0.000765645722399059
32060340	0.000678226175395514
32061891	0.000654152148339782
32062540	0.00199439049073714
32064170	0.00175385537698006
32065461	0.000753992469623543
32070011	0.000667362650734467
32070800	0.00066440738304348
32071370	0.000771699550987084
32072580	0.00141671125706425
32072720	0.0393534732828955
32073061	0.000632585052972324
32073751	0.00189929323931831
32074660	0.000976547962637365
32075941	0.000646867427720474
32078530	0.00254262944176715
32078851	0.22599313115133
32080340	0.000628753322529915
32082270	0.000696889393054778
32083060	0.00429072626626441
32084081	0.000639340443943731
32085331	0.00129756331150104
32086940	0.00278695747714023
32087890	0.0032074922564108
32088060	0.000640236336461278
32088491	0.00932117737227631
32088791	0.000720106245617819
32091510	0.000712068503392105
32091821	0.00152096638373553
32092070	0.000668324337925325
32093461	0.00105553663378426
32094151	0.00185983963561622
32094161	0.000690994669843214
32095340	0.000619990099077914
32095391	0.000679964037167869
32095801	0.0114029088704792
32096101	0.000814105755837774
32096340	0.00247320064155728
32096501	0.0443781913120326
32096870	0.000819078903929888
32097680	0.000609105333416596
32097891	0.000822324795746177
32101410	0.0802353667023164
32102861	0.000724666182849103
32103411	0.000713444652425913
32105341	0.0166652489551665
32107080	0.00227283137962462
32109051	0.000707909232070658
32109970	0.00062121787794907
32112460	0.00360137047044411
32112590	0.00653379622390665
32112720	0.00306342284693112
32113280	0.000660875461576613
32115770	0.00530752346152689
32115951	0.000701287167117329
32116330	0.000616161649161358
32116870	0.00150398108406764
32117041	0.00331746235199781
32118110	0.000880591700244734
32118141	0.00149045765561655
32119090	0.00143388311657595
32122120	0.00380696369832056
32122520	0.000929080736343598
32127080	0.00736943373880171
32127220	0.00231653348784492
32128610	0.000622188626179835
32130431	0.0006223015443527
32130820	0.000687892852375235
32131480	0.000615745052836222
32132610	0.0136276743701424
32136450	0.000636356654911222
32136600	0.00352990256332999
32136880	0.000691423222551227
32137871	0.00105656681433751
32137960	0.0070992501533938
32139340	0.00175721171627364
32139391	0.000883802970277436
32140921	0.005152080705266
32141471	0.0031058592286752
32141980	0.000699265648761724
32142400	0.00260838218804802
32142930	0.000750718432931936
32143791	0.000812365886749698
32145990	0.00226460279533101
32146831	0.00447761894323868
32149030	0.00323790635330785
32150510	0.00219582464070302
32152730	0.0028393479341222
32153321	0.0838697765031743
32153741	0.0006223015443527
32157130	0.00391353668003306
32157140	0.000633333892036521
32157171	0.000642484391531168
32157840	0.000730036770021271
32157850	0.000662378551230094
32158800	0.00112815218730804
32159131	0.000615866945730008
32159210	0.000883356421578441
32159661	0.000830161603307505
32160231	0.000739515942693211
32161150	0.000631222485210108
32161160	0.000777444453689934
32161840	0.00174898473818944
32162090	0.000703357878820857
32162930	0.00155838831249931
32163101	0.00386944205027744
32164071	0.421812743605574
32164631	0.00110025115581091
32164870	0.000857238291138385
32165700	0.0041918984656168
32165741	0.00306100576886802
32165990	0.00104753220428779
32168631	0.000673782209860974
32169410	0.00401575303890551
32170650	0.00124100002758152
32170930	0.0206186680264754
32174680	0.00227530734312894
32175050	0.0272505287365021
32176040	0.000638225361718004
32177160	0.00181307621368628
32177731	0.00436802788771549
32180310	0.00161258761540671
32180901	0.00339379654595984
32181010	0.00275757895213023
32181570	0.00126732684170442
32181881	0.000767241010212088
32182940	0.000781183045126388
32183500	0.442343562478299
32183910	0.000681424885659391
32184330	0.000802887347051287
32184850	0.396430309180538
32187220	0.00294690679853844
32189861	0.000669460282256993
32190220	0.000742387332116727
32190281	0.00659746336255455
32190400	0.000983246934046522
32192460	0.0082591787263866
32193321	0.00301930369539665
32198011	0.00079370815284417
32201861	0.00159762741635111
32202100	0.00333188585252941
32205820	0.0019457074426499
32207921	0.0399638896177576
32208460	0.00195810029165976
32208481	0.00064022192845881
32208771	0.000874777961127396
32210790	0.00198543723837254
32211661	0.00584889825445652
32213031	0.00127254181036585
32217390	0.00376028172628255
32219320	0.00973965964862143
32220010	0.000707159814270151
32220020	0.0018442677357791
32220611	0.00410929015013659
32224491	0.00312342828523485
32225301	0.000621529239070028
32229280	0.00553557759467168
32230630	0.00256703101362445
32234520	0.01799898708329
32236891	0.000972419207700199
32237250	0.000669460282256993
32238390	0.000777838498666901
32238650	0.000712091640399935
32240221	0.00143264324434815
32241311	0.00361972884002491
32242810	0.000970282667465458
32244361	0.00817286749045761
32244631	0.00120681601692435
32245560	0.00064648651811809
32246291	0.00214113307852226
32248071	0.00167129105901876
32248290	0.000820309805165578
32249741	0.012177499531972
32253581	0.00466875397669432
32253810	0.0328132224596468
32254110	0.000706460323129409
32254240	0.0014106864784837
32255490	0.0013106589311297
32256590	0.000629582396189146
32256751	0.00110203505322791
32256761	0.00100513956889672
32257130	0.000913516448652422
32260450	0.000628292348744046
32261390	0.00090251975358303
32261721	0.00140658157225466
32261830	0.000890041024764939
32262350	0.00456000988351453
32262910	0.0278800513735032
32263381	0.000744770805043093
32263651	0.000952401310598007
32263661	0.0421796614778451
32265991	0.00337886742985705
32268351	0.00565797715484233
32270490	0.00381705538977436
32270520	0.000630797133955804
32271610	0.00154900602025862
32274011	0.0131209609330251
32276440	0.00154486038914975
32279470	0.000665846476411443
32280300	0.000740008067782824
32280850	0.00155408315451201
32281000	0.000905998513227822
32282961	0.000609105333416596
32283890	0.00128173919065837
32284211	0.00110509924076019
32285721	0.00179359061748608
32287050	0.000700133496516281
32288560	0.00144299966616137
32289400	0.000692593492967434
32290541	0.0146604978296623
32291361	0.00169314796215473
32291590	0.000806267571770779
32292030	0.00392198448931041
32292310	0.0007392460123233
32292590	0.000824121968727974
32293721	0.00535431477470658
32296341	0.000671712211595961
32297991	0.000688362859817182
32298691	0.000865022726744271
32298910	0.000688518612576249
32299620	0.000619903879845291
32303091	0.00206679896382854
32303210	0.00114580843682988
32305110	0.00346746866043771
32307931	0.00067367219493574
32308191	0.00160988749043155
32309981	0.00069032983443987
32310541	0.08449853724193
32310780	0.000821334699840952
32312211	0.00139298462860847
32312420	0.00289093026845778
32312840	0.00615218308824025
32315361	0.019154412788868
32318380	0.000653080183980816
32319630	0.00081831321379482
32320331	0.00456143645759618
32322940	0.0174209405174737
32323740	0.0847853981672183
32323921	0.00191712941917594
32324040	0.000732403335871584
32324160	0.000670680158053324
32327111	0.00505221374012915
32327170	0.00226988951295355
32329451	0.000653439637807743
32329581	0.000663751658834858
32329591	0.0112390530027364
32329721	0.013187651958828
32329861	0.0047434416944441
32330760	0.000734692356219781
32331791	0.00129734160601024
32332010	0.0367045545067328
32333790	0.00695222850668529
32335040	0.000781559787139268
32335371	0.000624148336424222
32336300	0.00102613861648964
32336590	0.000699634916177438
32337830	0.000632362456516222
32340560	0.00713007596896051
32340590	0.00256686882925086
32340960	0.0169054621613318
32342821	0.0147179581849865
32345830	0.00159524793469362
32347091	0.000885516918857865
32348191	0.000943274910665843
32350121	0.000969224272398767
32351231	0.000714500950722167
32352170	0.000759150133571588
32353410	0.000664734232043946
32353650	0.00642742995749319
32356450	0.00102521511729587
32356871	0.000967432129712009
32359921	0.000652849641852457
32360690	0.0106942390777667
32360751	0.382833245487764
32362790	0.000843338046974854
32365311	0.0016449612311196
32365660	0.00446594681033669
32365830	0.00200525186784958
32366531	0.00064730740435263
32368550	0.000736502259902003
32368690	0.00759045515414769
32374220	0.00115336852992971
32375860	0.0125072677377452
32377971	0.000632093575835391
32378500	0.00283769218281287
32379101	0.000683559881237088
32379600	0.0009232289093458
32385991	0.00225152765916937
32387231	0.0226619699503346
32387501	0.000785924425597781
32389301	0.00730634129709893
32391890	0.000753330632484594
32392690	0.000804472084452054
32393650	0.0138198147261264
32393660	0.000790261537366993
32394620	0.00799574017102398
32396150	0.000609105333416596
32397390	0.0106499193192066
32398470	0.000664066458991343
32412591	0.103940692890593
32419231	0.000757893604570702
32429820	0.00280819514049241
32434340	0.0122881708240244
32436720	0.0040634590104513
32438190	0.00342457799925805
32448570	0.00703318657790063
32463870	0.000853416786440046
32467570	0.00211229179577022
32469821	0.000660428236370774
32473291	0.000734592181575002
32473691	0.000684054319193557
32479870	0.000773081852968189
32480000	0.00890597872216499
32483030	0.000623092292601849
32485291	0.0216032440206161
32485360	0.0006223015443527
32485520	0.000805053030996791
32485790	0.000655952764405659
32487190	0.000826885939315644
32487621	0.00229669262495373
32487880	0.00626399266413062
32488540	0.00555225390272314
32491990	0.000705575693454925
32494740	0.000883588846684054
32495160	0.00179748206023606
32495641	0.000899282610081207
32498090	0.00076991189066344
32498330	0.000865320653339535
32498480	0.00163810756858512
32499450	0.0007541201467951
32502360	0.00243296023527355
32507700	0.00191583919185899
32509500	0.000688198787035119
32511330	0.000673768598006976
32512010	0.000726476839761337
32512570	0.000627584662905804
32512991	0.0125243797999319
32514060	0.00235881642712464
32515471	0.00827958285136421
32515481	0.000760708132784671
32517011	0.0762327389414948
32518090	0.00503782872397806
32520000	0.00101835213281585
32521110	0.000790808589254161
32522490	0.0203766760036823
32524250	0.00082467755186238
32524991	0.04645945669203
32530111	0.00579906162372287
32531310	0.011041408474473
32533831	0.00234206992114705
32534330	0.00978022685510467
32535180	0.0961786898638344
32537291	0.00231402794052006
32538620	0.000663552473606457
32540390	0.00163560353447435
32541131	0.00370437285884412
32541910	0.00134828279744248
32543621	0.00886690450439224
32544031	0.00145665412878539
32544110	0.00239279167936066
32544660	0.00191531260362971
32547010	0.000746334807985064
32547160	0.00310305758337347
32547840	0.0188983530024642
32548451	0.00152300905063494
32549510	0.00132739256386792
32549681	0.00147698693080043
32552441	0.102339244755906
32552601	0.00195966993707082
32554501	0.00322789760056607
32556010	0.00851570474924603
32557800	0.00207078390355593
32566641	0.00492746602962254
32567341	0.00711861871757822
32569770	0.000618781486064982
32569790	0.000977429794079383
32570350	0.000649782733347253
32570661	0.0028249087982048
32571351	0.00308236443043284
32572321	0.00640143126202382
32577090	0.00184325881392242
32579051	0.00279854333634047
32580260	0.00224305111285715
32580840	0.000780006933671939
32581001	0.19927988663462
32582330	0.000860509307790368
32582450	0.00191582560553469
32583040	0.00107785233744267
32584530	0.00489043527771412
32586801	0.000760145599944418
32588181	0.0029752950649749
32588800	0.000857063006893961
32590480	0.00112151381300242
32590651	0.00070279881851356
32592700	0.000656475707759054
32593210	0.00379432540187223
32594501	0.000798859532468116
32597630	0.000854065741899978
32598480	0.000739332861979731
32599071	0.000814359084372035
32603481	0.00310475139107868
32603580	0.000853788354413968
32608171	0.000808976744071466
32608291	0.000957010836046528
32608550	0.000759042327117458
32608560	0.0020880199814832
32609240	0.000705004829666751
32610740	0.00388062141772108
32610801	0.000884271482257632
32611000	0.00431181786025993
32613121	0.000954605414385125
32614111	0.00115118279820361
32614180	0.000975435773140923
32616540	0.000676436658655437
32617421	0.00719499626565555
32618760	0.00161839192191994
32619000	0.00145356578007204
32619901	0.000739152227980248
32619970	0.00490366365715875
32620441	0.00200768074625771
32620520	0.000830443410462364
32621070	0.000636911802442921
32624530	0.00067806806243891
32624841	0.0207158458169935
32625391	0.096657554997734
32625930	0.000777668336480933
32627751	0.0022975456689804
32631550	0.00307247244247317
32634880	0.00202589000018066
32634890	0.0255859041955521
32635310	0.0213451325632211
32635601	0.00546250390917975
32636441	0.00277438363149249
32636820	0.00293916898914708
32636851	0.00332228916910017
32638460	0.000929789110101684
32639040	0.0076034715069267
32639211	0.0100108044442753
32639570	0.000704239406493582
32640650	0.000631166718143126
32640680	0.00151152997850642
32641110	0.000602807101325309
32641141	0.00121311769505961
32641490	0.00794285613085473
32642610	0.000633348211707149
32644431	0.00335944847467482
32644981	0.000953470502950617
32645411	0.00311410055731749
32645951	0.00287881127868032
32646911	0.00152927120997298
32649070	0.00259007331914092
32649080	0.0312393581067237
32649121	0.00298991066178238
32649790	0.00179694876549213
32649900	0.000613534578008055
32650070	0.000696889393054778
32653360	0.189334482700936
32654170	0.00405170127391364
32654200	0.000726364085738489
32657760	0.000752579205080109
32658620	0.000672917788205186
32660021	0.000657644920451415
32663751	0.0681136088614372
32664151	0.146153576140236
32666030	0.00822422373824832
32666340	0.000736067429302193
32669001	0.00351748964337777
32669770	0.0007368880626232
32669801	0.000633208544260714
32671881	0.0124741369678563
32672701	0.00194762629027019
32673770	0.00532880938463587
32673780	0.000635194035458411
32673920	0.00256831133515464
32675051	0.00153080445351499
32675420	0.00070286114227651
32680660	0.00203149089700712
32680721	0.0011017773887672
32680790	0.00184836033981494
32683611	0.000885951825476033
32684510	0.0648879824599739
32684861	0.0065576975877795
32685350	0.000723581741902415
32685900	0.0167422883875248
32686221	0.000789095305123434
32686361	0.00133706812951338
32686631	0.0024195038011104
32687030	0.00279031820907006
32687710	0.00100712948714242
32689770	0.0121566556019009
32690781	0.00153888801295614
32691270	0.0011697580206392
32692281	0.0036756994483657
32692441	0.00715790581635753
32693080	0.00110137850133813
32693391	0.00102456485353932
32697661	0.000955581646087904
32698440	0.000646843140767103
32699020	0.000749431982936038
32699580	0.000769705557198658
32699601	0.000673113091366743
32700571	0.020904831882357
32701261	0.00119085197961191
32702610	0.0102210344474828
32702750	0.00758850052918817
32703321	0.000857325074065182
32703990	0.000905789487560795
32704031	0.00614180246279067
32706330	0.000838460353760116
32707471	0.00603628404732485
32711400	0.00449133470981414
32712940	0.0035062354475454
32713681	0.00080587848863412
32714160	0.02202935420174
32718320	0.00193322796880971
32718330	0.00126603489115674
32719140	0.00675694384510185
32723270	0.00160913696777624
32723591	0.00324702517245405
32724230	0.000760967625488826
32725370	0.00481610422598842
32728790	0.00258466422497775
32728820	0.0106818239435646
32730081	0.000629510638233292
32730901	0.00101772447398058
32731611	0.00219312075978927
32731720	0.0143051519571069
32735280	0.00135339049232935
32736281	0.00113931154273899
32738860	0.00446080086635742
32739031	0.00063249229235034
32739300	0.002332797486929
32739970	0.00166490972127499
32740130	0.0081589828403436
32741350	0.000621880799333607
32742491	0.000718191385204744
32744270	0.000775580527638762
32744431	0.0165896808759815
32744660	0.00208089593896991
32744820	0.000738259686067291
32745920	0.00237885219049765
32747140	0.0020420693082793
32748281	0.00504106022190348
32749220	0.00142609433926125
32749251	0.00260378244537666
32749330	0.00589342770237679
32750040	0.00195083453961077
32750231	0.00652738052384398
32753890	0.0046671952469816
32754610	0.000756053895810451
32755031	0.00342855416865104
32755471	0.000769058852332754
32755550	0.00374586436986098
32755611	0.00150151608386395
32757340	0.0373413708180023
32759700	0.00213606311160507
32760800	0.000639433217278316
32760831	0.00283369222700905
32761651	0.0031997071789953
32762201	0.000644338957937464
32768230	0.0257404231174333
32771270	0.00309783979347069
32773470	0.000936141856625169
32776431	0.072389147654185
32776701	0.000844579277228972
32779331	0.00812516152845526
32780411	0.00149992203802109
32780681	0.00278823255774917
32781220	0.000831127497019715
32782481	0.00113659262940691
32786190	0.00074345011218696
32786430	0.117402765456552
32786460	0.000674469718317839
32789941	0.000663777373469954
32791540	0.00101266086866339
32792800	0.000650796450075407
32793251	0.000643699718543329
32794320	0.000808885407828655
32795991	0.00090415240494533
32796520	0.000670614438067949
32797360	0.00166789812519788
32799260	0.00734815063046586
32799881	0.00240933252921861
32802201	0.000841750326031966
32806751	0.00224410248111453
32807390	0.000711376879761435
32809241	0.00226417850488353
32809811	0.0508567909632329
32810020	0.00259346329779271
32812240	0.00105071411309923
32812271	0.000716905538949292
32812981	0.000611907606523361
32815420	0.00199135118108259
32818170	0.00105279318323284
32820230	0.000779202211326255
32821180	0.00063622517100719
32821531	0.0636799488577859
32821671	0.0010441423314226
32821801	0.000839620421228937
32821880	0.00582182065403323
32822751	0.00618958294266659
32823540	0.000765093629095076
32823721	0.0406694192207405
32824910	0.00145583652863454
32825511	0.134449871934135
32826061	0.000745245531988239
32826870	0.00157450626541597
32827441	0.00886815325708888
32827721	0.00290624026463933
32830071	0.00147018906611743
32831991	0.0017326895331015
32839571	0.000710704724132434
32840630	0.00210084630602828
32844230	0.000643875921797193
32845050	0.00223335460350492
32845641	0.00756782391172098
32845791	0.00415263379351457
32848350	0.000743270830115389
32848561	0.000622422231288696
32849501	0.00944917839944891
32850071	0.00184141656610413
32852920	0.00295358589539706
32855550	0.00695803223483932
32855871	0.0022705109267898
32856701	0.00106885920435547
32858460	0.000939984561790609
32859021	0.000857477076736567
32860360	0.00699685844178053
32862071	0.0344745260745367
32863540	0.001791503613179
32865231	0.00111784272194714
32865630	0.00142319877875725
32865770	0.00914888014366281
32867810	0.000693898609504016
32867861	0.00548589909265413
32868411	0.0015795798761061
32870081	0.00223916109741317
32870450	0.00872319519417398
32871410	0.00409902484901769
32871731	0.00398364200890179
32873770	0.00586330556510877
32875291	0.000787205722154501
32875981	0.00298900517843793
32876080	0.00540644587479515
32876350	0.00067629742453541
32881070	0.00319042651967217
32883560	0.0027807751845238
32884001	0.0022093075727714
32884350	0.00325365035961883
32884800	0.00110605556151801
32885801	0.000659555265542701
32887970	0.00514353226577668
32889870	0.00888846056232941
32894901	0.00469872734107752
32896070	0.000857425191178107
32896380	0.0013022024131631
32898290	0.0033499857233177
32898621	0.00063249229235034
32899000	0.00339532004692025
32899400	0.000713648704798626
32899800	0.00452588509325105
32900900	0.000675478062358343
32904121	0.00505146551413679
32905381	0.00403168015099013
32906450	0.00922879268775943
32906491	0.00259107625395723
32908240	0.008909136661419
32908480	0.000629299345870618
32911260	0.00269323298209906
32917050	0.000847996731138457
32923100	0.0011890753165942
32924900	0.00175795152812181
32925641	0.000692843027069383
32925791	0.00336656379119122
32926601	0.308164644977201
32929310	0.0262596288211885
32931670	0.000624741810991816
32932681	0.00358581481916954
32932910	0.000736318222677794
32935250	0.00178572448979326
32935581	0.00243771638207161
32936240	0.000995724460501234
32936380	0.00289323033025004
32937521	0.000835897092117675
32938270	0.000609105333416596
32938621	0.000779315658206822
32939171	0.000919028458094844
32939270	0.000906906816012863
32942290	0.0240865146497414
32942700	0.00231387965858687
32942761	0.000784869259913217
32947800	0.000811702537027328
32948360	0.00680575972052409
32948411	0.000694507220314997
32949470	0.000684732786484824
32950580	0.0237924576892802
32953651	0.0059726421265108
32954820	0.00321487048566484
32956240	0.00415785781125854
32956510	0.000638615867874871
32960001	0.000643495158662893
32962830	0.000619903879845291
32963851	0.000665791074530663
32965931	0.000665298282346791
32966030	0.00611374097702597
32968001	0.00105895164120462
32969760	0.00096885404586061
32971561	0.00203656632420226
32972210	0.00703514794386796
32973580	0.000893976333838538
32975380	0.000756490186579709
32975540	0.00276970876641722
32978010	0.00259083322041808
32978201	0.0126031402076933
32979250	0.0532060059944678
32979370	0.00181163204649982
32979421	0.00137587973064494
32980070	0.00560488953908081
32981491	0.00101996923525171
32984360	0.00156155500187364
32985580	0.000790785517300488
32987250	0.000652603409689369
32987410	0.0014046559437472
32988360	0.00288439253684591
32988521	0.000853044270458081
32989361	0.00254740316269792
32990400	0.000603331937053175
32990840	0.000791276619993176
32991240	0.000667253302193984
32991691	0.00151610284516736
32994891	0.000617318798256939
32994970	0.000803966915931889
32995130	0.000646292647422509
32995141	0.000634427457626381
32995400	0.0022438573756334
32995721	0.0028489761265717
32996521	0.00159168182999639
32997071	0.000956713550649756
32998400	0.00086064532987434
32998591	0.00152476191452478
32999370	0.00512877213007065
33000060	0.000913457994587628
33000360	0.00223026212500472
33000780	0.00140374201302484
33002710	0.00403904778442518
33003151	0.00373211669714434
33004941	0.000774267838567452
33005030	0.000659481723029825
33005040	0.000690164677444657
33005190	0.000930865686475855
33010030	0.000676059550004124
33010680	0.0054050429855349
33011130	0.00168068447492084
33011441	0.00116034279525401
33012090	0.000614995649886235
33012630	0.000754693374372615
33014130	0.00205985683719195
33014191	0.000614761621711585
33014550	0.00304609968693316
33014950	0.0010422406428213
33017050	0.00256195059135742
33018720	0.00127526297928242
33020121	0.00205352834977274
33022440	0.016708601488679
33023991	0.00131804907822971
33025221	0.00114698563752402
33027551	0.000878504109996331
33028251	0.00388534888879447
33029320	0.000740027995137119
33030290	0.00406928620661001
33030960	0.0797890652791783
33032230	0.000626467749541725
33032330	0.0300522354134598
33032360	0.000757126091256635
33034191	0.000816204396939976
33034700	0.000621880799333607
33035260	0.536388098817741
33038031	0.000743937308053694
33038150	0.00656613366612866
33040931	0.00092953942719449
33041781	0.00187808438394177
33042850	0.00348675307058328
33043841	0.000768065070247581
33044401	0.00560370774865646
33045180	0.00761473066862999
33045330	0.00417768827266173
33048910	0.000705874317092111
33052200	0.000943469209752433
33052251	0.0102906392300236
33053201	0.00388215492455243
33054120	0.0191912398812812
33056610	0.00151037493703484
33056620	0.000619990099077914
33057460	0.000644330244589865
33060910	0.00603473422011551
33061170	0.000787290622693812
33061330	0.0006912610861106
33063100	0.0395399723450101
33063800	0.00196555922362547
33069621	0.00337602962856266
33073040	0.000729036963982806
33074970	0.00196752596759553
33080121	0.00209912781747314
33080230	0.00387407997819817
33080750	0.0026608158173061
33082690	0.0240144182552405
33085570	0.000718912311970843
33086540	0.0014502733344579
33087500	0.000924232714701215
33090181	0.000628292348744046
33091530	0.00663448089537471
33094581	0.00308027908202371
33096231	0.000634974739270047
33097840	0.000692936770395245
33102530	0.000626909326533574
33103011	0.00319998625051682
33103821	0.000946835582357264
33103841	0.000615053201467107
33106191	0.00250242569263306
33108890	0.000692989633067022
33110280	0.000615053201467107
33110581	0.00168338516337127
33111360	0.000913540990694878
33115971	0.00707660937873926
33122051	0.00471945752281972
33127360	0.00720401323756805
33128360	0.0110138958771005
33128740	0.00150120892430272
33129570	0.0206571399793663
33139100	0.000765501513052994
33139261	0.00138067628610653
33143011	0.00100931710861588
33144231	0.00398173563738158
33156251	0.00210981549498696
33157450	0.0255049326785017
33159530	0.00898137400855259
33160641	0.006424044769613
33161830	0.000697136335788149
33166690	0.00222733190535666
33169211	0.000765952914575155
33170530	0.22798251100458
33171510	0.00300374167595598
33171811	0.0168066665802776
33172320	0.00187935088061062
33172750	0.000683963182714997
33180350	0.00189066628551728
33181341	0.00128395548388107
33181870	0.00637307214582165
33183510	0.00271174588395203
33184111	0.00217879992286076
33184231	0.00457926784416059
33184941	0.0583934116508609
33185170	0.00097993553979125
33186021	0.00154989164234761
33187490	0.00064316673090955
33188371	0.000763802081200241
33189730	0.00178706927632071
33191100	0.00296349814804128
33192610	0.000859946166603068
33197690	0.000693170223152938
33198581	0.000828756039491002
33199110	0.000710224914278806
33199131	0.159316944236417
33202660	0.000753192203196919
33204180	0.0134197605280905
33204371	0.00143206158923422
33205901	0.00224928154016227
33205980	0.00067440533898365
33208750	0.000634520661148416
33208911	0.00113040929290829
33209010	0.000668718375915178
33211920	0.11483206226887
33212900	0.000786223320926984
33213420	0.000703025635831512
33215070	0.286868218602938
33216480	0.00174436970395233
33217550	0.00151936479253558
33219910	0.0152292667337968
33222031	0.00313283921843257
33223070	0.0145879395331868
33223391	0.00493325005827491
33225481	0.000619534017046881
33225700	0.00906948035718806
33225830	0.000633810566083936
33226120	0.00247015628142239
33227951	0.226920907563196
33229071	0.00441160469707197
33229300	0.00193982316520616
33230011	0.00142835660375745
33230161	0.00294793959789751
33230510	0.000615053201467107
33230520	0.000838601622387874
33239380	0.00568760334741789
33242940	0.0030985701628643
33244460	0.0975666697412126
33245850	0.0348286115744096
33248381	0.00268399319019016
33249410	0.00383250277982776
33251961	0.000691012433339727
33257290	0.000667253302193984
33257611	0.00464192576827405
33257891	0.000614925552837992
33258981	0.00289383757956112
33258991	0.00239955900471028
33261020	0.00173622045697603
33262920	0.00315040697870129
33264190	0.000983217942242861
33264730	0.205050718632489
33264870	0.00180020478438996
33264880	0.00902513093803597
33264931	0.000615866945730008
33266390	0.00075061023821016
33268620	0.0705084302689296
33268730	0.000852549389167748
33268890	0.00066941305797581
33268911	0.00252194257235772
33269321	0.00955643737030876
33271610	0.000670474005960976
33272070	0.018861864346498
33273570	0.00168825935130359
33274100	0.0019001084099655
33276511	0.000699188493467419
33276761	0.000663056671305534
33277341	0.203373542926272
33278110	0.000641983396323962
33279271	0.00196009477229123
33279500	0.00421611049429671
33281280	0.00191937978795304
33282090	0.000812745903766668
33282130	0.000667555425347773
33283060	0.0106009494862432
33283381	0.0073904883400044
33283750	0.00420210502373607
33284710	0.0193812007733687
33284750	0.0128660897522845
33284901	0.00146654935519283
33285881	0.33679782173162
33286031	0.000609105333416596
33291610	0.0038780117721616
33292030	0.00913158931840779
33292651	0.00218217599320416
33293321	0.00137315994903808
33294540	0.00460963101553145
33296371	0.00468816048902402
33296590	0.000823554803774212
33296621	0.019100562770457
33296880	0.000619903879845291
33297061	0.00812639256088971
33297300	0.000710318134360309
33299900	0.00468720645656812
33299920	0.00450441801537796
33300610	0.00074828608255862
33300631	0.000672791553268139
33301601	0.00065502990907597
33303821	0.00350801445135176
33305830	0.00205076849742897
33307941	0.000889761484328718
33309741	0.00648045802987002
33310540	0.00161174397371612
33311330	0.0174007627887589
33311370	0.000705340179422001
33311661	0.0106744444733291
33312060	0.000745560753919058
33314141	0.00114414699725061
33314380	0.00258519087005103
33317601	0.000809847384743703
33318141	0.000763988274901222
33318660	0.000801191044951938
33321731	0.171613577915743
33321881	0.000703381232053875
33323770	0.000683436245886916
33325601	0.0165767402296718
33325611	0.000714526576621943
33332430	0.0110686338866807
33332730	0.00603765592761187
33335470	0.000651303877042479
33343661	0.00498760327661514
33344190	0.00345799910666791
33344580	0.173034280570472
33346260	0.000872634315495212
33346701	0.000808430592151446
33346841	0.00229415044807501
33347531	0.00267672975664245
33348980	0.00331556090375947
33349331	0.0037590251581278
33349430	0.0332417481024179
33350110	0.0550682542941379
33350271	0.00566693957563008
33350510	0.000653016676270931
33350950	0.000665098617526554
33351111	0.00135103798923341
33352860	0.00214363049975441
33359101	0.000749677263164651
33360150	0.0535254455054847
33360501	0.00236052115405548
33361311	0.0190495708573434
33362090	0.0335924866317597
33363340	0.00496069237464047
33364221	0.0191344777405806
33369171	0.00274273244730212
33369570	0.000839061409325303
33370961	0.0058044673379607
33371531	0.00150259348770164
33372901	0.000767581741083944
33375750	0.000641083101794993
33378090	0.000644376784076566
33378110	0.0018724480598022
33378711	0.000631373755570914
33378910	0.000615053201467107
33380170	0.138096217846296
33382141	0.00109072546276582
33382541	0.000687723232069923
33385810	0.00243511970915123
33386291	0.000610653836332925
33387661	0.000646296513363667
33388481	0.000636115980807684
33393171	0.00070094443088684
33396061	0.00224715151255175
33397451	0.00310406524923926
33398500	0.00101977949323737
33400590	0.00146719649151501
33401301	0.00105199987071073
33402260	0.000784348997342524
33403910	0.000724655504198367
33405810	0.0008993158301299
33407921	0.00111024619503885
33408040	0.000757871122273244
33408980	0.000730359919431141
33409000	0.00162263592770955
33409670	0.000755407462661243
33410281	0.0041048392505749
33410831	0.00117521970378661
33413601	0.0249890158039227
33416440	0.0218582037997928
33418240	0.00147442341738265
33418370	0.000820388791147247
33418670	0.00222226484315321
33419500	0.00822352735609572
33419880	0.00328879744962306
33419941	0.000761242559761704
33422831	0.00285812312155783
33423180	0.00062210162209286
33423801	0.00145998743977788
33424331	0.000835475922568282
33425140	0.000629602334333986
33425851	0.000678488434189699
33426530	0.00109721169277829
33428191	0.000761241969657218
33428840	0.00211101512623487
33428881	0.0940346778620309
33431880	0.000785221860879344
33432010	0.000666104266508525
33432850	0.011622490516898
33432860	0.000752044848170561
33433280	0.00158959995822485
33434011	0.00088566848095127
33434350	0.00477653210296506
33435730	0.00063971702278159
33436040	0.0011377996336294
33437601	0.000832919140346976
33438360	0.000812344699715699
33439101	0.00222143018993483
33440061	0.0134520505424686
33440191	0.00086856045914647
33441171	0.00231610856873239
33441530	0.00225893027822637
33442350	0.00165047223945573
33443760	0.0112319919268484
33443781	0.00581797375205798
33443921	0.00101377514280381
33448460	0.000774534116396278
33449830	0.00193879025861563
33449871	0.00120869069878144
33451490	0.000731358474234544
33451641	0.00195399109946133
33452211	0.0127863759830992
33452300	0.000615053201467107
33453000	0.000775556648390393
33453431	0.147501718605785
33453711	0.000804190154014264
33455910	0.00260069335154545
33457171	0.000836405170211583
33457940	0.000646654833403989
33460631	0.000801348186135065
33462281	0.000879444018080544
33465301	0.0186123915397655
33465670	0.0014335335773071
33467080	0.025318398505989
33467740	0.000818464963565428
33468280	0.026613987326863
33471310	0.000602807101325309
33473260	0.000933745372360582
33475101	0.00290870343387668
33476030	0.0119992847168193
33476761	0.00396338347438405
33479170	0.00176301069362006
33482281	0.00186992855477696
33482360	0.00406192197566206
33485280	0.000716420419647972
33489250	0.00179165078205465
33490900	0.00327942142933107
33491610	0.000744651295045235
33492030	0.00162422537716392
33492420	0.0078060628781855
33497140	0.00675230064823075
33497530	0.00443282322385788
33497591	0.000697457521995467
33501420	0.00279603341485976
33503030	0.00373469508641518
33504621	0.0748773654655034
33508010	0.00162641354731098
33509011	0.00253267403812334
33511221	0.00105335738869559
33513000	0.000630242763670618
33514760	0.00237087677779751
33515460	0.000949515479764844
33516621	0.000866956668858522
33518660	0.00179470105961402
33520440	0.00725491015406822
33521390	0.039849912273375
33521451	0.00102582920971346
33522230	0.000629069746329865
33524700	0.00369953139857252
33525970	0.00126244489600716
33527511	0.00566561271567281
33528960	0.00213198795189813
33530121	0.000649434592259599
33530541	0.00460098064471268
33532061	0.0031113510537373
33533110	0.00197226157512098
33535310	0.0015947892388459
33536000	0.000763035113445709
33536290	0.000639819366051837
33536611	0.000672383781723179
33537380	0.00140297667845374
33537561	0.00079438423913639
33538671	0.0015405890062192
33539241	0.00305985497799725
33539620	0.00072381262090956
33542890	0.00079350898525816
33546770	0.0125696809581236
33547340	0.0294898895286801
33547720	0.000714303211992653
33548280	0.000668251724886656
33549530	0.00141743798408857
33549721	0.00219734489495469
33550100	0.00064524952498321
33550111	0.0502035531540109
33553431	0.013760298799542
33554100	0.00083140018877019
33555651	0.00158715765387216
33556450	0.00105251328587497
33559870	0.000642857774030207
33561810	0.00497584561456131
33565120	0.00174222236857678
33567720	0.0034573771236938
33568290	0.000615374374275671
33568550	0.000676961230021933
33569270	0.00668652186972195
33570261	0.00236715572285388
33571200	0.000736379025918891
33572731	0.00246157448531448
33575921	0.00154369836966022
33576010	0.00122626361114605
33576850	0.000825453698817457
33577270	0.00366339066507789
33577920	0.00692069576136898
33579860	0.00171012680446158
33580270	0.000628292348744046
33581141	0.0022703779310233
33586131	0.0118443134400404
33587631	0.000827766638622665
33593780	0.00162375626870425
33593930	0.000620207488923247
33594931	0.175277516844422
33595340	0.00067005840423289
33597660	0.0058976675956722
33597851	0.00186321125835818
33602500	0.000957528909544984
33602770	0.000727336772422698
33604000	0.000879073923128457
33606101	0.00150162870327468
33606681	0.00171428256732816
33607570	0.00062316965184599
33609370	0.000684095554854114
33609380	0.00088701063366493
33618470	0.00105527969249978
33618780	0.00272942924933155
33619091	0.00122733538582254
33619580	0.000963265846829379
33620191	0.000933979912642923
33621161	0.00602297378481626
33624741	0.335641390953507
33624751	0.00071085626728164
33625291	0.000702921938208359
33625780	0.00091738930335222
33626050	0.0040303404019007
33626070	0.0041459135839103
33628451	0.00063249229235034
33629360	0.00074334478482417
33630090	0.00891641565879401
33631091	0.0426185341161451
33631921	0.0017616087324129
33633301	0.000643699718543329
33633431	0.00203696670067337
33636721	0.000677211543658865
33637680	0.000647215136477259
33639740	0.00220789909858304
33640311	0.000629050297316928
33641701	0.0017913792256005
33642370	0.00153275122162829
33644140	0.00189755074526658
33644181	0.0188773582010871
33644300	0.000613093329040597
33645001	0.000788192381895122
33645660	0.00244463609921948
33645920	0.00161276461283825
33646111	0.000768086795783186
33648140	0.000677594641160014
33650880	0.00272670198690315
33653640	0.00626642912466917
33654910	0.00362694030985462
33655481	0.0006223015443527
33657800	0.000784944738411473
33658070	0.00679159833455018
33658261	0.474332420751886
33658401	0.000772450533254709
33659170	0.000794557323584186
33659290	0.000706908102260472
33661110	0.00330655151982169
33661390	0.00063509559427176
33661510	0.00933239780383277
33662050	0.00271806772301261
33662340	0.000684073075805663
33663621	0.00117132093291872
33664321	0.0160843385364086
33666620	0.000871273887984675
33667290	0.00174834732087878
33672461	0.000658750273785034
33672950	0.000946790390741796
33673360	0.0227786677496688
33673400	0.00088432102766476
33674330	0.0478086282539625
33676311	0.00113476278241949
33679180	0.000631693571777086
33681281	0.00130809247384565
33685411	0.0443919981856314
33685541	0.000808151787636681
33686070	0.00207188463213803
33686210	0.00174832761198205
33686381	0.000658726946665046
33687430	0.00436917207750418
33687631	0.0076512387453427
33689770	0.000603488033108279
33689790	0.00305987155950597
33691290	0.00635257092630086
33691330	0.00254510834706802
33692700	0.000861484728326761
33694101	0.000830171946792513
33694210	0.00210103016339774
33694640	0.0187287815850542
33696250	0.000850658574610361
33697561	0.00717927145848631
33699081	0.000760345306846364
33699201	0.00172500611846764
33699870	0.36635773293361
33699911	0.00216914254297211
33702880	0.000782009443343588
33705670	0.00159634879630492
33707771	0.000677285497109481
33708731	0.0012068324329358
33710360	0.00500510085627426
33710470	0.00257557210577676
33711071	0.000613494057856999
33716731	0.00435500003383951
33724980	0.00207395923139533
33725691	0.00130966770515834
33727870	0.000724311213590961
33729380	0.000687645507517259
33729510	0.00249510708967483
33729821	0.000733873661297369
33732970	0.0125100213077558
33733350	0.00264244494591306
33733650	0.00190727025215943
33733770	0.00451194273055675
33734791	0.00062121787794907
33736431	0.00195715485372447
33749691	0.0226736800862049
33750470	0.0046101581442216
33754361	0.00689693858576381
33754801	0.00103121878648777
33762620	0.000657178195682407
33762781	0.0370631126290623
33763341	0.00109327063299939
33768451	0.00337012546004801
33769370	0.00176634794121296
33770320	0.0138475090193686
33770740	0.000812240820414763
33773961	0.00066626890267998
33777800	0.021077220217817
33782190	0.00343164196772457
33782310	0.000760516469146352
33783010	0.0856453420738289
33783051	0.00201031002285296
33784530	0.00139209360147768
33784991	0.00174631991298721
33786860	0.00261458420902632
33787140	0.0309069505189088
33788100	0.403552756108898
33796571	0.00227445374410798
33799191	0.0211466767573168
33801671	0.000905189121778459
33805070	0.00101654703555353
33808960	0.000644224494297245
33812130	0.000774079718115561
33818750	0.00386643744801554
33819700	0.0621004398869995
33819761	0.00291775864492812
33820400	0.00393855502750817
33823160	0.00641441403714596
33823690	0.000958146073870928
33824280	0.000622178378710707
33828120	0.00346519528666317
33828550	0.00271692623349169
33828660	0.0713269541818265
33835300	0.000764602522561675
33843550	0.00145664672102572
33844851	0.000733877178367734
33844861	0.000661674423782118
33847550	0.000669171890376983
33848301	0.000784738380036352
33848810	0.00150559052735098
33848861	0.00128804962034343
33849630	0.000834875385586816
33851560	0.000943949401354422
33852680	0.00143670332372302
33854241	0.000623870274480022
33855201	0.000632023765848158
33855270	0.0201278978758279
33855850	0.00418095913971443
33859280	0.00151464903072497
33862211	0.0377632258470978
33863000	0.000718964044578254
33863601	0.00107425067408002
33864800	0.00231051802514418
33866720	0.00128212133540876
33871341	0.0038455693397751
33871720	0.00107217072034158
33872370	0.00375119027377524
33873500	0.0125659612818738
33879130	0.00319259067166694
33883191	0.0011591111150187
33884230	0.000700102261598844
33885681	0.00208564021172828
33886450	0.00527782860507524
33888841	0.000822846791334043
33889350	0.000715899219773567
33889620	0.00144896110264327
33890040	0.0011270317524373
33890850	0.00277453067146162
33891700	0.00155918284802894
33891850	0.00291310999938427
33893650	0.00209951214698522
33894211	0.000609105333416596
33899290	0.00166090417908449
33900571	0.00261249821480727
33904250	0.000691450270453634
33905780	0.000743771970043461
33906211	0.00226094993101672
33906761	0.00086348010463988
33907451	0.00140578504587507
33907550	0.00208450518396038
33910211	0.00111992344914454
33912001	0.000696118300269206
33912400	0.000838752957098092
33916961	0.000755519421477972
33920431	0.000617034001841337
33920920	0.000760624551047649
33923810	0.00067909975501636
33926880	0.00271790799377015
33928660	0.00235787781799513
33928711	0.00266393930267516
33929251	0.00447037022199096
33930310	0.00687293660197925
33935031	0.00179913798712074
33936421	0.00174201242888617
33938600	0.0122479109551718
33941101	0.000649135018061486
33942450	0.00343592438078723
33943690	0.000847006976261866
33946730	0.00506486878400239
33948800	0.00184719814146112
33949760	0.000693264571981236
33952821	0.00191687199342194
33961350	0.0076221089214931
33963031	0.00144808443117037
33963280	0.000619472904757577
33963861	0.0106310327583313
33965640	0.000686104266039423
33965770	0.00133207873505143
33966740	0.000717443302870391
33968370	0.126835142208905
33969740	0.00349059371608372
33971260	0.00279371628626037
33971420	0.000706366246991077
33972520	0.00615725050421422
33972930	0.00259057059669551
33973330	0.000638110551097859
33974061	0.000813284520703524
33976650	0.000789302135383391
33977180	0.000758693869378998
33979591	0.000647492909477799
33979991	0.000816291364328897
33982980	0.000732948180493728
33985391	0.00136638902753899
33986751	0.0249504339651174
33987410	0.000627584662905804
33988360	0.156562296380327
33988670	0.00570513694641327
33989651	0.000688049983259052
33990850	0.0103200257111588
33990870	0.000634623211775546
33991700	0.00580344549130211
33992681	0.00179197221298528
33993460	0.00139709384947714
33997101	0.00400296333349392
33997900	0.00435927937268588
33997941	0.000754875002688217
33998580	0.000625957128848962
33999810	0.000857254811723352
34003871	0.000615053201467107
34006980	0.00277817204605452
34007130	0.00119388067263571
34008821	0.0122840997778736
34008951	0.000765968130141847
34010050	0.00077870626104837
34011830	0.00793742799293871
34012421	0.0470538584455315
34013791	0.000636186680100797
34015120	0.00120616992651556
34015321	0.00320782169645104
34019010	0.000757645381994945
34019150	0.000635351542410168
34020961	0.00161621789958193
34020971	0.00379530526160792
34021040	0.00114148029844996
34024401	0.0158172654232959
34025350	0.00102027035522757
34025781	0.000844018569860752
34027950	0.000629771874760323
34030351	0.00137761800751633
34031970	0.00434754308669219
34031991	0.000609583877804819
34032271	0.00233262826870999
34034460	0.00157428658508414
34035550	0.00136709499058099
34035970	0.00429690258567987
34036210	0.000804528725742516
34037080	0.00378521580112591
34039550	0.00256903250087219
34039690	0.000836412301000382
34045661	0.00280200454619881
34047960	0.00376445138713479
34048250	0.000825739420828161
34050310	0.00227048076273063
34050440	0.00708754391044241
34051000	0.000755607206945192
34051120	0.000658713790349746
34051800	0.00803337106395533
34051940	0.00689377508191012
34053750	0.00372411682660392
34054191	0.0010330109267329
34055721	0.000631693571777086
34056121	0.00109711645231083
34058690	0.00534065503901346
34059441	0.0206120467067916
34059800	0.00117457487876411
34060640	0.000750161589157808
34062611	0.000697321772370092
34064541	0.00607024183237119
34067161	0.00088256567528307
34071810	0.00383862752611865
34073771	0.000620195815934217
34075041	0.00443961153800071
34076121	0.00691104675852486
34076760	0.000676480826070532
34077070	0.00176022723315697
34077890	0.00165217571473237
34077900	0.00217301239326598
34078751	0.0468146717826615
34080250	0.733783095996971
34081600	0.00260308898314234
34082881	0.000683946845043307
34083270	0.00065868107176549
34084930	0.00237182312385012
34088080	0.000701910431884328
34088691	0.000715386749678061
34094191	0.00173398618233737
34094901	0.00962688464524451
34096531	0.000883415156265915
34096551	0.000814772069757068
34097740	0.00766487165681816
34097760	0.00234584383051564
34098601	0.000670177998249592
34099711	0.00306485786738389
34100240	0.000690379670392713
34100821	0.0023036566530281
34100961	0.000609105333416596
34101070	0.0006469440022655
34101231	0.0148267575245723
34102061	0.000697118763924304
34103130	0.00192609691627036
34105200	0.00185529319657523
34106461	0.0121264217554928
34106560	0.000718630286268498
34106840	0.00690776977387235
34108370	0.000687610094681645
34110030	0.00145962777121666
34110410	0.0338783938072907
34110830	0.00073042661120325
34111301	0.00110873945041132
34113730	0.000750726057194214
34115280	0.00239499716801903
34115581	0.00685885693415715
34116691	0.00627981439957805
34116801	0.00503890805463352
34117651	0.00472914200982266
34119421	0.00188852072173352
34122191	0.00298365656757887
34123240	0.000629824332277083
34124380	0.0018694201452412
34124391	0.0031753052819729
34124941	0.00235622497830454
34126140	0.000637138365565474
34127011	0.000615053201467107
34127431	0.00122775968195269
34127820	0.0110915761620702
34129381	0.0153290523053353
34131680	0.000798213062273824
34137070	0.000812922266941573
34137371	0.0147331176413968
34141860	0.000743897866010931
34142420	0.00349655440861792
34142560	0.00421754304157114
34142621	0.00153677784971529
34143151	0.022239957512655
34143370	0.01054757157079
34143431	0.00137578155134925
34143851	0.00847632634746643
34145200	0.00648948593061461
34146440	0.00241904406707143
34148210	0.00106167336982676
34149060	0.000816412181391579
34150041	0.0046277461649402
34150840	0.0021757894046548
34160111	0.000672470904623685
34165020	0.0126630746838228
34165491	0.0010629733946057
34166270	0.00101805822097893
34167390	0.000807987955395836
34167581	0.000794821636487068
34168200	0.00133497287410101
34169071	0.000826398473278469
34169621	0.000674295021115464
34170611	0.000741820834832962
34171011	0.00299238934502095
34174000	0.0148347943971803
34175090	0.000837757687001952
34177160	0.00139387759602258
34178191	0.000776965698414472
34179270	0.00297589068339858
34179510	0.000633958425926576
34179930	0.00231581760453271
34180330	0.00208671694798444
34180490	0.000629012293758355
34180640	0.000685293669038598
34181300	0.0339093414963068
34182440	0.00476922977458859
34183240	0.000689960721792019
34184271	0.000716795073505841
34184681	0.000747284741535794
34184931	0.000609105333416596
34185060	0.000806837463564311
34186051	0.000671698938063123
34188080	0.00184213980023752
34189440	0.000922669495604255
34192060	0.00470876007593031
34192791	0.00265746878190526
34193740	0.000653381631707919
34194160	0.00138748146634467
34194550	0.000959215813656632
34197330	0.000923477953286723
34199510	0.000686653372453532
34199551	0.00831898575391303
34199571	0.00268201968105511
34200340	0.00157780748247353
34200630	0.00225025110110704
34201631	0.000614390991028934
34202871	0.0163451087932265
34203100	0.0277308863491501
34206260	0.00155940305095064
34206591	0.00278796005799842
34207540	0.00118852294881638
34210540	0.000739388074859568
34212510	0.00373601962557355
34212630	0.0006223015443527
34212770	0.00531615394518017
34213771	0.00370792365795077
34214041	0.000674688714646417
34214181	0.00215103750682821
34215151	0.000665711596650905
34216350	0.00455704656637336
34217880	0.00067183459127756
34220230	0.0018107309292007
34221590	0.0143864790546439
34222270	0.00150952854909038
34222550	0.000832067238459036
34223841	0.00173672172371831
34225980	0.000824399922099653
34228610	0.000649985178472342
34238810	0.000676875249809562
34239240	0.00412229990179396
34239691	0.00240923770890253
34240070	0.01167078791849
34242530	0.00147772945009269
34243100	0.000822172370642046
34244101	0.000738686247995741
34244490	0.00392238526735441
34245631	0.00104050718260248
34246721	0.000726463251171327
34248210	0.00202367456415836
34248220	0.0219715774102556
34251400	0.00153025989318334
34254331	0.00215850232396033
34256531	0.000901028229107183
34260070	0.000779471351662365
34260630	0.000674586616801896
34261040	0.0148060223246199
34263961	0.00411857647901778
34271011	0.00167035835164528
34271810	0.000647005528060668
34271971	0.000670365283618181
34272050	0.000660849118741929
34272111	0.0248876097655098
34273590	0.00197021242505352
34275841	0.00438248744014285
34278171	0.000669061787976995
34279151	0.0205129915893223
34280880	0.00786312020714367
34281190	0.00297227476591391
34281870	0.00177899854621337
34283271	0.00077162276620907
34284890	0.00269748884021172
34286441	0.012478262328952
34287841	0.0812297152467272
34288760	0.00145130907518729
34289211	0.000896306710878633
34290731	0.00582740267717463
34291011	0.000615374374275671
34291100	0.000672917788205186
34291220	0.0123168063040433
34292651	0.0136900379155579
34293850	0.00655654072327764
34294311	0.0267817962745017
34296490	0.000839117444093736
34297341	0.428024325196956
34300610	0.000646701920247077
34301341	0.000841662066016621
34302970	0.00528053066703062
34304470	0.00070121954416972
34306110	0.00229425866659062
34307520	0.000846032344278495
34310820	0.00547783553100134
34311811	0.000722574325065849
34311841	0.00434702499291883
34316340	0.00336438495337997
34318311	0.00389568683799895
34319790	0.000953149943322491
34322520	0.013077699348358
34323770	0.000808547502766727
34323951	0.000609105333416596
34324190	0.0021696672656749
34324921	0.00574631933705308
34325290	0.0253784525546553
34325840	0.000667595705748724
34326960	0.00281799904009219
34327401	0.00246138812300428
34327691	0.000802532492146614
34328730	0.000908847539135545
34331271	0.0167990019576219
34332900	0.00169584953391024
34334010	0.0202244927314186
34334250	0.137975664673424
34334820	0.000654768177453767
34335811	0.00536979554467111
34336241	0.000652111168669015
34336760	0.00253812492774711
34336911	0.00285678024710911
34337990	0.0275454847976542
34338871	0.000893943174945408
34340610	0.00138060100649302
34342140	0.00252582310368039
34343230	0.000805533796323044
34343681	0.00168838314314435
34348740	0.00180524792184414
34349000	0.000786914118196509
34349830	0.000764405190509003
34352641	0.00820958804873764
34353290	0.0103488890458712
34353320	0.000806144608419323
34353830	0.00073372319265329
34355250	0.000616161649161358
34355910	0.000673495916814227
34356340	0.000631598711112198
34356730	0.000708827269793099
34357280	0.000736132084717873
34357830	0.00084302795398211
34358830	0.000699878423672331
34359660	0.00189166539266072
34362690	0.000695929128882341
34364931	0.0465474086162937
34366110	0.0874928418663
34366311	0.000854104818461169
34366731	0.048004004321805
34368040	0.00382625126183313
34370820	0.00618648911477369
34370851	0.0402633236716633
34372511	0.00478844556521686
34373761	0.00409470516095992
34374000	0.000689454653893766
34374731	0.00158917366911101
34375370	0.000642480801186986
34376170	0.217234175587813
34376870	0.00362925105008659
34377331	0.00150550719402526
34377980	0.00310347872926126
34378270	0.0110276085445121
34379811	0.0920761104588159
34381020	0.00235272578492025
34382960	0.000775742362545822
34383520	0.000865546839977194
34387900	0.000802844750979008
34387941	0.0025890748074053
34394260	0.000776794067943512
34394520	0.000669852874328837
34396050	0.00502005168099471
34397730	0.00168761473399496
34398711	0.000918030465434386
34400470	0.00180001654332933
34406721	0.0300182500747748
34412351	0.000614390991028934
34416610	0.00194848476948812
34417741	0.00297231797017199
34423411	0.00325343746282472
34429310	0.081918386142122
34436060	0.00836249640342431
34436860	0.00306791197070456
34440221	0.00166822455906242
34441601	0.000616905511829935
34446090	0.0018072114989233
34449191	0.00268952750502334
34453051	0.00182703959399808
34453311	0.000800486045188263
34457020	0.00286105666236597
34457270	0.123273384821132
34463470	0.00174488235502507
34464310	0.00084147069958644
34467370	0.00209140665910314
34468590	0.000606753885567106
34469960	0.0107487385210667
34475531	0.0103040951641931
34476361	0.0435481879890665
34477181	0.0367948412814549
34478510	0.0389966864331348
34484511	0.00107670820426168
34484730	0.000650143522048525
34486120	0.000829530103169959
34490301	0.00876657859526496
34491070	0.00237298131749238
34494250	0.0570950941991218
34494540	0.00638897558543298
34497601	0.00453284225146981
34497741	0.000967337139377407
34497990	0.00165492890766225
34501950	0.000855333103633019
34507330	0.00134444865416553
34510240	0.00488959246785346
34511370	0.0039798344917815
34511681	0.0566801620902061
34513300	0.000631136254246572
34514130	0.000927304321848446
34518281	0.00337911726300799
34518851	0.000696321582919932
34519230	0.000613093329040597
34523880	0.0276346428221848
34524180	0.00185110938612922
34525270	0.00371667213515785
34525710	0.0022288092110253
34527111	0.0589813778303529
34527391	0.000782802305615432
34528850	0.00191132919252921
34529270	0.0558137889019964
34530660	0.00286348731803483
34530940	0.00261064780369073
34532771	0.0151487021041219
34532880	0.000824855192636522
34532901	0.00928652093452422
34534110	0.00240364751570126
34535200	0.000654263952880099
34535350	0.00123404317826841
34536641	0.000674278590416308
34537840	0.000682417801010571
34538920	0.00647529916183709
34538981	0.00171182611268963
34539460	0.00101630683893391
34539951	0.052087062701042
34540190	0.000615053201467107
34544710	0.000725064736865415
34546011	0.00752829307046763
34546370	0.00148684238363337
34548891	0.00101198314506743
34549140	0.0169027196866941
34549840	0.00175032907857238
34549970	0.000698666181932469
34552481	0.00313301177619032
34552751	0.0026288643809966
34557430	0.00149772767205694
34559531	0.00926768610717745
34560081	0.00328081193729094
34561731	0.000797772785106696
34562810	0.000710170392456618
34565161	0.00858406263502287
34565410	0.000625358943977456
34568290	0.00280517573211144
34568460	0.000626814218366813
34569680	0.000715015855244909
34570390	0.044953922687235
34571330	0.00331195996666441
34571371	0.000749887162178146
34573270	0.00215286754944047
34574640	0.00554068083151323
34574961	0.00497730208873523
34575360	0.0046092363101024
34578431	0.00250918710717906
34579350	0.000621106819461315
34579490	0.0010607320183172
34581130	0.000608993273602321
34582240	0.000777309782533102
34582691	0.0237039214068773
34585581	0.00329301039072299
34585950	0.00277710741787427
34588850	0.0141835578492482
34590520	0.0014833587413348
34595941	0.00169537030132657
34597410	0.000990791643089434
34599511	0.00588135311827163
34599921	0.000664194264312632
34600221	0.000628601319852101
34601301	0.000929220418723512
34603511	0.00642721192591271
34604860	0.0126244868388468
34605690	0.00279927592140123
34610811	0.000871540106115157
34613940	0.00100563283746541
34616580	0.0230092862590093
34616901	0.000695935502622315
34617140	0.000666215184846873
34618660	0.0006223015443527
34618770	0.000634455989199664
34623101	0.00174564912083483
34624150	0.00216071103794872
34625840	0.000672917788205186
34626131	0.00285946346310575
34626961	0.00061749625156535
34631050	0.00128311059432681
34634701	0.000619635984475309
34635600	0.000625246516852155
34636761	0.0334759073059532
34636850	0.000614958309911602
34637181	0.0140517504761433
34638131	0.00127473619333319
34638551	0.00390365114754545
34638650	0.00216510994318525
34638951	0.000683709456719285
34640631	0.0197013936464808
34641021	0.00134014544938053
34642831	0.000985547953129298
34644201	0.000750536060358932
34644751	0.00112990717493863
34646090	0.00171787040683054
34647101	0.0465853592543105
34648280	0.00527527542587435
34650080	0.548231861165542
34652180	0.00226288894977535
34652351	0.00154469938127538
34653270	0.00129273925847889
34655101	0.000813124295658757
34655600	0.00616021724307552
34656051	0.000683963182714997
34658671	0.00153004581084969
34660020	0.00207019592365216
34660700	0.0006223015443527
34661140	0.00358864552397243
34662250	0.000917691172116337
34664180	0.00105555456077607
34665690	0.00145795083096571
34666640	0.00298148294267226
34669650	0.000608693505068779
34669970	0.00602198266906235
34669991	0.000677766396345722
34670240	0.000657120089159033
34672191	0.000647708568180488
34672420	0.00186263633124667
34676871	0.00173044095718638
34676891	0.00321156685485611
34678660	0.00161789595105524
34679330	0.000729919248717214
34681721	0.000952317772408006
34682500	0.00184619850746872
34684321	0.00258462870332838
34684601	0.00224833929481766
34685571	0.000793152815535269
34687221	0.00106956269397598
34691060	0.000852460381365233
34691750	0.0811184005287761
34692290	0.000652433105099032
34694551	0.0220866668578199
34695860	0.00189992472021483
34697021	0.00120215963551172
34698480	0.000881060127269633
34701561	0.000650998890311165
34701861	0.0386406154251849
34702821	0.00067167622734311
34705960	0.000900648600153239
34710401	0.0598555859322051
34711180	0.00672518132635002
34711511	0.000651441687316075
34712481	0.0172800448115339
34714531	0.000928209343631366
34715101	0.00419624248796732
34715340	0.0956395024424058
34715600	0.000839144200591273
34716560	0.000630007105856091
34717021	0.000624471152386845
34717670	0.00701721978020829
34720331	0.0200505427778792
34721230	0.00103456751307674
34722910	0.0013948652652912
34723720	0.010896195981859
34723890	0.00305744620672266
34724061	0.00067256462797535
34724580	0.00162819453257626
34726531	0.00488121872468825
34730910	0.000685356159976572
34731300	0.000609105333416596
34732010	0.000882580983613788
34735590	0.0010879626511224
34735761	0.0749606061540054
34735890	0.00094582681234795
34736290	0.000748457293442772
34736591	0.0146092251695566
34737670	0.0018040868818978
34737971	0.000640663076191994
34740010	0.00382264192922711
34741370	0.000932276301067788
34741940	0.000687541906088045
34742200	0.00179796182308906
34742821	0.00104909441146487
34743040	0.00256871214351122
34743060	0.00356716369118114
34744020	0.00378795173157316
34746780	0.00324252417245221
34748591	0.000898145890390555
34748970	0.00285792668255464
34751781	0.000615190769076089
34753790	0.00114593948080188
34754920	0.0170623851163626
34755450	0.000673313507491637
34755710	0.00183302312605991
34757930	0.00717875130409977
34758230	0.000642417615891101
34761301	0.00731554018764401
34763371	0.000990010464662207
34763480	0.000619341419346823
34766271	0.00322054705000544
34768311	0.00220316999803729
34770931	0.000808624896878647
34780150	0.0740803893296924
34780540	0.00274051278584869
34783911	0.000728928182785647
34784690	0.021546445396265
34784850	0.00620621354585217
34785431	0.0019512813661268
34785950	0.00327332778490434
34792331	0.00140145897603711
34792721	0.00287234790517024
34792741	0.000700897780648658
34795320	0.00830580379107204
34802070	0.00121735298485473
34802121	0.0111670221637703
34805790	0.00942487805157009
34807361	0.000721365259686792
34816051	0.0111951563114983
34819300	0.0134308394744694
34824041	0.0104721197161466
34828311	0.000670298422063247
34830760	0.000754318000498721
34836020	0.0115883005032065
34836980	0.000702233304688334
34837220	0.00504625111082513
34838740	0.00192719197350067
34838750	0.00329050164772637
34839740	0.000895141884714055
34842251	0.000748714378701829
34842760	0.00130957840889861
34844810	0.0104729691478712
34849930	0.000754852090803936
34850910	0.00663110634096448
34851761	0.0160392776402045
34853120	0.00374617399386172
34859351	0.0012750529681314
34860161	0.0187082991252272
34860840	0.00134799305972824
34863990	0.00451023761905345
34864441	0.000833437193986543
34866480	0.000891293053506695
34867361	0.00444063467402407
34868420	0.00778982144755037
34871840	0.00214213017433951
34873630	0.00862812830480019
34876851	0.00541780427720771
34877530	0.404173751428242
34881110	0.00564242427527958
34882350	0.0673963272929984
34883081	0.00375121957673807
34892861	0.00141907356265225
34892871	0.000671694665559478
34895331	0.0227373089269187
34900420	0.0006223015443527
34901380	0.00191242196530278
34905500	0.108592761341202
34913271	0.00131201058418885
34915140	0.00194464765238053
34917640	0.000640671643133175
34919030	0.0246714467588727
34920010	0.000615866945730008
34922251	0.00303790548226221
34925281	0.0325178242703606
34932530	0.103247317816473
34933650	0.140639644719878
34933811	0.0334957436258018
34949490	0.00612271697574667
34949951	0.000817842224165278
34952930	0.00129058600754934
34957760	0.0765971205366233
34958730	0.0152720531570576
34959440	0.00571488032549145
34960800	0.397911583439832
34962890	0.0160770634803312
34964701	0.000672917788205186
34965070	0.283318363888235
34966661	0.00299970237153501
34971040	0.00988819383247534
34972581	0.000637688890887567
34974501	0.000994518003720245
34974641	0.00946458612774092
34974771	0.0111859331725643
34974870	0.00476271187419636
34975331	0.00210618835360991
34978091	0.00675642935103182
34979300	0.00148148519890768
34980991	0.00119030781320936
34982470	0.00109582742804596
34988810	0.00246156598347754
34989660	0.00254936486116873
34993240	0.000903231023842514
34993671	0.00406571956059297
34996021	0.00202927390406494
34996280	0.000703918296760507
34996971	0.000673733068080976
34996991	0.000609105333416596
35003471	0.00974372757590164
35004400	0.00147447488024442
35005401	0.00335663495613685
35006990	0.00464286034710126
35008561	0.0010762870466217
35008581	0.000850596886829198
35010870	0.000732980650747147
35011881	0.00069595026389326
35017391	0.000769698814908006
35017900	0.00120020462127949
35018180	0.000938197620002597
35019061	0.00238087803974049
35019160	0.000712554462134036
35024441	0.00234595893864905
35026310	0.000749716466327736
35028011	0.0166354283327806
35029650	0.000734169316947594
35030610	0.00715322417821493
35031321	0.00363675518466663
35031860	0.000636880481901071
35033620	0.00147567941022031
35034060	0.041884364834765
35039130	0.00387696399587462
35042180	0.000721546129653139
35045920	0.000782809288929449
35047700	0.000617820263020957
35049910	0.000609105333416596
35051041	0.00243938579072044
35051150	0.000976871896991586
35051881	0.00374615729142928
35052680	0.00212487204925464
35053381	0.000809455776586802
35055140	0.000737920101792742
35059331	0.000649326912894057
35061521	0.000602807101325309
35062040	0.00124087945478407
35063171	0.00143423301632925
35065131	0.00247313153969722
35065510	0.000926804866387794
35065750	0.000706019457979259
35066320	0.00494832565650823
35069251	0.000725898297920664
35069661	0.000672688697650226
35069770	0.000666038150888366
35071201	0.00122479808617191
35072011	0.00236919522641024
35072441	0.0006839543660462
35073241	0.000661775510472307
35073521	0.000646018333792715
35073661	0.000846726081022017
35074330	0.00460328280483237
35076110	0.000787727624866019
35077251	0.000666142007395809
35077661	0.0111835841287048
35077740	0.000915374291743517
35078091	0.000931835084097257
35079420	0.000991846067739566
35080260	0.0247987779736273
35080810	0.000769482721426766
35080961	0.000742526706820086
35082580	0.00124303154581245
35082921	0.000730512490298329
35083051	0.000630202901861547
35083400	0.000987288593819247
35084001	0.000993308762220229
35088301	0.000767783006178255
35089470	0.000680712849953294
35089750	0.00711804858358813
35090621	0.00237416197518218
35090641	0.000644647266043726
35092520	0.00791698900038055
35093521	0.000609105333416596
35094071	0.000615053201467107
35094921	0.000602807101325309
35095700	0.00238679291413457
35095950	0.000989955651543378
35101220	0.0299200418037394
35101531	0.00207070642334317
35102221	0.00178873495463733
35103311	0.00143189715425259
35103321	0.000707177130432898
35104571	0.000619914850658673
35105070	0.000767292577337674
35105890	0.000602807101325309
35107191	0.000730636302532344
35107830	0.000803603242891895
35108670	0.0008784309190559
35108691	0.000719931523984362
35109190	0.000705160360209677
35109661	0.00122101134188702
35110641	0.00193040369547061
35111130	0.000799785662012404
35111670	0.00188290373463149
35112711	0.000666748517440441
35112981	0.00762501744502892
35115130	0.00108583757481064
35115690	0.000656566081572355
35115731	0.00147132281317019
35119530	0.00212201890149124
35120380	0.0036479954049065
35122641	0.00327566927610829
35123020	0.000941252838126887
35124001	0.000815821792715311
35127150	0.000672631171024638
35129080	0.00245472254691689
35129750	0.000609105333416596
35130351	0.000650290326677535
35130710	0.00140105682207835
35131591	0.00859012272924109
35132520	0.00241821882100497
35133371	0.000742586528260176
35133640	0.000792828995599339
35136151	0.000765969701335947
35136780	0.00166522259624606
35136831	0.00205224448921759
35138361	0.00903078503057638
35138720	0.00516562071652699
35138840	0.00216772911833391
35143741	0.092154951974386
35144950	0.00186434724087029
35144981	0.00215494511384908
35149180	0.00211357058072581
35151970	0.00611384763288274
35154300	0.000909263100644061
35155041	0.000812403795901354
35155430	0.00268306988357899
35156940	0.000782618122695339
35157620	0.000699083802792325
35157740	0.000641033195092975
35158420	0.00179239676623402
35159290	0.000905296337693799
35159550	0.00153873017620496
35159741	0.0015702453728351
35160110	0.00225565815112188
35165121	0.000684147077480942
35166030	0.000621529239070028
35167260	0.0037276398811393
35168831	0.00124957445814539
35170631	0.00392040387997341
35170761	0.00196906569800215
35171311	0.00580012447254944
35172240	0.000886126372695037
35175451	0.000692173072050803
35175670	0.00186707502086632
35177480	0.00225021080349466
35177801	0.0585328558231652
35177910	0.000630682259533785
35178491	0.000653636543636966
35178901	0.000680448642714281
35179960	0.055674897458418
35181910	0.000739647566959783
35188080	0.000749586258337507
35191031	0.0006223015443527
35191260	0.00358000278061239
35191660	0.00113943064564742
35193600	0.0105957003179313
35193770	0.00140020526414062
35196940	0.000638557433365385
35197590	0.00611821666174138
35198071	0.00068985240279818
35198170	0.00248842587999972
35199321	0.00174176410056276
35201340	0.00151167834664175
35204971	0.000703047184584443
35205231	0.000827664629263311
35205880	0.00101097608002511
35210211	0.000672158239085433
35211010	0.00234094226560632
35212800	0.010790400644554
35213590	0.000762198173754387
35217310	0.00101437735696461
35217350	0.000628385830447347
35218870	0.000696888905460153
35219451	0.00110605474881662
35223560	0.00173195411552323
35224790	0.00158394090842867
35225361	0.0140043210510439
35228620	0.000668005294056868
35230590	0.00258812403165397
35230870	0.000691738851776527
35232930	0.000710247018594769
35233101	0.0100102941480175
35234160	0.0226713227358875
35235120	0.000878021089374561
35235171	0.00497014374549453
35235790	0.0178911192571694
35237801	0.0798774629479349
35238331	0.000814196247247128
35238751	0.00586707835042748
35240480	0.000613534578008055
35242331	0.000677422495877728
35244110	0.000650290326677535
35244630	0.0029647430984523
35244800	0.000933759976806216
35245641	0.00438108621533611
35245730	0.000840806966940133
35247011	0.000901630412565231
35249091	0.000619826979114553
35249501	0.0150087127106236
35249651	0.000690195620519454
35250191	0.0020751489249048
35254020	0.00869810511587013
35254160	0.00501021629612094
35255011	0.000755512533660625
35255110	0.00624740903644058
35255660	0.00192987706451025
35256671	0.00210926356412647
35257200	0.00429328652524168
35257590	0.000977142705055795
35258550	0.000667327053832601
35258690	0.00102795356319817
35260910	0.3458083550903
35261040	0.00326331204746962
35261480	0.00282744229130846
35262901	0.000929563640679896
35269651	0.00188392614840619
35270321	0.000613534578008055
35270741	0.0011473887198091
35271380	0.000620797865153798
35272261	0.00165567372810369
35273210	0.000728920203826342
35273720	0.000613093329040597
35274010	0.000776014062254023
35274191	0.000761066406071529
35275561	0.0011624079015412
35276141	0.00300011967797481
35277890	0.00518804752597222
35278270	0.450945602843335
35281381	0.00123714751380546
35281511	0.000639345278509387
35284240	0.0016536971999146
35289590	0.00250460803041152
35291011	0.00106803071011321
35294881	0.00896925504999179
35295021	0.00101527416608291
35299120	0.00293558109564742
35302440	0.000741466081124644
35306871	0.000653972520143022
35307120	0.0366122505118014
35308111	0.00064932525174136
35308750	0.00096510412369559
35315571	0.000633458449749636
35316220	0.000667121245659241
35319680	0.00067177021325607
35320620	0.00497488187436181
35322041	0.00101338389013037
35323520	0.00196365698638284
35325180	0.000623088464287497
35325200	0.000632377526210823
35325440	0.00243658135030111
35325641	0.0006704475680297
35326751	0.00198425550078235
35327520	0.00114607326512219
35330321	0.000703417039547411
35330540	0.000644165438027195
35337180	0.00110208311672821
35339370	0.00285445856088123
35340620	0.0869848162995174
35346560	0.000687552107507679
35346891	0.00244238078164079
35347250	0.00083861505129429
35351001	0.000770183015714771
35351250	0.0059904385224251
35351551	0.000695391293301133
35351670	0.00223451962839074
35353351	0.000681506442414711
35358181	0.00166129024203013
35361081	0.000888912263034182
35364401	0.00677971154633511
35365170	0.000631194427403423
35371711	0.0443889674982851
35376101	0.000817718002431131
35377330	0.00168567677545308
35377491	0.000675202258002854
35381290	0.000765697903541801
35383090	0.00104283732285797
35383701	0.0017272003424756
35385771	0.00188932506378248
35386400	0.0962557047373642
35387110	0.00107229934107669
35387260	0.0542117890834054
35388230	0.00222772171896961
35391961	0.000614508503018917
35394810	0.000944991979677193
35398441	0.00165397081847932
35399680	0.000710792541211112
35400890	0.00325992991330744
35400931	0.00074536016731874
35404090	0.000628689232383136
35405751	0.000669120202156867
35407090	0.00116758845696371
35408060	0.0017671537835345
35411770	0.00216262613713163
35415431	0.000988028251741993
35416340	0.000704653541788428
35418260	0.0210812040053146
35418840	0.00378542925112984
35419011	0.000682171168868315
35419151	0.000650416925659573
35422010	0.000667121245659241
35425290	0.0039273164293563
35425481	0.00384990472151217
35426130	0.000830924904387862
35427021	0.0274587246686918
35427930	0.000793298423680356
35430960	0.000802900247697077
35431260	0.00999660138394152
35434031	0.000961297105617
35443151	0.000854353865739502
35444080	0.000780442196118308
35444231	0.0254085264486249
35446270	0.000972092789966549
35448671	0.00114356497440812
35450530	0.00067486694431523
35453700	0.00130824430522125
35453870	0.0454888720485616
35456500	0.00104308243234405
35457331	0.000847899156632521
35460651	0.000677425731480666
35465560	0.0162781150285034
35467131	0.000948252371112824
35468641	0.00546771091419752
35468801	0.0223056966060761
35470451	0.000737159581769623
35471151	0.000928343580270028
35473840	0.489708306285397
35476200	0.000682268105896673
35476231	0.000942105583084405
35478420	0.0697194804694713
35478591	0.00290699121997316
35481891	0.00359385659969959
35482540	0.00911030595307776
35482601	0.0017945260522481
35482721	0.000661816832446008
35483131	0.00173480801239403
35483971	0.00227355916746684
35484391	0.00597846175022588
35485440	0.0094839049155647
35485980	0.0722129177868766
35493290	0.00288735478957456
35494041	0.00240123251933632
35495401	0.000714251962625941
35498380	0.0017719893008756
35498390	0.000703911072735198
35499530	0.00138218572964066
35502721	0.00238161322510519
35504060	0.0199648898230593
35505580	0.00193600928865966
35507131	0.000861877329842415
35510950	0.0131631788645908
35512931	0.00483042672844105
35513450	0.00478770119198463
35515360	0.000965928401143749
35516870	0.000643025017976362
35517300	0.00725326005199419
35521341	0.00172011400864447
35529860	0.000649726678000852
35540241	0.00290666454303134
35545160	0.00743587579598462
35545990	0.00112939898061086
35548631	0.000996147350452697
35548880	0.00196042629087489
35550960	0.0468837612292323
35553071	0.000690045266225733
35556730	0.0170344796197904
35557840	0.517898894826038
35563760	0.00162723655149306
35565290	0.00179518464399502
35570431	0.00306033127477071
35571900	0.00304160611011126
35576361	0.00573666780730213
35576781	0.086764751915773
35577481	0.00514222429497739
35577871	0.00188870118975598
35579661	0.0807929204666166
35580070	0.0015713505668334
35581580	0.00121372540553765
35581601	0.000671042113981813
35582021	0.00203889742849205
35583541	0.00583970005370602
35584491	0.25568474052308
35584771	0.00240389646296436
35585270	0.0118316820037817
35585560	0.000661507985032487
35587661	0.0178931329569663
35588460	0.00217741793648439
35588921	0.00151410985117153
35589990	0.000642500910478468
35591370	0.000788782377811463
35592070	0.00746378718724657
35594810	0.00173251136684829
35597410	0.0014461318550718
35597690	0.00222015502869427
35599261	0.000659321941589489
35605160	0.000638792201520398
35605960	0.00158347346663239
35607920	0.0182139981948365
35610260	0.00180640109604817
35610690	0.00223302024616784
35612040	0.000888210594309891
35613970	0.00571720467230864
35615521	0.00350925520770041
35617611	0.020465573028671
35631121	0.00101187366269926
35634670	0.00237341902994689
35639470	0.000949816115090815
35639951	0.000615053201467107
35645300	0.00242825984419048
35646130	0.00597256480905574
35652860	0.00635291161078833
35654230	0.00205579052310229
35663910	0.00130582932749178
35667531	0.000690590671131159
35668040	0.00452304323143153
35669580	0.00274945147187728
35669980	0.00070498645789948
35676190	0.00124706795227448
35677041	0.00117659139922906
35681430	0.00476427785274108
35682390	0.000678603259748869
35683050	0.000670940925767643
35689160	0.00954967489272439
35690500	0.00294463508334411
35691791	0.000838281912779997
35693140	0.000839962405539381
35693410	0.000625998471647257
35693840	0.000761939202503034
35694910	0.000702164226331007
35696460	0.000729360562106828
35698271	0.00120065046803638
35699210	0.00351640339165442
35700491	0.000659038710534276
35701601	0.000699122508536836
35701980	0.00306631720208775
35704170	0.000805585679601786
35704290	0.0018217704636331
35704730	0.000665974432080382
35708150	0.000628378191394419
35709830	0.000669460282256993
35710120	0.00165646249808073
35711251	0.0022427094273815
35712330	0.000714552389747781
35713581	0.000996611495974263
35714260	0.000681361781748286
35716361	0.00206758225183154
35722080	0.000615588770487494
35724761	0.00419489980806549
35726841	0.00115464749094685
35727600	0.00288009632257725
35729041	0.000866195211618444
35729670	0.00232333990394683
35729820	0.00418880432733645
35732030	0.0250754509324247
35733000	0.000893497156608474
35734100	0.00366081954611439
35739371	0.00187009456502891
35739740	0.000715178722118948
35740020	0.000648804868271491
35741051	0.00100017236681046
35742821	0.0203960882077181
35743381	0.000761327249228557
35743460	0.000962970839363776
35744061	0.00074698711012678
35746971	0.000862214572595487
35748201	0.00735094381015916
35748320	0.00213804149209268
35750350	0.000737883978995656
35750390	0.0008541288374647
35756040	0.0102105021222695
35756221	0.120321168676111
35757840	0.00777923199627679
35758490	0.00140813780256845
35760860	0.00128459431372778
35761150	0.000792651387646363
35762250	0.00103988371314057
35763231	0.000679369720150039
35763480	0.000766550730614831
35763760	0.000618879876110715
35763791	0.000671521060612744
35765530	0.000835719876931072
35766660	0.000718760424561459
35769021	0.00561694776070818
35770510	0.0189299237884404
35773520	0.000908713573263298
35773721	0.00161806068453388
35774811	0.00195179313106288
35775080	0.00156746675569895
35776901	0.000828250130824762
35777571	0.0234012196906997
35777591	0.000979700693575253
35783381	0.00151597661761282
35783630	0.0035226910916095
35784201	0.004231569830915
35785591	0.0015659555344
35787470	0.000714183543191123
35787490	0.000615053201467107
35788201	0.000814805941028412
35789540	0.0123564275019995
35792460	0.000756542638344419
35794390	0.00319538054649361
35794920	0.0602077128271994
35795040	0.000797893762530889
35795921	0.000624308284329003
35796150	0.0013774907951783
35796191	0.000694472550978859
35800990	0.0161479837045395
35804020	0.00245448445634204
35804611	0.000685058537683911
35804621	0.000879551681087924
35810261	0.00201833299196935
35813151	0.0027822259169106
35813680	0.00169515075691875
35817140	0.00168211510998614
35819170	0.00764518836817483
35819460	0.000663065720647332
35820341	0.00063999619532935
35823801	0.011830359580608
35826100	0.000682241565388855
35827860	0.00659544747331621
35829420	0.00068234127944521
35830401	0.00901240715464784
35834480	0.0147573770352012
35843610	0.00139633049925298
35843781	0.0012563216225133
35844280	0.00201974428134177
35844881	0.0010226815128109
35845410	0.00292597926628183
35845530	0.0011125255289113
35845810	0.0014253814005842
35845940	0.000814118665206592
35846131	0.000860730439817168
35846681	0.00356243122847505
35860570	0.00128699529994813
35860611	0.00283288439518613
35860731	0.00124294167755348
35861431	0.000756761864760082
35868590	0.00274430254672615
35868850	0.0167179329535258
35869311	0.000609105333416596
35877240	0.00364483897832861
35877940	0.00178292097178075
35878801	0.00149587644516251
35882671	0.0411523711666936
35884130	0.0014489848110742
35886930	0.000677349372790658
35888061	0.00183936754368075
35891750	0.000771979277456622
35893291	0.00158003626437798
35894210	0.000693240887626505
35894780	0.00618397281785665
35904820	0.00152255067008613
35909120	0.000889024511627975
35912191	0.00134003257457053
35912990	0.00366993484638021
35917240	0.00431976144879782
35921991	0.00078987978052728
35931860	0.00267496216019585
35932830	0.000659368557314185
35940191	0.000728010176764673
35943990	0.0119616389859949
35949400	0.000638457607513233
35956311	0.00451453518935876
35957421	0.000896488398915547
35958811	0.0050782449734206
35962360	0.00130432676236497
35964871	0.00428247722553306
35967170	0.000711036380979466
35968020	0.0854568603547804
35968430	0.010159121267162
35973930	0.00204754114986904
35975491	0.02995499615939
35975781	0.00353889040747483
35977110	0.00112032523753345
35978640	0.00071417644830881
35981821	0.00864459262111897
35988850	0.0139889246660577
35989131	0.000683377746906881
35990920	0.00100001034611961
35993810	0.0152755623418159
35995730	0.00230846022105763
35996591	0.00335798095978977
36005910	0.00167748551040069
36007180	0.0182272275512094
36009220	0.0015193064069438
36021950	0.0479872128732618
36022480	0.00176834261209601
36031180	0.0110025651009952
36032031	0.00209199326387367
36033660	0.00723437758164648
36035221	0.331334542425567
36042630	0.00076944918453688
36043980	0.00161699080598654
36046770	0.00228348626622736
36053220	0.034663877711071
36055761	0.00280989070321871
36056731	0.00289196991003522
36059980	0.00117856960732798
36060400	0.00131822619792141
36060800	0.00232867931118324
36061120	0.000706700329343315
36061210	0.000783761150915329
36061910	0.00196755942791584
36062890	0.00111827768885997
36064810	0.00196045564024836
36065370	0.00286848635225992
36065561	0.00872085766665736
36065701	0.00075482438023546
36066620	0.00108673780018386
36066801	0.0043856664646239
36069401	0.19188598423558
36073121	0.00254612722311423
36075211	0.00226966418955341
36076441	0.000712633959399977
36077220	0.00319074810884906
36079150	0.000826898733456051
36083010	0.000710867140353145
36085671	0.000672027386700581
36089100	0.00695325920311102
36091290	0.00473475897855817
36091690	0.0139148132835147
36092130	0.00110961740590477
36092540	0.00464976641619449
36093671	0.000744645695239852
36095580	0.0366015422043712
36096120	0.00361563752079491
36097650	0.0331160905424117
36099440	0.00395775238492206
36102361	0.00181997050471136
36102610	0.00486081444224673
36102730	0.00087972864494867
36107211	0.000678276360721972
36108930	0.000681492322045622
36110651	0.00120202715746172
36112960	0.277083667119447
36113900	0.01861987258054
36119351	0.000842893470539897
36119741	0.00521116021352769
36120431	0.0148542265507384
36125391	0.000781423605017137
36126921	0.135136918512583
36127450	0.0123436093148994
36127550	0.00178096655243684
36133360	0.000659373731654803
36133401	0.00102985763550062
36134490	0.000665324756651768
36134931	0.0170694693437951
36137380	0.0706339469263987
36137630	0.00339426014725872
36139191	0.000728174215856256
36140301	0.000705978865566836
36141811	0.000698080186410638
36142081	0.00620058597039006
36142330	0.000686073557488652
36143071	0.00206599354406091
36144530	0.000824941590092669
36144660	0.000677196962162888
36146720	0.000963700023882152
36147601	0.121279043719918
36149770	0.000630286323889598
36150470	0.00240541481699629
36151020	0.000797732069481386
36152400	0.000657514764266583
36153370	0.00107159128977271
36153930	0.000692323901487192
36155751	0.000896239763594528
36156270	0.00161411808979078
36156571	0.00740803496891878
36157070	0.000648626633360444
36160571	0.00105080870035785
36162781	0.000653104490021986
36163731	0.000879174298869312
36167051	0.0101946740109348
36170880	0.00143745342036687
36176240	0.00129027644490109
36176410	0.00267014581733318
36176800	0.000690183150592572
36177121	0.000870651525741237
36177200	0.000655861898882206
36177391	0.00485657719519046
36177770	0.00116901669973455
36177890	0.00200070848237417
36177910	0.00239739164211827
36180581	0.000905215776994037
36182300	0.000609105333416596
36183310	0.0327346650824663
36186791	0.0143609160245921
36187341	0.00600875263721187
36187741	0.000679769661093827
36188281	0.000642166237359368
36190440	0.00433362133665864
36192950	0.000802924161438935
36195420	0.000750057044912596
36195601	0.000705512318650315
36200130	0.00213550873927052
36201131	0.00199062291005172
36201801	0.00203610204850634
36205951	0.00347533275560846
36206710	0.0933842390539502
36211550	0.00336811616589293
36214870	0.000815073759548182
36215290	0.00365447368858388
36215700	0.00112614086617806
36215881	0.00485756885877375
36215970	0.00179761401256566
36216011	0.00217476238767895
36216400	0.000609105333416596
36220090	0.00353072755248943
36220540	0.000678782305098112
36222990	0.001817117272134
36226621	0.00305632532999809
36232540	0.0831713097574789
36236291	0.0020813877040906
36238921	0.00170550975891161
36239030	0.000670617174228856
36239181	0.000676764385166412
36241951	0.00674941756757049
36242460	0.00164041382497922
36246720	0.00408088919039288
36251560	0.000704382476433732
36251741	0.00072971557102665
36251861	0.000751030839113345
36252100	0.000633369454938706
36253750	0.000817767800376886
36254781	0.00167232625599208
36254980	0.000815479488930078
36255031	0.000698271781850114
36258641	0.00531879993107971
36259881	0.00342450043527945
36260390	0.000602807101325309
36263400	0.00103831297201831
36266921	0.00111683483850941
36272831	0.000628756440645958
36273330	0.000874343478761553
36277541	0.000883868883163444
36277941	0.000659820141202464
36278470	0.00705322993438761
36281080	0.00108901457297896
36281330	0.00287590447835214
36281470	0.000657898195137889
36281770	0.000609105333416596
36282081	0.000801525902220973
36284551	0.000861168837192267
36284851	0.000795123023302376
36287120	0.00328280499893761
36287300	0.000751932698143855
36288260	0.00917278397137545
36288520	0.000844081543035556
36289610	0.00119161144775107
36289671	0.216848585936593
36289931	0.000703163329276093
36290440	0.000602807101325309
36291031	0.0209725868512846
36291270	0.000760946694819563
36292510	0.00694643875388139
36294211	0.00415585725309866
36296431	0.00068789595282254
36296660	0.0099958653815826
36297511	0.00321498544107529
36298201	0.00117658083073878
36298580	0.00201818336693837
36300380	0.00727052143654809
36300800	0.00103119946300421
36301780	0.00333333727979641
36305511	0.00065615052657883
36305890	0.0411827425608028
36306361	0.00181097993351945
36308780	0.00652645316855921
36309640	0.00858375917857543
36310720	0.000688206529797195
36311700	0.000939590178923596
36313121	0.00323917671853749
36313511	0.000646311333529738
36315700	0.00184825713295652
36316151	0.00157973432654074
36316271	0.0114074035223528
36317210	0.000898153356298582
36318320	0.000813093463939387
36321251	0.00170337127480714
36321371	0.00209024063530271
36324630	0.00965075963923729
36327110	0.000699877489577531
36330570	0.000844410216608522
36332841	0.149198659612965
36333320	0.000810123869545088
36333760	0.00134578206230586
36336431	0.0387787129052337
36338611	0.0158877972275351
36339441	0.000887897968328865
36346010	0.0103294155943334
36346460	0.00491654795949822
36346970	0.000670058245317929
36347130	0.001396133780416
36347311	0.00395050429558471
36347591	0.000687703091552961
36348281	0.00155977971635042
36351021	0.00146869258612099
36353371	0.00703313079425471
36354850	0.000776424706444679
36354870	0.00235373995023801
36356220	0.00112600851029179
36356230	0.00987828223592541
36357890	0.000744118178841601
36357921	0.000631587869103514
36357931	0.000856663548571292
36358030	0.0184156342284551
36361180	0.00149846720111342
36365921	0.00212761066772051
36367290	0.00158008883361924
36371670	0.0026326560106698
36372940	0.00115245097366099
36374720	0.0289725091691399
36377101	0.0039938365686782
36377620	0.000723647641791604
36378590	0.000669451591503565
36379871	0.000651495422684671
36381361	0.00799360972847621
36382310	0.00077555166880265
36383000	0.000609105333416596
36383311	0.00956298099548016
36386420	0.00218711183047723
36388220	0.000911317451993475
36388230	0.0331528604497712
36388630	0.000778308583051889
36390191	0.00135515904077163
36390970	0.00147933200934143
36391270	0.000768842410874268
36394061	0.0633566520592191
36394611	0.0305044310837921
36398140	0.00825087860641876
36398850	0.000695953358897124
36399960	0.000755140277857466
36400940	0.000632956021358108
36401490	0.00545192527408273
36402560	0.00447518531364105
36403380	0.0559013811572552
36404831	0.000632405888028905
36406071	0.000740909608550092
36407660	0.00247606550589384
36408090	0.000749336227071317
36408261	0.000659001511603552
36408770	0.000775043013209886
36411841	0.000688292177913104
36412531	0.000754223034661032
36413330	0.00116916426052006
36413641	0.00130696841769159
36414970	0.000679024877137009
36416271	0.000653574960789422
36417730	0.000781965677464229
36418440	0.00234218136169953
36418850	0.00665716750012187
36418970	0.000866000151099727
36422300	0.0213301950533742
36422980	0.000793213392920818
36427110	0.00345716617865214
36428811	0.0387497963506773
36429771	0.057857498313889
36430751	0.111030835579865
36431280	0.00268224078108726
36433040	0.000698752667025011
36434201	0.00384949896890715
36435571	0.000697142868535003
36436370	0.00311043538237865
36436811	0.000636904267450351
36437730	0.00124809530886326
36437781	0.00377361658155813
36438300	0.000726992925741388
36438310	0.000633074537696948
36441200	0.00110800388878237
36442590	0.00521590353748137
36448500	0.00188458803233567
36449320	0.00080368242662533
36449460	0.0200862704991335
36450850	0.000973657399437424
36452141	0.000794337985030003
36453030	0.000882458900459794
36454820	0.0131740884428273
36454990	0.000646484910772405
36456070	0.000887691596384953
36459120	0.000632819231887885
36461870	0.00503314410695966
36461911	0.000820386369575604
36464941	0.0485628679086296
36465310	0.00421203623960703
36466840	0.000714591233592341
36469890	0.00246956734137047
36470150	0.00167226925483667
36472251	0.00434555955995097
36472821	0.00080316093580331
36472941	0.0113756149096883
36474960	0.00298519591294349
36475421	0.00508478676176138
36476500	0.000705435915654786
36476920	0.0036521425291955
36478191	0.00101456658180796
36480220	0.000890479365755807
36481040	0.0201210776082032
36481170	0.0417330145144671
36482690	0.000737762828643824
36483670	0.000656150226789908
36483861	0.000683963182714997
36484100	0.000889111674247111
36484240	0.000657623328170667
36485990	0.00326230895221751
36486881	0.00886430455763594
36487960	0.00151605362001172
36489470	0.000630529774066194
36490310	0.00190753006199792
36490410	0.0103180755793115
36494191	0.0124860122687908
36495100	0.000636537281120147
36496251	0.122580170920982
36497610	0.00107948140099901
36500210	0.00150272983628011
36502891	0.000790185622682109
36506690	0.00192033643716938
36513030	0.000944423750069802
36515510	0.000821317921303312
36515670	0.000673213466921691
36522570	0.000829250915374985
36523141	0.00147359327389644
36523680	0.000922194829324139
36523711	0.000726361052281645
36524090	0.0100342632288391
36524770	0.000680177969758735
36525091	0.000639473067374859
36525361	0.00134201783247902
36526181	0.000697144399816951
36527551	0.143866363718438
36529501	0.00527370696947856
36529720	0.000665292359384889
36532531	0.0105459493677916
36534440	0.000863012873658823
36534540	0.0019613274022148
36534731	0.00096522782601115
36534970	0.00668617557149142
36535291	0.0218145260510246
36535441	0.000626375885382927
36535510	0.000962362950683305
36535820	0.00212532742069665
36538440	0.00286199116729777
36540801	0.000998887819171255
36543411	0.00133485730150867
36546130	0.0394561353425385
36546560	0.00773561318775331
36547390	0.00148516191430741
36548090	0.00166243870835425
36549030	0.00066155568987243
36549200	0.00202867490294103
36549501	0.00229097039970909
36552200	0.000635821023100325
36552620	0.00182860301435849
36552801	0.00334756585046601
36554430	0.00458435676805492
36555151	0.00067714820729743
36555551	0.000801189451146539
36555640	0.00456561614698416
36558540	0.000624135947566895
36559250	0.000619249228580906
36559520	0.00271504635722735
36562950	0.187879692288445
36564760	0.063030733609007
36565351	0.00884041217623821
36567220	0.000669765043415836
36568500	0.0104129680519408
36568511	0.00372043685193114
36575260	0.00185491947953573
36575981	0.000696308303059873
36576371	0.00296060272841108
36577211	0.301379308218759
36577341	0.000657721923501982
36580521	0.000948649770418644
36583681	0.00151522760790361
36585730	0.00112029975689216
36585891	0.000996966165140078
36585990	0.00361399341946182
36586120	0.000816334004239787
36588050	0.00252989243724982
36588090	0.000609105333416596
36588121	0.000686776903980779
36589330	0.001467788614431
36591701	0.00196359835505267
36592791	0.000666763925844625
36593351	0.00612215600571466
36594970	0.000967327588887522
36601351	0.000901512585627487
36602140	0.000782726926023732
36603500	0.0011021024171774
36604470	0.00257133458707755
36607670	0.00202077496745137
36608111	0.000724776291994529
36608500	0.00153042452845464
36608600	0.00405206783351857
36609720	0.00314080741662735
36610581	0.000830103561572829
36613071	0.000656677113713638
36613860	0.000667309273079376
36619090	0.00579237385803132
36620241	0.000621095470781709
36620921	0.448647219681425
36622560	0.000643134478196347
36623390	0.00653665236171809
36625491	0.00705982671693532
36628220	0.00103571571237881
36630940	0.00534194409346565
36632900	0.000742466015231705
36633320	0.00174298688810563
36634110	0.00789197878483471
36637050	0.00867847019376185
36637341	0.000719031052091526
36638321	0.00121940413238409
36638430	0.0023546723741772
36640360	0.000754191798228455
36642010	0.00180366094824922
36643141	0.00085180276337013
36643790	0.000854030560821749
36644101	0.00161667273723498
36646171	0.000825176535257471
36646601	0.0214907186803607
36647681	0.000627283949852366
36647800	0.00520765355474578
36647971	0.000701180516728233
36648610	0.00191630768953109
36652941	0.00105403944494817
36653430	0.00372379634139343
36654021	0.000748431046059952
36654721	0.00336739362223645
36657201	0.0432534030704591
36661351	0.000889708148130272
36662290	0.676883721759354
36662721	0.0117601024747962
36666260	0.00474410043082976
36667630	0.000630682259533785
36671240	0.00313888660046205
36671250	0.00404233945049317
36677201	0.00886245316184168
36679131	0.00312973541827496
36682550	0.00109621097368229
36684470	0.00543485919586991
36685440	0.000703367328289035
36685491	0.00110366413924002
36689980	0.000811228525535184
36690660	0.000924394178592273
36693761	0.000725112686435422
36693850	0.00103169251564589
36694120	0.0270630240646529
36694591	0.000776407541041958
36694731	0.000824587542964643
36697450	0.000742797009325178
36697471	0.00101977098835017
36698280	0.000677295536535847
36698560	0.011018554198276
36700180	0.00179281788437592
36706571	0.0190359027248147
36706841	0.00103019702538244
36712771	0.000762101453465211
36717191	0.000609105333416596
36717201	0.000732755085495427
36720450	0.000855153946741571
36720750	0.179964565083623
36721751	0.00201730766659912
36722701	0.00380684828917215
36722981	0.00270259536507849
36723080	0.00187236595419929
36723520	0.000669617836640126
36724241	0.000617285167430568
36726151	0.000899385543419102
36726520	0.00109509128796032
36727070	0.00200550377238373
36727401	0.0206686602532382
36727941	0.000727531958456053
36728921	0.000939229588691833
36730140	0.00167499105620646
36730660	0.000814504921143697
36732060	0.027075644850173
36734110	0.00314347259641344
36734670	0.00218632388269337
36736880	0.000603331937053175
36739370	0.000669394559865427
36739490	0.00118407146740714
36739520	0.000817727917009608
36741150	0.00842625248240731
36741160	0.00145229371558356
36741560	0.000744174315675481
36742581	0.313002290249682
36742810	0.00144729548407519
36743691	0.0201443945991064
36744740	0.000636904267450351
36746410	0.00632168459470011
36751510	0.00182942725535515
36752921	0.000704998057421294
36753140	0.000855846294622218
36754311	0.000682892839499598
36754650	0.00633663822565261
36756210	0.00304084984813041
36756320	0.000713306010271819
36756491	0.0132909402123221
36757700	0.000776481461366887
36758291	0.000754556912093484
36758981	0.00075450997613444
36759661	0.000678815429619763
36760590	0.000658568619695932
36760931	0.0479470504016113
36763801	0.0007500495854257
36771521	0.00335337187071743
36773051	0.00272466652131033
36778171	0.000734332639495529
36780081	0.000646861801164238
36780101	0.000700016839645213
36780330	0.00220376769900935
36780730	0.0018315481574831
36780750	0.128828965469591
36780781	0.0352141996121946
36781181	0.000667566094033895
36782960	0.000838029192800753
36784761	0.00259906858050654
36786031	0.00165810848710032
36788060	0.00113930357672081
36788081	0.0174171940974701
36788761	0.00103133107074171
36790571	0.0244272141919997
36790711	0.00279679513555499
36792371	0.00810140792521744
36792511	0.00166018870122867
36794940	0.00308503455228957
36794960	0.000921015575920354
36795780	0.000876378965945156
36796081	0.00169925819760741
36802530	0.000625449166984167
36802640	0.0160331662628138
36804580	0.000613093329040597
36804621	0.000641902885492471
36806100	0.000691926999502049
36806370	0.00242594771686171
36807640	0.00279209530769575
36811681	0.00132433228718836
36811780	0.00213964581389712
36813020	0.000747508076522897
36813741	0.0213271791982084
36814100	0.00116856615732745
36817020	0.00173425347713287
36817570	0.000909913771377566
36817891	0.00342057671585847
36823251	0.00378884677086625
36823490	0.0022909534853641
36823890	0.000674902481254269
36824450	0.00189549017055958
36824750	0.000868560755890931
36824850	0.00174364140253081
36825601	0.000831933685996688
36826130	0.000717439404077825
36828761	0.0018462797424055
36828890	0.0010089219780757
36829120	0.151293990030597
36832470	0.00117966373210724
36833471	0.0113866903342698
36833690	0.169030923367977
36834141	0.000751140112382745
36834400	0.00758047512251958
36835080	0.000657496940612482
36835941	0.524177857998719
36838141	0.00243553401405853
36841980	0.00218753725606975
36842130	0.00117252382301913
36845471	0.000981085328372797
36846640	0.000611907606523361
36846780	0.000681259815997603
36846961	0.000679336043336017
36847910	0.001195235541591
36848170	0.00111462257345516
36853010	0.000764338677585715
36853300	0.14002204183339
36854250	0.000629648580160618
36855770	0.000846763705023403
36858021	0.00191450720731703
36858821	0.000645050209878518
36859200	0.00242109897998632
36861721	0.00195174260194301
36862561	0.00397542511758374
36864020	0.00287750516486502
36870790	0.0368018603086949
36871381	0.0119644073962696
36871931	0.0177122664557747
36874681	0.000614694629685213
36875401	0.00779468912880066
36876880	0.00159552792854248
36879111	0.00162502779263912
36881991	0.000615053201467107
36882250	0.0394727663864847
36882711	0.00065298563619624
36885581	0.00067338991044465
36885710	0.265959154944103
36887671	0.0691409084327688
36889871	0.00333957354897796
36891350	0.00149378108080153
36892020	0.00216545566843005
36896491	0.00502719483836414
36896860	0.000615952871181474
36898001	0.0015685219833501
36899220	0.000660087437696074
36899880	0.00261448650165608
36902370	0.0116994370801338
36902411	0.000693707888682736
36903460	0.000672360950936731
36905010	0.000779765215461094
36905110	0.00127609791705761
36905970	0.000634445570094878
36910630	0.00064362817559141
36911190	0.000652603409689369
36911330	0.000636836906785504
36911620	0.00312501169431083
36911750	0.000642210649463387
36912491	0.00438106800398297
36914260	0.000633389165172048
36915740	0.000868447677600161
36916481	0.000754843362663703
36917940	0.00476290164471682
36920491	0.000923820024528263
36921110	0.000758510746670718
36921530	0.00110636644370678
36922770	0.031436321561099
36923671	0.000626834840071275
36924491	0.00241666665778057
36929400	0.00111084059821009
36930790	0.00160931347819509
36930951	0.32564411302093
36931490	0.00350525138008227
36932221	0.0061548366425283
36932320	0.0063221277245687
36933851	0.00165668878685694
36934210	0.00827460397498736
36934920	0.000889299748530657
36935531	0.000694653168561037
36938490	0.00380778226553555
36940611	0.00247069967843319
36940621	0.00068738304948152
36941400	0.00140733337313475
36941721	0.00585526077926418
36942411	0.0376406830142855
36944720	0.000630818178406133
36946261	0.000635126817927386
36946530	0.0037553675341631
36948180	0.00377640765369042
36951060	0.000847987205822572
36951630	0.00117114759617124
36951760	0.00305161931201099
36951801	0.00090622253121267
36952010	0.00095280850453495
36952170	0.000783907089527973
36956491	0.00170909708496645
36958390	0.00176113672742128
36958920	0.00198472841993453
36959060	0.0006223015443527
36959231	0.000794188256890574
36960170	0.00164219125410313
36960310	0.000818345031434321
36960440	0.00220834617904235
36960741	0.0236892426177818
36961581	0.000613093329040597
36961830	0.000979366948442751
36964310	0.000628706317962668
36964860	0.0620710611628417
36965960	0.00227371372642975
36966070	0.00399636842369159
36966630	0.000778561217385098
36969550	0.00293111868398547
36969721	0.157487603876377
36970541	0.0251834815725245
36970681	0.00355470547020742
36971801	0.000655199157030538
36972150	0.000670532426671258
36975781	0.000634676339395159
36975900	0.00113243520815959
36976741	0.00636729783643522
36979070	0.000687556877579502
36981010	0.00109900680947746
36981280	0.00411657140333036
36982630	0.00127700236896213
36983941	0.000783065969774037
36984061	0.000734080511745214
36985110	0.00215190290755469
36985841	0.000861903551643859
36986210	0.000960533837339185
36986790	0.00529770366171665
36988000	0.0214333147076361
36991470	0.000710293378720057
36992030	0.00521218799340217
36992560	0.00232127828768244
36996211	0.000774442366612669
36996341	0.000687475628611045
36996751	0.00270765944642074
36996881	0.000678717042572376
36998401	0.00207170115688615
36998900	0.00246450800475674
37002640	0.00236420144155141
37005701	0.00360384945936647
37005851	0.000807210234737755
37006110	0.00208994182928521
37007511	0.0146219507912852
37007590	0.0102206063829758
37012690	0.0133955107550048
37021581	0.00329898893472248
37021981	0.0006223015443527
37024061	0.000613093329040597
37037171	0.273545831523171
37037970	0.0116195990603622
37038760	0.00700731552936576
37043320	0.000747630825580165
37045701	0.00069238797268258
37047221	0.00179963798331074
37050770	0.0114309321312576
37051361	0.0023472554547971
37051371	0.00154536134694314
37054760	0.00905033365699724
37055470	0.000717633193501907
37059880	0.000830395204841325
37062210	0.0367124892372318
37062500	0.000856272269120912
37073390	0.00521035691057598
37078121	0.000813826716372472
37080321	0.00161419852041633
37083450	0.00144127339842233
37085011	0.015034877832628
37104540	0.00162355996457948
37104861	0.00538620374113377
37107771	0.000721879297532264
37110480	0.000769647518154589
37111440	0.000687780156361117
37116270	0.00715359081569218
37120611	0.00867364595988331
37126920	0.000683382306998705
37128850	0.00666095340674778
37137151	0.00441357863911827
37140550	0.00249747781775446
37147320	0.0138391661858463
37151440	0.000737128530072048
37164451	0.00128290918264243
37164820	0.000720133924763414
37172820	0.00063588334746773
37173400	0.00103725470140503
37173650	0.153252791044032
37175040	0.0388666325559894
37175150	0.00337266198155986
37178190	0.000697537190367747
37179621	0.00210862735492877
37181831	0.0027644465013825
37182391	0.0390582467817814
37183491	0.000855438766245967
37186330	0.00673925252055828
37187771	0.013932528215126
37187901	0.00316449202883898
37188700	0.00964362950068647
37189380	0.000728722997317632
37191730	0.00297305362921957
37193141	0.000952195221149376
37193291	0.000734382566591544
37194180	0.000678004002598723
37196970	0.00366166275487586
37197841	0.00177935160723047
37201401	0.00418260800438437
37201681	0.000916610226712847
37205821	0.00108375613145378
37206620	0.0121040943878585
37211310	0.00187536770615001
37211361	0.000907696919431833
37215631	0.140931570875586
37219600	0.000740928939476105
37221090	0.00166935214666532
37221660	0.000915702384232137
37222381	0.00129959964636361
37223020	0.000657230263369299
37224110	0.00671852932885854
37224660	0.00167799904820572
37224840	0.000755778192756753
37225120	0.000713548871642101
37225541	0.000860443985101803
37227280	0.00328949505550893
37229541	0.000677304065536395
37230060	0.000702658374089461
37230200	0.00112627206207356
37235280	0.000657802676951069
37237240	0.00514234470771818
37237360	0.000899947202027935
37237701	0.00558398883872367
37238060	0.000913557445772604
37239700	0.00165377258615098
37241110	0.000771136089843692
37242050	0.000878946712929109
37244390	0.00236198723143964
37244991	0.0183002799618501
37245530	0.000824414072036764
37245671	0.00903642516821265
37247560	0.0010125220528052
37248981	0.00179645381984623
37249261	0.000630712752233595
37249520	0.00064597170581324
37251560	0.000674616985420006
37253961	0.000727501917254652
37256400	0.000606753885567106
37260670	0.0477264578350022
37262900	0.00255198554773452
37263700	0.00114083196769963
37265100	0.00513177871017047
37265490	0.000740719254722936
37265630	0.000911428576266597
37266490	0.000671203920602906
37266630	0.000685913875326011
37266760	0.000632842953541833
37269811	0.00331943717038488
37274190	0.00221573776331063
37274801	0.0012844027549584
37276451	0.00123280158539776
37276981	0.00434860885307301
37279160	0.0274860094834232
37279481	0.0637765491592892
37280380	0.000893405144049184
37280800	0.000906761755899232
37281261	0.00358153901454349
37281531	0.000680903616925515
37281671	0.000649837665160933
37282050	0.00214475724018721
37282511	0.00224255498753063
37287730	0.0024574647377332
37288441	0.000857649362627215
37290480	0.00160095041304151
37295140	0.0025213186794956
37296420	0.0134183834018783
37296721	0.000638109038317558
37298350	0.000784308756474898
37299881	0.00377422686410112
37301080	0.00462381703463784
37303430	0.00382642815543997
37303761	0.00063737481711343
37307071	0.00100895485219124
37309510	0.000797770162547758
37311420	0.0883695864114279
37313110	0.00296707393635166
37313510	0.00168926417171153
37314781	0.000844514185896059
37315621	0.00241506162909789
37315891	0.0105329667206394
37316011	0.000789016222890937
37317961	0.000747648920545069
37321531	0.000654803778809928
37323430	0.000684367606375276
37330501	0.000750031606484628
37331720	0.0190247530626516
37331871	0.0150083778880723
37334870	0.00235167332580434
37336161	0.0473295481695573
37337350	0.00368459704544187
37341681	0.000752208280952801
37342040	0.0047752032938906
37346740	0.00195294510109226
37395451	0.00175005388936319
37413241	0.00110817500741555
37416240	0.00305545353752824
37419321	0.000697337960068625
37420660	0.00130630304991108
37427980	0.0387496751118725
37430020	0.000734479136746635
37431181	0.000654998010714547
37431540	0.000609105333416596
37431550	0.00149745772578942
37432431	0.0108941765084407
37432540	0.000737738306006208
37433780	0.00227783073559869
37434631	0.0484101500249758
37435270	0.000619990099077914
37436800	0.00063721936684087
37437381	0.000708793253058592
37439051	0.000753922640888507
37444090	0.00913948355219821
37444711	0.000662360561468446
37446091	0.00307912937873652
37447041	0.000765756895372346
37447140	0.00166597077493049
37448660	0.224581672468983
37448701	0.0006223015443527
37449230	0.000716046634884983
37450600	0.00254092301161097
37451980	0.000643525894860795
37453251	0.0236344243231949
37453371	0.000635123268672814
37454440	0.000680961952159672
37457920	0.00437860848726198
37460981	0.00143172975768305
37466880	0.00386541012364167
37467280	0.000886932210035917
37471840	0.00117854438342731
37472291	0.000694951351638563
37475331	0.000756741938637897
37479881	0.00073808975116512
37483591	0.00744885273401984
37483680	0.00223923734622401
37484571	0.00151103899488432
37484701	0.000644330244589865
37486341	0.000620797865153798
37487420	0.00216052420540505
37488151	0.0171719834214173
37489210	0.000750939455824589
37489480	0.000671543225478775
37489740	0.00104572848196023
37491301	0.00254409001760239
37491540	0.00140627051886837
37492090	0.0100558863900459
37492250	0.0012566284509098
37494341	0.000665426516892779
37496831	0.000645078358621581
37501251	0.00288469316806836
37502740	0.000660909631339183
37503120	0.0454899514330247
37504220	0.00513280855751798
37505340	0.0535661268434557
37506460	0.000844087932127894
37509870	0.0134706260091714
37512780	0.000622178378710707
37513470	0.00172463048660519
37515690	0.0131933748142993
37517070	0.00173581272347885
37517251	0.000691499151523081
37519560	0.000621331493456891
37519940	0.00236009226958824
37520230	0.00375584249138915
37520380	0.00381096992932206
37524770	0.000782559760497582
37525661	0.00153836641623475
37525740	0.0111942549248028
37525880	0.000696322809625555
37526300	0.00226700436875582
37526450	0.0133008833462931
37527441	0.00231156771329034
37527540	0.0142212547180689
37528951	0.00230802663672083
37530320	0.000773300212008445
37531581	0.00247034567364329
37533111	0.000643915518925093
37533630	0.000739779615824656
37536261	0.000929823615260944
37537890	0.00236477873702482
37539591	0.00668299165625452
37541361	0.00176938091791505
37543550	0.0013964465332161
37544490	0.000614434563368546
37545340	0.00416382501922446
37546491	0.000942384801420462
37549610	0.00149445737655217
37551441	0.000668111360903672
37553620	0.000744693506014199
37555181	0.00190870811512904
37556800	0.000871132867042545
37558901	0.000749182202948634
37565661	0.000682896712962766
37565911	0.0012494007980644
37569460	0.000999744305222894
37569661	0.000780545382390462
37576100	0.00421369940368138
37577210	0.0147396982291405
37577931	0.00109750699097326
37585170	0.002347775954038
37585190	0.00233461455751057
37587311	0.00562945628395111
37588541	0.000627942509328494
37588811	0.00582152987869647
37589330	0.0023152340800395
37594321	0.000636069584987104
37594570	0.000674049357675805
37594590	0.000646861556600672
37594720	0.000660091805455957
37598040	0.0713318215676874
37599031	0.000985105789190824
37601371	0.000763912199000023
37601580	0.000821648206656774
37601590	0.00576730901177481
37602980	0.000718235638421581
37604340	0.00255305266815958
37604660	0.00111622525527849
37605330	0.000688920117736545
37605460	0.000680376111245707
37605631	0.0118161040493118
37607571	0.127271182499713
37609600	0.00141530917065774
37614150	0.000817262310621874
37621310	0.00073161287199627
37622010	0.00523647919213304
37622741	0.00174690416885966
37623291	0.0118546258146076
37623960	0.00800398966459677
37624630	0.000796374604527175
37624811	0.00561002437247599
37626601	0.00318737220045945
37626621	0.00410851046264209
37627670	0.000649299479649745
37628111	0.0184849155774795
37631031	0.00139009941426403
37632681	0.00809388680060227
37632811	0.00165012648510907
37632890	0.000633102462171228
37639370	0.00072291674937288
37639650	0.00177807121360542
37641620	0.00480617216527956
37643281	0.000669390076012167
37646020	0.00720730194354382
37649750	0.00116869276634228
37651441	0.00121152462433321
37653460	0.00688444942793937
37655920	0.000617034001841337
37657200	0.000644726591531503
37658440	0.00091082167719794
37659100	0.000976398838772927
37663971	0.053656286124218
37667991	0.00962505739936696
37668340	0.000843360104765217
37670170	0.00748650404416976
37672790	0.000883916281798138
37674341	0.00254200817040498
37677371	0.000899097590165785
37678010	0.000867588233349121
37678150	0.000655642855340162
37680330	0.000814457888669985
37680381	0.000703004848105907
37682990	0.000729207571360079
37685300	0.000735069479697625
37685460	0.00155211326106802
37686881	0.00143933605537701
37687301	0.00127088518256724
37688760	0.00125036049099606
37689610	0.000613093329040597
37692350	0.000781141776281476
37693570	0.000721785753048208
37694471	0.000662347865636165
37695011	0.000682112589578161
37695260	0.000644436578823214
37696541	0.0166971493156329
37697911	0.000670213578129774
37698741	0.000851713895408207
37699800	0.000631510601186345
37699920	0.00149345698954491
37700490	0.00272677987697782
37700671	0.00113578429807169
37700890	0.000801486969963091
37701211	0.0015837476189658
37701501	0.000659457419918784
37702321	0.0165656742493182
37703680	0.000675122382773522
37703950	0.000787293032337855
37704610	0.000667601400663976
37705050	0.00152690833839052
37706840	0.000692352649689072
37707530	0.000638668852076654
37710611	0.00142857225488775
37712651	0.0006223015443527
37714010	0.000656141114278103
37714051	0.000681960063763753
37714741	0.000636803472989934
37716500	0.000677821703462729
37716880	0.00261828746697029
37719851	0.000677078289614164
37720780	0.00722181493286628
37721631	0.00103900246297901
37723240	0.000658182560967703
37723411	0.00564865323349532
37723561	0.00101460876871452
37724801	0.00191180158133393
37724951	0.00221906792831909
37727230	0.0557305390041615
37727250	0.00173535882007572
37730611	0.0176871501804606
37733570	0.0027134641672763
37734290	0.000647388530761571
37736080	0.000743701945838702
37736190	0.0100213241509278
37737710	0.000793131340308162
37739411	0.00426541508814546
37741050	0.000823129312152273
37741751	0.00981641948959574
37742550	0.0141165077811022
37742710	0.000986296748802405
37744880	0.0124104566948984
37746031	0.00176492010361492
37748671	0.000640230279148666
37752791	0.000819179575944891
37753020	0.000881142995192289
37754970	0.00166305223840141
37756070	0.000608693505068779
37756921	0.000817939135594195
37757710	0.00115324831159196
37758311	0.0486271772104716
37759630	0.00282319839236736
37759930	0.000674993793565904
37761730	0.00727002081953722
37762420	0.000708733891044169
37763271	0.0671496151510595
37763650	0.00192542182256923
37764210	0.355614580227828
37767110	0.0213044372167409
37770250	0.00869204678792875
37770570	0.00144100719191148
37770731	0.00795283127883126
37770970	0.00111554354583786
37771390	0.0508567909632329
37774940	0.00112924150672905
37776080	0.000964224408648945
37777020	0.00362867252664125
37778120	0.000805005500963731
37778161	0.000694850496306469
37779971	0.0033295447280463
37780880	0.000672049629992194
37781450	0.00471650909732091
37784210	0.0143249301923955
37784931	0.0058724758492528
37788640	0.000624191236033474
37788811	0.0008657180624409
37791561	0.00163811788418932
37793300	0.000789839094193
37794181	0.00153452414731359
37795681	0.000969438932494632
37796231	0.00404222342302422
37799401	0.000708797354210924
37805081	0.00847962304141402
37807800	0.000868882769954502
37812111	0.00499199854655935
37814731	0.000715254771582306
37816320	0.00199797594924043
37817570	0.00109410361679997
37817911	0.00488875942054308
37819151	0.0119506027601333
37819220	0.00211997396650672
37820320	0.0499228417246826
37821030	0.00364042422550413
37821290	0.000822323304656348
37821430	0.00170200387406149
37823261	0.000703495291314979
37823670	0.000655750191035157
37824350	0.00316535434247033
37824381	0.00102690321733944
37824490	0.00574638042628064
37825280	0.000704770290725385
37825351	0.000781222280950749
37825481	0.000639536789991539
37827131	0.00352729679169487
37827261	0.00203463958745583
37827681	0.00106396112789835
37827790	0.00349848417713217
37828391	0.25136433113919
37828511	0.00123899663983532
37828730	0.0344563239372762
37829741	0.00240630125079562
37830171	0.00273954788131028
37832210	0.000713006786635881
37833720	0.00164303922513865
37833980	0.00345859585658374
37839141	0.000909370220783513
37839900	0.00126688531904848
37840200	0.00142654384321738
37841211	0.00279184854914318
37841280	0.000615866945730008
37842690	0.000635953065861341
37845481	0.161797079861765
37846520	0.000628127217502176
37847141	0.000691783315978671
37848511	0.00345200571997799
37849040	0.000877966013126088
37849440	0.00327506152206623
37852101	0.000686595094689844
37854161	0.00894579427597064
37854660	0.0180349690391393
37857580	0.000697136953689599
37857970	0.00244856805385587
37858591	0.000885683794664801
37861010	0.000874353525262291
37861471	0.0024539885001176
37863790	0.00312893779971809
37864880	0.0034027048409618
37864921	0.0039099628866572
37866871	0.00348413159171164
37867271	0.00102218211025662
37867401	0.00157900878518472
37867821	0.00100719356368104
37868511	0.00224431264826069
37869611	0.0261239725605736
37871271	0.00914272754398367
37872330	0.00110464541037966
37876860	0.000716299342687312
37877040	0.00135194211874324
37877280	0.00164198106640333
37878930	0.000829805447961274
37879281	0.00225163230876359
37879520	0.000724047888610549
37881560	0.00072844673194437
37882031	0.00527587245558132
37883210	0.00390936547472736
37884740	0.0361690889387182
37885621	0.00131702092256105
37888030	0.00195065694357498
37888590	0.00164211361858219
37889191	0.0307749942480873
37890250	0.000872825271434795
37890380	0.000678636355772092
37890820	0.000875317448461783
37891821	0.000755122215277234
37891941	0.0040587863673418
37892070	0.000859796237349059
37892661	0.000659481723029825
37895271	0.00204670022000393
37896740	0.000725207962929232
37898851	0.000796861809313206
37900210	0.000819031636303549
37902820	0.0011688501945322
37903271	0.00254715480598436
37904070	0.000780523887818521
37905570	0.000706653898297114
37906790	0.00111157341079119
37909010	0.000696702153624131
37909150	0.000630995591291322
37912081	0.0006223015443527
37912740	0.000979627225044085
37913051	0.000899757573185855
37914410	0.00301890156537963
37914841	0.000816214936616563
37915090	0.00289867568834862
37920320	0.00217864918871406
37920330	0.0057784490173336
37920651	0.00628713453118384
37921041	0.0022919394419865
37921570	0.000643019245563753
37922291	0.269302203769338
37922830	0.000649847191691162
37922930	0.0039454649132848
37923500	0.000628479260615334
37923770	0.00814588466190255
37924791	0.0173435511313642
37925840	0.00106924198090543
37926981	0.000818966658259911
37927811	0.00132941193309554
37927890	0.00224811476398596
37928050	0.000665254968539593
37928720	0.00258421056103565
37929191	0.00206772419943845
37930380	0.00169858125132931
37931230	0.0117069317659772
37931750	0.0278468216989644
37937051	0.00192579671393412
37941000	0.00119905787096613
37941010	0.000609105333416596
37941140	0.000615053201467107
37941181	0.000699503779659862
37941481	0.0108684529901896
37941891	0.000830812099203108
37944340	0.00389857817317118
37944491	0.00664799670291691
37944921	0.000641212102445627
37944990	0.000928850283863741
37945700	0.000768095989691459
37946660	0.000653208902054283
37947240	0.00112073193712823
37947801	0.000816827512852179
37948361	0.000735527748545508
37948460	0.00123109836712015
37953410	0.00140763610924127
37953580	0.000975055410133104
37956491	0.000760225963532175
37957860	0.000629089662040627
37960060	0.0015983119544173
37961430	0.337672033739799
37961471	0.000795800265559139
37962441	0.000633208418166794
37963330	0.000716180084503697
37965170	0.10296533100473
37965591	0.00242777706221847
37969540	0.0017525868787522
37970090	0.00323359722363367
37971230	0.00139950646266101
37973030	0.000799506498240838
37974260	0.00445926040394052
37977751	0.000761131955328208
37979821	0.00213107282133304
37981861	0.00252889714881901
37981950	0.00128938214884032
37982130	0.00167982844554882
37982790	0.0115550101383899
37983330	0.0170827195232373
37985140	0.000694224931770326
37986410	0.000609105333416596
37988081	0.0126595350413338
37989130	0.00291510944102026
37992351	0.00134971351113315
37993140	0.00201881691887564
37995880	0.000737601146764263
37996180	0.00154449722632375
37996880	0.0028864486194991
37997130	0.00218317514792841
37997191	0.00106377863662675
37997300	0.000768421984371581
38000020	0.00108509862737362
38000190	0.000710535059567192
38002141	0.000688448248316308
38004231	0.000853724672650552
38004501	0.00108895881667757
38005440	0.0123054293460405
38008600	0.00280959484920875
38009430	0.000810368447789943
38009591	0.00591712284290743
38010360	0.00129666065834249
38013611	0.00090443249753547
38014561	0.000676894775998511
38014810	0.00245427747320918
38014971	0.000674628855969022
38015121	0.000805445329668015
38016050	0.000637489787598689
38016160	0.0017632679422325
38016330	0.00100145482316251
38016450	0.00188814292342555
38016491	0.000814642354723079
38017120	0.000723799186454627
38017270	0.0054939087661169
38018800	0.000682006845509388
38019490	0.00220320768898968
38019610	0.00211122324853833
38022301	0.00119909692250647
38023241	0.00270971897701286
38024160	0.00266432261972843
38028850	0.293192467032201
38032221	0.00112471395727499
38033871	0.00372244109601194
38034100	0.00150159533558595
38034400	0.375859177532927
38034950	0.00142186819167538
38035251	0.00647983987392471
38037010	0.000694692750253663
38038220	0.0256926178747595
38040880	0.00231202851314139
38041000	0.00157515671886005
38041031	0.00296720645127491
38043651	0.00186229182311914
38044300	0.000608693505068779
38044450	0.000867821652091324
38044860	0.000697316231617445
38045991	0.091758225112931
38046971	0.0040743908850742
38048361	0.00114580482697385
38050831	0.0522995756585845
38051630	0.00202952243472946
38052030	0.000710969903916917
38052150	0.00389784972445416
38052850	0.000912711711741317
38052891	0.00176638617624579
38055651	0.0195852558021786
38056211	0.000630682259533785
38058131	0.0183094383590003
38061991	0.0224707982437575
38063470	0.0673228420184554
38064310	0.0636598905416009
38065461	0.000697813309969384
38065940	0.000934494595747364
38066520	0.00222349226819561
38066650	0.000972154120598796
38069000	0.00139515304214417
38069010	0.00375183212629053
38071490	0.00138745725263743
38072320	0.000613542843900183
38072700	0.000653439637807743
38072880	0.000701395355394799
38073150	0.000737908390255108
38074490	0.00287484195395419
38074940	0.000800760946132108
38077441	0.000794121393372907
38078650	0.00302068275779288
38080150	0.00072073051070801
38081741	0.00507400611242288
38082240	0.000613093329040597
38083531	0.00238769070300857
38084351	0.00761614038507653
38084430	0.000842905116889116
38084730	0.42470707335004
38086681	0.000644516661727263
38087360	0.259081649301434
38089110	0.000838198512247777
38091040	0.00412414034056823
38091330	0.00397935372658077
38092761	0.0674933520511554
38097840	0.000736944878904689
38098110	0.00160935042334664
38098541	0.000649118854586617
38098831	0.000626375885382927
38101321	0.000780326589003644
38102390	0.00111720263973018
38104860	0.000639402158575854
38110670	0.000701960284435532
38110800	0.00665880157792502
38115330	0.00259338669345547
38115371	0.0113353364692371
38115460	0.000837930507155823
38117591	0.0067693173645769
38120071	0.00164102142395952
38124481	0.0010483238414399
38125000	0.000983214439886679
38127521	0.00115475321261741
38133550	0.0167437553287261
38137321	0.00408697953640935
38138520	0.000816967810702655
38138940	0.000954437788397666
38141970	0.0215517189433317
38142900	0.112993221948003
38143080	0.000795380404465365
38149571	0.00202579419516934
38151771	0.000726364291792527
38152290	0.000702229484773016
38153550	0.00110255821710847
38153851	0.00315263309618562
38154401	0.000794605572849055
38157140	0.00236687786182265
38157270	0.00432719279110514
38159880	0.00597981606317283
38163381	0.00735601712404847
38163781	0.00156210679969138
38164310	0.000698074682846912
38165250	0.00799075522673199
38165400	0.000602807101325309
38166131	0.00275919216037644
38167361	0.00154044997959807
38169930	0.0110433199782066
38172700	0.00062529252678691
38173311	0.000602807101325309
38173940	0.00647600452312782
38174790	0.00518313493599187
38176410	0.00171092730599923
38176461	0.00153548737738452
38176970	0.0317350972761966
38177530	0.000609105333416596
38177670	0.00263031955948341
38178001	0.205017101649109
38180201	0.000611653232386231
38181021	0.00778731138606729
38181140	0.00108097164563117
38183381	0.00826487785697042
38183870	0.000715176159718782
38185451	0.000645109284352403
38188560	0.00134022067571949
38188570	0.00210899640123355
38188611	0.0007485705616749
38190261	0.000619080115447067
38190801	0.000975347300031534
38193800	0.000782316107856135
38194671	0.00189159226601691
38196130	0.00395641186271209
38199210	0.00167480027550703
38200071	0.00219255032640505
38204751	0.000606166021580685
38204860	0.00094362588099878
38206681	0.00102488127667277
38206920	0.0999878219248128
38207030	0.0017506235827237
38208560	0.00064411259197748
38210801	0.0145447236006431
38212321	0.00103117836212873
38214500	0.00290865175020285
38215440	0.00143915342888217
38216820	0.00129028471654527
38218070	0.00220731576835888
38221301	0.000621605302647266
38221841	0.00102124901167411
38223211	0.000690592349748206
38224621	0.000720967340724431
38224720	0.0669383009001864
38225410	0.000850737594782711
38227040	0.00185979147755034
38228960	0.00070649836372198
38229571	0.00157706524282845
38230401	0.00135100542122745
38230650	0.00305454595658103
38231241	0.00142186227499205
38232440	0.00071090593915838
38233000	0.000763134169566268
38235050	0.00531580113465276
38236181	0.000676949911029027
38236420	0.00169591310825382
38236990	0.0144579146529119
38237380	0.00232982143829036
38245130	0.00199910150846695
38245380	0.00331795294944825
38245390	0.000911160042232177
38246900	0.00174078167548336
38248850	0.000857174243472722
38249090	0.000827285526734132
38249410	0.00161681810821311
38250131	0.000800371041743296
38251511	0.00225066785281195
38252041	0.000670708704523266
38253421	0.000843539732213762
38254271	0.000799518340313555
38255180	0.00809035309575524
38255901	0.00108769404751568
38256430	0.00301639544241045
38261820	0.00696213241120107
38262510	0.00155348366747317
38264591	0.00285542436774603
38265650	0.00160471680204568
38265991	0.000861040107943611
38267570	0.000730707040438328
38268201	0.000792448166090151
38269790	0.00137882450179956
38276331	0.00711078646448637
38277820	0.00802872568068269
38279320	0.00258842193027607
38279880	0.00548397481387177
38281281	0.00207935591469469
38281500	0.000736318435344561
38281981	0.000674112276420239
38282900	0.000716428950614592
38284540	0.0180653339272782
38285421	0.00158890224875443
38286330	0.000753236320924976
38288321	0.000778170635334088
38290111	0.00123587961449749
38292830	0.00173649109148017
38293090	0.000664116118549339
38294391	0.000701920977464859
38294681	0.00110963601534323
38297961	0.000635398013519434
38300970	0.0466303616875443
38301920	0.0021951187884675
38302090	0.00913166656031261
38302531	0.000988877876763799
38303200	0.000634828214267608
38308120	0.00156359094164671
38308410	0.00427771396709943
38309431	0.0191278740140954
38309660	0.0280334379266068
38310360	0.000840319229214811
38313910	0.00135378381184531
38316321	0.000626835132792554
38319300	0.00138104599701393
38320871	0.000895373823526347
38321971	0.000821553588986558
38324810	0.0338850866812916
38326050	0.000709440267157501
38326220	0.000690931692466638
38326661	0.0156738655012689
38327880	0.00657054978656203
38331170	0.000734897048506029
38332171	0.000820391659562612
38332881	0.000660404046778769
38333220	0.000630021603649118
38334811	0.000714529915989861
38335440	0.382137521512625
38335751	0.00187923479082559
38336840	0.000657483113746322
38338651	0.00171947527988053
38340000	0.000697388998111434
38340140	0.000615866945730008
38341670	0.00326621507828917
38343081	0.00105334788991648
38344140	0.0417119800875962
38345220	0.00391741485543943
38347761	0.000681968062528467
38348140	0.00104186174661435
38348321	0.00654203611105487
38349510	0.0287336073208474
38349630	0.0108964113950779
38350480	0.0135056054676379
38354371	0.013847250520278
38357400	0.000626835132792554
38357790	0.00124153944647122
38358060	0.00143827081587103
38360601	0.000684826324670341
38360950	0.0031419166226694
38361291	0.00110046535532612
38362231	0.0018831175506566
38363600	0.0275814542098802
38365630	0.00065622187341998
38369431	0.0280425758021646
38370900	0.000843585504330793
38372970	0.000682162449443589
38375720	0.00114008608498657
38376120	0.00503401839923822
38376171	0.000784116094202154
38377090	0.000670421515369278
38377421	0.015096318503342
38378080	0.00321764086793983
38379211	0.000653990369670371
38379300	0.00143195846641262
38380120	0.00238146919248828
38383860	0.00114385475536358
38384000	0.0367605223736535
38385151	0.00156297221892683
38386340	0.00885450370335587
38387290	0.00930279718473821
38388550	0.00741049011983008
38388571	0.00097450805194907
38389691	0.0015103179645901
38389981	0.000832444966385123
38390630	0.000676134150259354
38390661	0.000897855506397501
38390791	0.0156275697748814
38391030	0.000665708689594635
38392711	0.00102032060931659
38393350	0.0112699405377775
38393541	0.0067320070768152
38393780	0.000726413487264853
38394340	0.000649985178472342
38395761	0.00109421553118941
38396970	0.377596458774958
38398760	0.00123174080388309
38399160	0.00384092584496636
38403290	0.00130746494986407
38404120	0.00265986614241393
38405261	0.0394299046956185
38406870	0.000700341229050032
38407191	0.000615053201467107
38414760	0.00293613044180542
38414880	0.000983123022662658
38415471	0.00659791322399513
38416260	0.00199793626745395
38416591	0.000744108330378911
38419570	0.000704382575586273
38420260	0.0253079968764614
38420690	0.00311780182704406
38424291	0.000733305514364892
38427020	0.000889579728172727
38429121	0.000725091407158247
38429131	0.00718076206056186
38429900	0.000650349166357675
38430880	0.000834382597147711
38434101	0.000735811920207942
38434620	0.00445829842200418
38434661	0.000633416983535935
38434801	0.00080910482596279
38436041	0.197334690709101
38436871	0.000736045255267777
38437281	0.0136793131751501
38443611	0.00540076215959194
38448431	0.016818188873569
38449541	0.00200312064092735
38452270	0.0045087845007291
38457220	0.0123234421141244
38461261	0.000669144106936433
38461490	0.0321286431394939
38464311	0.00202223808044073
38465620	0.00554612470769261
38466610	0.000673768598006976
38466661	0.00112106993601147
38466880	0.000849052635231993
38467730	0.00894977419993571
38469930	0.00095706018446684
38470620	0.4197710377008
38473630	0.0122832075027316
38474381	0.000716070761676148
38476550	0.239978643973473
38477760	0.000722678565569916
38478190	0.000880442248191591
38481510	0.000661548700649107
38483611	0.00487140795940001
38483871	0.00366462657429105
38486221	0.0006223015443527
38487000	0.000629505199525015
38490081	0.0114741492401554
38490620	0.00770096163458614
38493811	0.001282418666879
38497100	0.00835031010906615
38498050	0.000959292241644651
38500161	0.00128634092371683
38501001	0.00064039946441571
38506511	0.000650129598903752
38508250	0.00106064890650444
38517770	0.00145708069776537
38521370	0.00271647144123781
38523570	0.00200399385666047
38524110	0.0019267828865211
38524141	0.00206205774472645
38524161	0.000615374374275671
38524820	0.00305061836053808
38528151	0.000800703285525706
38528950	0.0241467765010267
38529360	0.0109703140402035
38529401	0.019310177909154
38530330	0.00175963349852383
38531331	0.12500798060162
38531820	0.00468095332239924
38532301	0.0340854547724872
38539591	0.000682068245210276
38540100	0.00173270216921373
38540650	0.000754238464820401
38541060	0.275297979764969
38542450	0.000695862280044224
38542620	0.14451993774994
38543700	0.0016895334981185
38543731	0.00476276804254042
38544031	0.000850654881438424
38546351	0.023867346533574
38551720	0.0120150591093836
38554491	0.000960521013012026
38558340	0.0103093967111462
38560230	0.000989255455955646
38561790	0.0360313332525283
38562351	0.00101789111851987
38562600	0.0099051917811047
38565880	0.00303275477292439
38567840	0.000758931590447695
38568250	0.000661249852943855
38570081	0.104221804476627
38570570	0.00222210577865447
38575420	0.00175362643161605
38577920	0.00428771931877599
38578771	0.00158377535446001
38578850	0.000634139979897757
38579451	0.00064262513507593
38583830	0.00117483389158036
38584441	0.0377903764919835
38585121	0.00406756209773855
38586860	0.00149871944915223
38587321	0.00343272126442944
38587471	0.00301508173485356
38587611	0.000933644011108241
38590710	0.00137050268664842
38591970	0.0115145111432071
38594300	0.000672584931239754
38595270	0.00411766304095435
38597791	0.00069437488970449
38598310	0.0016840424838947
38599410	0.0216291702122087
38601261	0.000892769885952687
38601640	0.000814724667124177
38602891	0.0114544015955287
38603041	0.00132930939168111
38603160	0.0144464360155752
38603440	0.00139602466036411
38603461	0.00069875005188883
38605261	0.00105437047365473
38607260	0.0170189410272191
38607871	0.00665979867398125
38608131	0.00840064629057187
38608230	0.00498202913296333
38610300	0.000690910888292202
38611260	0.000970912237505352
38611530	0.00304053653211843
38613600	0.00302683625382512
38615150	0.00201666518438388
38615670	0.000659607354607758
38619530	0.000995243133134189
38623420	0.00163827161968054
38624131	0.000883773841100037
38624821	0.202864785284067
38624950	0.131024720244546
38625600	0.00361905413193334
38627150	0.0276920507723322
38627290	0.022461334493154
38627550	0.00607510986302601
38628561	0.000652433105099032
38628780	0.000666929727373214
38629050	0.000868191341491082
38630030	0.00716033138879115
38630460	0.0106253918131336
38630771	0.00963368572190495
38631410	0.00066209186570594
38631420	0.0071316441260062
38631430	0.0654374122938207
38632230	0.0090689536644266
38632681	0.00276987653736941
38633101	0.000632446704251048
38634310	0.0153264666995585
38634460	0.000665494308241063
38635041	0.00413344818961124
38636001	0.00501008387832545
38636510	0.00205298823064571
38637101	0.000811408410676499
38637921	0.00100663100283501
38639601	0.00334043194708477
38641791	0.000624471152386845
38644770	0.000614365064347422
38645360	0.000907752457307723
38646440	0.000611532538450617
38646751	0.00725529554656929
38647461	0.000643653958319655
38649470	0.00318931895260896
38650290	0.00176855679484342
38652541	0.000710115805990825
38653180	0.000633580246832482
38654730	0.000779783847466566
38658081	0.00854704787243566
38660281	0.000638592403869025
38660630	0.000820299101735808
38663290	0.00476208307443366
38663451	0.000643688464702393
38665531	0.000754777182822633
38665760	0.00424937544164171
38667110	0.000609105333416596
38667570	0.00262128097058666
38668551	0.00413551161786166
38669210	0.000778761547999745
38672250	0.00960768615799203
38674491	0.000969404398593119
38677620	0.0131813794533232
38677641	0.0281923663213792
38678310	0.00359347775669256
38678590	0.00233521040761634
38680770	0.0165550931478652
38681200	0.00183644244597756
38683250	0.000609105333416596
38690331	0.00567520309219366
38692411	0.000645005117720235
38697200	0.00159336236018534
38697350	0.000702778231574508
38698570	0.000675221043043309
38699700	0.00109336323943405
38701330	0.00140663285110084
38701450	0.00140388583497824
38704811	0.00585708741465253
38705111	0.000867192377239368
38707520	0.000807027331096303
38707950	0.00070670319622517
38710840	0.0013091356334907
38711000	0.420914596298304
38711400	0.00167838424502008
38711800	0.000862327381764475
38712510	0.174332332326055
38712630	0.00345751849037799
38712770	0.000795097832734466
38712940	0.000615374374275671
38713330	0.00212584090967721
38713480	0.00169874613495735
38715041	0.00138042436113619
38719560	0.0749647150090148
38719711	0.000750817704807004
38720831	0.000728504134008054
38721641	0.000705450617641352
38722341	0.000719561424653072
38723291	0.00851431545231657
38727260	0.0058960469425752
38727380	0.0580975663830032
38727851	0.0170792799691828
38733511	0.00074347277920671
38737371	0.00432728276940474
38738440	0.0019214609495221
38739181	0.00508432385448108
38743700	0.00135486740800544
38743711	0.0541020656424497
38746430	0.000903932070306232
38748930	0.00060901135895007
38750580	0.0172735611657606
38752531	0.00180051859866025
38753911	0.000667328523497662
38755130	0.521314662315703
38756380	0.000922505900331801
38759690	0.00257900822033793
38760370	0.00361587979702956
38762690	0.00348862254137839
38764100	0.00214279100508077
38764780	0.000699364207754517
38768380	0.00286441904617993
38774150	0.00429934871643151
38774420	0.000887828018780836
38774481	0.00248377284491017
38777330	0.000691207305481154
38781350	0.00062075964925596
38781740	0.000625514695813329
38782820	0.000653678977578297
38783660	0.00389280917726735
38787431	0.00691402765855459
38787991	0.000691472949423966
38792090	0.00331780942719121
38795151	0.000644649794864984
38795161	0.00198097869155186
38795981	0.00076096093557578
38796340	0.00068096191234455
38798820	0.00064131947433363
38800080	0.000856619205700623
38803130	0.00120080493035134
38803390	0.00590259189044323
38803441	0.122850620995619
38803940	0.00228677828817449
38804920	0.000970385064649739
38804941	0.00220466365848039
38806140	0.000632585052972324
38806270	0.000862919740690705
38808951	0.00692601593438592
38811390	0.0238278130083668
38811920	0.000694968931148561
38813170	0.000859496670578105
38815530	0.00170054284931721
38817610	0.00134491155754451
38818201	0.0107587898577768
38821480	0.00115322124623502
38824240	0.00583551357356834
38825771	0.000759727859889158
38826850	0.0510501426941372
38831161	0.00289427547317195
38831930	0.000836345809748322
38833050	0.00440088209077483
38833491	0.000958447441056432
38833580	0.0201952963564887
38835441	0.000767200683406782
38835930	0.000756525513612091
38837850	0.00124143452560219
38838570	0.000638637499851794
38838970	0.000638826766570595
38839960	0.000666931092409411
38840650	0.00129938075494551
38841320	0.000673345948767215
38841351	0.013208014118338
38843270	0.0015453213721335
38846471	0.000695045303148638
38847640	0.000931406203459343
38848111	0.000809297379177438
38849211	0.000618700307308829
38850000	0.00163069771312409
38850400	0.000972289340574838
38850410	0.00544376903430887
38852490	0.00891344295844933
38853850	0.00404891075567738
38854741	0.000817630140874889
38854980	0.0783860022105754
38855540	0.00101843392613271
38856340	0.0299432290263342
38857740	0.00082135458707045
38858741	0.0156188450124813
38860650	0.000742590937275329
38862990	0.0238989714945752
38863021	0.000755734175912564
38864220	0.00107135884801194
38864630	0.00078310626871271
38864791	0.00253966484579329
38871431	0.000719163227030067
38872620	0.00187662704537167
38872661	0.00122441790929355
38872900	0.00409441312002611
38873850	0.00104358118538394
38873990	0.0444886496123612
38874540	0.0185702803603474
38875250	0.00700443621700761
38876620	0.0054513949896769
38880251	0.00566284008715706
38881990	0.00480047911209004
38882321	0.000910008341919338
38883240	0.0260521321759861
38883650	0.000683279433743636
38886311	0.00593313025124282
38886871	0.00065250998745393
38889750	0.00089844332150871
38890611	0.00341404924068576
38892490	0.000843338773512192
38892760	0.00335329172840178
38893160	0.00349340147808351
38893761	0.00207598843810979
38896121	0.000619899184201502
38898120	0.0182751513546667
38899151	0.000906459910085512
38899851	0.0371674901580257
38902130	0.0019436551294261
38902980	0.000938948865311529
38903500	0.000777344900385733
38904740	0.00615326396204034
38909501	0.00301473216115127
38912190	0.00248470268085721
38915520	0.00142594612823911
38915810	0.14369380321771
38916600	0.000834518455344322
38917190	0.00338408363496204
38917310	0.00083775802342957
38917710	0.00299946150246423
38918160	0.0013045495280855
38920360	0.00229165360306313
38921201	0.00703352381167343
38922120	0.00585569517771126
38922260	0.00112158316332936
38922991	0.0726721007307288
38924890	0.00185994373431326
38925481	0.000968516952259957
38925641	0.00140158250896042
38927120	0.0731302418108691
38930270	0.274083985799346
38930301	0.000912302650270075
38930830	0.00105308976736639
38933631	0.00268029768312162
38935220	0.0012849081729064
38936931	0.00155674595578078
38939821	0.000624089594853179
38944490	0.00439001488997451
38950461	0.00402295208889607
38951291	0.0230092759281802
38951520	0.00137922331095093
38953771	0.00180502546037081
38955981	0.00284743265817083
38956521	0.0327226326374844
38958410	0.000931992697009336
38959141	0.000693635124880004
38960121	0.00269148926780342
38960251	0.0116615551773969
38961720	0.000646785822585761
38961891	0.132181364478491
38963490	0.00110543688982696
38963640	0.000705851074272767
38966800	0.0027446202079197
38967930	0.00252261740979295
38970700	0.00433339582166538
38972730	0.00085413940469011
38973771	0.000623516193402524
38975630	0.000743176133233764
38978181	0.0136340331295797
38978820	0.000734258934793561
38980320	0.000615439573803878
38983910	0.00559917434031518
38984531	0.00220274559285662
38986041	0.00105034808766243
38986171	0.000625900294946581
38986601	0.000820726046605442
38986950	0.00064930389401554
38987350	0.00062724533492613
38991670	0.0279309015445656
38992460	0.00240904240788168
38992521	0.00377731270699193
38993901	0.0390502664232351
38997600	0.000651648033790183
39003630	0.00104356335409505
39004080	0.00482090131871101
39004180	0.435226289331057
39005040	0.000750472601045388
39005310	0.0393452769636245
39007350	0.00210195382196015
39009160	0.00232072637425857
39010000	0.000643455746535621
39010390	0.0025117523768255
39012361	0.000737616555732782
39019271	0.00168288984013261
39020450	0.00110344809128696
39021180	0.00121950015114633
39024221	0.458349674994521
39025000	0.00508202590078353
39029980	0.00112767771118879
39030410	0.000631510601186345
39030960	0.00513322685437699
39031261	0.00164376589601697
39032651	0.000884950037269236
39033150	0.000801493151033647
39036320	0.00066415612106664
39038031	0.000661102935162005
39042981	0.00525850218228412
39043831	0.00821386451182221
39044651	0.00892177801313554
39046530	0.000675463280072869
39049870	0.000893104964884213
39049891	0.00152485546302372
39050011	0.000853601829594084
39050250	0.0168207181053889
39053990	0.0245965787507936
39054390	0.00435199604982538
39058820	0.00211656302079277
39062810	0.0375688103135481
39069611	0.000741115882204669
39069761	0.00295233491602314
39069830	0.000671228005460127
39070021	0.097838180582153
39074161	0.000670455298316122
39081580	0.00407771261340408
39081761	0.000797036608990319
39085741	0.00134057773231153
39086940	0.00353396784125621
39090820	0.000680273725124898
39093071	0.00190485536770643
39094701	0.000615053201467107
39098291	0.00212048979983023
39099391	0.00152616139196622
39101871	0.00271303856359673
39102400	0.000713227446196507
39102810	0.0466942884443745
39107070	0.00213988879102926
39107340	0.00637825968363997
39107411	0.000674949150153603
39110670	0.00783387151128985
39110920	0.000681533281838142
39111790	0.00213543374353897
39112921	0.00064240492750729
39115411	0.00151814970101332
39117000	0.000809375308850724
39118421	0.000654367868617261
39119920	0.010337019210812
39120101	0.0133679440863957
39120860	0.000686341420260183
39121331	0.00794470993559755
39125960	0.000829150184696614
39126441	0.000813388965370741
39131271	0.00192321749222464
39133891	0.00122340996169786
39134250	0.000638792047591317
39138151	0.00333513294462021
39138920	0.00108953522654011
39140091	0.000846989225755584
39141300	0.00152216010445262
39142130	0.00171895807887874
39142240	0.000696569311887007
39144450	0.000744916151952397
39144710	0.0258777639400042
39145290	0.00101824489540459
39145700	0.0022110184700011
39146820	0.04055075410701
39148631	0.000690105653119349
39151330	0.00125404953046095
39152040	0.00120126984045202
39152720	0.00322029026696619
39154851	0.00238427343510706
39155230	0.00320844021717874
39155750	0.00383790064416056
39158151	0.00147800677777371
39159671	0.00206722964722413
39160570	0.00137670313614603
39164600	0.00118677206702229
39165020	0.000834315447782369
39165960	0.0529710357196852
39166001	0.00613110744192979
39167210	0.000872918676279894
39170360	0.00763552358713355
39172231	0.000725067022108037
39173670	0.0010932946072964
39174510	0.00170255494125704
39175770	0.00122447670512022
39176020	0.000818152820305757
39177861	0.00329661667702753
39179760	0.0109476354770633
39179910	0.00638207676243475
39183370	0.000955749666531489
39183681	0.00114667981917504
39184040	0.00112519338227537
39184050	0.107278584861623
39187671	0.000749480647384907
39191900	0.00633641281305116
39193591	0.000918513260769624
39199251	0.0542874602432916
39199360	0.0184854613229269
39201960	0.00220598712439287
39202770	0.000699135904124827
39204590	0.00196069745032086
39205041	0.00284754312410692
39209321	0.000634676339395159
39209591	0.00220483070267473
39211090	0.00242152708822265
39212351	0.000820889681412151
39216710	0.00610400954735804
39216751	0.00208025042678928
39219931	0.000842680724800763
39220600	0.00195779505310278
39222551	0.00291606480537488
39222920	0.0006223015443527
39223900	0.000700536702048694
39225181	0.00383668899026748
39226250	0.00613147194919347
39227231	0.0375858096586853
39227880	0.000720926917347874
39228850	0.0114355664906907
39229540	0.0236777580137957
39233700	0.000919333731612866
39234510	0.00138642117478968
39239200	0.000760224932306486
39239740	0.0006223015443527
39240911	0.000619080115447067
39242790	0.00671110909643911
39244570	0.00065556669563455
39244880	0.00152397616069499
39246660	0.00578646143251191
39247890	0.000615053201467107
39248201	0.00227329207835991
39248320	0.00421581155262605
39250790	0.0389391490319973
39252860	0.000923948025548289
39254401	0.000848957746888691
39255371	0.000613093329040597
39255641	0.0037086734304519
39255880	0.00263553552582355
39256081	0.000769075686413183
39259241	0.0031666035317902
39261250	0.00145779835130674
39264061	0.0315967491521094
39264170	0.000697655524762914
39265311	0.000796119744951464
39266080	0.000856304064782637
39267470	0.00195572229095959
39268170	0.000684884309020145
39269430	0.00270496213528415
39272491	0.0006223015443527
39276761	0.000817519253317872
39276860	0.000856968047633401
39279210	0.000648263223935178
39280050	0.00924973485627965
39280901	0.00657193699433421
39283450	0.00197473782470053
39284221	0.00195880546327668
39284331	0.00227787222955658
39286230	0.00151042552087518
39286691	0.00127170000341417
39286900	0.00078809270725601
39287101	0.000635546983199536
39290250	0.00253589179775812
39290510	0.00198918189182151
39290660	0.00081423221472033
39296020	0.00111956612253992
39297301	0.000821096429175838
39302640	0.133850456536595
39302831	0.000829941638783921
39303781	0.00968287764877882
39304751	0.00200894203172936
39309591	0.00255867308157464
39310510	0.00132852024571856
39315521	0.000674383300311222
39316471	0.00257296998550666
39317420	0.000678699647643904
39322790	0.000678347113265055
39324491	0.00232756653488396
39325021	0.0112108661507659
39328990	0.00070758565566108
39331210	0.00247796484376891
39332170	0.000896500681083781
39332471	0.0194578109182812
39332491	0.00070368479932114
39333011	0.000652738934063379
39335480	0.00134165902922158
39336040	0.00233785059099297
39336580	0.000735445604101847
39336710	0.000925732420717315
39336990	0.00083288335043346
39338100	0.000923514522792581
39340180	0.000710217432297229
39340440	0.000742053194012267
39344010	0.00112135018703618
39347231	0.00503099533692941
39349390	0.0251347895272286
39350070	0.00615842804805402
39352211	0.00198108828804774
39353270	0.00255550124610555
39355600	0.00231640475202098
39357130	0.025176714570685
39357561	0.000651077582239705
39357571	0.000789629634067105
39357581	0.00081023663516623
39358251	0.000746096979428672
39358910	0.0014797434053804
39360980	0.000633188372147129
39364871	0.00153453296688538
39365161	0.0530413005148776
39365670	0.0133973866182209
39365810	0.0287788388440822
39366131	0.0268684107570949
39366541	0.000935387547905787
39367651	0.00118025097472359
39368461	0.00240811899914163
39369280	0.000802146212853848
39369960	0.00153394433119875
39369991	0.00099569806802196
39370920	0.00247371737654376
39372061	0.00101118951016931
39373110	0.0633093136450791
39375631	0.000745406032777312
39376980	0.00116493912510177
39378500	0.00631067348905434
39379060	0.048479731460457
39379070	0.0926883889045463
39380041	0.000817664552302381
39380410	0.00176975716554704
39387610	0.00104536083825792
39390251	0.0145126444157927
39392410	0.000693939238639687
39392820	0.00234998667725762
39395221	0.00071137631550708
39397561	0.000770616103574618
39398380	0.0019239640968372
39398640	0.000704542564745065
39399850	0.000697217873432355
39403101	0.0010434390268362
39403480	0.000778670981561294
39404290	0.00154730197606934
39404310	0.000674176957080031
39404690	0.00193220172036123
39405711	0.0227330375766095
39405820	0.00141229234890012
39407371	0.00230465591486444
39408540	0.000732574903894574
39410411	0.00163746671662611
39411351	0.000654656723354273
39412840	0.00083498536144562
39413380	0.000984986359827132
39413530	0.00156081758221689
39415310	0.00503858837029881
39415580	0.000751772765893213
39415641	0.000791022450443361
39418220	0.000783186038703608
39419450	0.00233387386543775
39420400	0.113046033076713
39422780	0.0187132724852207
39423371	0.000824779650952273
39423911	0.00523850135329903
39424690	0.00100049946998593
39428980	0.000909834138352115
39433421	0.00223962201973693
39434350	0.0146465176969486
39434931	0.00563742406321218
39439160	0.000655715838867346
39441240	0.000699390351757452
39441400	0.0023352739229527
39441810	0.00265844215221152
39444321	0.0572502086162762
39445250	0.00737912201508078
39446521	0.0016783725727008
39448420	0.00246107544666093
39449421	0.00143327368886174
39450121	0.00263741741937635
39450261	0.0162178408304237
39450640	0.0126088472505554
39456181	0.000657380544512334
39459180	0.00106931840664844
39459190	0.122738965533139
39460031	0.00331463879672492
39461021	0.00350489216363103
39462050	0.000705071531149722
39462190	0.0121228572729185
39463740	0.000659332055911616
39464260	0.000644892531501714
39464741	0.000776598920948595
39464820	0.000710684240969467
39464970	0.000903808008868637
39468960	0.000865047707529612
39470391	0.0299055124409939
39470951	0.000656271622428485
39474600	0.000758396042870872
39474630	0.000670288593684862
39475921	0.00396724144674707
39475980	0.00153860357572312
39476290	0.00305193646702561
39476560	0.023298211972864
39478350	0.000872424371157644
39479740	0.0006223015443527
39481380	0.00113421525962947
39481520	0.000654141573640186
39483631	0.00466794847408664
39484260	0.000660621599748943
39484440	0.00565589930109001
39486370	0.00083531679095769
39486791	0.00104192542589319
39486941	0.00062528512842322
39488031	0.00197704562152128
39490661	0.000783700142314019
39490671	0.000657644920451415
39491710	0.144245999378205
39495751	0.0101808464579654
39496471	0.00209281537836081
39497110	0.000841031950788032
39497920	0.00312546349272781
39498200	0.117207276174296
39503341	0.000609105333416596
39503980	0.00242829772664279
39505431	0.000797831717585901
39505790	0.000660980520251157
39506340	0.000995419899915966
39507020	0.000655725280149445
39507631	0.000881422998499405
39508010	0.001601269930965
39508461	0.00637180909076688
39508960	0.000713223671222536
39509831	0.00530366893871473
39509940	0.0006801001525873
39511010	0.0176238528564224
39512000	0.0171451111553861
39512850	0.00084647165590375
39515221	0.00920295119493123
39516331	0.00138886431963778
39516991	0.00188900107612321
39517380	0.00242059562053276
39517510	0.00287307364586793
39519560	0.00283532907612814
39519710	0.0155420959771098
39521821	0.00525106175275601
39528010	0.000624695950098965
39532940	0.0008085444611991
39534360	0.00383818900613306
39535061	0.000609105333416596
39539440	0.00496725544330531
39541810	0.00081003534090169
39544840	0.000793068442999182
39546870	0.00075772035829696
39548010	0.00115785654892426
39550180	0.00239657740939516
39551040	0.0435434705226892
39551580	0.000654862149445716
39551600	0.00219720121963243
39553370	0.000845282936444584
39553530	0.000757324107359696
39555280	0.000946096672054074
39555361	0.0109972231095909
39556171	0.00468431652303631
39556871	0.000770423345131486
39557401	0.00462165863319155
39560301	0.00171097004498942
39560700	0.000625693821029696
39563870	0.0135060942305932
39566080	0.00232998076454256
39567081	0.000637991731318545
39568311	0.00108147571670133
39568950	0.0136816868955794
39569821	0.000602807101325309
39570360	0.000736387182009975
39571061	0.000710311788328026
39572171	0.0017503946536276
39572451	0.000819658805698198
39572840	0.000874264479814001
39573250	0.000932336413884259
39575081	0.00196845595939533
39575980	0.00161877041610483
39576581	0.000863650242026542
39576591	0.000705597061168222
39580810	0.000846342771128345
39582890	0.000903660876012495
39585411	0.187298521075374
39586501	0.0310471396664472
39587631	0.00321606170223201
39588420	0.00179231215391699
39588940	0.000731289292403275
39591481	0.012284505820621
39591580	0.00179516386314185
39592840	0.00068911131603224
39595870	0.00298423290002098
39598501	0.000676991985285221
39599201	0.0109997825366126
39602361	0.000815118238095724
39603020	0.00201766480548263
39603040	0.00216581965945943
39605780	0.000689009992823707
39605951	0.0182792728743031
39607870	0.000691143400801522
39608031	0.00103002721565086
39608270	0.400560641278415
39608711	0.0298329461788109
39609411	0.000723042145010073
39609490	0.0028024807569014
39609561	0.00186202564287358
39611601	0.000897667731426161
39613401	0.00170300822778694
39613930	0.354965732890262
39614340	0.00168086239114861
39615891	0.000620553203636436
39617360	0.000747367415155436
39618210	0.00134956729402977
39619170	0.000619990099077914
39619560	0.000651477776070186
39621110	0.000710529109350747
39621541	0.00134473370524991
39621821	0.00189058435698642
39622911	0.00405824550391833
39623020	0.000853792694362758
39623990	0.000691048334251064
39624851	0.000722635890810688
39625401	0.00147516064443621
39626190	0.000751849598895998
39626490	0.0172619901865385
39626781	0.000945840409656044
39627290	0.135326717356352
39628100	0.00404773730243185
39632110	0.00417139212529856
39632841	0.00102529090262951
39633121	0.00407760223914446
39634170	0.000694904952139298
39635010	0.00151538253190622
39635030	0.0345639279797094
39635351	0.00148629489185793
39637660	0.000719599544914153
39637910	0.00287260372159516
39637930	0.00112087415044103
39639430	0.00571571597281314
39641391	0.000652701124370444
39642330	0.000934717749660057
39642651	0.00159423220427698
39642771	0.000628378191394419
39643840	0.000841236029248837
39644000	0.0195988913763739
39644841	0.00204204322995149
39645230	0.000676716570579679
39645691	0.000661667429947639
39648451	0.00123231132551715
39650040	0.00180570434687851
39650180	0.00169930067297896
39652670	0.000800372853272133
39653080	0.000735593175890096
39654460	0.000632405888028905
39654480	0.000761005974114494
39656810	0.000734624477928497
39656820	0.00177025274480242
39657340	0.00069378142424916
39658720	0.00231102620451507
39659000	0.00341647276262784
39659840	0.000767699051353339
39660830	0.00117283354912627
39660841	0.000734040201466841
39661510	0.00191160774589529
39662781	0.000625813302842626
39664550	0.128687867119196
39665200	0.000622607571238511
39666771	0.00269376731040094
39667850	0.00312817455671691
39668100	0.00367878353154723
39668510	0.000675360797852857
39669230	0.000813698345155877
39669541	0.00439455133837529
39669801	0.000874618468323064
39670081	0.000736951929121705
39670460	0.00111638856139698
39671300	0.00352949765090037
39674511	0.0205628724258447
39679310	0.0181728443108567
39680810	0.000642364892707863
39684130	0.00168650980245269
39684950	0.00176582727039729
39685131	0.00177300977331435
39686060	0.00069318678099378
39688930	0.000763029707856412
39689360	0.0326627670937551
39689900	0.002167238277972
39693220	0.0122436958918347
39693630	0.000682348624109082
39694330	0.00295030055940295
39694931	0.000798627965366444
39695000	0.000717155690892676
39695820	0.00102600147005319
39697100	0.00144705713505711
39697251	0.00677336983878327
39697370	0.00331266984973883
39699270	0.00107336552633219
39700390	0.00129012086001213
39701350	0.000736615937138122
39701551	0.00676577169434947
39702221	0.000990312194349713
39705480	0.00080104245235155
39707010	0.00209912543876692
39707201	0.00420269597352359
39707960	0.00521140239383064
39710231	0.00195890908143306
39710351	0.00832046415796268
39711061	0.000672617524419326
39711471	0.00148128690688995
39711970	0.00183958979315097
39711980	0.000611768044312607
39712141	0.000680603601455355
39712400	0.000687606984610143
39714050	0.000702821431166132
39715311	0.00170953569167448
39717661	0.00503049177704618
39719051	0.00133678513432127
39719420	0.000762110568507527
39720120	0.025853843570845
39720141	0.00250641400049205
39722160	0.00231737096392855
39722211	0.000646711218315203
39727451	0.00262902513283102
39727980	0.00170098452071526
39728400	0.00121188045367797
39732820	0.000749260134043234
39735171	0.0150153122475439
39738200	0.000776819967608046
39739710	0.00206919169187326
39741210	0.0006223015443527
39742200	0.000868437985179224
39746450	0.00642950552430973
39748281	0.0611789449496161
39748841	0.00101846284288049
39749090	0.00139835458715818
39750740	0.00083938011663485
39750921	0.00648575089676579
39751171	0.000722904667263739
39752640	0.00103818914230259
39752940	0.00166428440937803
39754351	0.00361340124818207
39754610	0.039276815798262
39758351	0.0010003616659023
39759861	0.0128167706533739
39761531	0.00567464942084107
39767850	0.000831919965262911
39767871	0.00109115740913524
39768021	0.000872961314572566
39768800	0.0398503763409076
39768981	0.000615053201467107
39768991	0.023450053862241
39770600	0.00118596106424415
39771130	0.000618427427562536
39773200	0.00690863262873795
39775000	0.000798712167504616
39776831	0.00466633917835962
39778091	0.0468883051699301
39778430	0.000728722490499031
39778730	0.00107970772571454
39779430	0.00166004897388288
39779471	0.000875879694428962
39781121	0.00293806168717324
39781190	0.00214745320539131
39786201	0.000668593338622961
39786300	0.0015960732862225
39789220	0.00757059396293006
39791721	0.000756947649744936
39794710	0.00609739813946018
39795830	0.00133150167047193
39799601	0.0019780364717737
39801500	0.0281584768833511
39801770	0.00166680279135569
39802771	0.00491122143243401
39805941	0.000702314772901216
39806460	0.00115275211019657
39806980	0.000873931403634089
39807420	0.000659481723029825
39808260	0.000676667309102042
39808670	0.00396933590510458
39811991	0.000696085204578781
39812780	0.00141427439993922
39813220	0.0258752014161525
39815960	0.00163750963684189
39816770	0.00082417825827466
39816910	0.00151660629459602
39817050	0.000904516062724615
39818221	0.000732058179389046
39818310	0.000636198520499995
39818631	0.00073263425141206
39819280	0.0107506991347759
39821460	0.00121580605914047
39821470	0.00423017818064547
39823120	0.00214395970159532
39823270	0.00249833529789309
39823861	0.00171657790072326
39824551	0.00191290401594159
39824841	0.0138740627082636
39824981	0.00310747295727389
39825500	0.00366369151754273
39826061	0.00423263163513695
39829470	0.000678312020472639
39831441	0.000762754814751099
39831601	0.00120443495991509
39832230	0.0148814170741497
39834460	0.00908995387619544
39835031	0.00100067454920627
39835741	0.00216504425799099
39836090	0.00416583264752853
39836120	0.0006223015443527
39836770	0.0215297249714003
39837531	0.00122501978234712
39837811	0.00103605872518962
39838351	0.0395780319344539
39838590	0.00250694579880625
39839840	0.000856213900078914
39841391	0.0318590996236141
39843851	0.0275780970333147
39844401	0.00104358155726753
39846771	0.000994704896656944
39847420	0.00068202820599088
39848350	0.00190450807964597
39849040	0.000875478496024156
39850980	0.001528121763938
39852810	0.00209577432581114
39853511	0.00540273893006979
39853651	0.000759652187529596
39857340	0.232375173472122
39858420	0.000969248963988314
39858751	0.0202975961389095
39859021	0.00182637809987642
39859721	0.000678323034416969
39861781	0.00180548767287626
39863960	0.00222354288574388
39865091	0.00227691823337555
39866201	0.00535485472994747
39866580	0.00472840411227023
39867140	0.00224547483739068
39867670	0.00480385100141358
39868250	0.000750488780652245
39868951	0.00332876719977259
39870020	0.0151170652297901
39870830	0.0244553840553902
39875000	0.00864136047485652
39875150	0.00125272474631142
39875181	0.000667022203306624
39875851	0.00113442625492811
39875871	0.00420445734376286
39878840	0.001338185587019
39880681	0.00122163118952956
39880951	0.000757244302718609
39881350	0.000696545450530926
39881371	0.0136781903104874
39883250	0.0026201498230657
39885080	0.000804423658619933
39885890	0.000742848921857545
39886081	0.000685029367171374
39887940	0.030567442186199
39888961	0.00322402059683762
39889750	0.000790899203949764
39891280	0.00118505976063819
39892551	0.00177793403181582
39894040	0.00258725456040906
39896831	0.00142388537332776
39897630	0.000722241933051826
39898351	0.0177322870781394
39899670	0.000628378191394419
39899841	0.000830104254832549
39899871	0.000673752137143329
39901760	0.00216201826310599
39904141	0.000819293766451328
39904250	0.00767591137701766
39904390	0.0380555055271674
39905921	0.000826619841539865
39906020	0.000880404872966896
39906440	0.000675272118837539
39906730	0.00276906953543123
39907000	0.00062929733997848
39907560	0.00191931303751394
39911130	0.0109875025326024
39911291	0.000656528735742213
39911571	0.00065029631692846
39912271	0.042837968062537
39912951	0.000716230090190264
39913641	0.00604993814099158
39915410	0.000682466460555091
39916131	0.000873404171446178
39920660	0.00335088624093121
39921641	0.000831079364896522
39921740	0.000798696026222323
39922751	0.000675284821962511
39922860	0.00575819734585609
39923250	0.000814505096566523
39924961	0.000667366097132025
39925070	0.00466437968475168
39925371	0.00370034215772424
39927000	0.00145488617439038
39927830	0.00070849008295285
39931861	0.000614794477545
39933631	0.00259216848077419
39934061	0.000680914475672547
39934310	0.00486272106094298
39935690	0.32635145708856
39936141	0.000714379758029382
39936681	0.00065120088027799
39936910	0.000760294557496028
39937750	0.00192912020984476
39940131	0.00111419453011607
39940630	0.000661112478425627
39942860	0.00201597205193432
39943820	0.000777572281316357
39944370	0.0123342396393763
39946020	0.377444027860163
39946840	0.525547428902152
39948510	0.00470761876042622
39949590	0.000821331458016832
39951530	0.00149412726033384
39951571	0.0020121648174345
39953310	0.000749582084731303
39955021	0.00211332579086975
39955680	0.00465869714483511
39955950	0.00063249229235034
39957771	0.000835216066981186
39960111	0.00223863185587949
39960790	0.00257588336158146
39961740	0.00989972397131844
39965610	0.000657823445055661
39966170	0.0275644310124603
39966321	0.000867799270405903
39968001	0.000701186442021018
39969371	0.00232434380563681
39971270	0.00305304640910818
39971670	0.030703262570726
39972370	0.00490575218181214
39972531	0.00203099736013215
39972930	0.0199209926850876
39975380	0.00070898923711278
39976240	0.000635542295696183
39978020	0.000686203474758987
39978181	0.000952143969435712
39978611	0.00390397033894505
39980340	0.00190735876428199
39981641	0.00116379041420223
39981720	0.000976614719924266
39982300	0.000968082127516337
39985730	0.000977740350514263
39987431	0.00142968155805803
39988620	0.0008377868312795
39990140	0.000667840555248511
39992490	0.000640421133662513
39994000	0.00376467193914997
39994440	0.00560449799019651
39994871	0.00656905143724853
39996821	0.00141821577601573
39997030	0.000676638407248653
39997720	0.0016654751020252
40001091	0.000855541116580806
40001850	0.000766535001727105
40002061	0.00358182309778966
40003431	0.000908826510560727
40006201	0.00552241049300889
40006700	0.0361732559091356
40006840	0.000756804251328727
40009221	0.00077740322121558
40009600	0.000864184121785598
40010130	0.00328895369766413
40011920	0.00064987874116311
40012470	0.0038528354299469
40014140	0.000630388439406488
40018471	0.00174193879155501
40021580	0.0010805522810325
40021641	0.00249134168380197
40023021	0.000720654201558149
40023380	0.000762386606203959
40023800	0.00112982349294608
40024200	0.00355539608914977
40025901	0.000640012696278143
40033761	0.000609075884721334
40034010	0.000898208831642675
40034270	0.0329323440333352
40034440	0.000810156364232679
40035021	0.000613534578008055
40036510	0.0103417670454037
40038601	0.220373082934732
40039110	0.343306146728001
40041050	0.00482192397719678
40042130	0.000747102179723364
40042300	0.00324587342072991
40042550	0.00505825233601986
40044900	0.000638320425956327
40045371	0.00077929210323219
40045720	0.00104225183726472
40049341	0.123209411748863
40050960	0.00178535806133238
40053020	0.00274692760501196
40054540	0.0184281039880975
40061160	0.0101130757613677
40061170	0.00277450229227958
40062010	0.00201319522097463
40062191	0.00131338409606571
40063660	0.0826785912754058
40067800	0.00076407392004912
40069030	0.000720431974648734
40071141	0.000948389746697793
40071230	0.00356774213867014
40071961	0.000621095470781709
40073231	0.000691296703956857
40073730	0.000660914461273512
40073771	0.000790202453733791
40075400	0.000951879433680156
40079571	0.000719410906839978
40081980	0.00612026481828841
40083981	0.000739979464382602
40085491	0.000941731195565637
40086591	0.00139565891837644
40086710	0.00289761801941723
40088620	0.000685704580875167
40089610	0.00288670095732044
40091250	0.00108328723545711
40091681	0.113854110431006
40097980	0.000870599719040626
40098420	0.00314625287760597
40098991	0.000619484754909065
40099120	0.000640039874722682
40100801	0.000748368014242181
40102250	0.000686977489659244
40102321	0.00107232589448193
40108231	0.00309969312965751
40109590	0.00834828837336834
40110851	0.00225930415562196
40111630	0.0609567681662607
40112180	0.000671794501491499
40113560	0.000815410893394809
40113891	0.00137731691861564
40115920	0.00859462973534183
40116640	0.0174751019938601
40116921	0.026060432266376
40117061	0.000766061992606511
40117840	0.000669074679877527
40119650	0.000886057694411079
40120101	0.00179694712742932
40121761	0.0031042236877763
40123131	0.00206019321093209
40123260	0.00266771702461043
40124521	0.0010761866448211
40127530	0.00121461809672282
40128470	0.00101241642553798
40129611	0.000825267909508492
40129621	0.000826923481861148
40129880	0.00548481079493278
40130800	0.00120780757898029
40130980	0.000632405888028905
40131151	0.00627517623522097
40133071	0.000780019750242093
40138041	0.000621095470781709
40138290	0.00129420736997051
40139220	0.00143046146550091
40139411	0.000784308756474898
40139520	0.000646861801164238
40141570	0.0020159170642093
40141850	0.0253921314366619
40142430	0.000946484312807683
40145160	0.00195665489374601
40146830	0.0118589026244578
40147230	0.000800650780351993
40147670	0.0459785350104939
40148360	0.00065139598645035
40149460	0.0054277513511101
40149481	0.00102849831987418
40150871	0.000945293763864572
40151920	0.00645212413023067
40155691	0.00259369703531158
40156391	0.00187410369001696
40157030	0.00307443585531703
40158301	0.000618781486064982
40158311	0.0029856811315658
40158660	0.00105530821787654
40158950	0.000667309273079376
40160040	0.000699785639788232
40160661	0.00145474027347986
40161590	0.000690686263193771
40161621	0.0716746863369123
40163421	0.316644594437857
40163541	0.00508878846581533
40167630	0.00160071565871339
40169010	0.00555363273035635
40169631	0.000698332703872147
40173560	0.000800399295201256
40175110	0.000736655284567715
40176870	0.00462310924082389
40183551	0.00205230516526145
40186571	0.000917181869545633
40187110	0.0176994661010518
40187510	0.0130647690489014
40188060	0.000692058337485131
40189280	0.00490427405590064
40189450	0.000609105333416596
40190711	0.0139784660854481
40192050	0.000609223462686748
40192610	0.000756590923447811
40192860	0.0006223015443527
40194410	0.00547602668980442
40195541	0.000622876427293586
40198571	0.000780712855167819
40199770	0.00294462807634322
40201730	0.0052097077417069
40204750	0.000787821421593878
40206280	0.00208130489794631
40206690	0.00104920327118214
40206721	0.00120001854835259
40207080	0.0032740337657291
40207691	0.062531780633576
40208381	0.00705181236822534
40208470	0.000628378191394419
40208740	0.0262704959191622
40212870	0.000748847069368246
40213160	0.00246299706311869
40213300	0.00137008251430012
40213860	0.00391386547207298
40214161	0.000750708906758665
40218660	0.0030096573494225
40219681	0.2078742934873
40220091	0.00142230361590058
40220361	0.0142049204780439
40221450	0.00074146114972746
40222571	0.00244851359580496
40223671	0.000793881519979659
40225461	0.000694121573048219
40226991	0.00342339074687445
40227080	0.00127594344158543
40227271	0.00128775762314832
40229020	0.00106948369089144
40230100	0.00111853860762166
40231380	0.00149082629314363
40231510	0.00132780636249428
40231900	0.000649464217899461
40232760	0.000667152584495968
40233191	0.00730389148312738
40233290	0.0058362989750723
40233871	0.000946255162522436
40234311	0.000694695013510286
40237970	0.000615053201467107
40238380	0.000691119953541076
40238970	0.000647839361132376
40239360	0.0527342209791509
40240340	0.00218234849775152
40241990	0.00234325297505406
40242960	0.00466840277088681
40250130	0.000640375496141071
40250311	0.0362460331870125
40251100	0.00109176934956092
40257010	0.000663807773811797
40257170	0.00295372498790404
40257461	0.00148692320610909
40261850	0.00101615957902827
40263121	0.000752417102289366
40264511	0.00818184494881408
40264880	0.000670108055430808
40265680	0.00127210069624318
40266301	0.00251592210051008
40266390	0.029803628397386
40266800	0.00166839242082883
40268440	0.000678421117849535
40268631	0.000717764276948725
40269481	0.000623001544041019
40271401	0.00121864848267717
40272901	0.00201306025342563
40273820	0.000625164490470684
40273830	0.00067101058642114
40273860	0.00120860650289739
40276091	0.00391891464206071
40276631	0.000648287653855426
40277010	0.00271304842706204
40277751	0.00193418576797508
40278410	0.0165599940876641
40279661	0.0356330869345373
40280241	0.00101219729632433
40282031	0.000643797730629021
40282660	0.0389951720288148
40283480	0.00168396504002728
40285191	0.00214855293246568
40289280	0.00170743903521415
40292590	0.00142221450812496
40294950	0.00181329720439035
40295811	0.00104423301345415
40295920	0.00152950203066377
40299381	0.000663412021503293
40306581	0.000717075161060975
40306691	0.000953985062371609
40307330	0.000959490388033001
40310291	0.000745768513694803
40318301	0.00194726031294023
40319821	0.00573116426108967
40319931	0.0206581451235679
40320221	0.00310988072143957
40320740	0.000894074070669715
40321191	0.000609105333416596
40322660	0.00615570176632746
40326370	0.00423832611411418
40327521	0.000634427457626381
40334841	0.000719022481202657
40335490	0.000615866945730008
40335620	0.00235199656946374
40336730	0.00196227964918191
40337160	0.00119045606034003
40337311	0.00104351050048541
40337321	0.000805706727748149
40338250	0.000615053201467107
40338510	0.000628378191394419
40338971	0.495716717257873
40339470	0.00388270123227884
40339880	0.00302135986667864
40341410	0.00104631460795247
40341550	0.000637167946345228
40342161	0.0038009559096664
40343050	0.000867932428214615
40343210	0.000885738660452889
40346841	0.0204664626770767
40348330	0.000648181320105408
40349670	0.01985096437558
40351740	0.000925228073324974
40353670	0.00472536373128092
40355251	0.000731075707968312
40362230	0.00627112526000112
40364880	0.00208257510009496
40365731	0.00192875632378849
40365950	0.000669409856125024
40366920	0.00230393488408958
40367541	0.000609105333416596
40367811	0.00502500426653398
40370360	0.000965080521273045
40371080	0.0183239744714401
40377390	0.00119576184025778
40377451	0.0551834715840954
40377700	0.000987424757238326
40377960	0.000736236562072339
40378701	0.0113953349903295
40381010	0.000706741040060493
40383101	0.000813703247997479
40383630	0.00066973537815697
40384720	0.000671276091994544
40385881	0.000820818495311081
40389461	0.0525972239216332
40390120	0.000918314707258674
40390920	0.00428052311946443
40391780	0.00233345713570045
40395330	0.0031869658613019
40395661	0.00666041469573648
40395770	0.00125719750939188
40399500	0.00625860944025733
40405420	0.366032971716918
40405840	0.00737347384972995
40407610	0.000700590518179553
40410650	0.0125295001951859
40412061	0.609654547347472
40412751	0.00469951899107159
40414770	0.00966144765765157
40416720	0.0190254566208812
40418551	0.000617124516891844
40420860	0.000668038087519188
40423600	0.00133595491725303
40423661	0.000668570128509697
40424600	0.00205768635827238
40426240	0.00386026934153914
40427521	0.00260247973365779
40427630	0.000837441119850084
40427931	0.0028536088752101
40431760	0.0673338469947629
40431931	0.00892825625235346
40433840	0.000718095662176823
40433861	0.000680142869746651
40435740	0.000635324732022497
40435931	0.00109572930798667
40437181	0.00276520551129092
40441290	0.00433077340445248
40441390	0.0268798385557807
40448201	0.000638234172543414
40448430	0.00494564750398672
40449171	0.0020323562936078
40449680	0.000634427457626381
40451220	0.000626375885382927
40452290	0.000663109896188993
40455330	0.00273656194548704
40456440	0.000713543657554683
40457400	0.000891136299983083
40457560	0.00231329685097764
40457731	0.000615866945730008
40457991	0.00103257334120369
40459791	0.000678317244384787
40460020	0.000978845949060552
40462360	0.000993232921515848
40463450	0.000827749342416008
40464430	0.00212288631545848
40464751	0.000759175062687641
40465130	0.00194945745578146
40465810	0.00178610055800997
40466800	0.00339055563232273
40469721	0.000914125510743054
40470011	0.00068272471083
40470230	0.00106326525832814
40471651	0.0905762997757792
40473161	0.000675753150979723
40474551	0.00062784526408996
40475381	0.000665974432080382
40477591	0.000945140458070086
40477981	0.00499187926970727
40478910	0.00335577536362264
40479911	0.00262425501463928
40480351	0.478234102880419
40482001	0.00133311794144028
40485960	0.000705530922340142
40486640	0.000775904518234633
40486650	0.000949826586728914
40487350	0.00377829561632219
40490760	0.00339173658089218
40495661	0.0189428243877297
40498831	0.000704129840833449
40499730	0.00469016020067794
40500341	0.000878983155224795
40500850	0.000670101271252658
40502971	0.000716356113651187
40503781	0.00545449458102065
40505380	0.00153574384454492
40506681	0.000644330244589865
40511781	0.0010889972590897
40512191	0.00230577592333373
40512960	0.0716409900598124
40516280	0.000776356426315549
40518800	0.000693331397604888
40518961	0.00310774113835277
40519070	0.000779083161477755
40521390	0.00478933269039627
40523101	0.000701200755927719
40523860	0.000697007687117549
40524881	0.0032755643943425
40525130	0.000740833423625449
40525431	0.003109546187749
40527730	0.00259515706911503
40528300	0.00122718296658621
40528440	0.0167367496601722
40529431	0.000711606001863803
40529841	0.00408614216198448
40533940	0.00768093214571795
40537171	0.000606753885567106
40538080	0.000839464293957935
40538391	0.00190755123533555
40539880	0.00158945844358212
40540611	0.00190670078525144
40541540	0.00269721921064588
40541680	0.00068569961083447
40543791	0.000764736034178815
40544980	0.00537282184331802
40547180	0.00107909353678045
40547900	0.000683095518686257
40548181	0.0039496915355952
40550961	0.000763414209956543
40551340	0.0346361728151116
40552290	0.00103127103864614
40556840	0.0171643690568564
40557031	0.0613102474177036
40559190	0.0007025243163101
40559310	0.00204152543066256
40559491	0.000943946395975938
40559590	0.00564464832866654
40561510	0.000980047410817473
40562261	0.000645473488121495
40562650	0.00214689136901371
40562681	0.000909130195552005
40565960	0.000747188775366986
40567300	0.0277293896938141
40569861	0.00065881556557099
40570380	0.0031083296539862
40573400	0.0380863650740654
40574230	0.00148345190528593
40574240	0.00275845781533982
40574821	0.00201145988842633
40577441	0.00121251785886885
40578661	0.000791592239333529
40580871	0.00242754778011357
40581851	0.000895068172321737
40584061	0.00298332571944454
40585390	0.0301022578654374
40588160	0.000631269075935693
40588690	0.00900271520498046
40588751	0.000705709536483784
40592201	0.000683596060879806
40594210	0.000691968971605958
40594401	0.00237434012042728
40597260	0.000713361171916877
40598510	0.000782181534753599
40599330	0.000625204007866165
40600611	0.00330974701096236
40607211	0.000723502876724094
40607570	0.0606410682193786
40608741	0.000956011461015349
40612181	0.0422410405676007
40613510	0.0035652860564484
40616051	0.00411158893885302
40618620	0.00240314070755911
40619060	0.00164347213186553
40619870	0.000761351178636043
40621151	0.00143153100913431
40621950	0.000671176117900967
40622101	0.000743144759242844
40624150	0.00169598560368157
40624321	0.00290439187929692
40624881	0.000916428055096761
40625691	0.000646846522995232
40630200	0.000650045718677375
40633100	0.0937653691622235
40634060	0.000608693505068779
40635980	0.000650825095614685
40638500	0.000714673723091638
40641021	0.000741494207920395
40642370	0.000636947164426884
40644721	0.000698550841644196
40644980	0.00162364794648315
40647450	0.00349519802225485
40652670	0.000633621047436895
40653360	0.576061757293497
40656950	0.00534373251459732
40657780	0.00911726690198966
40659980	0.000704537583314497
40664810	0.00142876131237602
40666780	0.00160086154030813
40668270	0.000619251216491806
40668970	0.000857116446689663
40669940	0.000707172222540434
40670880	0.0211255037453946
40672840	0.00168358690632889
40672991	0.00211525664132315
40673100	0.00170024299749924
40674340	0.00521322151198462
40677971	0.00288630595362937
40679771	0.00171301757189254
40680280	0.00382649955196001
40681821	0.000688337720228824
40683180	0.045698801379407
40685780	0.00661118606821722
40687860	0.0038152360908651
40688670	0.00281169873503497
40689131	0.0146986383482087
40689701	0.00191810067743893
40694931	0.297476446942879
40695450	0.00134108512167061
40697701	0.00375160506347604
40697930	0.00118223596455467
40700270	0.0394903743475736
40700700	0.00169961324803767
40701950	0.000953859113879397
40703580	0.0131910972091289
40709401	0.00274793291923752
40709701	0.00116877832081164
40710460	0.00327327459633312
40710770	0.00970923267982596
40710931	0.000656754329572418
40711331	0.000625320988061096
40712041	0.00525562447934535
40712250	0.000784247888222689
40712321	0.260456875052
40713681	0.000986846529293321
40713701	0.00144652325318448
40715320	0.00178390415676626
40716031	0.000908153911513458
40717831	0.00984648163620873
40719150	0.00182423412774328
40719481	0.00129886298816421
40719850	0.00066216028313598
40719970	0.000900578620069642
40721500	0.00104644519883814
40722050	0.00140752632333968
40722480	0.00690320270953203
40723621	0.00101523815195064
40724690	0.00062730144585521
40727170	0.000779855299932629
40727491	0.00115659954291921
40729131	0.000721001165725175
40729510	0.000761607568125885
40730040	0.000638457607513233
40731170	0.000637561689122148
40732010	0.000916561816666483
40732581	0.00385731498075584
40733691	0.000676508517991004
40733770	0.000626528616145964
40736591	0.000703294150508202
40736851	0.000689736266552198
40746040	0.0750005432188509
40750091	0.00938406775945177
40753541	0.000669961203695587
40754101	0.010800273980915
40756110	0.344153015939033
40759020	0.000665234516340495
40760820	0.00198516229374189
40761281	0.00519449766221592
40762620	0.00197597003787232
40763720	0.000660876857086452
40767020	0.0160478916058188
40767901	0.000756085220381795
40772041	0.0022128304796283
40773691	0.000746096001917627
40774101	0.000766230460314952
40774900	0.00112970980549408
40775631	0.0241508484858386
40778590	0.000668570128509697
40778781	0.104127257648813
40778900	0.0485036412033882
40778941	0.00305682257896427
40779140	0.00182441615051311
40779201	0.00490215293091834
40781070	0.00193280787401795
40782330	0.000966038837379211
40784851	0.00079056083090102
40785401	0.00289805991576853
40786320	0.00071286931437328
40786730	0.000884548843619344
40786791	0.019723683184343
40788581	0.000681955139719295
40788711	0.000903689732792433
40790371	0.00251493029576874
40790450	0.000659481723029825
40792181	0.00154400720508441
40796680	0.000791191001779833
40797001	0.00251603901945926
40797271	0.000868862023727534
40799150	0.000803045236669252
40802860	0.0007632733976686
40803180	0.00276172917006201
40803280	0.0021335725703048
40807140	0.000685260472447138
40807310	0.00662655365808862
40807450	0.000680087564507488
40807621	0.0018383594501058
40810511	0.000613093329040597
40812550	0.00071175726197473
40813141	0.000719949418506836
40813401	0.0042413996849839
40817900	0.00212895836799834
40820410	0.00240325797755163
40821930	0.00433804495034589
40823140	0.000930932118028254
40823150	0.00131301211094292
40823331	0.000674848090628262
40823580	0.00135448428469226
40823730	0.00273791160503006
40827130	0.00374112560501048
40830720	0.000887345368015564
40831020	0.0710014509327978
40831601	0.000944168771132888
40832021	0.000626375885382927
40834791	0.0011370218641954
40835550	0.000650961998523963
40837251	0.00366717463490879
40838101	0.000875209461052269
40839840	0.00191632015125529
40841360	0.00165397955736946
40843840	0.00105863159826484
40845681	0.00138735019041717
40848171	0.00294862983289131
40848701	0.00734696425073962
40849220	0.0138749215367676
40851331	0.00182731245663035
40851440	0.000949092110690885
40852940	0.000613093329040597
40854750	0.00350539731821734
40856920	0.00269555355009975
40857910	0.125921599258763
40858750	0.00160401160116923
40859830	0.000727360569120828
40860171	0.00183615123478705
40860421	0.00151175452744227
40861121	0.00578137424148447
40862170	0.000711827596754795
40862330	0.0125554617051657
40864510	0.00301287119237241
40864851	0.02572575894606
40864960	0.00269919575311808
40868390	0.012988543121717
40868940	0.000696400304270272
40876960	0.0067038692885426
40877770	0.000606753885567106
40881090	0.0115043919207151
40881541	0.0012470698826853
40882361	0.00350437903147872
40882990	0.000641074154295958
40883201	0.000614099039603917
40883580	0.000864055598378363
40883891	0.000694231435688649
40884561	0.00129692793964607
40884820	0.000716125322121366
40885131	0.00105440705491396
40889241	0.00270792973738031
40889350	0.00171420801526344
40889630	0.000726315734050842
40892291	0.00170712802417917
40893510	0.000789911719781966
40899030	0.000852719442054927
40899861	0.0496780096963957
40900260	0.000780949869576652
40901661	0.000683154687150986
40903130	0.0621544888800663
40903430	0.0026727055695565
40903580	0.000705183312039133
40905360	0.00173041644005104
40910730	0.00255142472463132
40914020	0.00223375563266741
40915300	0.0147398519044614
40915881	0.0265059987105544
40916161	0.000795324692024849
40917610	0.0157290851676913
40917671	0.00174680657155858
40918200	0.000833644954913606
40918300	0.000999921483561931
40918730	0.00182947468026925
40921340	0.000724070350839938
40921531	0.000802821741153516
40921620	0.000658626989203873
40921791	0.00496748668475688
40924971	0.000962764606636589
40924981	0.00251209527487134
40929620	0.00305382361674675
40929951	0.00576720212380073
40930860	0.00395109404930785
40931581	0.000887963851873281
40933610	0.000754428059880397
40935670	0.394305039557083
40935810	0.000613093329040597
40936841	0.00110392837770251
40936910	0.000660055493161738
40936971	0.000622129746290491
40937770	0.000905987631727488
40938030	0.000764607378506975
40938170	0.000839730105319853
40938341	0.000664303324567465
40938730	0.000684244334153835
40939680	0.00147545034058911
40940120	0.0590878053503288
40940301	0.0536495563483381
40945801	0.00161851925381078
40946071	0.00161630254144791
40946201	0.000695671682733332
40949210	0.00294875848646025
40950091	0.000889217327520824
40950320	0.00176703741399659
40951181	0.00102926361255232
40951670	0.00479269513992608
40954730	0.000667363026685144
40956640	0.00638873239256737
40956650	0.000976887103077829
40956790	0.00166724456070679
40957190	0.000699075438210651
40958150	0.000626978689790529
40958211	0.000676223303285603
40958310	0.000602807101325309
40958570	0.000724835077404218
40958710	0.000650217024670627
40960271	0.000627584662905804
40961760	0.00106632204258662
40965460	0.00301429684099417
40967140	0.00110637667414321
40972151	0.00122066078136607
40973511	0.000699261844378217
40975191	0.00102749762809963
40975550	0.00109230909076776
40976670	0.00127212183126929
40976681	0.000855351635047883
40977070	0.00081116413589747
40977200	0.000609105333416596
40980390	0.00179294807084111
40980790	0.000646958363589608
40980971	0.00182538401088253
40981780	0.00735117682175156
40982700	0.00146949758448919
40984380	0.00064592792934779
40987161	0.000889766577301329
40987741	0.00148304240261803
40987851	0.022961052897035
40988131	0.000638668852076654
40989880	0.00305544451349941
40990020	0.000673349084381449
40991191	0.000910731376146551
40991530	0.000613093329040597
40991581	0.0012560054889112
40991960	0.000661245292805976
40992240	0.0331339349580884
40993350	0.000843677962885911
40994491	0.000617066730573456
40994590	0.00274172837565977
40994710	0.000717117336755044
40994720	0.00448319982845763
40994891	0.0379728459166762
40995540	0.000677182393773046
40998840	0.00305383877938417
41001750	0.000651716825151054
41002040	0.00074403230376031
41003550	0.000658593302923182
41008100	0.0252298333749767
41008650	0.000609105333416596
41009320	0.000659014328180307
41009340	0.0037210284102954
41009740	0.000639197178887264
41010710	0.0152429082129214
41011120	0.00372326232725714
41011980	0.0011709445712753
41012100	0.000656566081572355
41013200	0.000623513856767855
41013320	0.000699531589557027
41013641	0.000779184187334216
41013791	0.000667664452978482
41014430	0.00193389283451332
41014460	0.00626296646620229
41015830	0.00207758030873443
41016920	0.00147755958053578
41016971	0.00114343310223503
41017500	0.00157031174996783
41018040	0.000665867415012074
41018980	0.000679574630478041
41019690	0.000756493477128198
41021330	0.000746157096494248
41022471	0.00145644598758931
41023700	0.000722363448037799
41024640	0.0188537220639771
41026050	0.00787922808738912
41027690	0.000680686502850723
41028350	0.00609623431643348
41028930	0.00106764660243551
41029870	0.000739936622697392
41030040	0.000708938888479414
41030631	0.000720316845127205
41030840	0.00211704644753735
41031400	0.00077034708141091
41032011	0.000696210926351894
41032350	0.000939364098577746
41032401	0.000787853229980207
41032510	0.000703441923173746
41038150	0.00231888074181009
41041101	0.000739365758905114
41041791	0.00385533702154741
41043800	0.100112929636202
41045900	0.000835530641272036
41047150	0.000673768598006976
41049231	0.0135131247597077
41049371	0.000731872965789324
41050140	0.000609105333416596
41050600	0.00146721584619714
41051270	0.00112755197324419
41051970	0.00629432802588693
41051991	0.00175639872969546
41053241	0.000628292348744046
41053381	0.000678300052011857
41053931	0.00142449440041414
41057180	0.00073644449989515
41060281	0.000638759598217139
41060401	0.000627000392743093
41062051	0.000650864132048246
41063930	0.00176442377196169
41064910	0.188258791241042
41064940	0.00173991943363319
41066051	0.000614899487610668
41066160	0.000798298609109756
41066440	0.000868344911829926
41066450	0.00124770706991153
41066870	0.000982625084242105
41067530	0.000843695696274549
41067960	0.000955111820636699
41070420	0.00641662655438497
41071581	0.00209105546112723
41072240	0.000620515178552459
41075591	0.048319403518142
41076230	0.183486288344399
41078331	0.00161768376094337
41078710	0.000935932033495465
41080630	0.00102303756861296
41080691	0.00932934470472494
41081350	0.000722217813935501
41081460	0.00316314411899826
41082191	0.0048966334326085
41082840	0.00168036461334743
41083830	0.000670147558904779
41084671	0.00245814834607489
41085231	0.00205927569559473
41085590	0.00069090035161686
41087270	0.133558611730711
41087820	0.00243678053490034
41087950	0.0006223015443527
41093661	0.0413596997309802
41093750	0.0145398926879193
41093931	0.00101800710434063
41095731	0.000824974796756287
41095930	0.000613353093729715
41096070	0.000780025465477746
41096110	0.00089799158300025
41096831	0.000801507861390945
41097190	0.00226578437368212
41097480	0.0022335853296414
41099550	0.00244111280119754
41102430	0.000860553645401443
41102590	0.00294863490230751
41103250	0.000636158948230198
41103431	0.00518342500765908
41106010	0.000757371373077212
41106901	0.000703415897424666
41107400	0.00173537868438532
41107861	0.00103564861432424
41108360	0.00078416212046524
41108480	0.000756282582648863
41110611	0.00359664718085562
41111280	0.00077706316850163
41111930	0.00564735133539981
41112821	0.000777931983873864
41113781	0.000752344040696464
41114181	0.0224747571298148
41116821	0.000740606963836294
41118450	0.00253964952982655
41119161	0.000680024955244204
41122191	0.00188905790824624
41122201	0.00227712297121468
41123441	0.00226148552453887
41123930	0.00754805959951745
41124210	0.013241301502439
41124660	0.00106093501609053
41125590	0.000671949503902108
41125890	0.000625035761107435
41127380	0.00407470874714919
41129351	0.00156730816439234
41130850	0.00200354238293487
41131390	0.0129603545791765
41132920	0.000633375721741559
41133781	0.00261229966032822
41134160	0.000708511332245414
41135650	0.00294682357196219
41135660	0.00066400593710803
41138420	0.000771727534740053
41139370	0.000880107340938248
41140640	0.0010295722381731
41140961	0.00224087766043444
41141170	0.000666437483517976
41141620	0.00142763023541327
41143110	0.00531354349033195
41144930	0.000673343497182591
41146960	0.00536688813809549
41147120	0.00073654643245032
41148531	0.000985607679407858
41151281	0.431403601724394
41151410	0.0283764862708363
41151971	0.00341540238260967
41152811	0.000615866945730008
41153050	0.00176393755701449
41155920	0.0018904261980007
41156340	0.000864533038446559
41156510	0.00671529127679311
41156760	0.00064025368594613
41158550	0.000936304930197554
41158570	0.000626159618596578
41158741	0.0174894421569121
41159250	0.00100796956456701
41159281	0.000996275072812939
41162341	0.00180508433002932
41163141	0.000777931618274377
41163981	0.00243702981798635
41164090	0.0623402348879628
41164220	0.00172362994916765
41164801	0.00145008823485356
41165071	0.0106223886470228
41166020	0.000844529297647928
41166591	0.00361132912010175
41167031	0.00148473447508609
41168951	0.00875645945639455
41171380	0.000830278225813308
41172900	0.0341847319578333
41173310	0.00304484306089842
41175421	0.00192976397302645
41178430	0.00393259931928414
41178550	0.00144759189995566
41178601	0.000694776374978665
41179291	0.00129788083978432
41180200	0.000993887809209292
41181361	0.000650301167554793
41185491	0.0340082096764269
41186030	0.108782596397594
41186410	0.000628732135170336
41186611	0.00460308199241272
41187270	0.00995709034386735
41187291	0.000719842414013624
41187930	0.00123099824468374
41192750	0.000676130716596689
41193320	0.178669490546413
41194030	0.000710458511235544
41195680	0.00508303296009537
41198041	0.00125517356180301
41198440	0.0126722390938155
41199540	0.000769449556041525
41201020	0.000714660261556275
41204101	0.000793298486717726
41204500	0.00225854167093989
41207250	0.00383789596167129
41207370	0.000711878399934956
41208811	0.0378773731998727
41208821	0.00063317980793806
41208931	0.0310852433368525
41210461	0.00300253638904886
41210680	0.00382978205155809
41211141	0.000621605302647266
41211270	0.000665975629699724
41212070	0.000795475464856762
41212671	0.00106310385506894
41216381	0.000883367588213902
41218410	0.000794048903470231
41222010	0.00215619392501992
41224080	0.00155797209747267
41224521	0.00174950372470821
41225450	0.00571095144046103
41225730	0.00071137738164876
41225750	0.000800030468671197
41226280	0.00295570131883226
41230611	0.00208448929202816
41230721	0.0149729214179041
41232630	0.000673391567767554
41233501	0.00161563811824037
41234461	0.0163730850825657
41236750	0.00255777263383362
41236900	0.000709322920092888
41237621	0.00291229911183496
41238581	0.00128244535685957
41239120	0.000609105333416596
41240661	0.000619484754909065
41241481	0.00193895426475214
41242181	0.00120832842150113
41242430	0.000800967109516063
41243640	0.103524265024972
41246721	0.0014612704196146
41247800	0.000980085082712847
41247831	0.000735258563259476
41248381	0.000919226184307795
41253150	0.00668384529316602
41254010	0.000654156330190847
41256121	0.040982316215352
41258140	0.00635369639924908
41258331	0.000639999524394113
41258581	0.00513994503442678
41258840	0.0450206577893235
41258991	0.000954265377182943
41259131	0.00063697151371781
41259400	0.00251069677671658
41259821	0.00084473791181366
41262690	0.00434860864427642
41262840	0.00207860685490737
41263950	0.00390256813227266
41264070	0.000838715187188791
41264381	0.00133389542204058
41265020	0.00133683662226481
41266540	0.0138974774927333
41268671	0.000710408242895319
41270970	0.00554551212418188
41272241	0.00348875678131077
41274690	0.00598454126425253
41275390	0.00214076402852977
41276261	0.00793156207872003
41276870	0.0006223015443527
41277471	0.0010116050793662
41278960	0.00115176433697178
41279681	0.0154661064428592
41280080	0.00193940717454227
41280671	0.00155424936154282
41280740	0.00272406685022317
41283131	0.00260754954819487
41285180	0.00470623603199155
41285751	0.0846755729217443
41286830	0.000607837505381007
41287510	0.000709161610298448
41287790	0.0137853691540034
41287950	0.000868681070399641
41289020	0.00334296753956856
41289570	0.000667163587321712
41289911	0.0323631574212791
41290830	0.0195218591297826
41291001	0.000885267367428943
41291380	0.000649541420456198
41292091	0.00187060893570391
41295640	0.0392201671071025
41297570	0.00311822792612797
41297730	0.000644973224929665
41298980	0.000787115221329209
41301751	0.0104982275427882
41302051	0.00768190062153169
41303810	0.000873586482460456
41304220	0.000677527035052302
41305150	0.000949716200811826
41305180	0.000687432177908142
41307100	0.000627364066006232
41307670	0.00073724749430359
41309430	0.000917929474806282
41310711	0.000672360950936731
41312371	0.0489265951698307
41312531	0.00083196698041299
41314721	0.00213156193744444
41316730	0.000731053260181304
41316740	0.0083697957911475
41317331	0.00111570928015683
41317430	0.000797097426512113
41317730	0.00206793603556323
41321310	0.000638581138869746
41321891	0.00181863666091208
41322670	0.0521940831417388
41323401	0.000712712318912776
41323951	0.000729179444086373
41324241	0.000948236120254425
41325081	0.293867376103971
41327900	0.000636595092862454
41332750	0.00216864546093939
41335380	0.000838530052274386
41335520	0.000931201147869404
41336340	0.000669374822056764
41337631	0.000764033572405114
41339110	0.000970754548797127
41339930	0.00569914064103544
41341460	0.00444872863148955
41342820	0.00064987874116311
41342861	0.000950068333790399
41348620	0.00158160513269425
41350530	0.000642497804695433
41351390	0.0068079583107227
41351530	0.000829720729338684
41356501	0.000784888530489423
41357481	0.00271182331981734
41358250	0.00145071103406151
41358581	0.00428621641934832
41359401	0.000875705774625084
41360210	0.168777253626385
41361761	0.000798778272599345
41362530	0.00131869243951398
41364361	0.00068665658308669
41365071	0.00163251832987938
41366700	0.00067078009031034
41367220	0.0104023723543819
41368210	0.00635012749755602
41371790	0.00686180153546916
41372361	0.00479450455167244
41372870	0.00195025938437145
41375541	0.000838005490830411
41376040	0.000695151012377053
41377020	0.00265687031233398
41378800	0.00333162918613988
41382940	0.0156571046296902
41384231	0.000696542292235982
41389471	0.000806614111060846
41392480	0.00167523662976933
41393300	0.013131018643106
41394420	0.00193065235885217
41397621	0.00135885991273865
41399620	0.122667732317866
41402960	0.000670134700678516
41405840	0.00318637685495571
41407760	0.00790463335616291
41412580	0.00193889966172409
41413550	0.000791857426216201
41415620	0.00255938386806352
41417300	0.00266572818000174
41421300	0.00268154842320139
41421690	0.0037348640998289
41421960	0.000647834431624045
41422130	0.0013617985611635
41422670	0.142302005632717
41424030	0.000652433105099032
41424081	0.000785359058377523
41424371	0.00337021711721395
41424440	0.000694574796623282
41426510	0.000657108515507869
41426971	0.000651386181812526
41426991	0.0006223015443527
41428491	0.0282735907697141
41429140	0.0306174584921403
41430140	0.000901145757002307
41430311	0.00141608537907489
41431671	0.000937995351398221
41432511	0.00695311464861827
41433601	0.00079166765022734
41434031	0.0321708206806851
41434650	0.00257332238079399
41438660	0.0026984701359536
41439210	0.00141910420632499
41443941	0.000956266667327007
41444081	0.0010113454590422
41444990	0.00103765124148752
41445881	0.00060901135895007
41445990	0.000674332260078382
41447930	0.00077639655730653
41448761	0.000710564884866917
41448990	0.000753842817245469
41450301	0.000640019882741391
41450520	0.00164618555111109
41451230	0.0017221947096069
41451541	0.0019690792866703
41452351	0.00071298936968689
41454141	0.00117665675096522
41454151	0.000692382298332639
41454240	0.000627584662905804
41454851	0.000833423726859528
41455801	0.000780902403285286
41457020	0.00387375387807559
41458421	0.00172044320720254
41459070	0.0110459512474739
41459210	0.0499434693137336
41466250	0.00234290161865745
41467480	0.0018187750487542
41467811	0.00114877202561902
41468091	0.000712755871893236
41468641	0.00395248829297823
41470410	0.000717471388129065
41472710	0.000791011116809857
41472890	0.000656722115320336
41474011	0.00719415021736072
41474790	0.00424542308328171
41476310	0.0157334490272229
41476901	0.00129997954638705
41477840	0.00354724520067502
41480330	0.000669203634815231
41481311	0.00184156057536554
41482400	0.000694061677802856
41482520	0.000700103843211655
41482571	0.00076698941571158
41484580	0.000677865059694524
41488050	0.0244011530988795
41490510	0.000620678466825435
41490520	0.000609105333416596
41492170	0.000760140799172651
41493720	0.0130617356134447
41494100	0.0125732009791639
41496911	0.00227841620645278
41499531	0.00942801057033957
41503541	0.00237982494384146
41504781	0.00507397815957002
41506011	0.00420597158642082
41509980	0.0060955518243289
41510291	0.000942180040533825
41517710	0.0736735083887951
41518250	0.00141298370289282
41521471	0.000723046500551566
41522530	0.0010933491985335
41523370	0.00199358313324037
41523640	0.00127528765043557
41525020	0.000802366202833801
41526520	0.00461574631902038
41526971	0.00349927573976647
41527511	0.000650532346964336
41528221	0.00120855421595795
41532170	0.00779413927930147
41532211	0.00161541877850316
41533260	0.000626375885382927
41535190	0.000996381234746718
41536211	0.00170409123148682
41536320	0.000679515527819027
41536730	0.00101303856115031
41536751	0.00140974914644785
41539220	0.00068004693114399
41542831	0.000718362852302406
41544501	0.0126797559097613
41544740	0.000751154982219448
41545181	0.0043783030362161
41545731	0.0106268331941737
41545810	0.00113542224893234
41546950	0.00280702417394208
41547330	0.687519686626177
41549130	0.0015933799265439
41551880	0.000639430835243629
41552611	0.00258102157572683
41562790	0.00230577396678274
41562940	0.000692690727956685
41563080	0.00100600748979885
41563340	0.00659009638322539
41564700	0.000845637985993106
41565140	0.000915142189503771
41565601	0.00288970199677392
41565690	0.00105993020517351
41566691	0.000665565221089642
41566810	0.000694495744302623
41568450	0.00304634773441001
41568631	0.00321496716284437
41569670	0.00157963197180787
41569991	0.000614279024624743
41575480	0.0013919447309795
41576491	0.0165445119100167
41579890	0.00114101749947843
41583330	0.0018407759040916
41585670	0.00106256542338648
41596061	0.000859678573184938
41596150	0.00270170334876372
41598011	0.000712482327688446
41601110	0.00813905204672805
41605171	0.0237962663394393
41608980	0.000617142402841359
41612751	0.00496062084282527
41619801	0.00396770636655411
41619931	0.00321094864800207
41621301	0.00198513218525529
41622240	0.00174988620530484
41624051	0.000635123268672814
41624621	0.00710620616287935
41627391	0.000704411951806114
41630131	0.000616249686551184
41630520	0.0321759374289908
41632351	0.000757429183045689
41634370	0.000695930582632839
41635220	0.000640764029617517
41635241	0.00151339206331483
41636850	0.000784506255521789
41637441	0.000865775944792787
41643791	0.00510441961081447
41647740	0.00109056990825403
41648580	0.000681597736303896
41648850	0.000634213338181492
41649041	0.00282465447896256
41649530	0.00244019050793888
41651070	0.0107513277983305
41655060	0.000829790944270677
41655361	0.000849109430914087
41656481	0.00149292357252463
41658490	0.00158861783476236
41659750	0.000999386372097237
41662500	0.00276898871626092
41668901	0.0308116704947349
41669151	0.0417252896112289
41670380	0.000626375885382927
41672030	0.00146560057250409
41673161	0.00346752454170473
41673940	0.00343385943881547
41675480	0.0054589385328591
41678961	0.000924525640436086
41680590	0.00149138337063435
41685810	0.00202935085406373
41689571	0.148357583077091
41690770	0.00434469650614871
41693591	0.0162578303769522
41697301	0.00204971763803439
41697701	0.00131239831355777
41701970	0.0306404928452027
41702380	0.170732978507491
41704720	0.00275931001913599
41707791	0.00650603983689902
41713410	0.000685916665701856
41714920	0.00228958740801926
41718770	0.000686148433551936
41718790	0.00131313401671658
41719921	0.0299856949960546
41726240	0.000676764385166412
41727470	0.000670865056663512
41728140	0.000745718523062984
41728280	0.000782813389602868
41728970	0.00112797066173615
41729841	0.000620797865153798
41730951	0.00203403890244971
41731641	0.0164764696944063
41732881	0.00674266330941735
41734961	0.00251766634122014
41735610	0.00395889458838226
41737260	0.00116911720040328
41737390	0.0012582062842218
41737510	0.000785664969727004
41737550	0.00269585634082748
41739180	0.0910138541603871
41739231	0.00135826389709154
41739330	0.00254504593983727
41739491	0.000660624959202833
41739771	0.0106201844591181
41740601	0.00136321658774502
41742610	0.00263211197842638
41743580	0.000647881065382962
41743720	0.000644084937088269
41744020	0.000841032584967479
41744160	0.00394449479287441
41744871	0.000858277024639014
41746080	0.00104574066692843
41746941	0.00277050419271843
41748201	0.000966680239766905
41748710	0.00141818586047879
41748970	0.0252612064725412
41749650	0.00137814361818111
41750961	0.00254789209054971
41752310	0.00413540117929826
41756980	0.0033056915961041
41760881	0.000943008373600558
41762480	0.00132868226512977
41762941	0.000899093641741851
41762951	0.00192839902230308
41764140	0.000619903879845291
41764290	0.283857851399099
41764840	0.000728563701655489
41764850	0.000987203896228189
41764871	0.0234402414698526
41767190	0.00503527211657806
41767361	0.000681292711223816
41767740	0.000677117760921711
41771600	0.00248072384369502
41772201	0.544988445190658
41772331	0.00208624399415187
41773001	0.00241885226563696
41773090	0.000764126037835339
41774801	0.0702845720358312
41775221	0.0298354038086863
41776540	0.000759235295863304
41777820	0.00629729610140136
41777831	0.0153515639185418
41778381	0.0259793185097246
41778681	0.00146597626654429
41779990	0.000717331609977177
41782190	0.000636250325529822
41782750	0.00331412291382174
41783720	0.0175298136800379
41784140	0.00453134080459019
41786671	0.000609105333416596
41786880	0.00501911095340126
41790470	0.00687556845359885
41790760	0.00148659688822768
41790811	0.0012103024101418
41791310	0.000669686683424336
41792270	0.00184633376712598
41793001	0.000867937479852825
41793370	0.000791339462146896
41794531	0.000602807101325309
41795730	0.00199571220600402
41795860	0.00183231819872344
41797540	0.00285218428427898
41798671	0.00068659618020808
41798791	0.00355212484901424
41801291	0.00103856718410933
41803060	0.000615866945730008
41803631	0.201681394418438
41805800	0.00109918234796108
41807570	0.0436021631662145
41809981	0.155619654382406
41810801	0.00102955477296022
41811341	0.000646843140767103
41811621	0.00147385601125344
41815891	0.000640558946058367
41815911	0.00119813035600148
41816440	0.00071766448912331
41816950	0.00152717009002713
41817510	0.00510869930224356
41820270	0.0033171844167752
41820311	0.00237573947627549
41820861	0.00132432099461064
41822811	0.00153894400080315
41823990	0.000971462518746378
41824041	0.000943055511687098
41825090	0.00277462722944977
41827440	0.315995308310769
41828461	0.0488825869851513
41828540	0.00390178856962157
41828810	0.00634105305894158
41829001	0.000743825272556662
41830050	0.00160336827076882
41831211	0.000747296756010922
41832441	0.000962866551897381
41832881	0.00104231198705692
41833571	0.000886308460058052
41834740	0.00197306837944719
41835470	0.000668911518006378
41836721	0.00378828407102046
41837561	0.000978888630971483
41837770	0.000896957568378394
41839180	0.000777005786926804
41839300	0.00224326932168171
41843071	0.00392171044191427
41844010	0.0025638445179495
41844430	0.000893024078712069
41844820	0.000872544147738795
41845360	0.0373107043299903
41845790	0.000657368784978403
41845961	0.000894538774803287
41852451	0.000669142285137042
41855470	0.000732528126847703
41856530	0.00104608047750077
41857780	0.00417652212365596
41858251	0.000941114301342473
41858610	0.00084310943353069
41859150	0.000953312111518519
41861260	0.00638294277361349
41861541	0.0215886034328573
41862101	0.0032713493766293
41862811	0.00417665665526651
41863460	0.0045877626881222
41863891	0.000634038622281992
41864430	0.00287604589222454
41865120	0.463134977048938
41865650	0.00430986056244692
41865681	0.00134424088280381
41866320	0.000673958472114292
41866610	0.00531571256365986
41867901	0.00229663014442007
41868410	0.00332005660955955
41868710	0.00542714686332776
41868871	0.000709271694009062
41869810	0.00067344920165895
41870360	0.00644838135344889
41870381	0.00914146616765018
41871310	0.00353443406883156
41871891	0.00411768561629861
41873250	0.00154191632404582
41873510	0.00206675979428604
41874050	0.000740218246306001
41874490	0.000621106819461315
41875840	0.00716095118861105
41876940	0.000742782826145586
41880270	0.00838911575655846
41882460	0.00142106258667069
41885370	0.000642624902715249
41887020	0.00928632790815794
41888700	0.043630469823443
41889141	0.000910805168000333
41891970	0.0206816523988094
41896451	0.00517519541451371
41897490	0.00148198589149296
41899071	0.00425697005112819
41899911	0.000637256605474222
41900260	0.00151477021376666
41900540	0.00642676634671085
41901800	0.00100069565899897
41902241	0.00382231471020201
41902521	0.000627589408632399
41906350	0.000679286784410178
41907860	0.00102669371963945
41907881	0.00147210486750753
41909100	0.000687497068699345
41910220	0.00109966674374939
41911720	0.0100582487992604
41911870	0.0225448840589619
41912800	0.0101221322795156
41912840	0.00103573635504618
41913281	0.0074197558619141
41917831	0.0180325862066163
41919970	0.000807934805692237
41921360	0.000668977812376394
41924680	0.000883757544016567
41924690	0.0447081887008786
41925660	0.000627584662905804
41926740	0.00209715984923861
41927710	0.00100503737144008
41928711	0.0031542921268837
41928830	0.00082134386578004
41929011	0.00405364013966225
41929691	0.00104579863552099
41929951	0.00095535151695136
41932150	0.000875340881918944
41932441	0.00132085384302883
41934921	0.0999804612773667
41935990	0.000629052070954908
41936991	0.00085330846582057
41942870	0.000902343353050625
41944950	0.00116712404289563
41945790	0.034972242007108
41948680	0.00470905154191463
41951430	0.000667253302193984
41952861	0.00479149285490739
41953770	0.00478192761634356
41953961	0.000669003416941004
41955611	0.000903186920986207
41955970	0.000884805861539686
41956291	0.000867295491545735
41962750	0.000737439213289443
41962791	0.0006223015443527
41964420	0.00286082961546277
41964560	0.000791229581937872
41965900	0.00246567020808454
41966781	0.000636661098368471
41968311	0.00732348419742222
41971201	0.000881948485850288
41971450	0.000929909782701816
41971730	0.00085113953507052
41973421	0.000845153846868585
41975970	0.000948617573183834
41978200	0.00818644798477727
41978651	0.000806668982340221
41978760	0.000722255091968887
41979621	0.00993550885002221
41980021	0.0778467356867383
41981811	0.000893491513869267
41982310	0.00161391135380599
41983321	0.000792065197624953
41984550	0.0016639256213232
41985671	0.0201624940545677
41988820	0.000616249686551184
41989671	0.000834581753260575
41990470	0.00705319843924318
41991321	0.000705793386615705
41993001	0.000683596060879806
41994381	0.00094859015967778
41995751	0.000616814101856171
41997090	0.0006223015443527
41999560	0.00300112353142589
42000130	0.00600219903316177
42001080	0.0036416635199664
42001520	0.00217417913268044
42002381	0.000689328101083476
42005261	0.00101107022823356
42008000	0.000635730839933642
42011830	0.000784241382365533
42013531	0.000996934542761519
42015000	0.00137297608035526
42015710	0.176856484319369
42018631	0.00666486614691464
42020021	0.000975273151009569
42020161	0.00470318456338413
42024540	0.00674839419655735
42029920	0.0023605198486889
42033951	0.000879309932613525
42034190	0.000789269721257126
42034241	0.00212844037240314
42037531	0.0023925668549003
42039331	0.00213139038272427
42039680	0.00190219989427116
42041370	0.00114487679484777
42043030	0.00214261132892968
42043690	0.00466930376149263
42044680	0.00076972229582409
42049210	0.000816177668319929
42049620	0.00360276759062907
42050020	0.000659323926120075
42052431	0.00174087566794376
42052441	0.00442254502937576
42060431	0.000864582061710985
42060810	0.0045031896908465
42062320	0.00359841756709894
42067690	0.00780249228807317
42077811	0.00217229467808404
42079601	0.0212823498315486
42084250	0.00997548541804283
42086771	0.00167032678633537
42087000	0.000863487530536916
42087550	0.00122726855882882
42089750	0.0293112699535415
42091181	0.00512896698689551
42091290	0.00503943494674156
42095680	0.000881770606140476
42100141	0.00101495929745666
42104120	0.000868257886575214
42109261	0.000830479096745954
42111591	0.0140755514602949
42112701	0.000690305362950206
42115601	0.000737394129842553
42115611	0.000794343555135986
42118730	0.100835482459443
42119471	0.000942315523286822
42121381	0.00270812500373782
42123280	0.000609105333416596
42128571	0.00360830950679965
42134040	0.00181939807536521
42136701	0.00114946799192208
42137080	0.00318635562746653
42141500	0.00255909087248828
42145261	0.000729155200384202
42146621	0.00331630219136229
42147851	0.0110605085226102
42149511	0.00109763250082418
42150481	0.0469782965126734
42153470	0.00283466890843694
42156630	0.00558325353992046
42156691	0.000863387988001779
42159161	0.0265904254206379
42160500	0.00677574876421053
42160971	0.000908471852488674
42162221	0.0602123087987155
42163851	0.000623667641667622
42164080	0.000728248046547993
42164821	0.000622591655548255
42167410	0.00342145232230809
42169600	0.00405744778636356
42169610	0.00106851565940542
42170491	0.0290389983494961
42171390	0.00260907232863129
42177101	0.000635174035853672
42181180	0.00920640100050539
42182720	0.00970206907676967
42187871	0.00262298005838323
42190310	0.0011336124272623
42191711	0.000641286721198141
42194201	0.000659387362781369
42195461	0.00554800001501573
42195830	0.000742635491829307
42196390	0.13693542827246
42197220	0.000658169900811387
42198211	0.00105993505636753
42198341	0.000684545422913783
42200131	0.0013759367482988
42200360	0.0648142876026507
42201470	0.0201840776854198
42203260	0.00227104483995793
42203270	0.000781084410645897
42206600	0.00312254481272415
42207130	0.00894077129585656
42207150	0.00510703147190967
42208230	0.000645335984792591
42211660	0.00071306853950745
42212281	0.0172820207940316
42212821	0.00377642462947165
42215031	0.000984174648677941
42217600	0.016813445131122
42222450	0.00172573300508579
42222560	0.000966852139508855
42224900	0.000683443424627486
42224930	0.000759021764350953
42225101	0.00105312550351414
42227660	0.0134107766370127
42228070	0.00100129163043664
42228701	0.00283505739485734
42229241	0.00160536590072396
42230051	0.000705357749027334
42231140	0.00372825043393208
42232281	0.000838304915702946
42234320	0.000727296493289631
42238850	0.000835575305879885
42241490	0.000633428916558288
42243120	0.000754738496569349
42245651	0.00125515155486671
42245740	0.00158710796250306
42246051	0.000960874621993651
42249630	0.00926633354145036
42250051	0.00302746653790473
42250761	0.0842216793015103
42251021	0.00091374147368191
42251790	0.0036325147077827
42254410	0.000643163487819889
42254461	0.00298572724986696
42255100	0.00101797068310409
42256900	0.00171114235341472
42260100	0.000970588059742757
42261641	0.00151599747838757
42262720	0.000944601350375282
42264930	0.00135685368393846
42272360	0.000900899248186663
42272500	0.000615053201467107
42272520	0.00624385082170963
42274181	0.00155392064962237
42275100	0.00211872955510219
42275991	0.00718505932967607
42276951	0.0158916168412092
42277620	0.000748090556925694
42278310	0.00577623928556209
42280620	0.00212103733982886
42282720	0.00205180375403926
42286471	0.249638510987088
42287510	0.00265101953678434
42287820	0.0278012981696866
42289310	0.237077971081574
42290310	0.000687514506351761
42297310	0.000813234976809656
42298580	0.000919780199913514
42298590	0.00107642725613421
42299971	0.000955512384401386
42300100	0.000626131369002377
42300200	0.00114953795912294
42300360	0.000707154126184934
42302601	0.00074447528056511
42303291	0.000759081758309009
42304121	0.000646746798357033
42307270	0.000671791579496649
42309361	0.000795687211098977
42309470	0.00379419362508127
42314310	0.0126560084819382
42315670	0.00093228133442563
42315721	0.0240351481012673
42315920	0.000788977207849491
42318700	0.0150177380756008
42318990	0.0032307597703011
42319281	0.000708237905667358
42323000	0.00165397898727338
42323400	0.000723994621092554
42324271	0.000657783513340438
42324370	0.00218049712532758
42327171	0.279464684131987
42330331	0.0152140930809567
42331550	0.000720511780947235
42332060	0.000724865896529474
42332401	0.00540700656674068
42333160	0.00118895024979734
42336681	0.00399186151792056
42337620	0.00087593470343621
42343120	0.00788081328179103
42345030	0.00226483430942108
42348220	0.00796742180618751
42349211	0.00219896900265602
42349450	0.000650216884022922
42350300	0.000866900928118523
42350871	0.000725417134945209
42351561	0.00205429700066361
42352801	0.00959006670666427
42353330	0.0028489816094409
42354140	0.00403073036109157
42354331	0.00160780650146859
42356090	0.000667042597260021
42356100	0.0217297685089741
42356121	0.00108380949573412
42356941	0.000911786805920533
42357491	0.00164137387770002
42359851	0.000777251950311049
42360671	0.00200566117366228
42362550	0.000709725964068234
42363680	0.00152758470632119
42364131	0.00234117872473469
42364671	0.000718574681042658
42370130	0.000963264469039058
42370970	0.000777572281316357
42372350	0.00151488116714053
42374471	0.00146538821706009
42374611	0.000631659803749826
42375640	0.000808602938111157
42376261	0.00349047216370075
42379230	0.00230532551727454
42381030	0.0006223015443527
42383161	0.00128474773043073
42387670	0.00175065842516482
42387991	0.00729103796744529
42388090	0.000749017166288432
42391530	0.000836217796367938
42392791	0.00163558878632978
42394960	0.00264328295290259
42397170	0.00250935725033432
42398430	0.000876554287030336
42402150	0.00192922245212218
42403271	0.000906764172576002
42410840	0.00105873900071515
42412521	0.00226043601769584
42414420	0.00134458026474325
42414471	0.000774589724172512
42417071	0.00371908776880533
42418830	0.0254548113016487
42420360	0.00487430093306462
42420661	0.0894128382624135
42423930	0.000642137375994984
42425320	0.0153241247398183
42428490	0.0192666226827151
42428880	0.0134174976068054
42428920	0.0006223015443527
42429720	0.00120140109882902
42431411	0.000881912314053695
42432220	0.00626681712337042
42433221	0.000648595562612101
42433330	0.00232763686900027
42434290	0.000887565379440223
42434820	0.000802280811403188
42435660	0.0142387310738821
42436060	0.00451934033466966
42436090	0.000881414865538329
42439380	0.000882212695167007
42440740	0.000906583927545756
42440760	0.00109392910702776
42443260	0.000771968492275971
42444671	0.00082873996867597
42446420	0.000653159274845135
42446881	0.000615868480023887
42449201	0.00282878644456399
42449580	0.014145780607321
42452231	0.000875106989243786
42454950	0.000754127302768537
42457010	0.0041495861455955
42457180	0.0038662038329548
42457631	0.0898538704451324
42461180	0.01366125657317
42461361	0.000841345853434842
42463500	0.00880133992582782
42463950	0.000708829400776361
42464620	0.000886976943383679
42465030	0.00326916853348002
42466550	0.00596206032090602
42468750	0.0053778249620773
42469221	0.00178480263694061
42474171	0.0199761255772443
42476251	0.00766036333522963
42481221	0.0236460774755866
42481631	0.00798312637370182
42482540	0.00750363443539918
42483141	0.00139917109418069
42486571	0.00234168364011489
42491390	0.00159653867495727
42491691	0.000891692718517855
42492040	0.00777651635406579
42493010	0.000749097226361515
42494390	0.00394105400267074
42494451	0.00384734266875865
42496241	0.000693014972437645
42499961	0.0221414896366395
42502830	0.000701337230445221
42503831	0.00160861379157755
42504060	0.0124888580854852
42505580	0.00083236972471028
42507930	0.00178017832026834
42510991	0.000657809106691571
42515920	0.0154033738063599
42517860	0.00165270527636563
42517990	0.00200611957295723
42518670	0.000632956021358108
42521341	0.00335519336816275
42524931	0.00068620242238661
42530161	0.00938705976974085
42531940	0.00128776005678659
42532771	0.000764794834298738
42533341	0.000651990801767922
42533761	0.00677791716673641
42539421	0.00473519172306935
42539951	0.0010196784996823
42540330	0.000660876857086452
42542581	0.00204595454117588
42542591	0.0011595744930299
42543920	0.0013927951075896
42546031	0.000711644423230351
42549020	0.00067241227989395
42551510	0.000637679836861658
42554660	0.0236209301352163
42557000	0.00463897487621523
42561201	0.000870361263385534
42563951	0.000725779508534319
42564641	0.00111692083657185
42565140	0.0771070756642509
42566540	0.00141824261168254
42569201	0.00145324366428674
42569901	0.0165880934723244
42571500	0.00398605827971795
42571640	0.0219760531544876
42573550	0.000768073774811211
42574000	0.00111743377997193
42575401	0.000743414379432555
42577331	0.000897905644840096
42580880	0.000795816005234654
42583770	0.00653709940075423
42583941	0.000629767793521341
42586701	0.00736441950536243
42587401	0.456593831752183
42587531	0.000645646404098363
42590171	0.000702448470775267
42590260	0.00658327407161519
42594540	0.000720333895964068
42595531	0.00110664206111121
42595750	0.000619914850658673
42596730	0.00222810941858135
42597850	0.00372377744464064
42601881	0.0199278127942751
42603640	0.00110744704309109
42604101	0.00076750559036855
42607090	0.00312213473455362
42608771	0.000731426986562976
42608870	0.0154933142103999
42610281	0.00155601129469589
42611210	0.00215281803274293
42614421	0.023915965026409
42618441	0.00162622933551387
42618550	0.00178895276303906
42625580	0.000622178378710707
42627801	0.013197415169905
42628371	0.136535930400985
42635610	0.000696667588134254
42636631	0.000813894874416698
42638120	0.00257035792235655
42638510	0.00114862203885603
42639111	0.00149758214088243
42639640	0.00148612151589985
42641410	0.00068641495561515
42641751	0.00559692597017171
42641950	0.00111037450304197
42644371	0.0207584275305869
42644990	0.00102794114683813
42645170	0.000810503345558537
42646691	0.00828028653550493
42648231	0.00131441575417306
42649611	0.000697394274596066
42657850	0.00599445756929319
42658120	0.00096233232550613
42665550	0.000615866945730008
42665731	0.000779376737764409
42666001	0.000708899684319903
42672631	0.00243766368457996
42675381	0.00125874121283213
42676170	0.00817406545222505
42676211	0.00129317149880463
42676911	0.000771565042817188
42678981	0.00089501943941617
42679740	0.00212740103593559
42682240	0.00105465710476813
42682810	0.000703393357775271
42684300	0.000633632148814081
42686161	0.000746370288539508
42689430	0.00144434538891341
42691910	0.000912427186817877
42694421	0.000854170005219406
42695500	0.000887262474477171
42698250	0.00235487665005978
42698400	0.00843581024831902
42699900	0.000767407752445826
42701441	0.000615866945730008
42702571	0.00135814797126714
42703090	0.0331447655633529
42704860	0.0103322814978549
42705420	0.000663227892557046
42707610	0.422091021005024
42709540	0.000671575712731609
42712850	0.000683239618056066
42713710	0.0145681871730297
42716330	0.000835490409240883
42717441	0.00212420186842571
42718681	0.00235590216494827
42718770	0.00232255251683396
42719251	0.000645656719507875
42721570	0.00109206628692823
42724590	0.00421792619074921
42724621	0.000672521625445175
42725031	0.0884256522419097
42725721	0.000650103958570269
42726281	0.00196444425533352
42730250	0.000950692753279715
42731360	0.00109261833153328
42731780	0.00234630433690466
42731791	0.00643964064803748
42733550	0.000772326289738221
42733591	0.0135682043910993
42734120	0.00262600366119947
42735350	0.00418025179421051
42737540	0.00132091536592266
42738421	0.000868014009534075
42741970	0.135001040008237
42748580	0.0028812233143017
42748840	0.000917706341613991
42756050	0.000803275410998852
42756570	0.000679787494748823
42757461	0.000702350298239191
42759091	0.00109262584643432
42759641	0.00143098245660963
42761840	0.0141539354470266
42762780	0.0198357979223067
42763500	0.000935228697673506
42764570	0.000820235351614508
42764911	0.00414318735348374
42765861	0.0045074263303232
42766841	0.00126551833573099
42766920	0.00113878628080421
42768580	0.000632673830176086
42770100	0.000808501704334767
42770110	0.310819142055277
42770940	0.00595152435814235
42773550	0.00227435872478694
42775231	0.000680821060008121
42777940	0.00100303843755597
42778110	0.00218699294286273
42780071	0.000656458567325488
42780420	0.00200878985767986
42780710	0.00349624806131803
42782800	0.000808460564357529
42783921	0.0008957859108281
42784911	0.000641899231439947
42786220	0.000761588123362802
42786230	0.00245836689198527
42789571	0.000666321112519298
42791050	0.0136921095842739
42791750	0.00657326186048294
42792331	0.000793302749193773
42795340	0.000745890317548953
42795750	0.00218586819258075
42798510	0.00436062036183329
42800211	0.000984493208338228
42801830	0.0324285975907801
42801991	0.000809702028766911
42803450	0.00760605631799084
42805871	0.000768567364859018
42807101	0.0019533030992959
42807630	0.000893111890125598
42810131	0.00089256077085116
42810561	0.00482708902194438
42810620	0.000694263278008569
42811231	0.000611766680193849
42813591	0.00217059356506234
42817520	0.00449774500021016
42820471	0.00280127751449331
42820611	0.000751631461521657
42822951	0.174999722439828
42824160	0.00091816456607742
42826790	0.000714848405292073
42826831	0.00182278373077775
42827180	0.000700196509739194
42831490	0.0192696796850605
42832420	0.260213820405539
42835521	0.00121188544754675
42839350	0.000925893612802149
42840290	0.00188354732640539
42843781	0.00261884800005021
42843921	0.00288803398859836
42845410	0.00368992594934928
42846121	0.00498000906238175
42848840	0.000721521308821128
42849861	0.000799177077577141
42851610	0.000678561029055684
42854110	0.000872370859586295
42854630	0.00094945007909217
42854971	0.000689706431996453
42856030	0.00297098959825358
42857571	0.00184649609525806
42858090	0.0102957710372279
42860700	0.00225786441123277
42860741	0.00961014343029018
42864580	0.000966736830144172
42865940	0.00181650497083682
42866531	0.00231085247989396
42867170	0.0010701300733509
42868310	0.000809140651718644
42868331	0.00067374887768359
42868601	0.0148027864173556
42869680	0.00089716803770208
42869970	0.00271629910029426
42870220	0.00780699797812546
42870630	0.00269675011441943
42870811	0.00960049422979995
42870910	0.000934807805031877
42872061	0.000782947714560967
42872300	0.00936251207977977
42875241	0.000695775640454131
42875330	0.00100326423979076
42877940	0.00600178171843784
42878131	0.000829983945180111
42878350	0.00725567490954732
42882380	0.00065091385605038
42885100	0.00068270769303012
42887511	0.00077372158095569
42888130	0.000661617391827451
42894401	0.00211823722881357
42895491	0.00214625614187924
42895600	0.000931382678349727
42896170	0.00127736363582237
42897000	0.000886977633202134
42897561	0.000653104490021986
42899730	0.000694268212720681
42903491	0.000702747089391699
42904570	0.00447252625945886
42906100	0.000842665602710494
42907631	0.000719703510440735
42908451	0.00062367771690481
42908871	0.000866920026217743
42909230	0.000660533162076482
42909510	0.00820255866635616
42910210	0.0304118459936747
42911600	0.00113514138743603
42912051	0.0009373230133892
42912061	0.000738741319554084
42913260	0.0358017410409347
42913370	0.000966496120886532
42914541	0.00559940979620542
42916160	0.00254611854312459
42917861	0.000673751019883684
42918521	0.000709418153835639
42918780	0.00071337213961005
42919511	0.00107202157278243
42922111	0.00210690716442392
42924461	0.000955959675666103
42925410	0.00102367970530426
42926930	0.00893020327701134
42927050	0.000933284880266249
42928430	0.00319956170658801
42929270	0.000769105859861326
42930370	0.000792908037160628
42931470	0.000973600850033312
42933780	0.00119980196329755
42935631	0.000744139172759441
42936451	0.000790520496902706
42937810	0.000646317369268742
42940830	0.00067586035860726
42942261	0.00084405007126695
42943190	0.00743937451144562
42943361	0.00582708508315395
42947860	0.00140234155237525
42951610	0.0106184765319939
42952430	0.00233321871397866
42955170	0.0006223015443527
42955880	0.000770050234002574
42956201	0.0011862114908076
42956990	0.000812443646605267
42958531	0.0119626697560108
42958661	0.000828474439627999
42959860	0.00110688378136939
42960171	0.000670989630777824
42962920	0.00064585374143466
42963180	0.000628706317962668
42964680	0.000836340562724416
42964690	0.0226176705030616
42966531	0.0570187274171931
42968430	0.00285866440159298
42968461	0.00296770550851234
42969421	0.000609105333416596
42969670	0.00105690390674832
42970350	0.0133801365267015
42970791	0.051495991712845
42971190	0.00262817651757791
42972280	0.000844374254544204
42972451	0.00062730144585521
42972960	0.000676726325797903
42973640	0.0292805337492973
42975590	0.00482825754253061
42977551	0.00313936341282116
42977650	0.0013324562238877
42978811	0.00159036861661887
42979361	0.00249669876817562
42981660	0.000716815087223634
42983180	0.00763619984108546
42984020	0.00127634335767535
42988150	0.00203757681972159
42989571	0.00239137289962294
42989831	0.000630388439406488
42990190	0.000660980520251157
42990360	0.590733228987757
42993100	0.0119729949299323
42993151	0.000639610139534486
42994381	0.001476795064978
42995320	0.00257736302549303
42997540	0.000753009743727652
42998941	0.000652146945350455
42999860	0.000721513150219711
42999880	0.0285578458866301
43001780	0.00295141008218612
43002600	0.00331240181947097
43003150	0.00471263547925927
43003351	0.000948866697856139
43003860	0.0046790306081331
43004000	0.00100666646161861
43005971	0.00165382127333918
43006101	0.0125205634658907
43006230	0.00184602523988038
43010651	0.000894384041965919
43011430	0.01382501801799
43011911	0.00385630879236229
43013831	0.000991124317603499
43013950	0.000943976261882936
43015631	0.000668595415837393
43018350	0.00100792455031568
43019501	0.00113897283810863
43020041	0.00829424764451429
43020311	0.000812547718796438
43021961	0.000706577637228061
43022320	0.000795049028135769
43023501	0.000681096178338706
43024000	0.00469921988588669
43024830	0.00100819848201427
43026490	0.361698133504428
43027061	0.130753680505077
43027860	0.00105926004344379
43032540	0.000776048186174229
43032851	0.00888593009673429
43034180	0.000691371006054587
43034811	0.000709061333296133
43035771	0.0205542319050169
43036420	0.000676764385166412
43036540	0.000632187197348778
43038661	0.00155370179719087
43039170	0.000956798106678484
43040010	0.00690892449698022
43040150	0.00212321175759585
43040280	0.00173220181020291
43043330	0.00456179191320963
43043560	0.00428673910849049
43048820	0.0101856563699174
43049011	0.00100054360733614
43050781	0.00121319607528398
43051420	0.000693597909422378
43052110	0.000826488099039308
43052140	0.00076248915650508
43052441	0.000844142086141381
43052960	0.000917198682309635
43053810	0.000679701885915141
43053951	0.000712707926538373
43055440	0.00109917988582313
43058180	0.00535786552555863
43059590	0.00657967074552526
43061541	0.00624734465308439
43064031	0.000963325297149319
43064110	0.000615866945730008
43065380	0.000773649959416937
43066661	0.000628999082983895
43067050	0.0388266283414095
43069681	0.00293520763601476
43070091	0.00970597850436281
43071170	0.00104492028526898
43072041	0.000683596060879806
43072711	0.00267132177824944
43073360	0.00133191500549247
43075211	0.00264461231118194
43078231	0.00075905314152935
43079030	0.0081623031977309
43080540	0.00305232939201411
43081670	0.0112335238900412
43083071	0.00127440252309225
43083211	0.000826259918641996
43083331	0.00260436709611974
43083481	0.0579665356724313
43083710	0.153303834294029
43084301	0.000769809142807351
43085100	0.000655301051780429
43085230	0.000908233343705657
43086180	0.000660858219603249
43087850	0.000780849070131895
43090740	0.000774319498200269
43091081	0.00214849576355075
43093821	0.000856172797464064
43094590	0.00191678856933223
43096150	0.000661538722204968
43097900	0.448033064025825
43100591	0.0321240021488842
43103010	0.00119522790709222
43104041	0.00106774527881367
43104410	0.000750085340737761
43104861	0.00133531483635655
43105531	0.000930007842802775
43106200	0.00229941335835943
43106620	0.019270748335671
43120520	0.000871334668558072
43120851	0.00172861656530524
43121370	0.00206680655084217
43122460	0.00063093913745448
43128021	0.000703021774810372
43130040	0.000721722267545539
43130760	0.00829700864462813
43131180	0.00209287208796695
43132970	0.000631686538758363
43133250	0.00641943765207847
43133271	0.0982840693997836
43136260	0.00158447940632474
43138870	0.0044263467885918
43139211	0.00221162266961561
43140140	0.0069972693845056
43140171	0.00476282654291508
43140441	0.00241001607547043
43140711	0.00129359379019561
43141900	0.00284850643327311
43143461	0.0133860152201892
43145811	0.001317178301109
43146791	0.00350469225179449
43148970	0.00127498190230479
43149141	0.000619607527096788
43150241	0.000719762368566613
43153380	0.000676050532755376
43153541	0.00292026219229503
43154781	0.00317795639724316
43158880	0.000911708227019034
43160240	0.000804505770515322
43162900	0.000895129010313944
43164161	0.00135130122029525
43164970	0.000615053201467107
43166730	0.000709096563861447
43167170	0.542788241639675
43167891	0.00142048606977541
43169340	0.000810252848383126
43171341	0.000857313334970014
43172260	0.00475790748764356
43176530	0.000608693505068779
43181090	0.0331641516658494
43181951	0.00241408792511297
43186091	0.0123962951017031
43188920	0.000814702399387503
43189340	0.00208527994315814
43189900	0.00133095514759327
43190580	0.0114655388218929
43192520	0.00502977180108884
43194211	0.00763394794808956
43195751	0.00104598614328184
43196151	0.00199242021590515
43201480	0.0068044993075053
43202860	0.00416814800275372
43202911	0.130136454443366
43203290	0.00312133458984378
43204380	0.00142824605833235
43204940	0.00118329004007574
43204950	0.0019015145222191
43205661	0.00379658103445918
43207280	0.00466716251864286
43209220	0.00295059082250365
43210050	0.00212279379721377
43210060	0.002552233113991
43210101	0.000786711886939667
43210330	0.00100765019217425
43212851	0.000782005069604572
43213500	0.000615053201467107
43213920	0.26143874944304
43214740	0.00195091216659751
43214750	0.000660924564626227
43215680	0.0029633197390594
43216510	0.0306166115088555
43217541	0.00171387387389968
43217941	0.000654993961325214
43219720	0.00150545214959517
43221271	0.000902216809944998
43222781	0.00323420270891634
43223400	0.000651791044186223
43223580	0.0199448108900738
43225681	0.0160718826287458
43229900	0.000648333788611121
43231570	0.00138999273967898
43233531	0.000746145947058812
43238060	0.000762355196464604
43244650	0.0014980941284047
43245650	0.0257233350514639
43247290	0.00116565665403354
43248270	0.287457456908497
43249941	0.00436891965486821
43251601	0.000827204549173903
43252421	0.000617465787886816
43255700	0.00354147985264274
43258300	0.00290087085878498
43261931	0.0034267860807922
43262160	0.0103418043652496
43263731	0.000792458537409695
43269050	0.000643983339868894
43274491	0.00174871544219761
43285630	0.00081703459498464
43286351	0.00831724296270238
43286730	0.00160902843722059
43291591	0.00183962588450465
43292120	0.000931429269373661
43299471	0.0188314339554092
43299560	0.00204433435720032
43301900	0.000682939977272654
43303840	0.0407156271492361
43306150	0.00558287505263275
43307301	0.00342178685173002
43309251	0.00592754776197204
43310611	0.00845155500147512
43310710	0.00231181909835375
43311191	0.00140753611707188
43312240	0.000660856397186629
43312370	0.000689157554596775
43312810	0.0406735344244388
43317060	0.00126180710897472
43317651	0.019144478274429
43319161	0.00256989972237252
43322611	0.000891715870401199
43322911	0.000727689191095876
43323390	0.00407239995963266
43323690	0.00304490011714132
43326911	0.00593013500900609
43330341	0.00176330506195067
43330361	0.0076016542206251
43330980	0.000710164266249666
43331881	0.000696041210101599
43333180	0.000602807101325309
43333330	0.00110060029902295
43333391	0.00164329846250034
43338501	0.00173152783718329
43339400	0.0052031840537357
43340950	0.00144124636375592
43346020	0.000695479477887819
43347581	0.000674567340221112
43349521	0.0156949731914278
43350351	0.262880779527879
43350850	0.000753626634458402
43351400	0.0522802307350526
43351430	0.0992107940084518
43352701	0.0029794452297377
43353931	0.00403573379988567
43354891	0.00143660206998051
43355400	0.000676704358526308
43355441	0.00064483402716546
43355871	0.00514020042613693
43358280	0.0023288924532155
43359010	0.0525063870325282
43361501	0.0109944370554231
43368350	0.00384865488793915
43372490	0.00136917429461681
43373220	0.000834082220172708
43373251	0.00205572679306384
43373641	0.00193416043632211
43374280	0.000754689397390277
43376670	0.000880919038230724
43376971	0.0148236917359476
43377470	0.00164656014299423
43378351	0.00353749523496925
43379410	0.0108801549177145
43380401	0.00063920472875948
43380841	0.000817913553243716
43381610	0.00127726532547259
43382191	0.000852645329654913
43383181	0.0447683361855475
43386030	0.00353227339446052
43386351	0.0149265430424266
43387840	0.00129121178127489
43389060	0.000847476234334061
43394051	0.00549574244248601
43394211	0.00079983614189534
43399260	0.0021045196784312
43401241	0.00175683391866136
43403130	0.00107583124684749
43403520	0.00332354762069023
43403851	0.00082774016621004
43404261	0.000798459364503798
43410000	0.119150268782643
43411171	0.00255252123366823
43412681	0.000637387624200613
43413480	0.0006223015443527
43414201	0.00161214583324224
43416230	0.000740679204034956
43418481	0.00071550824621691
43418751	0.00199965952517955
43420281	0.00211598981878809
43420790	0.000651053240432436
43420971	0.00284335247120223
43423390	0.000756515496178679
43425791	0.000622842756254313
43426040	0.000747987845132725
43426170	0.0100751826468782
43427800	0.000722138006699119
43435171	0.000660929987879166
43437631	0.0431941972420747
43438830	0.0099265112697243
43441101	0.000918613899297035
43445860	0.00485203059012615
43447711	0.00596962989671357
43448210	0.00289303400307532
43457870	0.00101335644045483
43459520	0.00401728798118072
43461631	0.00107158340178298
43462960	0.000968414524034551
43464551	0.00148756920420944
43467011	0.00580043267582518
43467680	0.0017692309320509
43470970	0.00155208580066195
43472131	0.000834035660670628
43473501	0.00227740494940523
43475431	0.0243327601505522
43475510	0.00320960645738283
43477651	0.000738939174976009
43477890	0.000690007665784497
43479441	0.00570638430590104
43479581	0.00230970445662735
43482150	0.0145262051697385
43487230	0.00380968527061565
43491110	0.000935093253139751
43496630	0.197976601014365
43505870	0.00207570489298348
43506481	0.00236592353578346
43507831	0.00133972331969442
43519431	0.00146959055130193
43525340	0.00242545857724399
43528521	0.0109801948356495
43537440	0.0234295542962373
43540791	0.00267826333896581
43543841	0.00261393675161175
43546710	0.00128428272999983
43552360	0.000658641336045244
43553091	0.0232696122824705
43554861	0.00238430931745794
43555141	0.00237120433881124
43556671	0.00241295247341819
43556920	0.00290784294094082
43564510	0.0637974608808368
43570550	0.00252404146004176
43570881	0.00374070916444968
43570990	0.00355571839251424
43571130	0.0047844104561317
43572210	0.0111634482859909
43572470	0.0006736986587887
43579260	0.00264542867503005
43581481	0.000675188790460007
43586120	0.000802604083428513
43586471	0.000748156948795334
43586560	0.0539216145048566
43587681	0.000652603409689369
43591131	0.000679706245449975
43592350	0.000920755004468335
43592610	0.000840076671965267
43592620	0.00238592923542857
43593440	0.027863565910906
43598280	0.00075959368728366
43599930	0.00173639591862413
43601160	0.000634811650844481
43601310	0.000721695762074825
43603500	0.002089254855582
43604910	0.00104701457439539
43606570	0.00268077963786291
43608600	0.000697922174800387
43619240	0.000733206928829304
43619431	0.00380883793752598
43621450	0.00177377722894022
43623650	0.000720025747724238
43625310	0.000900618646829782
43625911	0.000780953633414696
43639660	0.00582073566594056
43642451	0.00347375140973284
43653980	0.000782632910716073
43656470	0.000728556802648564
43657911	0.000989634219921936
43661040	0.00430837531292254
43662451	0.000849166181045129
43667760	0.00244442629764413
43675380	0.000649931824194294
43676251	0.00371987422643534
43676590	0.00355371659614174
43676870	0.00355115376919486
43677170	0.00245711529369856
43677560	0.00297401308476455
43679080	0.00195795337214191
43679701	0.000760962514805647
43680760	0.000766666573532098
43680781	0.00068658808426714
43681150	0.000775668163598803
43682441	0.013293230540119
43683080	0.00188596741091054
43683281	0.00332419367433119
43683530	0.000678441224307095
43683760	0.0701768241233063
43687530	0.0170514105176214
43687640	0.000790368624064512
43688350	0.0012370958830282
43689040	0.000729320228120217
43692760	0.00303355427803851
43692781	0.000965510666177437
43693150	0.000763730983165663
43693891	0.000712607962901032
43698380	0.00174952782799348
43699261	0.000675199841578711
43700170	0.00173503522997152
43701570	0.00914754148856473
43701881	0.000860839282567078
43702841	0.000937178247258005
43702851	0.0519673235994711
43703070	0.000943155554129948
43707780	0.00083270619932613
43709471	0.000703842336109781
43710260	0.000886192706524857
43711370	0.000609105333416596
43714820	0.000634639812629847
43717710	0.0007148261904583
43718441	0.000719039589182506
43718550	0.000685256167452753
43719110	0.000673394875753723
43719490	0.0346788129511765
43719630	0.00430811088775798
43722530	0.000676537526038882
43723391	0.00112280109761359
43723510	0.00134296006733616
43724760	0.0118710137200743
43725461	0.00347991570360878
43725601	0.00160092870451386
43726250	0.00135687673442034
43726390	0.000662589674298155
43727780	0.00186310241094573
43727821	0.0286968033158694
43728600	0.00833742316821919
43729010	0.0011690609716892
43730140	0.000696817762058646
43730151	0.00556508273179481
43735281	0.00474359989413662
43735800	0.000673269626060513
43736890	0.00068925526840749
43739380	0.00520561763419097
43742260	0.0304719563763893
43743510	0.000874176688622516
43746441	0.0251141800178419
43746711	0.00120659571762505
43747001	0.000619899184201502
43749341	0.000740403991060829
43750250	0.00258312092754643
43752641	0.00284359889629531
43754250	0.0532550959883062
43755480	0.00347678085313155
43756340	0.0013494200346938
43756740	0.00286102343823213
43757030	0.000626826687933767
43758851	0.000650558895150219
43760241	0.000642364892707863
43761191	0.00169091006737111
43762240	0.148669181689956
43764241	0.00114145763002302
43765960	0.000752216347572549
43768610	0.0108763701796164
43769061	0.013051169463067
43769710	0.000738569631948725
43770250	0.000887309653043541
43773191	0.00669495902895006
43773840	0.00200171633672287
43773860	0.00197698314944732
43779890	0.000818113905817473
43779910	0.000644007850180074
43779941	0.000995147186945854
43784911	0.00306393733342027
43787531	0.00289154506243266
43787640	0.0155565949645844
43789611	0.0176491921478869
43789980	0.00338033195458235
43790510	0.00605115600427669
43791411	0.00703757031103947
43794441	0.0230928411701621
43795411	0.000682820344827826
43795470	0.00974036773875542
43799411	0.00136045129944217
43799821	0.00224612500400059
43801580	0.000780580796381464
43802540	0.00427715925476015
43803521	0.00671119344641306
43806380	0.00543217273563944
43808631	0.000921855121346423
43808740	0.000757273700756269
43812081	0.00199578289595367
43812761	0.443433460167296
43816300	0.000653210938621294
43817051	0.00164430085584027
43817191	0.000661336698943833
43818920	0.00172528830514525
43821871	0.0048098602318742
43823080	0.00226953593124901
43823941	0.00207338013522287
43825140	0.0010375734192948
43828320	0.00168329323216161
43831261	0.000626829694237108
43831671	0.000849012920887317
43834301	0.00119435529342968
43834380	0.000793329723975325
43834851	0.000681076623070896
43834971	0.000968557059540092
43838021	0.0217961135078788
43838561	0.000978228235140254
43840590	0.00646357586061106
43846001	0.0756346360297344
43848440	0.0260884747117516
43849331	0.00183065106498899
43850790	0.00728363343494811
43852071	0.000813777943951862
43852440	0.00261202632686452
43852621	0.00193520245892219
43861010	0.00209471983005387
43862530	0.000651634566910303
43864850	0.000903131481321308
43865140	0.00387570200330257
43872501	0.00447686759726718
43875230	0.00109389326393254
43878910	0.00650979778091755
43879330	0.0128523395938714
43880030	0.365917724805479
43880570	0.0154394838254161
43881830	0.00569978666404574
43886670	0.00261042979966189
43886711	0.00297182671777325
43889410	0.002565810437573
43889741	0.00251614688654842
43890001	0.00707300214388029
43890021	0.00239372483573885
43890831	0.00216689821866532
43892590	0.00457261291626215
43894670	0.00128206715829585
43896361	0.00135445593939879
43896590	0.000692097410956375
43897410	0.00170907136361284
43898370	0.00250500796386493
43898421	0.161657197887475
43898510	0.00678242274855816
43898930	0.00459330911236542
43899500	0.00095672972495027
43899791	0.000719615333986941
43907740	0.00319311887650438
43911050	0.00508357574490326
43913940	0.00240906752130638
43915200	0.000783487171504539
43915251	0.00155654036484998
43922360	0.000716952450657051
43924331	0.000748529812307957
43932331	0.00100185292971271
43935350	0.00066464654357038
43935880	0.000643909477858343
43936290	0.00137812236041451
43941731	0.000867947886652486
43942701	0.000636925915814218
43943671	0.000991373661816305
43951350	0.000699213379397852
43951880	0.00209626611200372
43952700	0.00176622914234764
43952720	0.00858054203599533
43953290	0.00063544225609503
43954411	0.00160089617447037
43954701	0.000638230899082409
43956980	0.000701032820389672
43957441	0.000656349242541769
43959190	0.000664066458991343
43960761	0.000887278284416735
43962701	0.00332696558333711
43962920	0.0116561240162825
43963661	0.00419732576380455
43964081	0.00109674511004934
43965380	0.000759075981025813
43965520	0.000777079080180152
43970780	0.00104978972480028
43971381	0.0036169660502404
43972840	0.0419845171503409
43972891	0.00516424128625055
43972990	0.294628124962032
43974770	0.000619230026894211
43975941	0.00665329759819085
43976211	0.0017601420564196
43976560	0.00113468005045568
43977550	0.0466186207236352
43978800	0.00116867719527731
43980320	0.000733546499226946
43981110	0.0128337829692096
43981431	0.00655474851588473
43982131	0.0015754225939645
43982821	0.00383361908110067
43982961	0.000765120990782026
43984331	0.00180219233324927
43985380	0.0325686800826694
43987241	0.00117137650599423
43987890	0.000884385981925391
43991180	0.00240678865700508
43991870	0.000631616440360626
43993670	0.0893262394792966
43995180	0.00219249403843241
43995361	0.000814313640796122
43996201	0.00611893431703326
43997010	0.00137093478963992
43998250	0.00612417288762674
43999091	0.000800109348489366
44000280	0.000609105333416596
44000550	0.00266606000668406
44001270	0.010991409886058
44001380	0.0010616644736228
44001711	0.0512987013409592
44002090	0.0013604848723873
44003750	0.000653159274845135
44005240	0.00549043055885912
44005680	0.000821989618828537
44005851	0.00271128573949491
44006671	0.0144424847432191
44008341	0.000623092292601849
44008471	0.00326507667591034
44009820	0.00361265059088145
44014681	0.000714189587693945
44017520	0.000831786049736313
44018510	0.000640932711227054
44019070	0.000664368426465142
44019501	0.000635699015259948
44023631	0.00098981779846537
44023750	0.00107388319112665
44023781	0.00137252743886528
44024160	0.000982117911089702
44024761	0.00890613450800425
44024970	0.00107862390565946
44025140	0.00135657178188957
44026941	0.000647349190321408
44028000	0.000655395441004273
44028871	0.00218775082184688
44029530	0.00207811853117953
44034360	0.00085538730698033
44035210	0.000876937677214254
44041711	0.000811122417778597
44045711	0.00594413139118997
44046370	0.00102235512876423
44046780	0.00152270464076014
44047180	0.000709720375311086
44048020	0.000621880799333607
44050480	0.00143173654379092
44051050	0.00472681956144351
44051620	0.00304984433959591
44055600	0.00582028250254254
44058271	0.00135772600172068
44058370	0.000625866875912596
44058510	0.000670865056663512
44060601	0.00340841127024535
44061240	0.00106340012528281
44061400	0.0586917679448403
44062551	0.00068398708356223
44063760	0.00270070667147027
44065971	0.000834186933914626
44066251	0.00111291265444516
44074360	0.000760206763870426
44076830	0.00110158535556588
44077240	0.0294906686413176
44078401	0.0078443860121775
44083440	0.00150096827170198
44083740	0.000704488711392583
44084830	0.00223660737539842
44088170	0.000765881458915457
44088191	0.000626375885382927
44089660	0.000617995405545137
44090760	0.00363472749346456
44093390	0.00182817874734928
44095071	0.00073826603117328
44102230	0.00349602710162879
44103901	0.000608693505068779
44105230	0.0135029753765597
44110900	0.100902069214759
44111160	0.00414181182933213
44111631	0.000848788532076275
44111750	0.000905500188661235
44112560	0.000770082096542249
44116550	0.000732677057965104
44119371	0.00112073505374385
44120171	0.0027356267041461
44120451	0.00230757441807682
44121011	0.000739076809448174
44121021	0.00233843783182669
44121810	0.000748356459119486
44122090	0.00158511528858425
44122131	0.0127134552630998
44122910	0.000942977973368503
44123020	0.00313468004333148
44124120	0.000908689459426173
44127730	0.00834781581404572
44127850	0.000654568740575352
44128960	0.00281642223770352
44129120	0.000700497720446502
44129380	0.0084467159147379
44129711	0.00235828703101858
44130951	0.000889204679693541
44131190	0.000896945643926236
44132741	0.00319713726622673
44136120	0.000658769131658184
44139190	0.0184063107648171
44145230	0.0011974887750806
44148290	0.0190926494940734
44155071	0.00731664727890617
44155880	0.00309675529356229
44156311	0.0012414128715445
44163231	0.00119902627456096
44163710	0.00439630851990205
44164530	0.00102669249095743
44164820	0.00104482211045736
44165680	0.000752597535098046
44166770	0.00237344074081211
44171740	0.000626826687933767
44172670	0.0013866401458006
44173841	0.000657811561887585
44175450	0.000627403370805534
44176530	0.00177473101301141
44176570	0.00135992101672095
44177810	0.00184145996697237
44179450	0.000776147609484701
44181510	0.00183283964123105
44181950	0.00121850467184007
44183751	0.000868335810169019
44187720	0.00394531553382477
44187860	0.0015942418985504
44189100	0.00142447785656145
44189650	0.000659481723029825
44192191	0.000815971820675021
44196410	0.0206220781532414
44197151	0.00248998722812662
44197220	0.00480643488226125
44197260	0.00176425917164554
44200150	0.000721273978290304
44201001	0.00302761738586361
44201411	0.0114096113081949
44203211	0.00690298456013806
44204950	0.00363441461118995
44205831	0.00096107014569845
44206890	0.000818882601584117
44207170	0.00363828109580859
44210121	0.000987701385615639
44211020	0.00074568605446427
44213910	0.0461769387237305
44215840	0.000833649444812992
44215860	0.00330917117894174
44218251	0.00074872851546073
44218740	0.00255240929702851
44220851	0.00204058429333631
44222791	0.00416380115034517
44222921	0.00237808253235413
44224800	0.00175885835697953
44225390	0.00660225217723979
44226521	0.00081738867092997
44227190	0.00569863617565608
44227341	0.000705108372759388
44227570	0.0140294049495042
44229001	0.000696415534768247
44229350	0.0012018517734191
44229930	0.000796728929110617
44231221	0.00263264119156322
44231351	0.00401156499946556
44232810	0.000620095640565813
44234080	0.000602807101325309
44235700	0.00177117866761386
44237220	0.000628601319852101
44237681	0.00065215642577364
44238190	0.000752142019455938
44238391	0.00374419168203499
44239211	0.00683190728147214
44240660	0.00591137642726513
44241151	0.00354758814628688
44241380	0.000889842583056481
44244110	0.000818718943711959
44244591	0.010363909325216
44245151	0.00142072783150433
44245691	0.0015505157229621
44251450	0.00166080344468962
44254480	0.00272390633028653
44256280	0.0023389864231193
44257520	0.00095051353279658
44257701	0.000725844018449195
44258600	0.0416266705009395
44259280	0.00181238216350736
44259840	0.00982174857294979
44263710	0.000692971650080908
44263751	0.000915405633631671
44265951	0.000978416308946085
44266890	0.00397038797121912
44268410	0.00108259805767819
44268571	0.000839719738668316
44269650	0.00300095793652048
44271580	0.0456307938454257
44271621	0.000703314962147393
44277561	0.00103401601889508
44279700	0.000909856955540953
44282610	0.00109406508198315
44283140	0.000936560528971915
44283461	0.000747890974721332
44285121	0.000735293407912405
44287071	0.00201859424001111
44287980	0.000652631510059076
44289281	0.00846065248243328
44289760	0.0316453771568382
44291970	0.00148098821547207
44299331	0.133804653700513
44300031	0.00368879948941485
44300841	0.00102619905327209
44301510	0.00106844962116121
44303040	0.00983802384343214
44303980	0.000673067300609296
44305080	0.00426710345493934
44308790	0.000835372074816168
44309660	0.000704273258111595
44310330	0.000670531010786366
44310661	0.00270572712610296
44311211	0.0217889401121962
44311850	0.000727588405755735
44312120	0.000731141344186036
44313671	0.00103877002127646
44316311	0.00100732971225934
44317480	0.00500955109988442
44318620	0.0117612049757846
44325200	0.000643058495883831
44332970	0.00064384274330598
44335731	0.00241048747737832
44336021	0.00325397739501192
44336820	0.000987567634694338
44337240	0.00139639505894302
44338791	0.000882914186174138
44341650	0.00158425288838688
44341790	0.0902672123317325
44345900	0.000932796454219394
44348441	0.000822515074508482
44348701	0.00107431816253899
44348861	0.000737245077122673
44351280	0.0243548600403113
44352790	0.000672088409929854
44353620	0.0269419334346986
44356930	0.0552631520718367
44357370	0.000841337875128212
44358320	0.00779077843505884
44358470	0.0013307115140977
44358911	0.00142392629540987
44359321	0.000996212596824312
44360291	0.00319544651731553
44360520	0.00410939912017375
44361090	0.00846354192735208
44364660	0.00108771518623576
44364820	0.00208674842582193
44367280	0.000650267028849527
44368021	0.00103055314765213
44369480	0.0178753831188193
44370030	0.0172741744086792
44370351	0.000680119646355767
44371020	0.0296313855444708
44375051	0.00107859028328494
44376780	0.00076629197263529
44377951	0.000811842302928707
44378170	0.031481674297433
44378730	0.000628400650319187
44379000	0.00139148625867478
44380291	0.000815106007199029
44381350	0.00117160641091712
44381661	0.00276878462289181
44382491	0.0117085696645869
44383010	0.000619080115447067
44383020	0.00331548951066454
44384550	0.0154953147776475
44386091	0.00116178843160296
44386850	0.00100771491872529
44386911	0.000808011000921546
44387280	0.000673104371498669
44387341	0.00345493312227022
44392141	0.000902158457729916
44392930	0.000626835132792554
44393760	0.000729721710369142
44398091	0.047702442888819
44399010	0.0183533049994823
44399130	0.000676344589963969
44399260	0.00440526700034269
44399440	0.00145016846516872
44399871	0.000850491268790515
44401681	0.00066994278424361
44407560	0.00811565912556405
44408441	0.0800818965569859
44409060	0.000618700307308829
44412161	0.0300280137711032
44415181	0.000822751330638706
44415540	0.00297100088311273
44416711	0.000971197067395236
44422091	0.00160736193560125
44424540	0.00581957129126417
44424660	0.000752197658359611
44425681	0.00212014741501858
44426781	0.00082929335865875
44430170	0.000904577054718065
44430180	0.000886436137543045
44430850	0.00194077137321777
44431031	0.00200274677921206
44431560	0.00750792160624476
44432141	0.00191656206624458
44432551	0.00975750736049185
44432920	0.00212867423794015
44433200	0.0116194925778243
44433350	0.000748462741509254
44434371	0.00156546360557501
44435260	0.00550620861205627
44436640	0.0887563974575809
44436950	0.0010151605178426
44438621	0.00697424650929982
44440120	0.116577700036168
44441941	0.280337353773407
44443570	0.000722550778636273
44445381	0.000680473175672941
44445941	0.14459256363301
44446221	0.0132086238675009
44449060	0.00183281697228823
44450160	0.000881240260442685
44452110	0.00967964054141851
44453480	0.00148468604251467
44456930	0.0166084648868517
44456961	0.00142631570348318
44457241	0.0044282917158864
44459970	0.00694520654994202
44461241	0.00172289693871867
44464411	0.000667128756365777
44468561	0.00413075257510943
44471970	0.00167100321978992
44475530	0.000929211930525237
44477880	0.000703393357775271
44479861	0.0139331926759663
44480841	0.00189077368730841
44485640	0.0049757498572758
44487041	0.000673768598006976
44487530	0.00110277757307054
44488920	0.00377383180877613
44491000	0.00132195648483297
44492520	0.00123498338376021
44492770	0.0012345463635748
44493610	0.0014828661131773
44496100	0.00194397076777052
44497111	0.0140784133571037
44498481	0.000708186019892766
44504151	0.000698185969643452
44504421	0.000673992821843866
44504841	0.000783724307868825
44506710	0.00232049429287763
44507311	0.00879717348236419
44508421	0.00130711442431884
44509360	0.000946367830819035
44509460	0.000608693505068779
44510030	0.00232161428225124
44511530	0.0147397891442483
44512551	0.00233276860554998
44515410	0.000639478985296908
44515420	0.000635535449080313
44515550	0.00128826175711141
44515711	0.00180081753980203
44515830	0.00375771278082414
44518850	0.00187926561882168
44518870	0.00181693137344094
44518880	0.00763293021209821
44518980	0.00107497182070378
44518990	0.0221107498227209
44519181	0.00222879494811186
44520350	0.00180834652050435
44521770	0.00177677224146218
44522560	0.000893496544862658
44524250	0.00123283658125286
44526600	0.000625998471647257
44530211	0.00300642871759794
44531851	0.00128858936430306
44533630	0.000777101823550363
44535451	0.00114254352392682
44537750	0.00125651801147686
44538850	0.00303485886830983
44539431	0.00192067305122678
44540360	0.0027307060397253
44540920	0.000673439249178701
44542081	0.288481807430234
44543711	0.000686371898010456
44548800	0.000802564460177987
44550901	0.000912330068198364
44553590	0.010384594578687
44555161	0.000668174785454192
44555280	0.000675721030080581
44556090	0.00214533327794158
44556220	0.000821136679034292
44556421	0.000969190714453727
44558191	0.00116880098593612
44558471	0.000833715205520566
44559010	0.000950326208127882
44559861	0.000704283930935267
44562320	0.0206901832032673
44564141	0.00103138321463665
44564551	0.00073787091126316
44566170	0.00162930624671273
44567311	0.00199658552038856
44567851	0.0175894072682537
44568001	0.00188483777766659
44569320	0.000936080042622166
44569610	0.0018740769581954
44569641	0.0243646853363829
44569770	0.000735857542954953
44571260	0.00214368792929186
44571410	0.000983748920502566
44573480	0.0291594847435315
44574051	0.00737345245963079
44578850	0.00420654366786794
44580110	0.0013953380515831
44580770	0.00209943428921404
44583810	0.00128822748672405
44585241	0.0015719877304271
44587861	0.0370861183450275
44589470	0.000653176678811778
44591100	0.000923630843602222
44592640	0.00136233674341284
44593460	0.0336366141777821
44594720	0.000620515178552459
44596940	0.0977575335327931
44597241	0.000628378191394419
44598410	0.0006223015443527
44601870	0.000780129722998886
44602351	0.00194226311014373
44602601	0.0150324248727526
44607311	0.00414387874410162
44607660	0.00162889318751819
44608240	0.00304661473595138
44608790	0.000678654757835884
44609750	0.0214026862449942
44610601	0.00252851375007709
44611930	0.000609105333416596
44613050	0.0115185479332564
44615380	0.000797757196206124
44615670	0.00143956828174694
44616520	0.000691060044340477
44618280	0.0422758333314263
44620650	0.023190246650486
44622191	0.008368365486919
44625081	0.0145515418981493
44626000	0.00106749864448295
44626290	0.000758921639108379
44627981	0.000829345926808442
44628360	0.000800658611072181
44630341	0.0477528173313069
44631861	0.000666291331689273
44634761	0.00141727182342973
44634990	0.000689268254482328
44635390	0.00959394564567464
44638980	0.00268934402094157
44639410	0.0144484740661367
44640780	0.000658660579031069
44641610	0.000628175635273187
44644490	0.000999076106341126
44647380	0.00178877488539589
44648261	0.00197598266999045
44652551	0.00134867027284625
44653740	0.00232400080402376
44655151	0.00226133073758548
44671421	0.00219097622506429
44671960	0.0006747165308568
44677081	0.00467226262580212
44677190	0.560529854722193
44678440	0.00064942070296771
44679441	0.00303908272688926
44683011	0.000771394970797493
44689501	0.000894526310744189
44697761	0.00431067835369767
44698461	0.0041382250890634
44699011	0.000662153028071575
44704330	0.000896843241254297
44706150	0.000903481725793459
44710000	0.000674848624639922
44722280	0.029259501042138
44724541	0.000673979041130692
44725091	0.000832072526596378
44726420	0.000679442479059088
44729710	0.000931198535179329
44732391	0.000654047828930212
44732750	0.000681695331672335
44735021	0.00114670589321572
44735961	0.0138700467330189
44743100	0.00141593690727515
44745361	0.000932010449456845
44747161	0.00561293363385708
44751711	0.00525933108902461
44751780	0.00475779197224288
44753300	0.022229946003004
44755090	0.00200565072416514
44755940	0.00092470635877688
44757460	0.316387176158245
44757481	0.00064587537504052
44757980	0.000674656416245732
44758130	0.00285154304714178
44762020	0.00153995195357018
44762430	0.000782214962222562
44763110	0.0137806825897353
44764251	0.000669945031189615
44766280	0.000697508311197964
44766960	0.00163193819141882
44767500	0.00386687186108696
44769081	0.000985112372104455
44769700	0.00332949491360482
44772050	0.479663851591516
44772470	0.00712352244699313
44772910	0.00141818392196871
44780770	0.000650378762319358
44780780	0.000678698405094658
44780900	0.0374380025923502
44784200	0.00169008904676768
44786970	0.000702700066815665
44788900	0.00246580155008425
44790191	0.000621680336327402
44791090	0.0339311019643247
44791831	0.0221091827926488
44792101	0.0079696585683585
44792340	0.000750323353679313
44793040	0.0231640822113864
44793710	0.00159525722920579
44795490	0.000623952871729708
44795510	0.0174011487765082
44798430	0.00232050123733253
44799701	0.00181366730127394
44800091	0.000940123972231028
44801071	0.00335865135242376
44803810	0.000700903597295913
44803910	0.00987786632673118
44806530	0.000682129155467306
44809720	0.00290774517017574
44810670	0.00222235094786303
44810810	0.0041229872476702
44814871	0.00226048132110463
44816490	0.000840888478593318
44816671	0.00135846999620876
44818390	0.00226885621574435
44818400	0.00167408643685395
44818810	0.00426216263197281
44822840	0.0017217804047921
44827141	0.000920202032073814
44829180	0.00523781988987599
44829891	0.000977131239447686
44830991	0.0021584260661909
44831090	0.000718277802282179
44831390	0.0018698363627647
44833061	0.00189468198296099
44835780	0.000617034001841337
44836470	0.00219919951298946
44837850	0.000847303353343567
44841150	0.00121329249028677
44842981	0.00447589681059688
44843490	0.000685241028474462
44844340	0.00117819269523298
44853051	0.000717273426832454
44854380	0.000916471593123014
44856590	0.000785882856927404
44857980	0.00063286102762277
44862861	0.0011456673404544
44863141	0.00225219194586426
44863660	0.000698534573182152
44864040	0.00218069911225257
44865580	0.00309701773997671
44866441	0.00714525132141895
44871360	0.00424488711423666
44871821	0.00203257502246289
44874240	0.00407581574443527
44875551	0.000764834190229629
44876091	0.000799944133983971
44876880	0.00899370649791297
44878420	0.0203891688680968
44881850	0.0187350963864566
44883630	0.025647338490019
44885440	0.000770221470174068
44887271	0.00151202026243508
44887620	0.00101491294531448
44894581	0.000681071382037423
44895490	0.000697575011969768
44900880	0.0028754585344816
44901461	0.000720367271092087
44902550	0.00181285007148437
44904350	0.00100400535993799
44905420	0.00072195921988899
44906400	0.00632793674130058
44907411	0.00116480144136706
44908340	0.00100106164117864
44910701	0.000683569271862731
44911650	0.00370335715045825
44912200	0.000629610315895881
44913181	0.000654114552234879
44913840	0.000973220848454243
44915220	0.000729733577128688
44916460	0.00406306603209024
44918561	0.000606753885567106
44918861	0.0006223015443527
44919380	0.00497204674079066
44923200	0.00112925892497223
44925150	0.00313749719848735
44926260	0.00642393248647647
44928860	0.000821117516058666
44929270	0.00739895457706248
44931500	0.00102210742518599
44931900	0.00272632838019321
44932931	0.000759292203085232
44933601	0.0311530062548687
44935750	0.00282853830112969
44935890	0.000948905466177992
44937160	0.000653016676270931
44937201	0.00167824229499759
44937601	0.00217415696269462
44938960	0.00150089902404198
44939360	0.000766432072520594
44941300	0.00391964304821658
44942800	0.000774043465249508
44942820	0.000894168585844641
44943541	0.002414686522794
44944211	0.0297608157079585
44944330	0.00475170988302543
44944351	0.00073234184940192
44944610	0.00200585304526548
44946510	0.00172813517347746
44946790	0.00228859172255791
44948200	0.0195003920292985
44951060	0.000848404347997814
44951541	0.000889211499735566
44951811	0.000760701730403168
44951961	0.0247439981709354
44953751	0.00239007610838931
44953871	0.000708991085240963
44954250	0.000841220924120225
44954800	0.000956602776698706
44957191	0.0118576423491383
44959220	0.00398162200154726
44959671	0.00337255298470901
44960351	0.00586777161785791
44961130	0.00134572682892519
44962000	0.00101617260554407
44962431	0.00187999150871604
44964030	0.00159261602383503
44965341	0.00125100202066441
44965440	0.00074873246501251
44966650	0.000620517238190389
44967261	0.000888815304913239
44968511	0.0112805278497444
44969461	0.000832166407547874
44971111	0.000745470725997797
44971121	0.000683227257836882
44971200	0.0218366063166922
44971251	0.007320473021851
44972101	0.000769650802707906
44972621	0.00156372123642747
44973000	0.000791512353646724
44973150	0.00488989075155518
44976050	0.00103920296585864
44978021	0.00195792287325592
44979961	0.000721575491823285
44980030	0.000740233049210167
44980050	0.0593173856412755
44980091	0.000677581727303257
44980631	0.00200452435047804
44981990	0.253214624866662
44985130	0.00319753228177917
44986120	0.0582960061615016
44986711	0.000716332562924187
44990650	0.00294757937344476
44999190	0.000763250372150949
45001280	0.00340314780572925
45001290	0.000940154013845323
45001861	0.000832649983394894
45002831	0.00228653953672421
45003210	0.000900457852588573
45003401	0.000794461677268611
45004320	0.00208443015465772
45004511	0.0012310195330467
45006090	0.00121481513586689
45007230	0.00223657921108905
45008221	0.00938789207178882
45012170	0.0223720557787201
45014411	0.000642894840886206
45014790	0.0588640525114426
45014920	0.00750617124370897
45014940	0.00076556375634283
45015791	0.00069075957188129
45016050	0.00444210620017157
45016880	0.00573942704778213
45017020	0.00702292356449265
45017611	0.00131023141410938
45019610	0.00325489040335291
45024641	0.000650721035372856
45030551	0.00173985227209465
45033300	0.000810021135448572
45034110	0.00282435236877697
45034551	0.00100796705789056
45035080	0.00105611671453277
45035330	0.00203727330930834
45037570	0.00101188706782583
45038670	0.00290625019216578
45038831	0.000622188626179835
45038950	0.00127313352386441
45040050	0.00099803286178973
45040590	0.00403486262450562
45041581	0.00108959447438842
45043190	0.00397302156435773
45044621	0.00583242207088457
45044990	0.000743661310087295
45048840	0.000955638850756568
45049390	0.00111883516211643
45049451	0.00265916807036899
45054770	0.000713013784533685
45060430	0.0119852233190729
45060470	0.00208741367833464
45061840	0.00353781652791398
45062510	0.00178365528399955
45065390	0.0671727637058207
45065601	0.00329029272421804
45066141	0.00440632082568618
45066691	0.000698132689104057
45067521	0.00074319718487491
45067630	0.000764167899153595
45075320	0.00564108100001025
45075330	0.00302247069023558
45075391	0.000681247506621696
45075870	0.000809606089381907
45076330	0.0022724081629902
45080840	0.00183729584350814
45081390	0.000952768558291281
45081570	0.000652355915857785
45081741	0.000941408380562589
45082131	0.00356380544813535
45082701	0.000636750588551378
45083111	0.00096101044003749
45084361	0.000636348988959998
45085420	0.000932092583344829
45086291	0.00615801458773992
45087921	0.00606754660947238
45089711	0.00800497027971963
45089960	0.000804190334778769
45092020	0.000874966608482405
45092160	0.00128567931506021
45095801	0.000967114100059758
45099040	0.0018651656082016
45102951	0.00189107997385791
45102961	0.000816392582857968
45104010	0.00104299636838096
45104030	0.0828275822170194
45104320	0.000898709782906533
45107630	0.000722726084324138
45110500	0.386301378332292
45113150	0.0322853117675444
45113280	0.00167909822086215
45113441	0.176269068602333
45113601	0.000752118439456194
45114640	0.000647141083384151
45115190	0.000635893068319049
45116310	0.00395554166396759
45116320	0.00184863065904736
45116730	0.00562613522456793
45117950	0.0786069397927545
45118230	0.0138958190182298
45122360	0.0069210215389319
45123050	0.00108548522416396
45123921	0.000832701729802202
45127740	0.00076166834826062
45127801	0.0065479506056157
45130080	0.00169905518798645
45132331	0.000635839366728276
45132901	0.000670643271272332
45133041	0.000677864304205969
45133871	0.00315741862477059
45136211	0.000942301445335913
45136891	0.00101234680633718
45138080	0.0483217643191132
45138141	0.000624741810991816
45138220	0.00637089484828511
45140710	0.0131458121527627
45140761	0.00794061943867482
45141680	0.000717006988870349
45141700	0.000723318690453877
45143190	0.00480375157736967
45146281	0.00250234322611138
45149410	0.000653611238118499
45149451	0.00236208414937316
45150951	0.0118892581264522
45152430	0.00103227463789489
45154971	0.00250948864855355
45155880	0.00407794332276513
45157291	0.0040498377381075
45158220	0.00115675346743226
45159350	0.00345824823229067
45161981	0.00167541690428974
45162350	0.000818781371611584
45163661	0.00320020788885186
45164300	0.000696415484791467
45165380	0.00877265199692494
45165560	0.0020979433885445
45166121	0.000722843430901448
45166131	0.000729777792294107
45167371	0.000911469953909174
45169591	0.000654397352543895
45172010	0.000760748216723205
45173431	0.000848486644837951
45174531	0.000845342449215829
45176990	0.00609730393596049
45178480	0.00110687372894307
45180690	0.000706237519069611
45181161	0.00435536786300217
45181670	0.000851411418847744
45182220	0.00103003273925875
45182671	0.000726536244298532
45183030	0.0349692611850014
45183320	0.000644841031902346
45184690	0.000729436316993988
45185861	0.000848522802465964
45190951	0.00412270188615101
45194760	0.00180240273504172
45197420	0.123950792628927
45198961	0.000982603671479895
45199221	0.00415488206999067
45199241	0.00475597340728678
45202391	0.000628292348744046
45204061	0.000847191809722687
45205530	0.00494952904352409
45207081	0.00154262279943566
45207771	0.000905976331710769
45212440	0.000679808380655038
45212860	0.00085493047901788
45214750	0.00133867216979003
45215911	0.0812419786481914
45219470	0.000894130370876781
45229270	0.000769573580499004
45230961	0.0020283341195932
45231210	0.0115526975220664
45231781	0.00279233835963549
45232160	0.000908242730039131
45232580	0.00213122162233637
45232601	0.000623095881919152
45235170	0.000727052314357088
45235351	0.000662114410670873
45236020	0.000755918620956581
45238220	0.00253192481485472
45239480	0.00109511906912213
45240850	0.00256850236693798
45241711	0.00271098015310042
45241960	0.00269107200475101
45242340	0.00424845262500984
45244690	0.0150664090067847
45245291	0.000677931115994274
45246630	0.00160856896860722
45246770	0.000707904127348058
45246910	0.00226986735993329
45248451	0.00145221519415783
45248891	0.000700808470807659
45249650	0.000754941411691885
45250500	0.00269505524601929
45250661	0.000946705105327662
45256150	0.168900377734989
45257790	0.00196660643572259
45258920	0.000631222736193626
45259740	0.00275722780943471
45260410	0.000924826828172343
45260440	0.00172902731679415
45262821	0.00177194663380193
45271761	0.00977728581209591
45275050	0.697043026914743
45277571	0.000817847334085086
45278340	0.00141397237671387
45280300	0.00768441101939923
45280960	0.00265178449002235
45281090	0.000701255680498713
45281370	0.00175593363031453
45281701	0.00207415682331709
45281780	0.00203585335458811
45282931	0.000650871707751096
45285640	0.00158019147906914
45286880	0.000773457408986153
45287231	0.00692420479226618
45288130	0.083534149302208
45289390	0.00126846338467702
45289500	0.000634043776266303
45289581	0.0061858608643503
45290760	0.00238884336164204
45291590	0.000608423846871201
45292451	0.0065500402018185
45299200	0.00146915515565548
45301640	0.00138382344842548
45302200	0.00447802605102
45302220	0.000776723626648503
45305561	0.00500287298898378
45307231	0.00678434930265117
45313360	0.00212730998378725
45314370	0.00079948379680995
45319020	0.0394498070155316
45321701	0.00255463192065096
45322210	0.00342884058875311
45323020	0.00525310880676626
45324120	0.00175529730319884
45328680	0.00297164273855612
45329220	0.000766476632822889
45329520	0.000799535518645041
45331351	0.000629085022133535
45331590	0.000762977062141149
45334750	0.0137165985321149
45334920	0.10318759948838
45335211	0.000867262308202011
45337230	0.000842082693910375
45337530	0.00283010301392096
45338900	0.00089865763078067
45340010	0.000654451198385069
45341510	0.000939832095633334
45346500	0.00147683027501702
45348000	0.000609105333416596
45348461	0.00169427849273943
45351170	0.00135165155064589
45352581	0.000965512677910859
45353640	0.444590391847589
45353790	0.0010364243154816
45354951	0.000747644760335286
45356031	0.0195474736959535
45357260	0.00441680534980774
45357670	0.0206753823413933
45358921	0.00318015294040484
45359911	0.00662053676511792
45361701	0.00180182620598317
45363481	0.00378937489641371
45363901	0.000647078631156277
45364010	0.00491312636107704
45365831	0.000713858260676763
45366190	0.00115550792066332
45367061	0.000650453348876363
45367351	0.0026869079072572
45372940	0.000673031889108632
45374231	0.00069604006193601
45374880	0.00487865547080454
45377260	0.000660079645156695
45383351	0.000672127817896802
45385421	0.00207905201991388
45386371	0.0006223015443527
45389530	0.000978416460134329
45390870	0.000901755163469851
45393141	0.291578354007328
45394350	0.000671636404433628
45396980	0.0042149299044759
45397271	0.00111004057590003
45398330	0.00295590064024753
45398641	0.00149342468487703
45399030	0.00371610647365121
45400311	0.00144562726344924
45401421	0.000698418729087441
45404140	0.000916701334272785
45405080	0.000847722406824796
45405660	0.000969030851989351
45405691	0.0415233999299203
45407911	0.148073589098568
45410941	0.000686039187840924
45413790	0.00102989291855276
45414661	0.00177860934750685
45415471	0.000831148915973509
45415860	0.00259787061305015
45416800	0.00116849759064354
45417230	0.00104230278745235
45418880	0.00205479359102412
45420311	0.0759434635945971
45421100	0.00070297889767631
45421370	0.00171053964545573
45422391	0.000664214006067842
45423071	0.00103406559511693
45424181	0.000720548638785153
45424451	0.000668014054107487
45425131	0.000901584235516207
45425671	0.000932390648302936
45426460	0.000997359939772954
45427140	0.00130796203944153
45428290	0.000732519994582372
45429250	0.00310805812065409
45429780	0.00304687122537656
45429961	0.000680471499970642
45430190	0.00111596278218176
45431990	0.000714179547997861
45433701	0.0064636190139482
45433780	0.00252445710359391
45436800	0.00159592329410867
45447180	0.00203086094772615
45447280	0.0041867476659579
45451700	0.0393742195799997
45453630	0.000704500252988434
45456680	0.00757177280827574
45456810	0.0697206965720668
45458450	0.0010120831774473
45461520	0.00193317635017849
45463741	0.00281660529534589
45464380	0.00132455674551416
45466781	0.00263852332579644
45469551	0.0017003699883655
45474921	0.000785889365839234
45479830	0.00254655072561523
45482371	0.00172310345498565
45484451	0.000610761117145654
45486241	0.00062326399781734
45490600	0.000684515079208008
45490911	0.000652360212897434
45491550	0.00329896871527954
45498350	0.000741966081075916
45500820	0.676143066143489
45500861	0.0011519386134574
45502651	0.00269212543726437
45512550	0.00177575897787244
45521090	0.0012572931762302
45524161	0.00939470634062645
45525210	0.00386962328093729
45527751	0.001012809322713
45529090	0.00095686883031433
45532370	0.000836166981308263
45533951	0.000752613336262158
45535201	0.0212322960520109
45537411	0.00310700540065913
45539051	0.000883673130933095
45540151	0.0363616641142668
45540930	0.000622161512345229
45542180	0.00655636323777645
45544851	0.00222578990350766
45546491	0.00160722855007649
45546860	0.000875622380714132
45548550	0.000735089884612654
45549910	0.000668607419253557
45550231	0.000609105333416596
45550641	0.00554234616812311
45551000	0.0074982262182623
45552161	0.000623667641667622
45552530	0.000822030034365649
45552920	0.00107486298765351
45557240	0.0331627103699773
45558081	0.00132120242152295
45559191	0.000895673342359306
45561480	0.000789745195836304
45562470	0.0186990922483045
45562651	0.000630529774066194
45565340	0.000668733979084448
45565470	0.000844088543085119
45565821	0.000830250321617236
45565910	0.000692910068950314
45568031	0.000833801255858341
45570071	0.00100507034662335
45570081	0.00158817500617577
45570590	0.000695294418284278
45574750	0.00845371919269221
45574990	0.000638087298833881
45577671	0.000639396468324723
45580270	0.000988960951644217
45581190	0.00151985907446396
45581340	0.00255706937106801
45581821	0.000696880407765021
45582450	0.00220469207072851
45582860	0.00492620547280722
45583720	0.00180272525900338
45583830	0.00227802938689633
45585671	0.0006223015443527
45585681	0.000751144929533639
45585791	0.000659719604951636
45587030	0.000689799795794891
45587751	0.0203624766932108
45589121	0.00208619507227638
45589391	0.000649312230137506
45590180	0.00110899736478159
45590610	0.0529791138083549
45591540	0.000837324397466972
45593230	0.0028543361053999
45595710	0.00180763949059794
45595721	0.00155050440877643
45595990	0.000996105146767201
45597531	0.0276182486806641
45598190	0.00191896957283656
45599580	0.0223743569043371
45599710	0.000853987439639752
45601101	0.000883314453855084
45601760	0.000692263849193288
45606310	0.0823098918098051
45608360	0.0832422060505266
45609060	0.000777343031759034
45613780	0.00153410024437426
45614351	0.000945767662290711
45615270	0.000728874653574646
45617261	0.0006315304411572
45618621	0.000822363301067724
45619611	0.000615866945730008
45622180	0.000631223907676656
45622710	0.000720115832893955
45623120	0.00498795372565886
45624141	0.000638106003825768
45625391	0.00872641328175697
45625661	0.000631935980760411
45627980	0.00192394365466149
45629050	0.0623737321758539
45631191	0.00145268789995771
45632021	0.00883503736094962
45632940	0.00214032233998192
45637080	0.0224085882566037
45639680	0.00427787525937067
45640691	0.00124215988923892
45642290	0.000916103123725526
45643710	0.0149518344191957
45650850	0.0178231976431771
45655840	0.000964363832354145
45656551	0.00232312950206685
45663250	0.000859853270553604
45665340	0.000773748745748455
45666061	0.0120487165202183
45669470	0.00068193672848009
45670190	0.000630846665064008
45671390	0.00140374298797881
45672281	0.00213873964283317
45679861	0.00506630230025998
45679991	0.00206448194708147
45683980	0.0011716986417081
45689941	0.000757960905161782
45690180	0.00181203093066548
45691711	0.00192326857577597
45697371	0.00657625589523506
45698061	0.00226947261745172
45698560	0.000982978203751245
45698720	0.00255721416387446
45699711	0.00127336638454909
45700350	0.16168626640379
45700530	0.00761719925285127
45700841	0.0234000551180444
45703670	0.00902820081950736
45705941	0.000665259136063554
45708141	0.00372226356668755
45709480	0.000672881489282818
45710010	0.000836241220208713
45710030	0.00176539179778541
45710191	0.000793346048197502
45712811	0.00186933239817619
45713340	0.00101684416553117
45714440	0.00231064338566522
45715270	0.171334244243574
45716281	0.00104141899321901
45717661	0.000632495941984209
45721910	0.000661130561320068
45723400	0.000826713072047087
45723700	0.00168825896735823
45723861	0.00164699484148819
45725040	0.0973787767025022
45725870	0.0035065773564268
45726170	0.00269981790842452
45726590	0.00230758282203591
45726970	0.00468179519230298
45728261	0.074195459682251
45729501	0.0037349646571444
45731000	0.00322661735753948
45732800	0.000840302041929304
45732930	0.0172290272180711
45739380	0.00246284257167042
45740500	0.00461093048479542
45741630	0.0037332856269879
45744691	0.00430116306166873
45744900	0.00185026726428416
45744930	0.0313697512695038
45747800	0.00065371882963926
45749490	0.00120964343054829
45750180	0.0135632840700161
45751581	0.00150232375932914
45755420	0.000623092292601849
45760350	0.000818127963175485
45766410	0.0006722648598814
45767400	0.0010050181957789
45768261	0.00372356914437705
45770611	0.0306855899137106
45771711	0.00484262229389886
45772401	0.000685422021848827
45772790	0.000886289683574365
45774840	0.00202565541955245
45775171	0.000749863041111458
45775790	0.00226831502664751
45777760	0.00929896223124485
45778621	0.00100130645047984
45779390	0.000864791535531247
45780080	0.00128822357629448
45781651	0.000773121923232722
45785631	0.00170577412100986
45786030	0.000683176549288399
45786761	0.00139446014956617
45788121	0.00393907725904514
45788770	0.00162141749105211
45789750	0.00104400444406527
45790030	0.000694269063974015
45795820	0.000728604018413689
45796210	0.000767602780511985
45800360	0.201273836805557
45801900	0.00524305924374889
45803790	0.00106339361812217
45804531	0.00277583979626903
45804541	0.00259983183236825
45807240	0.00196727772337097
45810000	0.00182256791931206
45819000	0.000617142402841359
45819151	0.000993821707876898
45832510	0.0546604921144909
45832811	0.000782248766249685
45835230	0.0120975318672358
45837740	0.000817338746148092
45844060	0.000761727757158719
45846311	0.00630247910779519
45852610	0.0021667419658638
45855540	0.00389388208069715
45857200	0.00169447781010424
45861180	0.00130558897355158
45865641	0.00494134697044846
45876401	0.00383794176496736
45877621	0.00772756175257538
45880391	0.00139055019263273
45881750	0.000647202170001602
45884251	0.173547645576544
45884330	0.187847363860687
45887441	0.0126578762454987
45887670	0.000807962432882377
45887820	0.00631351783286204
45887831	0.0129248935665725
45888910	0.000620472130691129
45889071	0.0512124821743626
45889470	0.00196438211178583
45890290	0.000719517488685503
45894440	0.258800855705817
45896490	0.00212295891490728
45898321	0.000836306649038673
45899130	0.00332918330083935
45899390	0.0117983593505767
45910591	0.000818256238008253
45914560	0.0093391161316143
45916801	0.00380051940381855
45917081	0.00253560693612168
45919011	0.00525760051086419
45919551	0.00100112896850316
45921221	0.0124146538942968
45924371	0.0191522093461638
45925050	0.00398254214905092
45925290	0.0127536330349421
45927421	0.00211936075111386
45927711	0.000882683078385484
45929751	0.0006223015443527
45933330	0.0150935661717507
45933361	0.000760037009531959
45933870	0.00353118937269427
45936340	0.000797435404214561
45938680	0.00063450579533401
45939670	0.00102885723959346
45942041	0.00319663258251578
45942721	0.0082999709441781
45943910	0.00640834500995498
45944350	0.0130328059839726
45944391	0.00108604483419256
45945850	0.00167480247020929
45946041	0.00103641676768594
45946130	0.00585610497232025
45950390	0.00744577385650883
45950871	0.00770891480866023
45954290	0.00172748358559352
45954810	0.00076417499974129
45955250	0.0008592098984128
45956101	0.0010589093640831
45956521	0.00191682456494279
45957501	0.0117069212202503
45957580	0.342409109968516
45957901	0.0615333187877445
45959011	0.00100059161618584
45963080	0.000628292348744046
45963291	0.000715606291994222
45964350	0.00182946636001982
45965050	0.00882341072395609
45966410	0.00106865558949176
45966991	0.000766115305497339
45967670	0.0968409739024512
45970441	0.00074831932810228
45971260	0.00201423795212276
45972870	0.0592145128827506
45976620	0.0010416475819494
45976890	0.000701910977499745
45977351	0.000681008251222669
45979271	0.00498672455598001
45980080	0.00303709725286551
45981040	0.000942325991036303
45983411	0.00124138796312918
45984241	0.00143963978675075
45987240	0.000877093391853078
45987500	0.00063544225609503
45989570	0.000669524341103442
45991981	0.00126649106994941
45995701	0.0228903763184298
45995900	0.0822346007434861
45996381	0.00131727430160351
45996620	0.000612678805981864
45997180	0.000796099564403584
45997191	0.000996919248745731
45999811	0.00353878786803812
46001020	0.0111199170039539
46002140	0.00146493418968041
46002540	0.00144066435585767
46003380	0.00228629875173772
46006680	0.000685276337733185
46007800	0.00249646578404376
46015230	0.00102887963369583
46015821	0.00103283793828907
46017611	0.00115957472281876
46029741	0.00400080717741094
46035760	0.00316491409057142
46037140	0.00522509530321823
46040760	0.00067411434265509
46041491	0.00573472394978733
46042400	0.00310398662064584
46044521	0.000668643807881179
46045211	0.00113039109336464
46045901	0.000621880799333607
46047971	0.00308569909173725
46048371	0.00084226467324777
46052661	0.00106746696705169
46053040	0.00140107148074898
46054540	0.000609105333416596
46058800	0.000844594027580247
46059920	0.0645382470195706
46063251	0.00085042953314432
46065051	0.000644862091144437
46066410	0.00244123941329289
46066540	0.00817323875164125
46066581	0.00182506970916685
46068330	0.00239296402111998
46069761	0.00248870518552777
46073310	0.00399689353988235
46073560	0.000849057263958028
46075691	0.00151015629168783
46076371	0.00503374101266901
46080350	0.000644918091668787
46080460	0.00155479833557958
46081761	0.0231379240163963
46082670	0.000789698052326676
46085191	0.000656566081572355
46086291	0.0017462348117918
46091780	0.000919790341745841
46094680	0.00194029631933266
46094970	0.00162731951704856
46098981	0.0053968832499818
46100050	0.00305142564110568
46101461	0.00229665079164751
46102031	0.00941600589246694
46102510	0.000997234680482952
46103760	0.000652429183059247
46105970	0.00347496889937546
46106260	0.00162442162108877
46106940	0.000664456479223733
46107610	0.00159614132442126
46108300	0.000832504910498216
46108491	0.00327563553066139
46112211	0.00586569393783874
46114421	0.000707178768092494
46114991	0.00228089425202491
46115121	0.0160653545313531
46115490	0.00215415467058008
46115790	0.000663910282781105
46118011	0.00216209894844741
46119340	0.0013902934298771
46120070	0.00173494979157314
46120371	0.00109570089853875
46121990	0.000983188107659021
46122520	0.000891334986782569
46125201	0.000769023389556358
46125481	0.000677943937605468
46126250	0.00131270415862347
46131080	0.000623870274480022
46131220	0.0080371397627382
46132450	0.00116948596057944
46132620	0.0231612240789551
46134841	0.00612897468231993
46136651	0.000652939239233291
46138130	0.00115566757035855
46138581	0.00242968476397257
46139531	0.00165528487712349
46140761	0.000876886416614145
46141820	0.00175477276046239
46143521	0.000691203634917665
46143671	0.000918080739007823
46144710	0.000707240472348586
46144730	0.012749121632287
46144901	0.000642212615047651
46146810	0.000625164490470684
46146950	0.00172685322217343
46147330	0.00080576521063451
46149970	0.000714386246820491
46151661	0.000664360880235136
46153061	0.0565620662852651
46155241	0.0977511294185616
46157471	0.00073504130115184
46157700	0.0126772678781607
46158960	0.000645993687681643
46163261	0.000626467749541725
46163650	0.003745654372866
46166270	0.000757680014690142
46166971	0.00195768827754316
46167121	0.000766876904303728
46169061	0.00167445682382045
46169130	0.00188091797533239
46172221	0.00127475316247289
46178151	0.000701013392530185
46182281	0.0492771071564217
46185970	0.000721254444627672
46186691	0.00201595696812712
46186831	0.00593214271112669
46190260	0.00621009032987961
46191880	0.000644405323754621
46196491	0.0032592514085904
46196781	0.00516011760644042
46207500	0.000721898840156479
46212061	0.000682626083629362
46213290	0.003528148821751
46213861	0.00105422875080813
46214151	0.00239830188744009
46217150	0.0057652947451681
46218780	0.000766595327652753
46218831	0.000824017946886137
46224180	0.000824639571140011
46225570	0.00316686495160184
46225591	0.00066323788468202
46226021	0.000909815378635865
46226520	0.000867817669398128
46229991	0.000862667738474127
46241130	0.00197832895222046
46242500	0.000787567880099776
46245980	0.000708937254761274
46247320	0.000849387302536093
46258971	0.00105025138259157
46265810	0.000661812397866266
46267391	0.0070007996530965
46269051	0.000661905494820588
46271511	0.000913228004950621
46273171	0.000814511780741668
46274090	0.000713494627776522
46275801	0.0811136983856723
46276341	0.000959821702086379
46276850	0.000800974648058107
46277000	0.000704504549496639
46289041	0.000806965372745069
46296611	0.00273149737366463
46299091	0.00090381175230332
46301311	0.00919321062572887
46302530	0.00160484947130679
46302961	0.338161216256682
46303781	0.00176585875166526
46304710	0.00115680251969069
46307511	0.000721553975195995
46310961	0.00296646016540843
46313110	0.00110347939332222
46313420	0.0030771598247639
46314681	0.0123580539051215
46315610	0.00158156546269086
46317721	0.0401347376081858
46318281	0.00363807302532731
46319060	0.000790902392042794
46319371	0.0006223015443527
46322281	0.00468245585410401
46324290	0.000793725249922096
46324611	0.00165451785424413
46326490	0.00186892503163823
46327320	0.000676393753102292
46328870	0.000894124043678432
46334760	0.00067650534878699
46334930	0.00160422305928411
46336570	0.000898914753780704
46337400	0.00964238980822361
46337591	0.00155936586831156
46338541	0.00062767515530143
46340140	0.00207745351460034
46340310	0.00308175785088642
46341550	0.000979750371718797
46342650	0.0472483846814697
46342770	0.00429680519773999
46344891	0.00351895426435177
46345250	0.000673434661476876
46345660	0.00512351023738279
46350780	0.000738085792461766
46351101	0.000728076695302253
46352830	0.0244708465597055
46354391	0.000792301482018021
46355760	0.00186448460433661
46356410	0.00198621742620931
46359490	0.00193179912264238
46360761	0.00255905432719193
46361390	0.000634639812629847
46362920	0.0947835272343636
46363060	0.0008522751148408
46364901	0.00112091939625567
46365291	0.525367626623743
46366100	0.00180484499320201
46367180	0.000717424318648823
46368481	0.00995473315748109
46371590	0.00170811794015638
46374900	0.000676223303285603
46380000	0.000615053201467107
46381561	0.00607519963537999
46381670	0.0011874128459184
46383221	0.00133269154251236
46383890	0.00278963950633641
46385000	0.00245083093567579
46385390	0.000641559482953282
46390271	0.000895774295793684
46392590	0.00192864862210613
46393130	0.00389198957876719
46394661	0.00626283402399734
46397441	0.00115275527258384
46398760	0.00176879341916682
46400041	0.000602807101325309
46402210	0.0200012624779502
46404700	0.028104893600935
46404980	0.000988789554664823
46407480	0.000983142519940276
46408980	0.00804698079810618
46409250	0.00139981749435549
46409410	0.000914560315212406
46410661	0.0976823339286198
46412871	0.00084197635166437
46412990	0.02712775535583
46413660	0.00124163164762912
46419241	0.000873287646921397
46419590	0.00104128093340142
46420820	0.000642217950471631
46421120	0.000650558895150219
46424041	0.00679857449726101
46424871	0.0174872575175851
46426090	0.00205644876186705
46426541	0.000615866945730008
46427361	0.00139017877519962
46429110	0.0129816886857628
46433960	0.000757002749044782
46433991	0.00211875511007461
46434090	0.0177764781542701
46437691	0.00310672756717742
46438090	0.000898010522771255
46438401	0.000882042116576564
46440341	0.000808133233466351
46441930	0.000899796563226846
46445240	0.00427663844721477
46446770	0.00509467540980315
46448550	0.016556100943386
46448871	0.000637947801981009
46451200	0.0108228853748136
46452861	0.00879728600583339
46454661	0.00288510781159001
46455590	0.00084168298011559
46455870	0.000820423445524889
46456331	0.0180561067669306
46458760	0.00860075115816846
46459020	0.00110098428161102
46460560	0.0109122521536647
46460850	0.000617142402841359
46464321	0.00306324836804201
46466531	0.000704719380375632
46467511	0.00377571431072447
46469510	0.000786903477835327
46470951	0.00213061750577789
46472461	0.0409096271687223
46473950	0.00145458244410032
46476010	0.0203385156292987
46477001	0.00248536109007259
46477271	0.00679878702443977
46477920	0.0931554861460087
46478750	0.000911120615167935
46481001	0.000712624725871372
46482880	0.000707273622941245
46483200	0.000670379141818896
46484581	0.00268134783162139
46485370	0.0125571171539582
46485800	0.000619080115447067
46486070	0.00228485334063907
46487290	0.00149321439748359
46488420	0.00363047700202984
46488970	0.00168087125985362
46490111	0.00224354806026722
46491030	0.00589070165256932
46495621	0.00359824163073215
46496820	0.0127301663121376
46498261	0.000850271133594131
46500051	0.00396027316738843
46500160	0.000732504670199282
46500430	0.0007112467355588
46500601	0.000658939328637983
46502661	0.00113208493732715
46504451	0.00116464707433259
46506620	0.0134207787356145
46509291	0.238846409869915
46509971	0.000872253305778187
46514521	0.00102679597832401
46516051	0.000734523318406116
46516120	0.00124969882478869
46516191	0.000904782638373931
46518391	0.000763125842275678
46523320	0.00072970563182678
46524410	0.00604634326370344
46525240	0.000784275903229242
46527170	0.000615053201467107
46528540	0.00422477420374752
46531150	0.00379141340024411
46531221	0.000749834618855208
46531740	0.00269291676410018
46535440	0.0337000790638922
46537260	0.000993497696253503
46540250	0.000617636519212681
46541380	0.000656234957677719
46541571	0.00350336382858799
46542101	0.467922269852836
46543300	0.000646701920247077
46545930	0.00141149907613942
46546190	0.00205862318883903
46546760	0.000737873823979709
46547310	0.000988545999072234
46547330	0.00108362223473312
46548301	0.015266239009503
46549100	0.000640853806324475
46552150	0.000884758358163361
46552940	0.00430233954456809
46555440	0.00159589708691765
46556670	0.000685945317356513
46557780	0.00202185164729478
46558091	0.00214127586523236
46560051	0.00264107506812033
46561011	0.00154170900429184
46561431	0.00359323292996077
46562480	0.000734935938066446
46564940	0.000795936436518266
46566251	0.000842586551871259
46567341	0.00615743612075147
46567361	0.0452859214836894
46570241	0.0216100574248064
46572250	0.00245988245384244
46572960	0.00416244734688765
46573770	0.000733054557445785
46575071	0.0421879515321086
46581660	0.000667309273079376
46582231	0.000866288767738408
46584540	0.00076654151688591
46586750	0.0178775485576297
46587201	0.00228634449942932
46588110	0.00132167286671087
46588451	0.000687459979934085
46588721	0.0425631716171222
46589951	0.00493239196812272
46590590	0.00077765329019629
46590610	0.00086587000751567
46591901	0.00110083600738725
46596031	0.000674979334206772
46596311	0.00342492883986811
46597691	0.00063971702278159
46601390	0.000772293228531562
46601930	0.00128497438969325
46603481	0.000784541542129724
46604390	0.00829818152416752
46604820	0.00316827952421736
46608120	0.000915144297335019
46608571	0.000649162165084752
46610630	0.000763890010474228
46612530	0.000631933619293167
46614521	0.000693913982294815
46616250	0.0151605062275876
46617541	0.0028389216349224
46620301	0.000690218010561806
46621531	0.000829009687749675
46623191	0.00233873768351195
46623870	0.000631693571777086
46624420	0.00190325007042164
46624540	0.00231980136489875
46624841	0.00167149299469513
46626480	0.00140653259374778
46626771	0.0100344136992483
46627601	0.000988181367138046
46631980	0.000708643766876845
46632680	0.00358674638626078
46632820	0.000632826193200017
46635741	0.000688210003353953
46635881	0.00189836222667225
46640540	0.00141619900229048
46641640	0.00141061908582272
46641671	0.00407054231018615
46644851	0.00105412827982182
46645001	0.000621605302647266
46650170	0.0609415343152898
46650600	0.00312467856038183
46652800	0.00187969837048511
46653500	0.00402756386145683
46653691	0.00121571347644139
46656380	0.0512059921382476
46656810	0.00342707619869284
46657230	0.000784535303524907
46657800	0.000633556474446846
46659420	0.00063488575223723
46661131	0.00137350699979744
46661271	0.0205402377306171
46662480	0.00204020043250385
46663570	0.00174592976489392
46666600	0.00165517342635083
46669360	0.00445512802404633
46672151	0.00542417946291423
46677811	0.0325817270698683
46678470	0.00599558503430382
46679201	0.00154575638661855
46679761	0.00228287065805557
46683341	0.00405864771915563
46698931	0.0207556640320464
46702340	0.00200629717780894
46714340	0.0493973964336867
46714491	0.0105938595324728
46714651	0.0723948485643061
46716240	0.000662483493954815
46716421	0.00140714287853894
46720790	0.0196960405838049
46721230	0.0013157316211021
46726101	0.00413442007906099
46726730	0.00126621234838677
46727400	0.00422624263965514
46729070	0.0167720754048166
46730371	0.0235673387074422
46731840	0.00280534755239967
46739710	0.00157227669940307
46742450	0.00371722309095925
46742850	0.000729660479881447
46743601	0.303504120640375
46744670	0.000617066730573456
46745190	0.00788925199128336
46746460	0.00103520838612326
46748001	0.017267542879878
46748800	0.000701728759328236
46748971	0.0331975398322168
46749811	0.00120282662458948
46750050	0.000684474948468093
46750761	0.000923352888160004
46755570	0.0135356493824597
46756250	0.00157673803111234
46758440	0.000761286489283025
46759960	0.0202137347419853
46760120	0.00282993524865182
46760151	0.00525153114524071
46761630	0.202612558330493
46761740	0.369367164451204
46762081	0.00104690184424409
46763840	0.00244304119207456
46766020	0.000912613400976163
46767710	0.0533350006461064
46768441	0.000883165292250046
46769480	0.00133215744200161
46770030	0.0486783005317184
46770190	0.0415614700407941
46772530	0.00239172799420617
46774060	0.00277328594243634
46776991	0.00190646190933269
46779051	0.0214875099646194
46779980	0.00140564657616599
46780360	0.00249519691861378
46782310	0.0291639624055285
46782491	0.000683346290833372
46782730	0.00298957851047599
46783570	0.00498615821178973
46783850	0.000769765024312657
46784660	0.00261435113640983
46787601	0.0655730803095169
46788001	0.00850748201118742
46789661	0.000756115228863516
46790071	0.0246855752131983
46790231	0.00140955110759365
46792711	0.000643016287956032
46793600	0.000623092292601849
46795000	0.00199741828328811
46796670	0.000913377932949413
46796910	0.00976783849369427
46798081	0.00254740059771887
46800001	0.00830324934110073
46800800	0.00181479274618187
46801811	0.0439889186370108
46803051	0.00104861334070293
46808841	0.0125048129842998
46809801	0.00272931713566165
46811581	0.00090275487919605
46812510	0.00135796769959963
46818010	0.0144966886198541
46819530	0.00139831395801362
46819970	0.000640147676276843
46821381	0.00150189266170444
46822160	0.000671771150105774
46825870	0.0025593618308017
46826030	0.00103768172897403
46826471	0.00735630422914939
46827700	0.00411551619011922
46829111	0.00666281112171609
46833890	0.00195328396692949
46836141	0.0203584249902911
46837490	0.0031088180481333
46838081	0.0129490569352711
46838740	0.00245822609235976
46846221	0.000801458838634558
46847000	0.00414616613636437
46850710	0.000735217258550353
46851950	0.000648015330523809
46853091	0.00371411362062393
46853880	0.00605643487213207
46854700	0.0018480410596006
46857651	0.249167095867539
46859550	0.00116804011209616
46861180	0.00267751056208631
46865910	0.034061307248802
46865941	0.00142348889023657
46866460	0.00163618921600454
46872411	0.0448144752082674
46874201	0.108039459107855
46874351	0.00277627079823469
46874460	0.000674732084824657
46875851	0.000711328151336344
46881050	0.417370427988177
46881661	0.0973482038298769
46882040	0.0155750593021641
46884360	0.00107270556270671
46884380	0.000956774374293902
46885180	0.021071675964684
46891670	0.000916606036582567
46892691	0.000718942463231183
46892780	0.0379786077046048
46894730	0.000637213227062312
46895451	0.00142922747560165
46895711	0.00953511174399973
46898331	0.0127123468296773
46899871	0.00818944568884829
46900100	0.00140050847590471
46902051	0.000666491216117716
46903260	0.00159113764385453
46906611	0.00085029240282533
46907670	0.0648592405175401
46907991	0.0784077589094275
46909231	0.00176952908138092
46909770	0.00269889934686604
46919581	0.000661092538359825
46920250	0.000698750629158667
46921501	0.00358421058778084
46923550	0.00374982501607412
46924520	0.00234198899184359
46925091	0.000609545347111857
46925221	0.260438793075965
46929610	0.000650220422975055
46929890	0.00186172083898529
46930980	0.00525423181537538
46931041	0.000778989834003599
46931530	0.124556019326871
46933460	0.0607656501170755
46934300	0.000695873128360482
46935380	0.0027330361105882
46936480	0.00169446014144363
46936620	0.0657017072043597
46937180	0.00198865532492781
46938850	0.00458313295886942
46944240	0.000684253996707475
46944671	0.000846570319472126
46945200	0.00198182937463699
46946030	0.120602010265585
46946280	0.00100654242113495
46947581	0.00135597119824357
46950700	0.0156290893686963
46950990	0.00460779414478446
46951441	0.0197176380691897
46959711	0.00213397123994571
46961880	0.0558290534003435
46962611	0.00140493498716773
46963250	0.00367794599472946
46964380	0.0010618483830383
46964790	0.000940689789930133
46964831	0.00206236676444506
46968271	0.000657596272812602
46968750	0.00180596522932727
46969480	0.000626375885382927
46970560	0.117930462224507
46971031	0.000846555108886761
46972910	0.00291248853334287
46973781	0.000861363104511623
46975021	0.0118443790795818
46975301	0.000683223434912686
46976541	0.0328735430837521
46978440	0.000773231247917839
46980070	0.311786136578564
46982270	0.0283998080834637
46984350	0.00390806302185368
46987940	0.000757651483345857
46988401	0.000635248721436865
46989060	0.000662576792786531
46989491	0.000804714858497058
46991971	0.00359873125560071
46992500	0.000658542370248514
46992770	0.000755969339220794
47000510	0.0079094839467029
47001040	0.00455599675886572
47004200	0.000843519151169778
47006881	0.000762584414216389
47009211	0.00312008279312037
47013620	0.00557768218009115
47016661	0.00062098006976713
47016681	0.00471316487137184
47024920	0.0103428298019938
47025040	0.000697812489399688
47033781	0.00155296301638957
47043431	0.000807156802798807
47043510	0.000986288510855847
47047100	0.0361824963216762
47047370	0.00066728654155963
47050150	0.0185229085898103
47060060	0.0126613458501543
47061491	0.000666122402801532
47065570	0.0314250582878629
47068750	0.000764292966773474
47071940	0.00129396399264576
47074471	0.00100993407195334
47075411	0.0029945945579715
47075841	0.00104615826238685
47081020	0.00215120411011649
47081351	0.00755791234977889
47081481	0.00066994278424361
47082331	0.000715213363105087
47084121	0.00136053086515321
47086311	0.00355656526702338
47090051	0.00898080464509087
47093020	0.000669680501387414
47094191	0.000785379628754329
47095821	0.000981719121687193
47097160	0.00223282528761951
47097361	0.000676319902473129
47099151	0.00140825025845848
47103711	0.00090502760345366
47103950	0.000733891460967796
47104080	0.00448775175669766
47105501	0.0223389033688468
47107380	0.000960335374427088
47109761	0.00179213634143849
47110051	0.00392370216874561
47110690	0.000704631617406218
47111370	0.00113608306955362
47112190	0.00103207106584535
47113170	0.00274494613844831
47113611	0.0989874079283179
47113700	0.00081655040946383
47119510	0.00071240511833677
47119971	0.00517788684167147
47123561	0.00114354424801133
47124070	0.0487920754007059
47125501	0.00090616441559987
47127380	0.00542610105419053
47128811	0.00754226033818147
47129440	0.000696095669352088
47130191	0.000681536564967813
47130950	0.000673206310485628
47133611	0.000759382997103406
47134871	0.000739941514239816
47136060	0.00192423850585601
47136661	0.00101527809664246
47137160	0.0173969048764176
47137580	0.00214786323417454
47139421	0.00794693831980915
47139500	0.00383898326706301
47143630	0.00259510532051021
47144651	0.0202151944124673
47148750	0.0181842572495064
47149621	0.00117094478372311
47151691	0.262359043018624
47152050	0.00106521957445263
47155080	0.000706190271125316
47155250	0.0251267730802447
47158660	0.00136830696398091
47158731	0.001081680414713
47159080	0.00222053274925931
47159961	0.000675517558275867
47160620	0.000643911383769949
47160921	0.000827013036790898
47161730	0.0114369753745701
47163131	0.00066457598457303
47167650	0.000958259854314077
47169901	0.00120738403190797
47171100	0.000764804774209538
47175110	0.000626549754010692
47177970	0.000665602075294606
47179940	0.00230810205707612
47185051	0.0507630340183076
47186731	0.00602700825833623
47189720	0.000686066583349613
47189830	0.0160074568885303
47192521	0.0115409930464429
47193071	0.0159290365845607
47193420	0.485923435295579
47195971	0.00195070700588679
47199350	0.0019695353845563
47201201	0.000667415353847076
47203790	0.0017447667203893
47203900	0.00228339672762401
47204040	0.000851135653673374
47206000	0.00284382139794073
47207831	0.00159805960520729
47208661	0.00606970438498282
47214560	0.0071219629424004
47220630	0.00224586683755628
47221430	0.00173206414025393
47222790	0.00784516480900671
47224170	0.00784853231984786
47225180	0.000633672671888855
47225730	0.000801021998751985
47226520	0.00174497501675144
47227380	0.00107474798308698
47232470	0.00754725616436927
47233461	0.000800336114491221
47233730	0.00167394327228297
47234280	0.00251983186525776
47234690	0.000668829838164411
47235141	0.00361766271934203
47241891	0.0443237234435995
47242100	0.0109914716480949
47243391	0.000663990352401505
47243520	0.00126016095341106
47243671	0.00196951436707568
47247111	0.000671408377808824
47247200	0.0153826001827723
47247261	0.000697573493145346
47249000	0.00493619444245411
47250120	0.000640365885902093
47251801	0.0225362717334507
47252631	0.000883474135033134
47253030	0.00200246900262075
47253590	0.000785082712454669
47258110	0.0007336662550172
47258721	0.000724692710931733
47260070	0.000622470752468317
47261030	0.0147015136065611
47261761	0.000766906755007797
47262110	0.00278428225815303
47265071	0.0009458110067555
47268310	0.000657326267433664
47273290	0.000667415353847076
47275210	0.007040141590338
47277041	0.00188324098055665
47277290	0.0046133202643489
47277341	0.00204209763485662
47281820	0.000647020169829834
47283251	0.382297490373557
47283671	0.000739842402152209
47284730	0.00326061059735184
47288480	0.00220584580443802
47291230	0.00215102177808527
47293321	0.0136921783346699
47293690	0.000932487332504511
47297611	0.000757333085308806
47298670	0.00337109851400848
47302581	0.000661006692459658
47304511	0.000711643105320764
47306820	0.011158988179102
47308091	0.0205587013285213
47309540	0.000760728443263912
47309751	0.0101254507933971
47310981	0.000614365064347422
47314120	0.00660227196597162
47315780	0.0147377365579512
47318831	0.00211852310194804
47319821	0.00326367698068711
47321160	0.0014852018511619
47321300	0.00095270628086536
47325171	0.00090603937666806
47326141	0.000822709733169521
47327890	0.000608693505068779
47329041	0.000792752115636237
47329270	0.00299556095778235
47330270	0.000812438961774624
47332491	0.00179972273488407
47333150	0.000822816869954465
47334410	0.000711531390123757
47336300	0.00121821307322721
47338120	0.000951596207913291
47338161	0.00938265185647407
47338820	0.00750361087983746
47339650	0.00075836775434819
47339920	0.000852459843212257
47340491	0.00402853673926965
47347370	0.000808400610915809
47347391	0.00270536522323143
47349410	0.00704690088085964
47350841	0.000779981764903268
47351640	0.00238934316027137
47353591	0.000793960541018475
47356600	0.00130758186944156
47357290	0.000669740461214798
47357850	0.000624980840455082
47360911	0.000964108600574971
47361990	0.00094227493277934
47363910	0.000816504906803158
47365611	0.00406124332852121
47368211	0.00071595577322995
47369171	0.000712870183813401
47369710	0.000983121523638317
47370800	0.00608740838384062
47373461	0.000712073368623756
47374650	0.0106076723181392
47376751	0.000708109168804112
47378291	0.022219464199044
47378380	0.000717106946848915
47378790	0.00143943891935913
47379931	0.00307121609953713
47384631	0.00777379402367349
47386380	0.00977235862166242
47387490	0.0172634876878083
47390930	0.000659419665848435
47392030	0.000842307938965297
47392341	0.00201613601038727
47392491	0.00337489770203902
47392781	0.00083796794885429
47396170	0.00840956116784695
47399060	0.00199577477285394
47401400	0.000766737664322352
47401550	0.00137505528532803
47404160	0.00222089485052433
47406281	0.00447489090458176
47407460	0.00183471917525193
47410230	0.00708345758808665
47411620	0.00285877180904955
47415781	0.000697071278960964
47416901	0.00322541483486784
47417020	0.00591587251702917
47420621	0.000677443523938371
47421191	0.00231907809980779
47425960	0.000647653884224679
47426390	0.000743916370142716
47428211	0.00063514573142956
47431391	0.00153384806473501
47432621	0.00126098254787408
47433451	0.000974505259976507
47433830	0.0221433267004751
47434291	0.00146377248421521
47435651	0.00105092741384372
47435730	0.000775510744522787
47438780	0.000770701279207961
47439251	0.000714707724657513
47439360	0.00123749551504275
47442800	0.000641380901104796
47442930	0.000692502282944618
47444450	0.00229569394257517
47445250	0.00115240623048262
47447931	0.00219980357427811
47449430	0.092572302821564
47452720	0.00112248538990629
47456150	0.0698249424017651
47457311	0.000789935378696826
47460170	0.00110896926603657
47461451	0.00199853056169968
47466930	0.00189359852379817
47466940	0.00162443417623698
47467501	0.00377467744894191
47468830	0.000795933907722662
47470760	0.000790348534973601
47471890	0.0046742656055366
47474261	0.000648285480253174
47474370	0.00177092445951185
47475781	0.0364092655190718
47476901	0.00452794302674233
47478930	0.0019179156335415
47479190	0.00412499019825423
47480440	0.00177759227716771
47480881	0.314837277991964
47481390	0.00140264906296711
47481410	0.0020512465911048
47486100	0.000640354619131023
47486230	0.00616045630413412
47486370	0.0998999747763006
47487231	0.000657912841350347
47488741	0.0106988195069365
47489930	0.00352756676835289
47491210	0.00128635232948397
47491371	0.00194843366502741
47492040	0.00534610706498764
47492180	0.0273307151495501
47493311	0.000660779341901195
47495460	0.00168085067009459
47498940	0.00068299068889832
47500751	0.000950440089925336
47500830	0.00213953677056575
47501151	0.00101479913030899
47505851	0.00292673890721913
47506271	0.543768410314375
47508051	0.00298318859218339
47508970	0.000830869387113392
47511900	0.000856572399349229
47515170	0.000629683155644099
47515931	0.000840100062154062
47516191	0.00220712859891845
47518360	0.00201238269847898
47518480	0.00220292872750998
47519450	0.00497308669710165
47521031	0.00335106997987045
47524160	0.000673731765643213
47525981	0.0102594492333353
47526070	0.00122751350468336
47526910	0.00444585548653117
47527750	0.000632680452879743
47528611	0.00102822862368264
47531651	0.00112302881726058
47532840	0.166362682631379
47533410	0.00621907011396389
47533680	0.000944967045537247
47533940	0.00553072074706164
47535060	0.000798436193383455
47537690	0.00911257106253384
47541680	0.0109323605329656
47544040	0.000796180141601365
47544211	0.00101724615869837
47544341	0.00153571435361029
47556580	0.00068132730821069
47564731	0.000864987759147047
47564741	0.00101215978721513
47569540	0.0026817136927306
47570070	0.000656793988678703
47571040	0.00605714986443258
47572450	0.0017697631548581
47582551	0.0279783514536554
47586801	0.0463295008437068
47590531	0.000892782000805802
47597100	0.00063624359888838
47598350	0.000880637883741094
47605581	0.00116251599091702
47607450	0.000850604692058376
47607990	0.0473914733580952
47608990	0.00229188281371824
47610261	0.00106519372371361
47610401	0.00533548280987651
47612061	0.0948840661770297
47612331	0.00288144359688164
47622210	0.001639140830373
47625151	0.00242463714181487
47625561	0.000807562096963185
47626340	0.000882313449485569
47630480	0.0022145784635305
47630770	0.000686503849602253
47630951	0.00162171162706034
47632820	0.000909757537494275
47633130	0.0057926023397026
47633161	0.00238639423409186
47633920	0.0256128500033428
47635320	0.00735189165228097
47636280	0.000796787198081136
47636580	0.00126593125031368
47637281	0.00254529352628449
47637421	0.000675607559697925
47637991	0.023262874843488
47638190	0.000710487420236911
47638470	0.000789386369283184
47639300	0.00135981492008432
47639860	0.0050616076851492
47640020	0.000714146910350758
47644440	0.00170106891836135
47646610	0.00342605889331152
47647330	0.000838930877525404
47648260	0.0069792417300829
47650801	0.00175634171053654
47654261	0.00120077182693566
47656260	0.00247638102157662
47660731	0.0274640017886737
47661561	0.013389799840087
47662330	0.00700751467855861
47663190	0.000935744273086318
47664461	0.00331473707276867
47668680	0.00206830576994015
47669370	0.013422875362352
47670261	0.000652075266161108
47671081	0.00203042974816938
47671300	0.000702183311474573
47672680	0.00166191396573772
47672871	0.205350476054641
47674261	0.000626628028076078
47676290	0.00174446372625222
47676881	0.000910783510893277
47677271	0.00460583885936886
47678090	0.000626375885382927
47679150	0.069139335000571
47680280	0.0472689677042958
47681780	0.0526898320301154
47682740	0.000769441911695803
47683840	0.00162954555612808
47684430	0.000698641415376744
47685151	0.216349161441462
47689011	0.00519704572469186
47689950	0.00114487012602279
47690610	0.0206865347839694
47693660	0.00234194219457024
47696550	0.00188043041720573
47697360	0.00521042821991911
47698921	0.00091452017945217
47702760	0.000787563442436631
47702791	0.00369041325214573
47705271	0.00274621361760637
47705561	0.017915524527151
47706080	0.000664999171645723
47706941	0.000806007289323987
47709510	0.000630992192953191
47714241	0.000685700710066408
47716680	0.0103809388502231
47718080	0.001476824984729
47721630	0.00211281539959489
47725640	0.00141489250475316
47726791	0.00171973313315334
47727840	0.000793679886838967
47728181	0.00240578677221428
47731061	0.00312403659199994
47731970	0.00136776040683756
47733240	0.00836870879420618
47734880	0.00202827006236923
47736960	0.0023736254421561
47742080	0.000602807101325309
47743870	0.00149694365988735
47743911	0.0100896387276037
47744260	0.000708095428703933
47746340	0.0486238135445662
47748991	0.00084780417787684
47749110	0.00064099851795383
47750521	0.000693848998649267
47750770	0.0567047354672955
47752250	0.144723199340451
47757520	0.000860115492065286
47759580	0.00340130542324162
47759600	0.008663250497801
47761910	0.00233101003520675
47762180	0.0024068676725017
47763710	0.00102521360237306
47763970	0.00216624949214225
47764311	0.000650278856281313
47765650	0.0237826147492224
47767280	0.000757195838114782
47768530	0.00279225571092363
47771180	0.000969919221763302
47771710	0.00405889943805604
47772700	0.0011453462142182
47774241	0.00101190521201532
47775601	0.000759770994751309
47777250	0.0292966870571058
47778381	0.00268102322951073
47780581	0.00216641038350995
47781780	0.000676563014769837
47782070	0.000619761443829863
47784120	0.000637884795374825
47788130	0.00131309056194321
47788171	0.00076446426348827
47791461	0.00176929850440235
47792800	0.285640239458926
47793080	0.0012167286710562
47793940	0.000745515493742818
47794060	0.00650363627958863
47794480	0.000845172129863123
47795570	0.0025664746107285
47795840	0.00417354241319622
47802221	0.00691696068190634
47802911	0.00081515069353942
47803320	0.000798212134056098
47803450	0.00147132278491989
47803570	0.0408771209649345
47805951	0.00204575107886546
47808151	0.204822741975077
47809691	0.000706015967272238
47811430	0.00235871666303458
47812420	0.00162769030586625
47815201	0.0256166207867163
47815420	0.00391949336471108
47815720	0.00672089606537416
47818911	0.000871525217641896
47819290	0.000670365283618181
47823980	0.00105672562143843
47826200	0.000813737373531501
47827160	0.000710789758019207
47831040	0.0045132058261077
47831061	0.00131747803412066
47838860	0.00103440962508927
47839201	0.00267522878455637
47842070	0.000857235920675049
47844991	0.00234727893363188
47846351	0.000687109612902842
47846450	0.0082882106746063
47849541	0.062397365360745
47855550	0.00467498049381131
47856130	0.000745022235242327
47857630	0.00759659912517911
47857910	0.000736002570531994
47860031	0.000690872138692446
47863030	0.00216539357800236
47863601	0.00468286781139966
47864510	0.000658903063084482
47864790	0.00241545035802525
47865551	0.0303861976661536
47869790	0.000920919722530285
47870491	0.000811883605495335
47870651	0.000664517080283532
47873230	0.00334873675647267
47874200	0.011835189248809
47875310	0.0349076383243288
47877401	0.213474313987198
47877411	0.0013659199236888
47879051	0.00108430056299756
47880510	0.000852799962653376
47880701	0.000733031566651209
47882160	0.000714163453670125
47883420	0.000620678466825435
47884711	0.00368000940858781
47888691	0.000714460704153996
47892230	0.00269827484132838
47892380	0.00351124391376736
47896851	0.0048282541285948
47898351	0.000774818235548885
47898470	0.00070345994219271
47900421	0.0016640001352009
47901080	0.0015829956014748
47901470	0.000853389913685571
47903170	0.00130333615753096
47903990	0.0010954062799984
47906160	0.0132597540622272
47907451	0.00154743252662044
47908670	0.0011187208557057
47909381	0.000777173024183775
47909521	0.194384745083155
47914170	0.0111260206340015
47916991	0.00157549828800788
47918740	0.0141329443539599
47919820	0.00131590594939422
47920940	0.00939804744945717
47921090	0.00792550685260225
47921510	0.000784812035451194
47922160	0.000670789835096604
47922750	0.000751264207994229
47922870	0.00526105702390488
47927461	0.00440272719459928
47931000	0.0189223165253777
47932301	0.000979191607007903
47932820	0.00301597099987698
47934300	0.000760433452469035
47935400	0.000904431174258656
47935810	0.00204369396466611
47936831	0.00171352481096881
47937651	0.00458723871906399
47945941	0.00304567543303865
47947311	0.00088502943284945
47947710	0.0672001299459371
47948141	0.00376104512878304
47949220	0.000609075884721334
47950470	0.0749865218532232
47951051	0.00127695912372869
47952831	0.000774179494007124
47955700	0.0730412096020737
47955840	0.000695617696096641
47957121	0.0740643371185812
47959731	0.0054239770574373
47964571	0.226318035200432
47966180	0.000763646199027782
47966740	0.000659481723029825
47975301	0.00062107387657924
47976240	0.00824337385025811
47976510	0.000866686427165617
47976920	0.000845775415674849
47976961	0.000766719187319903
47979290	0.000669226557071771
47983120	0.0133309899005111
47984500	0.00134458545744101
47986761	0.00163571764611181
47988240	0.00185237056342196
47989900	0.00201641589307351
47989910	0.000664211340377941
47991160	0.000899163161450961
47991601	0.000687780156361117
47992770	0.00146520305458127
47995830	0.000720705110209998
47996630	0.000968888570360708
47997261	0.000845001309075267
47997391	0.00328798590546886
47997500	0.680837608076515
48004930	0.00165233907779394
48007000	0.000695268888814513
48008141	0.000727143740905453
48011810	0.00278153257822803
48012961	0.00174195035476629
48013630	0.0143726266779992
48016001	0.00258388912141521
48017231	0.00184143699367569
48019670	0.00101146295298111
48021521	0.000821759353102053
48023181	0.00507775455927642
48023311	0.000673768598006976
48026560	0.00740837706263948
48033900	0.00195075533737138
48037340	0.000702217505288295
48042631	0.00837763232087756
48043280	0.0773880339767478
48045371	0.0236711689689744
48052011	0.00130527708796158
48056971	0.0495551029638119
48068650	0.0465758222430533
48078990	0.00505102408065846
48093450	0.00465569934259052
48094601	0.00420482757929624
48099270	0.00153405570849476
48100141	0.00844614787996279
48101730	0.00105164740666457
48104620	0.0887895109024281
48106430	0.0199680035992577
48107701	0.00987768357826015
48109651	0.000717346262350028
48111021	0.000902711333586001
48111120	0.0016789264769164
48111400	0.000677329990578102
48113040	0.00487203639694134
48113350	0.00161839129077586
48114871	0.0161476473650302
48116500	0.00140434444901933
48117340	0.00097152590203984
48121241	0.00108398813621911
48127400	0.000699660742795102
48132380	0.0783438709544341
48132500	0.0021096799276359
48134030	0.0036149665868872
48135250	0.0217658530154894
48137180	0.00101526847128517
48141371	0.00286046252806551
48142560	0.00610175335244542
48143120	0.000785950682098408
48144890	0.00487970962563034
48145221	0.0011430116528751
48145730	0.000836862079353499
48148531	0.00070092446289343
48149590	0.00078523684156122
48153170	0.00781237678615216
48156391	0.00412530332461241
48156760	0.00249808744025534
48158700	0.00141412296855761
48159230	0.0016149695620264
48161091	0.00071958139191602
48161101	0.00116253500652722
48162560	0.00100417974143614
48164271	0.00075317906490136
48169180	0.000744578539522303
48170440	0.000980213610120243
48172930	0.000735372263779045
48174860	0.0259084588154652
48176240	0.000800531732397984
48180681	0.00299885500235841
48181160	0.0698249424017651
48187660	0.000824203842474683
48188360	0.0235164967347604
48188391	0.00116415035721246
48190150	0.00083187698757893
48193180	0.0162016848347727
48193460	0.00657326160492652
48195380	0.0123167575684716
48197190	0.000763486997050462
48197781	0.000630493053019537
48197990	0.0019855929880888
48200070	0.00337968192262675
48200080	0.00106973539976214
48201720	0.00345058339080264
48202061	0.0017557910538762
48202840	0.000657883739406532
48204251	0.00386246674918211
48207161	0.0007822970697927
48208090	0.0246835496912721
48209050	0.0685959076964093
48212080	0.00153536954173944
48213440	0.0132259315994617
48213470	0.0109861325931296
48219831	0.000858440733744294
48221590	0.181405140609392
48222700	0.00120863041797463
48224630	0.0158646385593402
48225060	0.000691040798852324
48226440	0.000913767882768767
48231230	0.000765716433906756
48232050	0.00203104262741301
48233091	0.000764459267960655
48235551	0.0013487628836994
48235670	0.0024473113424441
48236920	0.000682982468902064
48238051	0.00075056802276572
48239001	0.00220701156332149
48240951	0.000697335973389116
48242871	0.000982301903422089
48243130	0.00151340005981316
48243991	0.000635822455923133
48246430	0.00609206311854202
48251920	0.00228680955806386
48260210	0.00217331765677102
48263571	0.0117935512027674
48263971	0.00221451467156319
48266420	0.0136289090506388
48271981	0.023438037225593
48273071	0.000951361994061941
48275821	0.000776078696352238
48275940	0.000714833445862759
48275950	0.000878661823601565
48281020	0.000732387565726219
48283260	0.00103160574513879
48287370	0.000871651852600041
48288121	0.00104546961741835
48290690	0.00208141721506887
48291240	0.000852391388500395
48297891	0.0290825649847858
48300210	0.00068043148799658
48300381	0.000710857183797291
48302000	0.000659037711740296
48302540	0.00110764769292986
48305761	0.00304198923360142
48306861	0.0113030379696448
48307100	0.00751390338850137
48307520	0.00570030860469401
48308371	0.00788781808779835
48314800	0.000705073355694988
48316231	0.0009620584885204
48319370	0.000672513952243278
48320511	0.00402617835280468
48320791	0.00122830940730998
48322591	0.00154473394974898
48327141	0.00095117358989337
48327250	0.0315097315756512
48328620	0.00256190980931958
48329580	0.000705877436221685
48331790	0.00249358584716584
48332590	0.00282587355654966
48332620	0.00215250417542516
48333430	0.000950080256254302
48334441	0.000818730416828253
48339421	0.000882290937254559
48341351	0.00247541211307847
48344040	0.0016312668842673
48344501	0.00107192785641494
48345020	0.000836430268954267
48345600	0.00637908540541928
48346250	0.208432061948007
48346301	0.000664848206094032
48349170	0.00109710615975963
48349280	0.0015687712464161
48350410	0.00160160011621399
48355380	0.000623581180009988
48355541	0.000839385194330373
48356091	0.000975234192205598
48357430	0.000686673560569009
48358260	0.000671771150105774
48358660	0.00281805932073327
48360791	0.00292404216467705
48364060	0.00354728963739636
48364371	0.060607528848776
48368251	0.00315320691314627
48369010	0.00318682921173003
48370581	0.0461887726527829
48371411	0.153362655753988
48371520	0.000739717656616942
48373730	0.0121103909494768
48375510	0.00208056751796097
48375920	0.00184288527938519
48376630	0.0223609023909686
48376791	0.000944236708933077
48377170	0.000778297151269563
48377481	0.000883857529851824
48380630	0.000914532957284737
48382441	0.00104808315316352
48384900	0.00127165775611118
48385491	0.00217150642262561
48390011	0.00392801826782119
48390280	0.00286626737145385
48391411	0.00567546761502564
48391660	0.0378593210024277
48394250	0.0006223015443527
48395671	0.00073431365490698
48396470	0.000697575085946223
48397751	0.00193197716615654
48397830	0.0021807023241611
48400490	0.0022578799624596
48400880	0.0183406784137598
48404750	0.000858195714481032
48406171	0.491362023744157
48406380	0.000692458594242335
48406540	0.000756053513906888
48411691	0.00668759489166639
48412210	0.000615053201467107
48415510	0.0010301476943456
48418280	0.00217655702970797
48422970	0.0193827051458625
48427121	0.0030868992614784
48430861	0.00291043183487792
48445820	0.000710669822722802
48457690	0.00211125170196419
48462800	0.00262458779005832
48468631	0.00242193909464399
48471080	0.00149849749948368
48474421	0.00406143228201928
48476620	0.000733581587069456
48477871	0.00184779491286376
48484491	0.00355661682716226
48490510	0.00157938207721282
48495350	0.00511529418869805
48497980	0.00809917828711822
48500160	0.00208651799185693
48501990	0.00091287268241855
48505290	0.00109010833216847
48514370	0.000688655463983282
48518540	0.00526990216213485
48519770	0.0101679438449942
48521810	0.0163595511035106
48527111	0.00230091207730388
48535740	0.00118450920558203
48536081	0.00198299522667014
48536330	0.0361554430310328
48536430	0.00189208943418137
48536740	0.000644171909500802
48536980	0.00305250904029805
48538151	0.000814105549243811
48539490	0.00229506137009953
48539630	0.0317168850402168
48550090	0.0025532340396747
48553120	0.0271276316426062
48558510	0.0025807009390573
48568481	0.00968130017610688
48569830	0.00573976845307155
48578011	0.0357522389608072
48580860	0.0019971127425051
48592911	0.00173363366792395
48593570	0.00177157148274905
48594981	0.00083552779634693
48595671	0.142365176484537
48596160	0.00086603376108556
48596590	0.00251595429554716
48596611	0.0148300108693368
48597181	0.00110175804153341
48599620	0.00102945398611339
48606541	0.000858770566323807
48608040	0.00779611617683349
48608050	0.000769352091158003
48608450	0.00335561501751136
48611880	0.00322440632999879
48614770	0.0222133597399471
48617031	0.000651602339398581
48621660	0.000876087539851574
48622561	0.00638852451458135
48623180	0.00105562424791812
48625690	0.00113587089321112
48627050	0.000929210337345352
48627521	0.0686205862386325
48627531	0.0126698527121239
48634421	0.0025230390616819
48637660	0.00166762151142373
48639091	0.0255770307803743
48641321	0.000640589596312393
48642800	0.000870663848641453
48643190	0.00093082595778161
48647361	0.0152726324849496
48647450	0.000763456534676044
48647730	0.00201391313727822
48648751	0.519386492383763
48652580	0.000802626238223032
48653041	0.00206043570522555
48653260	0.472190201558525
48658261	0.00193634405139578
48660710	0.00211943867928157
48662250	0.000670872528115398
48663911	0.000668345079790628
48666660	0.000679769661093827
48667170	0.00123092864812141
48667180	0.000882258744357065
48667190	0.000850410946631497
48667760	0.00447789757204343
48672180	0.00642957346708114
48674790	0.000760666691777967
48675241	0.00101212900168926
48676751	0.00127578248928687
48678360	0.00453390048364233
48685120	0.00073711146090507
48695490	0.000745698492369945
48696601	0.00140125430621045
48696871	0.00130214510217682
48698100	0.00092126812788089
48698380	0.00185374502070147
48699880	0.00517584505028305
48700321	0.000970079402600944
48704191	0.017267723174169
48704430	0.00397011841605748
48705561	0.0504080558970675
48706350	0.000624656464796321
48708211	0.0110764010531391
48708820	0.00064730992714258
48709441	0.00161505309150326
48710490	0.000730466331446529
48711521	0.000936102846357362
48713530	0.089261107188121
48713991	0.00151312906963615
48715030	0.000762149513023349
48716191	0.000743530373263331
48726520	0.00358674215842711
48728191	0.000910324360605236
48732960	0.00197252824981705
48733930	0.000811836233327836
48742370	0.140993675057331
48742821	0.0128366185241685
48743620	0.362412999557832
48747371	0.00200810063973212
48748710	0.00323307873572516
48751340	0.00100290233232038
48751921	0.000736964178718057
48754681	0.0142654876066083
48761831	0.00304316129749339
48767180	0.0109216877711833
48770801	0.00697956142463082
48772191	0.000849852072003682
48774931	0.0351510164328579
48777301	0.00116859847683341
48783460	0.000846292829892477
48786931	0.00303836413052813
48796540	0.00185604318588439
48822470	0.00575264356474148
48825281	0.000989296253382827
48837940	0.000905096131012984
48838261	0.0166969352906782
48840331	0.00502214113797584
48851160	0.00237030464432154
48851450	0.0026627807928904
48854261	0.000947100334278361
48854330	0.00112215614063727
48854521	0.000642326004651285
48855020	0.000637310266415663
48856700	0.00406376771128727
48857510	0.00074599302893537
48858090	0.00356216841002259
48858350	0.00521084525001129
48860980	0.00173253564129743
48861961	0.00110479026350498
48865001	0.00094465633044397
48865390	0.00766019813140413
48866060	0.000705725239237418
48866350	0.0125226827860136
48866671	0.00210933085057291
48867341	0.000663964464894888
48868430	0.25563068859691
48869561	0.00945620852804225
48877981	0.00200842142148369
48881691	0.0332250982723724
48882340	0.000980125533543887
48883880	0.0022622574265963
48885411	0.03731710786428
48886671	0.000705283042902832
48886921	0.00181847976831122
48887150	0.000895446342998216
48895341	0.00309296977785692
48896540	0.00176040052797171
48896960	0.00337267231127856
48897500	0.00215676743692533
48897681	0.0582499710837654
48898381	0.00146861899588695
48899331	0.00131187502270717
48902801	0.00303132201918046
48903331	0.00117683103624372
48904731	0.000624089594853179
48907191	0.00819963952403891
48908150	0.0027565383157412
48908171	0.000984173856061142
48909490	0.000850754763753253
48912970	0.00154478625502446
48913500	0.000860791309230678
48914080	0.000826279802106981
48918340	0.000904534471426887
48919580	0.00117500278181459
48921421	0.000760490875835446
48924670	0.00243831569483893
48924680	0.018447196145619
48924820	0.00072457173964499
48928021	0.00087551221698139
48928950	0.00144190903259415
48928960	0.000623249840156576
48929930	0.000962244748795824
48930740	0.000714945718273073
48931140	0.000776949504253318
48932280	0.000917803184276993
48934760	0.00405373207621757
48935560	0.00335980241565252
48935840	0.00100748764000874
48937500	0.00165336047991798
48939341	0.00233416438243822
48940301	0.00073613021481424
48943440	0.00333990316890946
48945131	0.00182024814039097
48949281	0.00350901573630455
48949380	0.0084910322431675
48949551	0.000697264585981104
48950350	0.0013564488809152
48950371	0.0013859201078786
48952581	0.00104610856457507
48955901	0.000842715750717285
48960700	0.00130754412967166
48961001	0.00845871488658931
48961121	0.00167294793976798
48962050	0.00113008619682795
48963860	0.000658728615591843
48965510	0.00146550491507585
48967621	0.000763742139147634
48972000	0.000821969426762459
48972520	0.000867136537866142
48974371	0.000705443950682441
48976581	0.000731155224232595
48977281	0.0199944066812861
48978521	0.00073407336802541
48979751	0.000908204242000207
48982371	0.00367090935632188
48983140	0.001633406507804
48984431	0.00153477202091109
48986860	0.00164004763641818
48989360	0.0014100864497628
48993220	0.000636911223894741
48993951	0.0973823320959778
48997271	0.000743687886153222
48998091	0.00543884986056232
49001770	0.0554125773708038
49001801	0.0039864725593331
49005480	0.00291134486338765
49007071	0.000624896487524071
49010651	0.00108754896954341
49011130	0.00421671035546946
49012240	0.00483629699233309
49016270	0.14094242310093
49016690	0.00187685480693172
49016950	0.00195002831858686
49017111	0.000759720760262003
49019150	0.000683246072725944
49020171	0.00079207661710656
49020940	0.00975496566713195
49023071	0.00163811685030146
49024410	0.000642961604775224
49026241	0.00593347603258026
49028431	0.0051827850478113
49028520	0.00067240603851663
49029411	0.000712945300652704
49032000	0.00337031120129666
49034231	0.000932745027215433
49034241	0.000654241613867709
49034351	0.0308302211223241
49035321	0.00063294749408961
49037480	0.00281976484952472
49038050	0.00344605528999624
49039191	0.00143557524441559
49042310	0.0134668089931578
49043580	0.00843160212656868
49051710	0.00666642198643999
49054501	0.00112680738060923
49055331	0.00178861826268867
49055410	0.00134359970916646
49059150	0.00146896659236072
49063960	0.0333187846704616
49064410	0.0305812460144576
49065610	0.000876982493167355
49066730	0.00360597098548621
49066890	0.000685190244162425
49071710	0.00407237900334034
49073330	0.00220665737493941
49075690	0.000731329110753378
49075950	0.0112323621415982
49078310	0.00952158154257056
49078371	0.000708986006039823
49079201	0.000921136313935631
49082771	0.00090720612133125
49085811	0.000697491387292228
49085951	0.000794347709830759
49087000	0.000613093329040597
49090890	0.00105857081271127
49097791	0.00732883876274825
49097890	0.000746698682498319
49098310	0.0013715077329066
49098481	0.000690247124368982
49102300	0.00189791225970174
49103020	0.00260982225606135
49109760	0.000652618069303323
49111191	0.00140252362061449
49111471	0.0010471770413356
49112831	0.00063726303426606
49114460	0.00105740140109839
49114621	0.000969865880751061
49117740	0.0030543906058025
49120701	0.00515596484205102
49122921	0.00101413963975111
49127680	0.0011065676896673
49130310	0.00115272839508688
49132120	0.00134586729957432
49133671	0.000688081606514932
49134071	0.0161100550111849
49138501	0.000785036649479536
49140790	0.0084198390867254
49141941	0.00365815472869003
49142221	0.00126361115428013
49148141	0.00192919673164137
49149880	0.00307014782528681
49154330	0.107620896872311
49155280	0.00416048828725161
49158501	0.00337840818927414
49160500	0.000783507202267594
49161671	0.0252640668466624
49161951	0.00202942005936288
49163540	0.000622503269876902
49165190	0.00115586858705328
49165870	0.00072024472247836
49167031	0.00101033799476399
49169921	0.00227230181837519
49172670	0.0025127826504723
49174631	0.0020863643833853
49177111	0.00228876932674365
49180080	0.00393865365579444
49182310	0.0748617876346756
49182491	0.00704688091203208
49182840	0.000850378077314353
49186471	0.00135546546141757
49188670	0.00128161491316313
49189091	0.00136946357840256
49189391	0.000628565128787136
49193870	0.0688282170559482
49196401	0.00116551483524906
49196640	0.00331604341762746
49198061	0.00222465260946986
49198320	0.00140515224639113
49199270	0.0016833857933453
49207301	0.000890172419636632
49210970	0.000798901104223685
49213470	0.319495546668772
49213760	0.000735269970294579
49215410	0.000882211987735987
49217531	0.00295800381620697
49220100	0.00192504389081488
49220350	0.000661424147991049
49221251	0.00349341384804334
49222430	0.00567994118004741
49223851	0.00309066526731611
49227820	0.000840864950329111
49231431	0.000650276330576573
49232961	0.291930595595461
49236910	0.000682779688183801
49237921	0.000807490478270833
49238160	0.00101165918246789
49244141	0.00265791646970984
49245661	0.000698924339251791
49247140	0.00522078120001297
49247400	0.00356310950764868
49249490	0.00228378263779445
49253050	0.0195044621702277
49258150	0.000866737316659133
49258710	0.00120195760409643
49261170	0.0035880837131542
49262331	0.00174396645529615
49264210	0.00306212322224855
49267031	0.00239009402317035
49268831	0.00306095244735717
49271670	0.00551952443567811
49272340	0.000640148827116188
49273101	0.0671444894612632
49274140	0.00301718525208292
49274990	0.00883925854947006
49275280	0.0029273088328194
49281170	0.120121728585773
49286040	0.00331438683501202
49286410	0.000624962661399618
49287650	0.00210972044123737
49287981	0.000848494075512932
49289600	0.0543414726958487
49292070	0.000742035563677387
49292811	0.0008195636551004
49293091	0.000754077085334887
49294450	0.000609583877804819
49299021	0.00410488842065535
49299721	0.000845065553279004
49299790	0.000852759842612872
49300490	0.000646986863520044
49300541	0.00135744970279303
49301361	0.00115508956662391
49302560	0.111996448318999
49303250	0.000665707078914513
49303841	0.000626703536177813
49304821	0.00171300162839599
49306471	0.00276091332484864
49307650	0.00116990371299389
49308531	0.0018171102678054
49312671	0.0250204512337991
49313330	0.135628324355816
49315981	0.0347109330972284
49316531	0.0290740674875274
49316541	0.000620843107310165
49317221	0.000681280970586783
49317300	0.000716932431411236
49318270	0.00173373675128432
49318840	0.017197144909639
49319810	0.00545017258584679
49319940	0.000689532869953609
49326341	0.00481555281522956
49326840	0.000769294881880633
49331141	0.000725811630021088
49333641	0.0139795003756585
49334041	0.00310447395952322
49335581	0.0022282867536384
49337440	0.00439044089773855
49339100	0.000744820639453684
49340531	0.00199175697603182
49340551	0.000672671978581278
49343090	0.00342240959645287
49343861	0.000628378191394419
49344210	0.000755689988122223
49344620	0.00196762746322111
49345850	0.00220237859368701
49346331	0.00834196756194348
49347561	0.000761043138928356
49348411	0.00477213935438977
49349771	0.00164641832847297
49350170	0.00172422873975607
49352111	0.00409903742570822
49352240	0.0049129086483247
49352671	0.00130352950286895
49353190	0.00106583949752226
49354160	0.11029982048043
49359790	0.000721147943997831
49360900	0.00506443651594523
49363120	0.00370810671504277
49366150	0.0237835036086542
49367110	0.00394914314948496
49369160	0.00223339838820408
49370580	0.00155935030356415
49371670	0.00106359953588301
49372060	0.000824802925566577
49372330	0.00252033691550678
49372671	0.00881172814371589
49374751	0.00199104521707622
49374970	0.00160508718592196
49375090	0.00137642368209137
49375390	0.000664259546038671
49376671	0.000741812897876825
49378280	0.0137655985061155
49380210	0.00146352368423679
49382960	0.000960366212815888
49396811	0.000650368402006295
49399370	0.00397420676140077
49399991	0.120375177826306
49400241	0.00371103643685924
49400261	0.00215412243150986
49402140	0.000999908700683115
49405290	0.00174610579447949
49406560	0.00213424155075277
49407151	0.00511029533870597
49409190	0.00196773035743959
49409290	0.000737971509773935
49415281	0.000953234077813412
49417440	0.00369442403673638
49421590	0.000863294350604026
49422290	0.000753015742416827
49426581	0.00127487028880616
49429180	0.00077856706876444
49429610	0.000722156981156335
49430570	0.00123695058228914
49431390	0.00157173136998156
49437740	0.00322607010616164
49437880	0.00178931838688012
49438020	0.0106380372026291
49439561	0.0359666720328375
49440060	0.000899903351903496
49445081	0.000725657863101683
49446721	0.00320559618996892
49451220	0.00352693948309577
49451800	0.000616655745061496
49457201	0.000946896142681274
49457481	0.000852088328286432
49458290	0.00151791012874443
49459630	0.0317471425151765
49459800	0.000654428603064663
49460760	0.0119040293223863
49463490	0.00224883252692489
49465061	0.000915505172825384
49466031	0.0386302318250844
49466311	0.0382152712470075
49467930	0.00339767618519757
49471401	0.000609105333416596
49471691	0.00106763109373388
49472111	0.000677724964690193
49472210	0.00110733998383969
49475971	0.00145252794134733
49482550	0.000814715298638254
49486311	0.00247354485382612
49487080	0.000649819103447445
49487421	0.000873662797001932
49492651	0.00070166170441119
49495900	0.000783179550357446
49496381	0.00139491781117065
49497010	0.000762536469385875
49498140	0.0288831180176794
49500350	0.00101750506024858
49501061	0.00169526506479215
49502431	0.000731570538561419
49508651	0.00267345455076331
49512190	0.00179427851217728
49512470	0.0007026473612006
49513881	0.00168568310947908
49515390	0.0018347927004911
49517590	0.000820936725449524
49520521	0.000650271567440095
49520921	0.00144274243552765
49525191	0.000716788014039524
49525601	0.00427674377947427
49531620	0.000822814104321786
49531671	0.0748186245435233
49534830	0.0387956221487456
49537901	0.000672504119742471
49539240	0.000700812343226097
49540890	0.00198869419576114
49541201	0.00139542073301233
49545051	0.000772750921748328
49547630	0.000627830162333904
49554400	0.00215191783747399
49555360	0.00141467147437686
49555630	0.00480692574554327
49555681	0.00629444718832571
49555811	0.00208785417603922
49556231	0.0197783116548624
49557621	0.0026044855175043
49557690	0.000755274391895014
49559951	0.00108879517751409
49560631	0.00092771999383077
49560740	0.011297579770052
49562660	0.00102685899361633
49563340	0.000697123686881873
49563500	0.00358586201564865
49565351	0.000644672116514978
49566560	0.0258082428223371
49567121	0.00609875281532326
49567141	0.00395881017411496
49567671	0.00101799736560484
49569710	0.000626131369002377
49570250	0.000689263674829082
49570270	0.000693511076677427
49570940	0.000799461642718959
49571490	0.00190278514689135
49572310	0.0010599539000055
49572480	0.00298265675773271
49573970	0.00205681825173639
49576200	0.00405412470457194
49577481	0.0479316365515739
49578280	0.000882216581947452
49581461	0.00155738284307005
49581860	0.00109262149037069
49583531	0.000761873639260149
49584460	0.000683380525974538
49585051	0.000734059174167183
49586390	0.000819336217141359
49586670	0.00160780144248845
49586991	0.00482916320605968
49592330	0.000619080115447067
49592740	0.00390661504632431
49593440	0.000778193439814792
49595760	0.000711823497139526
49595790	0.000622678547898084
49596060	0.00114703559068056
49597150	0.00216407651610458
49598151	0.00645513916842246
49598400	0.000719555231018698
49598520	0.00148959689724846
49601181	0.00370181088038542
49605611	0.0010849753402472
49607500	0.0800544986793246
49608860	0.00250482555760434
49609680	0.549546212442477
49609980	0.00125064620912037
49610800	0.000819657515279653
49611131	0.0859226973789877
49619411	0.000702306937033629
49619620	0.0302606608991379
49620340	0.00116639777613554
49621990	0.000660855117487314
49622940	0.00196539946721182
49623480	0.000824531382914692
49624310	0.442710868300961
49624750	0.00186605768467227
49626100	0.000698030845496343
49626571	0.000632192450432717
49626790	0.00797860527131106
49628361	0.00065151342464103
49628921	0.00460767087181441
49629550	0.00411054283150971
49631230	0.00247902222151862
49633300	0.00157192653851086
49634161	0.00134887248450938
49636040	0.000667253302193984
49636470	0.00229883225879291
49636990	0.000667121419549063
49640351	0.00217639531447341
49641430	0.00289536374646438
49646650	0.000688486091862105
49648740	0.00145542422137019
49651401	0.0123233888249881
49652480	0.00077191486780957
49653601	0.000644376784076566
49653960	0.000827985779269569
49654540	0.000833643880369296
49655391	0.000679417703800629
49655470	0.00241793973137067
49656460	0.000921612446396924
49659531	0.00698971060325195
49661280	0.000706272614689136
49665311	0.000636790208151235
49666130	0.00183521493251091
49666230	0.00101633401958179
49666780	0.00177490042657931
49667360	0.00141110804608313
49667811	0.000717451037202787
49672761	0.0240501887636873
49674960	0.000980756989111962
49677570	0.00200848428261266
49677820	0.00120192851164105
49679821	0.000739416592088476
49680761	0.0025065903290282
49682680	0.0167251214922682
49682691	0.000905347172844585
49683370	0.00065157120500922
49684020	0.000668290067539208
49686250	0.0119174031744725
49687880	0.00101168021460773
49688310	0.00368173665533969
49688371	0.00621230878801325
49690400	0.00410505433202397
49693830	0.28157898264678
49698260	0.0156151609247083
49699090	0.00149443590454422
49702640	0.0211967328061111
49703661	0.000626785290471914
49704460	0.000647294469796855
49711521	0.000650410454710037
49714011	0.00121193230169501
49717670	0.00100595857604999
49720751	0.000701521467156094
49721700	0.000974153949872851
49723241	0.00309798271821872
49724150	0.000718222359587565
49727470	0.00207261319581513
49728300	0.000695275603942891
49729280	0.00331105299459551
49732351	0.000940768149820272
49734240	0.000690741335270624
49736590	0.00355967699625189
49737420	0.00147463739471771
49737540	0.0122488647665462
49737991	0.000651463937104006
49738100	0.0032298424139658
49738770	0.000671661731832106
49740501	0.00107178448967566
49741290	0.00146934088590449
49744211	0.00181892558236521
49748221	0.00220314046375479
49749581	0.00443489424367672
49750120	0.000818529350436568
49750790	0.17116449785901
49751791	0.000904168065099049
49752081	0.00948889876761582
49752491	0.000783329764685715
49753530	0.0248210817780469
49754240	0.00199174693952177
49754961	0.000789817993318728
49754981	0.000717995709480254
49755381	0.00161439356250806
49757670	0.000790313165932878
49759340	0.0023836245723526
49765430	0.000632377526210823
49766220	0.0023675470033939
49767350	0.000875651698546991
49769021	0.000760856607647759
49769560	0.0255319632352836
49772040	0.00560567865787674
49772341	0.0014465065568778
49772891	0.000898616862927669
49773161	0.000941269234796261
49773711	0.000628292348744046
49773960	0.0027799956152112
49776341	0.000690880330276151
49780720	0.00378797640136814
49782650	0.00496719966584788
49782660	0.00103274203578364
49784580	0.000833558067618766
49784590	0.000679871033948058
49789960	0.0016625469826874
49789980	0.00149406142837389
49790551	0.00139628145305859
49790770	0.0158665144006488
49792331	0.000766717810743409
49793110	0.000716266699916953
49793670	0.026222803804279
49797810	0.01116545025788
49807610	0.000961194400956492
49809390	0.000631478763710366
49813690	0.000833455440799163
49817301	0.0313314685443518
49822110	0.00773417596866633
49822510	0.000619165151723133
49824280	0.000730737702982915
49824980	0.000820849770057005
49825010	0.00943916668620985
49836840	0.00255273144684634
49836891	0.000676932445482194
49844601	0.000792264321507801
49853550	0.000634844572270247
49854800	0.00092714344266389
49856730	0.000780846906327454
49863371	0.000614676233140668
49866401	0.000978575758481331
49869151	0.0951662747045095
49869940	0.00147902321097381
49871600	0.022917710589275
49877260	0.00267692022125143
49881291	0.000763673334707604
49884211	0.000823920152401434
49884741	0.00505034356548168
49885120	0.00479903340058199
49886920	0.00661823890276998
49887310	0.00148820967972205
49887320	0.000739734856651118
49887450	0.319338537602671
49888150	0.0014419474847236
49888871	0.000760119835384385
49889960	0.000764519988914874
49890961	0.000851253915494626
49891791	0.00110008411943025
49893930	0.00214018419330706
49895450	0.00255750236960612
49896700	0.000780355567208765
49898001	0.00130276022058088
49898780	0.000873767638556338
49900990	0.000818852500727541
49901670	0.000691857199305597
49903590	0.00149643405806479
49904741	0.000839760970787364
49905530	0.000789767883926195
49908840	0.000683618115832658
49915620	0.000818244625883238
49916580	0.0422746640905752
49917100	0.00222904775100686
49917390	0.00505840700308748
49919450	0.00190619012307375
49920580	0.00158520882786205
49922541	0.000748112799458729
49922890	0.00150343814701819
49923320	0.00208172753496403
49924850	0.00169600333545122
49925110	0.00105508406926192
49926750	0.29391266166009
49927040	0.00246889461567097
49927580	0.00101472843273394
49931231	0.00111170756324361
49932680	0.000744703744662666
49939850	0.0117549142717544
49942620	0.00702163680007426
49943030	0.00540173546740188
49945031	0.00168061882465544
49945250	0.0213927076269547
49945790	0.000609583877804819
49946941	0.00283534413306219
49947340	0.00111123274463758
49948731	0.00574744457366615
49950360	0.000835895733976145
49953380	0.0906514766137575
49955901	0.00162419089777441
49957540	0.00623818909973007
49959901	0.00181973329090678
49960990	0.000723780846087606
49962470	0.0028724425422005
49962880	0.00122283494110656
49964150	0.00216442296387525
49964980	0.000952683107730475
49969110	0.00175300205492842
49969151	0.000987910081511734
49976540	0.00888895630739528
49980580	0.00117855172606328
49980871	0.00123017735294093
49982770	0.000812331280298927
49983621	0.00427876839944483
49985510	0.00518087962823294
49985940	0.000692004015363018
49988181	0.0294544204397582
49990661	0.00533075979116258
49992191	0.000704749576447127
49997950	0.0764590401735881
49997961	0.000947959717717041
49999880	0.000768375651314578
50000830	0.00168862700172582
50001230	0.000772247181615031
50002610	0.000748265216146342
50003501	0.0015002310662509
50004591	0.000625957128848962
50012410	0.000889697666541582
50016861	0.000896574762641323
50020570	0.00621536485926937
50022210	0.00265462995907337
50025981	0.00113649539396729
50028420	0.0149149221060626
50029910	0.000644000499492757
50030360	0.000945857446340781
50031310	0.0164585181868366
50032120	0.0155906955013525
50039300	0.00489313382099254
50042760	0.000766287916697923
50044041	0.00771473983933976
50044861	0.0023311250512635
50046190	0.0398574002791381
50052031	0.000857079088813897
50052051	0.331976250009095
50053800	0.00229521362387633
50060161	0.000708065100388852
50062651	0.00126235079138673
50066060	0.000631983817667454
50069271	0.000678560263430417
50071300	0.000659481723029825
50071870	0.00200622693089232
50071980	0.126499358070812
50072660	0.00787170691472663
50074661	0.000780980216084802
50076161	0.0165361661595454
50078470	0.000732312887854359
50079010	0.00328608031317823
50080010	0.00102316267978502
50083891	0.000686711119313317
50084530	0.000628441786244381
50085240	0.00140133014336419
50087771	0.00445956317975567
50088321	0.00142549887789813
50088980	0.000683596060879806
50089141	0.00240024021987117
50090180	0.002619835931332
50090241	0.00126144455614165
50090350	0.00182139197423269
50090730	0.00345729627410223
50093811	0.000659082430965125
50094070	0.000971153930896492
50095341	0.00284593725362548
50096321	0.00082465455320289
50100950	0.00238134278663719
50101910	0.00100208737693146
50102521	0.00083761457987838
50104820	0.0040479124502888
50104871	0.00216401331525465
50105541	0.00292139397199791
50105640	0.000808133473380829
50105940	0.000666720148272218
50108731	0.0275047959071046
50110080	0.00386214914524403
50110381	0.000656367795660546
50110521	0.000683465889953692
50111170	0.00088659735348461
50112021	0.00746654813934293
50112871	0.000918167044767082
50115901	0.00505881364045215
50116380	0.0146543557649273
50116670	0.000954348813950451
50118070	0.00164319300495156
50119751	0.00080364280906192
50121920	0.000990853475364391
50121971	0.00348269588827353
50125531	0.00120151687703675
50127290	0.00378296154094096
50128301	0.00301251159213466
50129001	0.000827126535691563
50132031	0.00102376490901102
50133480	0.00998871457169389
50134361	0.00118859101595942
50138040	0.000743956680791809
50139450	0.00416407388561094
50141940	0.00521818618726171
50144400	0.000831553397352649
50145910	0.0227656382366536
50146490	0.00142875755901503
50148571	0.00168205559938228
50149660	0.0327238069720455
50149941	0.00802432047847726
50152810	0.00847108326503892
50160301	0.0666656309952979
50164540	0.00094203965095494
50164690	0.000840293875976404
50166050	0.213833218375996
50168830	0.00262227293299131
50169350	0.00326993896514843
50169930	0.000628236602659899
50178651	0.000846050894395199
50179980	0.000706617311822762
50180120	0.000645107202908782
50181001	0.00322231585308452
50182620	0.0259704219212514
50184410	0.18282793980493
50186450	0.00077579018666359
50188301	0.0144166304667971
50191310	0.00153901542445156
50192971	0.000808500724192662
50193691	0.0106522585413488
50193790	0.000721849294296255
50198480	0.000661322799155118
50208011	0.000929735915507983
50208670	0.000789806149010548
50209100	0.000743626291197773
50209640	0.000721229451336719
50210200	0.000852382645680995
50210880	0.000791666356503617
50212581	0.000988911900287047
50215591	0.000811398250422238
50216940	0.00091242516336564
50217900	0.061524304259571
50219000	0.000655129814008611
50220721	0.00401154560569637
50224270	0.00234016021940859
50224441	0.000907634438028788
50224820	0.000646834155196492
50225411	0.00142253271880163
50227430	0.00748450374304611
50228920	0.0228850838416623
50229271	0.00111859783803451
50231591	0.00915944972586484
50231720	0.0188831489948566
50233760	0.00408570505111217
50235191	0.000781874679910452
50235611	0.000608338638689199
50236161	0.000619584930986453
50237801	0.00279115242510711
50239830	0.00130632554447053
50242040	0.00603289291258188
50242990	0.000760294557496028
50243601	0.0294350195618507
50244100	0.00333567532800812
50245650	0.00320027447285571
50245790	0.00317527977289116
50248100	0.00735272000198826
50250060	0.000809664788366386
50250330	0.00312500925952285
50252090	0.00111424821554392
50252981	0.00419512378162314
50253391	0.0031603477118646
50254860	0.000840236082595021
50262160	0.00237597423523156
50262911	0.00219849414449403
50263311	0.0036291818098443
50264971	0.00116966331107537
50265190	0.000892756053456581
50265470	0.0111701521065954
50267400	0.00242967716125041
50268670	0.000748120391279035
50270430	0.000699047146860519
50271721	0.00238726289592767
50272281	0.000803498223830659
50273101	0.00125755141097991
50274351	0.000791482155832092
50274631	0.00756873269338354
50278890	0.000651271112014735
50279300	0.0213348461836108
50279601	0.000984204013168344
50283420	0.00108678204111167
50289401	0.0091382445773088
50290450	0.00220366305194818
50293770	0.00428547175430849
50297900	0.00090288570801519
50301811	0.0181603005821369
50306631	0.00187551685822279
50307051	0.00162532330122326
50313500	0.0138991831760628
50317050	0.0240840421808523
50321460	0.0698249424017651
50322010	0.00457012224826783
50322450	0.00363439170391157
50326061	0.0145360243607726
50338300	0.00382509226689395
50344370	0.151911897820355
50345251	0.000830796279444093
50346860	0.00578188499253494
50350201	0.000790445044857358
50351010	0.0120061511000551
50353811	0.00450407092484156
50354700	0.0014353594161386
50355311	0.00180927763389206
50360281	0.000795564152000191
50361101	0.00092337718036721
50364670	0.0101255272814487
50366570	0.000942078048224776
50367400	0.00327194344026052
50368120	0.0167792020948329
50374341	0.000911260865965143
50375861	0.000621605302647266
50376001	0.00429480191279684
50379280	0.00206741006671442
50379400	0.00151833670217412
50392230	0.000866935280069838
50392630	0.00269800311666382
50394331	0.00509462395917803
50400510	0.025936037088118
50401911	0.0228674180732541
50408090	0.00634604990266713
50408401	0.00138325274107266
50411240	0.00189118842755247
50413750	0.00125850653106813
50413900	0.000905513010142686
50416790	0.000810139599835704
50419711	0.00691364711087485
50420671	0.000996893575972125
50422051	0.0347883065261282
50422160	0.00176203687049394
50422420	0.00396804391154852
50427291	0.000896316580081991
50428940	0.00199344539597179
50429791	0.00393016234558539
50433371	0.00103121921086209
50433921	0.00103741723205363
50436100	0.0019866781884725
50436421	0.000865532896125938
50438180	0.016478822169401
50438420	0.000734046547046058
50439520	0.000875079189020402
50441651	0.000682509104185313
50442601	0.000630183690831754
50444421	0.0027770728814388
50445050	0.00263206069129057
50448251	0.00167168944349201
50449600	0.00134432844488993
50449860	0.00145080374425364
50451270	0.000684076925677662
50452620	0.000670760269154223
50452961	0.000935509324003302
50453651	0.00334608198485628
50458761	0.000637093986109161
50461210	0.00177899276199728
50462860	0.00352525681454562
50465791	0.00062179584373873
50465880	0.000685651188945908
50466761	0.00144691564887243
50467171	0.00182139294887028
50467841	0.000818996236834967
50471301	0.00254271938819384
50472240	0.000887227462409341
50472531	0.00357337148391464
50474410	0.000700652007677282
50476080	0.000740619920808734
50476520	0.000770490854934531
50478341	0.000699931216427206
50479711	0.0170827040837707
50480620	0.00269801549987351
50484941	0.00821678341679383
50488640	0.00258257133061664
50489310	0.00071170114167853
50490300	0.000888733226521297
50491110	0.000815815067067486
50492811	0.00101195309194967
50494850	0.00124851921304225
50494881	0.000773757173670315
50495120	0.00204687706621588
50499441	0.00176474661043509
50501631	0.00100594633468517
50502881	0.00119611785560722
50505040	0.0449086900268667
50516640	0.0736391645483531
50524510	0.00166804296735238
50525310	0.00512221788837802
50527260	0.000760540589646675
50527780	0.357564044295432
50530051	0.00227942671919799
50532121	0.000691010475544811
50534181	0.000677912645598244
50535950	0.0577488565189176
50535960	0.0108822160428061
50539810	0.00399210748241261
50543820	0.000793600902481604
50555810	0.00235756857271494
50556470	0.00155006471152133
50569990	0.000756767485519292
50578420	0.00284341883504891
50578670	0.000844496483579066
50583421	0.00103168936325918
50585330	0.0200872837103926
50586461	0.00195472539659495
50589361	0.000929951427788303
50589901	0.0065028377330697
50592920	0.00142831441935682
50592931	0.000989125856523184
50595950	0.0176309684085818
50601870	0.00127508936378807
50602171	0.0194376021792379
50603981	0.0307665421830994
50604401	0.00688868079740557
50607110	0.00208229523683159
50608740	0.000800879044065821
50611131	0.00882078932989908
50612460	0.243063675621467
50612531	0.00270340390246361
50613071	0.0023893980844235
50613170	0.000640694796792205
50613310	0.0792991536423072
50617481	0.000613542843900183
50618171	0.000943244491689562
50619650	0.000758203622619251
50622020	0.00383156864347117
50624350	0.00345037151269234
50626690	0.00212800896064447
50627541	0.00293013245305417
50632340	0.000790316493669864
50634410	0.00159000604824366
50634581	0.0253381310468178
50637891	0.000814728602381991
50639090	0.00629587616028785
50639790	0.00321163012613632
50642441	0.000742051788256957
50645590	0.000708761453799446
50646260	0.000725053591059776
50647151	0.00265699999565124
50648880	0.00271991541119442
50651250	0.000674267264570307
50652180	0.00236221382305765
50653970	0.000814613038742604
50654581	0.000743615872056721
50654700	0.000688400047066088
50654830	0.00846117385852509
50655401	0.00426791188658415
50655831	0.00503764446593208
50658810	0.00084795482509089
50660531	0.258970395314475
50663100	0.00107763272119124
50663790	0.000886052864752232
50664210	0.00809160085125343
50665050	0.000962908019631354
50665761	0.000636591336698774
50667240	0.000660779341901195
50667401	0.00107158473963167
50667630	0.00227787759069873
50668521	0.00745674339617275
50670140	0.0022035409355367
50671920	0.00273026252500157
50672391	0.000811421928427557
50673850	0.00151092405585863
50677170	0.124594416621609
50678000	0.00988559534807705
50681150	0.000669981165851784
50684080	0.000972978010778657
50686560	0.0181733781332367
50690800	0.00432175418609295
50691961	0.002607685656544
50694950	0.00094791116630356
50701980	0.000710060990314429
50705611	0.0132914462814267
50711411	0.00206977694363395
50714711	0.0083577755814413
50716460	0.00635545241109287
50722800	0.00162065415535873
50727520	0.00417530225020513
50748750	0.00414036540496913
50754530	0.0302236512503544
50755350	0.00070073574753119
50755811	0.000734428216574605
50759360	0.0618326222943343
50763360	0.000641652645190826
50764781	0.0117293748228967
50765970	0.0033000575691869
50767350	0.000713891812096169
50767541	0.00230477906168317
50768361	0.000845158688932258
50770120	0.00609519039495775
50770311	0.00179143107585868
50771930	0.000667103161770219
50775080	0.000967028407283999
50775401	0.000642797695328085
50775640	0.000632157785758073
50776771	0.00124423895665416
50777570	0.00900864131172574
50778021	0.000669245862762482
50778110	0.00232011502682356
50779100	0.000695684814386309
50779510	0.000779378567497655
50785341	0.0228408504501242
50786281	0.000686247461680213
50789481	0.000690262879350022
50790400	0.000847619144710324
50795521	0.00235624277181356
50796091	0.00145977592100621
50797700	0.000693303744396012
50797751	0.0303311086128189
50798240	0.000897481924079406
50798390	0.000865183247391474
50802380	0.00212117608789568
50806301	0.00105164544415572
50807750	0.0184844383796743
50809290	0.00960924515850188
50811620	0.000822473073587381
50813140	0.000636680151764944
50813720	0.00186110083967257
50817201	0.00105577412684237
50820081	0.00127759403858247
50823360	0.000815062219437206
50823920	0.00566676423247979
50826390	0.000675695119362185
50827111	0.000975707037688165
50828470	0.000705740569320265
50832901	0.00255126836560731
50833061	0.000778015615958083
50838581	0.00103829248768042
50840071	0.0202824437870645
50841061	0.00560964489731726
50842161	0.0180682677725098
50843241	0.00565648847546172
50843391	0.000665974432080382
50844310	0.00690538528229432
50846001	0.000697606414771206
50850291	0.000860435060723447
50851811	0.00227522790996302
50852621	0.00294080963505039
50853061	0.00147636003817988
50854691	0.000841526514172248
50856341	0.00243103161492767
50859681	0.000774574165240949
50863880	0.00095206165200688
50864621	0.000626075381703414
50864911	0.00283510935796853
50869260	0.0011100950328704
50869871	0.00101559300941449
50872740	0.000808635341384159
50882680	0.322777042328281
50884020	0.0135804626926185
50887090	0.00150508633157632
50890650	0.00585871957569035
50891801	0.00110773686220802
50900710	0.000653118146023459
50900860	0.000619635984475309
50901160	0.00123575781996698
50901721	0.000781938484085526
50902540	0.000859227824857491
50908330	0.00417078633105012
50909550	0.00103387387502992
50909980	0.000825275083670931
50910360	0.00139967195555607
50910380	0.00299693384680985
50913010	0.000622790449900218
50918250	0.000649985178472342
50918660	0.00181726188372962
50920730	0.000781220510484636
50923921	0.00078118552756568
50924860	0.00213193427689966
50925010	0.00129997109793476
50925670	0.00145076729041759
50926380	0.00449955717936147
50929840	0.000736992792848674
50929861	0.000631677273488904
50932430	0.0108198329981407
50935770	0.000872831122695253
50936201	0.000859260072317545
50937700	0.00205336111788234
50938271	0.00146589236799134
50938421	0.00170891474248449
50941430	0.000857083694898354
50943101	0.00583109561283178
50943531	0.000706410254765067
50945150	0.00803579112106563
50945731	0.0129351990858135
50949031	0.000876407982948958
50950500	0.000995361735759307
50951060	0.000724266993205206
50953041	0.214355059432198
50954841	0.00917205738879226
50955511	0.00398278662236592
50956700	0.000811345560445352
50957560	0.00176467479776906
50958151	0.0130654118780472
50959610	0.0035900511542386
50960990	0.0364941960761242
50961150	0.0022473408601733
50961520	0.00109326368198414
50961711	0.0191027488445992
50963620	0.00163857320723799
50963630	0.00544703757795661
50964911	0.0117872684037648
50965420	0.00093380677454378
50966411	0.00154548951360532
50966831	0.00222576180453029
50967651	0.000663660461717567
50967870	0.000780408233212797
50968160	0.00244331298857623
50970541	0.001767095808405
50970821	0.00188510560531083
50971190	0.00253128281513058
50971600	0.00066647522843692
50971931	0.00343906900362669
50972730	0.00191289241389863
50974500	0.00292669148106802
50976881	0.000679764023032004
50977021	0.00204580645063788
50977871	0.00857909994092128
50979190	0.00333028812404864
50980280	0.000800841597468759
50982411	0.00189172550890411
50985581	0.00121711270186501
50986500	0.000678116496520235
50988211	0.00567808038688647
50989260	0.00120174212462825
50989660	0.000918710876362493
50991241	0.00204194456404685
50991450	0.000931167835778147
50995740	0.00155273177578438
50997390	0.00108423233876229
50998961	0.0158750251023667
51001041	0.000844135054732735
51007060	0.000803063709508845
51008440	0.00479699152095921
51008860	0.000677581347300485
51012420	0.000712560192993984
51014261	0.0011703995023452
51015070	0.000962498776236706
51017410	0.00119939732643865
51017571	0.0441794470582231
51021110	0.000687850736085299
51024690	0.0038087370572324
51026401	0.0469298461207795
51028020	0.00175797528629434
51029260	0.000828140472345783
51029520	0.00169426376344728
51029731	0.00113341426777576
51030121	0.00107430981074826
51032621	0.000888050745634132
51034360	0.0163726932014424
51034490	0.000814175708623792
51037410	0.00282021072864944
51038240	0.000982074703689274
51038660	0.000658642312594962
51041130	0.00088209750318504
51041650	0.00334535151895347
51041680	0.000792516777730072
51045721	0.00072051453551501
51046240	0.00597338084616973
51046490	0.0128351086807105
51047781	0.000848927714858828
51048170	0.00561060757450334
51048850	0.0290514886317539
51049851	0.000615952871181474
51051091	0.0014761844040772
51052700	0.000727891961375186
51053280	0.0018000638365425
51055590	0.00473955204327293
51055641	0.000804401886694831
51055900	0.000690969413978449
51057981	0.01039911465488
51059651	0.00570087344070683
51060450	0.000742692272704681
51060751	0.0054108148184115
51062230	0.000828753414774099
51066070	0.0324389319177258
51067620	0.00102004485925368
51071320	0.00168470410183446
51071590	0.000744772783910592
51073421	0.00660315142745398
51074490	0.00108193767454226
51076041	0.000771726675425933
51077281	0.0155364234263295
51080150	0.00749486238510287
51080570	0.00630328085201064
51081140	0.00214632324480017
51082821	0.00371247490832909
51082890	0.0677233858883249
51083771	0.00104547123283372
51083911	0.00102504194165547
51085841	0.000609105333416596
51086681	0.00221397948010546
51090910	0.00128584798424306
51092010	0.00323517452879103
51093701	0.00958469048949336
51097561	0.00065462566089908
51098821	0.0206069586870584
51100690	0.0221419365775353
51102480	0.00150912731492492
51102531	0.000987643783528196
51103160	0.00276479589620459
51104550	0.00196348780510517
51105810	0.00256931800094124
51106780	0.000657644920451415
51107211	0.00428575647112134
51108160	0.000649021011730577
51108400	0.000823532308862558
51108700	0.00115642500428657
51109400	0.0107524345695711
51109581	0.00273429534607602
51109831	0.000696078052390737
51110951	0.0150412113803236
51112160	0.000681748950504323
51113390	0.000659935466624689
51115781	0.0393387525973895
51116720	0.00523679371921434
51117270	0.00261479694089355
51122480	0.010044756115746
51125670	0.0033856310665079
51128160	0.00150219132349146
51128871	0.000696591792267936
51129141	0.00292454837331291
51132440	0.000695293116736403
51134230	0.00454904852899665
51134241	0.000688253503187208
51135351	0.000650290326677535
51136540	0.000784076094091707
51138480	0.000647124372056253
51143211	0.00251880338789292
51144690	0.011358559223074
51146401	0.000913544004829579
51147221	0.00111785101633341
51150220	0.00156889011651785
51150261	0.00241447297574766
51150740	0.00107477237091877
51156440	0.000647352170168181
51157500	0.00334235434867096
51165141	0.138371195797274
51167081	0.162642399063178
51168191	0.00101488076550287
51168471	0.000893809489336087
51173910	0.00417536387408146
51174750	0.000965112390880418
51174811	0.0363345700801395
51175580	0.0016836826570602
51175610	0.00279908453860002
51175720	0.0121070713670477
51175850	0.000808313761033085
51179320	0.000613494057856999
51180041	0.00247789953227801
51182600	0.00366343048523376
51185691	0.00786199794952339
51186210	0.000967658495106845
51186251	0.000852386635334936
51187061	0.0107183572725968
51189561	0.000642614478741078
51189930	0.00512512037081283
51191071	0.00267832568132922
51195621	0.00134329153152839
51196280	0.00157084194937426
51196601	0.0150379651064481
51197971	0.00545668120278052
51199160	0.00523408908914919
51199990	0.000663520112502584
51203201	0.000712642798467247
51203290	0.000692785082456849
51204700	0.000747698792083959
51205151	0.00222718110669076
51210330	0.000687149994274546
51211190	0.000670365283618181
51211361	0.00871509332033528
51213260	0.000943183331536906
51213810	0.000635787443085135
51214241	0.000790827121931011
51214391	0.00312747376613794
51214941	0.00473585482129005
51221360	0.00211311443773753
51223460	0.00102987920495468
51223751	0.000656059710371583
51223990	0.00306810107586874
51225971	0.00297266499088054
51229260	0.000621717743503055
51229981	0.000734663491096418
51230210	0.000808070787763343
51230251	0.0820542425265117
51231160	0.000813893147790809
51232140	0.00340710430291837
51232420	0.00291176864063064
51235440	0.0285951823677096
51238671	0.000697744755918637
51239310	0.00232023129222488
51240581	0.00245972742008789
51241151	0.00242412211583911
51241421	0.019559796885323
51244420	0.00120661227797332
51245920	0.00691748068670298
51249951	0.00278114562582615
51249961	0.171282698129951
51258730	0.00946552444374876
51259201	0.0287385236806864
51261701	0.00487037114174989
51263180	0.00273162776124291
51266450	0.00063427841260476
51269370	0.000739618483510709
51270050	0.00226946208693433
51273790	0.00472141702962407
51274340	0.00266034757964011
51275481	0.00121458817291662
51276950	0.351494163914461
51276970	0.000835104324854543
51279140	0.00132173967905856
51280560	0.000717392293744164
51285630	0.0092385892339982
51286231	0.000889996313137311
51286880	0.000656424218850676
51289971	0.000624896487524071
51293360	0.00513161174313053
51296031	0.00782017644353935
51296240	0.000802828203065444
51297110	0.00457538844730851
51301001	0.000932181068160623
51303290	0.00100777576667879
51303990	0.00143165812250287
51306190	0.00177449708776924
51309551	0.00481146349948757
51310480	0.000734916274071593
51311611	0.00666406869911775
51312711	0.000613228930832276
51313131	0.000820906144097116
51315280	0.00139169156529812
51316711	0.0013820894612478
51317240	0.00103133656487524
51317660	0.000953508442554398
51318641	0.00263646703857884
51318870	0.0111500471381776
51319160	0.0111842980827537
51319191	0.00392179346783878
51324140	0.00161025606371437
51324550	0.00330730804795939
51325070	0.00413288509045721
51326180	0.00383402441672871
51329391	0.00331290764594175
51335871	0.000623506711359041
51338750	0.000626835132792554
51339840	0.0011704292299352
51340810	0.000820822682874048
51343341	0.00114424954945076
51343440	0.00067318413367913
51343751	0.00161822040233368
51344161	0.00387566584503436
51346460	0.00740072165883523
51346521	0.00545412169207436
51348660	0.000985509840496887
51349500	0.00111188648315622
51350511	0.000796302809049341
51356711	0.0212551917262911
51357360	0.00482587924762306
51357541	0.00109867950084803
51357551	0.000827896334638997
51358190	0.0444501494683689
51369551	0.12999613593405
51369610	0.0982398456404137
51370911	0.0327864093225316
51373640	0.00167616726869349
51378491	0.00130075050395156
51380670	0.00504396142586994
51380701	0.000681054077549231
51382180	0.000648750606453123
51384151	0.00453781673103173
51384540	0.00127629545365189
51392950	0.0420048967873819
51398040	0.00196535469077634
51399181	0.0129304743804748
51399290	0.00162635370706827
51401210	0.000668190269373648
51401780	0.00420373080599175
51402351	0.00160343477573304
51403820	0.000619696364031309
51406491	0.00140729463022589
51410081	0.000961656761180971
51410580	0.000996827540137728
51411471	0.00468613685577615
51414491	0.00167654687740031
51418050	0.000634218333531128
51418351	0.0020467189408289
51419700	0.000671620631507421
51420120	0.0021141701079826
51421920	0.00200724454317634
51422781	0.00728548143276986
51424520	0.00135827694861704
51426911	0.000996159095785744
51427601	0.00232033757120842
51430641	0.0033613732551938
51431201	0.00133224685004434
51432141	0.00186276686824777
51436400	0.00109477908299467
51436670	0.000708892342738413
51438160	0.00574438378292905
51438740	0.00358516135038487
51442491	0.00142512823793818
51442730	0.0103977354157678
51442870	0.124836727436315
51445360	0.00157660365410024
51449210	0.00113824810794843
51449470	0.00474393142321694
51451980	0.00359055492182637
51453210	0.00314445793013033
51455020	0.0697445229662961
51455041	0.00733744149212033
51456431	0.000656424218850676
51459810	0.00494769625919216
51460250	0.000652676996846583
51460370	0.000619944823090649
51462730	0.00334873306995146
51462921	0.00159145740538329
51463540	0.0062868982279595
51466351	0.0137051007150753
51471051	0.0202403332186536
51478751	0.008319336033906
51480510	0.0115641923964836
51502730	0.00220738600893547
51512691	0.00163885653599708
51515721	0.00231628099459232
51516630	0.000858878541576743
51517210	0.00147227904865707
51518860	0.000684582190422249
51519830	0.000731477787086351
51520500	0.00248422338714826
51521870	0.0531246698373865
51522631	0.00411849522159005
51524011	0.00364909573692179
51524910	0.0135382428412797
51526570	0.000852005828952436
51540561	0.00613049542333496
51543041	0.0179364084607535
51547711	0.000718948241757324
51561760	0.00366845336178643
51570351	0.00354511601181294
51570440	0.00130983914686135
51570611	0.298608150393155
51570710	0.04958448900085
51571861	0.00139236430889492
51573801	0.00104147438938269
51574730	0.000810513980272443
51575810	0.000919965238087366
51575830	0.00103914616384462
51576411	0.00214037264542303
51578710	0.00167412759301025
51581521	0.00280045098411337
51582211	0.000813002490107254
51582850	0.000687609331496144
51586430	0.00121507214674111
51587970	0.00182494303217781
51589521	0.000925005102537744
51590730	0.00063544225609503
51592800	0.00120850636383855
51593070	0.00555725816842677
51595270	0.00279345955974201
51599010	0.00772915181634161
51599731	0.00103511889911065
51599820	0.00076048661696575
51600510	0.000691313650238445
51601200	0.000748832771452786
51602850	0.000723964768162577
51603021	0.0204965752045033
51606860	0.00066242511631996
51608480	0.000683205215020422
51608531	0.000676867716154271
51609210	0.579538231476853
51609641	0.00159390682316728
51610160	0.00234509732886206
51613791	0.0039512452314452
51616080	0.000632701687331035
51621231	0.000847214606214394
51623390	0.000675403375725316
51625070	0.00245651709571155
51625381	0.00366015659207969
51628271	0.000660850663650619
51628900	0.00514097213213687
51630051	0.0014808316166367
51631701	0.231072316848704
51633190	0.00079219243914724
51634741	0.00147203956311326
51634751	0.000743964127269565
51635161	0.000631978315670436
51635820	0.00242912086839565
51636380	0.00122970777293742
51637740	0.000694760285174783
51637771	0.00121533495934643
51640370	0.000628565128787136
51640391	0.00229768657961832
51643520	0.00405072963963844
51647291	0.00135713906254911
51647400	0.00336446525103846
51649330	0.00513212384874919
51651011	0.00124461565147925
51652500	0.000635415874647904
51652811	0.000717722702538718
51654030	0.00152865953854111
51654191	0.00348354799976187
51655311	0.00233672865371511
51657190	0.00457292904270997
51657620	0.0014546518285187
51658310	0.0049404160026098
51658420	0.000953783356623462
51661511	0.00096734286068326
51663530	0.00142478865303108
51663701	0.000913603228758708
51664510	0.00815430429766051
51665190	0.0270006494086641
51669040	0.00867982389294671
51669491	0.00274548316396852
51669641	0.00143808936509871
51670270	0.00379965639432445
51672240	0.0020074115139322
51675841	0.00221553107323522
51676080	0.00102691637291312
51681170	0.000795044532005398
51681180	0.000609105333416596
51681310	0.00063482599301113
51683920	0.0006886608604296
51684090	0.000966258648977196
51686140	0.00125708104446814
51690560	0.00103061881513841
51690980	0.0010940511764199
51692360	0.0007169551331749
51698311	0.0120236310001238
51698710	0.00072504572633948
51698720	0.0129120554017638
51700080	0.00192973338384303
51702201	0.000794052272785305
51702410	0.00092607963524907
51702680	0.00853872946766715
51704251	0.00193879613031407
51704750	0.000846775206833424
51711410	0.0152358835170312
51713351	0.00366958505976589
51719670	0.00517045574179496
51720661	0.000688124642650451
51728890	0.00273471044424488
51732350	0.00127352026785298
51733450	0.000859412737536995
51742140	0.00316429901754079
51747691	0.00374503981443801
51754530	0.0011351190191629
51783520	0.0272519789716899
51785600	0.000861663964495419
51791571	0.00399971190949074
51792480	0.00138152732944527
51795220	0.000628264171291907
51795271	0.000652963056214635
51797010	0.000651487482130493
51821190	0.0011247354658851
51821420	0.00109130748161646
51823541	0.00174462869129916
51825160	0.00139603075129653
51825280	0.000895221853961791
51825361	0.000855937404391631
51828231	0.00140982331441695
51830861	0.00296275680076141
51832511	0.00118067040281656
51834260	0.0018294939707251
51834800	0.00082833793848041
51841491	0.395670566601502
51849710	0.00680486554854712
51853211	0.00361208180583299
51855500	0.00704231589614536
51855971	0.00295612421800148
51856600	0.00239187532640451
51856630	0.000800066955931896
51857040	0.00425777345031067
51858291	0.00124734251024723
51860040	0.01838519097152
51862581	0.000664594287710411
51863910	0.00287150465914098
51864340	0.000808664641536114
51865351	0.000654106221042537
51870140	0.00187703708021565
51871240	0.00846862100946298
51877170	0.00539543336214105
51880941	0.00164713277914007
51881970	0.00394446684442628
51884050	0.0118702152697381
51886841	0.000988652266306532
51889761	0.000671799651361844
51890390	0.222772443187487
51891630	0.00168690450122575
51896361	0.00208277090508445
51896600	0.00853794974126199
51898100	0.0025912416101538
51898540	0.000714794062524139
51901030	0.00134626718232871
51901730	0.000717417715966667
51902420	0.000957195854415563
51903070	0.0152044747098221
51907541	0.000666853310197133
51908480	0.00127919501448251
51909051	0.00495428804258142
51912460	0.0033939184203082
51912900	0.000721751788580379
51916600	0.00182676061792095
51917211	0.00727211592634837
51920050	0.00209811835888979
51928231	0.025381846399374
51931251	0.000733076981224491
51932491	0.00150768294353251
51932890	0.000724080537531985
51934930	0.000686034957024236
51934970	0.000744003627402236
51935900	0.000878269459358775
51936651	0.000712985182901549
51936890	0.0072485366820619
51938581	0.000764895069852648
51940091	0.000737489009614419
51940221	0.0010005248343019
51941560	0.00968583165851307
51942421	0.00472438185386186
51945410	0.00113862037431108
51946000	0.00161391863442321
51946031	0.00432895703578384
51946721	0.000645287031763971
51949751	0.0015833781608779
51951480	0.000984600203636118
51955070	0.00171177896212618
51959890	0.000765437031112548
51965700	0.0613225819056658
51967941	0.0124974790676488
51970861	0.00310046592193253
51974841	0.00164547404777642
51976091	0.0282545302654382
51976101	0.000675247967556818
51976590	0.000688008699590307
51977181	0.00142457683813701
51978711	0.000852863117441318
51984081	0.0012640238990131
51988351	0.00064536431689846
51990650	0.0116681434284869
51991521	0.00107323650381394
51991931	0.000825609331734676
51992361	0.000747257353563034
51998151	0.003216309959252
52006691	0.0165048659860145
52013810	0.000823520451890361
52014780	0.00257228570189006
52016221	0.000686285343659361
52028501	0.0123752003777456
52037140	0.000886862733445844
52043210	0.0520733905252824
52045871	0.000732563830470264
52053171	0.00213644314800577
52059920	0.0242486606993875
52060891	0.00298291518263099
52065451	0.0020776334236622
52065881	0.000631191138972268
52076901	0.420324541998114
52079101	0.0010033286184699
52079371	0.675039370054016
52081260	0.00257445091244669
52096030	0.00080234060349565
52096300	0.000814220156050538
52103220	0.00201382963513218
52103500	0.000839814286685213
52105171	0.00154196418169913
52106961	0.00064677121088621
52109120	0.00186875864150129
52111231	0.000779912415998492
52112481	0.00171191577115198
52116150	0.00114725351088609
52116160	0.000667548372436534
52117290	0.0045516618899443
52117451	0.00112222232911839
52117560	0.00228583639150905
52120420	0.000994508044390663
52125301	0.00592202477831944
52128751	0.000972611360913437
52131220	0.000831995347832066
52131350	0.00161738867648357
52131381	0.000892552035328845
52132700	0.000631269075935693
52136201	0.000755842806781867
52136970	0.000618806926555668
52136990	0.000719229419833806
52137010	0.000748851759320923
52140071	0.0148257521076437
52140440	0.0188335979692931
52143750	0.00073273862455092
52144560	0.00154594370443401
52148071	0.00159752680707145
52148901	0.00104264985381133
52150370	0.00063249229235034
52150411	0.000752490712895313
52150421	0.00067338991044465
52152160	0.00182372310308742
52153451	0.00179500443842188
52153820	0.000693398548213073
52155740	0.000716145890150572
52155921	0.00197608206382795
52159661	0.00857727924854079
52161520	0.000727223517851135
52167180	0.00514276104167426
52168730	0.00187708897980784
52170531	0.000744584299376265
52172970	0.0010307975500641
52174250	0.0075738316881507
52175750	0.0010968364216639
52185400	0.00132582129570606
52186001	0.00253452248401414
52187630	0.00155882411482361
52187750	0.0106369574511476
52187791	0.00411982802101759
52189810	0.0021055684873344
52190001	0.00258371089422691
52193581	0.0100347567225218
52195221	0.00273193839218578
52197420	0.00607591074317207
52197431	0.000953554528277686
52198790	0.0014895945299365
52201120	0.000707217051508317
52203501	0.00991613666790505
52204891	0.000875968675350797
52205400	0.0138505616553783
52206240	0.00786500430054282
52206370	0.166246505609132
52207771	0.000711289274673745
52215781	0.00358508054372492
52218890	0.000782991638984729
52219060	0.000651231609898991
52219231	0.0107249125619623
52220201	0.00105749280656216
52223381	0.00167009674545927
52223911	0.000684200283887578
52226230	0.000672174561099042
52227381	0.00241275648044477
52228481	0.000700406796304906
52231180	0.00276220908998881
52231491	0.00727454611262468
52233431	0.00774213089428984
52233950	0.00145153547636455
52234251	0.00354466622894753
52236450	0.000666201660861856
52236710	0.000680614077567569
52236720	0.00101016102626932
52240850	0.00078254952784385
52241021	0.00213218519457397
52242360	0.00102722288649738
52245530	0.00315780268038119
52246500	0.00338058964067682
52247580	0.00495201128440152
52249971	0.062811193609882
52250500	0.0849592180419006
52251211	0.000623541264949018
52255990	0.000664704501845737
52256041	0.0431539778263911
52258551	0.00161994250192371
52259211	0.00142017043979825
52259221	0.00092013588170187
52263460	0.00354295979772357
52263771	0.0027709422936398
52265031	0.00066003422854033
52269991	0.00575135503187283
52270401	0.00108905802881107
52272481	0.000922130954581395
52273001	0.000827554004907142
52274510	0.000732150958479717
52275850	0.000904642500752402
52276140	0.00633671480600546
52278531	0.000958404102111698
52287890	0.00103182849476042
52288680	0.00128989936739135
52301960	0.000760999668499823
52303371	0.00153243791339948
52305110	0.000684298534997486
52310381	0.00103021492796433
52310610	0.00133257757782311
52317500	0.00392873259258513
52318780	0.00140702255825788
52319850	0.000664616396796087
52319921	0.0007510972762813
52325291	0.00150926973724779
52325540	0.0027041295051451
52326490	0.00277413867856157
52328560	0.00253197647905561
52329540	0.0166944365960925
52330220	0.000659677907361943
52331590	0.00171512436765952
52331990	0.000668487730053425
52335300	0.000896878523511679
52336540	0.0949668719014967
52337691	0.00272339016377598
52338470	0.00825398726862333
52341821	0.000903708484411791
52342910	0.00221481249835131
52349431	0.0712917514518577
52364530	0.000832874150326199
52368120	0.00154985672940429
52372140	0.000754358958356871
52374600	0.000837876239216781
52378801	0.000900170678163135
52382760	0.00838986268251072
52390050	0.0194379837007409
52390070	0.00109357849107861
52390460	0.00081242868094248
52403850	0.00128166084320604
52404670	0.00413848138881991
52408140	0.0128872497581437
52408660	0.000845150557223025
52412140	0.00247487697099446
52413141	0.00428028502248091
52414480	0.00551783687688387
52416861	0.00455011109441985
52421281	0.00506268786812843
52424980	0.0018921915156154
52443870	0.00148867053235447
52446641	0.00221212209781956
52449681	0.00284902026986735
52449971	0.00445930167092929
52452660	0.0520570553337853
52460311	0.000705595116267254
52473671	0.224094292214976
52474101	0.00396093107726935
52479741	0.0598072264138528
52482590	0.000670035564602517
52483461	0.000836575138045036
52485790	0.00445702368994653
52487881	0.0117001327756443
52488270	0.000947104705300844
52493531	0.000647909330663811
52496171	0.00373940027049508
52498330	0.000844027522928841
52501650	0.000817062669312251
52502101	0.00292051379005911
52503611	0.000621880799333607
52503730	0.000936596090102504
52504120	0.00122809736024795
52508950	0.00075025019697457
52514600	0.000879229896281314
52514760	0.000875137584242325
52518911	0.000696904344737688
52519560	0.0267862233075425
52524380	0.10631027281834
52526450	0.0061910923660948
52527850	0.000739379423315447
52528711	0.00174400310167934
52533271	0.00074156488698539
52533350	0.000990199703320438
52533930	0.0579488492779504
52539061	0.00121202959556779
52540441	0.000666945908632517
52544240	0.0136177335361283
52544581	0.0398145444171354
52551710	0.00089089373778627
52554231	0.00211381103055127
52556270	0.0113834372702689
52558030	0.00541222420636084
52559751	0.00349020349133164
52562221	0.00366430308068329
52562351	0.00238844805526826
52572301	0.35058302371072
52576540	0.00112899152631507
52579400	0.0144820350604771
52579410	0.000932068653461354
52579871	0.00188269775439914
52580650	0.000718095501768404
52581661	0.000762058797498382
52586180	0.00103246911903095
52587731	0.00105672184786431
52588380	0.000605580416104479
52589070	0.00197573914297617
52590901	0.0302606765550756
52593531	0.00192576922581356
52597521	0.000800343049208864
52599680	0.00363291050627234
52599840	0.000837705373564949
52602310	0.00379416950782361
52605370	0.00700536984260554
52613190	0.00093924234743228
52617541	0.000795967408558531
52620110	0.00245161056203512
52621050	0.0019961683983184
52622641	0.0134026577676294
52622860	0.00368333540817356
52623260	0.00526690442247808
52623430	0.000710219684230928
52624950	0.000664066458991343
52626160	0.00126933004390879
52627471	0.000622644509337895
52628380	0.00371288688198922
52628411	0.000815973169450307
52628930	0.0101062673116719
52630641	0.000678139613199856
52631120	0.00185384984402822
52632100	0.000723114381343331
52633910	0.000645857429303533
52636120	0.00686680667483527
52642211	0.316593811255668
52648821	0.174739407905997
52654740	0.000657174610192678
52657750	0.0223543445488785
52659840	0.0016002183315481
52660701	0.00143181591157317
52664650	0.000648948745949713
52665760	0.00219142845452092
52667270	0.00370590616744413
52669381	0.0257057192074585
52670481	0.000767075424574179
52671140	0.0128557530704244
52672011	0.00370297038110173
52674980	0.00131368219025263
52675290	0.00430630989606703
52676841	0.0111490499281051
52677251	0.00144919390128856
52687570	0.000660129903572573
52694160	0.00203515972468774
52700230	0.00313251730186567
52700910	0.00128858433291491
52701210	0.000630150265885696
52703680	0.0161823614217184
52707400	0.00300948062717701
52711530	0.00388654474583906
52723700	0.0231339425008633
52733740	0.00090228791216109
52749210	0.00136740809049809
52754881	0.00602564957260075
52756930	0.0010041078908941
52763591	0.000863902742303967
52766180	0.0112962652087244
52781750	0.00418507249087765
52782990	0.00501969968012304
52785450	0.00195435959863915
52787041	0.000685408456623779
52788281	0.0262557928259884
52789221	0.00299278629056719
52793760	0.00228766279739812
52796691	0.00088803184901013
52797720	0.0178680973250614
52800650	0.000678261146362594
52802040	0.00121022967988355
52812510	0.000900515950415006
52812961	0.013013550430065
52819830	0.00676928926225608
52820541	0.0442588617716438
52824391	0.00998953881817058
52826550	0.00386144084865826
52826970	0.000664419072572403
52827000	0.00998872310598245
52827790	0.0187253662484822
52829651	0.000669286642082876
52830580	0.000608423846871201
52831000	0.0022335490278502
52835711	0.00258021234594129
52841030	0.0008980834846635
52844750	0.223584544675463
52846061	0.00314307965072938
52852910	0.00134983403213155
52855120	0.00086261556497564
52855790	0.000785827366444442
52857340	0.00234808543689922
52858420	0.00503416378420408
52862341	0.000675174424670123
52865050	0.000639198332929569
52872961	0.000728290611285499
52876340	0.00111702455131987
52877590	0.000908888193628422
52879090	0.00147093551767128
52881621	0.0799727988836813
52882611	0.000639988394601998
52883370	0.0155908856665456
52886290	0.000918196224619509
52886440	0.00305473677647858
52887670	0.00622774909257751
52890830	0.00289393507185567
52892650	0.00280179824442148
52893361	0.0257594340606368
52893590	0.19016686463745
52893710	0.00944803891405964
52893901	0.00153187192661242
52895520	0.000630912348899875
52900811	0.00263503131327485
52905020	0.00211149942795082
52905200	0.00663894949541685
52907711	0.000959408489816961
52914970	0.0011139011667421
52919530	0.151016905199518
52921921	0.000622343313877363
52923701	0.00105062173410109
52927411	0.000911390760262412
52927841	0.000838049800561545
52928910	0.0018774625516511
52929980	0.00266879629784179
52937880	0.000878220484999354
52942290	0.000738592233083327
52947971	0.0248958418271945
52951291	0.000657721923501982
52953351	0.00859412896782064
52953470	0.00106720584903467
52955001	0.00216708152288088
52955360	0.162027745589261
52955691	0.0040820250077127
52956350	0.013433278193478
52958051	0.00576556207669104
52958560	0.00184970882577306
52959950	0.00226434396726562
52961310	0.00347047341529138
52966311	0.00179693104194143
52968910	0.00477549451747776
52976101	0.00136650080223236
52981150	0.000908612299972921
52982390	0.285024178609856
52987281	0.0028125983707577
52988750	0.00112576806219365
52990260	0.055960068309974
52992251	0.00221621952952177
52992371	0.00264667355085407
52999541	0.000795722834003334
53000641	0.000710762797748232
53001600	0.000966090350924935
53004231	0.00174524105352617
53006820	0.0026267259694824
53010800	0.00104822218088029
53011650	0.0348092569408601
53013990	0.00110493393205205
53016880	0.00217007620589837
53019940	0.00164326543894296
53021881	0.016622955215217
53021901	0.00456700919714558
53028770	0.00105384328394202
53037140	0.00353892667315391
53044921	0.00564517829863109
53066400	0.000859817943595664
53067001	0.000712969143292316
53067090	0.137086828851827
53074011	0.00574533700044953
53075770	0.00165241628698788
53076511	0.00192075673527144
53077830	0.00796682090577082
53079261	0.418907885097803
53079971	0.0573999802433377
53081051	0.00143504807200662
53081611	0.00355314460513996
53096070	0.000727392584257268
53096870	0.00179043182050881
53105061	0.00248982995346278
53116330	0.00407007898216298
53124440	0.000974009455872941
53125741	0.0364523567107841
53127240	0.000646505518568938
53128211	0.000708793943238356
53131210	0.00170237580274257
53132781	0.00116664587019253
53133181	0.00414729143524231
53133751	0.00412105454105905
53135080	0.000689567789611394
53135090	0.00215677771624025
53136720	0.000770216759216809
53138390	0.075621303645636
53138520	0.0072359608687318
53139060	0.00523604294137414
53139070	0.000784209363173218
53140870	0.000754031167779445
53144740	0.00256943186882313
53145160	0.000899669352221378
53145461	0.000879348806537931
53145960	0.000666672963728169
53146410	0.00192947849688252
53146701	0.00104816937119762
53148231	0.00176374060944623
53148901	0.413390474046077
53152491	0.00155419462000541
53152720	0.00102496139673175
53155671	0.00105332959069239
53157550	0.000670550847661865
53158130	0.0698212731780943
53159060	0.00389522343703096
53160200	0.000694970602581814
53162291	0.00230876662349736
53163080	0.00110103127952998
53163900	0.00256376990886304
53164371	0.000669520016660079
53165410	0.000651069514651861
53165550	0.00118822772279193
53165611	0.00265804067201403
53165741	0.00230526498333119
53167230	0.0130885984506345
53167261	0.00117438477798216
53167941	0.00157678722795595
53169181	0.0140959989398284
53170390	0.004742557160706
53173140	0.00191054897057638
53175261	0.391710824012188
53176300	0.000686809297551005
53176440	0.000648702148060097
53176470	0.000638287451505048
53176610	0.000636478125017846
53179750	0.00260066513356631
53180020	0.00230953360718633
53181311	0.00673018124505708
53181731	0.000990143532658993
53182780	0.0123133338035121
53183340	0.00496421362754869
53185010	0.00979754688940459
53187470	0.000760947504628667
53188330	0.00673176696659639
53189171	0.00244358739147765
53190691	0.000743529672569147
53190851	0.0114300823836972
53191101	0.000799228964646135
53191640	0.000717150919498168
53191740	0.00333321383868173
53193420	0.00906125597076503
53198991	0.0145305698527882
53199791	0.00074329949647753
53200310	0.000841040103760722
53201140	0.000806802928903871
53201741	0.000869660984356076
53206640	0.00256138708203052
53206701	0.00372082644838893
53206800	0.000666245088209729
53207391	0.106099395470662
53208050	0.000752746701702414
53208091	0.0132559684652352
53209181	0.000651041109027251
53209420	0.00220885053898877
53212980	0.000964658283673006
53215541	0.0177138641269722
53215610	0.0708555321776539
53215661	0.00194366341364359
53216710	0.00368163271720965
53220751	0.00116927222472127
53221171	0.00496025236134522
53222360	0.000734748001940546
53224310	0.000678623286825985
53225980	0.188828369938127
53228771	0.053353123813069
53229680	0.00118258403258629
53230940	0.00499813687706599
53236891	0.00198513669786794
53237881	0.000903730472462935
53238920	0.000713813047983577
53239460	0.00890859891717307
53240190	0.00241474350805929
53244860	0.000661682867153648
53246001	0.00131834156468558
53250910	0.00867243342060707
53252351	0.000634038622281992
53253191	0.00555539568738289
53253250	0.000645685914207257
53253680	0.000845316210455231
53258370	0.00136911743744534
53258390	0.00122373492103855
53261010	0.00318991430569203
53261150	0.00112625059297414
53263251	0.00170782563954931
53266551	0.000774923600185729
53267121	0.00126938482461213
53269560	0.00341602624801373
53276071	0.00256588598069002
53278821	0.000672280359721076
53282780	0.00186145859703818
53283190	0.00218988004364713
53287200	0.0032371427282908
53288970	0.000926654243733714
53289260	0.00121260088088418
53291210	0.00562734486537553
53291490	0.000879655012767394
53293280	0.00570050488803675
53295080	0.00132528895322016
53295210	0.000771358210751148
53296030	0.369106670953848
53296061	0.00236590259601717
53296430	0.00111168572080305
53297410	0.00419501236378818
53300040	0.000975977214670213
53300191	0.0124348480601225
53300300	0.000798949455620518
53301110	0.00521678581291547
53302530	0.00154051179021966
53302640	0.0730679918318062
53304481	0.00198908509155751
53305041	0.00271555368799363
53309861	0.00963402783653437
53312280	0.00826355776636267
53318261	0.0082753821102839
53318551	0.00163459144370114
53318561	0.000667387153186113
53322530	0.000935487319750806
53324170	0.0177918328715864
53324180	0.00219811608126445
53324560	0.0955413731870515
53325031	0.0013297162186615
53325851	0.00300175950353287
53327391	0.00244060734853366
53330271	0.000950434203272138
53332830	0.0946490489803554
53337120	0.000679035490274191
53340000	0.00108697253876217
53340870	0.0023331913306578
53341451	0.00641081435037446
53345110	0.00990965409019827
53346551	0.000917548325360758
53351490	0.0029835781838402
53351900	0.000702187796976274
53357711	0.000825115132147052
53357981	0.0010096078893856
53358240	0.000738597506525652
53362640	0.000868194155971414
53365670	0.000616306926623328
53368891	0.00277578569353722
53370220	0.0217450008476773
53370630	0.0271405390551439
53371361	0.000705482719168052
53371600	0.000782377276636192
53371781	0.000856876234497848
53383911	0.0893168426489217
53386551	0.000743338529488902
53386681	0.000848667657969497
53390961	0.0676477773369246
53391210	0.00413192799303079
53397571	0.00608199803903878
53398131	0.000748161537622712
53399511	0.00207293057904913
53401311	0.00135371850112505
53401510	0.00288968257200611
53403221	0.00301591152236834
53403791	0.00150307964115551
53405810	0.000750145215352962
53408130	0.0496689374704699
53409670	0.000995316810224053
53410230	0.0166764923461155
53410240	0.271112276510954
53411760	0.000700763340203719
53411990	0.00124068847605684
53412310	0.0162322602629895
53414541	0.0010705201262389
53416690	0.0355685640577501
53417670	0.00112975718266153
53417960	0.0197510811755853
53419890	0.00614677555012606
53420420	0.0350452392224206
53422920	0.00693820251433203
53423921	0.00530604415566728
53424170	0.00284640806108412
53424680	0.00957286002533618
53425250	0.00102403940912932
53426401	0.00150054936422524
53426470	0.00356389217461489
53430620	0.00127766292266046
53434401	0.000696234565047688
53435880	0.000711157284226403
53436871	0.00267221835162852
53439860	0.000802800688823513
53440300	0.0148916929693407
53442480	0.000904155417630453
53445260	0.000865384123702313
53449851	0.0105845547785614
53451160	0.000739248463552573
53451860	0.00465787032850845
53453250	0.00327243508089484
53455651	0.015587771272582
53455911	0.0186115315536994
53456150	0.000809434207558745
53457820	0.0127456372731481
53461991	0.00143063513823337
53463190	0.000732216958024732
53473411	0.0306697475454123
53476031	0.0212711126285368
53477640	0.0178815738134343
53479330	0.000632198978472526
53480580	0.0235055102475759
53481831	0.000752840359301986
53485981	0.00733785327216667
53487491	0.0476886398540741
53490480	0.000712639862370367
53492160	0.00215715091296038
53492680	0.00152987760678428
53501250	0.000833295521690869
53501530	0.005618624303719
53503170	0.00571888632396194
53504840	0.194058211177941
53506340	0.00348279677929831
53509380	0.0033816391941754
53509500	0.0013233769805394
53510070	0.00178970413149769
53514610	0.0049114532193376
53525971	0.012835738776901
53526220	0.00252126250817419
53531700	0.00283086643961485
53538740	0.055722960320447
53539201	0.000736077883079772
53539720	0.000722362473808977
53541390	0.000650572696704505
53542620	0.00478388469395428
53543501	0.00136962731751506
53545971	0.00342889980101585
53546500	0.000698141310201981
53551730	0.0280174468702328
53552741	0.00543274930357454
53556410	0.00254550700316319
53561220	0.00201092649664394
53569390	0.000803626114390254
53571420	0.00136913589488819
53572000	0.00141597909069738
53575300	0.000677713346767537
53577230	0.00165671838121828
53577660	0.00870662099857046
53580571	0.00956114175063678
53584680	0.00105035477748968
53588031	0.001870756358312
53588140	0.0108777219840757
53590040	0.00212632726228743
53591751	0.00167240439591912
53592110	0.00106411696321834
53592810	0.00173436306564392
53595320	0.00151821849764961
53598350	0.00242278964602265
53598490	0.0010918772982179
53598600	0.00261177341954666
53600280	0.00719571520332831
53601811	0.000655010900874239
53604000	0.00963670520956554
53605131	0.000750261266364212
53605770	0.000698795946724499
53608130	0.00067182723028632
53611170	0.0175283621931729
53614310	0.00509050573519333
53617920	0.00196440806490589
53619611	0.00102196510863539
53619751	0.000677476723962458
53622221	0.240847685071081
53622330	0.0164815469721049
53626340	0.00115426955864098
53626480	0.0010053832202842
53626911	0.00508903781711764
53627870	0.00313403650264548
53628311	0.00571690838706263
53631201	0.00333000700266434
53631840	0.00897641084910315
53632560	0.00232752889028252
53634511	0.000759810240180324
53637230	0.00267091451500805
53639020	0.021172259883978
53639491	0.00261305755519109
53640540	0.0207780818136331
53640820	0.00076796281428139
53642480	0.000888061217425146
53642880	0.00934695161957285
53644380	0.00739686733227548
53644930	0.365002949527055
53646101	0.00186927225743894
53648660	0.0456230733785273
53649110	0.000783123003840272
53650320	0.000636384793889455
53651830	0.000748106328379777
53660660	0.00128911657410635
53664851	0.000703137027122177
53665510	0.000796402967613574
53666760	0.0024088514998221
53668940	0.00288627011175871
53668950	0.00313827310249739
53669620	0.000673020632953309
53671150	0.00280882350908217
53672161	0.00865508505375599
53672800	0.00166847363195885
53673811	0.146427721551217
53674050	0.0030391371592436
53675830	0.00203741115717105
53681001	0.000726940857349355
53681790	0.107094882897651
53685220	0.00102306420643327
53685360	0.00976090814300092
53688561	0.00147287611866575
53689401	0.00112943529907187
53693821	0.00508260698524934
53706450	0.000867551737156111
53717090	0.000964360430372231
53719840	0.000699594813656582
53732780	0.00614620273732148
53735140	0.160091544752953
53741220	0.00066208376877225
53750371	0.00188576572785107
53752011	0.0014686366814968
53752141	0.000729361145196632
53754641	0.000701569156929039
53755731	0.00109052409885951
53756370	0.00396414646564001
53756640	0.00842293254614133
53758641	0.000667847822913622
53760810	0.00606159649994272
53762641	0.454614056202296
53765470	0.00084363459631949
53765490	0.000803750436043949
53767321	0.0243862023725167
53768120	0.000693095237467934
53769821	0.000834112549155896
53770440	0.00076256151239391
53777801	0.00715419726160651
53777811	0.000828607818900798
53778440	0.0428582491877668
53781391	0.00243320056505556
53784161	0.00375603249379661
53786491	0.000640989575957885
53789470	0.00688099759884941
53791400	0.00126765942592271
53794720	0.000806256240204495
53795440	0.00296690858805011
53796271	0.00311984715047785
53799471	0.00147991566204697
53801770	0.0066546529840255
53802060	0.0368401123140694
53802641	0.000844322232462894
53803171	0.000769493821249913
53803861	0.00211685492929693
53810361	0.00222890270160973
53813760	0.00208982122324157
53817910	0.000725281844333433
53819280	0.00268778884490911
53821121	0.0471816783318359
53825900	0.0457757853494089
53827810	0.000919714853101012
53830190	0.235812648560867
53830320	0.00108413679325104
53831710	0.00243719369458854
53831810	0.00175533280290556
53831881	0.000782168872171405
53832431	0.000924012727129731
53834771	0.000733136677265664
53835550	0.00987141787435281
53839250	0.00357862693064354
53839451	0.00119729538714079
53839670	0.00551336912831415
53841070	0.00589194104989368
53841480	0.0217644115697144
53842170	0.0922715926099059
53843960	0.00202637039000316
53847861	0.000941333067235437
53850221	0.000788486160648777
53852120	0.000861373608986293
53854700	0.105420619021072
53855680	0.0473393649876723
53856670	0.0019064255826151
53857941	0.00102728002701409
53858860	0.0249084608761929
53861610	0.000820930773185807
53861740	0.0177645962132819
53866710	0.00265918391193043
53873941	0.00132705302150491
53875270	0.0031449629957975
53876971	0.00104155086333886
53879660	0.000768442071530079
53880650	0.00392713687372774
53889910	0.00118357822935937
53891280	0.00753551410619838
53893220	0.00219389797972667
53893371	0.00691445369130295
53894570	0.000803687427434798
53904271	0.00159132549670753
53906061	0.0247975004217825
53909241	0.00365303508970406
53909460	0.00154220158660259
53910460	0.00827275683489585
53912691	0.212855243196669
53912770	0.000750891423756576
53918071	0.00131826693762453
53918201	0.0184395397500994
53922071	0.00746030693300653
53922970	0.0358422383002352
53923660	0.00352875055011422
53924971	0.00243975202685569
53929771	0.00166586503266958
53931010	0.00360706374559478
53932681	0.00564436884616927
53941190	0.000662609882508439
53949521	0.122342160866888
53958341	0.0488553778511322
53967561	0.00181897254398437
53975280	0.0880863171801232
53983301	0.000903505692909165
53998191	0.00118583673331205
54000620	0.00138342491162359
54000650	0.00248056596555718
54006580	0.000719646151368591
54015841	0.000767165228837237
54016230	0.00623583029942624
54017890	0.00125565752480923
54018140	0.00140621813054279
54023950	0.00246096793875565
54027431	0.00105109593235734
54036910	0.000855190919997528
54050140	0.00155686974963554
54052350	0.00110736487883268
54066061	0.00101680238253776
54069060	0.000983068122941282
54080190	0.00744208689111303
54089231	0.262400844593375
54096791	0.00322516675686163
54097091	0.00701842614751057
54105641	0.000879588958668778
54114810	0.00075720794176452
54118721	0.00152199123114367
54119001	0.00556738997027413
54120121	0.000740209885857285
54121590	0.000811031613953178
54121860	0.00518687445643155
54123220	0.0009073600388456
54123400	0.000835739304932995
54136371	0.000775762577511836
54137211	0.000942248822348815
54137590	0.0994817555360408
54139950	0.273689638405176
54152180	0.000680846765688605
54153331	0.00305690731741831
54153850	0.000863866773002784
54159401	0.000713892933891603
54164511	0.0024159976122808
54166540	0.000645689111579349
54168750	0.114916011447034
54169201	0.00390561510875341
54170021	0.483940287568699
54170820	0.0587012985005773
54173351	0.0030754122416888
54175240	0.371494726297801
54176360	0.00283946587115283
54178250	0.000956893196652533
54178290	0.000774910218254304
54178301	0.00163058775713507
54185580	0.02566812921378
54186270	0.00696048843193969
54186520	0.00188134779620045
54187421	0.00149933149602743
54188371	0.0007871611553417
54188450	0.000801411430209643
54189030	0.00537221403311542
54189560	0.00688865735867393
54189720	0.187749174319217
54190390	0.00065187603401509
54191780	0.107878006903545
54193310	0.000636567549724806
54194840	0.00197815541691165
54204200	0.119630393338019
54204661	0.000802368081507624
54208801	0.00226166708144199
54210171	0.0110418628888382
54210280	0.00101095808574167
54211630	0.000728901607213675
54212040	0.0172716083083841
54213201	0.000932914074824969
54214041	0.00187426019967102
54219480	0.0135038408833647
54221990	0.000883175608675573
54223121	0.000635059749546321
54224661	0.000834111977288641
54225590	0.00173250247788698
54225720	0.000986920577091558
54228180	0.000844482275396116
54230171	0.0021229970186742
54230861	0.252646482192714
54238431	0.00199982003397759
54242841	0.00213442232137182
54247650	0.0253501834733217
54248241	0.000630230620456986
54248610	0.00128097418036478
54249181	0.000906139977014313
54251090	0.00555539856753447
54256241	0.0700107432259701
54257550	0.000798748880720781
54257570	0.00104115415429736
54258680	0.000693302960322637
54260330	0.00234119818611719
54261140	0.00184876091700588
54261741	0.000725628065845081
54266171	0.00104968776821048
54269270	0.000761835508062066
54277820	0.00334224413715056
54278110	0.00431791719083314
54278690	0.000941820866332209
54280340	0.00668669679520745
54280450	0.000928046535574975
54282660	0.128742274131924
54285160	0.00101704467856865
54285820	0.00089186329974443
54288491	0.000911338797463715
54289290	0.00254117695410822
54291111	0.00640510780819962
54294100	0.00105006676208429
54294250	0.00305368443944246
54295920	0.00104037193433534
54296320	0.000933727556606583
54296440	0.000792826816474673
54296901	0.00124280868258162
54297481	0.0173242325733704
54297550	0.000709786524513037
54299541	0.00136360661920305
54300060	0.000697494660967723
54300501	0.000691336684579248
54300880	0.0202788820853955
54304911	0.000760555964480603
54307500	0.0309758243511197
54311640	0.021675401058207
54313830	0.00215434249315482
54314090	0.00630644883739853
54322790	0.00246276885482357
54322940	0.00576233043081435
54326120	0.00116357532754385
54326260	0.00155883008268718
54327350	0.00141179614605328
54327490	0.00141794588758586
54328020	0.00116333897619545
54328621	0.00261262937462573
54329970	0.000839732298915386
54332180	0.224423285912491
54333990	0.00228048544250877
54336501	0.0139356015711481
54337150	0.00962621906130298
54338230	0.00255367463605344
54338520	0.00125600228825742
54339271	0.0301424837272819
54339880	0.0219426934885267
54339961	0.000719007542969431
54340160	0.000927368380099149
54344590	0.00403720252098673
54345440	0.000765990195027075
54345540	0.00116103993115451
54345820	0.00404247650247289
54347340	0.00792935033512398
54348310	0.000831080461859515
54348351	0.00167815212228692
54349300	0.000816341355785014
54350701	0.000633380630184364
54350991	0.00089157012958543
54351541	0.0748596233492424
54353321	0.000670067406571915
54359490	0.000701919272341272
54362691	0.000917031781370828
54366141	0.00181842027574429
54367681	0.00583217513600657
54368590	0.0182334928560962
54371090	0.00234231921546003
54371261	0.00084273148771928
54375890	0.00178120337810988
54376320	0.000632245389837798
54378021	0.00130453686071613
54381451	0.066909871216577
54382220	0.0147227398505204
54385570	0.00120010769238364
54386110	0.309576402581995
54387600	0.000658171458783587
54387770	0.00385265172479024
54387880	0.000823115547165249
54389690	0.000848001492947325
54394520	0.00234546934987969
54394650	0.000812014001079333
54394711	0.00613486131612924
54395951	0.00327380110879473
54396201	0.000692612890886376
54396621	0.0259310170677077
54396740	0.00701090847278702
54397171	0.000814219746603321
54403951	0.00223841161554512
54407770	0.00886710607925182
54413881	0.000751317547554891
54415651	0.000658285253846252
54433810	0.00376376724278629
54436980	0.0112151751635801
54439091	0.00247094393817029
54444860	0.00161300434079953
54452580	0.00450665386716187
54452720	0.00322663646886309
54452730	0.00149270340878208
54452740	0.00674532941913487
54453960	0.000930400783878751
54454490	0.0130036700585136
54455531	0.00074131964269716
54458520	0.000875980720150629
54459671	0.000773377881368149
54459750	0.00632678935374796
54460201	0.0148534979858589
54462520	0.00102983363480813
54464761	0.000993878098751107
54465660	0.0489733836768718
54466080	0.000637589116035173
54468460	0.0127556040651694
54469581	0.00149853104262653
54471190	0.0116420710381628
54475480	0.00133742422245964
54476850	0.0013161680427747
54478800	0.0574663555621483
54482390	0.000770886619198313
54485260	0.000765934928898202
54487371	0.431957004504988
54493301	0.00948724024951057
54494900	0.000694878554655914
54497981	0.00263521803542529
54499180	0.000997672551935822
54502370	0.00111936481864659
54502411	0.000870107879646064
54502510	0.000924183999860034
54502561	0.000774207368557061
54502951	0.00565529598870198
54506210	0.000996941992085475
54507730	0.0043948211712193
54508700	0.0064965488589085
54513110	0.00938596501537478
54515600	0.0248510425985449
54516160	0.000818354255409293
54516580	0.082783480745126
54517690	0.0146059001707428
54518131	0.00152023738240521
54518360	0.00587212581364271
54518780	0.0066604434485125
54519781	0.00208123380726908
54521520	0.000777645190883513
54521540	0.00112015745568775
54521680	0.00341658912483377
54521970	0.00103078619838655
54522421	0.0209903286184457
54529441	0.00270837250849115
54529790	0.00225556178735677
54529861	0.00253848090281835
54530920	0.00299401407338088
54534080	0.0245431171372276
54534480	0.0044611899231927
54535050	0.0535147848448816
54538480	0.000685142830750536
54541100	0.000956840921944903
54543730	0.00381882320677247
54543880	0.00165635543156587
54544580	0.000858171171598333
54549171	0.00106025209851339
54549250	0.00338723929558147
54551921	0.000996152468417897
54552040	0.00320574373956129
54552140	0.604738493876929
54552150	0.000613626386028036
54553530	0.00125419564701709
54556310	0.00156764270182512
54559050	0.0318029148836289
54559641	0.00686715769055807
54560041	0.0176457547458964
54563880	0.00239150290643458
54564860	0.00214094305358904
54565100	0.000821036120894186
54565301	0.0205104883911071
54565421	0.013998183898556
54566401	0.00386553020366181
54567180	0.0168757455773971
54567600	0.00091491951617352
54569950	0.000699325029762042
54569981	0.000636290980613214
54570750	0.00838350031552647
54571931	0.00371797334716902
54573670	0.000889988640322898
54583231	0.121332229467989
54583931	0.0939599406879969
54585011	0.00797037657088429
54588310	0.162700607767157
54593031	0.0249455652580405
54599720	0.00274532546153081
54600980	0.00723465834943575
54601380	0.000844591212950677
54601660	0.00167864514416293
54602510	0.011351760052497
54603860	0.00144224280733764
54603880	0.00132786481437047
54606521	0.00145529444244414
54607710	0.00589670538022734
54610271	0.527509393812676
54615160	0.0218623052311842
54615610	0.0337873994107433
54616290	0.000647793965494598
54616881	0.00264364529252489
54617441	0.00139936763206839
54619480	0.00907570143721213
54620041	0.000975212864712035
54624061	0.00155062991276097
54627631	0.000726865723024654
54627901	0.0155091505091896
54628591	0.00480502651962907
54629960	0.00164920530880693
54630951	0.00251972629742214
54631590	0.00175721015543175
54632321	0.00106729705124864
54632861	0.000800912940121775
54633400	0.000610047390039587
54633680	0.00172035560467401
54636700	0.00209089119656486
54637110	0.00116323731995643
54640440	0.00165506056480752
54642350	0.000982676149216772
54642630	0.0111201375255821
54642650	0.000958793761410374
54642671	0.0284812127149744
54646531	0.004803858917937
54646821	0.000752088232789686
54647351	0.00164166936212877
54647470	0.000723009097097825
54647710	0.000840911820047827
54649421	0.00160979950187969
54649520	0.00215290265508673
54651901	0.000640577891877443
54652690	0.00171562350717751
54653411	0.00706309266712081
54654510	0.000990525769705559
54655371	0.000871195678928097
54657370	0.00788516701404022
54657971	0.0322917591803066
54661100	0.0210067221551421
54663600	0.000877590484656436
54663891	0.000740936403907233
54665161	0.0122011342776383
54666381	0.000680962908991565
54668140	0.286904404401848
54668581	0.106702208595747
54676680	0.000802406923656404
54678630	0.000807902782579127
54681431	0.0136497086612974
54681711	0.000710801060358958
54682610	0.0626957361613026
54683610	0.000653985264765021
54687850	0.00353340502768458
54687860	0.00740804641738805
54688560	0.0162071717228827
54688721	0.00112639194282516
54691621	0.00391389125491856
54694350	0.0139148016783402
54695590	0.00929437036461345
54697220	0.0165607775824069
54699071	0.000968059344120157
54700560	0.000796643986968717
54700721	0.00668338286165566
54702640	0.0136502121743181
54703310	0.000754474955570479
54704591	0.000674518495041039
54708010	0.00329573800789355
54709421	0.0320457625898521
54712461	0.000801568639869344
54713250	0.0017751597265665
54714320	0.000732272214262246
54715751	0.000912426186849834
54722620	0.00338301411674746
54725961	0.000999833923944898
54731020	0.000611987324489019
54732970	0.000854883791733838
54732991	0.468213491200166
54733961	0.00126666950994117
54735150	0.000797981011199834
54735361	0.000740772429160522
54745810	0.0100148434547576
54748601	0.00421854743151913
54750330	0.0022552959045189
54750381	0.00104369815914715
54752161	0.00107922838099017
54752390	0.000689840975413678
54757110	0.000788881586498452
54758900	0.00547571968033612
54760441	0.000938542593105849
54761220	0.000602679936687682
54763050	0.00131052743456831
54763481	0.000962586668731948
54765821	0.000769957070196489
54766360	0.00089928111946966
54773370	0.00168486160717311
54774770	0.000631776316234572
54778080	0.012690406680535
54780140	0.00666880159678329
54785971	0.0136741827622728
54786730	0.00111270887136632
54793811	0.00847313065099232
54803040	0.00214659162523521
54815180	0.000811286416001378
54824660	0.00128633382074428
54828820	0.00103389505116351
54830030	0.000702282680314581
54830740	0.00076330097218928
54832100	0.00137834109580043
54837141	0.000887744953585513
54839881	0.00575593637093648
54840711	0.00547138544350492
54842371	0.000653402008788738
54845961	0.00110312094259124
54846060	0.00216569520504025
54847481	0.00131270505888028
54847710	0.000763654143653276
54848021	0.00203050367120993
54848810	0.000622842602478271
54849360	0.0602203314287805
54849391	0.000717554233311162
54849920	0.00198367891905371
54849930	0.00178112403907718
54851410	0.00279480259013409
54852721	0.000621295863204112
54853480	0.00239665875736383
54855820	0.00190511647710019
54855980	0.000909950101459105
54856670	0.000765940065347042
54856680	0.000726517907892041
54858070	0.000689035833694994
54860240	0.00371375453127386
54860581	0.000893138168413578
54860991	0.0138598984772982
54861210	0.00176041257246153
54861490	0.000696193278897823
54863450	0.000970919614720006
54864311	0.0015344435899346
54867591	0.000700162964332739
54867850	0.00295960441899853
54868100	0.0188053073620926
54870730	0.512073465966189
54873240	0.00077116374329403
54874860	0.000811588339235567
54875960	0.000658566674803596
54878470	0.00238672842089144
54880011	0.00714384269981502
54882101	0.00379800805098358
54886221	0.00451073824013837
54886231	0.00316475680019955
54886990	0.000792308414250474
54887731	0.00706161552084442
54889100	0.00134799844885501
54889230	0.374475120752193
54889251	0.0020787044756588
54891830	0.0280690717134623
54892410	0.000669939148116567
54893890	0.00375552729016404
54894060	0.000826660039744987
54898361	0.000637136408520945
54900100	0.00154743349781899
54901210	0.0126515931245818
54902020	0.00104411027305523
54902720	0.0263906515839962
54904021	0.0101096003373993
54905251	0.00284990172264698
54905951	0.101765998314647
54911061	0.000716552296162822
54911201	0.445715282275906
54916151	0.00788239599451151
54917961	0.00093834196008657
54918730	0.00224796784724364
54920161	0.00100466697825868
54922190	0.00568230961511008
54924390	0.000768467116150999
54927300	0.0018289649228885
54928410	0.000767031142633107
54930460	0.111413282967651
54932540	0.00339239417711404
54932920	0.00845981366798565
54935191	0.000618465610970089
54935461	0.00846670143793235
54936790	0.000699320043975694
54937791	0.000647761865693012
54939591	0.00950577124104831
54940281	0.00542575304414665
54941190	0.00284481095820006
54942170	0.0160720626301352
54945610	0.00567417714245202
54945780	0.000740977935884725
54947041	0.000796035393812965
54947331	0.00538203388881507
54948260	0.023240933214858
54949900	0.00358818112556287
54953811	0.00257591101780521
54956090	0.00208795321068636
54956230	0.000681987962254278
54956670	0.00216223862049643
54957190	0.000766372403132472
54958310	0.00176391009460112
54958740	0.00231934237872462
54959471	0.000631231907390752
54959581	0.0128621925358158
54962750	0.00413329549796955
54962761	0.00279805663677684
54967280	0.00227747216678963
54968021	0.00176083410089843
54970590	0.000726612635174364
54972021	0.0026973472289079
54973230	0.00149855581289322
54973391	0.00087843369810441
54974290	0.000637044163142986
54975020	0.00212799156370326
54978160	0.00105139451778129
54979181	0.00307276610867379
54980770	0.00115294470578382
54981760	0.000680321591860503
54984950	0.000728063289342364
54985101	0.00477722820981343
54988510	0.000808629319061894
54988780	0.00109326804446227
54989770	0.00165215159208706
54990911	0.00143448225264952
54991441	0.00096699939495585
54995051	0.000818882199348122
54995550	0.00114633389056994
54997090	0.00170543694749459
54997791	0.00165503255437676
55010771	0.000787673281493994
55011010	0.00123736885733505
55015721	0.026614113381354
55020800	0.000837918704983788
55023390	0.00139060107444428
55030891	0.00402987335637751
55033360	0.00100511688316553
55036080	0.0757127930355869
55043140	0.00603564657294386
55053320	0.312228374942585
55060841	0.00183480284903544
55061501	0.000697809466404987
55072770	0.00304937546515263
55073060	0.00119492988884578
55074000	0.00144872572555093
55075420	0.00073759727612449
55077231	0.0419727667112966
55078010	0.000808298643796428
55078061	0.00650134645678346
55078440	0.000947945802103825
55081760	0.0122146306393441
55083940	0.00147448943741578
55084490	0.00220712458376625
55084671	0.00154365183933926
55089460	0.000822415785566835
55091390	0.000701568521603876
55093921	0.00242941112002784
55096421	0.0317780905000929
55099711	0.00101995594559948
55101630	0.0033201732638285
55103250	0.00341553271625805
55104261	0.00111678217340957
55104790	0.00107065766248948
55107711	0.000941058174683685
55107820	0.0303202069896459
55108001	0.00872705928577875
55108630	0.00199809598187964
55108640	0.00327157342992178
55108971	0.00595586284212118
55109350	0.00508370322311265
55109511	0.000742143690127002
55109651	0.00202975028088358
55112520	0.000861397127309582
55115140	0.00167831716160009
55119120	0.00146717135134343
55119861	0.000722639141784731
55120240	0.00326702314605273
55121610	0.000726931959485232
55123960	0.00250899266147415
55124070	0.00846274748094413
55125200	0.000946569326425679
55134471	0.000709802419383135
55134871	0.00169039562819759
55136480	0.0663025434136602
55137651	0.000654786122891049
55138211	0.501836831873657
55138410	0.0305445622031541
55138461	0.000920873400747609
55139260	0.00489095186136168
55141911	0.0018544871197122
55145460	0.00150890940726375
55147021	0.00106215579894772
55148240	0.0542269830190186
55148811	0.00283069518460552
55149190	0.00135351881272284
55151130	0.00148945973709262
55151701	0.000954924926781166
55155250	0.00187888484175395
55155370	0.00070892886040246
55157060	0.00593042536272008
55157371	0.00299427219766928
55160910	0.0113241705179705
55162181	0.00106989033988704
55164100	0.00372909682121483
55164770	0.001098386523807
55167390	0.465760708473149
55170321	0.00346195545435117
55179800	0.000707055741996949
55180111	0.000710093085287829
55180681	0.0451812350694853
55181060	0.0395722597539857
55184381	0.190173960012327
55185870	0.000744896571048242
55186000	0.0856108198026728
55187031	0.00104701706251528
55191260	0.0025378512912807
55192500	0.00124674494670749
55193921	0.00117948666892384
55194471	0.00139686553762447
55194550	0.000710454601650889
55196521	0.00172528490347951
55202891	0.00103808262334965
55206440	0.00538005606791913
55207711	0.00856534903872909
55211281	0.00412251439279459
55215711	0.000985635045046706
55217761	0.00186204009560752
55225860	0.012067805249275
55228620	0.0162164905648649
55231561	0.00331082766841247
55234260	0.00424622174824685
55236470	0.00610590248421302
55240370	0.00318704314539375
55240630	0.0051439741411602
55242270	0.00245158391778036
55247961	0.000957680123215855
55248220	0.000761452682622895
55249300	0.000659886536117583
55257201	0.00205079933459183
55257911	0.00132368911487721
55259940	0.000652114281571404
55261221	0.00470842714414965
55262171	0.000901630480512176
55262871	0.000731665242583838
55262970	0.00940694019059748
55262990	0.00128855133452555
55264740	0.0031031705814651
55265030	0.00110165824044187
55265460	0.00167465623330718
55265481	0.00154204030009494
55265860	0.000956307336529981
55268460	0.00212643279386541
55268490	0.00172511105807669
55271660	0.00111279014681162
55277201	0.0316914851686487
55277450	0.0337124832106708
55278850	0.427282761167855
55283421	0.000692176405264519
55285761	0.0126509638978683
55285870	0.0310688914504229
55285901	0.0027002418229307
55286290	0.000836224424945595
55289590	0.00158857268073027
55291131	0.0141144060806828
55292261	0.00124467166810717
55298950	0.000648632811930994
55300090	0.000851175947325503
55302280	0.000771816380472748
55305891	0.0093804490037941
55307260	0.000855696128534475
55307940	0.00093862111616344
55307961	0.000981643539366159
55309310	0.00452885762055858
55309631	0.00386746074655949
55312320	0.00175630089652453
55313330	0.000629523330139931
55314171	0.0126454470040424
55314700	0.000718418744993717
55315800	0.00104680825339034
55317481	0.00580725629316111
55318721	0.00205226905088547
55319660	0.00176499250524858
55320490	0.00219155504851331
55321980	0.000993316489643628
55322041	0.00259634906138189
55325020	0.00531416283137259
55326130	0.00855667176905855
55326171	0.00077873908966869
55326731	0.0022780808983524
55326851	0.00696232326344863
55327110	0.00201044852424856
55327370	0.079801487411856
55329580	0.000785434407664146
55329611	0.000830499026897414
55331421	0.00390220631320786
55331971	0.000655725186352515
55332921	0.362255495749664
55333180	0.00153039040468998
55333211	0.000973226465153407
55334461	0.000846390179046635
55335981	0.04523824378578
55337211	0.00088287888494687
55339670	0.00146253414345121
55339971	0.00356318456963326
55340210	0.00724433085285638
55340730	0.000901429708003755
55341290	0.000635933976433566
55341300	0.00110830463191965
55342250	0.000925444126527021
55342840	0.28673676809411
55345030	0.000775546573836369
55346830	0.00202288272665846
55349140	0.0151772871987944
55349221	0.000822485880778728
55351281	0.000791490217267535
55353840	0.014764469063204
55353850	0.000827721081576255
55354400	0.00223230465442537
55356450	0.0203198093376685
55361331	0.000924400041228358
55362110	0.0101437144971636
55363951	0.0187097973548378
55364941	0.00202967989492249
55366000	0.00230004547095771
55366110	0.0207137322934021
55367380	0.00496700186764413
55367691	0.0203028655574559
55367951	0.00268304421320138
55368330	0.00214682382010378
55370700	0.00118867370766171
55371490	0.00647251470346494
55371500	0.000745319334920229
55372781	0.000742862949014099
55373061	0.000990370384606256
55375780	0.000684273892359392
55377710	0.00254191921024492
55379900	0.0163057768584623
55380231	0.000980646840937207
55381071	0.000817418445812398
55381710	0.00357466707455685
55384091	0.000697988436272039
55385720	0.00352442825784668
55387001	0.047512882863698
55388081	0.00764589963485281
55392590	0.000675210240589301
55396050	0.00713246858417095
55397901	0.0148797662183774
55399660	0.0144973772394546
55404050	0.0147892034987087
55405040	0.0349076254173294
55408890	0.000752216678877309
55410930	0.00447602646238861
55412890	0.00129044752966064
55424511	0.00289829127114986
55425891	0.000909841617169784
55435500	0.000947125694568296
55442441	0.0011954901739763
55443630	0.00087129461239361
55447490	0.0040106216224465
55454390	0.14002204183339
55455890	0.00455043757056134
55456860	0.0122582667425629
55468580	0.00256059774794225
55469601	0.00516955084050326
55478130	0.166016818004003
55488791	0.00102098905830677
55489280	0.0031976864764261
55496361	0.00122122363184926
55503370	0.0333952358474321
55512771	0.00140008109913812
55516071	0.00586127376989337
55517020	0.00147103482921725
55525181	0.00107081257828615
55537061	0.00740274912013828
55544781	0.0126793223690839
55545280	0.00141992599125221
55549601	0.00112121978062431
55566810	0.00179081261117746
55572491	0.0218921710054182
55572980	0.00776328328846925
55574250	0.00149396644145468
55574530	0.00337982749735293
55591640	0.00357286936052116
55605171	0.00100627755719496
55619350	0.000742570913414715
55620420	0.10106788608901
55625810	0.000927119566735033
55640990	0.000848958968403718
55641700	0.00069746939473825
55644280	0.00312350805459014
55646110	0.000959085304392448
55652211	0.000787340038147711
55657700	0.0456977849716123
55658681	0.00349373059184995
55672140	0.000906111987771878
55678490	0.000950068509212542
55685021	0.00226725503618361
55688341	0.00093744676581259
55690070	0.000907492656106788
55690261	0.000941844345537159
55696300	0.00198046812294136
55709011	0.000990249996929263
55709721	0.00220001845471954
55711480	0.00142615582561851
55711931	0.00145881006356071
55712201	0.0398143678732067
55712621	0.00277043711754847
55714210	0.00085341342116128
55718920	0.000731373414934871
55738930	0.000669864572126938
55742811	0.0316038218202714
55743320	0.000951902463222463
55751641	0.0676211874182478
55766251	0.000903074166701218
55782931	0.00245586005626058
55796051	0.0011744338028713
55801930	0.00277939176060112
55806480	0.095475015592931
55819631	0.0160310207208092
55834500	0.000862986949445561
55841851	0.00562636895493894
55842740	0.00198643623312961
55849230	0.00337443761007148
55857011	0.00172521341330625
55857421	0.00542895846188617
55863570	0.000869911956171546
55867501	0.0176267050999263
55868260	0.000954360860309871
55868410	0.00483776042168702
55868560	0.00604680161503031
55868980	0.00142869137495366
55870101	0.000712188306063759
55870360	0.00165708775991783
55872290	0.00108844061107658
55894121	0.0278402860056318
55900731	0.00117680349495693
55916721	0.000822260966371767
55918600	0.000949542044876406
55937360	0.000968780514803311
55940301	0.0130660096196996
55959150	0.00095923101387563
55966651	0.00219518616989711
55970251	0.000649481009876789
55977640	0.000723091274296835
55982060	0.003393889743817
55986781	0.000649621970720996
55992930	0.000809131523731428
55993230	0.000855914320280628
55995840	0.00224420752634327
56001541	0.00084049815787401
56010060	0.00439864512958234
56013650	0.00119423859868296
56013821	0.00105893334677532
56019290	0.000828359258493411
56021920	0.0164008637465482
56024970	0.00232185404470278
56027430	0.000931466483303008
56038310	0.00240227040877299
56038641	0.000794934186826654
56039150	0.0102262147890595
56044561	0.00103727896338869
56045490	0.00118254145337806
56046091	0.000825537345346572
56048311	0.023739324224399
56049070	0.0437448444122394
56049380	0.00077474043077985
56051990	0.00568034416811705
56053620	0.0450558374413883
56055751	0.00413602599393417
56056861	0.0314232151394249
56063960	0.000728660191792091
56063980	0.00830962134777743
56064431	0.000806080550934803
56068130	0.0124382522857288
56069111	0.000696943458931225
56071041	0.000742448767230251
56071130	0.000754315238994675
56071591	0.000821637179037368
56072161	0.000673336303719964
56074330	0.00169345267215753
56074440	0.000709971503130187
56076581	0.000640616923474154
56079201	0.0566235267286062
56081780	0.00280865036273647
56081890	0.00185461730464067
56083451	0.00143839570490914
56083591	0.000716129918597339
56086200	0.00982056371796594
56088701	0.00206270523623038
56090160	0.00170505300022252
56090511	0.00197944910769383
56090880	0.00181245044354445
56093401	0.0122783289104145
56096110	0.000779776918412433
56097681	0.000779110090751017
56099871	0.100083584506305
56101890	0.0007891908970609
56102781	0.000701194321947095
56103041	0.000711990846392879
56103410	0.00240342728430406
56104100	0.000650402240954483
56104151	0.000686297950936318
56104370	0.000870565639547735
56107680	0.000707922520115784
56110730	0.000913324805330216
56112500	0.00708834277380465
56115871	0.00199364688137675
56116431	0.000752899168977663
56119680	0.0154204296992243
56122580	0.0316215595904668
56123331	0.0957291487280099
56124981	0.00721508248854197
56126740	0.000694124292213915
56128831	0.00263168042677035
56129750	0.00430049539408393
56132130	0.00406539403611355
56133200	0.00110812787931305
56134091	0.00139355743722615
56134740	0.00075349357121553
56135300	0.00162535183423143
56139980	0.352572601855608
56145101	0.00811028657319167
56145521	0.00710923095871351
56146221	0.0184290260775765
56148841	0.000898222535333531
56149050	0.0008772658358806
56149340	0.000901810239959699
56150361	0.000878338549264152
56153480	0.000927000936674737
56158170	0.0303452803738809
56158850	0.0032606130345263
56160400	0.000879908318066658
56161101	0.00339988336797239
56161661	0.00220358916563753
56162700	0.000670873041564207
56163970	0.00285846306378043
56164151	0.000724590709817398
56167461	0.00236686044774397
56176090	0.0150542707150023
56178501	0.000647442811877372
56180630	0.000632413663102571
56181251	0.000928414663598405
56182310	0.001496072180058
56183540	0.00522229555354918
56190560	0.00367077248271511
56191301	0.00115420341841346
56193500	0.00162628265545896
56196691	0.00208809198531549
56198600	0.0184510680604069
56199840	0.0723492670312128
56202710	0.0186803113414316
56202751	0.00211908009804
56204220	0.000791987966046543
56205080	0.00630343873290185
56205340	0.000681831866798199
56206331	0.000640282100150006
56207410	0.00178430817858188
56207660	0.0152601408454632
56215670	0.00848224467443529
56215711	0.00532449096590328
56216920	0.00081608459046548
56218331	0.00201373538017777
56218860	0.0016110238982795
56218870	0.0175815639088409
56220900	0.00170578523743481
56223000	0.0014533784182261
56223021	0.00181511226927284
56224530	0.00151606588678526
56227301	0.00164347451446873
56231181	0.00456599189336764
56233220	0.00180445584692523
56234600	0.0040607384579879
56241340	0.00175069348855942
56242710	0.00112794349889682
56243451	0.000932932258833223
56247031	0.0152166838897613
56248541	0.00439372494998262
56252930	0.00306538527322426
56253320	0.00255157117899263
56255571	0.0269637289701881
56260240	0.00183883420825939
56260531	0.00124676263637872
56260561	0.021501584255005
56260951	0.000712699740583002
56264350	0.00480480386637228
56265231	0.0912225768026131
56266030	0.000849705462193391
56269511	0.000987887883025476
56270351	0.00252480837860699
56270850	0.00299254166667643
56271100	0.00321832532637936
56274741	0.0016705879350153
56277200	0.00308732911173066
56283810	0.0277336342333415
56285460	0.000884154887765749
56289791	0.00778353665531228
56295021	0.000935082979048767
56299161	0.00122928720035823
56299270	0.00450137466003781
56299830	0.00329397656901837
56300811	0.000683801781110359
56301350	0.000854259170039689
56303451	0.00241987901831425
56304350	0.000957769427376452
56306970	0.00192969288810315
56306980	0.000677372640868512
56309590	0.00233721991575061
56310300	0.00142331007048842
56314140	0.00105794855938575
56315260	0.00123936080046468
56315571	0.0568557059186668
56320750	0.0024641053690336
56321760	0.144441863433725
56322130	0.00432919093034556
56323701	0.106781589244682
56329320	0.00514573184509929
56333371	0.000795026358251365
56335291	0.00249535993251123
56338461	0.00726714109263466
56342331	0.000752783679194623
56342560	0.00272525398188852
56342611	0.00706831339696876
56346150	0.00117073325189912
56347530	0.00108958019762132
56349330	0.467065538966902
56350471	0.00196064708902097
56351141	0.000755542924051
56356541	0.000761544595300765
56365040	0.00835719415179073
56371940	0.000713023152045907
56374601	0.00413177541029942
56378300	0.0053235902570236
56390331	0.00145709261677466
56400780	0.0102905504964433
56405850	0.00112050297704848
56410950	0.00104698505068099
56417300	0.00293434419521536
56417710	0.000711901750212519
56418430	0.482160354965148
56423100	0.00837951581208381
56425361	0.11861428976654
56429491	0.0264655834065151
56429860	0.00412807622092342
56432381	0.00290701037272056
56433081	0.000863715461628248
56435011	0.00384025813524472
56435131	0.00137114254605869
56435770	0.000823323293665856
56436941	0.00113064649369293
56439431	0.00222501428568303
56441911	0.00105822851596726
56444261	0.00083660170035411
56445720	0.000909489854514996
56449221	0.00499166528476227
56457631	0.177642375512041
56458390	0.000767811102877409
56459950	0.00370189272248104
56460381	0.00093738448471684
56461361	0.000755103211291575
56464661	0.00158449741343814
56466130	0.0157896384800385
56467100	0.00767723257400731
56472910	0.000931041224747504
56474570	0.000756827485446063
56475360	0.000766838354727671
56476791	0.000850011548948869
56477030	0.00178712336303609
56477320	0.00352549895005682
56477450	0.000950888312438046
56478041	0.00513513518227713
56482181	0.00175669601922211
56482980	0.419420956075642
56483431	0.0182900400737206
56484750	0.00309799400850477
56488391	0.0201559935086143
56488750	0.00405410986237989
56491110	0.000806107046446637
56492070	0.0073086012629054
56492180	0.0791242711487038
56492740	0.0280956980903951
56493580	0.00672783703948941
56494321	0.000764450074261641
56495940	0.00171985383946348
56498980	0.00310177778886073
56500661	0.0554752629597609
56507011	0.00184709010003018
56508180	0.00377304805302248
56510311	0.0584161433170622
56513331	0.00102378451343138
56521600	0.0217837824041734
56522181	0.0762325492705122
56525600	0.000827855998115185
56526660	0.00206235150095515
56527070	0.0032794310635779
56530700	0.000899930897760401
56532620	0.00102978004541557
56535100	0.000893578903915353
56535411	0.00173674882298483
56536890	0.0324879248982982
56538041	0.00393350901800072
56538270	0.00579299007861566
56543940	0.00345893964930904
56545590	0.000659445431377043
56546171	0.000689123953078416
56547620	0.000705796672489634
56550291	0.00137499198678238
56556101	0.0007359290769413
56556870	0.030240363389338
56556880	0.00087364243600592
56557030	0.000767067732603335
56559421	0.0006716562426015
56562031	0.0008619313378256
56563281	0.0139955329942455
56564330	0.000709395782749661
56565211	0.000723680645386484
56566571	0.00133995308295925
56567360	0.000992232914333924
56570390	0.0138298754460036
56574560	0.00500859782475758
56577020	0.0026603924198355
56577030	0.000712875138341784
56582140	0.00105109227123952
56583650	0.000956850313236407
56590701	0.00735431190159641
56594660	0.0773485190911152
56595401	0.0069766222959812
56598991	0.000681470644664968
56600590	0.0137857623529884
56601000	0.00955261459086146
56601741	0.00212448550103318
56602250	0.000728245393079339
56607111	0.000939296507410124
56608880	0.00585072670405262
56609201	0.00155172329373692
56615220	0.00133654694767376
56620580	0.078677541323043
56629410	0.000775290923776068
56629461	0.00308279946122046
56629980	0.0656859610264077
56634950	0.00682424263227009
56640330	0.0675475112534752
56643360	0.079832391478911
56644440	0.0117944393833089
56645410	0.0017842600369146
56645540	0.00115211909101112
56647210	0.00141752251739727
56649420	0.0075694882928564
56651360	0.0359474881786679
56652231	0.000786549019408289
56654370	0.0127428325829835
56655080	0.0107973764987822
56655100	0.000657397281398726
56655121	0.000910810996845002
56655131	0.00867204977501881
56660720	0.00594136270144416
56661741	0.00278532517673924
56663200	0.0195150970577887
56663230	0.00446936099148513
56664440	0.0146041620410839
56669871	0.00087341199607135
56670301	0.00107997921961813
56672480	0.000672480078480749
56672990	0.00121814504714083
56673061	0.00349843232566808
56673461	0.000890276202904675
56674680	0.00299870114921326
56677400	0.04670058338423
56677611	0.0148668290493699
56677680	0.197023141962041
56683951	0.00195387699592732
56684200	0.00481597146751543
56689560	0.00414732581691602
56699050	0.00152416309285042
56700231	0.0340461875174499
56700351	0.000706778909292368
56701850	0.0146620061584985
56702291	0.000919723555393692
56704450	0.00196252840708248
56705061	0.00247740726054997
56705550	0.00378637420754765
56705611	0.00187165437603144
56705881	0.00456733056864252
56707111	0.0503891887651865
56708060	0.000799997875880545
56712091	0.00312225469145622
56713041	0.000894761918120105
56713611	0.0585709278336989
56714390	0.00114275332161223
56715080	0.00662643615100027
56716470	0.29096191375003
56717611	0.00448521791282149
56720020	0.00250515983774891
56721311	0.00122398534894465
56722510	0.000829853126294474
56726151	0.00159752365167784
56726680	0.000733253625015392
56727090	0.000905163387086882
56727350	0.00158367803064533
56729871	0.027223276561492
56731381	0.0151505382960169
56731511	0.000790951426210379
56733120	0.000814310958792627
56733950	0.000870435240461681
56735401	0.0225854933420764
56736170	0.00686562978782087
56744440	0.0303076479776724
56746790	0.00128492028273946
56746910	0.00322991945511002
56747750	0.0031391248879991
56748621	0.000812989419699193
56750100	0.00156757470197135
56750691	0.000819501939920709
56753041	0.000636655428440863
56754220	0.00161852009119037
56755880	0.000747206920653759
56756600	0.00143807408679442
56758250	0.00116821297851901
56758691	0.529727290445152
56760700	0.000653153737696471
56764341	0.00176183650620399
56767360	0.00170166100289793
56768221	0.00325228102493606
56768351	0.000702198832382735
56768730	0.00118161704309992
56769410	0.00079333034814324
56770220	0.0101354913480856
56773820	0.00107132321942106
56776320	0.00450465278001592
56778681	0.0332794660159693
56781560	0.000787363528129525
56782490	0.0301721926639282
56783251	0.00104094354772716
56784310	0.44274142727948
56785021	0.00221185270153009
56792901	0.00375381932777662
56798520	0.0018986697399564
56798530	0.000674258937388957
56801840	0.000840850064298125
56801871	0.000889478819226025
56803511	0.00500253719740505
56806520	0.00453448564403039
56810250	0.000847359879154914
56810510	0.000992969883311213
56812710	0.00883565076698368
56824061	0.00131353578673597
56828881	0.00156275027174851
56829161	0.00246822781150684
56830650	0.000901953605303186
56834121	0.149482344418347
56838951	0.00201092040786782
56839911	0.000703013250934341
56841991	0.00540277820466416
56843070	0.0184937713564156
56844450	0.000710270107026513
56845960	0.000965376395599131
56845970	0.000677677351139792
56850831	0.00473391867008365
56853010	0.00161896743936158
56853280	0.00583064756328573
56856051	0.00718060325656629
56857151	0.00125652773161804
56859900	0.0647521128424081
56860140	0.000669692579676272
56860751	0.117713937018336
56862930	0.0442526319883935
56863860	0.00203754550165944
56867880	0.00919110469638513
56869240	0.000764164893201773
56869451	0.00281001341666205
56870790	0.00769368117521546
56871490	0.00378618550181329
56872891	0.0193790250449337
56874660	0.0137736774616097
56877950	0.00166386334675621
56882890	0.0182974750396327
56884990	0.0137348461059175
56886360	0.000816486037863688
56895511	0.0352439136232166
56896061	0.000941105309385679
56897550	0.000720663362749254
56899880	0.430259747289051
56900850	0.000918624747576233
56901021	0.000678229158281064
56902671	0.000772190704298636
56902801	0.0733690678826211
56905830	0.00305534502217062
56906261	0.00224681659493926
56909721	0.000782342885113978
56916010	0.00103908970548325
56916020	0.00218038422794933
56918060	0.0021877319189227
56919221	0.00195941004289661
56920270	0.0042908138565354
56921270	0.00241773333526807
56923760	0.000865401706905125
56924170	0.00649996123481935
56930510	0.00173536961034138
56935030	0.0955116942470489
56937260	0.00991664128609941
56941780	0.000752727551658085
56941800	0.000776565482231758
56942391	0.00270157374415202
56943221	0.00734158523851385
56944690	0.00836232796385046
56947320	0.000716459700277637
56948471	0.00630706554521434
56950391	0.00385230174018337
56952881	0.000808951522434303
56954900	0.00500989692689587
56955211	0.0014534774204652
56955480	0.00239438202513987
56957981	0.000916218251816693
56971440	0.314553229805895
56971590	0.00128156806696889
56972731	0.00354104951958155
56974661	0.000813005189225303
56978340	0.00070769950675643
56979310	0.0135421463598292
56979880	0.020229337572501
56980820	0.000797915913727735
56981940	0.0015428311269943
56982480	0.00173573865470798
56984171	0.0173234298578769
56986661	0.0414593219644155
56987071	0.00300013151790803
56987990	0.00089240898131816
56988031	0.00188020809485764
56990220	0.00157076359063598
56991160	0.00438361275967939
56991720	0.0690326544661198
56991901	0.00189241075691127
56995351	0.0922076645206449
56995740	0.00763698737509451
56995980	0.000887444260548978
56997011	0.000963375555399939
56997110	0.00206784449253758
57000830	0.000873708141086792
57001940	0.00115320038774128
57002951	0.0644288905307699
57004051	0.00152770082582556
57006890	0.000857020976144857
57007921	0.0015080773971631
57015300	0.0185716147114232
57018050	0.114685551105031
57020290	0.00368405266909344
57029790	0.00284735387910193
57030630	0.00151722658116851
57033530	0.00184275627656662
57033821	0.000649431381885237
57035621	0.0189099764470461
57046740	0.00277578443937641
57051611	0.000708428938934114
57053291	0.000897385550313151
57054781	0.00208816316143953
57056191	0.00499786232695725
57056430	0.000763140562325603
57057691	0.00075769283612793
57065431	0.000902400876337277
57065660	0.000797619119035138
57065910	0.00100306453938341
57066180	0.000900555964151858
57066320	0.00224440760840597
57067481	0.00316575684398004
57067600	0.000982978178758217
57069981	0.00319796785062317
57071860	0.000687421750919009
57076960	0.00145345658409133
57076980	0.00465046636227384
57076991	0.00453409556072714
57078241	0.000656139707267802
57079710	0.00152544048115248
57083730	0.00114216399830443
57087061	0.00205098452817495
57088031	0.012692964717755
57091030	0.00145329045661675
57091341	0.00114239123609626
57092410	0.00494727125035555
57094231	0.00160971813224388
57097701	0.0132186252772981
57098070	0.000666909337081237
57102791	0.000786359498615329
57105390	0.00362398492188238
57106241	0.000820733419014152
57107010	0.000658817294737192
57108031	0.00260262688221192
57110200	0.000654344925934191
57113770	0.00219099099918887
57117831	0.00306984814521735
57121620	0.000784870102659058
57122911	0.000765907757644201
57124021	0.000644158034695047
57131071	0.0386353102511303
57133141	0.00174782129877214
57133930	0.000745333724657409
57134590	0.00546338421984293
57135180	0.000668835903562715
57140161	0.000817630808491225
57141411	0.000692237727073647
57141671	0.000724295286387615
57142620	0.0014402768423536
57148841	0.488697261831545
57151980	0.00080081582526194
57158501	0.0417412682101135
57161100	0.00144162185429824
57171211	0.00201336762789077
57173411	0.0479937430376578
57176161	0.00119519090308299
57177801	0.0126751983444581
57178371	0.00456696912842812
57178580	0.00115986139694288
57179420	0.187339635847122
57180451	0.00102949973065919
57180810	0.000740574982212553
57181350	0.00271090787353549
57181360	0.0159138575870874
57186381	0.00122712470969597
57187211	0.0035372005258646
57187611	0.00081177245490817
57189620	0.000885891095881808
57190651	0.00088874547564902
57190900	0.002345378872099
57195461	0.00335525423663147
57197350	0.000762609510768136
57203560	0.00249438431122028
57204281	0.0614040910012755
57207871	0.0178106035855963
57209790	0.11800319463817
57210211	0.000657849298018301
57210450	0.00831391143859153
57211570	0.0069794391902283
57212161	0.000887844708635757
57213220	0.0687616134517951
57214781	0.000983057330515155
57217401	0.00142732012594626
57218200	0.000795699535408484
57223270	0.00263854148743772
57223720	0.000697409454077573
57226081	0.0006528649402374
57226850	0.0553271966609233
57228950	0.0834033877412944
57229251	0.000684134948176437
57230101	0.000647174366167654
57231010	0.233419663869994
57231201	0.000779319404746542
57231560	0.000753781263697092
57232431	0.000721415626553201
57234990	0.0174554402545726
57239611	0.00116009754089793
57239700	0.00225776655184752
57240680	0.00190181477165107
57241070	0.00225084085666477
57244410	0.375804886544417
57245370	0.000726719072689725
57249910	0.00131152830177455
57251140	0.00210974534040704
57256991	0.0056777661475131
57258071	0.00434617881107405
57258911	0.00137393814766804
57268011	0.0322411343441721
57268230	0.000822099300313233
57268701	0.00196105951296482
57270580	0.00118218330552939
57270720	0.000751760037566971
57272920	0.00180243604142793
57277200	0.000820832955886403
57278850	0.00128025272914563
57281090	0.000687269052069227
57282750	0.0107705951932636
57284660	0.00114184961472644
57286330	0.000674748078679326
57286921	0.00218041202768311
57288380	0.00321137795351723
57290050	0.00202033269930979
57292230	0.00102836127505073
57296841	0.000853271986023649
57297480	0.00214538302355913
57298020	0.00376477707675907
57303451	0.0122548260970292
57305111	0.0256771437934962
57305391	0.00420754234075842
57307810	0.000882783998153513
57314880	0.0478080320595098
57316151	0.00533443727851319
57320141	0.0321448523741588
57321490	0.00108182234918757
57323560	0.0111303990122014
57323820	0.0142813222103545
57323850	0.00236986452519596
57324500	0.000968305099516645
57325630	0.0010222400000504
57327270	0.00242565725581399
57330150	0.000761008564498078
57330590	0.00100722941801146
57335321	0.00142754939038907
57336640	0.0403492332464173
57337661	0.000717997120131209
57339181	0.054805341680097
57342430	0.00405339999633243
57342440	0.0910528456271527
57343010	0.000819079299707667
57349531	0.00073006130790971
57353760	0.000657547902334728
57355270	0.00089207059321586
57358730	0.0158565283320386
57360401	0.0139815194072016
57361791	0.000739188002697881
57363051	0.000721797290424245
57365620	0.000698909216548228
57371400	0.000963407361040005
57373641	0.00863278322139555
57373750	0.000663103672263305
57374320	0.00373094205686465
57385801	0.0728748344212567
57388831	0.0811080827858562
57388940	0.00403801766571863
57389180	0.00103162775283149
57397750	0.00129258038133259
57403940	0.00142918332332425
57430980	0.000934345598286404
57444691	0.000791268772095744
57453781	0.000736038917161279
57468681	0.0218953509702494
57469720	0.000832529700912687
57470550	0.0570399993845066
57470700	0.000713291632220949
57470751	0.000772515073947967
57473320	0.00832861255952163
57474550	0.0502056466806079
57474700	0.00151173996576135
57475280	0.0991932321637283
57479270	0.00178100088177922
57480681	0.000953315277589339
57481340	0.0240861944928625
57483140	0.00699006062364015
57484210	0.000890531313728217
57486201	0.000669799325561339
57488001	0.00228799736015646
57490570	0.000864736037436155
57492001	0.343635249524438
57494130	0.001089525359128
57494280	0.000803863216578618
57495660	0.0310487771223405
57503441	0.00175707210986573
57510481	0.00213273752062456
57512100	0.00154557603910592
57513600	0.000761604179423731
57514061	0.00463812163900308
57515011	0.000793154755780748
57515690	0.0143838736807209
57519680	0.00293825331432001
57519800	0.000676517283097047
57519841	0.000692822035323419
57520671	0.00385092629083675
57520811	0.000750425339988929
57525101	0.00103558098996133
57527370	0.000848947509685487
57528490	0.00603916561096796
57528770	0.000926018827554263
57532801	0.00111141091794575
57534560	0.000715034562093243
57537890	0.0183248243258478
57542430	0.0642348794820247
57543090	0.00752559628131867
57545071	0.00392956425096975
57548931	0.0446642440589658
57551400	0.000964805138648742
57553170	0.004222333544879
57558311	0.237824733791217
57559370	0.0332218300546124
57561211	0.013086838219919
57566741	0.00387275995917768
57569310	0.00174372212715723
57570031	0.00115648194758305
57571100	0.00234350511848057
57571230	0.00106362100815782
57574171	0.00156554977504464
57577911	0.26154554158159
57578311	0.000745584869308307
57579950	0.000817278597979291
57580780	0.0192038902874885
57581901	0.00587112914812555
57583100	0.00102040760853381
57587680	0.00156801233980068
57588630	0.000985564923714965
57592190	0.0041017448440319
57596801	0.000871273155702231
57597180	0.0028596639640633
57597570	0.0189695428243362
57601190	0.000726953565120993
57603841	0.000807712798050842
57607930	0.000891099047884085
57608780	0.000709152761704358
57609211	0.0190098143983057
57609361	0.000833836679005561
57610331	0.439137450877882
57613450	0.000666308831632164
57614581	0.000896852050951538
57615821	0.00818036222112815
57616080	0.00190807325203175
57617840	0.000668617513991473
57619670	0.000885328876401902
57622280	0.0078220763406481
57628210	0.00126267331913113
57632651	0.000810651435905814
57633771	0.000784371724571002
57640360	0.062467754466765
57641160	0.000870850910262375
57642601	0.00638305167094367
57647250	0.00235291760550508
57650420	0.00203891117796168
57652320	0.0012777084870036
57652781	0.0132911276205651
57654741	0.00190234104336622
57656251	0.000974570050711714
57658670	0.00180932225834526
57659910	0.0142872943935974
57660791	0.00346879044980234
57664231	0.0193737448471999
57665061	0.00229854817095712
57666581	0.00252827364365092
57667500	0.000757619852326712
57667640	0.000804015193491142
57668391	0.000677950993921458
57669560	0.00153397262667073
57670851	0.000722536725768007
57672190	0.00108584584629039
57672641	0.00117253792944121
57675360	0.00168201279154055
57676900	0.00160861111382868
57681201	0.270307216320415
57683910	0.00131067577496571
57685471	0.00165984835968618
57688210	0.00107165832570656
57689300	0.00352100277695779
57689491	0.0243309460426689
57689891	0.00467642558957686
57695811	0.0734929546828079
57697150	0.00651776893716149
57698571	0.000748142826937231
57702800	0.0012542589061342
57704330	0.00068438482954433
57705341	0.000699155814840499
57705980	0.00225937082647534
57708870	0.000672756241389431
57710660	0.000628295586775636
57714400	0.000820188112494235
57716501	0.0167743368077038
57718000	0.00295246540850517
57719271	0.00071582880484623
57720900	0.00194366601467519
57721741	0.00121196346722025
57723910	0.000894934974308509
57724111	0.000687413092756823
57725420	0.00255590118202529
57727831	0.0132839521836907
57728241	0.000751805727795276
57728590	0.002292447436399
57729970	0.00109665858355483
57732610	0.0232702874447262
57733160	0.0251866518029442
57733840	0.00281687798920969
57735480	0.000707408415756357
57737430	0.0209114730864484
57739640	0.00112094900915672
57741601	0.000801060123907704
57742041	0.00587479626230808
57746520	0.00312019672241281
57747001	0.000730472761927808
57752600	0.000964642829976392
57753830	0.0336170183108362
57758250	0.0353948038650463
57760170	0.0250485429839415
57763080	0.00411666110814661
57764870	0.0930681721675681
57770151	0.0107625249782734
57771660	0.000799149745284605
57771760	0.0023359331239123
57773430	0.000695239047042765
57774571	0.0964406526438766
57775671	0.000907513724297733
57778680	0.0474916709597481
57782960	0.000664058652121775
57784580	0.000843426539717224
57788170	0.00203260490051333
57793270	0.00399560122396857
57794260	0.000733266180216471
57798370	0.00383588709418809
57799001	0.00386230668821791
57802950	0.00306055009802001
57804771	0.00077293859848538
57805871	0.00881994519673933
57809710	0.000774263613203836
57809871	0.00771757703653425
57810680	0.000925959990438906
57812040	0.00367662092878601
57813410	0.00793483527810879
57818390	0.00119910249253371
57818530	0.0070797048304656
57818721	0.00122646937858109
57819251	0.00067214550693604
57819760	0.00112760411294714
57820340	0.317269853245433
57823650	0.000739240711047294
57824990	0.00295520734352304
57828231	0.000646478069885138
57828361	0.00223402978887231
57829280	0.00079727110935554
57831801	0.000808179498044182
57835780	0.543453342810305
57838390	0.0141017562959086
57842530	0.00124410864237454
57842561	0.0840457459545188
57847500	0.000839733226693199
57848180	0.0323178322427654
57849000	0.017592265451668
57849680	0.000690875311587336
57849751	0.00100855795305953
57849830	0.00112503133994827
57851350	0.00191953911324862
57851821	0.00296702410477713
57851880	0.00110471214342563
57852860	0.00101387838169401
57856880	0.00305036455931295
57858130	0.00330336569435503
57861560	0.000814928128620099
57869980	0.010432186138049
57870431	0.0823707632409748
57871060	0.0567115177076622
57874240	0.00122245900493589
57874421	0.00234800806357741
57882411	0.00729502291634029
57885130	0.000985550383952499
57885270	0.00125244979812687
57888300	0.00136242960214169
57895490	0.000958850447382428
57895801	0.00109806581390929
57896061	0.00122069549397385
57898400	0.000905659317280083
57901051	0.0166543127055626
57901280	0.00229462826458304
57903661	0.000717309659288737
57905591	0.00261584772379296
57905810	0.00100297472983114
57910940	0.00452298799202264
57911261	0.000674404587601625
57922831	0.00115223281542974
57923220	0.000699621044074049
57923391	0.00342029004618193
57926011	0.000736951583632335
57928901	0.392070697029619
57931371	0.0100293847934868
57932730	0.000795550534112883
57932870	0.0261890246168487
57935251	0.0717633205932324
57936430	0.00183182103992044
57936870	0.00115586010034889
57941570	0.00195526815748618
57945731	0.000848549502190715
57946971	0.00348012930971813
57949031	0.000780235044327521
57949581	0.00200438936863504
57950281	0.000762154651761036
57952150	0.000843132879827732
57953741	0.00257845126098066
57953950	0.000635402788479901
57954981	0.000931958458502821
57955521	0.00147602297818785
57957830	0.399206811115926
57958380	0.00335118210973864
57962981	0.00221095415395125
57963870	0.00199208951833067
57966230	0.000756789809962493
57966770	0.00247479152362654
57968290	0.0659173150334559
57968860	0.00113015998259054
57968911	0.00680511772572428
57973451	0.0412934147843885
57973980	0.000703021097854087
57974240	0.000804460287385456
57975590	0.0192382169851056
57978961	0.0168892470632324
57980280	0.00872399726907503
57997171	0.00173751543799569
57998800	0.0015244639815482
57998831	0.000861354800625316
57999340	0.00106729133842364
58000860	0.163955750453266
58006421	0.000741950836041474
58008150	0.00073560123794054
58011320	0.00131803526571984
58069581	0.000750062098260657
58099870	0.047413320662545
58099921	0.000886235718012691
58103580	0.0174089906552353
58103791	0.0169537735175361
58103850	0.000759921593566509
58105431	0.0623404946381256
58109721	0.00816722504246348
58112540	0.000685642261233875
58114350	0.00090927333949795
58115190	0.00104215652688401
58115740	0.00115063842941795
58116891	0.0391227576349466
58117400	0.00411594003435628
58118811	0.00192823398087945
58123761	0.000707760964636586
58124591	0.000696452495536517
58126681	0.00242860334624838
58127361	0.00431000459484962
58128331	0.000728678305541783
58132030	0.000840826486948383
58132160	0.0022992613138733
58136051	0.00208945378222511
58136321	0.000785852761501319
58143990	0.00102149065860214
58146780	0.00101003596804185
58147580	0.000749672334729952
58150910	0.0109030823003069
58154480	0.00070513137797078
58154740	0.00237862025454841
58160061	0.000782285827060174
58161660	0.000763466275882705
58163921	0.00107397646058662
58164980	0.000777568101095124
58165011	0.0123144156150998
58166401	0.000915696405319512
58166951	0.000846382858765994
58178220	0.000863521568715176
58182750	0.00111579348589896
58186780	0.00169443292326231
58191590	0.0048414427466029
58192150	0.00191948805276037
58192290	0.0190782792744407
58192540	0.000650299522969415
58200850	0.000921825731530663
58206241	0.00123587133033889
58208700	0.000938252511079448
58209360	0.000688249439507947
58209800	0.00757353525880755
58210630	0.000661394398369854
58210740	0.0020323610101695
58215170	0.0007514687049451
58215330	0.0674538090170532
58221670	0.000872811067781531
58221821	0.00179376623625942
58221961	0.000972038248490305
58222070	0.000657194624973434
58222350	0.00114064975549561
58223081	0.000828727144548243
58225151	0.0533292989601429
58226750	0.000691769366304338
58228390	0.00347749907229272
58228441	0.00106004894777026
58230180	0.032348004393281
58230671	0.000749654829634946
58236970	0.000769714814412824
58240301	0.00321611441121256
58241390	0.00784211043732237
58243751	0.000753762062004533
58244010	0.100018066873756
58247450	0.301876070343673
58250101	0.00107500641250437
58252851	0.000698292150731193
58252960	0.000793468311246942
58254050	0.00284904437307113
58254460	0.00106804145284595
58257001	0.00105930057868181
58259180	0.00070150801844578
58265670	0.000984866265042546
58266730	0.00333820376791452
58268031	0.00994601676585805
58270190	0.00707119241373776
58270651	0.00112606671766463
58271751	0.0139982590450507
58273951	0.00261590159404141
58274101	0.000928818953927931
58274590	0.00248439375675545
58277520	0.000656595264330581
58284280	0.00609617830189744
58284810	0.00352421365949555
58284861	0.00204599017666547
58286381	0.00119565825576349
58286460	0.0120556858005313
58287290	0.00144847205227675
58289261	0.0127166881202936
58289650	0.00180835306747037
58310771	0.0224956748913829
58311590	0.00108678875268555
58312660	0.000661919944841124
58313380	0.000718812771497853
58314170	0.00334647606684917
58316981	0.00114219051284714
58322340	0.0262997601037668
58322361	0.00238890707896127
58325951	0.00112314441723522
58331830	0.000793982435069888
58332280	0.00411483358162911
58332581	0.00087464324962005
58339351	0.00203068031993445
58341090	0.000743938970279498
58347730	0.0126424842078401
58348140	0.0179534545914731
58348670	0.00066227063614799
58349251	0.000779099910129493
58349961	0.00636458774802703
58353650	0.00156524634024938
58365910	0.000836363710623594
58370381	0.00376578902874693
58371191	0.00770410994667673
58371410	0.000714238908730484
58375310	0.00344268798633996
58376110	0.00107926753228474
58378231	0.000645252846954834
58379280	0.00112239366682447
58381220	0.00719097460648956
58384540	0.00188521323620174
58386190	0.00115935917277965
58391170	0.000726183887136997
58391840	0.00526688754025716
58397100	0.0145957319623604
58397661	0.00254810821930919
58399181	0.0017611473916736
58400680	0.0216656919249517
58401090	0.00664891729548733
58402921	0.0248574435428218
58408571	0.0151998214431764
58410990	0.000980969946574101
58415560	0.00223901063752149
58417961	0.000890020324307474
58418030	0.00167445121671103
58420691	0.00212907448921348
58420701	0.00076668787608802
58420711	0.00107685811925462
58422060	0.000706322502269995
58424991	0.00186856831476791
58426511	0.000718234617051235
58426570	0.000727271517702754
58426651	0.00522291801027645
58435130	0.00225538015737243
58438501	0.000826083993994205
58438730	0.168980613299716
58440161	0.000848600427686332
58443580	0.00143150631786716
58444090	0.0507611055427659
58445880	0.00429300662604867
58447710	0.0104327463318716
58453391	0.000808851309122357
58453480	0.0175618634076982
58458020	0.0465860672216523
58458631	0.000825248576342068
58463570	0.000636434532378895
58466911	0.000790701981969049
58467560	0.00156747926580769
58467670	0.00148554128101911
58468220	0.00708737757348938
58468711	0.00251523327065074
58470750	0.000910523954275736
58472120	0.00521524449266772
58472400	0.00209010504755563
58473200	0.000726811613166449
58475700	0.147922320705005
58475731	0.00283238636974843
58477910	0.00100666583518111
58480380	0.000932435283251387
58485080	0.00154309515553652
58488711	0.000943782954812465
58488841	0.000906419229835839
58491420	0.00920684998751263
58491430	0.00187400461402268
58492271	0.00173846110128134
58498201	0.306693136905476
58500711	0.000701964501621233
58503881	0.00672887748317463
58504080	0.0103154436644006
58507451	0.0642294269738346
58509880	0.00123916854243569
58511150	0.000920616400092604
58511581	0.00524831015144332
58512681	0.0415953749459284
58513220	0.00374362628160255
58514491	0.0132474028714476
58514740	0.00441691476864041
58517781	0.000732062691077053
58518050	0.00998921019975705
58525921	0.00083751443215687
58526740	0.00980476403268307
58527741	0.00321731572645246
58528001	0.000937587883024213
58528110	0.000724700355976002
58528701	0.00816994259012098
58528920	0.00107357360474761
58538891	0.000661919944841124
58539051	0.0193718519314867
58543690	0.00330180775749241
58543980	0.000719084266759875
58547181	0.0887840398809596
58548421	0.00063749563460868
58550911	0.00217459149592849
58554990	0.0282293793897864
58555260	0.000737785169738432
58559810	0.00247857894231726
58563940	0.00216072276067828
58564760	0.000665617829752484
58565470	0.000985501985554521
58565490	0.000654557052680579
58567041	0.000720013572251997
58567161	0.27639860360219
58576671	0.000893685199000877
58578191	0.00709907459428996
58582201	0.00188261768669572
58582980	0.00339240129593199
58592811	0.00251816533389143
58596681	0.00200617910434157
58599591	0.000896786798263242
58611790	0.00134965046346417
58619550	0.00357038558042425
58623301	0.000972571778508926
58624230	0.291151125774338
58625781	0.00397248465340208
58626331	0.00407076833613374
58628510	0.00171716464516739
58630160	0.00176174692779656
58669200	0.000720550407344858
58673040	0.00696273467789232
58673460	0.000817203737490995
58673491	0.000744139117834155
58675431	0.00618378705098686
58675550	0.000690470297458058
58678881	0.000875487580355289
58680210	0.00157601260770801
58682160	0.104666621770353
58682191	0.000948843195206802
58684340	0.000963245223057228
58685351	0.00125758537655522
58686061	0.00916344629646324
58687011	0.000828777754285756
58689590	0.000779461513198503
58694611	0.00433150103329438
58698300	0.00100801562566993
58699691	0.00221934968020443
58700251	0.0437195146360334
58705870	0.00521531643803294
58707260	0.00097425275733523
58710420	0.471152329073386
58711820	0.000705274117191371
58713450	0.00243950955677704
58713600	0.0024636708912558
58713870	0.000925763432489029
58715810	0.000755219401691776
58718321	0.000927436941086635
58719141	0.28895086066393
58731001	0.0655369787656315
58732811	0.00358701780999097
58733081	0.00629416193580893
58735110	0.010609288850423
58735981	0.00548197488445473
58738160	0.000708951665406
58738970	0.0135311914053847
58739520	0.00223216911585952
58740480	0.000911105279208505
58741850	0.000899054349776284
58743250	0.00958434125157723
58743640	0.000732335603701025
58743711	0.00361878929643378
58745880	0.00195693581037843
58746311	0.000667889559014483
58751780	0.0109744527717586
58752210	0.0239859940821444
58753190	0.335331925336569
58756381	0.000790077655419575
58757201	0.000775130775810295
58765440	0.000752386277182274
58771151	0.00103358606003308
58772651	0.00257134032685185
58772920	0.079244572262129
58774270	0.0042569902557432
58774680	0.000886853249882585
58775090	0.00485429429487101
58776900	0.000683803341459859
58777361	0.00106169037977171
58778321	0.000973233755301398
58780340	0.000921483086889451
58780740	0.00078389694616144
58782031	0.00710250431321026
58782690	0.00298524468515279
58784381	0.00162321729863841
58785190	0.000814429655465741
58785320	0.00310775440491851
58785341	0.0029191243327503
58787910	0.000638581083479301
58790020	0.0775938472736045
58790311	0.00664483953848453
58791660	0.00126158481841934
58791961	0.000851796279117292
58793310	0.213599932690633
58795630	0.00905041307887934
58797450	0.00167155171027084
58803260	0.0156017516813895
58891780	0.134819395777438
58979200	0.00341710074051782
58995890	0.00932350687167741
59001150	0.00166950168044411
59010291	0.00482126654101726
59081530	0.00108145171206756
59095490	0.0159260379073224
59100850	0.0287567971371801
59128440	0.00704343797533289
59170951	0.00937055159552936
59221970	0.0300531199126557
59241851	0.00196842364931655
59365770	0.107658468041143
59429131	0.000890678014079748
59437900	0.285186001967122
59475280	0.00206755919645099
59491700	0.000969659709257638
59508140	0.00078738623361421
59516701	0.000874277884097317
59524711	0.00189841074699569
59593111	0.0123936078323611
59606470	0.00125149224626985
59609900	0.0121572407990519
59658430	0.0110944117309682
59747820	0.00128221752161915
59800831	0.111184469429886
59886830	0.00336991753689793
59940121	0.0569179416147382
60118981	0.00212728895155064
60171770	0.00450615655364782
60174950	0.00122611292510069
60178141	0.00915402004444878
60201010	0.00145491336097736
60246291	0.00121927172839533
60246360	0.00141439388616383
60262080	0.127043762959733
60262421	0.000926384719811973
60268351	0.00127634174481235
60272720	0.0518746383012056
60292590	0.00517870342926776
60299590	0.00242757627945957
60300700	0.0009171572472252
60309120	0.00179263098377196
60324850	0.0271360183517114
60326541	0.000830619345896506
60336320	0.000872855577451814
60351340	0.00255880725903828
60379190	0.000883426028783416
60399210	0.00205028167058058
60404570	0.00240127697858433
60418770	0.00104535506383603
60439340	0.0013818073305348
60445930	0.000772820567578085
60449230	0.00110375052399594
60480850	0.00414555499729903
60544741	0.000926245715742647
60558050	0.00906841289447276
60576311	0.0300160657974846
60606791	0.00364891070928225
60636041	0.000749648306236604
60663560	0.000917122556844614
60711471	0.00481635495528816
60769900	0.0242851972817908
60817500	0.000938437785836415
60818740	0.000914022140430161
60819451	0.00104481751548122
60820510	0.00119192683816177
60821200	0.00102418102326611
60823441	0.000980645682404953
60826170	0.00191479551374132
60846570	0.00107243623503069
60849210	0.000956026841375789
60883581	0.00280415004409934
60885330	0.000949821347121368
60886170	0.014961722946896
60886560	0.00175407647938431
60888080	0.000875165804005337
60889040	0.00125711326870585
60891301	0.00485750244145627
60892360	0.00083379542477432
60898170	0.00463374714100108
60901521	0.000831537358150295
60903800	0.00111601202206015
60908100	0.00507609815566641
60908411	0.0374854016166017
60911181	0.01068931567081
60913320	0.00185787333380723
60915301	0.160090245239921
60921241	0.00565064134301779
60923571	0.00492041074403134
60924230	0.00629527688412763
60924800	0.000789403501949579
60926331	0.00758411868366163
60928141	0.00282050449727998
60929521	0.00575577987666587
60931400	0.00362769915702408
60934051	0.00160295350744777
60936490	0.000867870223690506
60937511	0.00143862825378369
60940210	0.000946021505288211
60941931	0.00103548434982537
60943311	0.006325392646897
60945111	0.35557602726671
60948490	0.000952144725678497
60949040	0.0492859073685865
60949180	0.000914989124004123
60951120	0.00085080780702873
60955451	0.00260415850389836
60955520	0.0182392004489016
60958751	0.00580566368548091
60960660	0.00215072706266776
60961180	0.00644888258588309
60961890	0.0021681093726669
60964490	0.000967293462430916
60965480	0.00200809985587185
60970030	0.000790541154918432
60972790	0.00104619001916656
60973771	0.00193544295183708
60975841	0.000660813757373528
60975861	0.00842136892649658
60977070	0.0138464079376472
60978150	0.00210571206781416
60978730	0.00593112322078272
60981931	0.00503536200924784
60984920	0.000932703102161293
60986010	0.00104742982867602
60986440	0.000668082053840148
60990440	0.00162573365471601
61000121	0.000802388514074837
61001440	0.000957138260518874
61001911	0.00974013369833859
61005440	0.00104403620679055
61007380	0.0274559864438817
61008240	0.00124020974504798
61009730	0.294085739454711
61011940	0.000834804367261882
61012070	0.000659605496199419
61014020	0.00194407196130281
61015291	0.00408838886718038
61022751	0.00120755432514091
61025190	0.0136471041828682
61026690	0.000714146694225168
61027260	0.00275762181279157
61035141	0.0011641228056752
61035721	0.016985167235225
61040210	0.000756373723172622
61042471	0.00221947084095386
61043380	0.000709748815146628
61044070	0.00501258182522061
61045310	0.00933458609068587
61048750	0.00169189370568544
61049081	0.000815099581672066
61052661	0.000809658065774659
61054130	0.00211884340413349
61056931	0.000888007313860714
61057911	0.000684956996962048
61058751	0.00160186725672331
61060661	0.000879594811299885
61061710	0.000717637818411414
61061921	0.321606970007371
61062000	0.0700772534349618
61063441	0.130672317252183
61066020	0.00456154792915231
61113980	0.000694472857187597
61117720	0.000732413997896256
61118451	0.000894319535711789
61121600	0.00244117590313247
61123281	0.000721446459977019
61126051	0.00296724856514272
61127021	0.00406888234262109
61140111	0.000962939036916779
61147151	0.000736121881702625
61149710	0.000858796948685004
61149901	0.000879199876070397
61150290	0.000887023703706958
61150670	0.012795314695532
61153580	0.0497984863729786
61155100	0.00632810520830046
61157010	0.577659593272455
61161050	0.000696966455999225
61162540	0.00116371526065292
61165980	0.356802731361004
61173580	0.0011571818331279
61174031	0.00169997968601845
61179530	0.0106813435887579
61185751	0.000769342205457403
61186560	0.00988062738890349
61187380	0.000949065263538646
61191660	0.0269327868231246
61192190	0.000903132462763535
61192251	0.558342712998881
61192760	0.00745182791201364
61192910	0.000997451799967274
61194161	0.00312707450613085
61194670	0.0332274423710455
61195500	0.503357949387173
61196521	0.00410334050597089
61197201	0.00193791350690019
61197481	0.000898733414707377
61198321	0.000753726842279984
61201331	0.0077996791294887
61203910	0.0065953629608891
61205211	0.000798163223844776
61206171	0.000859172146141096
61214000	0.128354435783239
61216381	0.14216611399533
61220200	0.0407727105910578
61221550	0.0036788519496235
61221980	0.000742003255465562
61223940	0.000743740223331679
61225560	0.00124009013747664
61229040	0.0009415865174105
61229140	0.135342260343001
61230960	0.00129606515623053
61233180	0.0314588705700596
61234660	0.478017087706726
61239480	0.00108815975305663
61241201	0.016035738012769
61243090	0.00303789628012057
61243490	0.0280839234569438
61249321	0.202927412451952
61249450	0.00316138498665057
61252320	0.000922834076628348
61253690	0.0269384915737872
61257601	0.000837731086733996
61259510	0.0574123651392002
61261690	0.00170426804503608
61262100	0.00659644244004304
61262171	0.000653977981184942
61263210	0.000674877537436437
61266280	0.010316301799649
61266561	0.000689657070792307
61267251	0.000887555680036273
61269710	0.0170156927603685
61270420	0.000964878360552728
61272310	0.00204967855402755
61274250	0.000692350977590521
61274390	0.00201354420045709
61276350	0.000865451466270707
61276480	0.0056202510396791
61284070	0.000787914433344246
61284231	0.000764196599192548
61285331	0.000788916210253154
61285601	0.00156902180060956
61285761	0.00749373187591474
61287200	0.0049127878383182
61291930	0.000895666696129154
61293751	0.00236217669335696
61294690	0.000842279551467684
61294981	0.000971579891247031
61295131	0.00120120068661421
61299661	0.00851019396121196
61300211	0.00160939765335772
61302130	0.000855033601859223
61302940	0.00085076061857989
61304091	0.000983089527997353
61306021	0.00209053296325335
61307131	0.000970229614813511
61307210	0.0208708805050354
61307821	0.000678878345971892
61312740	0.00221308238713279
61314370	0.00097402392534907
61314831	0.00360413413725968
61315521	0.0012138867096138
61317820	0.00237353987687167
61318240	0.000772216190837157
61318550	0.0013493513990552
61322820	0.000713406395529509
61323271	0.0479858278729929
61330780	0.0195374145719757
61330790	0.00228985191564396
61331090	0.00115428474433391
61331350	0.00106615257925626
61331510	0.00241872681426954
61332221	0.00172384689347623
61334380	0.00185496163370874
61337030	0.00116522329009198
61337731	0.000954175777851818
61339090	0.000889189957734112
61340300	0.00131557410614603
61342240	0.000845732469708999
61342831	0.00283593265382743
61349570	0.0146415314717051
61361290	0.00269731013161171
61373260	0.0017208545920472
61391801	0.00074132223350829
61401420	0.000922406272638433
61404221	0.00215744572697943
61407261	0.000997695907512398
61409830	0.000839640024730418
61414520	0.00120456326449847
61420891	0.000791025820332809
61422250	0.00213940342307448
61428040	0.0014254979177747
61445940	0.00311940121303119
61445950	0.00102581000112842
61448631	0.0018992223810205
61451040	0.0022343227923558
61451251	0.013744017421486
61453731	0.0232084278287304
61454810	0.0013966091638845
61455360	0.0660154813971202
61455480	0.00181880532151577
61457430	0.0200126765525237
61457660	0.00121188674508695
61458401	0.000776331966151049
61458681	0.0138510080454509
61461301	0.000874915580478024
61464700	0.00305213948214803
61466230	0.000799645356777816
61466630	0.0340148809456112
61468761	0.00601536743442452
61470141	0.00114013864211811
61470250	0.000949755866692307
61470390	0.0038532981057719
61471080	0.00113566740743473
61471921	0.00202977275544349
61472700	0.00112938134196724
61472850	0.0428190677678677
61476020	0.000960723145258939
61479630	0.0568425813780312
61480430	0.00523338447838494
61481441	0.000988985819102713
61485000	0.00110544844961862
61489311	0.00200705091948073
61492580	0.000850363274148286
61492600	0.0295448769499091
61492621	0.00465591167385464
61494250	0.220897295353204
61494530	0.00109947290675194
61494561	0.00717525317978353
61497311	0.00557405397997547
61498080	0.00105320463903229
61499040	0.537008633124087
61504891	0.000846156143481702
61509700	0.00403924438866147
61510110	0.000750551348362394
61511770	0.00272152679443643
61514121	0.00811753957313512
61521021	0.00100566563973022
61523590	0.00410350902467415
61523911	0.118903818395978
61527081	0.00149280087089382
61527750	0.0875508981222412
61528310	0.00234514147721411
61530240	0.00220774584691681
61533390	0.00809944456678764
61533530	0.00266272629064195
61540280	0.000766619661694912
61540690	0.00249022130739378
61541000	0.000836865311673
61544000	0.010110027655393
61544720	0.0843997766057861
61544751	0.00195666913455223
61545520	0.00347699790330017
61547880	0.0868434105174219
61549441	0.108058655694649
61551190	0.0190206811813784
61552980	0.00123904493252144
61553000	0.00108376349368914
61558070	0.0029488179383546
61560300	0.0007571946866099
61561670	0.000781509488876332
61563590	0.0112474844430356
61564270	0.456255822134928
61565110	0.00362413883990377
61565410	0.00409601503116228
61566100	0.000847372001892614
61571870	0.146398154319199
61572150	0.0139610501865978
61575241	0.00845457344115101
61575860	0.00516792928386982
61578930	0.00100196053877926
61580761	0.0052225683448634
61582350	0.000976175999939392
61595170	0.000805020593867643
61595610	0.000805138299773072
61598060	0.220195478780194
61599720	0.00275881976612023
61602200	0.00113980370190897
61606620	0.00964738154162033
61607921	0.00472545330983757
61608690	0.00214909875686986
61611101	0.000946362397752728
61611190	0.00308184035109559
61611491	0.00476835595876048
61612000	0.00321560505020029
61613031	0.000790140114665805
61614391	0.00109325809315326
61614750	0.00283437954083239
61615600	0.000623158288991728
61616061	0.00114907781576334
61617851	0.00171330103660109
61619361	0.020120012396237
61620311	0.000716921241048312
61620830	0.0498915074434216
61621410	0.00181559880146894
61621441	0.0185155835974469
61624181	0.0144571626085221
61631491	0.00103458196232242
61635990	0.00123676522937066
61636201	0.0130569111750036
61637540	0.000726527859638089
61639921	0.00355063985759202
61647300	0.00525611947094483
61651590	0.00627606176767612
61655190	0.00120284508029809
61656820	0.000749213273239077
61656830	0.000759501646717994
61657841	0.0151790681099128
61661950	0.000733330884549518
61662350	0.175754866759261
61662470	0.0669194646468168
61662521	0.000739758695636954
61668560	0.0102018458742794
61669250	0.00120669357133419
61669841	0.00312168842385025
61674350	0.00429577849043011
61677961	0.000719625241007772
61679880	0.00448213327778619
61682251	0.000659325473776229
61682370	0.0104611863455411
61682780	0.00103940826451843
61684601	0.0193649844249183
61687641	0.0010190659737303
61689851	0.000827616163217115
61690401	0.00283094877699021
61697080	0.00312743610686971
61697940	0.00391510682162025
61698200	0.00322164238161934
61702210	0.0167437364231794
61703891	0.00122591993229583
61709431	0.000715936605669011
61715180	0.00111026029527682
61720191	0.00325105149944534
61722900	0.000896268996565734
61723190	0.00519167119671136
61724710	0.00377297082053711
61728000	0.000813909573963001
61728130	0.000789471006342624
61728260	0.00165676244299012
61730531	0.00535824428820683
61737100	0.00231540953381342
61739071	0.000972864541360251
61742091	0.00128285328357419
61742220	0.00117181110667447
61744560	0.112695551907415
61746791	0.00101293408552657
61747351	0.00145254292837816
61750531	0.000771150611557757
61753421	0.00251820143882093
61754900	0.105560934611453
61760800	0.0028866504908766
61761981	0.00183287935884042
61765681	0.000789648703980925
61772451	0.00902592670815298
61774910	0.00121844651722101
61775201	0.000925910382210376
61775481	0.00139073472448697
61776721	0.0744155280277988
61778641	0.000672891367912516
61779751	0.00103678120224079
61781350	0.00114625519789015
61782060	0.0033611550734145
61784700	0.000798548856145278
61785780	0.000921594237357871
61790470	0.0074217880635145
61796670	0.0503130468405827
61797900	0.000912071523636912
61798460	0.000723059213328449
61798641	0.0126767519534298
61799560	0.000846921177063197
61799730	0.00163199819943658
61802330	0.000736787855707437
61802340	0.0105530047803667
61802371	0.00215765837543863
61805490	0.0145880853916701
61805500	0.0258453969784097
61806860	0.00116806226949927
61810101	0.00219631695903697
61811720	0.0171606408101508
61812130	0.0144680933191554
61812451	0.00080993752749776
61814080	0.000912906790076607
61818460	0.0385793605734365
61818771	0.00132055004104604
61822111	0.00948709375209503
61824410	0.000669609257401179
61824550	0.0536561335606533
61825271	0.00267281162094778
61826050	0.0185201802744775
61827550	0.0296073007377557
61829421	0.0348899531512561
61835410	0.0126476296154247
61835601	0.0021762179036041
61836420	0.000761292978509151
61838180	0.000779784567183399
61838890	0.000792632298594444
61839611	0.000728609392971491
61843321	0.00268922807261987
61848851	0.000787291913466965
61849121	0.295783956507786
61849220	0.000762070299454039
61850040	0.00741134658992486
61851420	0.000876067235003961
61853090	0.0143246771744122
61853760	0.00221124553296256
61855010	0.0199566627159226
61855980	0.000868873465029463
61856861	0.00111450081406498
61857620	0.00660900282805287
61860431	0.000826406022409588
61860650	0.000765738253529308
61863731	0.00183373225838155
61864960	0.00223146417670039
61865251	0.000763249883555253
61869780	0.0225553887762498
61875321	0.00400739502409366
61876281	0.0401390232219853
61876510	0.000949453573292215
61876820	0.0177043704397677
61877671	0.0124446919379024
61878190	0.00310406601464244
61885070	0.000686576879679394
61889490	0.000834206237526824
61894190	0.00647440208774267
61894771	0.00243287722295038
61895741	0.527520100636839
61897100	0.00095645882546712
61897650	0.00221823775486562
61899860	0.0182086797523124
61902180	0.0244866713117219
61902771	0.00107836028508801
61905920	0.000843335462357335
61913630	0.0119590473930441
61914190	0.013265160988906
61915341	0.000651427203204151
61915881	0.00179282216280206
61916711	0.00086186373788357
61917931	0.00129853570163607
61920841	0.00126669918662421
61923280	0.00633485939913293
61923400	0.189929362541786
61926040	0.00195205744302797
61927140	0.00087552906870579
61928441	0.00117355405845033
61929541	0.0184495733817888
61929801	0.0017980226263748
61930330	0.126559539425218
61932820	0.0155411259580518
61934720	0.00114796503458655
61938860	0.00196322588187923
61940431	0.000972741779142386
61942160	0.00184287987405905
61947970	0.000821842607265657
61952510	0.00110727250390166
61952991	0.000797585651956255
61955191	0.0027354023958811
61956540	0.00101298844944451
61957811	0.0524326913387259
61960260	0.000958693008960794
61961050	0.000885574847633759
61963400	0.000748758506400053
61970160	0.000682827698786735
61971950	0.0881637443113555
61973050	0.000763407625372262
61975710	0.00821654177624578
61979570	0.000823362046351765
61985801	0.00241007643478216
61986870	0.0931866097122436
61989620	0.0013565955049738
61989661	0.0027702825317747
61992360	0.000779970067300116
61994221	0.00269826691985207
61994310	0.00343139986278855
61996500	0.00253670754652905
61996950	0.00204243365550778
61999191	0.00107995645447218
61999410	0.000916497088744893
61999820	0.00103351230079212
62000090	0.000926859438233119
62001811	0.000715242241301346
62004940	0.00101024279471442
62005231	0.000835178127723759
62006310	0.000836745492970657
62006860	0.0022718368049952
62006901	0.002641334874127
62009651	0.00104124818383713
62010771	0.000827213586215382
62011991	0.00589123325856034
62015191	0.00130226525315868
62016260	0.0021709429836712
62018501	0.0149773494471645
62020930	0.00389608953819462
62021190	0.00233051639513047
62025190	0.00626202186247115
62027150	0.000902908375396468
62027991	0.020444790644958
62028520	0.00275587980951097
62032841	0.0110257024150725
62032920	0.00583755762562194
62035140	0.173612174645178
62038580	0.00134520065343534
62038720	0.00252626570348396
62046491	0.000799855255350864
62049040	0.00176175508521325
62049610	0.00115108684033652
62051851	0.00276436819831875
62053231	0.000816720844953844
62055290	0.00172901395746174
62069060	0.00128810705422775
62069371	0.00604573896407065
62069791	0.00126388659118519
62076151	0.00107438182629422
62077450	0.00105629295983692
62077941	0.00379825609860507
62078010	0.00132457100421799
62080121	0.000846393496024132
62086331	0.00136960207331721
62089391	0.0163312741189379
62093381	0.0169328876204761
62094201	0.00297068485767291
62096691	0.000769779139466707
62098590	0.430723827884376
62099321	0.00121690244682535
62100691	0.0153906379061681
62101371	0.00130135586154599
62101641	0.00101974562657423
62102320	0.00118473912457546
62103851	0.00600727788133835
62105111	0.00165299218308217
62106690	0.000688441976757665
62108080	0.00312900143739566
62108910	0.000766694132217312
62111841	0.00330756227175719
62112271	0.0176483872393011
62117860	0.000772016350908695
62118420	0.000629243296701773
62126761	0.00202410136349328
62128281	0.00561730740655127
62133870	0.000736535152890498
62134140	0.0247875125305183
62136370	0.00786347633898938
62143550	0.000741012155323794
62143561	0.00121775385892632
62146290	0.000995129971025122
62146850	0.00100001104266704
62148681	0.00125735281470354
62153501	0.000750704689760211
62154461	0.000798993814288016
62154891	0.000733300876173725
62156271	0.0502111208247294
62157580	0.000662390802985737
62157641	0.00326221158043748
62158621	0.00171633287143092
62159670	0.000923709612702143
62162130	0.016344522831826
62164360	0.00465633463382628
62167021	0.100716798238708
62167140	0.00366924093727641
62167830	0.000782492466581983
62168910	0.0131210462452011
62169921	0.00211656060503723
62170621	0.000700270221357807
62171260	0.000951293600402619
62173911	0.00170950663619994
62175031	0.00284001324305922
62181320	0.0039563212991028
62181610	0.0125793328797083
62183571	0.00101302078133771
62187161	0.000808927822896221
62187291	0.00179399326452466
62192100	0.000738949238045312
62194751	0.000761845418506554
62195701	0.000845980128079686
62196360	0.00128118009730969
62198871	0.000793555416869864
62199701	0.000755509215594182
62200100	0.00230583771492743
62201320	0.000982974002300069
62201990	0.00131874286043371
62204111	0.00175337216117629
62204271	0.0148864229111332
62208330	0.000961127445276429
62208650	0.00190506512944689
62211011	0.000790826962263685
62214201	0.291882201638481
62214680	0.000772746040456019
62217720	0.0046933453046324
62218160	0.00115216226356777
62218300	0.000748977765628429
62221610	0.0312058747212852
62222871	0.000934965035478627
62224370	0.00974829537044222
62227120	0.0144169102309643
62228951	0.0800411725712627
62229081	0.00368570789592582
62231581	0.00103162866088362
62232681	0.0217346916612681
62242871	0.000722642038855275
62242960	0.000755949330126085
62244541	0.00289309567022236
62245720	0.000685854733522719
62248210	0.00150072965441258
62248931	0.0629082129290754
62250871	0.0013293143788697
62261470	0.000841436723205823
62264090	0.0909890558519431
62275920	0.00590290597448551
62277720	0.0120277877029907
62278191	0.00670344535748485
62279271	0.0112727591350429
62280661	0.0128340297371837
62281641	0.0781414449122233
62285600	0.00103389555566868
62285771	0.000654155814470972
62287220	0.447427578066697
62291360	0.00343543146436334
62294980	0.0307561558217979
62298690	0.000695986510455192
62299660	0.00097531432458018
62303930	0.00263854049176875
62305990	0.0133768074489221
62306250	0.00220742297360898
62306970	0.000657754470857601
62307510	0.0874351532081366
62307790	0.00096980869265959
62309430	0.0200024242807405
62309501	0.00698933412245823
62310410	0.000970178192348731
62310540	0.00186903185707578
62312080	0.000830878358436329
62314601	0.00183653979622122
62317471	0.000915854925827824
62319940	0.00305595054453165
62321290	0.00131436784553536
62322301	0.0189589272661412
62324500	0.000835312756868395
62324890	0.00067808563477723
62326270	0.000909885716866769
62326591	0.022021370648136
62330031	0.00102497735498875
62330110	0.476999976029648
62331421	0.00120075947304098
62334451	0.0605305815044727
62336231	0.00461128834457231
62336801	0.000855183445502927
62337570	0.256067242094325
62338021	0.473624602230725
62338451	0.122283638665077
62338970	0.00805186674385358
62339151	0.000665959517500901
62339271	0.00177177867753412
62339910	0.000959174832330905
62346031	0.00190500655093186
62353430	0.000731039464543611
62359520	0.000722228938295268
62360921	0.00102395199054666
62368330	0.00206041526034452
62370950	0.0224460201992551
62371090	0.000823677139241458
62371691	0.00412998402216899
62372931	0.00444401232678077
62375780	0.299988112896436
62376391	0.000845735724165227
62381481	0.0228691272577926
62385040	0.50766788940449
62386861	0.00952487611672841
62388060	0.000818082893484191
62388630	0.000835397761421405
62391240	0.00348871425197733
62391971	0.000940284509210668
62393331	0.0203633721658386
62395070	0.08450419895649
62396791	0.00304400739486378
62401450	0.0992146373224708
62402270	0.000680337928539691
62402871	0.204336952945522
62404521	0.000706062095178772
62406670	0.000673956801508047
62410441	0.00242414140704575
62415090	0.0457159627180216
62416241	0.0144538400935921
62418711	0.001914655204256
62419100	0.00320540645725363
62422280	0.000804970715041199
62424730	0.00162304950726805
62425020	0.000815563310702231
62425410	0.00119155727769694
62426120	0.00263984199110336
62426171	0.00352783653854979
62426420	0.0040323570728299
62431121	0.00516078233262699
62434650	0.00277023958954765
62435691	0.0102384462505956
62436170	0.0147576750265926
62437611	0.0018439797764291
62438670	0.00316597261333849
62439111	0.0130488552060312
62442110	0.0225659297426684
62442441	0.0378210811015437
62444460	0.000853112762559858
62444760	0.00427382608667519
62446161	0.00163333349781043
62454431	0.00523168750461892
62455750	0.00713290755288352
62457030	0.00257253408148804
62457820	0.00277793798122502
62458680	0.0127494469183756
62463671	0.00796840235385455
62464330	0.000797647794002371
62466711	0.00463625586414148
62467910	0.0779145515765741
62469591	0.000822754497447955
62472631	0.00348752282695432
62475780	0.000710767814466323
62476740	0.00254903346955407
62478950	0.000958175433805241
62479890	0.00305417141802649
62482650	0.0190385877767725
62483360	0.0334297503371495
62487541	0.000828960414756369
62488200	0.000880933554432625
62488371	0.000874322282083339
62492211	0.00166251106695836
62493170	0.00101989008881829
62493871	0.000676571378941439
62494281	0.011676135353508
62500190	0.00112780366600538
62501160	0.00936783339352359
62501181	0.00132275533125065
62502960	0.000973285096154028
62503090	0.0130548670982628
62503510	0.0019427255993213
62504221	0.00107516694216136
62506011	0.000869416446561278
62510800	0.0903556656987704
62517030	0.000899409182702789
62524901	0.17921922863113
62527661	0.00431409871600405
62532330	0.0179468288641993
62532491	0.437612556139856
62533020	0.0061413905401109
62533280	0.0032585128098198
62535200	0.00168450493464701
62535821	0.00251169303245541
62536030	0.0307228855864225
62539230	0.00989232634565829
62545970	0.007615748653033
62547330	0.00103774555393009
62547770	0.0023658337143512
62556020	0.00243133542789944
62556460	0.000900603011500638
62564580	0.000986909859092309
62567111	0.000873366010688526
62568020	0.0505883595935901
62571210	0.00616827784459977
62574530	0.541470085790381
62574961	0.000764816354925329
62575801	0.00129810946907176
62579360	0.00487318244735764
62579931	0.000871134549249502
62580870	0.00443309460532995
62586281	0.000798116104235393
62589301	0.00601975139799785
62592600	0.00233158976890171
62593430	0.000674846058593716
62594281	0.0115885195612952
62597410	0.039297569636623
62598701	0.00225139471531049
62603200	0.00079196814176968
62605390	0.00194516779933821
62611480	0.0171654579442784
62612030	0.000728703402679928
62615091	0.0268037477459877
62618530	0.00407067062497834
62618790	0.000836278772065819
62621570	0.119390118508548
62623121	0.00122239810685956
62623220	0.00282838051973523
62631651	0.000988757820086131
62632720	0.000807729833234708
62633441	0.00923220754354901
62635480	0.000813426829686771
62639330	0.00254361872382905
62639391	0.00180392204735207
62641680	0.0168793296028735
62642551	0.00909896045304963
62643511	0.000665437438502705
62645830	0.0163501310252125
62649861	0.00125838195665699
62650131	0.00100829757476049
62653290	0.00210958305345601
62657161	0.00120615101949757
62657410	0.000878833101891857
62658821	0.0262493899017041
62658971	0.000748046463666081
62660440	0.000873227313660485
62660450	0.000952342100961999
62661311	0.531771485594668
62661560	0.000766804938619552
62664761	0.000822314566606911
62666811	0.000749520202692932
62673540	0.163061343172505
62673820	0.162023681243172
62681400	0.00572436903898325
62686210	0.0569517950882861
62687101	0.00227813168985943
62689161	0.00170642085733028
62690770	0.00461151872011619
62691320	0.000927930128735561
62691931	0.00113517600956916
62692191	0.00105873357860435
62702110	0.00142506925475218
62702790	0.45075399102357
62702920	0.00347467642331819
62704611	0.00180133767950131
62707200	0.000794951422868166
62713041	0.000713923218053918
62722131	0.0597083644509788
62726520	0.00102933039031925
62730080	0.00275383592941151
62730531	0.000701211349595536
62733800	0.00612766767361899
62735350	0.00188031534424224
62739460	0.00238909762021676
62740061	0.00548734240800743
62740970	0.0113684285049997
62743381	0.000722198631171405
62745171	0.00252120571334817
62745571	0.0471604186519093
62747070	0.000888454138891722
62747620	0.00122561797189264
62749311	0.00251952250566481
62751631	0.00171736621588151
62752020	0.00118249702227945
62755590	0.00120595742746337
62758811	0.000778942938106378
62760420	0.00308847872921261
62761650	0.00807721177731726
62762920	0.0224502010819997
62767320	0.00402678846753779
62769301	0.00882622327846418
62771371	0.000815098126475743
62775081	0.00102589588442884
62775450	0.00191740860726061
62780710	0.00145127852592048
62781550	0.00590518162836087
62788270	0.00773078161562047
62788751	0.00177330381626139
62789510	0.00274806541033237
62793711	0.000696257282872405
62794480	0.00438516104660446
62794500	0.000859497171794258
62795050	0.0167311329258198
62797281	0.0895931908051175
62798210	0.00110980774134507
62800140	0.000876557043466812
62804280	0.0068246381905514
62804311	0.0165451243524167
62806090	0.0614858060973788
62807990	0.00232376400874782
62808321	0.000864512413987353
62819180	0.00175425795938737
62819850	0.00224433727132982
62821831	0.00351281048933259
62825701	0.00100376456110948
62827221	0.000931787002440502
62831430	0.00948487253236025
62837281	0.00224976097245982
62837500	0.0801800458110188
62840850	0.00153489303708554
62841120	0.0171210854963854
62842330	0.00217551760081043
62843020	0.000804133836155896
62845141	0.00728109422785199
62846101	0.00207545055958738
62846910	0.00163772359278008
62847641	0.00188055428821935
62853640	0.000800269046657766
62855740	0.00100734133283103
62858651	0.00657620782104812
62861360	0.000788615524638599
62864980	0.00607239958511361
62868010	0.00125852945165292
62871771	0.00925597909635145
62872321	0.0127497935323797
62880010	0.000804659850614373
62880051	0.00148921866668024
62886200	0.00221861353481401
62886391	0.000827597868065132
62886740	0.000805459712580193
62897640	0.000942060423772085
62901571	0.00108045446019794
62902340	0.00184366501694807
62905120	0.00466962517601407
62912980	0.021387533532845
62913691	0.00392510457169324
62914200	0.00258083396482615
62915170	0.000783837258301213
62916800	0.00346586221627399
62919450	0.00192671938555531
62923170	0.0032236990636195
62925360	0.00255040047798445
62929510	0.00102903690262789
62931191	0.00620625444611196
62932041	0.0106485217984382
62937660	0.000875272311335682
62937971	0.00100488705348643
62939440	0.000942344780723955
62942870	0.00361417410549145
62945520	0.00101797779877597
62945561	0.00171399906603503
62947730	0.000822510216715751
62959560	0.0124338116313133
62960321	0.000914712848973832
62964571	0.0157871588942128
62965650	0.0013373134155684
62965760	0.00254128763090417
62965780	0.00188197204786796
62965790	0.00106535920983195
62966460	0.000925168173807431
62967621	0.00130542997262821
62968270	0.363199423684528
62969650	0.000917404533078996
62979560	0.00122607001796929
62980301	0.00187840522170107
62986060	0.00100960064764327
62987850	0.000965485207316592
62996851	0.000881368156977562
62997961	0.0290785797980016
62998620	0.0604012913732202
63004530	0.000703923587035122
63006511	0.000848586213764315
63026470	0.000806419776189859
63026870	0.000740364305315779
63030091	0.0130657556488785
63030610	0.044017734470762
63032670	0.000997401954921405
63034511	0.302655919939085
63050600	0.016880335905758
63056171	0.000958410453104685
63071570	0.00105227465535934
63071980	0.00195960299297207
63073961	0.00557332373681627
63074221	0.00365490433227971
63076780	0.00135135741392236
63077760	0.000865587761068318
63079461	0.000770139178741956
63080421	0.0016788437742145
63080810	0.0629318533335394
63081521	0.000993741949694325
63083881	0.00111433802640914
63086221	0.00195403256343778
63086470	0.0306897448292327
63086750	0.00137506021174181
63098310	0.0013674939570827
63099420	0.000884797058550366
63104810	0.000774330967493233
63105080	0.0498908017588525
63105880	0.000687039826777698
63106860	0.00174732455792845
63107720	0.0022908197341372
63109190	0.000851477361531376
63113251	0.117029779749351
63124940	0.00296322457156142
63124971	0.000820604439497078
63127041	0.00218857876621757
63127051	0.00122259234527402
63131820	0.000806585369268318
63138621	0.00267693191432605
63139830	0.000842076178512833
63140230	0.00404024028386716
63142071	0.00560776532171947
63142170	0.0257291738471789
63142750	0.00179441985578389
63143680	0.00122154763132465
63145920	0.00344449554764463
63146710	0.0011484506747899
63152561	0.00205472462470184
63152711	0.00338123205828169
63152930	0.00296080892319714
63155160	0.0405018825077667
63155191	0.00122260786108538
63157500	0.0256834668017711
63161780	0.00121838224707463
63168540	0.000905066247416382
63169900	0.000883750644253845
63171591	0.00282595312725103
63171680	0.00105135779034698
63172400	0.000754157661323599
63174611	0.000825885011960339
63177651	0.00172978184376967
63182361	0.00201415709556331
63183721	0.0158371781033678
63186860	0.263782125462599
63191000	0.00317164778410591
63191550	0.0024370013105399
63194631	0.000894635894508524
63196780	0.00169362124715189
63199321	0.000888994141598647
63200950	0.530542500777002
63209241	0.0260162814605105
63211280	0.00128232112898116
63215960	0.000883672822436366
63215970	0.00114581128218954
63216981	0.0118625497867386
63225791	0.0208648401498745
63228271	0.00110372055450174
63228541	0.00278111530546746
63230280	0.00777471958416248
63233880	0.00121433031615498
63234570	0.0312312398159022
63234751	0.000767954460271816
63237251	0.00288458839977924
63240821	0.00179046840271931
63241480	0.00114682473891478
63248110	0.000837085281223233
63248230	0.000797095742874665
63248350	0.000914867721486023
63248900	0.02030618888829
63251000	0.00111917731373089
63251270	0.0011102454647131
63253070	0.00178390539717926
63255431	0.0013580792269135
63255700	0.00094337269126012
63256080	0.00143656137268258
63256220	0.000832954586738405
63265661	0.30587012108304
63266351	0.00383028006885714
63270450	0.00226657254009155
63279851	0.000836220167734877
63281730	0.00182544469352754
63283420	0.00157705076627238
63291280	0.000828981847689603
63291291	0.0038667404986739
63297610	0.0649818527051509
63297661	0.00096774458223088
63300251	0.000865245208285266
63305521	0.00101469813679128
63306020	0.000828760544125984
63306181	0.000872438783006653
63308230	0.0185464464083404
63314830	0.0447139224620515
63315991	0.000988056295242346
63317030	0.00195599444465917
63318820	0.00463582631101371
63319950	0.0337963226755058
63321310	0.00186048491075591
63321330	0.00181229176303963
63323820	0.00399555042167208
63327110	0.000988155109027558
63332780	0.00118659905070782
63332930	0.000802359550529376
63334290	0.00532470411151444
63335380	0.00374681661660315
63337450	0.0023949849632146
63341600	0.00259488158987003
63342270	0.000858478932566236
63343370	0.00092949648817417
63347011	0.00241774242016087
63349040	0.00129474192012228
63351390	0.00830752115849083
63352661	0.00177767578044116
63358150	0.0207564182958221
63360480	0.000934045158289564
63360930	0.000803736653245464
63363370	0.00109123931346169
63369620	0.00374450685499655
63374041	0.00175494638919946
63375930	0.0230007178677446
63379851	0.00102362520267647
63381511	0.000981874229166382
63382061	0.0114049124592917
63382601	0.00126745828179173
63383100	0.00111963718290684
63397710	0.000961699325993794
63401050	0.090214826912121
63401071	0.0444110645973369
63401511	0.0040052357516923
63402871	0.0123749805842721
63402960	0.000805514335198843
63414120	0.00928099092616763
63414440	0.00290656792206015
63416261	0.000798817619738902
63417040	0.000936179766992514
63418400	0.000981487078596443
63418410	0.0607388159836236
63421621	0.000945294986126497
63422550	0.000960310983739819
63422820	0.000999399184378355
63425030	0.00181066715094988
63426591	0.00270429484493286
63427271	0.00162689216728215
63440360	0.0174885101516262
63447701	0.00113804265162487
63449050	0.00215999219487991
63449351	0.00339979823581813
63449600	0.000896644886533411
63451120	0.241170903877651
63458710	0.00594464357034427
63461190	0.00216858965999415
63463691	0.00166173031193831
63465460	0.000790160167160071
63465491	0.00093499598504068
63467240	0.000849031942002427
63468060	0.00152144765194942
63472791	0.00129331066091692
63473560	0.00283299997711691
63480880	0.00136337705179985
63481621	0.00115793492152108
63481740	0.000891294880918005
63486161	0.000984399539820168
63486830	0.00097400175470625
63488350	0.0018263751452767
63490000	0.00108172644575096
63492480	0.0185700909395032
63492640	0.00298562235351965
63496050	0.00104178447314403
63501430	0.00306406767610202
63501730	0.00085244804468455
63502441	0.00110201908879541
63503650	0.00102425421693664
63509631	0.00105374120266664
63510250	0.0012295113862015
63510820	0.00147089209274592
63514940	0.000874152151066984
63515640	0.000790499020879199
63518871	0.00100006091648136
63519250	0.0507237251620218
63520620	0.0140836184514476
63525430	0.00140203187433915
63533491	0.00490310586578058
63534970	0.000929875148357726
63537460	0.00100520608922596
63538140	0.00159413569926016
63538721	0.000934536453699884
63539271	0.00127506016887768
63542431	0.000763375042598502
63542981	0.027024837075161
63546950	0.00109224660589199
63548200	0.000936907438961186
63550311	0.00463325088937845
63551070	0.00171198994807176
63556111	0.00183248219679571
63559531	0.00094693819941425
63560320	0.000973117869942173
63560511	0.000978039696922367
63562171	0.00955821925720047
63565331	0.00102877509084521
63567930	0.000831877870865496
63575541	0.00147871325672142
63575900	0.00144653591314542
63580760	0.0020859956742338
63584050	0.00111827016017784
63584350	0.0125061357829169
63584361	0.000863088561264221
63589560	0.0100870947619345
63590100	0.0109991421104911
63590841	0.00546001112387049
63592521	0.000808497957651048
63598670	0.00115552146672214
63599920	0.0996857063833766
63609461	0.000929559787028822
63609580	0.000780956611632077
63614421	0.00122019926793062
63617690	0.000994903345305986
63617850	0.00419427299565025
63617881	0.00173417148835762
63624091	0.00193360974839692
63635490	0.00156786216565874
63643411	0.0011554515172106
63643510	0.00168740476846167
63646100	0.00103637847422014
63646240	0.0212372142123956
63652610	0.00249167350153263
63653741	0.00309236182306511
63657341	0.000863655748388348
63658171	0.00103333992418293
63661321	0.00432309080015722
63662031	0.0303877613650731
63671900	0.000979908297879734
63675671	0.000809833312167311
63677260	0.00108702682914395
63677601	0.0464345722407984
63681010	0.0008586188158543
63687401	0.00182169005809913
63714411	0.00132867999275046
63913370	0.0106871392472455
63914210	0.00102449901330213
63927880	0.000922433670338389
63932450	0.000770539213482095
63951880	0.00275163018310863
63952410	0.00103504137721749
63975221	0.000892227999670224
64026330	0.00216832006794065
64028471	0.00274544306596679
64063911	0.000821586183509512
64112550	0.438858838477639
64120800	0.000896735414964608
64146101	0.19455818414891
64173080	0.00103177732737577
64181480	0.000778076619194012
64181650	0.00757399708442541
64185800	0.0166994396948349
64190511	0.00780557992147547
64197900	0.00575860164590463
64226040	0.00102135868126206
64236991	0.0469235886014928
64238600	0.000857961799738453
64289210	0.0281118504400283
64315020	0.000872360952024885
64374600	0.0372465339681437
64376001	0.000867253303441088
64404210	0.00680343221330129
64441340	0.0621344276648747
64507851	0.00286426568143473
64521860	0.00125674730287532
64538840	0.00152753052118382
64547930	0.00637576084368533
64553190	0.00101005159534426
64561231	0.000902548405122319
64585491	0.00249101126109559
64594581	0.00468188078811623
64627240	0.00118546081236062
64633040	0.00191619385217148
64635841	0.00140840380594057
64651691	0.0008683985243474
64674820	0.098279780445912
64676330	0.00219811765288254
64677901	0.0030720467222601
64680190	0.038165947836752
64681071	0.00101446570686326
64713990	0.00120747605351806
64715920	0.000990892749858778
64726571	0.00122142442384423
64750400	0.000919598919799075
64752231	0.00146769426410369
64756070	0.00772222101006463
64765321	0.0113912151300661
64766950	0.000853535665702476
64771541	0.00866939089248821
64772730	0.00212538612920506
64774140	0.00101270968301086
64779340	0.0023990085304697
64781440	0.178489165156046
64783531	0.00129186535937854
64785130	0.00100724557157676
64792081	0.000842171600571798
64792170	0.000853319344563002
64793191	0.196310956675923
64795251	0.000797294872530244
64797051	0.000958443893001883
64799251	0.000786909685532532
64800990	0.00180196139389574
64805720	0.00231240237163828
64806400	0.000872138601642272
64809481	0.0278653923187777
64813430	0.000856081434307991
64815961	0.00169182575019978
64821150	0.00102414614698579
64823381	0.0142950119379148
64823811	0.000955779158878409
64824330	0.000848700392142299
64824850	0.00251414525634667
64828060	0.0011170632990307
64828740	0.00162962755610734
64829300	0.00174948987359674
64833051	0.0228291357620057
64837020	0.000820827558226261
64838260	0.000992381537484857
64841970	0.00355067475306133
64843671	0.115001505395553
64843801	0.00126267807231683
64844580	0.000964422942371739
64847340	0.0026676957502449
64851391	0.000868153086242444
64853010	0.000882981350500119
64853430	0.0284761462984826
64864221	0.000827826368821655
64865051	0.00112262107450083
64867931	0.000932177519663167
64870240	0.000837304368865702
64872921	0.00339609636310961
64874141	0.0024517104566478
64879541	0.000948032611158713
64893741	0.000926050230285696
64900180	0.0308425164780791
64904911	0.0329324832229198
64905120	0.00850002259998794
64908470	0.00143955107088925
64912290	0.00257821541912657
64919511	0.00518410731650141
64921301	0.00105990988522544
64929960	0.00122556384681141
64930950	0.00107325171765028
64931470	0.0536481509412122
64932341	0.000897244307390279
64937130	0.00261026910648891
64937570	0.000896638798084818
64940860	0.00190743938882198
64941191	0.00146090216912331
64943261	0.000958906164510758
64945161	0.000940422231407028
64946001	0.00100630082669066
64946411	0.0039895279828187
64951391	0.000942822929915629
64954701	0.000767317122466488
64955371	0.00329124959940521
64956320	0.117270803026349
64958151	0.000957762466740885
64959781	0.00107822204485605
64963740	0.00194104758117748
64970831	0.0100927870017219
64971101	0.000807745603500039
64973571	0.416986009174358
64980290	0.0237435832502015
64980570	0.0288770251177508
64981120	0.00083480033277289
64982110	0.122891270612861
64982691	0.000857249693004946
64991391	0.00133500226891475
64992280	0.00380883181409106
64997530	0.00177816348970017
64997660	0.00487159508309264
64997851	0.00153504910857364
65002541	0.00100449546939321
65005000	0.00102873688561722
65005991	0.573684520185415
65006510	0.00341996920164916
65006561	0.000973151333442798
65012071	0.000895937885262798
65015620	0.00299978488090924
65023180	0.00198922696588171
65023190	0.00254843725050159
65024471	0.0247436429531385
65027350	0.00094366352171848
65028180	0.0107805455640058
65032061	0.00338743247178275
65034800	0.000808414846665125
65042080	0.00110907459370244
65044000	0.000879212487489152
65045390	0.00234877383125221
65045431	0.0186114489053674
65049280	0.00555771285869465
65053711	0.0025474018100309
65056010	0.000974294370592802
65056020	0.000901253119469379
65056191	0.00359518775091298
65057571	0.133884122634707
65058831	0.000867710637424742
65059030	0.0305590767625294
65061280	0.00113019133077888
65064621	0.00203915240321377
65066001	0.00117412747229266
65066080	0.0010293753945387
65068270	0.00083349494677293
65070100	0.00137976279095725
65072450	0.0885389872193058
65073790	0.00237376539504537
65075371	0.00154812055032779
65076341	0.00652855986114106
65077380	0.00183502926541663
65080061	0.000807616949523322
65081861	0.000857068486667675
65089120	0.0192613208045552
65090131	0.000835948011709443
65090661	0.026166894917162
65090750	0.0026791040135824
65095990	0.000872705682461736
65102261	0.00202914043768866
65111771	0.00107540361380721
65112990	0.0092184074001195
65120690	0.00165156561489709
65122610	0.000817435983582639
65124720	0.000762483180418849
65126750	0.00533847781116234
65127990	0.0201950001109559
65129820	0.00123043764182294
65130620	0.00277340644347027
65136051	0.0027810340060337
65136840	0.00114796748290783
65139310	0.103629323429442
65143200	0.00532652159174075
65145380	0.00110521190437326
65149260	0.000988770052595665
65150510	0.00940714638306916
65151071	0.000920495682885548
65157291	0.0161931984319089
65158190	0.000975267863171719
65158210	0.00128410962997888
65158330	0.0202729778252716
65159050	0.0039995070218796
65159180	0.00426752348155984
65160061	0.00113132623884063
65160410	0.003837374090703
65164471	0.000886321821088336
65165270	0.000831261409376544
65166880	0.000944624242452372
65167590	0.389577894366682
65169670	0.00298596637191752
65178620	0.00691591263717064
65182610	0.00213345738521163
65182640	0.00110944232916397
65185400	0.00378695772809285
65185981	0.00907848664978048
65188191	0.00086542698801953
65188400	0.00107656892354452
65194610	0.00176885377558674
65195081	0.00102513433051728
65201271	0.0010721788061874
65201821	0.00118228439017353
65202600	0.00418832517879599
65202931	0.00169548095632355
65203160	0.00641321317928002
65209640	0.00576194208889803
65216430	0.000944042114483613
65216710	0.00285158296737056
65219190	0.000794021360092395
65219860	0.000961489123061228
65222200	0.000839314288424505
65222210	0.00171768922341081
65222651	0.00369995354454316
65223211	0.00122569579563488
65227310	0.00918284560692637
65228051	0.00277019381150967
65228601	0.00184223496054504
65230600	0.00194039258195716
65231631	0.00115063398428044
65238470	0.0145325019168345
65238500	0.000747628366728208
65248980	0.00280568772082514
65249360	0.0159320315561049
65288390	0.28438071317946
65389541	0.0204587782895463
65412120	0.00486199817971976
65513780	0.00154097955212515
65514071	0.00139613055501929
65620800	0.00484847095828269
65656811	0.0016130006859423
66033891	0.008382534639394
66045570	0.000867899722424626
66057191	0.00136489794192979
66096190	0.0317406307041759
66107811	0.00192465456781572
66108840	0.000948102819049055
66114630	0.00129615286534161
66137420	0.0187733819223734
66139760	0.000995844016273461
66148621	0.00105274802536348
66191501	0.00184137093007119
66193690	0.000786075642506652
66195080	0.000965978889605968
66245660	0.0222980045934061
66261820	0.00136752610993463
66268601	0.00101075255315038
66293281	0.0098240369530161
66353120	0.0012427880339257
66424840	0.00109860300432661
66466381	0.00355836473466294
66487741	0.0193195883521664
66512100	0.00137576447505605
66526480	0.00452154879042849
66550730	0.00419284183076994
66582071	0.00131174285560891
66592011	0.00082111085927674
66600421	0.00111180074838046
66657651	0.0010399424007174
66683301	0.00176347350528669
66699800	0.00143706063106004
66712120	0.00118713563014284
66734030	0.000914115152411869
66767140	0.000843740577551957
66785330	0.00123782259380513
66794741	0.00618968008226086
66836080	0.0345706589402343
66843540	0.000808415126567561
66860551	0.00479152258887344
66928920	0.0116009558935169
66932360	0.0351846938478228
66938150	0.000871056835980229
66959821	0.0082451552744841
66968261	0.0750558177622097
66976941	0.00180452265504531
66978250	0.0120176760659286
66987810	0.0443231606743059
66996460	0.00190811588707902
67003530	0.00540900157026089
67115531	0.00236264149891759
67144200	0.000862848740814833
67196320	0.00110979396268072
67203801	0.0296739938728886
67203910	0.00367500618734226
67214530	0.42581274836103
67218551	0.0413524517553027
67221960	0.0154633852781926
67229570	0.0971598837661451
67232081	0.00478142317581426
67232170	0.000764350588598386
67237471	0.00128984376658591
67249300	0.000995823494431811
67250011	0.0013041346896872
67250390	0.0122134950692929
67250841	0.000949819461821564
67251521	0.00112937915337264
67253550	0.00098397477590527
67255801	0.00103753056874635
67258220	0.00392012095971871
67258841	0.00105085024902589
67259640	0.00247286489066365
67261721	0.00276229572301009
67263661	0.00510568404724457
67263921	0.000848147796537926
67266230	0.00116536256743198
67267111	0.135059555029438
67267190	0.00527619261556691
67270220	0.00836921916303921
67270910	0.000784180195979487
67275760	0.002274296861459
67275951	0.160600123550307
67276580	0.00232061326155099
67278490	0.00249138769255116
67288751	0.00117149251427936
67290230	0.000810976888501931
67291900	0.00191215359106544
67300911	0.000967281636151326
67307931	0.0597513593059672
67315600	0.00125331923004896
67321161	0.00988152110741682
67331730	0.00389215212465486
67335730	0.00156783175087774
67352881	0.000820040255263317
67352970	0.00117644590513803
67361711	0.00226456153481454
67362110	0.0307070593977088
67364590	0.0783998105054416
67370800	0.0150570822281827
67371771	0.00196995797436353
67376440	0.00140952030449332
67377260	0.00274083538979373
67379241	0.00373925393850652
67382941	0.0852634890684625
67388700	0.000972762279895372
67393100	0.000874246863782238
67395241	0.00369661533291022
67399921	0.000969398357153664
67403180	0.00522694376903934
67407610	0.00109529716773841
67413800	0.0216056490043417
67425680	0.00307101551759614
67430121	0.00487654450196578
67436990	0.00124235712273852
67437690	0.134482953527717
67437831	0.00103292374950048
67437851	0.000920207540927588
67438821	0.00199793714824717
67439620	0.00455622628177922
67440150	0.00147173192377024
67444481	0.00106223352747261
67445260	0.00139509544251244
67446340	0.0490425648676577
67446480	0.000826609101331469
67446490	0.000799186074695237
67452000	0.0124005020341428
67452310	0.00754531867184418
67453250	0.0127079651506452
67455211	0.00126702742313078
67456451	0.000899423296508615
67460550	0.00107795197211461
67464400	0.000953781776782924
67470671	0.00727680826064489
67474661	0.0016134909596601
67476471	0.00087513990324331
67479600	0.00193969984229464
67482261	0.000897315089056946
67484300	0.00847562835052981
67484400	0.00567868046674082
67484680	0.00297533565375809
67485230	0.00085591790790333
67490121	0.0087000875633463
67492331	0.00236034754869229
67492451	0.00113386374434682
67493411	0.0680086473138971
67497820	0.00612819525426432
67498801	0.00107283077631402
67504721	0.0251617328018007
67508871	0.00104924886441555
67509011	0.00609965858582331
67513360	0.0012977753397303
67515860	0.00133573037149257
67524721	0.00219215062550365
67527911	0.00104575947137419
67533821	0.00115448407525874
67534500	0.000885696274557845
67535610	0.0035771549977595
67539160	0.000960416375503758
67539320	0.000902295293556881
67541520	0.0212629995314398
67541800	0.0314973980785243
67542220	0.0125707639072899
67543501	0.00159413498601387
67543710	0.000861601059942229
67543850	0.00115737302603633
67547501	0.0010349079534203
67549711	0.00395048841679384
67554330	0.00103189638983093
67555440	0.00102165518686735
67557520	0.194582440451908
67560150	0.00080809035483414
67560721	0.000816401298736558
67569810	0.00509681902321454
67571180	0.000850814409912224
67576840	0.00121762118546031
67578931	0.00255739081123495
67592161	0.00621915647753999
67596430	0.00092458471180228
67603420	0.00095135770705899
67604290	0.00472242463923729
67605790	0.00172352079117609
67611160	0.000810314583636164
67611860	0.00155289971745208
67612540	0.22641513564258
67615211	0.00081050276368186
67615980	0.00126719590907181
67616311	0.000881612865742745
67618610	0.00143251732395205
67619700	0.00081711595834219
67622101	0.00197803273913828
67632940	0.00220883357434684
67633121	0.00333585049597572
67634460	0.000943981517895537
67634590	0.000820831060484502
67636571	0.227615270050285
67640970	0.00165659593673128
67646900	0.010866446970558
67650330	0.000982686635274063
67650460	0.000787944015545604
67653131	0.000944528954143587
67656530	0.00517877194957986
67656940	0.00350673657758946
67659970	0.000973855538148826
67660451	0.00357474194393502
67661100	0.00083791634110746
67662170	0.000810297490676762
67664701	0.00565415319143054
67665141	0.00078651113773934
67665821	0.00102028623783743
67669281	0.000750741065835334
67669391	0.00130035279716963
67669770	0.00120006410119034
67672991	0.00258296010319229
67676260	0.103440947602484
67677480	0.0008678415933826
67679621	0.000986303211446617
67680800	0.00103445987366387
67684291	0.000823309752791787
67689541	0.108774702945264
67691741	0.00105065292537882
67696280	0.000869025943326557
67704390	0.00392225780378161
67710870	0.0127233398455306
67712721	0.0172365820490031
67717671	0.00248702278063351
67720410	0.000833828145031811
67860011	0.000829154814367677
67860510	0.0109454392894233
67860940	0.00442660175016869
67861781	0.0301392639141588
67867721	0.00151046611528982
67871741	0.0027631115178713
67877910	0.0010232485814137
67879260	0.0162419376000033
67879950	0.016925730532687
67879960	0.0231165251376157
67880250	0.00114012298453713
67884240	0.00129003611702921
67895311	0.000840106581236229
67898341	0.00132005180877825
67902471	0.00125417049562831
67909190	0.00087745424609517
67909610	0.00791282942098074
67916701	0.00072121704617872
67928500	0.0103313865568422
67936640	0.671437678953919
67943861	0.00240658980380909
67946751	0.0313826927622358
67959011	0.00220767222712349
67960271	0.000911582721011166
67962140	0.0046784367190163
67965450	0.00843795942494243
67971291	0.001294996152372
67972650	0.000938211888173577
67975140	0.0011826369631407
67976951	0.00298764428420111
67983680	0.00160539088416392
67997740	0.00201104495278956
68002741	0.0367848388087357
68003400	0.00957598405203615
68006601	0.000841349358456248
68007960	0.00224133599992601
68012951	0.0233123438713038
68015370	0.00934522737911129
68022741	0.00210358015377056
68023171	0.00236547600269026
68023581	0.0011225751737461
68027141	0.0123302727285053
68028490	0.00218377079270079
68029931	0.00185482467099002
68030201	0.00285535212041702
68030840	0.00107768709173384
68034741	0.296496896510487
68035421	0.0389928667643853
68036070	0.00293553407979567
68037720	0.000947391838482826
68041491	0.000928998996036477
68043110	0.0495833276723329
68043960	0.00102645447901005
68044261	0.0100066083289053
68048080	0.00093218513991672
68048350	0.00110896943684068
68048610	0.00246377974846712
68049361	0.178355064885687
68049590	0.000973682862030361
68050820	0.000969083790309153
68051370	0.000984448430438886
68054990	0.000755454591908418
68055650	0.00112329502533703
68055780	0.000982521699709175
68058980	0.00125680387318916
68060370	0.00374783693766579
68061710	0.00260281962103301
68062751	0.000987797242166446
68062840	0.0022626802845458
68064811	0.00123913043223747
68065091	0.00149607533836037
68065710	0.00109193250002035
68066970	0.00109473793826905
68067250	0.000897733475230946
68068821	0.0154643220462582
68072101	0.0037936010120975
68074030	0.00280524719230983
68074051	0.00132473511651114
68074881	0.000971876271222945
68075780	0.000884797950615072
68076360	0.00149968139418449
68079441	0.00203320646044715
68082051	0.000802834426644566
68082061	0.000904686989123875
68094970	0.00112343631495501
68096480	0.00100687186492429
68103001	0.00107714062055036
68103011	0.000790098767695489
68103240	0.0118812010689645
68103910	0.00164649238600719
68105440	0.00157966089393823
68108251	0.00133317344928719
68112910	0.00132271938910013
68114441	0.000967731132274174
68115800	0.00194613243321111
68115910	0.00298726196150183
68118451	0.00204290088193584
68118960	0.014359444834497
68126400	0.0104677413424198
68127011	0.00238135118436106
68127271	0.000893973068871543
68128080	0.00254361174794517
68130591	0.0106602454747764
68133880	0.0032092091011392
68135400	0.00536104671458598
68136460	0.00100673771938429
68140340	0.000809098498460045
68143260	0.523726677830203
68146160	0.0010801529943941
68147551	0.0017580848966881
68149751	0.000864258045370869
68150441	0.000883467086520596
68153611	0.0103595315692201
68155660	0.000836058868851201
68157911	0.469940970619849
68158820	0.00114341651366985
68159940	0.00114080337246282
68160770	0.0145811589442295
68167541	0.00128116553623665
68168391	0.000780610485275159
68171981	0.000769882163535907
68179261	0.00089055786192282
68179831	0.0175615882074586
68180200	0.000887552554885829
68181430	0.183685121336456
68181621	0.0166403677376439
68185730	0.000986626267430975
68190540	0.00148076475469056
68191110	0.000852901991428437
68194581	0.00127552852216378
68194820	0.00183613008319393
68194960	0.00271018858825286
68197020	0.00419119091663816
68202980	0.025739964537898
68204610	0.000786500281062468
68207281	0.00245897447236979
68208590	0.00893104778204325
68210420	0.000822648190935696
68211131	0.000847537132873411
68214150	0.00120740940301678
68217601	0.00116717842669791
68219070	0.439201058436098
68219831	0.0723428899970097
68222120	0.00194736414075418
68222311	0.00252667692297204
68224490	0.0182544382254359
68224760	0.000960327242544567
68225481	0.00325413257386956
68228251	0.00233024871332858
68228770	0.000855222984033009
68233170	0.00121746592511442
68235770	0.00426208913493489
68237891	0.0549082494791177
68241030	0.00105746570091101
68242260	0.000946053841204559
68244610	0.000935843985334115
68246560	0.00911420619856179
68247650	0.0195974697872283
68249290	0.00139642124213184
68251240	0.00167983993568456
68251910	0.00783289874983961
68252620	0.00295015076108751
68253420	0.000873223187145292
68258731	0.00671176064098522
68261891	0.00298782766516813
68262451	0.015513719492575
68263941	0.000828893465852451
68266571	0.000986458400745757
68269761	0.00112205966943665
68272651	0.00202660139801344
68276791	0.00321514911470421
68278591	0.00107003829926205
68280651	0.00142020560588938
68283100	0.00383290430182259
68285130	0.00326509836226136
68287630	0.001116922870506
68289290	0.000873629435607673
68289550	0.00110372796587195
68290240	0.00250799312949895
68291520	0.000878297764886868
68291770	0.00698707231240415
68295060	0.00135357085015453
68295121	0.000900827361396043
68299480	0.000873150806528325
68299640	0.000758696674721282
68302161	0.00204658420004102
68304221	0.00168915926976587
68308170	0.0102421062603378
68310650	0.000974330648236596
68310950	0.00100108968197681
68313591	0.00168550541644102
68325980	0.190734079973916
68327121	0.000868459989008707
68338001	0.00199527587547121
68339240	0.0854439571249214
68340511	0.00136202451608168
68340580	0.00130227303216489
68343401	0.00138150260664597
68345010	0.00221252366890251
68345290	0.0011148734229217
68351220	0.000975817846522536
68354841	0.0146769326590797
68355391	0.00208425839293393
68362410	0.0206116048823241
68363330	0.00356956004801693
68363630	0.563231065580884
68363951	0.0248053368714017
68368860	0.00187692755170155
68369300	0.00223884987900338
68369570	0.00137756446384739
68369611	0.000993703553286938
68370380	0.00110567407608985
68370950	0.00505012883633516
68372040	0.000917263790884901
68380081	0.319859715642585
68380590	0.000965215403752281
68381970	0.000956219954004507
68387070	0.0022069016117262
68392720	0.00127601999357891
68393840	0.000880554406951158
68396870	0.00965448554155678
68397990	0.0035973073441999
68399880	0.00082747445371338
68400211	0.00107733036141766
68401731	0.0323370550152483
68402510	0.00108485134670502
68404170	0.00095571184411898
68404180	0.00121000477846913
68404341	0.00211988346689089
68405300	0.00422608265943032
68406851	0.0010029476861655
68407531	0.000829120095485466
68411060	0.000927827508630568
68413461	0.0565229403305846
68413570	0.00153761249182766
68413861	0.023200116494358
68414161	0.00101085872441577
68414530	0.00119404611287602
68416020	0.00113575078353359
68416071	0.358499782885309
68416880	0.20333629083335
68417970	0.00083803270679439
68419640	0.0103775698265456
68422950	0.00957827588835821
68423640	0.00089335524529137
68425140	0.00125875273241376
68425441	0.00102103679939844
68426920	0.0382734133767816
68427220	0.00218641028994179
68427381	0.00443023582104237
68427740	0.0046734665163408
68428290	0.00165007859276336
68429000	0.0120765079238183
68429550	0.00143213583152431
68432751	0.00203104577045475
68433280	0.001011101790592
68433950	0.0117729905293957
68437120	0.00236083584813126
68438230	0.00139358192137762
68439511	0.000862807139980783
68440740	0.00236117798279438
68440850	0.000831611585219744
68441270	0.0210292439803378
68444351	0.00646335964860538
68447801	0.00323707540525564
68450530	0.0024776922362527
68450800	0.00133979545691721
68450831	0.00194314200226809
68451121	0.00129041623340916
68453960	0.00604704046546783
68456740	0.00190288825589459
68456870	0.00340742846738067
68458431	0.00134684878573353
68460471	0.000784741652647868
68462530	0.000819811348399402
68462800	0.00145262036311804
68468361	0.000782501968303554
68470640	0.000787553990894811
68471620	0.00222053992637834
68476020	0.000748846999142046
68477301	0.000776730051746654
68478510	0.00196711795784911
68484840	0.00124748365726757
68485280	0.000892129762004373
68487111	0.00163458447911824
68488030	0.000973399268227352
68490261	0.000876237286683315
68496290	0.0017169781511273
68500460	0.000869240823591261
68500860	0.0028195768981549
68502370	0.00460844204907683
68505981	0.117934550896303
68505991	0.000869079933676048
68509031	0.000811777911769231
68509591	0.000982454032988216
68510401	0.258109127857767
68510831	0.00184627109917282
68512030	0.00133100882079102
68514691	0.00125950008437301
68515791	0.133337622240368
68516741	0.00160551371068755
68517280	0.0336874571667503
68521400	0.00222701408451309
68522240	0.00351305773226945
68524420	0.00144877066306491
68526141	0.01699763952287
68531911	0.344076737933317
68533041	0.00724474999381675
68533670	0.0252320198882486
68534350	0.0010280940105137
68534411	0.00122917409659856
68535641	0.00106371184980379
68539050	0.00130140491227578
68541591	0.00134363248027652
68541711	0.00394203110101246
68542350	0.000859718301080004
68542760	0.112482596946747
68545041	0.13104838897274
68545451	0.000871923005235357
68545721	0.0240990514213533
68551720	0.00176624523463127
68552850	0.000850611683178089
68553540	0.000963594431005721
68554630	0.0527027557247188
68554760	0.000861830428494592
68554930	0.0305037647738174
68555490	0.00624176677962586
68555870	0.114601635329855
68556030	0.00180768280136253
68557110	0.000982431694195006
68558490	0.00412444211071642
68559330	0.000799832294472625
68559750	0.00111938017077949
68560891	0.00224734361259571
68561721	0.00520302311141211
68561790	0.000982621710155461
68562001	0.000869642071258779
68562780	0.000891974825095797
68562831	0.0142222669461357
68562961	0.000978780308978263
68563330	0.000887259099545717
68564550	0.00332236423093894
68564580	0.00101143429702334
68565591	0.00109448190530518
68568270	0.0652511402092296
68572341	0.000976721784275133
68575600	0.00231014800047862
68609920	0.00345171081634414
68616980	0.00101162501030565
68619890	0.0031955919578343
68636611	0.00102322973323962
68637561	0.001865037683823
68662381	0.000785018490061455
68662811	0.0079098526390479
68664731	0.00316444308583627
68672300	0.0019067833471096
68689411	0.000875991344448399
68715771	0.00153549751438803
68726320	0.00125921733614198
68732140	0.00208746552521269
68734760	0.00078126146987473
68736000	0.00214602394953083
68739850	0.0532754604842468
68744700	0.00566760464820934
68759560	0.00320147707064708
68761350	0.000851297816672418
68761360	0.0200316717786798
68762900	0.000907159404134631
68764181	0.00265340179420789
68764871	0.00115471416192226
68769961	0.00247506822431922
68770241	0.0011784316361473
68773510	0.0632698824515457
68777100	0.00167995984242933
68777681	0.000947017482774826
68777971	0.00104221765187451
68778531	0.00393088073141744
68778590	0.00580412661387108
68782511	0.000779012261404283
68784250	0.00213644325204712
68786750	0.0030510492014038
68790870	0.000941091925164538
68791570	0.00759644217482248
68792301	0.00177282926083078
68792400	0.00161619327666901
68792800	0.00147013483765507
68794040	0.00099921847567634
68794931	0.00151479853638992
68794941	0.00488908022390394
68796550	0.000867623013927635
68796670	0.0365140882761645
68798371	0.00281080667907292
68799341	0.00530368360135573
68801490	0.117610609151608
68803580	0.00112905247204343
68804311	0.00120318378339324
68807830	0.00108317811975216
68810770	0.00291035776130171
68812270	0.00121814469318183
68820130	0.00235024393033231
68820291	0.00192073289200587
68821141	0.000974998197859652
68823201	0.0094636833799971
68823870	0.0748458365159289
68824311	0.00123416746780401
68826900	0.00430728547533313
68828700	0.00099826221624163
68829261	0.00500079090489369
68830320	0.00374678515034577
68831741	0.0111653855479772
68832530	0.0010235286075629
68834620	0.00111582652065355
68837110	0.0314065864282127
68838200	0.00186860063100423
68839560	0.00109811413938936
68840110	0.000983361151795338
68841340	0.000830681777772875
68841961	0.000925829954808774
68844110	0.00506351672736762
68847870	0.000929381137037722
68848380	0.00416964727197831
68848650	0.00688512803163721
68848981	0.0024831421197968
68849090	0.0455625510078845
68850361	0.000924067637597543
68853780	0.000973208256757583
68854050	0.00118759697011445
68859191	0.0020115271208976
68859891	0.00104917851235915
68859901	0.000940682283089896
68862081	0.0022289946954151
68862491	0.0010486633243838
68863481	0.00119411525889868
68866921	0.000997515741061135
68868810	0.029156751308966
68869760	0.00122882503027842
68870880	0.00090947117670294
68872011	0.00409829682178075
68872561	0.0927667602623971
68873770	0.13137726338375
68884100	0.270908964190987
68884790	0.00138266312526473
68885340	0.00483345375520969
68894241	0.00111294017329419
68897941	0.120268368484825
68898480	0.0289874684950845
68899160	0.00704909601226594
68903140	0.00145534454167405
68903341	0.00123415250467536
68904011	0.000912246214205786
68904240	0.0172829543847229
68904831	0.00515825379435362
68908400	0.000783071063919872
68908441	0.00092073518438069
68911420	0.00131192385242427
68919980	0.00115859070722082
68921381	0.00233626503615351
68932250	0.0055356613213867
68933541	0.00135177412285655
68936001	0.00646305641333422
68943680	0.000796007407705821
68944120	0.0234267905349481
68945330	0.00477001436259124
68945650	0.00152589728138354
68946990	0.0013249124978058
68952820	0.00255603805857447
68953401	0.151797898551244
68954750	0.000891316485016209
68957210	0.0331195899534379
68959270	0.000799203334334983
68961681	0.00426555546639627
68966460	0.00178414285747537
68967031	0.00566122073543034
68967820	0.060159315608194
68968291	0.00984375852604268
68970170	0.0138143187625567
68970781	0.00140860760985797
68973350	0.00136023998772296
68975041	0.00216628981673375
68978330	0.000800940919109477
68996520	0.108230821264041
69581051	0.0610903540865191
69623470	0.00098339719645843
69623490	0.00115072212376364
69636911	0.150719639485666
69639880	0.014090623511466
69640221	0.00442435801424637
69640351	0.00367040587111653
69643220	0.049981872191942
69643330	0.000852330909746111
69644570	0.000916666755818149
69645290	0.0847513425255739
69645301	0.000782919732641435
69646421	0.00855131895110456
69648570	0.011802653640226
69650080	0.00179898721558618
69650100	0.000946415229896332
69650110	0.00103472707511114
69651890	0.00601122535932462
69653940	0.289514568067939
69657301	0.327826904242106
69662800	0.00119243582876291
69667220	0.0100562175723882
69669660	0.00114988015318871
69670401	0.000965824764164674
69670681	0.000854760780564406
69670910	0.000913748783674106
69671330	0.0240646647295405
69672420	0.00109493679269095
69673700	0.000815525870597892
69675050	0.0301617979799221
69676730	0.00200777300027701
69678541	0.00171237017244745
69680140	0.0888304529022769
69685390	0.000829700209428627
69686630	0.000996773700029993
69691941	0.0865379816125549
69694080	0.00192044370294383
69694131	0.00147846300828709
69695900	0.000921239641844698
69697171	0.017994029676383
69699480	0.000912966770814355
69700140	0.000869337649551609
69701670	0.000898010356955106
69701930	0.000901212096057834
69703661	0.000904812294565007
69705280	0.00224880102020408
69706541	0.000923530365382309
69712990	0.00106973746700725
69713301	0.0166561414091982
69726411	0.00186582124010334
69729591	0.00182529740712515
69732061	0.000931431836707765
69733120	0.00303529503697253
69739911	0.00101188611009399
69741701	0.0117715434724487
69741711	0.00118355299086741
69747381	0.0012328118722812
69747480	0.000930083444851062
69750360	0.197158364553877
69750801	0.00339173230532031
69752871	0.000912618539575006
69754620	0.000940703470145277
69757680	0.0012090310956694
69758230	0.00091432864361167
69758360	0.0273353991320018
69761851	0.00253543579903381
69762801	0.00776956486927496
69764860	0.00113608206829968
69769281	0.00258720044522767
69769800	0.00126704301649384
69769851	0.000884269108863654
69771870	0.00107983833965399
69775060	0.0529790451145397
69776860	0.00133267253351875
69778121	0.000942688347674337
69779221	0.00332682318415718
69783180	0.00142157989475399
69789800	0.00157296841763741
69790391	0.00164342311952075
69791750	0.108947214846715
69792601	0.00172976225161182
69798210	0.00389944311029954
69799610	0.00706572441636141
69805550	0.0023484961511806
69810531	0.00204773534950368
69813950	0.000827886100111592
69819921	0.0225078656578923
69830801	0.0292043134839612
69848591	0.0011955832878423
69904710	0.0165830442224236
69909950	0.00187823821596578
69910640	0.00106316973200934
69912010	0.000885225663889207
69912410	0.0702112359801572
69912871	0.0127213000585662
69971751	0.0135463296230748
69971860	0.0014502712934549
69972311	0.00222528722348395
69975990	0.00141109026147656
69976010	0.000860299110912517
69979450	0.00128614937733651
69979751	0.00472488608797037
70035871	0.000851058339880616
70041890	0.000967697698489457
70044100	0.00273254850027119
70106091	0.0191975508335642
70110020	0.0140921085087459
70168240	0.0243683033539582
70170771	0.00103131371355761
70170891	0.00237459145244808
70171300	0.0016031750713829
70172161	0.006041455737796
70176400	0.395571902841068
70236961	0.00118328604346278
70243000	0.00166337505873958
70243301	0.00137664268087583
70243581	0.0913293922789009
70297771	0.00195105064199002
70300401	0.00856704332103564
70302830	0.000924215260746201
70365870	0.00130515459618639
70366051	0.00097994700510971
70368900	0.00154073388198643
70370741	0.00204330222837692
70371011	0.00199598720085735
70371861	0.0853313881858016
70375380	0.00242940616804788
70431831	0.00101301049156231
70432381	0.124255728911693
70434400	0.0217268662954055
70467821	0.0164952984132714
70586400	0.00162339937985586
70676221	0.0786598843509952
71147450	0.0119891390593711
71174310	0.00220931986509122
71186470	0.00386862701170506
71289650	0.00228930644148862
71291840	0.000997038215863538
71340090	0.0125618417799501
71353890	0.00175590401543066
71355311	0.148371603096835
71357490	0.0016621551603937
71359570	0.000923222105897288
71359731	0.00134940259128535
71359741	0.00093887614581398
71359840	0.00132909051982613
71360220	0.00319537399582213
71360431	0.00105436121289261
71360630	0.466182779716436
71378891	0.061510575576917
71382010	0.000986390743261447
71384131	0.000891280879432991
71386180	0.13924590607529
71388291	0.00465907935309613
71412940	0.00236263103963692
71424691	0.000880235979769021
71425200	0.00115924079615863
71431871	0.000853388628298077
71433310	0.00115775121452907
71434320	0.000911281921856829
71436490	0.00153295820415426
71436630	0.000976966788346667
71452620	0.00139359114007175
71456760	0.000840491585013666
71458320	0.0125990834818957
71459431	0.0828195846512467
71461801	0.0831324301423341
71475800	0.00481965317885583
71476350	0.00163699695657593
71482160	0.0012298974112255
71482440	0.00141990515742549
71484971	0.0013116314576362
71498430	0.000802631299015082
71499031	0.0010919218258403
71505101	0.00358674585786244
71506030	0.00128259078717607
71506471	0.000921745472955326
71509580	0.0022027338122906
71522471	0.00185973998562784
71524681	0.00163588548224307
71525050	0.00113298911049049
71527571	0.000843348214677882
71530290	0.00105580420402279
71530960	0.00125261019072417
71533340	0.00315762286155974
71533931	0.000980868214192839
71555011	0.00755592105310537
71556100	0.000823902441382519
71571161	0.00183591927060774
71571301	0.00130191658978092
71577050	0.000882152507775033
71577990	0.00411580996595195
71578311	0.00248613152482009
71581450	0.000946813368308507
71581870	0.00922750600046753
71596470	0.00265489078969954
71599240	0.00218405818402201
71600681	0.012460689479798
71602871	0.00122468958351182
71608401	0.00214783482919057
71621030	0.255679443244507
71661430	0.0214388316531301
71677211	0.0303643522852286
71679240	0.00120494430101075
71682130	0.000922426537390955
71684381	0.00150397862008904
71687080	0.0086908669450779
71688900	0.00180962942333016
71717710	0.00145762639344496
71719510	0.00163527414219682
71721290	0.0172290300676147
71721600	0.00224907093196129
71734390	0.0106808422336456
71754010	0.000891352992698083
71756210	0.000869226857299692
71775121	0.00161032581691335
71776310	0.0383319587854142
71779080	0.0012005787133279
71781611	0.00379758915670731
71782581	0.00126313659305906
71783630	0.000902998100460193
71783650	0.00545083200945146
71786380	0.0772599815229446
71787520	0.0018839658111567
71787691	0.00276372847307837
71790280	0.053138060929326
71790421	0.070904035281509
71792050	0.00140834677618307
71792361	0.0805695501092342
71804231	0.00672919609363658
71823070	0.0019358754931345
71823920	0.00122899678137585
71824620	0.00133331274806355
71825321	0.00149212181620038
71826151	0.0252158012897611
71841560	0.00117249130256188
71860911	0.00237444666331832
71866701	0.000840022548804827
71886021	0.00371128436258212
71889830	0.030368569449457
71891510	0.00420180181706541
71892310	0.000897138869211001
71892580	0.00560340152917254
71894011	0.0626378581848105
71919121	0.00133071610547469
71937581	0.00377645143241106
71953031	0.00270941075119847
71959610	0.00144510023703769
71969861	0.00100948320352085
71982080	0.010457911142546
71984300	0.0014835169580535
71985410	0.0103410108458143
71985711	0.00179994447007698
71986151	0.00098570141602106
71988331	0.001803959517901
71991470	0.00100403570709315
72009110	0.004329529584544
72050261	0.00220837378381003
72051590	0.00189091967800705
72066630	0.00109274427464257
72067580	0.00641216522221395
72072580	0.000960888205919946
72083521	0.00154980069934357
72083631	0.00271240010458172
72096601	0.00114439246137273
72097841	0.000829908421549973
72105370	0.00509807070211483
72119200	0.00098931712771238
72126090	0.000967327850302618
72130930	0.0022203056094798
72135590	0.00225622147852421
72137721	0.0286256874944802
72139501	0.000882809041317577
72153120	0.000896038073822108
72155631	0.00169025569242136
72158401	0.00899141329874289
72159351	0.0050791757336071
72162230	0.121838375894856
72175440	0.0820988237666112
72176830	0.00220731230814034
72178200	0.0026762723956438
72186090	0.000792610297490053
72187060	0.00880611643098648
72198230	0.00471959979544937
72198750	0.0101462111035521
72198910	0.0185192292613268
72199870	0.00787168739146015
72213681	0.00120768742660567
72221650	0.000842488786757394
72222460	0.0011627587839261
72222500	0.416650877679227
72226610	0.00256781273333064
72232051	0.000897754416306636
72232311	0.000870225111671449
72241821	0.00520993813581804
72250740	0.00135503450756212
72251710	0.000876492244026951
72256130	0.00379690040959482
72264601	0.00128818982315635
72279460	0.000975548278588876
72282320	0.00443757732034673
72282661	0.00134683375480374
72314630	0.00125644151491618
72326740	0.00117480233664152
72336790	0.0181479436174755
72347010	0.00106418064854892
72348790	0.0146049541891535
72350180	0.00173950620206959
72352591	0.0247785100506129
72367481	0.0339665133401798
72393541	0.00340707675696821
72394170	0.00219311825240673
72395170	0.00178876756972179
72396250	0.00135472325458836
72399731	0.00106018203355525
72417541	0.0012773737034851
72418580	0.054069660417462
72443041	0.0018406602055066
72458160	0.00212000331104883
72466170	0.00166577975792474
72468540	0.00179236465992628
72474020	0.000926710954100844
72491331	0.00101034407144213
72493330	0.000908771426542915
72496540	0.000927125907391473
72498290	0.000878782693306316
72509910	0.00928565677405232
72510761	0.00208742388417487
72514160	0.0033227399776936
72514430	0.00105522082342467
72545490	0.000929565598321464
72558061	0.0412434664372009
72570160	0.00134858671370782
72571150	0.0262841987251751
72571970	0.0015714586628114
72574030	0.00122213268248961
72574040	0.00131443406668016
72578901	0.00268025966605858
72581651	0.00236476535883624
72582040	0.0019445077714525
72587670	0.00095233444623355
72589480	0.000835022149724261
72601231	0.000851838209714746
72604701	0.000839249705567284
72605350	0.00217356046394544
72618170	0.0179742958020449
72619571	0.00095068320209516
72621490	0.000954505715619315
72621610	0.00085845431585415
72628800	0.0027158609639319
72628811	0.00225066868958379
72631000	0.00120926393000092
72638761	0.00254829459132961
72638881	0.0057454727356734
72639041	0.000771079048031768
72645320	0.00115293119345146
72646850	0.000986748095919306
72650960	0.000876607372266167
72651161	0.00104306189185874
72655000	0.00350342995230016
72655171	0.0010820456462201
72656090	0.00258244373134793
72667520	0.00114418948189529
72671540	0.00147369060664663
72676411	0.00118342601663807
72683291	0.00674917319659042
72685740	0.00297113274731906
72897840	0.0019256454231887
72905310	0.00267826392001452
72916320	0.00166785666913907
72917040	0.00257565390696878
72921140	0.0171722763978077
72925320	0.000870649967493385
72926670	0.000945191137608745
72928190	0.000926429806444975
72928470	0.00277687913906857
72929440	0.0033399035959149
72932921	0.00273966497520937
72939240	0.0977156833644658
72943780	0.000915922054030884
72945850	0.00115977131626841
72948450	0.00107477350037622
72950420	0.000822183510553659
72958250	0.00131973315591504
72962011	0.0808542838671356
72965310	0.00104443460305375
72965450	0.00140016721013888
72965700	0.00517493596016424
72969270	0.00188343940606144
72972470	0.00118207282458654
72978250	0.00112477144278633
72978790	0.0088748083914003
72986841	0.00205950386026323
72988990	0.000892196561667642
72990841	0.00437344225624136
73005061	0.0203475890531945
73008870	0.00100488088255489
73017960	0.0011428534430907
73020300	0.000936465377882663
73022701	0.000935766812624156
73022721	0.0012316855635323
73022800	0.00526060559829189
73027261	0.055463786383682
73027330	0.0281641240707534
73028480	0.000954271983879238
73031350	0.00612313674399634
73035671	0.00194809406144756
73037830	0.000982383584162315
73039391	0.0030810836375128
73045420	0.00126253718657114
73047210	0.00123543527149824
73047650	0.000888065396745441
73048221	0.00140655597269474
73049171	0.0011396178054815
73050130	0.00331204352028741
73055681	0.00108272941214078
73059190	0.121206291404849
73059220	0.0236091642218669
73059750	0.0021745966081936
73061191	0.0286172372972384
73064050	0.00101156534597531
73066510	0.00124674627382603
73068201	0.00111295307360066
73068761	0.00133044256835933
73069020	0.00275501868588831
73071600	0.0232054579537917
73077031	0.0014889389786168
73080840	0.000960767849484249
73094500	0.00155599392508038
73096641	0.000923778848470766
73096891	0.00135320077064707
73097591	0.00100586249573508
73097680	0.00605497236089856
73100351	0.000888183751317541
73172990	0.00104479024271442
73381151	0.000907970316923363
73509520	0.0258957910915438
73523901	0.00247434090726146
73529890	0.00138967541861947
73536441	0.00104670052233353
73540711	0.0020617156638267
73541271	0.000953487311280605
73544260	0.00138029971348197
73550730	0.0259554474386369
73551000	0.000762149764695611
73559280	0.000862302752480739
73560571	0.000894157886808838
73561080	0.00079980872154135
73567420	0.00118224698035642
73568270	0.0961497259379686
73572670	0.00203679979949495
73573100	0.011415501440997
73578300	0.00120451886836351
73579430	0.00156175309000287
73580100	0.000951715512029012
73585111	0.0011552321292128
73585620	0.00085184644425786
73589401	0.0129333663558647
73702730	0.00162817325876391
73704390	0.00146406889049715
73711031	0.00491863976873474
73712100	0.00442249677531051
73722030	0.0124774011440896
73722050	0.00480723520236894
73723010	0.0021115003071316
73724951	0.0223847991501541
73726351	0.00248739820662196
73728370	0.00463301297473295
73729470	0.00108027831714675
73731051	0.000792609101457528
73743181	0.0021325555935417
73752780	0.00220346957962459
73752900	0.00265347037530865
73755140	0.0282695607387863
73757910	0.00192229725227164
73763690	0.0938262871884417
73764411	0.0522786744416157
73765730	0.127515286781792
73766741	0.000992316148676209
73768100	0.0485542842368956
73773340	0.00110120196574014
73777101	0.00230352410702022
73779690	0.00114771181473478
73781651	0.000792105827316783
73792131	0.0010616168075225
73969450	0.000961749567066489
74110140	0.00185499742616017
74113761	0.000951566343268924
74116740	0.00187252452162404
74130670	0.049466618296911
74131531	0.0022819868446129
74135360	0.00140815396351825
74137471	0.000958071946303188
74140931	0.0183680577314723
74141300	0.00153557275969731
74149280	0.00201349571387439
74152070	0.00237635837794684
74161840	0.00736628919665698
74164890	0.00198416917580272
74165580	0.00111660529827602
74167630	0.000916782935855919
74169010	0.0203796349889805
74170861	0.00147367551737856
74173130	0.00168040932343603
74179271	0.274354230396874
74338551	0.00394786089029803
74353981	0.00121179950203539
74360690	0.000841679789354661
74363320	0.00146867159275415
74364351	0.00212887387226389
74369670	0.000951897754089195
74374001	0.00257382993764594
74375450	0.0693664318993931
74381451	0.00530144206651028
74382780	0.00208705870500065
74385970	0.000829956772306254
74389041	0.00510777737808901
74390391	0.108171068808252
74392550	0.00179154572156372
74395081	0.0236685805765973
74407911	0.0182852726532769
74408830	0.00108805169514056
74409550	0.000906098917691826
74410240	0.00150472292504658
74411180	0.000827028308931197
74413510	0.00137118688479739
74417451	0.0486221130877348
74429510	0.00491210400303144
74433721	0.00241802209224506
74434350	0.00370693066191139
74436170	0.0674878090717877
74441851	0.0019902620340199
74448690	0.00361667672214377
74453031	0.00146227149430316
74456970	0.00775047685329746
74459460	0.0278087192874738
74474531	0.000864670643281479
74491030	0.00140080030510035
74498111	0.00673561872031378
74505551	0.00113932436638336
74508260	0.00214085325538101
74509110	0.0100067334692992
74515170	0.00316943676811961
74519890	0.00201748271810127
74522470	0.00680670155665914
74523300	0.00102105543043576
74535231	0.00322664991485689
74536471	0.00470872659099615
74537011	0.00125694777499508
74545011	0.0015593042346368
74548041	0.00571450412560467
74549841	0.000983760536982836
74558391	0.00103525984225541
74559081	0.0208542775936617
74574620	0.00115340558941987
74576840	0.00129180824873231
74581370	0.0164661247993984
74590791	0.00229611510258818
74608660	0.00242711064214124
74610651	0.00814276354807643
74620530	0.000947844768235718
74621841	0.00207085599822008
74621961	0.0184251209850682
74625350	0.000983555201815826
74632820	0.00121972360982839
74632940	0.00312941563425416
74633920	0.000992884699427099
74635290	0.00614927293243993
74640680	0.00192829290246864
74652120	0.00606561558534404
74653831	0.0349646987897291
74655191	0.00149300043780241
74661360	0.0020285299519862
74663720	0.0212887946968158
74664711	0.155332505341631
74677910	0.000827447381982737
74688530	0.0166478103761276
74696161	0.000940021248841716
74698200	0.00224622957451057
74709090	0.00117918807899804
74711960	0.0344599966551212
74714091	0.0393006097520072
74734600	0.0011436537984709
74734651	0.00238866709523022
74738241	0.00297704249876534
74738501	0.00201243528972948
74740270	0.00756764436827264
74745210	0.0013533125643679
74746870	0.00106122323297965
74756120	0.0016782518385817
74757811	0.00281581991794999
74772530	0.00449555081508781
74785951	0.00421683764849124
74794481	0.00101176639242945
74815840	0.00115505182548518
74827670	0.00098440787697528
74830730	0.000987151649030048
74839181	0.00396864760065391
74850040	0.00108427644684305
74854740	0.0528885367714395
74859390	0.000877321559167605
74874320	0.000963386003862726
74884411	0.00762006602267292
74886071	0.00160946529638956
74904350	0.00174125414631433
74904981	0.00222382774924923
74907260	0.0325951857247132
74907970	0.0756937935735794
74910761	0.002353469810542
74915670	0.000971981690876662
74921620	0.024808803012659
74930720	0.00205914728496862
74935660	0.00229904714172991
74937781	0.068680422673433
74942830	0.00195637630864018
74948380	0.00333823614833851
74951400	0.0201906716169248
74952681	0.00240059154102127
74974850	0.0141998927953857
74975930	0.0274652623595995
74979820	0.013780729976318
74994410	0.00211904892568764
74997511	0.0052578088102477
75016391	0.00130062004832391
75017050	0.00253463126649298
75018061	0.00258244333391182
75031120	0.00315811875394055
75043810	0.0289952093274365
75059660	0.00515791004495102
75066290	0.00299448058238485
75070140	0.00439950327492023
75077030	0.00276233257508879
75082970	0.0114155469361138
75094171	0.00381242647362993
75095110	0.00155533874469182
75100541	0.0264259064171903
75109481	0.00314371368456982
75110970	0.0112872313127764
75112671	0.00174277931824367
75115711	0.00264830725491895
75118550	0.00274789675840429
75120401	0.0332312881780897
75131011	0.0245446706751908
75137870	0.00643131866140956
75147281	0.0341909850286281
75155981	0.00277947567342424
75187940	0.00625214327997766
75214571	0.00294678702040553
75225280	0.00359958456103837
75234270	0.0029062787101231
75236630	0.00951265721956745
75250451	0.0294768235940232
75254991	0.0303452803738809
