numero_de_cliente	prob
11675570	0.00330975148972965
11675731	0.000576122987448651
11677630	0.0112920244260367
11678491	0.00128609999418951
11678621	0.00172911287860704
11679331	0.00030429227831185
11680281	0.00224273380113881
11682860	0.000186202648564304
11683331	0.0139310965619174
11685801	0.000214647025517194
11687440	0.00055736611211833
11687720	0.000228455843103243
11688421	0.00509914464304358
11689401	0.00672166812963248
11690330	0.00153985081130138
11690740	0.00202496058392118
11691191	0.0170504897804996
11691850	0.00329368253411007
11695140	0.0433814233123954
11695321	0.00233382511266548
11697261	0.0054402701749711
11697490	0.0251917620313841
11698501	0.000497017257553889
11698641	0.0012754074302949
11700691	0.000350774310721096
11700790	0.00213745700256051
11701350	0.000295897528484484
11701770	0.00750743069131348
11702170	0.000342394951840545
11702430	0.000257756139912815
11702710	0.000475773022908124
11703280	0.000240239125032525
11704161	0.000129859060931591
11704260	0.00772667855770077
11704650	0.00126193569028793
11705610	0.418138116822491
11708130	0.000313157044773424
11709131	0.0012603066628391
11713251	0.00143545836091727
11716360	0.00184075785918758
11717880	0.000283319592450557
11720520	0.030697183087021
11723611	0.000702841462660903
11724141	0.00053656971793129
11724520	0.00741435867977927
11725200	0.155618849542346
11725651	0.000950482691527877
11729620	0.00253629320447805
11731950	0.000141336624573439
11732421	0.00101727407596567
11734201	0.0055436493005023
11738921	0.000250146757978297
11739140	0.000112063142327843
11740680	0.00135321891630894
11742460	0.00206162412196323
11744100	0.00174354507089759
11745200	0.00133848924440401
11746710	0.000249803523368345
11746730	0.00238699752082496
11747710	0.000485201368528804
11748120	0.0224882343523203
11748810	0.000344768479783311
11749090	0.00189016397286898
11750710	0.00740922919812231
11753050	0.00860774260059748
11753261	0.00420173901186862
11753910	0.000449955616110576
11758720	0.00593953673568616
11759960	0.00101081152927391
11760001	0.000774225779292674
11760370	0.0182565730406761
11760780	0.00125056958248863
11763160	0.000624233056798397
11763191	0.000491961159449314
11763301	0.00162728737815126
11763540	0.0232138079172211
11764540	0.00904979671290119
11764971	0.0361663394733889
11765330	0.00138731547582186
11765340	0.000959689739606161
11766751	0.00231817825600159
11770150	0.00866054182338664
11772500	0.000388375117528021
11774481	0.0134618336046617
11776961	0.000262622965119357
11777661	0.00127450007131448
11777951	0.000340552178285658
11778631	0.000717176828541298
11778761	0.00201903006684023
11779270	0.00403364193488436
11779810	0.000582016302045297
11779820	0.0275361249801175
11781360	0.00177720889998342
11783010	0.00226424966007263
11783150	0.00113099840758056
11783410	0.000122137547600619
11784561	0.000522362528217091
11786491	0.000336890385902487
11787140	0.00581220066876301
11791581	0.0181005220264693
11791601	0.000257061818329127
11792120	0.00157375724299549
11796240	0.0131035996446711
11796660	0.00348845685406416
11796800	0.00143677503121088
11797200	0.00287653085601017
11797600	0.000746083987793302
11798331	0.00564230142109426
11799690	0.018340550757656
11799940	0.0214719960297395
11800250	0.000851707022483156
11803021	0.00396618430119708
11803461	0.0403080940491446
11804131	9.49464902799761e-05
11806990	0.00115880986735772
11807871	0.00012007811266011
11808110	0.0112041372758396
11808561	0.00169553563580789
11809921	0.0366147278062914
11810460	0.000429242723829455
11810471	0.000386745767511901
11812131	0.0354414209968488
11813501	0.00205663506335819
11813740	0.000407420208638002
11814221	0.00435317467929644
11814850	0.000685946294669578
11815150	0.00465469310665883
11817641	0.000635897258989851
11817661	0.00231826823752611
11818221	0.00177828860571036
11818280	0.192076014485673
11819171	0.0151503068125709
11819851	0.00043498008646624
11823130	0.00616615588790041
11823820	0.0348999661761058
11825210	0.000318409839017649
11825791	0.00018990776321932
11827140	0.0135969171895117
11829801	0.00382655398002235
11830211	0.000289508102600987
11831940	0.00129043976810476
11832070	0.000278889706571813
11836770	0.000542259443376725
11837590	0.000552740060761087
11839680	0.000434998956990689
11840920	0.000646849678642089
11840961	0.00843037724613408
11843021	0.00205858642371754
11843700	0.000298068917938543
11846280	0.00106150737938003
11847140	0.0281075495507706
11847950	0.001000343229305
11847991	0.000402621826756624
11849630	0.00354352429543524
11849921	0.000223816318981354
11850850	0.0171543047130093
11851110	0.00207404247155817
11851550	0.00522263149216982
11854590	0.00315104970617477
11856821	0.00213701976928532
11856971	0.00336777528217709
11858970	0.000379497146869248
11859000	0.00134476274353079
11859041	0.00862625045010351
11859380	0.127853605884131
11860070	0.02977473684498
11860421	0.000446785207180689
11862570	0.0070336029578022
11863861	0.002481285874582
11865070	0.000968286903354768
11867800	0.00219345167655386
11867991	0.00247427274184504
11868131	0.000616768979052706
11868360	0.00286895943924114
11871930	0.00551136569006761
11872780	0.00230880118969249
11873330	0.000224593152392241
11875810	0.00217170042892831
11876421	0.00186856197800237
11876900	0.00105132654905111
11877221	0.0123655084292977
11879861	0.00105712077335024
11880961	0.000675640164052753
11881091	0.00605699876803639
11881200	0.0168065243012557
11881490	0.00965252256336083
11881590	0.005047308525297
11881921	0.0424820297975589
11882290	0.00531132975373896
11882310	0.00109628524774598
11882430	0.00646853829266267
11882751	0.00199693580900792
11883520	0.00261094599049744
11884770	0.000246381218228731
11884780	0.0085996815165153
11884920	0.000261514446899676
11886341	0.00553421205690825
11886430	0.0201199746655504
11887940	0.00135748478292306
11888510	0.000198015934758343
11888941	0.000646899866636219
11890270	0.00530138187152139
11891800	0.00205856438033247
11893180	0.000671214662576698
11893521	0.000370676988160353
11893651	0.40477597252421
11897180	0.00323754579739881
11897730	0.00274726986013112
11900121	0.00176072495111647
11903100	0.000389597385005205
11905890	0.00280322199099621
11905921	0.000994293839481057
11906300	0.00143902688297682
11906310	0.0409166855760101
11907110	0.00036921904508507
11907291	0.0178915969102379
11908240	0.00150165682967058
11908401	0.00396884645817605
11908500	0.000755457579301812
11908650	0.00269474443089632
11909491	0.00958547668481178
11911100	0.00135321753299183
11911970	0.000389085766569274
11914290	0.00226639304214156
11914590	0.00496611089732272
11915981	0.00649290314357283
11917470	0.00272688042402132
11918461	0.000371069027954348
11920080	0.00167672064099244
11921880	0.000422715136077339
11922840	0.0306283107065465
11924200	0.000381815897050136
11926181	0.000443553783647224
11926280	0.000205515187249867
11926440	0.000610443893212628
11926891	0.000312297746076845
11928920	0.000337981502759301
11929620	0.00151319988586775
11930420	0.000254607851412806
11930860	0.000354906440161604
11932821	0.00128124387119205
11933620	0.00445431792373206
11934840	0.000364530174436336
11935561	0.00100433882768697
11935650	0.000724934375627244
11935711	0.000350760791968963
11935960	0.00130203151381848
11936500	0.0099268047828748
11937070	0.00949372552656674
11939011	0.00664749005533159
11939390	0.000333730786924002
11941720	0.0259767499869347
11942471	0.00015262973183231
11944760	0.000393618364887647
11947581	0.00874805989940855
11948401	0.00426183391954377
11949310	0.00749829853717988
11952350	0.00085768764657523
11954191	0.0064732929100996
11956080	0.00339786246096177
11957081	0.000405797476583282
11957091	0.0137293503406698
11957221	0.00470438910699871
11957491	0.000987063903429457
11958310	0.00045568519707166
11960360	0.00197735422464224
11961791	0.00028201169563696
11963581	0.0332187503966054
11963660	0.0044133693648779
11964790	0.000100334607723628
11965870	0.00113174537319176
11966820	0.0426403393661272
11968500	0.00023942212368744
11969501	0.000820031196330563
11970311	0.00482045465439805
11971390	0.00517330819318631
11971561	0.0429576394053334
11973890	0.00147595774040281
11975691	0.0154050150962929
11975711	0.000504121532255233
11976350	0.00148546218896922
11976920	0.000141910553696108
11977781	0.000367310235344346
11978970	0.000785457973233464
11979151	0.00941358885864695
11979421	0.000533967405736329
11979851	0.00126061067059484
11980100	0.00382134445846099
11981740	0.000395805401979363
11981850	0.000481088322484586
11984220	0.0111324727892841
11984490	0.00344167513475398
11985231	0.00725754048974218
11986891	0.00105599318936767
11987530	0.00755837643457918
11988890	0.000356658833802841
11990000	0.00178127433435811
11991520	0.00292420974171669
11993450	0.000906543645355841
11995831	0.000381478273684552
11995960	0.000342610429119436
11997300	0.00865328545918227
11998700	0.000521294077247652
11999161	0.000371709814802194
12001590	0.000857401343651431
12002950	0.00417686587953636
12003650	0.13424367298095
12004230	0.00180161159938954
12004381	0.0268947242279527
12004480	0.0023209881576109
12004900	0.00864290034380696
12007561	0.00123039082655945
12008060	0.00167144092786155
12009740	0.000227609778266503
12011230	0.00138607690042355
12011291	0.0013615563245045
12011431	0.0137983488509399
12016760	0.00108615374262498
12017221	0.000401885826820803
12017290	0.00162853006662038
12018260	0.000611760701249762
12020060	0.00522399797513417
12020620	0.00134956795764121
12021081	0.000344299175202935
12022191	0.013539792391883
12022280	0.0120006991820232
12022840	0.00067186222932315
12024511	0.00708732995322098
12025060	0.000236097019939365
12030000	0.00140431212086274
12030171	0.0010409635399202
12030820	0.00163653926511187
12034260	0.000189118183467915
12034850	0.0289894864035876
12036350	0.0699390021877529
12036490	0.00122728881153426
12036951	0.00285653530062432
12038010	0.00193878133578971
12038700	0.000331117288674364
12040251	0.000622577945352777
12041600	0.000366559182500894
12041610	0.000199110039687004
12045481	0.00151775679093721
12045730	0.000812154799623064
12046710	0.000386899607774498
12049081	0.00913196648284824
12050540	0.0268082868486081
12051691	0.0049981265174696
12051981	0.000481646273244197
12055431	0.00103801123333894
12055650	0.005483823106161
12055831	0.000876042852023253
12056050	0.0086923740601593
12056121	0.00348338781179456
12056460	0.00537240556887655
12056511	0.0447312627590459
12056521	0.0011420454937098
12056951	0.000890697448627083
12058000	0.00120300263506919
12059120	0.00667209345007463
12063930	0.00145780362537061
12064261	0.0620264514926124
12064780	0.0559907554107466
12064890	0.0068984940715678
12065880	0.00205487467832555
12066851	0.00391448444910593
12067151	0.000887428742471602
12067370	0.00385585676569558
12069481	0.027345673459859
12070670	0.000275478593026125
12073330	0.00127556414179577
12076320	0.00617052595140997
12078830	0.000514731951760564
12078871	0.0340231310778197
12083541	0.000532275383051246
12084900	0.00296550106098685
12086800	0.000505406567228954
12089300	0.00201563424364564
12092200	0.00186389968913183
12094991	0.00853879043826069
12096210	0.0023904100909375
12097700	0.00764654603857349
12097891	0.000835343440092253
12101471	0.0839193955649549
12101870	0.000425924493606725
12104091	0.00130679376937259
12106171	0.000425492111745795
12106810	0.00243623674912379
12107530	0.00191206153960921
12108781	0.000750371650020713
12110290	0.734954076235049
12111080	0.000886207919971487
12111230	0.0027877434748069
12113331	0.00147563468658928
12115271	0.000202988496553017
12115971	0.000278507805606314
12117160	0.00219291698966259
12117201	0.0013057281974684
12117560	0.00128057218458058
12117860	0.000638206028003249
12118021	0.00147334144738052
12118800	0.000810246305837056
12119660	0.00117999824195423
12119790	0.00298045464863961
12120251	0.00117613532118237
12120590	0.00375076256674272
12120730	0.00235027399642979
12121460	0.00323675825126662
12123110	0.000482163568549183
12127151	0.00194025610341825
12127640	0.000730089707065071
12127920	0.000643598381732791
12128050	0.00501230268367948
12128760	0.00480292639206319
12129040	0.0310453611075623
12130721	0.000344219764314185
12130991	0.00351565479630734
12132340	0.00241424749160231
12134530	0.00185720298022676
12134670	0.000286771257600321
12134840	0.000377042290129671
12136450	0.000373688959843702
12137300	0.0175260895369416
12137690	0.000290683859582203
12140941	0.00272376893940154
12142031	0.00033110117025992
12143121	0.000534329777692282
12143360	0.000572902834357773
12143900	0.0114674910970506
12144921	0.00244942509777538
12145150	0.000756249805044459
12145160	0.0611536112263205
12148200	0.00677933855708344
12149020	0.00041912930231927
12150591	0.000353271534201929
12151620	0.0013978588652557
12152050	0.000180910515119262
12154260	0.000487489897793381
12154270	0.00802510134802852
12155940	0.00139060414942656
12156361	0.0122739563753223
12157351	0.0137765761716201
12157690	0.00331769618666916
12157990	0.00080742427062355
12159681	0.000658454511303921
12163920	0.000201583127592811
12164050	0.00444621077049261
12166380	0.000502157380234537
12166660	0.000778220160899639
12167250	0.0102848087512428
12169321	0.0357411538804334
12169870	0.00730105685682772
12175240	0.0024750759531792
12175551	0.0127195605853768
12175971	0.0534190712896603
12176231	0.000466329243316345
12176730	0.0125746832727612
12177040	0.000245390788012019
12178250	0.0149952646609807
12178581	0.0367410082418301
12179281	0.000417891137459117
12179541	0.00207410911588251
12180030	0.000335637687700375
12180340	0.00176605456674549
12180620	0.00775584174869587
12180921	0.00192475228892302
12181550	0.00093288465263112
12182410	0.000538626238506099
12182680	0.000282765884848869
12183551	0.00736758329907885
12184050	0.00509552910473315
12184661	0.00215310686249188
12185010	0.000922007854520312
12185840	0.00405805292014192
12188371	0.000243779351743236
12189410	0.0121489313483891
12190721	0.00078136761577647
12193830	0.00368317577631915
12194000	0.000457991552571953
12194130	0.0101420271278975
12195640	0.0151941414185341
12195760	0.00256983465401333
12198690	0.000181787607033223
12200361	0.0074277486605432
12201321	0.000364928592340032
12201590	0.00262506220862349
12202650	0.00843833598892153
12202800	0.00107692130215964
12202810	0.00682739524632797
12202950	0.00159635126752561
12206260	0.00180091520569936
12206431	0.000231988578241945
12207141	0.00402206717090959
12209751	0.000479548167455676
12210820	0.000213085486373084
12211070	0.000228043649917589
12211100	0.000877224571456658
12211220	0.000294518923054925
12211681	0.00725523229467846
12211811	0.00379957545953218
12213061	0.00367352941413177
12213130	0.000294239032511651
12213160	0.00660729125520836
12216580	0.00560522987474353
12218940	0.000581674320365144
12219541	0.00103843582132206
12219770	0.000839912292063352
12219920	0.000741624894147169
12220590	0.012593664917664
12220600	0.00173625673878862
12221570	0.00186554687011169
12224760	0.0130362001953617
12225201	0.053688444275569
12226680	0.0102074869689302
12226950	0.0294131967288141
12227510	0.00128767935974531
12228440	0.0363451574819446
12229191	0.000283128730679544
12229990	0.000289729391039794
12230250	0.000210854387504264
12231480	0.00146261700421155
12233980	0.00908684283914518
12234230	0.00117253164595804
12234680	0.00264717102174162
12235541	0.0146935311273441
12238530	0.0199930630291959
12239620	0.000849724313193318
12239930	0.00337258395255206
12240921	0.0059130108355288
12243780	0.0117392659003307
12245051	0.0069759333384297
12245860	0.00167066750535472
12245960	0.000908939846625283
12247080	0.000994470319383155
12248491	0.0514040916085393
12249830	0.00242824180378308
12250250	0.00252329356516529
12251060	0.001291212903622
12251630	0.0137178291971456
12252850	0.0331946129386581
12253980	0.000314171051588867
12255900	0.00378367528788182
12257871	0.00513581156124044
12258721	0.000169123438823019
12259251	0.00227917331258511
12259360	0.0011663500247715
12259510	0.00224415368577818
12259941	0.000438618843765387
12260101	0.00107948362140066
12260740	0.0170862844606783
12261400	0.000310809098026726
12262991	0.00266791186674137
12263271	0.000560188257920418
12263381	0.00623313334315981
12263941	0.000392691884726479
12264491	0.0840488746492943
12267330	0.00248455420834511
12276020	0.00499612595152724
12279111	0.000705672520480396
12279131	0.00110172633469392
12279241	0.000993102480812174
12280030	0.000506338386804689
12280641	0.000385302874209595
12281420	0.0123946133776084
12281861	0.000365855661352182
12282421	0.00950650718189327
12282810	0.00467911287293304
12282831	0.0012870979886118
12282841	0.00110364086881522
12283470	0.00294892411767559
12284511	0.000471884237378507
12288020	0.00233052325175454
12288621	0.000406962071338895
12289591	0.00029417153088912
12290540	0.0355662798335413
12291070	0.00449191969620332
12291620	0.0104337966744091
12292501	0.000266568396408352
12293540	0.0150486511825805
12295791	0.0138922792574314
12296341	0.000427105830242721
12297400	0.00127291460772308
12298380	0.00113768880341656
12299931	0.00153574336379734
12301410	0.000889101924539687
12302090	0.000563740338465577
12302141	0.000217612946275572
12302230	0.00329584175186723
12305581	0.000919996437004753
12305850	0.00100464569371306
12306500	0.00295851054059603
12306841	0.233774620196462
12307241	0.0596141471496633
12307401	0.000317807983371964
12314670	0.00232091348061208
12318431	0.346466854086751
12320020	0.0145831611309919
12320231	0.000465166024799946
12321530	0.000530857207540143
12322110	0.00482968965929085
12323521	0.000387722222529442
12323620	0.00305051473602989
12324901	0.000869616099186704
12325130	0.000417667259553276
12325321	0.000514426646990047
12325810	0.00123267958527239
12326011	0.00329017469286971
12326390	0.0405028497016643
12327251	0.00635109092715896
12327920	0.000546275022927678
12330021	0.00152640015218824
12331500	0.0260748036915789
12332491	0.00161695275599234
12332580	0.000763267236466417
12332980	0.00080728054241075
12333031	0.0309881958356048
12333130	0.000281686765083912
12333461	0.000219807674505937
12335230	0.000562512551728604
12335521	0.0056290668723171
12337530	0.00242327252155635
12338660	0.00131094411637269
12339090	0.000477591730973363
12340010	0.000259312230211466
12341130	0.0146617359306621
12341830	0.000452798645577416
12343371	0.00766515259637574
12344730	0.00195512635705372
12350001	0.00314396183317477
12350541	0.000699261298351099
12351900	0.0011860162965139
12352300	0.00524247133725693
12355360	0.0421508571486648
12356980	0.039771761750405
12357000	0.000590729179974275
12361181	0.00154411361379528
12362380	0.00119259503877686
12364860	0.00057290147485886
12365301	0.00163881371582709
12366411	0.0012241963889987
12367360	0.000783423190021447
12368160	0.00321463041560189
12368850	0.000690121082892959
12372850	0.000618433512214289
12373260	0.00198829738146744
12373980	0.0012042236778061
12378250	0.000513477068783324
12379360	0.000490279430846816
12379890	0.000347103769595676
12380320	0.00374737574705776
12381861	0.00168231603753815
12383060	0.000896629022255556
12384611	0.00102897744960995
12385970	0.000954132652940154
12386831	0.00167822412854578
12387880	0.00219245192419711
12389150	0.000464037997443476
12390421	0.00523739519254672
12390500	0.00224167539776778
12391801	0.00061692274933837
12392611	0.000469759117309061
12392700	0.00129186797120475
12393861	0.00241501754498986
12394810	0.00260778685018275
12395050	0.00106484130077895
12395630	0.000862199304822539
12397940	0.00251622345964676
12400050	7.81603383968961e-05
12403651	0.0139186589203019
12404331	0.00033987576749487
12404611	0.00171736980353793
12405130	0.0345266659793951
12406541	0.000737174445629974
12408300	0.000905740937491846
12408560	0.0707108819896443
12408730	0.0169449829125032
12409290	0.00190731856903723
12410281	0.00119260779972904
12411781	0.00558538419931278
12415070	0.00100055182396229
12416300	0.00301035113058672
12419330	0.00688596750182901
12421940	0.00989182790812559
12424160	0.0030033610662225
12427641	0.00499847911744577
12431190	0.00149155103669559
12435040	0.0081483129429676
12436481	0.000825634029710619
12439730	0.00170707174548037
12441161	0.00325502071466542
12442800	0.000254202541815866
12443600	0.000305132325299583
12444720	0.00225346533902555
12444990	0.00289093407638226
12446660	0.020599790492098
12447221	0.00936869832988417
12448170	0.00173023774396407
12448191	0.00177496815955955
12448341	0.00709538833325038
12448461	0.000154125474070479
12448830	0.00068508914233421
12448881	0.00254896135836655
12449151	0.000435858146972599
12452570	0.00438505571087278
12452700	0.00205559458256112
12453021	0.300541259874403
12453100	0.00492621667152882
12455880	0.000399141190773042
12458391	0.00140861483580742
12459760	0.000532387075803511
12460051	0.00188672300249614
12460321	0.00296521029885435
12462411	0.000678906959284873
12466520	0.0317125396884373
12468850	0.00418048945181114
12469110	0.00225482189199048
12471771	0.00199381839067549
12472741	0.000367759486375474
12472830	0.00656409849441847
12473311	0.00192917393781211
12473670	0.00230714653680069
12473940	0.0477354651892701
12474370	0.00053241421138798
12474380	0.00407727398999369
12477031	0.000994902462154796
12478760	0.00294093242066839
12479210	0.00643514277212336
12480590	0.000343136665346932
12480751	0.00123335708743126
12481240	0.000737938747440621
12481680	0.000532333090306795
12482200	0.000534147315112972
12483170	0.000863325203743891
12483921	0.00173708571498025
12486110	0.000694503707926759
12490380	0.000195337409153263
12490900	0.000376628502437093
12491091	0.00061257299508028
12491361	0.00050227428746348
12493660	0.0286401774982653
12494681	0.000384927248659679
12496560	0.000458666344052572
12497410	0.000574601752925456
12497940	0.000640969994661496
12500560	0.000370545871564261
12502520	0.00164737622809662
12504570	0.0117593826555958
12505390	0.00981532262073144
12508020	0.00861666055045361
12508170	0.000537931759856311
12508270	0.00249480741994734
12509100	0.0022363686101951
12509981	0.000385188538514976
12510681	0.000388743178504637
12511511	0.000455839843260359
12511580	0.000707842376600853
12513441	0.00235277062298297
12513721	0.00225153881738363
12515610	0.0100964768081021
12516881	0.00438986777227463
12518100	0.0105893588544255
12521120	0.00157392726672419
12522661	0.00157558534128205
12524170	0.00132232732338326
12524300	0.00256563092870199
12524570	0.296710140438471
12524720	0.00201279265384519
12525800	0.000270654199575277
12526630	0.00361661726817899
12529270	0.0274238267290904
12530220	0.0019535962754722
12531320	0.000244322748198904
12531890	0.00254423163584183
12532020	0.00558964522829346
12532840	0.0117170107467235
12536830	0.00172616028703158
12537250	0.000235372502076904
12538490	0.00797477600276529
12540041	0.00102329307810187
12540290	0.00162123298587696
12541810	0.00345206781842433
12542381	0.000453145539315288
12542811	0.000205711682465877
12543160	0.00109010546103349
12544170	0.0524699547413225
12545011	0.00946193674703983
12547620	0.000249324010515616
12548140	0.00440168533709209
12551211	0.00520436482245929
12553421	0.00160380206500296
12553550	0.000611403121261929
12557230	0.0015843726561165
12557680	0.00205675997757204
12558090	0.002669887590744
12559060	0.00141736819838317
12561841	0.0374848465780865
12562941	0.0333378341103351
12563771	0.00357121581145411
12564041	0.000338473123974619
12564871	0.000347116301826196
12565680	0.00126756613369438
12567340	0.00167008620625174
12568191	0.000699758058216076
12568611	0.00330109432466274
12569100	0.00606844775337551
12570541	0.00202824454300434
12571481	0.00108453225845548
12571501	0.00061251886239478
12572580	0.00544853245385895
12573660	0.00431143797971244
12575761	0.000383476787264726
12576260	0.000799292171568571
12576400	0.00619379783818464
12576591	0.00905447327490128
12577250	0.00603584258284715
12577831	0.000392974131400429
12578070	0.000235784720823579
12578640	0.00054624324375533
12579310	0.00122441952075735
12579730	0.00920369171546399
12581011	0.000720285482216657
12582220	0.00306408867861429
12582671	0.000125585474811744
12583621	0.00185650358716483
12584451	0.00159729183660776
12585431	0.00416090872144578
12586251	0.0018214576570664
12586370	0.0007560088135645
12586801	0.000502518755354636
12589380	0.000333852620073822
12591040	0.00147398799614897
12591071	0.0149050049223491
12591870	0.000396873805847566
12593271	0.00182823220213496
12594220	0.0050675841684937
12597520	0.00671342152935424
12597670	0.00040295141805541
12600171	0.000482959470744549
12602370	0.00156782846481174
12602791	0.000879041543466294
12602801	0.000312972684952652
12603610	0.00808065455156724
12604120	0.000948603448248337
12604400	8.75293230801773e-05
12606200	0.000898660505949152
12606480	0.000149487045064112
12607160	0.000481953979474093
12607901	0.0387833580112268
12608280	0.000374904497182163
12608840	0.000167876665683236
12612451	0.0123197115441492
12612601	0.00571910081918611
12612871	0.0020188904118539
12613800	0.000659322242610945
12614050	0.00589112556735988
12614121	0.000234298118740919
12616591	0.00302008084759585
12618920	0.000992280802449168
12619081	0.00666085490043416
12619880	0.00122120799639367
12621161	0.00218111129180789
12621640	0.000997681715752874
12621800	0.00215405363475674
12622401	0.00330123950714649
12624051	0.14956407776706
12625161	0.00385055501848796
12627050	0.00179665373376255
12628311	0.000402986382923884
12633400	0.00130744992887663
12633950	0.000636368726301745
12636591	0.0552560554221783
12637930	0.000467468696910559
12639020	0.00263550249711338
12640140	0.000427389884337739
12640850	0.00821182073695274
12641230	0.00586918860516336
12641650	0.000580188777807131
12643580	0.00119669003834363
12644150	0.00511445287112931
12645510	0.000578669388929006
12647300	0.0147360569449474
12650261	0.000406914111921831
12651560	0.0359881255306909
12654480	0.00141611447555284
12655330	0.000326432363685886
12657841	0.00777918615269055
12659771	0.000327090645281248
12662460	0.000328160628776846
12662671	0.034148781916389
12663170	0.00277886497281043
12664390	0.00101017592521415
12666060	0.00080174276925954
12666220	0.00372322433380173
12666320	0.000244896095804069
12666500	0.00202955928974967
12668120	0.00126518377821995
12670350	0.000752131919658558
12673230	0.000428564450356919
12674661	0.00029375922132694
12675621	0.0303242172215849
12675710	0.000798783105515289
12676570	0.00123431933652905
12678330	0.00785437187100438
12679840	0.0155441595412898
12680441	0.0110238753165143
12682111	0.00219270453854971
12682880	0.000460385010095152
12684451	0.0038501498141465
12684581	0.0039617801117284
12685930	0.00532539943376258
12685981	0.330185601490451
12686360	0.000502537035285841
12686500	0.000449965435120317
12688010	0.00306881825903871
12689681	0.000295247675633604
12689971	0.000781202564254236
12691290	0.000272942819947507
12694501	0.00165695388821934
12694521	0.00248041506943711
12694740	0.000322290887593903
12697271	0.000359571105737409
12699160	0.00189701848396296
12700390	0.00025513852294803
12702340	0.00938225658805095
12703980	0.00106855847255349
12704140	0.00231248438287991
12704851	0.00153055787675853
12705971	0.00126109035439238
12706450	0.00116089777755649
12706501	0.000584245294430685
12706610	0.00193372678156319
12707970	0.000205980214524202
12709350	0.000862734048415907
12709930	0.000719859974271812
12712540	0.0477267594449095
12712581	0.0120732566916265
12712670	0.00035328810551254
12715051	0.000740082130313673
12716311	0.0231118552510946
12716431	0.000318624192256279
12717760	0.000494012860897484
12718381	0.00220450208320137
12723440	0.00537462129470024
12723970	0.00176325938959419
12725920	0.00186659337405461
12727730	0.0283283268025197
12728250	0.0057139415384094
12728680	0.0150923354803103
12729090	0.00183996429881351
12731211	0.000125033982414474
12732240	0.00241924410634143
12733811	0.000379167489698839
12734241	0.00295285439501034
12735481	0.00274481943050997
12736041	0.000732291200262977
12736940	0.000483043134027152
12738651	0.0020360397213677
12741090	0.00149353826811838
12742330	0.00234176608717596
12742781	0.00324670547872333
12744930	0.0175681604795478
12745821	0.00987507574122481
12746470	0.000295436250254543
12746501	0.0105521368934491
12747071	0.0201105315157049
12748250	0.0180732859128558
12748940	0.000254840856830999
12749070	0.0023202254395001
12749620	0.00177516499060301
12751491	0.00101557105513193
12752810	0.00288076194216152
12753640	0.00387313452763818
12753691	0.00180438640210922
12754231	0.0014455263376747
12755430	0.00207852616472427
12756380	0.00147753918376008
12758791	0.00060003778362271
12758890	0.0425204628184346
12759290	0.000475883877718571
12759870	0.00354374894686856
12760991	0.00256526242765115
12762371	0.00026967884399644
12762460	0.000919959538024863
12763860	0.00915495890862518
12766791	0.00202538596519659
12768400	0.0015563019852488
12769800	0.000558223637945671
12770521	0.0018233086417452
12771331	0.0107939051746475
12772110	0.00427216561903588
12776161	0.00140292345292557
12776571	0.0011108171611593
12779341	0.000226518083806959
12780120	0.00472112131465793
12780571	0.000806682666082472
12780810	0.00156418836344659
12781210	0.00162548474615551
12784021	0.00032080309367276
12784110	0.00562326126114463
12785100	0.0091204047690125
12786241	0.000451853623880655
12786880	0.036055860453543
12786931	0.000367557208028879
12788031	0.00419547337747912
12789671	0.00199053947487646
12789831	0.000130260254177813
12790610	0.0168936954028284
12790740	0.000912970430111814
12791030	0.00596728887489766
12792970	0.000950013814509969
12793060	0.000279253491088927
12793141	0.000469375953568061
12796550	0.000681457842346299
12796711	0.0362535000593078
12800981	0.000403227873518132
12801890	0.00340254384919181
12802590	0.000359443356571363
12804021	0.423047487695764
12805230	0.000964996467725397
12807850	0.00752204979544876
12809350	0.0021143453794833
12809640	0.004336511798967
12810511	0.0015580446807515
12811061	0.00136662140453479
12811410	0.00872067179561364
12813220	0.000665603909543852
12813360	0.00102330397420684
12814620	0.00085489905179085
12815280	0.00131239132903234
12817220	0.156848620265272
12817890	0.000303781322181824
12820561	0.000391922446197666
12820581	0.00390924484337813
12821640	0.00138741950789127
12823471	0.000993684140690322
12823820	0.000164037165555821
12824390	0.000663161435785696
12826200	0.00160743775275695
12826211	0.000824191746885408
12826320	0.00234001814244377
12826921	0.000267118258608993
12828861	0.00104893271899397
12829370	0.000276271627200746
12831830	0.0033299703793237
12833541	0.00154863537241987
12833610	0.00334556751695032
12834750	0.00258090340637314
12835481	0.00284007574759673
12836810	0.00246644253646535
12838781	0.00936033020261857
12839341	0.0639353593939206
12840831	0.00134070240715277
12840960	0.00570053245926506
12844151	0.00174405599505877
12844410	0.00318617583986812
12845770	0.0108098790327678
12846231	0.000299029399710318
12848561	0.00119891932611008
12848841	0.00115922625052785
12849330	0.000262058599016651
12849510	0.000311327297425034
12850170	0.00181273669998687
12851020	0.00302813928619765
12854020	0.00107946043280186
12854170	0.000508323375641434
12855051	0.00299968396200654
12858730	0.00339441621909965
12859461	0.000294595086150394
12859550	0.00670473212678269
12862200	0.224279768230379
12862440	0.000223798454727009
12862481	0.000282494534870509
12863970	0.00176549489151044
12864920	0.000618644296344328
12864991	0.00139614656129072
12865941	0.000387167974064601
12867020	0.00305557568150207
12868520	0.00369594554784765
12869220	0.021616255638703
12871410	0.0108863109504264
12873880	0.00219105510850659
12874491	0.00378665312859133
12874860	0.000268247528209115
12876520	0.000299679747262443
12878570	0.000250702186668473
12880411	0.00162333953408252
12881111	0.000242999123592416
12882730	0.000381478865985887
12882761	0.0166045143902201
12882921	0.0002378647604161
12885241	0.00108276043613004
12885480	0.00132567802511939
12885500	0.0023876539783926
12886300	0.00364599472457325
12886771	0.00624287137099832
12889801	0.0222592471750508
12891000	0.00145156226955212
12891550	0.0010382559153357
12892390	0.000216131832878469
12900021	0.00100553871008601
12901920	0.00171348170491693
12905070	0.000838357877166848
12906730	0.00182397822332403
12909251	0.00077629728963295
12910590	0.000299873541613085
12912001	0.000458099083664638
12915881	0.00206058129054829
12915990	0.00109560366666594
12916851	0.0104662878098618
12918201	0.000368023860738892
12920691	0.000463200867422185
12921371	0.034898328849158
12921640	0.0016595557025825
12923430	0.000450117941740168
12924271	0.000361409120487946
12924421	0.00138205962588399
12924530	0.000708619897552013
12924961	0.00341837971491121
12926020	0.000857555649845852
12927120	0.00293753676099411
12927741	0.000200443418992354
12927820	0.00660298305814473
12929350	6.54571504033074e-05
12929671	0.0130789421044973
12929750	0.00327966281440642
12930050	0.00189910033327568
12930460	0.00134184649044454
12931741	0.020920609898623
12932551	0.000444494301807718
12932961	0.00208609958036755
12933511	0.00328795335657031
12934050	0.00103730965278826
12934631	0.00191234122834136
12935031	0.00589187923930048
12937200	0.0316858599984891
12937811	0.0107829920266475
12938771	0.000234038321593432
12939820	0.000799501000226222
12942481	0.000187093573568822
12942710	0.00064148023448463
12942730	0.149197713483295
12943321	0.00411980268558967
12947591	0.000889456558721199
12948370	0.000365681779028444
12948810	0.00217368582205252
12952950	0.00456563700157808
12954751	0.00165382005191779
12956110	0.000173291888343827
12956541	0.00695371122340306
12957811	0.00075236885252488
12958611	0.00233521051295799
12960790	0.000752545790569445
12961330	0.000501566681048207
12964630	0.000577190990282204
12966450	0.0286526994740978
12967540	0.000860166929747283
12968510	0.00049061589248765
12968691	0.00106060505860798
12968831	0.000363321348201744
12970081	0.00136781543896874
12970160	0.0176555605189044
12971731	0.00124642288794317
12972151	0.000249759590597018
12977210	0.00520105627792598
12979270	0.000300042493803309
12980281	0.0192204653404455
12980810	0.000374658763683151
12981080	0.000536987960733249
12981490	0.00168263682568066
12981531	0.0215524485800913
12982180	0.000279746738942934
12983110	0.0124957388415089
12983161	0.0063155053593323
12983461	0.0154611528051895
12984951	0.000310061437569339
12985231	0.000471699087334165
12987110	0.000620556542712334
12987301	0.000800589831912931
12987321	0.0253603159300836
12987550	0.00455839168790191
12992080	0.00036231811537744
12994310	0.000426682251377776
12994580	0.000509009167564837
12997801	0.000232146986195822
12998310	0.000437479604829602
12998450	0.00913511741345874
12999181	0.000500842375208466
12999581	0.00115900579619294
12999660	0.000566214308091004
13000900	0.000225090665899365
13001661	0.000794308085067515
13001770	0.00120952106945263
13002590	0.00238664901766728
13002611	0.00342809393627748
13003520	0.000914803060143205
13004421	0.000429470233593105
13004971	0.00217537671631642
13005450	0.0186961515132972
13007530	0.000795724468175884
13008350	0.00170369940742273
13008500	0.00128926136726704
13010881	0.00266990316807317
13011400	0.0882771385378649
13014331	0.000603631334756574
13014560	0.00459798714521157
13015520	0.0257059197796958
13015670	0.0790620976701319
13015991	0.00222634252111488
13019991	0.0159296996864409
13020421	0.00493363161296693
13021600	0.000278290096456877
13022020	0.000448519530017118
13022170	0.0019714486029194
13023031	0.00137546570098758
13024510	0.00288315808496055
13026331	0.000269653657754151
13026860	0.0006741549818449
13027120	0.000334620093485017
13027420	0.000386957184532208
13029661	0.00245783843390379
13031260	0.000168884530455087
13031930	0.000354645175369122
13033200	0.00110174598584274
13035700	0.000985655883212958
13036561	0.00863481866037591
13036800	0.000679212518934695
13039530	0.00698187592372605
13039731	0.000233597057281189
13041210	0.00115672220178274
13042491	0.000911954058748555
13042980	0.000791126759862369
13043690	0.00810571483338346
13045231	0.00160017253276592
13046980	0.000390507163747318
13047810	0.0190512959681212
13053610	0.00051171817518479
13053750	0.000462450047603214
13054061	0.000331948065422134
13054321	0.0453494654542159
13054761	0.0350521930937328
13055270	0.0400259595009839
13056070	0.0363622743357971
13056220	0.000196365564995457
13056230	0.00115249896538224
13056281	0.00218724898276658
13056900	0.00220276673865483
13056961	0.000191337848697774
13058010	0.00114215617042174
13058040	0.00337200219466891
13058140	0.00349592395728689
13058191	0.0339721552893443
13059680	0.000202437070587818
13060281	0.0160709624082772
13061340	0.000458953625771197
13062310	0.000550797359216869
13063800	0.000406270760974835
13064230	0.0464000315758476
13064920	0.00285305786308017
13064930	0.000260714836846117
13065641	0.0209083724005916
13068541	0.000358217766117116
13069101	0.000336793438998865
13069190	0.000246176206299248
13069511	0.0115066421302871
13072070	0.0046976962280375
13072490	0.00761450645570184
13072941	0.00191445095823569
13075561	0.000470024310350115
13075830	0.00054711599380006
13075930	0.000322630738463912
13075950	0.0133319440740457
13077091	0.000537374977217144
13077860	0.00390407523669941
13078191	0.000657795796683572
13079930	0.00490716296997691
13080111	0.0374979741267099
13081450	0.00242368900421965
13082560	0.00131956269827802
13082731	0.000305894023825008
13082881	0.00408213175013381
13083280	0.00569035140418247
13084131	0.0131084934280566
13085590	0.000989086523285371
13086321	0.000405890135199535
13087140	0.0408984028000813
13087650	0.00197090623009998
13088801	0.00782210050577591
13088951	0.00171252832087297
13090321	0.0376730976560438
13090680	0.000765884416696395
13091000	0.0287501564790559
13091510	0.00175927226920739
13092121	0.0115827131334879
13092240	0.000582943214419348
13092821	0.00175229203960479
13094430	0.00115717281111286
13094471	0.00126540758961994
13095721	0.00108890581398179
13095841	0.000506917194586441
13097590	0.000979698560502796
13099021	0.00133792417126805
13100360	0.000252746291977197
13100661	0.000996566797325358
13101040	0.000411071867631404
13101351	0.000362811351695427
13101781	0.00267487508431482
13102000	0.000504722331167075
13102560	0.00208328598367893
13102741	0.00597910714297786
13107110	0.00275372221400316
13109221	0.00241271773713228
13109911	0.000604829562633716
13110280	0.00438782943406891
13110960	0.000370185410712858
13112380	0.000499461483513436
13112650	0.00224930311620103
13113060	0.00651284909402273
13115680	0.00130871043205663
13115690	0.0112999998378928
13116210	0.0163262191334907
13116681	0.00900925206651862
13118440	0.00196077292004861
13119110	0.00133295261153978
13119130	0.00163288723151442
13119370	0.000247346362326875
13119981	0.0111039157028805
13120500	0.00317296600541582
13122030	0.00411619675699598
13125440	0.00120784056693671
13126481	0.000421826920920663
13131380	0.0016369347583007
13131680	0.000317181405090652
13132681	0.0180912228610784
13133621	0.000212648765296929
13133720	0.00293390507875768
13133850	0.00214324033316126
13138191	0.0013366718758143
13138270	0.000980511925108979
13138871	0.000604170340502635
13139250	0.00216681829051271
13143431	0.000496274279343163
13143930	0.0550198296644304
13145170	0.00180768900852088
13147571	0.000296753858618398
13148261	0.000527429942063257
13148620	0.0013202663298627
13149730	0.016041732720014
13150000	0.00724135519162883
13150300	0.00042526554352705
13150410	0.00450524903852281
13153361	0.0100667473187737
13153450	0.0030104564294708
13154260	0.000411420157514685
13154420	0.000284897677927637
13155240	0.000660722806986643
13156381	0.000338255516044656
13158751	0.00591078058115128
13159800	0.0075702874372108
13160090	0.000378176573406194
13162700	0.001564548797907
13165211	0.000381090733001276
13165430	0.000171134304217345
13166830	0.00134218171321414
13167841	0.000496844467782596
13169631	0.000312503331924862
13170440	0.00120973090351221
13173570	0.00845205943596796
13173610	0.00659972206760934
13176330	0.00260398502266495
13177170	0.000584746993554125
13177610	0.000379257137376994
13178181	0.00565507246362108
13178810	0.0118691533668704
13178820	0.000317287210010016
13179711	0.00326887264122415
13180121	0.00122860761417528
13182850	0.0187691400926646
13183530	0.00200513221978393
13184910	0.000383843461533667
13185351	0.000803182779877508
13185361	0.00299852879106567
13186570	0.00230206687540275
13186721	0.00675014853124335
13187540	0.00902759257248168
13187961	0.00144691283858786
13188630	0.00188507206083581
13188740	0.000395504547234237
13190051	0.00482377316645237
13190331	0.00324914257998458
13191701	0.00115643361157481
13192080	0.00651098816985439
13192190	0.00027932346441067
13192890	0.000547863682846091
13193761	0.00431920270383157
13194970	0.0259337165554375
13195250	0.000298548165506332
13196531	0.00287506848688012
13198960	0.00505445080724126
13199421	0.00116935923988057
13200381	0.0483875173108816
13200391	0.0106815635498336
13201160	0.00724044569980113
13202560	0.000572497539693551
13202670	0.000724769692761394
13202960	0.0536646937961795
13203271	0.000620226054689215
13203510	0.00654501757233896
13204920	0.0298645858854733
13205840	0.00316758468477283
13205990	0.000362648994143652
13209320	0.000350531486267035
13209361	0.00274564694977136
13211021	0.000685262224603919
13212671	0.0032624876056897
13214540	0.000446780921034391
13214710	0.208418854575536
13216630	0.00175609210715356
13219240	0.00105934879494019
13219640	0.00561694018463124
13220661	0.00237496356819162
13220880	0.0136116611452474
13222181	0.000402368392915104
13222710	0.00518713560851176
13223691	0.00402671675530067
13223961	0.00240169227379912
13225631	0.000402847952716253
13225850	0.0133533000170763
13225911	0.00222532868164924
13227090	0.00242677726668973
13227961	0.00189348770271487
13232941	0.0114643601644138
13234570	0.000966846180433854
13235271	0.00249856327034877
13237611	0.000423837726993921
13242000	0.00218110819849409
13242290	0.00505133536895502
13242721	0.00773066396791924
13242960	0.000290881173761313
13244241	0.00205753925689861
13245170	0.0118519505491928
13247431	0.000521844753528904
13251291	0.000876540759895075
13252730	0.00116451886049958
13253331	0.00402769248495884
13253860	0.0505564314544016
13256080	0.00296260197208211
13256391	0.0332628065473734
13256610	0.00930823450355345
13258181	0.000370239087426468
13258461	0.00966642271104599
13259240	0.00165475755962072
13259821	0.000330676926554286
13260111	0.00180508036172891
13261331	0.000945231601435897
13261341	0.00930414040239349
13261840	0.00376492333293294
13262270	0.000499477546439708
13262581	0.00551493328142589
13262800	0.00277203396599627
13264671	0.0308104351379258
13264941	0.000535783465594543
13265450	0.0429945336112959
13266940	0.000233820980091875
13267001	0.000615316010155541
13267401	0.000324569419879491
13267670	0.000941624620934813
13268620	0.000431399004775559
13268870	0.000327383774438736
13269331	0.00028632492846442
13270451	0.000824139986585823
13270660	0.00281550242799061
13271370	0.00146914717254349
13271510	0.00341470264385997
13272040	0.000931767353600385
13274840	0.00131454083095541
13275811	0.00854033971591589
13278430	0.000463708678671078
13278690	0.000530316267383047
13279390	0.0221319978760758
13279971	0.000318656572930729
13281771	0.000901373473321595
13281980	0.000677149819468349
13282410	0.000430151991055541
13282530	0.010570922708257
13282991	0.000681693643998553
13288651	0.000599491533968033
13289621	0.00179462825761054
13292050	0.00107717531667332
13292391	0.000805895974586385
13292490	0.0013605979739921
13292750	0.00918097758244552
13294960	0.000535775233435616
13294970	0.00394554609721493
13297901	0.0013175877816882
13298520	0.00167888196182413
13300941	0.00336076338106965
13304521	0.000446388903782033
13307070	0.00114895441026457
13308511	0.0200875055635166
13314861	0.0016463927106468
13315561	0.00127301787595503
13315940	0.00748447179714373
13318041	0.358208282597147
13318680	0.0130461508538844
13318851	0.00160984300556014
13323281	0.00127836731790335
13327370	0.000533099871990992
13327660	0.00998401184724696
13328050	0.00533694699826414
13328091	0.00157273397081207
13330380	0.00716303204178165
13330930	0.00294814352484089
13332361	0.00419814744121142
13333300	0.0111330900208795
13333840	0.00871878998420761
13333980	0.0108676785387471
13338680	0.00049751255154577
13339490	0.000362410401565905
13339650	0.000489003205333299
13340890	0.000343700263013464
13342021	0.000352509927321754
13342800	0.00104543271089592
13348081	0.0187345067077287
13348310	0.00185595091804109
13348730	0.00536258208173816
13353051	0.00367592142144164
13353461	0.000405807648690165
13355811	0.00306206152867566
13356371	0.00680705466062853
13357030	0.0259353533835821
13357051	0.00142970018543556
13358171	0.001556137216986
13359070	0.00730858859591479
13359360	0.00580910983399316
13359490	0.00496260749828212
13361461	0.0017648248135032
13361550	0.00466751721485954
13362011	0.0122450414013122
13363121	0.0032324947202259
13363650	0.000166178141868513
13364450	0.00327998488261851
13365580	0.0026381685522748
13368190	0.000289851193794467
13369010	0.000328134385963723
13369550	0.00126606606371088
13370130	0.0217471531660352
13373280	0.00485806665177557
13374240	0.00547351462435363
13375401	0.0354878940468017
13378940	0.00036276344870423
13379261	0.0427595307153883
13379620	0.0136979117762208
13380040	0.00736328106221262
13381430	0.00236749815768656
13381731	0.000428269602846677
13381820	0.0171864633821437
13382930	0.000271691199675404
13383240	0.000470180373648707
13385450	0.00580880591489231
13386390	0.00106006462052302
13390130	0.00133416943039385
13390540	0.00716050097277479
13393881	0.000466907772718814
13395951	0.00206698968236655
13397601	0.000694242210322574
13399080	0.0479757879517793
13402000	0.000969071225157739
13402110	0.0090071016280851
13402431	0.00069160231460736
13403080	0.0318146124434917
13403131	0.00567307034073496
13404890	0.00127959226826256
13405481	0.00127721854355646
13407941	0.000593826919024041
13409960	0.00218488253638536
13410151	0.000714507082839669
13411531	0.000164749365524564
13412351	0.00724942413397518
13412600	0.00609194816016471
13412890	0.000308389954493744
13413331	0.00165034884105328
13413820	0.000584441326146675
13413970	0.000394562208586324
13414851	0.00249188807517616
13415951	0.000414485482462227
13416050	0.00356895484292842
13416371	0.000276182783586
13419121	0.000351362034979638
13420040	0.00297070191942607
13420590	0.00268897784386871
13423121	0.0016917199384883
13423200	0.00083475268864483
13423470	0.000309405131603714
13423510	0.00035509703897932
13427100	0.000315777188133892
13427111	0.000688454738593194
13427200	0.00199005409088616
13428081	0.000268597623339832
13430920	0.00110911245211617
13431411	0.000787554358474723
13431951	0.00211227739094086
13432470	0.0629794364050983
13434520	0.00557290441638912
13435890	0.000481278152970541
13437191	0.0791237556533238
13437950	0.000424177467717287
13438691	0.0019013875881817
13439340	0.000284567816092169
13440050	0.00263951086246309
13440310	0.0129215164926219
13440781	0.0038525883673584
13441950	0.00745034803261096
13443111	0.000447956548735574
13444901	0.00077604236047443
13445601	0.000674262554719508
13447381	0.00524634584234605
13448610	0.00141695092125193
13451490	0.00620206983955858
13453560	0.000493768459653487
13454790	0.00922936768028332
13455780	0.000410244275200043
13459951	0.00112145443559892
13460200	0.00374444530957506
13461140	0.00484471815933185
13461611	0.00277830736485281
13461840	0.000543753255015188
13462640	0.000879305863173992
13465420	0.00119722469606185
13466161	0.00188554969765083
13466250	0.00614219670232132
13467510	0.000865290542417639
13467521	0.00613274533690438
13468440	0.00381681339785079
13468870	0.00130998676239335
13469061	0.00675010923993689
13469150	0.0238944397582663
13470370	0.00274147155074924
13470800	0.00168474096910408
13472330	0.000454894892227985
13472440	0.000558293305493982
13473881	0.00171419601499943
13473970	0.000899644012276911
13474250	0.000492447669439969
13474680	0.00171807233253607
13474991	0.00122416260224595
13476231	0.000591192198856434
13476740	0.000626544470726305
13477430	0.000532671039855611
13478281	0.000327283195543214
13478790	0.000436713715321491
13480341	0.000333343655013303
13481950	0.00195558435656875
13481980	0.00145472569912052
13483760	0.000296335807443393
13484570	0.0301324200927918
13485430	0.0279413373390893
13486141	0.000793096745251241
13486961	0.000540184108442607
13491101	0.0301803665532784
13491770	0.00260960838747925
13492211	0.000508663486223229
13492870	0.00865556917059152
13496160	0.0106410753358212
13499811	0.000333549677895913
13501430	0.00738962723356573
13501581	0.000498854880842892
13502421	0.0131318095676402
13504020	0.0110666776908889
13504330	0.0339583949947685
13506530	0.000324308715117756
13506681	0.00187571347070548
13507600	0.000371413411891918
13507770	0.00692644907844099
13508901	0.000250436767270119
13509710	0.000104878969208067
13511371	0.00052971763228798
13517160	0.00604771096180687
13517461	0.0010240390036818
13517690	0.0152551651497261
13517710	0.000818190104751895
13517861	0.000628465864430683
13519320	0.000780947639195626
13519511	0.000281577390658792
13519801	0.0127684265154205
13520870	0.0277526294123933
13523780	0.0270101950737184
13525130	0.00453334463866556
13525311	0.00111256964733321
13525810	0.000593965085913338
13525960	0.110032150771671
13528840	0.00178026717104313
13529020	0.0019095432320101
13529550	0.0103575987785461
13529570	0.00960541467583772
13530271	0.000524228055286671
13530910	0.00425449760709054
13531521	0.000693565124057084
13533400	0.00123688884091206
13535190	0.373359871322635
13535521	0.00524457675054493
13536860	0.00746747286023015
13538821	0.0013436550379562
13539121	0.00171045804745618
13539620	0.000504133165424501
13541731	0.000415949505797914
13542011	0.0399348966032265
13544341	0.000242871795087528
13545280	0.000239443157617393
13548840	0.000487224993520034
13549270	0.00231212737507063
13550001	0.00034839524961874
13551480	0.00197674204725492
13557601	0.000420543272684747
13558080	0.00138368833993475
13558390	0.446800513093823
13558981	0.00322711232765544
13561390	0.000126510326318073
13561410	0.00107407035377909
13561530	0.00361708809893174
13562770	0.00125253863647742
13566120	0.00339082668702929
13566551	0.000452285773743914
13567060	0.000198067580135778
13568430	0.00738039237361101
13571880	0.00224444799491187
13574350	0.00234541216301568
13576331	0.0119422897227377
13578821	0.000438482525367206
13579531	0.00100845266568991
13580700	0.0103958063417732
13581711	0.00137353020165075
13582250	0.000991432341506188
13583060	0.00449253990092007
13585451	0.00136396357198411
13586220	0.0103619739935693
13588450	0.00508602070964128
13591091	0.00138813489733576
13591220	0.0275691746669284
13591641	0.000949955760324639
13592710	0.00255977760130593
13594900	0.000180935921192776
13596191	0.00162077535297073
13596560	0.000476479827092274
13597321	0.00701637406519673
13597721	0.00228002997520004
13598790	0.00909578009389513
13599050	0.000811253068658771
13600071	0.00339973942848356
13603091	0.00253826656334984
13606350	0.000977634675212252
13608550	0.000580162822702565
13608761	0.000309605655324181
13610121	0.000855329448111883
13611190	0.000357403588756992
13611350	0.000426045152885831
13612191	0.00201170121374489
13613400	0.126678007059027
13614640	0.0029192997723794
13616560	0.000301873876619903
13619060	0.00589884386274436
13619750	0.0014038880469429
13619781	0.00453389711021208
13620560	0.000500580328183135
13621161	0.000735069788849991
13623480	0.001427968897234
13623661	0.000564965271244201
13624170	0.00182810500249983
13624211	0.00144302453285972
13626271	0.00823390272456967
13627310	0.000300843491639434
13627590	0.0013079375925246
13630780	0.00107557102447459
13632590	0.000875189705881096
13632751	0.00451233076232407
13633420	0.000684773506605776
13633851	0.00110449088287319
13634640	0.00378044939318116
13635460	0.00130051742375558
13638551	0.00310632913023873
13639720	0.000882357755864006
13640621	0.000696630823515124
13641021	0.00104763470713861
13642110	0.000857461122415084
13643641	0.000825398145661216
13648481	0.000298693546570002
13648860	0.00170646039424826
13648990	0.0136135554518297
13649250	0.00175403319323667
13649550	0.00301699032117023
13651641	0.000757122019155303
13653581	0.00174109088536295
13653680	0.000576977810979724
13654100	0.000347199818662217
13654251	0.00561665684197201
13655750	0.0002645093004471
13655921	0.00211633831806517
13657451	0.00586759338570129
13657561	0.000429892135749644
13658100	0.000289502601423964
13659241	0.00551279488410081
13659760	0.00931977023304698
13660730	0.000856294361742356
13660970	0.00115009963753037
13662480	0.00215095907805978
13662510	0.0086251940951237
13663760	0.0046651799904367
13664270	0.000484646260508549
13666210	0.00108915584522789
13669140	0.000652784999861647
13671460	0.00217283735067342
13671470	0.00143845771342645
13672601	0.000505573511552569
13672710	0.000416000130121847
13673301	0.000494550905595126
13673960	0.00122730818250688
13675070	0.000677163854860216
13675101	0.00177323525088904
13678920	0.00851248208432123
13680331	0.0023137208229169
13681520	0.0039629999578468
13681960	0.0137950368020525
13682520	0.0014245912293341
13682920	0.000869289385405488
13683330	0.00289432398534511
13683600	0.00132056463155824
13684580	0.00221480526392153
13685550	0.00130522092302572
13688300	0.00885507023059014
13689510	0.000933514816135591
13689830	0.000744103617454037
13690380	0.000340927665751187
13690490	0.000936335325459291
13690750	0.0120458060372204
13691180	0.00268733585953321
13691470	0.000198628279228547
13693421	0.000851006888309631
13696331	0.000531281939768335
13697260	0.000852366468482034
13697380	0.00227659150099577
13698131	0.000399046528323887
13698251	0.000473168532935951
13698610	0.00622583947725391
13699491	0.0028025431467525
13701120	0.00854137030642018
13701711	0.000427949901480629
13704150	0.000404466724627675
13705400	0.0188640943782972
13705680	0.00185812524546148
13706490	0.00148213092731193
13709000	0.000977342783799744
13709940	0.000327381009416957
13710340	0.00169330295240489
13714350	0.000342348769857713
13716201	0.038337320020558
13716300	0.00389058949944087
13717660	0.00150637902334962
13718381	0.000501332964360697
13719060	0.000636449957095025
13719081	0.00063716798061289
13719190	0.00674295797560588
13719880	0.0238468046068893
13720010	0.00182591758038153
13723761	0.0151430876606518
13723911	0.00173388409221045
13724020	0.00108593563951683
13726090	0.00215010686331615
13727730	0.000279075840662875
13732171	0.00159695394757727
13732270	0.00026982343307997
13732430	0.0087981094305946
13732540	0.00303266050405014
13736690	0.00474663314562753
13741851	0.00137421650511458
13741940	0.000260255634899989
13742080	0.32735541098297
13742401	0.00158055686504655
13748030	0.000431455643102201
13748061	0.000693081279050191
13748150	0.0115378141202883
13750111	0.000828586818280372
13750121	0.00775802070607263
13751481	0.000278196416368998
13754090	0.000335120210520075
13755190	0.0138042265187956
13761390	0.00120031004968818
13761841	0.00228799110641838
13765520	0.00173713312297902
13765660	0.000319331662455105
13766050	0.000100875082950013
13767730	0.000781015014629115
13768721	0.000319031598355265
13772270	0.0027748660202845
13772410	0.000192599650817288
13772420	0.000298026852130433
13772670	0.00116388900651958
13776150	0.00567344477228085
13776430	0.000495333941209857
13778080	0.000931601154031875
13778210	0.000243550555160224
13780120	0.0452653185845669
13780160	0.000845888045762114
13781250	0.041992932840104
13782101	0.00239697117148415
13783201	0.00175037903956156
13783641	0.00328622243818468
13783730	0.000626877749625561
13785370	0.016813260965095
13785711	0.000550788415249678
13788861	0.00151074185604255
13789780	0.000385576978646078
13790381	0.000305767677844735
13791730	0.00136531216920807
13793161	0.000238796699860097
13794640	0.00589474267160126
13796461	0.00194003163436051
13796550	0.000148938339609512
13796741	0.000339499513306205
13799020	0.0105975202149624
13800311	0.280822386074712
13803481	0.0141777118842624
13803641	0.000369713955988636
13804451	0.000699834406995435
13807071	0.00231829052100165
13808430	0.00530107040432639
13808680	0.00616503515907177
13810791	0.000484454358615997
13814050	0.000664902698559093
13814941	0.000327245523530747
13816260	0.000964286486943598
13816550	0.000492835253922597
13818880	0.0016682517640929
13819850	0.00789634056081302
13819860	0.000883851259507252
13820690	0.00349035132245954
13822620	0.0017373588622012
13824410	0.00117211785463452
13825230	0.0025343736900375
13829510	0.0156362565198231
13830870	0.00415978576198117
13832041	0.000639893954081358
13832120	0.00137696380978131
13832321	0.00110203860428987
13833780	0.00286498918418729
13834121	0.00262422777710606
13834360	0.00595895242914516
13835611	0.000652534487190147
13835880	0.00402489145173586
13837520	0.00090512451337174
13837630	0.000420577377896378
13837650	0.012877143292117
13837940	0.288795828299686
13840010	0.000755912348473549
13840410	0.00479395198728835
13840540	0.00380931755837381
13840950	0.000425274608448265
13843850	0.0313024133943881
13845401	0.000855822926092442
13846040	0.00138058408088705
13847160	0.000437364695890797
13848451	0.00620742966095871
13849141	0.000205993055760434
13851980	0.000983115609484499
13851990	0.00107484676095177
13852031	0.000304166595837837
13859881	0.00231643635258714
13859990	0.00182528647189414
13860021	0.00238829978006034
13861370	0.00126000248950985
13862801	0.00359328979594366
13864181	0.00174349702383118
13864461	0.0233078759977022
13865951	0.0210047820459756
13867980	0.000830870655241668
13869360	0.000804192668825985
13869421	0.00614443092304035
13871560	0.00155743664270021
13872711	0.0383727185005557
13873141	0.00282492531654844
13875590	0.000440788290091924
13877370	0.00155672204286409
13877770	0.0136292501807837
13877821	0.00735863317973808
13880380	0.00308710772824218
13880441	0.00126908435893953
13882910	0.000438516355236888
13883341	0.000348942200014523
13884680	0.000280379883491197
13885250	0.000412797384973124
13887140	0.0207278970746304
13887570	0.000253391018657517
13888270	0.0132073884387497
13889220	0.00226862396826868
13889811	0.000371740301384272
13890750	0.1219062653093
13891180	0.000232215180045178
13892150	0.000753021040407264
13894931	0.00380750060136909
13895061	0.000721415714577918
13896560	0.00121223712636569
13899000	0.0148829601510731
13904550	0.00128372405200369
13905001	0.0110113016532279
13905421	0.0441698826235575
13906210	0.00951490353403606
13906870	0.000548833983984215
13908560	0.0155099325387906
13909100	0.00136328927793364
13909220	0.00589047042920033
13909281	0.000311728613112739
13909500	0.0036750451374625
13913551	0.0102224592976455
13913971	0.0107720882759988
13916280	0.00166447880579591
13916410	0.00281448976055342
13916721	0.000430945120241894
13917261	0.00548124831222545
13918750	0.0018620803555322
13921070	0.000692509406995271
13921520	0.000829774733646485
13922040	0.00334518821325856
13924161	0.0163074769903341
13924571	0.000590704633857873
13926750	0.00136469765362657
13927850	0.0131507088493003
13928031	0.000209575178549968
13928560	0.0102943033669772
13929510	0.0162780252202424
13929541	0.000829282221641174
13929681	0.00413942272988624
13931051	0.00193936681595991
13931481	0.000925080333473484
13933001	0.00256954769004389
13934460	0.0052478887391807
13934600	0.00108440604898309
13936680	0.00154731324680992
13936851	0.00259896753065387
13938730	0.0090062677823018
13939450	0.000998229998853876
13940800	0.0126780832861508
13941821	0.00131288551881689
13942890	0.000524070027841765
13943160	0.00104010315346399
13950350	0.000116228541969322
13951170	0.00627354466838409
13951440	0.00995690191989099
13952301	0.00181650378771634
13954750	0.000851632780708697
13956650	0.000595731575630419
13959840	0.00272083347289089
13960311	0.00054061931684623
13961671	0.000104445317941344
13962190	0.000766135377933472
13962381	0.00107061413383778
13962470	0.0338030999070257
13966340	0.000128619102000148
13966381	0.000288271842161755
13966600	0.156323291919195
13966720	0.00881702595443108
13966911	0.000514180582629702
13967201	0.00186950667269078
13967310	0.0010908065593625
13967580	0.00119560279644617
13967830	0.00254973064793269
13968451	0.0289731434335402
13971700	0.00136380103418985
13972130	0.00270955724774461
13976161	0.00145495633420735
13976370	0.020250177830353
13979201	0.000244753627799874
13980950	0.00409617044974991
13985630	0.00161405118429564
13987321	0.000236362807300357
13987960	0.000219050953579377
13988110	0.000691704683104204
13988270	0.00636732350646738
13989610	0.000354205585044474
13989750	0.000480268247803625
13989760	0.000991318944541914
13991720	0.000351256011484445
13992410	0.00557699494176836
13992540	0.00224779430933546
13992940	0.000537911568990365
13993490	0.00190586208625643
13995010	0.0399910203567678
13995720	0.000214884120838492
13997350	0.00400453044322555
14001230	0.0032834009593269
14002580	0.0026711174820272
14002791	0.0233154325676522
14004291	0.00151571747124188
14005671	0.000427592080748787
14006231	0.00221678279538969
14006710	0.00997639403761329
14006720	0.000603087432232042
14007741	0.000457341250532356
14010491	0.00798113997630622
14010890	0.000644574450534889
14011311	0.00676688743461895
14012520	0.002922640484038
14013100	0.00849347948362348
14015061	0.00533588009967366
14015160	0.00186659248845861
14018030	0.0993726847928693
14018200	0.00770996815760505
14021931	0.00762977032201858
14022460	0.000411240211057968
14023201	0.00065309557560779
14024930	0.00272167426228853
14025931	0.000930607636785742
14028571	0.00135336084181412
14031191	0.000753566219558675
14032120	0.000769019577546035
14032260	0.00682031330839576
14032400	0.000690615008620813
14032780	0.00033765677674611
14033200	0.00559902621055128
14033261	0.0137377101906575
14035850	0.000299688376919556
14036530	0.000596121009436043
14036711	0.000733991040176384
14036780	0.00396196952089344
14041230	0.00187928740879782
14041350	0.0140569779686752
14042300	0.00362467235405795
14048940	0.000847782395731377
14048950	0.000256596785525008
14049801	0.000381048102508879
14051120	0.0102180583993154
14051871	0.0028437974577094
14053490	0.00277840539047516
14054710	0.000814440756675448
14055061	0.00254775528286924
14055400	0.000754367420738354
14055820	0.0339976782661857
14056920	0.00035819684991035
14056971	0.00224417869874129
14059181	0.00175125937481898
14060971	0.000964933943655919
14061801	0.279514239092693
14062610	0.00437288884717153
14062921	0.00234452747649655
14063321	0.00643939453060631
14064370	0.000676703691956983
14065740	0.0191773062302953
14067591	0.000939023532186934
14068001	0.00170613992697276
14069251	0.00104512038194148
14069480	0.000425785264908445
14071601	0.0048144941724492
14072110	0.000840798884402949
14072711	0.000256800209713516
14073391	0.00867777328028735
14073480	0.000381209251124398
14076090	0.000706863088391977
14077470	0.00263070757478259
14077811	0.00218312081163382
14078300	0.000913114429307272
14078641	0.00182877989048017
14079570	0.000254316165629641
14081070	0.000506145719193804
14082891	0.000237479013898841
14083540	0.00341111367103798
14084110	0.00446361301501352
14087191	0.000244827601245992
14087280	0.0521756722206578
14087741	0.00805058958507691
14087960	0.0060605413629044
14088151	0.00285299300422161
14088271	0.00647426758152657
14089230	0.000526871407456912
14089401	0.0233266899738024
14089521	0.144019481671348
14090310	0.0125658332057537
14090911	0.00112862119488383
14091710	0.000535656109119936
14092790	0.000316928168256758
14093780	0.0011247457039748
14093910	0.00609589954035129
14094351	0.0136132212814491
14094440	0.000364369083532345
14095000	0.000686251756372369
14095670	0.0104607964853338
14098290	0.00287598037855698
14098481	0.00541717079891261
14099051	0.00187505082029219
14102190	0.00104719597484002
14102850	0.00132803727905235
14103451	0.000201641652206502
14103570	0.0163143098520333
14103591	0.0021627565200563
14106470	0.000323005463671746
14107270	0.00109824919086828
14107280	0.00191759346374188
14107741	0.00631625453340927
14108841	0.000291131976187112
14109330	0.000961577015481619
14109750	0.00455226641661775
14110481	0.00410235397625962
14112701	0.0018970684444253
14113371	0.00652071469111487
14113760	0.00159350908070446
14116100	0.00170779712988312
14116701	0.00526378790880546
14117931	0.000314484953404137
14118990	0.00309705632771347
14119270	0.0011101149873691
14119530	0.0221694373882766
14119700	0.000443300692766896
14119830	0.00031365637393058
14119980	0.00186034450206377
14120691	0.00141862727544705
14122330	0.000757905467128779
14124650	0.0018044773870938
14126361	0.000167698708006833
14128421	0.00205343341939125
14128920	0.079987863279966
14128950	0.0076562163396349
14130870	0.00635119378202588
14131041	0.00196783569912674
14131731	0.000474744752382706
14131851	0.00309423969809612
14132411	0.00206671599957344
14133121	0.00612650264658678
14134010	0.000423381942060183
14134560	0.00152407145320015
14135810	0.00238891100293498
14136370	0.00121946249616972
14136431	0.0082385312637504
14138160	0.00965188154762021
14138471	0.00154666667496111
14138570	0.00317182216871963
14138700	0.000411116280658514
14139150	0.000511340686643625
14139530	0.00122595452009803
14139550	0.00427509615455554
14139711	0.00134164092182445
14141241	0.00125979977796107
14141781	0.00817955846175208
14141941	0.000539320224707686
14142361	0.00123729455100775
14143120	0.00307482509142914
14143410	0.00196631701460686
14145890	0.0121150296876775
14147010	0.000254782361168858
14147851	0.00394573720097149
14148530	0.101801587079269
14150710	0.00171871194987087
14150990	0.00132397509089726
14153111	0.000793690484754857
14153190	0.00767851193584898
14154430	0.000804186469978313
14155420	0.000191462290830363
14155991	0.00877755497668572
14156230	0.00183146562667504
14156910	0.00941962516488808
14157251	0.0391486517448665
14158061	0.0127952621353674
14158860	0.0338262496198176
14159940	0.000623575307385836
14160261	0.000505986920920119
14161040	0.500898271523388
14162221	0.000456500536131181
14163171	0.00270250195026184
14164271	0.000567289543680642
14168790	0.000361633957045355
14172370	0.00228188505937306
14173801	0.000678152890079292
14176640	0.000406714487943814
14179451	0.0109185060365493
14181180	0.000452571865754829
14181340	0.00156192073163398
14181391	0.000319416959445699
14182331	0.00157862276578036
14182741	0.000282291358711168
14183270	0.000670434846586121
14185251	0.00399700537064736
14186280	0.000410040206748082
14187810	0.00300349856671262
14188080	0.00416119400310985
14192001	0.000308874127879211
14193651	0.000390615730864124
14194611	0.00170638578851344
14196210	0.0147663509815576
14196961	0.000171641944015996
14200070	0.000463565794957871
14200780	0.000738254100176059
14206901	0.000694859422542918
14207550	0.00113711445987173
14209730	0.00351987363600121
14210420	0.0025316336447671
14211731	0.00487569660885055
14212261	0.0042978280843416
14213200	0.0022968805127105
14214160	0.00299633375830778
14214180	0.0211968914470845
14214741	0.0152948931483284
14215410	0.000234578232676881
14218321	0.000681140889806242
14218990	0.000399197398284477
14219721	0.000509083089368287
14221030	0.000273771641172597
14221661	0.00346971476653855
14222440	0.00128202231623051
14222611	0.00426197193175805
14225911	0.00347875738982336
14226720	0.00262725304973874
14227400	0.00707795627770009
14228141	0.000662184883250639
14228941	0.401187763243609
14231011	0.00834574926528663
14234341	0.00122796000508302
14235120	0.000696013852300706
14235970	0.00111240224356671
14236090	0.000583794707612887
14236790	0.000134794418512949
14236941	0.00284842537556746
14238331	0.032781195859524
14238850	0.000195809552704756
14244941	0.000834514106322245
14250830	0.0134827558658904
14252261	0.00222234957092615
14253340	0.00233691872413464
14254030	0.129844169856793
14254191	0.000493518470302828
14255000	0.0019362600967687
14256080	0.0221812544424552
14257050	0.00613019881825759
14260131	0.00268760522639012
14261641	0.000259817088026545
14262430	0.00103655436535406
14263410	0.00130233538028185
14263550	0.00132685739991859
14263680	0.00171151949583365
14264401	0.000243513448658246
14264551	0.0009227100557842
14266130	0.000833974292169359
14267370	0.000613748167000133
14267550	0.000428756938165591
14268360	0.000686702699511155
14268900	0.00185090415283755
14269200	0.000942045848479542
14269580	0.000675617634049484
14270481	0.000322377212860171
14272521	0.000285775433999175
14273030	0.0128786365098708
14273180	0.00121024826665212
14274181	0.00179864629842413
14275550	0.000804209136549037
14278741	0.00077379146482575
14279120	0.0286601026128749
14279431	0.00010159941235234
14279441	0.00303390922795253
14279530	0.000251164972234245
14280360	0.00588097541336576
14281750	0.00498105082065327
14282451	0.00198540262978108
14282871	0.00197798120355867
14284200	0.011379520872117
14284510	0.00168130477859109
14285870	0.000396183233523198
14286010	0.00250555879544415
14289081	0.0280700408011457
14295670	0.000839914276992755
14295851	0.00129666256654685
14298481	0.0195513994290435
14298960	0.000246331043394601
14299981	0.000319409994075679
14300770	0.000308753939211151
14302140	0.00800514488448681
14302300	0.000133602364284559
14302420	0.0011809687106108
14304531	0.00156789135844149
14305631	0.0148330798953983
14305730	0.000269188560696343
14306980	0.00130330026035026
14309651	0.0014313479620294
14309771	0.0205189001893555
14310150	0.00026909502705581
14311530	0.00364769801735356
14311981	0.000574859054157629
14312330	0.000589742123075347
14313470	0.00279821580996227
14313781	0.000397022532926771
14314861	0.000281404073210881
14314871	0.00372157925663606
14315161	0.00022925784245937
14315250	0.00521084167898723
14315711	0.0121932447094539
14316900	0.00112349819711307
14317621	0.00179188221774862
14318130	0.000341193644209152
14319421	0.00124336123025252
14319670	0.00131491279767586
14319831	0.00184846866846542
14320650	0.00112743730380479
14325050	0.0005753602478168
14325590	0.00314421184764808
14325990	0.0466005358990127
14326980	0.000324662990565946
14336791	0.000832859662888824
14338591	0.000631297020442729
14339380	0.00210244794193351
14339670	0.000191703452053249
14339790	0.00311566667243307
14339920	0.000837906054236868
14340241	0.000261306794782621
14340370	0.00022830748732736
14340630	0.00203782069752644
14340640	0.000266107332921624
14342731	0.000312141773648622
14344190	0.000790183362252465
14345890	0.133858379004607
14346741	0.0377147765001704
14351011	0.00191339633670309
14351820	0.00104385474488703
14352681	0.00544150732774033
14354990	0.0006006523042579
14359141	0.00589561692376658
14360060	0.00212144558815797
14360111	0.00181484994906125
14360220	0.000734981044982739
14360640	0.00282252674255533
14360760	0.00869756911869977
14361720	0.00136703640666273
14364360	0.000802425533006822
14369050	0.00749782363208483
14369180	0.00056816896395973
14369911	0.00116795121249036
14371120	0.0100602124090974
14372801	0.000177319219434377
14373460	0.00354376821586128
14375080	0.00226257317672185
14376791	0.000406095716475438
14377460	0.000983095532015213
14377590	0.00892346406688828
14380651	0.00462458779504924
14381580	0.000364261118457398
14381771	0.00125658885671924
14382451	0.000208492638742184
14383230	0.00769566214325674
14384070	0.00119191010075845
14384640	0.000285249270136404
14384671	0.0128121119359762
14387001	0.0025352511131205
14390991	0.00234007061564049
14391120	0.0001362568868599
14391910	0.00337691158455126
14394051	0.000434724371552414
14394550	0.00155344016110342
14397071	0.00554166045628448
14397840	0.000220310628705191
14398120	0.00153697735064509
14399220	0.0178406745141837
14403500	0.00134658028898296
14405071	0.00280551235396682
14405870	0.000208558582876215
14406871	0.000458401569011653
14409501	0.0122573350077493
14410581	0.00125550663316075
14412111	0.00169336858489686
14414410	0.000424701355360155
14415831	0.000506036478365496
14419250	0.00642280939770914
14419650	0.00471386113147487
14421050	0.00060160762179881
14426530	0.000339356680553057
14426991	0.000385109174978327
14427951	0.00088709258788756
14429361	0.0317716061661764
14429621	0.000379316214312635
14429891	0.000308351265844547
14431780	0.00773753136324315
14432880	0.000827590210828053
14437440	0.000167530112862949
14437481	0.0052845770475034
14437580	0.000464348873780953
14439951	0.0076969729433819
14440870	0.00688038437445267
14441221	0.00317647960181346
14441420	0.154042266989214
14441891	0.00154116914145661
14441970	0.000880788239479723
14442041	0.000984001537346324
14442260	0.00215750300724003
14442830	0.00120541301788914
14446120	0.0007366809125177
14446181	0.00488425353990217
14446400	0.000499463827835676
14446700	0.000644921209220276
14448760	0.000546113063166619
14452180	0.0536817750597635
14452381	0.000317944159995995
14453221	0.00357087088004295
14453970	0.00389949608198653
14453980	0.00504398159505283
14454410	0.00100736197370634
14456050	0.000819055675333539
14456391	0.000533500586556533
14456910	0.00757597789020465
14458021	0.00270741965268853
14458041	0.00129019169824328
14459230	0.000737086436826989
14463080	0.0114923791270679
14468330	0.000477389495132794
14468470	0.000278029246722821
14471240	0.000707025117813723
14474861	9.69845834528788e-05
14476111	0.00153278438966318
14477580	0.000336311090470325
14478530	0.083781478706633
14478721	0.00380443579668518
14481860	0.00337847368314194
14482550	0.00290115165954128
14484750	0.00685694053063523
14486721	0.000718210281361307
14488501	0.00715710372405414
14488661	0.00296769317269904
14488801	0.00823310164014935
14489700	0.000426579173751339
14491131	0.000564587731835128
14492740	0.00723509596156326
14493870	0.00407125979119347
14494031	0.000212991288231026
14494161	0.000718028028941632
14494311	0.000207117768011496
14494571	0.00986837088022116
14494680	0.00217275776567776
14495780	0.000202067415069501
14497471	0.000396037826903168
14498940	0.00302299670532433
14499961	0.00589246771111898
14502680	0.000322998577157414
14505201	0.0893324767876367
14505321	0.000614715951996047
14506420	0.00043708052073777
14506571	0.000474221709462551
14507001	0.0167423359599373
14509321	0.0021691846416263
14509601	0.000499433186515936
14509730	0.000402228358647568
14512241	0.00836865060998879
14512760	0.000235618789302851
14512860	0.00249597003847443
14513860	0.00261477319056572
14514410	0.00585819429054424
14514690	0.000237411799825528
14515510	0.0130823334894909
14520340	0.0173831343258583
14521321	0.00208776532499602
14521980	0.00315047080664489
14523240	0.00343541089031309
14526540	0.000906739369309005
14529211	0.0379284664724274
14529611	0.00043137832062064
14529761	0.000667539521567683
14530581	0.0211324897346301
14530851	0.0112467089639132
14531890	0.00085914785624575
14532730	0.00632044680863556
14539380	0.00466045564807832
14539910	0.00360768561861048
14540651	0.0160612118310878
14540911	0.00167363184358959
14541560	0.0004620276829023
14541820	0.000428052419124584
14541830	0.0181251845183477
14542550	0.00120909192061424
14543671	0.0190771219480738
14543770	0.00258528856902399
14543951	0.00151211717676174
14544511	0.00317569778016016
14545850	0.00161486164629439
14546270	0.0294497890066481
14550650	0.00058148277111383
14552651	0.000523864689993746
14553290	0.00774727600430038
14554550	0.000974469011887262
14555230	0.00487569215597903
14559271	0.00173553725251849
14559681	0.0224219524746857
14559790	0.00144480219123082
14561430	0.000800890458124577
14561550	0.0016468108588085
14561621	0.000359122450610841
14562940	0.000224651222967367
14562950	0.000277792291363476
14563411	0.00294528051482654
14564470	0.00622321807916046
14564730	0.000387163185050538
14565471	0.00321544289408099
14565860	0.00288975646048666
14565881	0.0480707560754929
14566291	0.00363699870998598
14566660	0.00576559154806379
14567671	0.0061640147595812
14568221	0.00348703352994936
14570130	0.0028835292297981
14571131	0.0258688773474926
14572200	0.00382637733019742
14572310	0.00566163495364514
14572600	0.00177604414089777
14573700	0.00348767668189705
14575200	0.0521053598216694
14575551	9.50581569715827e-05
14576330	0.000579696023405186
14577300	0.000339775436490249
14578100	0.0013871662693035
14578571	0.0257098266708931
14579360	0.00303307680760356
14580101	0.000897472157567886
14580470	0.000122068204037979
14581710	0.00652087643459289
14582530	0.000428320073009809
14582861	0.000245317476180972
14584190	0.00037448159333234
14586650	0.0318890943232276
14586670	0.000642214162472768
14588480	0.000446292077908918
14588511	0.00059190271675084
14589201	4.55024822721625e-05
14589860	0.0340784476186781
14590130	0.0111785093986428
14593051	0.00325123252546477
14594780	0.0207574571454515
14594981	0.00155129927308872
14594991	0.00087529524912289
14595220	0.0117552454364493
14597051	0.000968048398531762
14598810	0.00165717842529473
14601201	0.000988293444962147
14602581	0.00198956574526739
14603961	0.014288319997072
14605731	0.0225189504331413
14606090	0.000148917721296406
14608440	0.0044905248513971
14610100	0.00465659051789994
14611121	0.000931684146063482
14611910	0.000280897721364869
14612781	0.00012738416118377
14613061	0.000267613623435375
14614021	0.0193902751994641
14616890	0.00250705385858579
14617331	0.0105243741109516
14618551	0.000995299785510541
14620071	0.00042694069588732
14620470	0.000359381932506679
14621820	0.00104624029883543
14622561	0.0177119411242321
14622971	0.0015046781679333
14624860	0.0178282362112177
14626370	0.00657630347871724
14629120	0.00113482245290636
14629331	0.00035615668347605
14631060	0.00747114631532874
14633160	0.00458920524604068
14633290	0.000530921559937236
14637410	0.00165898214739013
14638670	0.00641720637033121
14639070	0.00154713421181046
14640091	0.00288512748630229
14640430	0.00158637527575751
14640491	0.00255637885295761
14642551	0.000302646568995447
14642810	0.00233719375407194
14643541	0.00266935540796289
14643640	0.0632163062946905
14643951	0.000613949296730496
14644621	0.000507050542106365
14644641	0.114734572857327
14644990	0.000927686773901976
14645970	0.00132232381796145
14648880	0.00134111659106481
14650110	0.0180714704307808
14650281	0.0382722864733521
14650650	0.00119985572207796
14652231	0.00190344976482196
14653700	0.00239115008096362
14653840	0.000693989787894868
14656891	0.00531460998546541
14661741	0.00229391757372842
14662851	0.00182073073662918
14663661	0.00761645525900582
14664481	0.0473713183978832
14665530	0.000293903205763212
14666220	0.222021467871388
14668590	0.00205801331012612
14668621	0.0147380882627817
14670271	0.000224348712533738
14673530	0.00126611802522759
14673560	7.3534886402369e-05
14673670	0.000309275308304091
14674571	0.0349224124700804
14676081	0.000862684210804297
14678001	0.0102076528450761
14679780	0.000569091347749894
14681331	0.00136389529791062
14684010	0.00032699519017637
14684860	0.00112241184802261
14688850	0.00101615537067712
14689991	0.0012935118863355
14692481	0.000849867391087336
14694131	0.021302288511213
14694431	0.000463033659038247
14695480	0.0097392776478137
14695620	0.00688642989649234
14698151	0.00763244900233953
14700990	0.00306913300679784
14701980	0.000465526877939542
14702080	0.000315603482020437
14702110	0.0113892415330611
14702400	0.000553585618267178
14702520	0.00117178236977986
14703050	0.00116203417723211
14703231	0.00176240229059116
14704061	0.00599300195885683
14705800	0.360838354233754
14706080	0.011034103983717
14708430	0.00433978416277334
14708700	0.0203928064436507
14709451	0.000284485510507953
14710011	0.008241193356972
14710090	0.000466361035334984
14710230	0.00729266702925099
14710240	0.0154585006627074
14711080	0.000668287621436559
14711750	0.00179479804476709
14712211	0.00256287113426545
14712351	0.00184924610299169
14713980	0.0034057826882681
14714841	0.00169248104975117
14716600	0.0999808907880528
14716761	0.00150219325442698
14717820	0.00851463816907647
14718670	0.000260117299567205
14719080	0.00143619472479988
14721871	0.00146158790425983
14723890	0.000627563487837488
14724980	0.00249307556392569
14725680	0.000686681955558592
14726090	0.000412524479157818
14726151	0.0279807515285587
14727880	0.0016031507612921
14729120	0.0293648641117371
14729150	0.00239531742809397
14731480	0.00561926422776475
14731921	0.000317398289057934
14732191	0.00030888946128936
14732351	0.000674108095927581
14733970	0.00108970716027939
14735941	0.00441751985326838
14737601	0.000304549462218901
14740341	0.00172870179886909
14741980	0.000631058986997396
14742900	0.000397946041352009
14743251	0.000193976185168451
14744061	0.00102934466544798
14744290	0.00391159391714005
14748600	0.0172531879491516
14753031	0.00218830539500307
14754541	0.0056995491793952
14757120	0.000376330203472726
14757420	0.00210688061497037
14758650	0.000285272363301832
14758770	0.00365438504902133
14759600	0.00456171884662208
14760891	0.0020392989697893
14761670	0.00264203736029607
14761700	0.00247532149975966
14761810	0.00182656180950685
14761950	0.00632473678034213
14762390	0.000356231317098451
14763590	0.000430927286766127
14764140	0.0223978625157513
14764881	0.0104354034918841
14769451	0.00219256948874638
14769981	0.0231004360853247
14772901	0.000718223935649472
14772980	0.00121308966192194
14773520	0.000275752719102711
14774510	0.000234126546457495
14775490	0.00375001420767208
14776450	0.00126198765511253
14778250	0.00081951494948281
14780891	0.000506442726108055
14783600	0.000637539081199297
14785301	0.000294481293666007
14787490	0.0384047903204724
14788160	0.037130390560407
14788180	0.000833264510318715
14790551	0.00213475023361236
14792000	0.036268242059247
14792471	0.0110821838685893
14794790	0.000388385111626806
14794971	0.0113577171418361
14795450	0.00024523618802018
14796621	0.00917548259244291
14797171	0.00027362625695716
14799340	0.000337004729810537
14802391	0.00265129814156339
14802421	0.00128665593803171
14802910	0.0114727398014248
14803310	0.00108755961796095
14803511	0.000672340077685673
14804690	0.00248326548643657
14804710	0.000634326575789344
14807620	0.00146279724023911
14807760	0.00572741244681407
14808071	0.000935452842564175
14808730	0.00103762887618804
14809011	0.00191486894051249
14810401	0.001482095984053
14810910	0.00104811312911742
14811781	0.000747351726015737
14815651	0.00330771865160007
14819921	0.118544411753281
14821000	0.00205529120015723
14821250	0.000369199113489829
14822240	0.0182122234031632
14824461	0.00097306244619681
14828751	0.00167278194481206
14829520	0.000281427314391724
14830080	0.000329280598182771
14832471	0.00127278972941512
14834630	0.00135084926779856
14836160	0.00601454988736318
14836761	0.00111228356071907
14837510	0.00359578255520875
14837790	0.00452867392064733
14838380	0.000185308398759312
14839040	0.00573824586586676
14839781	0.000246090756406841
14840690	0.0716587898390516
14840710	0.00012813749577786
14843200	0.000782669718887752
14843371	0.000245848195857445
14843931	0.000456199071596203
14844201	0.0462603570386543
14844280	0.0229949975184097
14849841	0.39951990326419
14851860	0.00200406443863385
14857120	0.00151524997101694
14857270	0.00338298169448756
14857711	0.0328230517861096
14857930	0.00181205540945002
14858380	0.00282090243841701
14859480	0.00185255632613008
14861940	0.00533575507417627
14865820	0.00286512847816932
14867030	0.00315433011822157
14867101	0.00113771742292423
14867860	0.00121453155756199
14868430	0.00108176536234988
14869141	0.000416048096841346
14869971	0.00148966735675454
14870210	0.0107696227265759
14870261	0.00142827875684262
14870490	0.0190527171594673
14870640	0.00029730821851787
14873171	0.000957055930612441
14875320	0.0021365309984414
14876160	0.000673639164136774
14876690	0.0546205237343811
14878060	0.00055805796484874
14882060	0.0182688127890886
14883740	0.00394068310377535
14883781	0.00029987422891962
14883791	0.0133451582835873
14886131	0.000266806826926907
14886640	0.00267422979665178
14887590	0.000515189283606265
14890780	0.000425143021139017
14895050	0.00168599420979618
14897270	0.0112454639694698
14898541	0.00154343127517647
14898821	0.00537928311089141
14898910	0.000433924250693017
14899580	0.00664051267460513
14900201	0.0176449278964297
14904321	0.00041377494411769
14904570	0.00400914659314084
14904820	0.0164286460636933
14906521	0.00114572971179626
14906910	0.00345560367501065
14907351	0.000958359534148725
14909011	0.00100770437565145
14909831	0.00341916821388601
14909930	0.00208226020284989
14910951	0.00456159811857061
14911761	0.00166059235913474
14911911	0.00191489055104069
14913981	0.000191277472169899
14916690	0.0386103980780703
14917691	0.00130987626844611
14917851	0.00295665048963299
14919040	0.000758542327644086
14920570	0.000403222691168714
14920710	0.00135213036712636
14922370	0.000574093932415002
14925141	0.0549603163824918
14926370	0.00401126385819097
14926900	0.00233584282360247
14927180	0.00106653519196241
14928550	0.00129771701737731
14929021	0.00146840042688128
14929130	0.00218258831065933
14931901	0.00352482277952491
14932970	0.00107612455491274
14933930	0.00202485943191229
14935180	0.00240442479031423
14935501	0.00367733491719037
14936280	0.000605749514216196
14937701	0.00527566932169649
14938220	0.0854291015367774
14939590	0.00419275341984264
14939771	0.00126758628310584
14939911	0.000339249780856129
14942910	0.000475588749046221
14944031	0.000925011139468186
14944420	0.0172212926622555
14945910	0.0719372996903103
14948990	0.00258993789483885
14950121	0.0100044816539369
14950511	0.000404126330778677
14951320	0.00619879886609036
14951720	0.000377096241433526
14953360	0.000130946991129209
14955330	0.00539240879047975
14955600	0.000292151481109396
14957281	0.000367941737092989
14959061	0.00149171350963328
14959501	0.00149992435060372
14959710	0.000417094021269181
14959730	0.00129939256128587
14959880	0.00118770918703895
14961650	0.000380616050477906
14963590	0.000812505026617726
14963720	0.000434588848962166
14963990	0.00630904759285241
14964010	0.00263099236998118
14969390	0.000630741724542844
14970111	0.00226851376878397
14973090	0.0011185919111102
14974671	0.00025793304436028
14975050	0.00212806040023021
14975720	0.000344941905337159
14982511	0.00195002176853789
14983501	0.000400722135768297
14984680	0.000458837459420172
14985681	0.0423102251779452
14986811	0.00257670891641693
14987450	0.000477371330861536
14987570	0.00049543089190288
14987590	0.000437998326039571
14987990	0.00118347988886152
14989770	0.000271914784761671
14989831	0.0341801505370906
14990531	0.00479930243107446
14992140	0.00176522888658666
14992991	0.00159376609058245
14994070	0.0539961355530218
14994750	0.000447043819746295
14995020	0.000306034221789336
14995590	0.000653507533410058
14996311	0.00604634996965965
14996581	0.00176738947131522
14997411	0.0051699071108276
14998190	0.00400974216026645
14998610	0.000126542275128847
14999631	0.000390198404401441
15000670	0.000946860426743385
15001681	0.00132744734621015
15001940	0.000807018407281777
15005380	0.000848981398428527
15010121	0.000391689419223265
15010381	0.00117913764080955
15010490	0.000829553577689793
15010910	0.0195044005297122
15011040	0.000639710008171535
15011320	0.000976844298416126
15011631	0.000443536843873015
15011720	0.000540550221889046
15012130	0.00262837031995449
15012660	0.03206180895084
15015040	0.00965498057621869
15015761	0.0110141265077392
15017011	0.00135083783558369
15017261	0.000654280444279695
15018511	0.00962137829209185
15018921	0.000322978954553926
15020260	0.00105366783106103
15020290	0.00095919651549313
15020700	0.000350700122709965
15022241	0.00108300023988003
15022480	0.0406560186106689
15023420	0.000619705179159958
15023850	0.00235874605739151
15024120	0.00100598335568659
15026490	0.000203996996844853
15026610	0.00167936456287303
15027491	0.0850691324706666
15028010	0.00728655197721886
15030080	0.0291053610704759
15030651	0.000608414314216003
15034080	0.000507111656328391
15034531	0.00461590653968081
15036660	0.000711209562072071
15039320	0.00739408436666749
15040820	0.0192908348854821
15041490	0.0228998331439029
15042320	0.000966331713216497
15042651	0.000465934146302161
15042870	0.000211342103057342
15043891	0.00640119342240603
15044250	0.000523816718083274
15048950	0.000773068954554705
15049401	0.000395713750124015
15052321	0.0015690513171534
15052571	0.000345736115946898
15052810	0.0120581754306972
15053910	0.00231947316475464
15055840	0.540370549645618
15058880	0.000659562601171187
15060161	0.01163789188453
15061691	0.0106943444949687
15063580	0.000618347415205912
15063850	0.000990368853782837
15065080	0.0330532382198208
15065131	0.00150784593027183
15065531	0.0635015009337466
15065640	0.00495933593088275
15067160	0.00227660601649984
15067730	0.00114122780443082
15068670	0.00199231567918986
15068690	0.00923091800025906
15069240	0.0306843214259833
15069370	0.00194991746184909
15069780	0.00593595855908702
15070060	0.000351403906205643
15070381	0.000956913457677027
15070620	0.000947905006564497
15071440	0.00117999250455543
15072431	0.00476057432956087
15072721	0.000618940674799626
15074760	0.000257161778547032
15075191	0.00263474166094486
15075290	0.000709938235357943
15076120	0.00219631841499185
15077220	0.361076897510036
15082900	0.00127440764986978
15084690	0.000386037086176363
15085240	0.00685085852175897
15087621	0.0391375016631418
15089490	0.0401449012476995
15089910	0.00269690083929336
15092311	0.0105337853178369
15094511	8.7116354830586e-05
15097210	0.00175792681480626
15097930	0.00187979410875222
15098771	0.00106155967245099
15099280	0.0123682543349796
15100701	0.000238873308345222
15100930	0.000223183461858251
15101620	0.0063738726803726
15102610	0.000427301683735872
15105961	0.00495878118979078
15109131	0.000399705060493596
15109551	0.013336266338526
15110781	0.0014549458359204
15111751	0.0478051732351967
15112171	0.001710239610005
15113200	0.00430036827118164
15114210	0.00170818431844975
15115871	0.000650905407183193
15117951	0.00395798449349633
15121271	0.00139480991686221
15122180	0.00242592603401242
15122720	0.0212367969275698
15123761	0.000267847352899492
15124110	0.00021889078564182
15124120	0.00269317156724656
15125141	0.0183977434471741
15126760	0.00017649218852657
15126860	0.000354967345264478
15127751	0.00361018449027313
15129520	0.000156620702889884
15132120	0.00219079445239812
15134921	0.00429491506186624
15135461	0.00188665147294668
15137520	0.00161147809281919
15139741	0.000206461857287718
15139980	0.0029066496747645
15141620	0.000940777406641641
15141920	0.226815834900461
15142190	0.00118658523917848
15142480	0.00944158546140509
15143010	0.00179605704172292
15145811	0.000816492636757
15146091	0.0074790717757983
15146760	0.00277705053953164
15147020	0.00497556460593277
15148971	0.00243328731678799
15150081	0.00808634089735266
15150320	0.0307247682430106
15151960	0.00045427924586808
15153801	0.000439034438161372
15153920	0.0102771905659537
15154440	0.0157732485461114
15154921	0.000508019873244932
15159270	0.00808823208277867
15159741	0.000354782889076496
15161930	0.000833288623230274
15162450	0.00914349544976005
15162771	0.000779993734076103
15166081	0.00684074752014892
15166631	0.00351163648605685
15170860	0.00529714024938055
15171881	0.000247432454811898
15172171	0.000847493397997774
15173340	0.000549211340786506
15175591	0.00182655179425269
15176380	0.00031637817839597
15177610	0.000615231886482533
15178091	0.00137020157053082
15178190	0.00913486863055189
15179290	0.0015257134177375
15179990	0.00981232258081965
15180240	0.000424002979673446
15183871	0.00964428452968595
15188110	0.00080643200693096
15189360	0.000141853358923229
15190880	0.0041769310140325
15193131	0.0167439175881282
15195710	0.00839858601605189
15197620	0.00372073571494119
15200380	0.000381377833754859
15200940	0.0581842146857754
15201131	0.00169291779846062
15201230	0.000725856590258239
15203850	0.000946615067689598
15204530	0.00745108931200329
15204571	0.00244389439993644
15205610	0.000916236279484266
15205681	0.000253110701263572
15206231	0.000311729460035485
15207440	0.0321005292754104
15208230	0.00745000134415175
15208800	0.00116166401638424
15209370	0.0019354479905601
15210460	0.0104352993105692
15211451	0.0167030332823794
15211990	0.000725662279800584
15212640	0.00563200102563884
15213070	0.0111697427631203
15214600	0.000302885838300324
15216680	0.000586573083818537
15216981	0.000322468923197272
15217360	0.00151798039431623
15218450	0.000170962471610332
15218781	0.000179378568023654
15221480	0.00141524361999983
15222330	0.0164239037698709
15222341	0.000376881314514787
15224831	0.000269578623297214
15225200	0.00142516779679568
15225740	0.00232596296589921
15225780	0.000387494405800218
15230740	0.000256155932252735
15231171	0.000292430371239213
15232021	0.000728581178424371
15234491	0.00447825201378843
15234570	0.000973098221815152
15234590	0.0119081497305984
15234730	0.00126193268974773
15235260	0.000544929109647914
15235280	0.00370939775909013
15236301	0.00464520196614963
15238990	0.00762295425813846
15239270	0.0117052444163729
15239440	0.00027746980659524
15239581	0.00712202046903763
15240971	0.000339958644517093
15241600	0.00280153681933121
15242450	0.00180819074153274
15243461	0.00117452008631232
15246091	0.000826078942282282
15247010	0.074941164780194
15247810	0.00591752390305905
15248670	0.00198338435586245
15249760	0.00547438893699688
15250341	0.00819197947466521
15253661	0.000304013140165122
15255331	6.15070771939099e-05
15255881	0.000165348969093945
15257600	0.00388287394825915
15257890	0.00465934920476462
15259260	0.000248248564773082
15259471	0.00194180977503539
15260370	0.000353720787652247
15261080	0.00569064734224981
15262611	0.00498085131111037
15263530	0.000435931772539877
15263670	0.000178834094232723
15263680	0.000893816366371843
15265080	0.000550430295427177
15267031	0.00521647894668488
15271041	0.000825148053011244
15272390	0.00323559446946054
15273101	0.00558996567148642
15275670	0.00313940033910099
15276841	0.000456713708979654
15277900	0.00168032051162919
15279410	0.000209788477747174
15279420	0.00449236341049346
15280360	0.00183510639419057
15282190	0.00331966215973652
15283250	0.248471990892986
15283960	0.000243683754282233
15284001	0.000433389458568182
15284240	0.0035679602839739
15285060	0.00151677262336317
15285630	0.000515450526983029
15287581	0.000391057783011277
15287731	0.000523185141943871
15288360	0.0148660365815884
15289210	0.012338065993103
15291400	0.000353532800975791
15291991	0.000336409536503948
15293200	0.00479670175275781
15294720	0.00420975931514723
15294891	0.000693877440199753
15295010	0.00199987877100045
15296260	0.00144753877176902
15297640	0.000453468327321847
15297941	0.00176437953910674
15298061	0.00130663239181909
15298320	0.000276190763131672
15298840	0.000931066414904039
15301921	0.000610780252359617
15303601	0.00266593192873683
15304120	0.000532097752065762
15306010	0.000591415187492117
15306221	0.00377453555147479
15306471	0.00201603864036686
15307041	0.00107091732731282
15307591	0.0192663864000084
15308390	0.00045552181627426
15308660	0.0265585565622843
15308910	0.000193319103946381
15309641	0.000452696896989127
15310481	0.000447110933984007
15311110	0.000372774900952543
15311280	0.00236726055259443
15311940	0.00900527536468687
15312910	0.00348704014267832
15315000	0.00138939265989748
15315021	0.00029350322019649
15315400	0.00400631492820031
15317801	0.0654557850224843
15318191	0.00516131001712163
15319041	0.045939379201313
15319270	0.00106460300022578
15319560	0.000295381971257452
15319581	0.000744089503503581
15321350	0.000265269617470209
15321610	0.000184485136784433
15322020	0.000941679555880866
15325040	0.00231839263237074
15325070	0.000264911229197832
15325511	0.0022836186634427
15327171	0.00151871912382108
15327311	0.000826895375505587
15327840	0.00434249460636734
15328220	0.00659830038603274
15329190	0.000397702233915264
15331950	0.00185825836655223
15332490	0.000576403480180864
15333450	0.000498607226542767
15333730	0.000328059981357377
15336800	0.0119363219657545
15337470	0.000505851487362428
15338351	0.000977241033222834
15338430	0.0194777912345492
15338830	0.000833482140890955
15339451	0.00151314056874663
15341180	0.00276689348063598
15341450	0.000483147109054957
15341740	0.00174608101856412
15343250	0.00156696595135831
15343991	0.00239136721054698
15348500	0.00221891685407874
15351270	0.00113535942534878
15351731	0.0237201011230618
15352011	0.012538251290855
15354020	0.000392168319380774
15354180	0.0014632120012072
15354481	0.0037206521881441
15354570	0.00390498415800601
15354720	0.000214357345366652
15356380	0.0270627051622198
15358990	0.00102120035137371
15359591	0.000748727232354383
15362440	0.0370990060743082
15362751	0.00325987129300036
15363031	0.0379951545124369
15363841	0.00351940231875907
15363960	0.00297285079526696
15365320	0.000430847049862134
15366881	0.000612565974398722
15368920	0.00868180510948584
15371380	0.0178625407365238
15371660	0.000416998939113976
15372900	0.00287456717389058
15373210	0.00045023586199593
15373600	0.0010847880501869
15376920	0.000638898421009229
15377310	0.000226923623655035
15379021	0.0069569571580758
15379130	0.00196553175187991
15380551	0.000806493940555149
15382751	0.00818019356338643
15384070	0.00435007972967048
15384370	0.0288180978408277
15384411	0.00117457879066252
15386341	0.0193802016150214
15386550	0.00125819631872359
15388681	0.00112055969867672
15388790	0.0018339358795871
15389931	0.000489565053832314
15391260	0.000367846932110824
15393610	0.0108493220948949
15394030	0.000380472150371049
15394621	0.00221939284647249
15396230	0.00402893855128086
15396531	0.00330603624096745
15397580	0.000863268335581752
15398450	0.00899594589662595
15398550	0.000275060076549327
15398730	0.000452279720118692
15399721	0.000562573636033272
15401641	0.000506501864941155
15401661	0.211364024770862
15401900	0.00749884233022709
15402321	0.00278187389805366
15404691	0.00296552523042417
15406140	0.00183620947650074
15406550	0.000510647233313011
15406690	0.0109885230643021
15409350	0.000479897445784877
15410170	0.00200555135807299
15410550	0.00242023823970042
15411800	0.000639312184685621
15412360	0.00752535170474833
15415701	0.000707296590071999
15417470	0.000707467359646952
15423280	0.00288416613626697
15424240	0.00484069513567451
15424520	0.00104481179276069
15426030	0.0184597292342213
15427280	0.000323168730731191
15427400	0.000511171225142266
15428500	0.00349951219580781
15430891	0.00373943671321696
15431140	0.00458793683726732
15431171	0.0214098306633342
15434170	0.000309264843516501
15434191	0.00420760998167399
15435571	0.000274733380913265
15437740	0.000244708202445121
15438461	0.00145265351862274
15441450	0.00920966092584415
15441651	0.0214295549327868
15442181	0.000402251638660739
15444090	0.000367648390824348
15445600	0.00138382016699314
15446010	0.0544085740535384
15446051	0.000386948693359763
15446290	0.000348400079515214
15446751	0.000301341788234518
15448531	0.00106600416502131
15448620	0.00417273587602655
15449371	0.0032964240457243
15449600	0.00312532345249548
15452380	0.158090015551912
15452480	0.00221878912911783
15452661	0.0171168790436757
15452890	0.00100089887084707
15453911	0.0017330236772152
15455230	0.000828573239173701
15456661	0.0259133985243836
15456780	0.000119349548151977
15459431	0.00116605021279686
15459780	0.00127906137635048
15460090	0.0368718514372073
15460951	0.000436749115009449
15463950	0.00900277756281239
15463971	0.000319922191167532
15466550	0.00068552590133569
15469030	0.00209024429902691
15470140	0.00333559080068447
15471301	0.0120926636065554
15471510	0.00148175851903057
15475390	0.000966623913735688
15478300	0.0020852581563679
15478820	0.00210313602547093
15479260	0.00223732023898239
15480770	0.00498337600602272
15481320	0.00310037526460723
15481340	0.0188892859560618
15482710	0.00654923215190187
15483230	0.00658555381382052
15484131	0.000619191996032015
15487551	0.0115026691816486
15488230	0.00472556780032182
15488880	0.00132846445772594
15490201	0.00494047237233955
15491120	0.00115340276559219
15495141	0.00255783461242511
15497050	0.00139584967066003
15498000	0.00175581621114401
15498201	0.00155848861957607
15498540	0.00657314599153775
15499011	0.0012447328197445
15499680	0.0027134778913682
15499800	0.000544086660898147
15501160	0.000485458051559108
15502051	0.0849361829607141
15502710	0.00428923653210554
15504541	0.00124866036106437
15505310	0.00633185771407913
15506420	0.0011946232824893
15507380	0.000463917215924608
15510440	0.00599709363384384
15512610	0.00513170446564626
15513030	0.00413136237863689
15514130	0.000837043847130687
15514311	0.000518687236911928
15516480	0.000785508256585684
15516640	0.00193756143572597
15519001	0.000186387762387387
15520360	0.000658005486425841
15522960	0.000371536289816387
15523551	0.000462239559521407
15524261	0.00146601522341147
15525081	0.00252922461359984
15525190	0.000155806497638066
15525501	0.00134398134841154
15527660	0.00331559493573942
15528261	0.00650845967455848
15529750	0.00179177921259773
15530451	0.0304829019239718
15530990	0.0127707745963887
15533071	0.00127396744603185
15535360	0.000138408225785877
15535380	0.000444479287712178
15536391	0.00834523964784351
15537771	0.000520063927409966
15538331	0.000610773483087708
15540890	0.00780330118212933
15541440	0.00206680533948094
15542311	0.0646386422719799
15542321	0.00196876018175088
15543131	0.000362780942166426
15543370	0.060032051259746
15547291	0.00290157176794741
15547770	0.00028617361754903
15548401	0.000234996834725632
15550690	0.000254428754104264
15552070	0.00241010402921034
15552780	0.00334592549574673
15553771	0.00151783761034007
15555141	0.000871044862870141
15555500	0.00674724373669707
15558560	0.000323942307917413
15558741	0.190062876902271
15559370	0.00232258471933816
15560231	0.0340725771613312
15565150	0.000322282158302908
15565840	0.00816264910711984
15565870	0.000721783667861137
15566851	0.00349243823804815
15567920	0.00431186293611537
15568490	0.0502757400341947
15569190	0.0158331167109432
15570120	0.00185325387386504
15570581	0.00246795502228419
15571271	0.013543540603133
15573471	0.00398869496527604
15573901	0.000394098992030452
15574430	0.0152607494236534
15576630	0.000265160505499419
15576651	0.000774793846584868
15577170	0.0142597530495324
15580661	0.00122740426093499
15580760	0.00453481656085219
15581880	0.000375749021415904
15583920	0.00179441285119311
15585501	0.00211964173141609
15586010	0.00294508772068482
15588880	0.000541313368234392
15588910	0.00222525502852047
15592801	0.00362427730755342
15596880	0.00248268837061973
15598441	0.000581153285529652
15599090	0.000821218758404521
15599701	0.000722740703176766
15600220	0.0086495312489346
15601850	0.00279164908812663
15604231	0.0040673047466355
15604470	0.00465100896168528
15605071	0.00142642834975639
15607630	0.0362353154386642
15608630	0.00101627657256495
15609061	0.000395703142255712
15609290	0.00115035211522254
15609590	0.000185754910043646
15610161	0.00387194262449997
15610451	0.00269019429730696
15610820	0.00138895177271884
15612340	0.000302866935983995
15613180	0.000223210890612649
15613700	0.0171821052800549
15615650	0.000880855325715445
15616251	0.0285729302030418
15617201	0.0687147642182988
15619131	0.00148978826947382
15619370	0.00183793218479802
15623561	0.00307728205221352
15626940	0.000305504351011629
15627100	0.0567358155127646
15627691	0.000121458433949468
15629730	0.00902639083868338
15631760	0.00354945065199366
15632910	0.00493081113410096
15633150	0.000698534060243705
15634000	0.00431579093990016
15634451	0.00100313366777534
15635490	0.00779501530609407
15636070	0.0103768727508179
15641310	0.00224096494540853
15642110	0.00326370944232243
15642270	0.000259074367859538
15642280	0.00175083051665396
15644740	0.000411618482012672
15648371	0.00142049351366329
15650700	0.000779066377753398
15651811	0.0024977533194068
15653201	0.000321085152930178
15653460	0.000391487271103165
15654970	0.00209842014304075
15655210	0.000266408160083781
15655640	0.00166880164348299
15655831	0.0367977531791169
15658010	0.00135565414046784
15658711	0.000293499312645843
15661191	0.00146641203797854
15665891	0.000475068998797354
15666260	0.00372266702262728
15666800	0.00248109348347772
15666861	0.00927108492752142
15666940	0.00101305845107658
15667770	0.00244418820036956
15668190	0.0113866533894521
15668511	0.000389401996373202
15668880	0.000263402849763712
15669020	0.000775579885820159
15670800	0.00271942064664285
15673201	0.000841029241500578
15673560	0.000510162957199251
15674280	0.00045005498150674
15674410	0.0099434817043686
15676101	0.00271031151997673
15676511	0.0129792420932014
15676641	0.000655364721113603
15678660	0.00489352394224819
15680511	0.000251239990837043
15680620	0.00359779874315853
15681840	0.0070868583972082
15684170	0.000500891608352433
15684350	0.000223334226719778
15687370	0.000834930643659392
15687620	0.0011562685058967
15688210	0.000202591739985452
15688610	0.000101679390111167
15691360	0.0067816599944132
15693420	0.00112014125097693
15693440	0.00153244302582787
15694021	0.000607020937466895
15694161	0.0020838932715022
15694311	0.00043690534844687
15694571	0.000349798998750683
15696771	0.000422286982071646
15699110	0.599042810368704
15699780	0.000428986424798193
15699811	0.0113917410646003
15700180	0.000321777883552713
15703790	0.00563339097706843
15704501	0.000968253320661944
15704600	0.0010084240827626
15705201	0.000398025862171355
15706970	0.000890536500079799
15711121	0.00124319839004162
15711141	0.000526859012131816
15711251	0.00112022396340013
15714380	0.000381674491041753
15721201	0.00129946074435061
15721621	0.00484488421888971
15722100	0.0187928748989039
15723520	0.00172905910726191
15723900	0.00266477596961715
15724381	0.00906705501927917
15724631	0.0012472518130555
15725591	0.0011849127837025
15725720	0.000475336193068429
15725970	0.000328590432910451
15726171	0.0170406905625681
15728170	0.000316178631565969
15728860	0.0300842530218161
15728911	0.00508844768163268
15729710	0.0131102744275357
15731111	0.000195091378198944
15731531	0.00312196082943485
15732310	0.00146957441372087
15732791	0.00122971558577031
15735510	0.013461928260829
15735531	0.00118688701678327
15736921	0.00218865040825089
15737980	0.00662471818050475
15738820	0.0025213955366911
15739510	0.00163746817946693
15739900	0.000166233238026224
15740470	0.00106097794539481
15743070	0.146416812415111
15744340	0.00112363971520358
15746441	0.00121573903450988
15747111	0.00056206559628049
15747541	0.0014392857480079
15747750	0.000254218831223865
15748211	0.00188426454253695
15749341	0.00045630297813554
15749430	0.0019852819863343
15752160	0.000156836218229635
15755500	0.0214033220630565
15756101	0.00154882151576758
15756491	0.00078275392401109
15758421	0.0494626082084093
15759811	0.000598662517883759
15760200	0.00146943413884116
15760491	0.000464235279393873
15761731	0.00215766365455893
15762410	0.00082341664882236
15763541	0.00496408575988587
15763890	0.000825644006508938
15764600	0.0404698976114175
15768860	0.000410901140916205
15770370	0.00128317663832461
15771200	0.0229743146862566
15771640	0.000308681956746628
15771681	0.00670669814059871
15772180	0.00744320919236412
15772651	0.000771224910891378
15772870	0.00484464210937173
15774031	0.0927535282982484
15774851	0.00127274541145807
15774971	0.00159617199324506
15775340	0.00176747940452343
15777430	0.000125332082628224
15779910	0.00996952989203337
15781171	0.000363030309585959
15782100	0.279691105806231
15782151	0.00376699087045651
15782841	0.000492025336795914
15783060	0.000804010746390996
15783370	0.00234378748940789
15783650	0.00162515747622065
15784200	0.000699793096032513
15784850	0.00104734106247209
15785270	0.00285795717367253
15785731	0.000447111993283585
15788580	0.0124235951907634
15789051	0.000718880749869518
15790660	0.000676065079189124
15791951	0.00194203370360139
15794660	0.00187454293232599
15795681	0.00186510796131913
15795740	0.00100815641321498
15796761	0.000377492274084273
15797061	0.0242167496367087
15798400	0.00439418720806499
15801680	0.00023759940613417
15801881	0.00809105644077086
15802640	0.00123701916370328
15806011	0.00344607797781318
15807230	0.000982869013776132
15807740	0.000468373814965654
15810540	0.000292979641686715
15813611	0.000526767270985033
15814820	0.00397217078076431
15816300	0.0011550884342805
15818530	0.000257599219052712
15818691	0.00195065886816055
15823490	0.000205512650484441
15823640	0.00121928826370061
15824891	0.000635435576843001
15826100	0.0020972553996443
15827531	0.000475614536186779
15837191	0.00125025115905467
15840061	0.00343213479644551
15841430	0.00297247312867413
15841810	0.000209711600249631
15844040	0.00493457778131236
15846971	0.0197246322760968
15847460	0.00246783549281059
15848720	0.000194627658826225
15848751	0.0108722953701286
15848761	0.00199801241152152
15849031	0.00197071980249717
15849311	0.210991749712044
15849850	0.000697272069309262
15852850	0.0154126177319088
15853570	0.00371555472887649
15853861	0.0023988450761783
15854080	0.00127494188814051
15854120	0.00474624938620239
15854220	8.06593744501809e-05
15854640	0.00135110797299595
15854930	0.000485928399847141
15856600	0.0439794146897792
15857191	0.000527448466182189
15857851	0.000562947823096591
15858541	0.00257610560290522
15861881	0.178834858287957
15863121	0.0131712514378016
15863190	0.000601675341799573
15870011	0.00582247487640151
15870131	0.091107550171288
15871111	0.0136681552639214
15872040	0.000437663558944931
15872911	0.013197958249101
15873881	0.0426223373755004
15875231	0.000349268671471793
15875360	0.0124443320823167
15875801	0.000326062000801748
15875931	0.000488083346241011
15877260	0.00748202596374865
15877410	0.0104956424813661
15877800	0.0164651001487006
15878910	0.00049310195676009
15879320	0.00091369245556975
15880611	0.00144416030662216
15882561	0.00500590634464639
15882821	0.0012037937087805
15884290	0.0010338389430419
15884621	0.00949968324461914
15885970	0.00370363868883517
15886260	0.00372352056347562
15886770	0.000970550820400227
15887220	0.000607406827944957
15887770	0.000258901087675537
15888840	0.0216511425743344
15891500	0.000257346242537986
15891931	0.0157249144027242
15893871	0.00115902079377478
15896290	0.00184896337185349
15897670	0.00136452664164895
15901400	0.000413983757004953
15901410	0.00133212523052439
15901461	0.00471792132323134
15905410	0.0130039411357105
15906650	0.00431430067653752
15908860	0.00064305227524024
15910800	0.000801827639944071
15911220	0.000404033422019737
15911231	0.000462031609543837
15911490	0.00148554384756198
15911641	0.00554923969885864
15911781	0.01104939016637
15912071	0.00198583052046988
15913441	0.0017990321865359
15913581	0.001390142547964
15914151	0.000360336112842715
15914701	0.00402368174042924
15914920	0.00243959201455001
15916491	0.0222135981752423
15916751	0.00974630091451509
15917110	0.00462302182116303
15919480	0.0421291066314588
15919511	0.000358758489601848
15919740	0.000390226872756084
15921550	0.000593983035992581
15922910	0.00135711806506699
15922961	0.00629859072644242
15924600	0.000367919086392653
15924840	0.0443640920827893
15925550	0.00777610773725591
15925861	0.00184912655383229
15926940	0.00367317274744685
15927241	0.00202885046226326
15927330	0.00291819960347152
15927460	0.000530149968344077
15928440	0.00852388645511587
15929041	0.0233759271783718
15931391	0.000289675336718721
15931910	0.000262478762120259
15932420	0.000609866145285859
15932970	0.00541732444368421
15934780	0.000793391817031096
15935091	0.000434355946629208
15936030	0.00183714492692066
15936061	0.000465876762292132
15936990	0.00124189755760205
15938421	0.0996480413425157
15938800	0.00687257771598353
15943630	0.00145822463782292
15943931	9.85729059848586e-05
15944341	0.00153239268385491
15946630	0.000108319697693747
15947630	0.000547425458226361
15948040	0.0392302395422935
15948331	0.00107479956363369
15948901	0.000380838181729593
15950531	0.00153745249196704
15952980	0.00111119895437193
15953700	0.000902216169748106
15953851	0.00220163368588366
15958121	0.000734960753897634
15960570	0.00149604997496097
15963921	0.00304647906049283
15964351	0.0151572028897535
15965011	0.00174125941239289
15966240	0.00358297387550747
15968290	0.00233094367527338
15971200	0.0151815728614654
15973591	0.00149800231831284
15974770	0.011142623575141
15975221	0.00303012791143672
15975501	0.000537063159337727
15975771	0.000212748647989819
15978961	0.0016868410735788
15979921	0.0126667258245459
15980191	0.000453343572382585
15984860	0.0128061460900556
15986650	0.0011592453554996
15987450	0.00126060710378759
15989301	0.0008236421471774
15989830	0.0182927961037493
15990780	0.0169137425405939
15992580	0.0148309647620349
15994780	0.034248446835333
15995101	0.00048285145399787
15997680	0.00256951715646043
15999781	0.00590258496881259
16001380	0.000287377637165781
16002251	0.00368178232505885
16002691	0.00673699341371215
16002780	0.000652294530701051
16003091	0.000222093571831892
16003241	0.0150494275873178
16004020	0.00104886116272563
16004181	0.00480554938344319
16005280	0.00563126595886393
16005400	0.000890893445513752
16007880	0.011503997257901
16011501	0.0022847860305705
16012181	0.000517573623113638
16012990	0.00201282766323198
16015081	0.00512412348141737
16015610	0.00180046204206133
16016580	0.000396734133680354
16017820	0.0280217682207317
16018370	0.0555901789982549
16019760	0.000453463860281914
16021550	0.000686730476156307
16022500	0.000782557809351171
16022930	0.00952272063463047
16024481	0.00420554176009091
16024580	0.00052933700260506
16026811	0.00497340394394236
16027781	0.00153536898343032
16029171	0.325430270908091
16030271	0.00305100086356432
16032621	0.00239416306192927
16034121	0.00304456478706407
16036601	0.000988466954682253
16038790	0.0134451325501317
16041920	0.00178212164652048
16041991	0.00064209699837313
16042900	0.0765352857723569
16045151	0.00143184155109789
16045431	0.00636937411505485
16045691	0.00330770228087057
16045841	0.00939005337533465
16046490	0.02090398735471
16046801	0.00143710564199936
16047740	0.00480207266952964
16048451	0.0113216760431723
16049421	0.00220269326104657
16050620	0.00718557424069382
16051231	0.0124434646022129
16053561	0.0204683727525691
16053691	0.000721803121985809
16054480	0.00102443197327958
16054661	0.00948661444132218
16056331	0.00399906501488314
16056611	0.000634658749849014
16057021	0.00366037842960538
16059170	0.00047434989702599
16059631	0.00185720761403985
16060891	0.0476038223258945
16061130	0.000261156628619942
16062490	0.000589716213128814
16064150	0.0012683479759883
16066200	0.00203877435989679
16066500	0.00115121195633888
16066531	0.00198376154681731
16066941	0.0042365813373177
16068731	0.000520975698375079
16069370	0.00031414368374428
16069950	0.00168717043758632
16070750	0.0018351353961389
16070890	0.000503724244897271
16071211	0.000647929852130263
16072820	0.00214311624047161
16074251	0.00489683742445886
16077380	0.000700571267082603
16078210	0.00527432890832791
16080140	0.0027207006272515
16082101	0.0008479763166194
16083340	0.000295598514667029
16084171	0.000560756469782815
16085500	0.00191848214515149
16086521	0.00129927657480479
16086681	0.00461274690312678
16087430	0.000404178011265806
16087771	0.00137063520481189
16087880	0.00973909282408985
16088950	0.0142876992262979
16091040	0.00487726019288007
16093510	0.00175020977988456
16093691	0.00044601199913952
16094920	0.00687491833782417
16095091	0.0143708395497839
16095870	0.000764703280098425
16095921	0.0790819720789429
16096290	0.000759392085642498
16096400	0.00171468712413159
16097421	0.00417534251622274
16098740	0.0150415539301898
16099570	0.000507638977500591
16101991	0.00143889184225137
16103361	0.00146101355608638
16104741	0.0614290172674521
16105520	0.00882575861068056
16106070	0.00126178215495968
16106360	0.000398039947732889
16106370	0.00385200166604475
16109500	0.00187149074407263
16109841	0.00268566909531905
16110340	0.000217968557933735
16111901	0.000945796413715621
16112140	0.00406992609843837
16112430	0.000577937058803046
16113301	0.00366436889506162
16115361	0.0430539790477339
16115750	0.000753813650902655
16115880	0.00993658024173867
16116810	0.000497756679540155
16117431	0.0111061832535579
16118661	0.000230902820191335
16118811	0.00337856470088912
16120020	0.000325485921223148
16120041	0.0332582047672051
16121220	0.00469988303246237
16122190	0.00387803745579056
16122401	0.0341800670802088
16122640	0.000606075517254963
16122951	0.00721994020106688
16123850	0.003711805083255
16128400	0.000107900963514596
16129431	0.000174334594523532
16130900	0.000340090059973258
16131990	0.00730244035681541
16132850	0.000341655848264387
16134880	0.00111033803915496
16135180	0.0513929956095455
16137370	0.00229421749211126
16140390	0.00117196965096985
16140560	0.00121848235585953
16140741	0.000285144160670074
16142320	0.000921464004991109
16142511	0.00194808205293818
16144031	0.000260971447281127
16145380	0.00136776483734526
16145510	0.000218405376008231
16146231	0.000425107260345408
16150210	0.000524511944923575
16150610	0.00101556681021314
16150760	0.0204710319988655
16150801	0.000456280432925584
16151751	0.00533098337091283
16151761	0.00170362947463076
16152721	0.00144780676700979
16154090	0.000460406282271041
16155010	0.00165352503110899
16155201	0.00144878496436056
16156721	0.00043749878352965
16157120	0.0194639985175823
16159201	0.000377124249768171
16159611	0.00177416110400055
16160260	0.00100353631484029
16160670	0.000852662470792026
16163071	0.0351003440141284
16163430	0.000336989150242617
16167221	0.0664294228767419
16167911	0.000344834884818212
16170180	0.0421694743067175
16170371	0.00459410552311558
16172000	0.00010996429755797
16172021	0.017532925989581
16177370	0.00442771133237351
16179481	0.000298814357835525
16179590	0.000691288104836936
16181780	0.000240004655820098
16182091	0.043612990547632
16182391	0.0456122022527088
16184690	0.000353817475954442
16185971	0.000623355583782542
16190610	0.00471473697554724
16191280	0.0299080633955638
16192871	0.000378159951993376
16193951	0.00029885720607063
16194231	0.00101149364118467
16194360	0.0136802600354684
16195590	0.0255556220873837
16196591	0.0223833903019006
16199071	0.00195555303804961
16199751	0.00135540961417416
16200031	0.00182235339528696
16200130	0.00291725355824814
16200260	0.000363568107007614
16201900	0.00047965162377859
16203751	0.000591651105943834
16206320	0.00103384200916673
16207081	0.00442939729426144
16209360	0.000148274106970526
16210050	0.000548974306347538
16211071	0.00307231959161297
16212461	0.00130378367292816
16213510	0.000594397094741931
16215351	0.0118829315198758
16216110	0.00376928450973966
16216410	0.00167327165338945
16218350	0.00203038577643716
16219341	0.000182303718044258
16219730	0.0140268912286203
16221070	0.00260557631432407
16225770	0.0152250814255978
16227201	0.000786445796776643
16230050	0.000689110007902443
16230661	0.000706393317885013
16231030	0.0095594891403807
16231320	0.000441855723951324
16231351	0.00148858516298728
16233070	0.01149419766801
16233770	0.00139543744891047
16234480	0.000724567984871264
16236140	0.00173892853499122
16237080	0.00041381956916607
16238101	0.000867194693478431
16238661	0.00194311987435293
16239140	0.000282363246382726
16240431	0.00123001937342713
16240441	0.00433696598803723
16243720	0.00131886399854599
16246740	0.00167577301832434
16248151	0.0104338811228355
16248970	0.000150422956823845
16250040	0.00032819637655364
16251580	0.00059611022735913
16252171	0.000260515612188892
16253220	0.000149564553114257
16253671	0.000386847176316937
16253800	0.0050934003592842
16255450	0.00585343632908645
16255570	0.0124829013173827
16257070	0.00263805598614119
16258600	0.0377886582471735
16259461	0.000593437122096421
16259741	0.00873804496889175
16260270	0.0168731872127201
16260400	0.0038873475539278
16261281	0.00941646027583364
16262190	0.000349295377925549
16264280	0.000665298652007264
16265510	0.000288521844932497
16266310	0.00235666505474679
16272851	0.000252659018194833
16273380	0.000324189024987625
16274350	0.000278321161904104
16274580	0.0258525622347094
16274900	0.00246844592341003
16275550	0.0247078041921917
16275690	0.0374686784714922
16276790	0.000372600411291981
16277520	0.414429292574658
16279310	0.0376323640657301
16279761	0.00527523092382279
16280260	0.0051338464475682
16281671	0.00177188099549029
16282340	0.000325244371884507
16284000	0.000368175977812952
16284800	0.000402071721291777
16285121	0.000223551804928149
16285370	0.00244842751189258
16285520	0.0118512771030651
16285650	0.00504196585066228
16286180	0.00106910420047085
16286750	0.00150249623934931
16286880	0.00926620227049203
16289340	0.00177693551041798
16290491	0.0117907480408021
16290651	0.00971022929216435
16290880	0.000369470031370557
16291071	0.00398688581556401
16292930	0.000225671296716126
16293780	0.0200326913348863
16295700	0.00133152838082124
16296161	0.000262718099863877
16296800	0.00275072006910478
16297200	0.0105753535648695
16297251	0.00197474811475621
16297900	0.000901683673807999
16299580	0.000417796143815458
16299871	0.00118418967671997
16301220	0.00250987583482201
16301350	0.00102112870445023
16302050	0.0274952721583687
16306470	0.00399809581212797
16306501	0.00576331826958025
16307741	0.000446670692338371
16307881	0.00144305974301628
16308140	0.00248232479602873
16309500	0.0030739982392716
16310040	0.00362090771384849
16310081	0.00161702046117469
16310330	0.000387157486469782
16310931	0.000294130144437306
16312721	0.000254303807381411
16312790	0.00796709282906053
16313510	0.00761378333809032
16314190	0.00155788822738171
16315010	0.00207568821625614
16315300	0.000715642124526433
16316120	0.0291820049561133
16317380	0.00183939801774446
16318200	0.00404202901868498
16318771	0.0332646362600028
16319700	0.00167450847565226
16320721	0.00219506213471839
16320820	0.0173607141619761
16321230	0.00227320865939184
16323540	0.000631394807083294
16324031	0.000278375704015442
16324141	0.00130407533712256
16328950	0.000107461609290485
16329080	0.00111161813705324
16329121	0.03875802613505
16330351	0.0462430694021318
16331840	0.000343497632023058
16332281	0.0146591522990283
16332851	0.000277007814062414
16332950	0.00496467534939829
16333100	0.00101297462343385
16333770	0.01131932291658
16334211	0.00192717075036951
16335820	0.017358033044561
16336680	0.000618643978550075
16336691	0.00356074182767451
16338190	0.000525563573808992
16338491	0.00188968627509071
16338610	0.00789364032029986
16339550	0.000857327533522076
16339591	0.000221913900780292
16340410	0.000227639223278206
16340421	0.000416490197258894
16340991	0.00114932078067804
16342351	0.00161971665046061
16343980	0.000991455838997511
16344090	0.000778604693085732
16344930	0.00592618401362963
16345080	0.000339108297512898
16346170	0.00699620359162396
16346990	0.0157897535403242
16347891	0.0180795722855543
16348100	0.000273990001024583
16348981	0.010598534768783
16349230	0.00142313319528392
16349500	0.00130822113221122
16349671	0.000281077979880422
16350470	0.000332322700852329
16355191	0.00146000406821774
16356400	0.000353475420097153
16356650	0.00213491745286304
16357121	0.167931489270842
16357961	0.000473209916144807
16359010	0.0100573391529692
16359041	0.0372108584756936
16359451	0.0117832910003443
16360920	0.00569349280090752
16361811	0.00785714231514409
16363150	0.00221303023690649
16364130	0.0280446303360418
16364431	0.019359000459874
16364820	0.0182084676049251
16365951	0.000529393880320157
16367270	0.000289221900741582
16367710	0.000624788858696144
16368810	0.00144495644356587
16379420	0.00415986856547398
16380110	0.000784898828736203
16380711	0.0232219116964586
16383560	0.00287168920709694
16383680	0.000260638282881108
16384571	0.00363891949833724
16384981	0.0112748945534055
16385780	0.000449529903625576
16386231	0.00609537039514683
16387430	0.0347623917271696
16388151	0.00172840962638355
16388561	0.00211411871538331
16388950	0.00280865850203477
16388971	0.000967980938962515
16389391	0.000219425909475377
16389750	0.00948856910640266
16389900	0.000344705531008667
16391120	0.00563122770051032
16391400	0.000471530980773703
16393880	0.00474941853345582
16394880	0.0159170554421819
16395980	0.000347782751715909
16397941	0.000339748684607205
16400790	0.000990405732124636
16401811	0.00286020220369622
16402320	0.00226490063667685
16404810	0.000244208925035682
16405600	0.000319090455221732
16405661	0.000977397025994737
16407461	0.0919331611317815
16408011	0.00386593139575234
16408971	0.00122909751282084
16409241	0.000767020924972315
16412930	0.00272239519012251
16413401	0.00154659196854645
16414580	0.257944667592795
16415461	0.00258747852147115
16418600	0.00316883690013396
16419260	0.00405907364349518
16421121	0.00153674229402657
16421500	0.00932626048615743
16422501	0.000418304609880123
16423140	0.00684676009179691
16424240	0.000289775171836796
16424360	0.000390792254651276
16430361	0.000424157929842276
16432220	0.0200497002098085
16433200	0.0106620873744277
16433600	0.00410168082036132
16434901	0.0014650645101892
16436230	0.000398718246746319
16437531	0.000518071343285336
16439130	0.00084344659894132
16439290	0.00162451148640463
16439530	0.00380345578235464
16440841	0.000436739515651037
16443690	0.000231091831851008
16444640	0.000152868739979294
16447280	0.000176024784666618
16447670	0.000374959388222853
16449801	0.00134860596594613
16450310	0.000812124463087991
16451540	0.00324112200156252
16452281	0.0112432921931253
16453511	0.000516954777737502
16454150	0.000580685806490234
16454201	0.0434909962736791
16454501	0.00396652856608589
16454870	0.000420857613048595
16457760	0.00021739247216028
16458180	0.0135488912132516
16459451	0.000906507720719801
16459731	0.0622204243199893
16462361	0.003560758369868
16462761	0.000534476934210973
16463461	0.00263021168916429
16464831	0.000351091835519283
16464950	0.000287992051257511
16465220	0.00431144868609213
16466710	0.000398415476789719
16469651	0.000283240464026696
16471140	0.000545327310375632
16471721	0.00167456700596233
16474980	0.00018745115530719
16475420	0.00023768816913224
16476120	0.000712732675741003
16476411	0.000173341516237999
16476630	0.00653546080835278
16476981	0.000366312647286307
16478061	0.000369177043499998
16479571	0.000153095521446248
16480770	0.000589038469703623
16481490	0.00107550101863389
16483670	0.00290859759142123
16484411	0.0195935065517982
16485360	0.00531119147369287
16488281	0.00950662261378319
16488500	0.000290408571732359
16488770	0.429628797199977
16488831	0.000778817802269971
16490611	0.00537883458392492
16491410	0.000891541663407469
16491840	0.00232826617481926
16494310	0.00350829488835803
16497511	0.000280971346334495
16497521	0.00669569695096641
16498440	0.0038309491503532
16498761	0.00449946650076385
16499591	0.000701186665533005
16500380	0.0126288263353065
16500670	0.010354826500747
16501921	0.00202622422194251
16502211	0.00166111590299454
16502720	0.000519203920323231
16502901	0.018295977345433
16507680	0.00705498737808832
16508961	0.00572636665458964
16509450	0.00396224229693578
16509590	0.0019898671593951
16509661	0.00718046707748008
16510331	0.000933136336834329
16510420	0.000737045953217832
16510450	0.00277243938985548
16510491	0.000279858987647705
16510850	0.00173482678101786
16511010	0.000257327259584291
16511571	0.00104008322123404
16511731	0.297543632691977
16513921	0.0247932728963166
16516390	0.00176311154931932
16516530	0.000243599752370435
16518081	0.00410892280285485
16519410	8.78323943858954e-05
16519970	0.0224653037252625
16520971	0.000544505492466323
16521890	0.0278924589753305
16523291	0.00026756347471403
16525760	0.00128777989474627
16529231	0.000515313516539596
16530000	0.00971386375173705
16530051	0.00022051634886762
16531431	0.0119272127208478
16533241	0.0219900710498983
16534450	0.0222592377785606
16535441	0.0142612117709138
16536811	0.0102001808493201
16537050	0.00235068559115739
16537470	0.000387500726131133
16538351	6.51419685179505e-05
16539930	0.0045568459394415
16540411	0.0169897396424509
16540421	0.000561344097339416
16540551	0.000385801939548749
16540760	0.000448746521357142
16542071	0.000420023137541703
16542331	0.000319982173211321
16542341	0.0511333488986012
16542611	0.00124270937863759
16543010	0.00219914591768547
16544811	0.000435902411855505
16545870	0.0279528573034666
16547011	0.100741343789032
16547161	0.000881935355330794
16548080	0.0149557504247511
16552220	0.0027716488242716
16552350	0.00532869083802045
16554830	0.00127743699098511
16554990	0.000334493090680321
16556760	0.000248527868377126
16557600	0.0124227943374343
16558440	0.000287591885409289
16559140	0.00150974285885495
16559701	0.000408354097121134
16562601	0.0146491479851269
16563100	0.000221554558013105
16565931	0.000275161215255209
16566840	0.000132147582537517
16567431	0.0106184486722549
16567571	0.0011472877349192
16572340	0.0013877085025704
16572531	0.000422577991298069
16572920	0.00209933684403505
16573740	0.00306374752937858
16575301	0.000984221515341999
16576271	0.000429778225412704
16577931	0.000506233667970072
16586481	0.00414364028333749
16589480	0.000756031696279261
16590970	0.000462220937721096
16590990	0.0422303220199496
16593610	0.000996419052948905
16594580	0.00868189864562987
16595820	0.00325073336371332
16598071	0.00927454803231665
16598970	0.000928071233225316
16599100	0.00158653372980674
16601900	0.00160016703078893
16602700	0.00436857322689077
16603670	0.000239186099803157
16605211	0.000750919791315461
16605931	0.00479974417553122
16606860	0.00319644328628148
16608100	0.00413579032300513
16609190	0.0115965234585342
16609720	0.000322759175108772
16609730	0.00125234695298659
16611930	0.00208215253954587
16612500	0.00162720320229566
16612941	0.00394049373430568
16613180	0.000330680962700321
16615281	0.000279563861695808
16617200	0.00512803623607138
16623920	0.000786863973955134
16624111	0.00558130605334177
16624350	0.00040572297270185
16624391	0.000935015844650702
16627510	0.000195040983953493
16627841	0.00340714978612432
16630030	0.000288134923506909
16630201	0.000298423030279208
16630980	0.000376425091315835
16635841	0.00151847526220844
16637720	0.000299911320582554
16638871	0.00612946893626459
16639100	0.000189202699328137
16640360	0.00611766816766855
16640951	0.00351945496557127
16642601	0.000537217744945446
16642680	0.00164097592726538
16643301	0.000389359226048091
16643581	0.00940660947478434
16644271	0.000209340802408428
16646201	0.000413142658478072
16646280	0.0036187204026647
16646680	0.000966213588604112
16647380	0.000336801031551514
16647540	0.017964134034021
16649071	0.00205434916767826
16650201	0.000542679915879501
16650311	0.013672961836701
16650440	0.000993672074565418
16650710	0.00188030155508932
16653170	0.00566432398463845
16654820	0.0018325064385428
16656350	0.000235171338652699
16657750	0.000543862878804218
16658280	0.00479755606434366
16662580	0.00187390478350538
16665600	0.00130001860640898
16666171	0.00172572168401779
16667100	0.000127427596348758
16667790	0.000213054172769387
16668080	0.0077250524644336
16669170	0.00389368888385957
16670540	0.00014734529623368
16670840	0.000383342902893309
16673231	0.000432171216667364
16673460	0.000573015369567753
16674430	0.000484291396787018
16677231	0.000543161005011021
16680381	0.0003005876398618
16680770	0.00126457189103896
16682420	0.000648532952118515
16682461	0.00037218256991669
16682751	0.00276105849458943
16683100	0.000777807471594062
16684750	0.000206306068588591
16686440	0.00034977027872847
16688101	0.000615318329488126
16688241	0.0397490894617553
16689050	0.000393639121442327
16689180	0.00163715953447727
16689740	0.000381262889655802
16696401	0.00744671600754526
16699021	0.000383337965119171
16699650	0.0547283078299945
16700811	0.000853249536932071
16704060	0.000758574698290999
16706670	0.000706282794952151
16707281	0.00272989493939307
16707961	0.000888210232421186
16708671	0.00118170601038718
16711770	0.00155903821952858
16712740	0.00496468371172959
16715271	0.0162967713917471
16715411	0.000367330407407207
16728770	0.000127063973442838
16729211	0.000348429958962565
16765320	0.0229470758675157
16782690	0.00183827304593369
16838120	0.00130167363881259
16947111	0.0115706686112411
16964610	0.00088022451208293
17000641	0.00144805839759126
17020040	0.011558152184921
17031261	0.00966372773225492
17114930	0.000524287555421703
17125451	0.00312759963603189
17199081	0.000538298957731206
17205120	0.00280779022330695
17318791	0.00179252639002208
17321950	0.00344788363721395
17353090	0.000378638957082786
17398050	0.00388478842694084
17427881	0.0458507274978338
17515850	8.35701701190604e-05
17563130	0.000166813606175155
17563280	0.000981753168063711
17572380	0.00171301252939702
17665360	0.00570119661895648
17697760	0.00110396083299011
17713661	0.000542897719714216
17719011	0.0104012316827102
17773190	0.000276019904914633
17850950	0.00834047563872618
17881320	0.000213754860745546
18010000	0.00190700274036756
18015541	0.00119262599157918
18053170	0.00857419578748296
18110031	0.000432004190599197
18184740	0.000429805238176777
18186120	0.0119906018116145
18271470	0.00236403496802893
18327730	0.00367727942713819
18350630	0.00741124676148197
18384140	0.0133864213896583
18404410	0.00073619266337898
18449360	0.000734538791103504
18502391	0.000269689132412579
18516800	0.0124986850702117
18576861	0.0172562515940039
18582740	0.0406718336501422
18590350	0.00763918828027714
18608830	0.00455818190133949
18619420	0.00399680803715977
18723270	0.00160310476481142
18797941	0.0196258706962944
18819021	0.000426238494859585
18838071	0.00138507001591216
18842471	0.00271685765143443
18889870	0.000185892004828161
18942601	0.000816389691413758
18946020	0.0110426570632892
18951960	0.00238783098331866
18971370	0.00313092444117287
19006130	0.000350137470739276
19028350	0.00184943350315283
19040890	0.000354407500572505
19068890	0.0631030300174624
19075800	0.000621134807242794
19090690	0.0131813594570952
19186650	0.132417646933422
19194130	0.00218359977003216
19216890	0.00194530300914311
19330271	0.0109391885523659
19336470	0.000407724462657168
19337540	0.000360013664062242
19349881	0.00351842450431246
19359101	0.0595428664460902
19495030	0.00155649622175256
19546240	0.00187272229746156
19569510	0.0167473598655427
19684280	0.000292856922295782
19737080	0.000288154600410896
19750870	0.0022438384144989
19905500	0.00467492435347848
19925121	0.000385941890869732
19950501	0.00468686383121134
19956360	0.00108208928995877
19993760	0.000781685969749736
20086871	0.000340232764800536
20150451	0.00211738454989437
20153340	0.00341262752494366
20175660	0.00391853789084782
20185771	0.000313243937289475
20187100	0.000552104334654223
20188651	0.00018299810588041
20189071	0.00652419146461655
20189351	0.000312324950759523
20190031	0.0114319108203161
20192900	0.00256543012853917
20192920	0.0161531734621888
20193730	0.00149685169315197
20195421	0.000506249508338743
20196060	0.417964169188896
20197310	0.00035301855051766
20197590	0.0810025279711324
20197850	0.0341697692720525
20199011	0.0025224709587751
20202550	0.000437925819636245
20203411	0.011418045052101
20204391	0.00115879585161728
20206990	0.000311248452796989
20210280	0.00100221348451702
20212890	0.00174440227688266
20214741	0.000310515113982495
20216261	0.00021607002853625
20218970	0.000255045134148558
20219100	0.00453720352068651
20223021	0.00187773759629118
20223141	0.000368287338158183
20223650	0.00153269077069453
20225710	0.00239136786018275
20226731	0.00029006326786934
20229061	0.000207849042289962
20229430	0.000534885924059083
20229611	0.00896318627366832
20230311	0.0609877994617068
20232111	0.00677415975759755
20233870	0.00186948350339087
20237740	0.000466981264793582
20241030	0.000330615469022884
20245201	0.000802721483867473
20246301	0.000344335319130199
20250591	0.0055059152223187
20252630	0.00836352480420342
20252801	0.00682071685528557
20253061	0.0014846605582472
20253580	0.0010100037691537
20254420	0.0216101469737834
20257081	0.000152654970217635
20258171	0.000603983321938758
20260521	0.000666090906189973
20260890	0.00155764282289689
20261190	0.000214256667272555
20261580	0.0225710521476395
20263100	0.00228949254580007
20265600	0.034615876149292
20266120	0.00430692051037038
20266991	0.000118123232956134
20267260	0.000348744432408521
20269351	0.000394370258214737
20269720	0.000350072076538814
20270461	0.00937035196924
20278410	0.000365371863359159
20278581	0.000864835715462979
20278660	0.0263254716626381
20280091	0.000671657645042047
20280770	0.000372990943991991
20281071	0.003658717481106
20284890	0.00413941542912869
20285891	0.0112633101029513
20286700	0.00166227110408132
20286731	0.0184707621446556
20287961	0.0104872995466686
20292750	0.00258133595028642
20294431	0.009784878920662
20295780	0.00050913859587723
20295900	0.000965376870958791
20296060	0.0275931083407687
20297061	0.00412603091420373
20297840	0.00736769571082629
20297870	0.000317612845532131
20299390	0.00226629634228987
20300220	0.000316035091948417
20304931	0.0398583099714985
20305081	0.00369033827918989
20307001	0.0126313187924485
20307350	0.000664905612924597
20308340	0.000985434410638635
20309611	0.00104158084289306
20311520	0.00077586201768382
20313491	0.00151463316044251
20314311	0.00104903957425595
20315650	0.000358337930296871
20316210	0.0455828163164958
20316921	0.00101162627859848
20318530	0.00335539432915503
20320931	0.00423588125934009
20321850	0.00677666277642854
20322400	0.0354351711662645
20323520	0.00131074407014918
20325590	0.000456720006988448
20325631	0.00229194681706077
20329020	0.00695018564559497
20329420	0.00393680110613371
20332070	0.00165754345134641
20332361	0.00747477212356496
20332801	0.0100411298160462
20333010	0.00208455783623002
20333300	0.00278489563088702
20333440	0.000429072066798835
20333570	0.000220304709308826
20336350	0.00211440467569542
20339940	0.000278524653843187
20340450	0.172491744215145
20340781	0.00135991466425164
20341550	0.00483382698057159
20342410	0.000431476714937546
20349000	0.000557414579932827
20349611	0.000295565213144624
20350591	0.00808993569018058
20353310	0.000325161949398498
20354110	0.00711855672658614
20359281	0.00529934354785897
20360730	0.000237430030968137
20361160	0.000133991203791627
20361410	0.00024569260967252
20362110	0.00123734806772062
20363790	0.000260244624137454
20365201	0.000612328687723951
20365310	0.00788775356808781
20365710	0.00337518678768935
20367920	0.00554077882107574
20369300	0.00326155943324319
20375090	0.00249713534696263
20376890	0.00235634556827259
20377170	0.00253909244677867
20377290	0.000200567515421847
20377751	0.00124169934226501
20380860	0.0143609486629147
20381860	0.00569160440242055
20381960	0.000470631823939454
20384210	0.000583158794123898
20384600	0.000407472925576723
20385700	0.0151728910250682
20386410	0.00243976029752948
20386790	0.000295673244911227
20388330	0.00219824626976823
20388460	0.000995070162178958
20389331	0.00015756966546973
20390971	0.00766328776048471
20391681	0.000104801235155959
20392740	0.0109226997451648
20393461	0.0111390016307734
20395240	0.00141819334278674
20395401	0.00166230283578856
20395790	0.460532179034873
20397290	0.00103998402128335
20397700	0.00205255920817106
20397820	0.0313687528962412
20397830	0.000836922721117976
20398550	0.0097435483341768
20399240	0.00353310179317922
20399480	0.00377798069749284
20401201	0.000863792737936406
20401731	0.00409980533222926
20402281	0.000322386515421297
20404081	0.00199456177211693
20405591	0.00448746301307935
20405980	0.00288219010700323
20410711	0.000308239212666572
20412610	0.0035524246656858
20413601	0.00137423386511747
20415750	0.00226022837355781
20415790	0.000837752781610594
20419681	0.0666577112757221
20422960	0.000359594068413982
20423610	0.000844622914698556
20423620	0.0045723691226959
20425540	0.000748964887124387
20425840	0.00125572692386875
20426861	0.00038728391634088
20426920	0.00190662880929348
20427640	0.00559109160579211
20427760	0.00217107642726953
20427821	0.00110251636095225
20428160	0.00363378577383481
20428580	0.00392345824764402
20430021	0.028384295821002
20430400	0.00031157531077342
20431801	0.000316287131434436
20433591	0.00248044897911136
20435121	0.00162126914806476
20435681	0.00170092264881893
20436231	0.000220193440160642
20436501	0.000550011585043205
20436511	0.000799892910844606
20437181	0.0132810373377006
20437540	0.00253738875216214
20437611	0.017100004418488
20440211	0.0636244262603708
20442800	0.0153288762029311
20444870	0.00090963571176771
20446021	0.00503178771045397
20447401	0.000186651411597392
20449041	0.126006873596065
20449970	0.000433715204337683
20451480	0.00114146109274072
20452710	0.00391334578205903
20452730	0.000671655473338601
20454410	0.00261927262165191
20454520	0.020623903038639
20455531	0.0162743005156464
20458120	0.00683046092185757
20458270	0.000248694647417476
20458851	0.000283365519870133
20461830	0.00182223044495583
20462260	0.000268841716308179
20464901	0.000663002922514543
20465331	0.000605917858038943
20466680	0.000315132004628309
20466940	0.0136912835409423
20468221	0.00134377453514334
20469150	0.0112963024728486
20469280	0.000359727686398514
20470670	0.00229447174501338
20474250	0.000291749431720598
20477680	0.00486259063426991
20478950	0.000925650537836264
20479190	7.18801451959204e-05
20481031	0.000456641601690003
20482141	0.000701529584087416
20483910	0.00143752439360402
20484880	0.000311836554196173
20487060	0.000325130120042243
20489150	0.00210202174942686
20489601	0.000447767342187491
20490510	0.000506237918698795
20490930	0.0155159207008791
20491090	0.0020445742695768
20492621	0.00111190624790995
20493400	0.00674591886829627
20496310	0.0155005324244562
20497530	0.000408146305544374
20501160	0.000791478182861695
20506961	0.00264818915859388
20506981	0.00366405688664154
20508190	0.00204842561145167
20509331	0.00225607577599088
20513810	0.00191685134051278
20514431	0.000755447566233748
20514800	0.000580059279554366
20516700	0.00822037717260933
20517881	0.000375347823704903
20520761	0.000845702796643398
20520840	0.00870267897928096
20521451	0.013348624905469
20521601	0.00107799071912753
20522100	0.0910299985461345
20523330	0.000704175470620664
20523401	0.00238112650822294
20523470	0.000932729853316319
20523651	0.00198178967148683
20524570	0.0955705262833034
20524700	0.000324720824132292
20547210	0.00609056578053333
20549171	0.000405826507472764
20551610	0.00176968508178897
20553140	0.00525461137234547
20553861	0.000299749547497746
20554380	0.000358371759870403
20557420	0.0108597745951144
20558131	0.00139879419958697
20559870	0.00307212280380028
20561321	0.0016380804069148
20564341	0.000405024885846335
20568460	0.00167631449887942
20568901	0.00107878257880676
20568980	0.000281648534955541
20570821	0.0327259367538941
20571320	0.000234393916835009
20571750	0.00208733377217437
20572341	0.00511455169018768
20573840	0.0026117512122165
20579501	0.000633127273263095
20580611	0.0025257688720207
20581000	0.000557671907386878
20581321	0.00578480066282594
20581950	0.137154133507983
20584061	0.0453048931139073
20586940	0.00215375562462529
20588030	0.00693961523843902
20589820	0.00035216552464191
20592191	0.000356475627855226
20599770	0.000681309916132228
20600150	0.000665363222876681
20601571	0.00706456156257321
20601871	0.000499274592012642
20601940	0.000449293229746511
20603350	0.0209986252880834
20605150	0.00152127405266739
20607381	0.000141285903598453
20610110	0.00352896749554132
20610910	0.000669759416050506
20612700	0.00144031001821494
20612751	0.0125193522804068
20613410	0.000803900965058188
20613451	0.00259331197517719
20614940	0.00217054735694182
20615070	0.00411651967773813
20615590	0.0443481190858049
20616211	0.000245004050319129
20618210	0.000324230722365309
20618681	0.000344830017163946
20620071	0.000162045744403334
20620560	0.000323619206248831
20621981	0.00125079815653686
20622640	0.00213167359661695
20623750	0.0179736727028124
20626411	0.0123749175363876
20627651	0.00040685831530894
20629010	0.0051506728072917
20629280	0.00466605357383252
20630800	0.000226356710975303
20632020	0.000290553710099152
20632290	0.00262292044670773
20633390	0.0427464846457855
20636280	0.0019269752447104
20636420	0.000242720369961898
20637181	0.0013127088706024
20637701	0.0270749593522949
20637731	0.00717393667026105
20638250	0.0578248894549481
20639241	0.000562216840735283
20640990	0.00184938779020453
20641301	0.00350960931357935
20646340	0.000364106824184617
20647221	0.00092258441446155
20651460	0.00755244514769218
20653260	0.00039501298233486
20656051	0.00132499648712821
20656191	0.000494357661915889
20658681	0.00601585668671099
20659890	0.000315794682445526
20660181	0.0461251503712461
20660280	0.00274726032670109
20660570	0.00145388276672586
20660901	0.00102332365910045
20661800	0.000416660710471828
20662930	0.00121043563373507
20666780	0.000794494721850313
20667791	0.00297306339595918
20668270	0.000406426196769176
20669540	0.00632458777379053
20669940	0.120090500976206
20670531	0.000492470157637622
20673171	0.000166107836788316
20673400	0.000156289879292613
20673861	0.00749953517935257
20674100	0.000272011767758022
20675381	0.000742446489193657
20677130	0.0557168626085719
20677311	0.00179766655082425
20677431	0.0113966544158438
20678660	0.000370741073708157
20678831	0.00735473754873672
20680041	0.000450674945811528
20681550	0.00102837619815358
20682111	0.11936336512919
20682900	0.0160526956445441
20687221	0.00175885353946528
20688461	0.0033586226131361
20690391	0.000575540600090741
20694401	0.00111603426126864
20695371	0.0012003519052423
20696440	0.000500986100668628
20701790	0.0108978589701599
20702671	0.127331230225255
20704970	0.00174672070412577
20705581	0.0150051855689845
20710240	0.000324768839609049
20710900	0.000530654503671844
20712481	0.00350474282035132
20713431	0.00732667621628058
20714380	0.00127864734687653
20818190	0.00120730543508766
20825001	0.000453600123352201
20827460	0.00672659086425476
20829250	0.00101133281264072
20834500	0.0029166149862485
20841910	0.000310698135533872
20844451	0.000285163359915678
20844861	0.000540518593396927
20846371	0.00111734893777622
20852270	0.00115274797122873
20855580	0.0318096835210845
20855870	0.00034157583870477
20856980	0.0130369127077038
20858231	0.0052435824308936
20859201	0.0026361177667576
20859611	0.000344102293448771
20859751	0.000429067241516242
20859911	0.000492280658113957
20860181	0.00060890641433639
20860840	0.00157095712637129
20861240	0.000259317099410589
20861790	0.000945935367153854
20866241	0.000310288712329068
20868991	0.00253122188019517
20870651	0.0249046813411465
20871050	0.00170475719225281
20871150	0.000376773207834606
20872700	0.00526748309505281
20874190	0.0408123405660743
20875621	0.00194548740222779
20875771	0.00165019008256618
20875830	0.0214665984049086
20877090	0.000462111249929258
20877131	0.000890857537222863
20877630	0.00232820811284489
20878651	0.00133526963147116
20880830	0.00124585019118148
20880970	0.000351207342383612
20881271	0.000749045600644871
20881350	0.00301508314075813
20882060	0.000806241779803016
20883331	0.00191880832698184
20883741	0.000857327639634889
20883860	0.00470621506580181
20885940	0.000290648971343743
20886941	0.000824952828898113
20887710	0.000494158533775716
20887761	0.000349655999642972
20888721	0.00188704639325302
20891990	0.0150915058566375
20892301	0.00245837274571658
20892731	0.00102534101546498
20894511	0.000421761191011746
20898460	0.000533845918351454
20898791	0.00837900051356837
20898931	0.000156829357487331
20899440	0.0359415231679817
20899990	0.00145004182376833
20902111	0.000190847755770372
20904150	0.0203875849965157
20906760	0.00635208286898155
20907430	0.00037756343299775
20907481	0.00274205195140349
20908841	0.0247462462653889
20909210	0.0014796816103363
20913760	0.000708294527659818
20915140	0.0221739487598375
20921281	0.00235473273609633
20923870	0.000596072333428506
20924301	0.000541883323931382
20925971	0.00106126351761068
20926450	0.0105016160994801
20932530	0.00313575872334841
20932581	0.00170898661248921
20932991	0.00014919410085716
20936250	0.00957859849239929
20936390	0.00087865424794405
20936400	0.00156067524085084
20938180	0.000474195646247527
20939300	0.00238772050454476
20942470	0.00129962304970194
20942860	0.025384559690881
20943290	0.00100128140235587
20946040	0.000382172723634135
20954760	0.0324533623190632
20957110	0.00182903570542057
20959590	0.000321140717796247
20964140	0.00223080184538898
20967181	0.0728897336353108
20967580	0.00274208690752267
20968711	0.000648152856886392
20971150	0.00175944684844553
20972790	0.0367769311564949
20977251	0.0861672504885705
20977671	0.00686274402223966
20978501	0.00258568254680443
20980540	0.00116345704596886
20984291	0.0010092671822573
20984711	0.000742729155064584
20985261	0.0138703982222653
20994480	0.0111109758193357
20997780	0.00126094113144169
21004120	0.00999379312211307
21005811	0.0708033031246867
21010071	0.000405032315084136
21014850	0.00214022124896854
21015000	0.0974036250331112
21019041	0.00479644441958131
21021261	0.00273029407174305
21022180	0.0264943136926243
21023420	0.039162394348827
21023601	0.0067519880376438
21024230	0.00134529260743817
21028520	0.00570910394791462
21028701	0.00356582717478151
21029961	0.000327299449264926
21036441	0.00103605943083218
21039181	0.0416021998256882
21043840	0.000705324230738928
21045640	0.0156241296258631
21046361	0.00241391189212479
21049111	0.00142967405657721
21052920	0.00205209501397831
21053220	0.00078285617732776
21053620	0.000262553354645342
21056230	0.00451384500233394
21058081	0.00763613656495667
21058580	0.0341200116761809
21058750	0.000398429370799382
21061330	0.00648520272505549
21063540	0.00055878105779959
21064130	0.0366214963699451
21064920	0.00802835280883018
21069521	0.000480024062010757
21074491	0.000488661133483994
21074600	0.00161466118788929
21075830	0.0314872557005923
21076411	0.00368532823013728
21078641	0.000385164369068166
21081900	0.00168100704422246
21082621	0.00111243114412736
21082720	0.000281785650828042
21087990	0.000651698593432472
21088411	0.000683940324107163
21091471	0.000351599586878728
21094580	0.000312910550715524
21095731	0.000176354026138645
21098061	0.0061503700145971
21099830	0.0786922862389007
21104660	0.000449584643025599
21104670	0.00116031196322712
21105230	0.00105756147305209
21111420	0.00917168229771804
21113330	0.000393637293741882
21113651	0.00215695055115115
21119250	0.000213869057349542
21119540	0.00320769441592398
21125610	0.00285481693565652
21126570	0.00441925385646893
21126621	0.00462936536867224
21127321	0.000338679163607891
21127400	0.00192394258712109
21130050	0.000202496020050482
21130150	0.00163002458349639
21130700	0.000456907173075501
21133811	0.000774520478457153
21136640	0.00887823252259531
21139700	0.00154345481417109
21139840	0.00377181831989994
21140240	0.00264479064365581
21141641	0.00248489601543617
21141801	0.0020457786329589
21142430	0.00140492200097468
21145121	0.00175409704150333
21151461	0.00438331634445267
21152370	0.0060569947370703
21153231	0.000429942358431483
21157470	0.00488152387471963
21157600	0.0122314171830169
21158310	0.00217615083487471
21159021	0.000598946654715103
21160380	0.0030287746067314
21162911	0.000192605532265253
21164551	0.000194722400096833
21164971	0.000813458064161555
21167461	0.0026146921710476
21170170	0.00126617252071875
21170320	0.000355800377721187
21171940	0.000476075886797423
21181450	0.000821616414491477
21183721	0.000243350704464209
21185070	0.000212106881076192
21185600	0.0259413804432471
21186300	0.0135724970539789
21189180	0.0135720603194795
21194051	0.00453537415233744
21195550	0.00128193893373262
21197180	0.00109076275503917
21200411	0.000461067301700884
21200500	0.000655147370478396
21201040	0.00780785764098037
21201600	0.00873712037573438
21209040	0.0011662928234632
21211851	0.314286318198775
21213221	0.00932763141655547
21214211	0.00131012785987483
21215660	0.00345130534006169
21217200	0.00413430532994572
21221460	0.00163404227600288
21223540	0.00991006613737557
21224930	0.0114355868640017
21226870	0.0044532757873128
21228910	0.0248326418657574
21229501	0.00287156409234729
21233760	0.000266662773663072
21235280	0.00463717492591364
21235301	8.94625403637229e-05
21235950	0.00308754335730481
21237590	0.000625566354376175
21238590	0.170963937397596
21240281	0.00282228790551715
21242030	0.00278243875504862
21246570	0.00252310823164903
21248691	0.00107291692526202
21250410	0.0070195718725242
21255311	0.0199567398919156
21262150	0.000830633226909964
21264251	0.0010221896073077
21271790	0.0592940870541014
21277091	0.0029443339297989
21277911	0.00068959656218509
21277921	0.0492856221379281
21278410	0.000456825571941756
21279281	0.00733237443306287
21279291	0.000209778311330784
21280811	0.0016938459308187
21280920	0.0177523711416014
21283510	0.0497612398479125
21285870	0.00263497463170171
21286041	0.00199679518701989
21288671	0.00104320313680977
21288900	0.000979157582172066
21294170	0.00217063061328056
21294280	0.0110927833701835
21307540	0.000146977727396361
21307790	0.00124236788300722
21312930	0.000532137304824737
21313160	0.000820072796841718
21314570	0.00145022022686267
21318680	0.000981762626901319
21321720	0.0137624578545443
21321860	0.0307746611763661
21322950	0.000218624855413359
21323940	0.00136374700986051
21323971	0.00510122154230459
21324381	0.00354880064944905
21324510	0.000470012856487338
21330840	0.00104912756148223
21331011	0.00212641024993499
21331161	0.000189712623690025
21333320	0.0829124132184634
21333600	0.000384191592463804
21335120	0.000418803373073921
21338010	0.000258336311418427
21338260	0.000533195205422005
21338601	0.00230468837175885
21338611	0.000168715696395155
21340060	0.00864389685852542
21341310	0.00022260579783407
21342000	0.000613974105235051
21343561	0.000970452644498237
21344230	0.000586423630764238
21347230	0.000428131840554781
21347291	0.00271975920567733
21349781	0.00138835118915524
21350950	0.000335895450195848
21354591	0.00133452715054574
21354710	0.000796865320975862
21355090	0.00057785392920283
21355130	0.000159104416444678
21355421	0.000995298505060958
21355530	0.000451224067536828
21357771	0.506280828875767
21357880	0.0011711902424619
21360080	0.00163953930352327
21361060	0.00280316220569594
21361160	0.000384426157055983
21362960	0.000705738146008113
21364531	0.000575319408251003
21364541	0.000105031801649305
21366861	0.000247561070788872
21367120	0.0114428197466313
21367691	0.0319381973121895
21367971	0.000265008974438537
21368951	0.0104629065292879
21371110	0.000157983578163308
21371220	0.000258980184855376
21373320	0.00185607217626192
21377310	0.000319478635223861
21378041	0.00112385556020913
21378270	0.000839608867313195
21380801	0.00165029633749757
21383230	0.00114722157584889
21383250	0.0012234155571629
21383291	0.000139369575870281
21383400	0.000285340090964559
21385491	0.00135504295443977
21386471	0.00194923901789971
21386960	0.0127748672299222
21390991	0.000295570538817818
21391110	0.00099971795597467
21391681	0.263319241220339
21392780	0.00101272279212628
21393180	0.000320810890105294
21393450	0.00102555232117964
21394321	0.0686343762485445
21394881	0.000239030165654406
21394970	0.0156100215801227
21395640	0.00110926310382152
21396101	0.00361658137473484
21399220	0.0066842479062498
21399831	0.000482158799427219
21401570	0.0140172253238705
21402830	0.00848683752095742
21402940	9.18574894732849e-05
21405020	0.0304513613593661
21406250	0.000148300937189012
21406301	0.0052099308719978
21407561	0.000807969502154308
21407701	0.00130958356479769
21408941	0.00701932040549683
21409061	0.00623436031405037
21410410	0.0152296615234461
21414250	0.000128907220962242
21415141	0.0107017750276221
21418420	0.0213393535055695
21420770	0.00441880560848544
21422250	0.000282353077796482
21423271	0.0128929347477435
21424220	0.00781959583328088
21424640	0.000209927303928482
21426680	0.00587721265746801
21429211	0.031735873118007
21429300	0.00158526961960908
21430461	0.00762355363470639
21430851	0.000194879628463984
21430871	0.000378371582653428
21431940	0.000385294032611004
21432791	0.00169968937969509
21433020	0.000257026368269667
21433160	0.000133248909508334
21433771	0.000326579131197651
21434311	0.00172969673864702
21434540	0.000660828858979463
21435001	0.0539233765528283
21435681	0.000392960229021232
21436791	0.0525566340636955
21437180	0.00297908183457256
21438741	0.0014669040912807
21439131	0.000478953724803963
21439510	0.00285044441877305
21442120	0.000344396789057977
21442820	0.00213953907936001
21443770	0.00043960670792069
21443981	0.00671706491878822
21446400	0.000314464419686463
21446571	0.000271863001760358
21447510	0.000361640200142481
21447930	0.00240568176042713
21449440	0.00273156234370685
21449980	0.00300243587012121
21450321	0.00203823612847387
21450980	0.00367953398022544
21452460	0.000238645634709613
21452931	0.000503769357623825
21453840	0.00102977566096637
21454560	0.00217272895199248
21455650	0.00550283505847358
21456501	0.00156539662830949
21456521	0.000333171639916451
21456651	0.00355788092923336
21456921	0.000528764850150469
21457030	0.00490688528961666
21457040	0.000592205965602725
21457180	0.000360426091755435
21457420	0.00149241995184791
21457990	0.000287935625983694
21458041	0.000256722809561922
21458250	0.00145782968641961
21458571	0.00028173088325196
21458950	0.000478351340541306
21459011	0.00170160745300664
21459370	0.000416405642304338
21459681	0.0010584883456096
21459790	0.0012507782098609
21460080	0.0163106205493565
21466660	0.00251880826033717
21469730	0.000690733290422169
21470840	0.000506815411961313
21471831	0.0314919949595368
21472661	0.000782159626644428
21476220	0.000395093404180698
21476460	0.000329702430323998
21477300	0.000682476581495978
21478291	0.068679903188965
21479650	0.00632890464496637
21481170	0.00109518070988282
21482981	0.000427015895939693
21483681	0.00294318167346463
21485170	0.00594300627935464
21486451	0.00190249370423907
21489450	0.000420731473045285
21490250	0.00224432214636697
21490311	0.00150947565244379
21490851	0.00633129588063752
21493450	0.000840088837680504
21496231	0.000200941993696769
21496330	0.000130915371479058
21497290	0.000368863617957344
21498871	0.00145080304120797
21499281	0.0306095084651754
21500111	0.000701124247070236
21502390	0.000366193485189081
21503001	0.00289894524563003
21504340	0.123132128536826
21505170	0.00107472156856898
21505860	0.000559977581925355
21506291	0.00378155763696295
21506711	0.0119534090568349
21508480	0.00256703075523069
21511001	0.000196111122348243
21513461	0.00149242876017694
21514820	0.000355765561419092
21516630	0.000472867098938195
21521720	0.000425703039251211
21522151	0.0172611952476047
21522660	0.000430345519759494
21525690	0.000304969975277477
21526291	0.0505888162368959
21526400	0.00581003890036888
21526790	0.00334643286209429
21527350	0.00178557027565659
21527510	0.000246149505118448
21527650	0.000432067525830302
21527770	0.00602398480075087
21528050	0.00019898868432443
21529461	0.000293142076199724
21531620	0.0203355208953024
21532661	0.000583699541776966
21533040	0.0167349719480098
21533730	0.000342001428605757
21534110	0.000651227269181353
21534130	0.00151229376407818
21534270	0.000468876981091535
21534311	0.0131180341560776
21536050	0.00199367489969055
21538540	0.00103738255798955
21538841	0.00713004980557881
21538960	0.000191753535815649
21539100	9.66583664768321e-05
21539340	0.000204891821470787
21539480	0.000609389669529908
21539520	0.000929610419745433
21540580	0.00266332637610483
21540921	0.0279247039951127
21541211	0.00341762346809095
21546721	0.00281291886430112
21547531	0.000640414523483097
21549621	0.045806167604684
21551200	0.00185919280299364
21551551	0.000325627505072795
21551811	0.00476589727541307
21551910	0.0009318167039367
21551920	0.000548672162431549
21552880	0.000294231307342881
21553071	0.00152123075922006
21553690	0.01107016099725
21554970	0.00255857923580485
21555660	0.000572437709643189
21556730	0.00177157441651554
21558110	0.000143942498204018
21558431	0.000633945562847509
21559080	0.00720384047418418
21559930	0.00274270693623909
21561461	0.0015298260988455
21564180	0.00483016417698181
21564511	0.00218604017351805
21564730	0.00147034587568041
21565020	0.000804167097814871
21565300	0.00238584280413838
21565680	0.00054182639020011
21565830	0.00540912428738297
21566400	0.00304630716063209
21567780	0.000725839279197558
21569051	0.000202068860738433
21573710	0.00669720405295901
21574721	0.000685908794858935
21574800	0.00107962357600817
21575760	0.0126275124872422
21577751	0.016035858731064
21578281	0.00149746553066345
21578581	0.00172417856350994
21579350	0.000209167742779242
21580070	0.011833895413495
21585321	0.000694123821392067
21585471	0.0040790953053777
21585990	0.000633988422371659
21586810	0.00301333793562845
21586960	0.00345030728388058
21588791	0.0148312710285833
21589041	0.000438103327820034
21589280	0.000209984536585402
21589540	0.00295472044864435
21592440	0.0157936501052471
21592651	0.00109805041208976
21594841	0.00239322999531536
21594940	0.00282280349484584
21595251	0.00136059728498092
21595541	0.000593722604345495
21596050	0.000228001312579027
21597030	0.00162421032630398
21600631	0.00075172525243169
21600791	0.0522130384691248
21602691	0.000433137124270313
21605461	0.00111189497053166
21607541	0.00178255986977256
21607640	0.00137629148835111
21609440	0.000301425943839606
21609960	0.000490771074949295
21611941	0.00176276089410354
21612511	0.000243166818564386
21612860	0.000202436546768988
21615620	0.00031676295858763
21617420	0.00441902909171146
21618141	0.00142419721320515
21620190	0.000351739094617312
21621451	0.0077194029888723
21622551	0.00192694707841733
21625540	0.0102722909446548
21627080	0.00311873371088951
21627271	0.000294605977782177
21627801	0.000190706757879757
21628870	0.0523236078671683
21628921	0.000556501250675257
21629540	0.000290207287854985
21631200	0.00561385790010244
21631780	0.0107259536783512
21634130	0.000424075475604667
21635101	0.00108239302320664
21637430	0.00109651395326003
21638551	0.000662884643787838
21638831	0.000368673710989538
21639070	0.00570872724820351
21639101	0.000364116509834038
21639190	0.00996577087014134
21640921	0.00213798742476761
21641700	0.0491072610475021
21641850	0.000339127109249103
21646411	0.00237740366683127
21647090	0.000264510285145828
21647370	0.000278469465795615
21650161	0.0012996708775238
21650301	0.00167356662776449
21651760	0.000822278875310563
21652030	0.000546679663180214
21652361	0.00150170602830133
21652641	0.00765838848322161
21652730	0.0015481079634535
21654790	0.00137466578552505
21655060	0.0202443681718053
21658011	0.00464274392528249
21658090	0.00644266037522961
21659511	0.000220638197257227
21661581	0.000467159512886444
21663080	0.000456900573007781
21664610	0.00115969589681307
21669820	0.00193186883077845
21672040	0.00490227172907335
21672091	0.0126151397477798
21672470	0.000607813607644416
21675480	0.0119923495703374
21675910	0.000142909698543872
21676491	0.00122576596040133
21678561	0.0365251581030191
21681420	0.000961409341045582
21681461	9.33179511306787e-05
21685160	0.00303204717361022
21685331	0.00302138646863547
21685430	0.00152523783296048
21685871	0.000540444147185766
21687651	0.00633900219375393
21687811	0.00230460897953952
21688061	0.000914450080972472
21688091	0.00349440993110203
21692751	0.0741277623086378
21693680	0.0501809679090544
21694250	0.000274587783762191
21694520	0.00804849919168162
21694650	0.00345776393755308
21694701	0.000662898940369171
21694920	0.00427177180834052
21695651	0.000889609721659156
21696361	0.0150482687920775
21697581	0.0703022521464677
21697940	0.000299256495832656
21698110	0.000173372298303248
21698500	0.0141088025816614
21698520	0.000374692034348272
21698530	0.0376618017367354
21698640	0.00826770341235855
21700860	0.00414180387675364
21701321	0.024643810515843
21701581	0.00579602284234162
21701731	0.000256934425985278
21703261	0.00256324785714272
21703750	0.014223876914588
21705171	0.00807365711923023
21706370	0.00224576533906848
21706640	0.000273352709446593
21706971	0.000474796823993683
21708330	0.000460676857876207
21708621	0.0101305752727744
21711180	0.00028192984393206
21711371	0.00148752144113417
21711470	0.000351830105588997
21711760	0.00155880261709237
21713560	0.000477001680654974
21714141	0.000307610287240834
21714380	0.000137952556079676
21717410	0.00299945878495101
21717970	0.00466397368524863
21718421	0.000373275464981824
21718650	0.000439082224080844
21718920	0.00297733258296131
21721800	0.0869546237837388
21721810	0.00176563151107957
21723200	0.000304475037895035
21723770	0.0161136854638757
21724840	0.000387488279239072
21728331	0.000239794785027189
21729550	0.000452873615306356
21729690	0.00184954303932902
21730370	0.000212610124246663
21730421	0.00137372142778754
21730640	0.0126855358285842
21731080	0.000336618250479181
21731241	0.000518685421065375
21731890	0.00850578220835192
21734961	0.00310442266547735
21735040	0.000329931184614883
21735320	0.000286935506739899
21736440	0.186701728421302
21738821	0.000172522254630455
21741980	0.000608925447547035
21742110	0.00106058212852213
21742510	0.00100535664511284
21742930	0.000372350609012227
21742981	0.000324891085599166
21744211	0.00171842011390348
21744280	0.00207872998902857
21745250	0.0105578578550404
21747490	0.00116785659265209
21751460	0.0026245370698247
21752081	0.00176216550734414
21757270	0.00158253256228427
21757800	0.000952095482836649
21759180	0.000452701327764983
21759890	0.00100841791024613
21760010	0.00504843726241231
21760700	0.0065255763706149
21762401	0.000748596337274513
21762650	0.000759550888499165
21763870	0.00016925147587562
21763900	0.00740288527759187
21766691	0.0159399841879284
21767241	0.000689017825184456
21767740	0.00225478389940867
21769451	0.000408088104248105
21769851	0.00112467472680908
21770900	0.0086503103607007
21771381	0.000701817419474062
21773031	0.00328596256515011
21773581	0.00348658846965672
21775490	0.0157250377951508
21776310	0.000474534636010191
21776580	0.000236263809702719
21776860	0.000424283120017595
21777311	0.000514416999067899
21778350	0.167887511654616
21778390	0.000774872890808734
21778510	0.0466686157813447
21783361	0.0210658339437698
21783511	0.000149639599526406
21783661	0.000634131457372695
21786411	0.000460409496121197
21786691	0.000859372305852262
21786900	0.000359603230102228
21788741	0.00084192058588624
21789110	0.0116984282205626
21789171	0.00158265918782716
21790001	0.0105273337355569
21790080	0.00042367813939299
21790800	0.00143844096628556
21791521	0.000462308645845403
21792901	0.0013794003678649
21794920	0.000314527981966348
21795050	0.000134388368304481
21795221	0.000367770639180229
21795450	0.0210157563673259
21796211	0.0008824282406058
21796440	0.000254875774240918
21796690	0.00112626941057262
21796850	0.000499630347899713
21797151	0.144009163173929
21797410	0.000419452642417065
21798780	0.000366573364735047
21799221	0.00820786148601618
21800860	0.000587622587480172
21801390	0.00494133943746116
21802131	0.00132483868812607
21803501	0.000117355381310382
21804491	0.00050387511228779
21804690	0.000341296281741253
21804730	0.00821138949326482
21804761	0.000282696554647958
21804840	0.000441425428209729
21805000	0.00188172967495875
21805250	0.00031197707165067
21806831	0.00387428111759055
21807371	0.0262775960151201
21807931	0.00115681537151789
21809540	0.000383678924761046
21809930	0.000181007079464419
21811361	0.00346650759857365
21812191	0.000422315630193617
21812321	0.0119282283497044
21812570	0.00387884677527538
21816010	0.000196305602775847
21816061	0.000637517896403774
21816481	0.00123679109545728
21817810	0.00863838013293698
21819320	0.000529260094286854
21819330	0.000201314594854704
21824140	0.0241609002855779
21825680	0.00121988966980992
21828761	0.00553376746781375
21828830	0.0110608027146297
21830210	0.00518715744161513
21831210	0.0351893539707182
21836181	0.00116092950737084
21836830	0.0265899486554526
21837530	0.00659983350710859
21837991	0.00127032587777153
21839720	0.000589121695587891
21841161	0.00628728565248601
21841171	0.00160939607695359
21841660	0.000283402722362243
21849000	0.000100724310373546
21852881	0.000391554540007916
21852891	0.00441880560848544
21858801	0.00689233475124201
21859730	0.00334709545732977
21860450	0.000318944798119925
21860830	0.00704053248797178
21861841	0.000958570443630621
21863901	0.000292799206907354
21866271	0.000180601770306817
21868280	0.00367173058271322
21868331	0.000650150656100388
21873151	0.000786603183474391
21874070	0.000826641170660896
21874220	0.00074193434285442
21875901	0.0325131771275207
21876980	0.00550762216294007
21879771	0.000589120066531912
21880310	0.000773023759009564
21882401	0.00124321096881176
21882890	0.00166238407619077
21883221	0.00459513538016673
21887501	0.00154292479312075
21887580	0.000605643124040512
21887600	0.0680691429709265
21888300	0.000227115384862702
21888481	0.000846939263426677
21888820	0.000168043886120574
21889011	0.00127458051773477
21890920	0.000353888060365978
21892170	0.00070021105061298
21892980	0.000231492431872246
21893291	0.243535290048874
21893660	0.00145136911703823
21893971	0.0031816306829411
21895221	0.00483897275193415
21895491	0.00645959519709377
21896420	0.000680251224075669
21897841	0.00080044782161752
21898251	0.0577365729302173
21903641	0.000161599878660433
21906620	0.000829785778431888
21908830	0.000414967299882568
21909520	0.00845428902274152
21910401	0.00027414360662385
21910890	0.00113596702234409
21913820	0.00882965628673203
21914090	0.00213447234417514
21914671	0.0319494240398445
21916400	0.1219398513392
21916550	0.00163108328272171
21917831	0.000318373828935235
21919621	0.00128650901121117
21923170	0.0124915189700711
21923300	0.00351289273395079
21923610	0.001164732857856
21926111	0.00138641809004902
21926470	0.0259834323433858
21929650	0.000383878403489776
21930060	0.00575567961359438
21930111	0.00468024939036648
21932690	0.030903280915911
21936120	0.0155505737426148
21936171	0.0458047595124249
21937110	0.00110550901854459
21937161	0.00143626001399506
21938101	0.00522545562402971
21939170	0.0141340408367754
21939870	0.0418521811803654
21939921	0.00843708664851271
21941421	0.000922615162399205
21942661	0.000490097897259445
21945551	0.000745658663155804
21947091	0.000220493735935447
21947990	0.00977127529658875
21948850	0.0172613579799882
21949571	0.264120625846405
21950401	0.00362115780813098
21950630	0.000564602358558196
21950890	0.00166770768571054
21952581	0.00686952627668078
21953230	0.00083505902873133
21954521	0.177671282477004
21955600	0.00850542687064492
21955750	0.000435218044520877
21957780	0.0106210949082347
21958480	0.00213728740354989
21959320	0.00476634589542257
21961961	0.000159859204132148
21963300	0.00250122718632795
21964041	0.000293933968447795
21965431	0.000274133533293147
21966190	0.000576893936528942
21967320	0.000176542115156331
21967341	0.00391825906194233
21967450	0.000393665675716263
21968430	0.132419007078495
21969431	0.000362219568601233
21969841	0.00384711427751911
21970951	0.0314336254385745
21971481	0.000849611611319823
21975160	0.0005147297388229
21975610	0.000347869739911721
21975631	0.000405933748121268
21976840	0.000198088643075322
21978750	0.000219847190437369
21980581	0.00338081776756263
21981151	0.00505159886030618
21982371	0.0013799355354205
21982490	0.000864344452991678
21983160	0.0477942407598947
21987440	0.000243811113881625
21990320	0.000480097497744457
21991700	0.0263120862905515
21992601	0.00203729222644601
21992721	0.00018537149231095
21993090	0.0087753078192688
21993400	0.0014081036102187
21994630	0.00113075873471446
21995030	0.00406427776102567
21995631	0.00188646809163706
21996830	0.101463756014655
21997701	0.00127434963174604
21998101	0.000304753404183536
22000321	0.000316203687906052
22002111	0.275403082935745
22005090	0.0114721766898447
22005291	0.00313544723458293
22006651	0.000392583587923241
22015901	0.00175067550907421
22017380	0.00602254955088308
22017810	9.99331679941043e-05
22018190	0.000271873942643899
22018641	0.000273691279578364
22019180	0.012238843144856
22022320	0.043703156830244
22023980	0.00205945167464375
22028110	0.00365077186026018
22028430	0.00391316156821544
22028441	0.00202307220615152
22028581	0.00200057775397461
22029821	0.005702721239188
22032400	0.000134747333405053
22037390	0.0250787845420823
22038931	0.0220716549762056
22044290	0.000387277702963727
22045561	0.00395820112082169
22047191	0.0034255698853121
22048991	0.00810045715155495
22050251	0.00279389034955955
22050610	0.000364042113237269
22051471	0.000713097593757991
22052731	0.000367262361506269
22053790	0.00787737707243375
22055201	0.00238809559403179
22055280	0.00187550841156828
22058241	0.00618007842510313
22062730	0.000267536621201707
22063081	0.00065014060041552
22063420	0.000911164087455587
22067320	0.00222878610697094
22068280	0.00302799234345667
22070730	0.00136821035058109
22075440	0.000203459769188851
22075450	0.000628514617468818
22075690	0.000283746655752058
22076380	0.0015011392483142
22077011	0.0181283267681357
22077800	0.000640418179119201
22080830	0.00548284687964101
22082340	0.000545538028080648
22082921	0.00402677583479011
22083710	0.000237840196125552
22085930	0.000255331890282713
22087191	0.00277542912627389
22088380	0.00162698247945926
22088581	0.00474202129138387
22089910	0.0276325681275466
22090340	0.000328859317460385
22090381	0.0054748200580784
22093090	0.00110587565331774
22093900	0.000514003801610898
22094600	0.00133705892370553
22097961	0.00170254113786507
22098890	0.00076856969952015
22099420	0.00360835189463609
22103150	0.000570135547653781
22103860	0.0253496240754193
22105660	0.00039738123232828
22107560	0.0107563158714555
22109080	0.00220243173220183
22109110	0.00430986221939008
22110590	0.000524042432194748
22111730	0.00326960767794684
22115140	0.0650707406348616
22115580	0.00467875228345065
22117671	0.00141809016044154
22117780	0.00126909220572243
22118060	0.0025699499703588
22121401	0.00563205944822151
22121900	0.000208188829714122
22122511	0.0178419068551883
22125500	0.00339144199467175
22126231	0.000187048175454127
22126241	0.00046183196047012
22126610	0.099696745532572
22127881	0.000593356895085587
22127901	0.000319953246960133
22127960	0.000248924097614624
22127980	0.000682272511367395
22128960	0.00118214015515564
22128991	0.000492531325565709
22129271	0.000444128473751348
22129821	0.000301689106002758
22130911	0.00692582155924503
22131860	9.08612878774029e-05
22132721	0.00161153031261068
22139980	0.00200933215668363
22142460	0.000281041720925081
22143030	0.0454360154645979
22143700	0.0155856233742379
22144581	0.00132766950043667
22146340	0.00292633190088156
22148950	0.000836676890529322
22148981	0.0013641641857323
22150450	0.000316613873967328
22150750	0.00047686346199219
22151891	0.000234143311634745
22154101	0.00090061073073668
22154351	0.000304176941651085
22154381	0.000938169532034939
22154651	0.00130328789806374
22154880	0.000398058752559923
22155420	0.000317057799185262
22155570	0.00188450756207687
22156311	0.0143989671840091
22157001	0.00496624532800187
22158931	0.000531730255868245
22162631	0.0403504921510152
22163130	0.00792714729317036
22164171	0.00028373406726736
22164561	0.00145009548100525
22165121	0.000328189772468893
22165541	0.000607018398998185
22165821	0.001543684997906
22166771	0.000820240408664239
22168960	0.010125583803696
22170060	0.00491501927760394
22171170	0.000561503512699071
22172520	0.00698407688929966
22173251	0.000944371318817487
22173610	0.00616722105566274
22174180	0.000114515590895414
22174600	0.00812433921230498
22175731	0.00132298951613744
22175741	0.00221926305336519
22176100	0.000710222541099331
22176981	0.0361632833786201
22179170	0.00102405327190023
22180431	0.0160568065392694
22181210	0.0827238128035391
22181261	0.000341446126119079
22183741	0.00608952208466081
22184650	0.00125713968810863
22186771	0.00181829660736405
22188270	0.00960589477036219
22188691	0.000233923489250867
22188991	0.00991562971816437
22189811	0.00188142898088852
22191331	0.0149881251893628
22191850	0.0410550994063747
22193370	0.00562122515718216
22193500	0.000415052850763543
22197391	0.00534075073837808
22197890	0.000644872884610901
22198030	0.0177591114953381
22198050	0.00499527292376898
22198340	0.00948995506522261
22199280	0.00206774870019998
22199820	0.0230403526266612
22200370	0.0417356507858778
22200981	0.00181367349969205
22201200	0.00242369790366
22201610	0.0429499178539135
22207270	0.00269199022687199
22208141	0.0011146438909959
22208790	0.00235201115564481
22209220	0.000811046766743478
22209671	0.00313022060785376
22210860	0.00035454474957485
22212161	0.000454336265905992
22215041	0.000347055116780734
22216971	0.000399615578016048
22219051	0.00403945852714662
22219300	0.222545226158755
22219410	0.000302524934504748
22219540	0.00105780894705544
22220431	0.00179177545802293
22223000	0.0010005039273455
22226071	0.0161405877158531
22226460	0.00186752260935157
22226590	0.000573794409188497
22226750	0.0016809889879805
22226890	0.000293549929396262
22228520	0.00576778432238546
22228670	0.00152506672300701
22230501	0.0171376398987138
22230781	0.00364777848922849
22231020	0.000478917903262244
22232291	0.00138159985976522
22233640	0.133366156515698
22234610	0.00237642294601777
22235710	0.0021480293410304
22238040	0.000681531372835779
22238081	0.00122848006807773
22240551	0.000300041674807788
22241101	0.00178385152505606
22241541	0.00113948617347587
22244820	0.00044473526432613
22246190	0.000288505198027888
22246341	0.000676612585504355
22249080	0.00318488765456519
22251041	0.000821635824917424
22251850	0.000273017446702733
22251871	0.00596508372571128
22252540	0.000904217777284172
22253610	0.00755389358174703
22253880	0.000287293235879386
22253890	0.0514275264756927
22255181	0.000480614674279773
22255280	0.000280742378987027
22255881	0.000354548098466858
22256161	0.00159308113815853
22257531	0.00233122791028677
22260950	0.000341050461985675
22261200	0.00117807990619899
22262641	0.00474089927301141
22262720	0.000801886434004831
22264110	0.00401494255496847
22264530	0.000597940438995176
22266891	0.00195007626149111
22267171	0.000330347390143699
22267960	0.00332449694319643
22268711	0.00059392651505441
22269080	0.00157754940169177
22270590	0.000788922360986271
22278580	0.113002462292754
22278621	0.00513271049406961
22280421	0.0104482613639173
22280961	0.00160653608364397
22281890	0.000149443549144763
22283830	0.000605787359195093
22284961	0.0389398009075765
22285090	0.00427058975290739
22285931	0.0173699375205519
22286290	0.000515818887275416
22286310	0.297638163034382
22287410	0.0182171917534639
22288500	0.00161387708342164
22289200	0.000757920651871851
22289340	0.000439874328692914
22289371	0.000404988076523749
22289801	0.00174115642321483
22291420	0.00809951904717933
22292080	0.0016570790091565
22293180	0.00181633249853161
22293630	0.000369073844362211
22294170	0.00140404064856117
22295700	0.000684449662523492
22295820	0.00113778891095526
22295950	0.0164954665314332
22297371	0.00120051977160538
22298481	0.000950969541687322
22298870	0.00062683620574072
22301121	0.0292670563103767
22301630	0.000374012064225809
22302150	0.00128602576256059
22303861	0.000367670182377878
22305200	0.000413814205286868
22307120	0.00224654401506736
22307540	0.00150061437864191
22310030	0.0496186393025187
22310430	0.0542608837239051
22310440	0.000671294667579123
22312131	0.00104848010503494
22312260	0.00016619142615695
22312380	0.00066239172934681
22312770	0.00424416172448166
22314040	0.00222667296925395
22314300	0.00105095337329093
22315270	0.00031825725179009
22315451	0.000387939993297336
22316630	0.169862538628436
22318631	0.00160744149770423
22321460	0.00990307160208863
22321941	0.0251143095497556
22322010	0.00116223942073034
22322160	0.000489376020377633
22322331	0.000265881607930982
22323171	0.000306059435041807
22323711	0.000336357731566615
22324291	0.00366414610332271
22330491	0.00131395938944384
22330631	0.00231895680726123
22330860	0.0034750354525683
22330970	0.00061959206491405
22331560	0.000479700027479113
22332131	0.000470525881484398
22332291	0.000412071238768888
22334351	0.000344116215584579
22334730	0.000538335001678226
22336090	0.0022468445886899
22336380	0.152680800682431
22337391	0.00746241704070893
22337641	0.0261596312750845
22337740	0.000453087319032407
22340670	0.00039545955027075
22343871	0.00229371544196454
22343940	0.00268355878917555
22343960	0.0136525474412041
22345470	0.00688383343403366
22346730	0.00236177928147176
22347390	0.0472238775958057
22348401	0.000308186794298304
22348561	0.000260363458696558
22348691	0.00222341926439005
22349921	0.00164269564328166
22350071	0.000505636207759847
22350310	0.00162847406901
22350450	0.00190967183067424
22351010	0.0137981126909782
22351530	0.0455602213773425
22355711	0.00267392662798765
22355840	0.00651920036877722
22357200	0.000592345367176282
22357661	0.00281718999399464
22360011	0.00130991283335292
22361091	0.0342246185023218
22361460	0.000312997283813487
22361931	0.000274730826546674
22362970	0.00393935233090801
22364650	0.00172414806591152
22365040	0.000522133989144799
22365111	0.000628926166794439
22369921	0.000812771667138541
22370320	0.0121791087338711
22370980	0.00132073346876425
22372240	0.0040455409365221
22372800	0.00118311462549504
22373371	0.00996592097580118
22373781	0.000206357726191925
22373791	0.000443285834932215
22375420	0.017237114830155
22376821	0.00870376926407474
22376910	0.000409102785780894
22378010	0.00876755382102246
22378491	0.00349671558959777
22379441	0.0346324664503728
22381470	0.000242480976037932
22382160	0.0375082093127034
22382280	0.00538135880651312
22384271	0.00463190644347928
22384620	0.000455801096463499
22385320	0.00287532985970089
22385771	0.000963541888096056
22386471	0.00044631807949555
22390000	0.000732169776056751
22390570	0.0217278457749544
22391820	0.000486585505486643
22393630	0.0107716254718869
22394051	0.0132546539157268
22394150	0.000352951263036967
22396220	0.00114649570329495
22396230	0.000362651525893644
22397361	0.00574793665912935
22397501	0.000517708168839527
22399520	0.00612743498622501
22400821	0.00837735444342349
22401170	0.000335877995476109
22401210	0.000377635934950108
22402030	0.0035187416078295
22402321	0.000572764472729642
22404350	0.000884026584888187
22406341	0.019347077078173
22406761	0.000691982438864437
22409101	0.000691818584220749
22410300	0.0175276261221347
22411130	0.000614082283976295
22411431	0.000186877562653114
22411441	0.000189768575937999
22414601	0.0688736732179304
22416541	0.00532078024945066
22416930	0.00535015689666561
22417491	0.000511664084904845
22417921	0.000480607078947847
22418590	0.0144494132226322
22420100	0.000435935472022931
22422730	0.00629842703076478
22424510	0.00260394507217981
22424930	0.000253753154573433
22426150	0.000408833161452838
22426430	0.00639732146022165
22426881	0.00195053070073805
22427431	0.0223603528421828
22427701	0.000685291051183886
22428200	0.00192438745998301
22430010	0.000439894745650792
22430440	0.00374494545832265
22430461	0.00194909812883762
22430550	0.0155637102493703
22430761	0.00042390511825325
22430871	0.00139458817481885
22431940	0.00426243491141116
22432760	0.000303263654456257
22432920	0.000307131723571956
22435031	0.00261073416968372
22435151	0.000343699840766021
22435650	0.000167764946497692
22435660	0.000266875715962277
22435701	0.00169932040884905
22435790	0.000559193746408739
22436001	0.000546122649968178
22436060	0.00100736182244502
22436220	0.00030241750726646
22436900	0.00172989276864384
22437310	0.000604071463922531
22438731	0.00737686440956975
22438860	0.000737426919281505
22439960	0.000592627999775118
22440531	0.000290026462791554
22441590	0.000397880798598565
22442891	0.737270649254074
22443140	0.00123801252795596
22443240	0.00032114562623236
22445070	0.00437081787888346
22445620	0.000274324467175779
22446570	0.00795869508516758
22446611	0.00105759509549863
22446700	0.00187454625846522
22446850	0.000119353117902228
22449720	0.000394968484072174
22450601	0.000361317007762557
22451561	0.00465387143703201
22452630	0.00217633457937147
22452961	0.000915441605962723
22453921	0.00384439333624104
22453990	0.000992712662178068
22454591	0.00772836671333937
22454850	0.000416365457694996
22455110	0.000946617438884836
22455240	0.000329787177340923
22455370	0.0102904055032691
22455390	0.00131615329942779
22456951	0.00055456697272492
22457030	0.00083768051133768
22457511	0.00176306373184756
22458341	0.00283412314969552
22460370	0.00130657121942396
22460480	0.000587235963056863
22462461	0.000212907850274902
22463250	0.00124107396265617
22463380	0.00568163342794937
22463701	0.00511898754721608
22463820	0.000289876739926585
22466051	0.000208397188730696
22467540	0.00535452306672317
22468340	0.0101437918904383
22469460	0.00107267885274751
22469921	0.000351712270279725
22470300	0.00197194100797113
22470960	0.00130949779125673
22472080	0.000166253773719065
22472630	0.00213967043718884
22472760	0.00147084819134276
22473231	0.162331851157884
22478321	0.000264463994862157
22478471	0.000549545214850876
22481211	0.000830172498115675
22481880	0.00409100207162626
22485030	0.00135950461126424
22485091	0.00234553289254158
22485160	0.000398249173933951
22485231	0.00333200030464729
22487141	0.000233014645733179
22488111	0.000506557094924378
22489211	0.00468179394931907
22489651	0.000355034043133486
22492391	0.000951057661319916
22492941	0.000771089849595294
22493921	0.0032493446511105
22497740	0.000160919410202543
22498000	0.000261325839630744
22498741	0.000270055612109508
22499540	0.00348749466743459
22500070	0.0342082686963213
22500490	0.00326913438258759
22502611	0.00682577557747719
22505501	0.000816051073040404
22509621	0.000827059543849978
22509641	0.000208144400929113
22509781	0.0010947970038134
22511551	0.00154296491572334
22513340	0.0383633689185654
22513430	0.00058166768507303
22513450	0.00223019299611724
22514820	0.000410484045061803
22516620	0.00310630861100082
22517060	0.000332299967447712
22517911	0.00214858340275393
22518471	0.000484148654960709
22520350	0.00275260732859243
22522430	0.000576505033119015
22523090	0.00241297150018699
22524760	0.0580597632155762
22525231	0.000507547761700345
22528671	0.00258182042649104
22530430	0.000680377398262178
22533491	0.000180227446877758
22534000	0.000690711108685459
22535831	0.00859928859975974
22537221	0.000266704835885071
22540531	0.00119522145770093
22540661	0.000442371880126821
22541170	0.00130721265663028
22541891	0.000365344243857727
22541911	0.142674210336037
22542710	0.000265282311594156
22543131	0.00678423779795662
22543650	0.00031869653209804
22548531	0.000409884915962398
22549040	0.00036481418827063
22549170	0.0011781844997214
22549211	0.000396788633781145
22549231	0.00128147287479943
22549351	0.000205706136595128
22549720	0.00385573056656646
22553320	0.000919400978708974
22553450	0.000888290582361047
22553501	0.000301268066814968
22554840	0.0275479824639939
22556600	0.0129433965946125
22557170	0.000778016671215647
22558451	0.00411438564357714
22558830	0.00184389592708223
22559411	0.00595628038274905
22559930	0.000598367881095436
22560600	0.00366602521834947
22561300	0.000204226823497267
22561470	0.000258079619264073
22563131	0.000686334019134456
22563940	0.00663770273651936
22565050	0.000643476296468803
22566601	0.00201571997807451
22566741	0.00114330096691327
22567670	0.000968768569067837
22568671	0.000415157646453413
22571151	0.00159451829222657
22571380	0.000362021087279762
22572480	0.000597313264523528
22575360	0.000975168258294897
22575390	0.00073945674666548
22577201	0.00015415769703011
22578540	0.000488263846286855
22579100	0.000314313522537879
22579230	0.00656693657751953
22579691	0.00359418860904163
22584101	0.00550666674474077
22584951	0.0203810654763761
22585310	0.000107986391738178
22586710	0.0130507470701074
22587431	0.00137181327702891
22587541	0.000433025021634043
22589570	0.000422102294515231
22591530	0.000262489429027638
22591551	0.000503137600021259
22595380	0.00110649285112044
22596931	0.00735308339155489
22597570	0.0114277654683536
22604070	0.00024031718805596
22604340	0.0631018968441758
22607110	0.00207132507338039
22607401	0.00150262293958667
22610390	0.00113238919479431
22611691	0.0130397683392204
22615510	0.000188030391883569
22615541	0.00878495210169751
22615650	0.000442265038920916
22618270	0.000638989048725122
22618441	0.0136924398290594
22626280	0.017769255492419
22635530	0.00716329118376478
22635760	0.00376359433059686
22637040	0.00595032420995501
22637901	0.00107461629348233
22639421	0.000326831539789757
22641420	0.000654361154489404
22644111	0.0201668978090943
22644460	0.0201556718250143
22649601	0.000117794625914375
22649621	0.00159898014767705
22649990	0.000239786988655453
22651910	0.000286590764664286
22652781	0.00345542985171419
22655001	0.00279152794524047
22655650	0.0102571405227098
22657201	0.0671247999573656
22657761	0.000890003830029728
22660231	0.00377466622023396
22661990	0.000391078042508338
22667630	0.00165946846140366
22668760	0.00209056133652305
22669550	0.00200407906579751
22669560	0.00273917870073726
22669970	0.00413260807003697
22670041	0.000540571442160158
22671220	0.00027030319887468
22671811	0.00291002803057438
22675411	0.00213448244341191
22675541	0.00043049545840546
22678130	0.00146153354990084
22679230	0.071082923503997
22683370	0.000322593578501663
22685300	0.000507714357186692
22686861	0.00466904142553059
22687930	0.00112290517822201
22689410	0.00091543091888036
22689860	0.000272525440138518
22689901	0.00039448074544029
22691401	0.000323883927349256
22693290	0.000601438408630761
22693440	0.00137645742669632
22694041	0.000389548549556729
22697870	0.000757259237445727
22697970	0.00151702997326386
22697990	0.000278291076100628
22698041	0.000378411862090526
22698151	0.000570320338431007
22698301	0.000665760393569437
22698410	0.00974864031221858
22699100	0.000358422760534904
22699360	0.000571650467525574
22699380	0.000318173350018747
22699411	0.00067556991029778
22699640	0.00279184831128842
22699650	0.0207967959104058
22699790	0.000506072251068122
22700070	0.0013239446918612
22700170	0.000255764944834017
22701601	0.00606240880917068
22702011	0.00444321869653046
22705040	0.000893137303639318
22705331	0.000310342803397757
22705410	0.00148291155006424
22705420	7.18571392500644e-05
22705830	9.60741908179532e-05
22706441	0.00611190144169507
22709611	0.000146148629034357
22710171	0.00209358175285891
22711080	0.000232877551413929
22712200	0.145688069560026
22712371	0.041504377806653
22713590	0.000199942509135893
22714120	0.00120673125703775
22715111	0.0046691910205319
22715380	0.00627406489679984
22715681	0.0123372130820244
22717310	0.00393381398607925
22717471	0.000190515858844314
22719900	0.0260002889537207
22720310	0.000247137165614655
22720720	0.00105780887702751
22722711	0.624197186385989
22722940	0.0032915253023591
22726280	0.000383836080878924
22728480	0.00395252774067062
22729430	0.00145295525913122
22731401	0.00811357870562894
22733601	0.00025551947617837
22733891	0.000587174869176949
22736190	0.084034088097358
22736330	0.0076227294622049
22737560	0.0206762709122455
22741191	0.0056638207980998
22742670	0.0581375799966009
22744480	0.000813188115450762
22746140	0.0108041999365604
22746561	0.000661680882238881
22746991	0.000164146671793295
22747230	0.000281045458772042
22747240	0.00500101941704301
22747961	0.00223798009535987
22748070	0.00154664451604944
22748320	0.0424063516333811
22749560	0.000561424681368178
22749710	0.00277624776577413
22750660	0.00627866298180153
22750810	0.000343039478370191
22754561	0.0272667884678478
22754820	0.00086334882281467
22756580	0.00239460949279852
22756740	0.00327872838818808
22758390	0.00413161230092372
22758680	0.00178228050167295
22758721	0.000508709625489669
22759251	0.0007508963694463
22761430	0.000705868617909725
22762861	0.000821382048506718
22763261	0.000682544657910392
22764180	0.000115477653066733
22767951	0.000336492581772843
22770721	0.000870926662933785
22772091	0.000615211347965059
22774790	0.0051814616684008
22776901	0.00500648554867945
22778380	9.99703088942154e-05
22778930	0.00856718826880796
22783230	0.00185076198654982
22784221	0.0380539711652832
22786100	0.0208765440517552
22787920	0.000608494476649081
22792740	0.0225704994192929
22793181	0.00856441427566954
22795681	0.00266023519522931
22795770	0.0158465811122363
22796631	0.0169075598263393
22798831	0.00104921340666088
22799650	0.00253089958600642
22800211	0.000463759895021018
22804200	0.000639035946136289
22804221	0.00192634565608997
22804921	0.000800186186121548
22805140	0.058896088327106
22805810	0.000216906232864089
22807111	0.000451291617217298
22807190	0.00838997801199891
22808030	0.00141928568154924
22808071	0.0015969184688297
22808491	0.000378202601661741
22809041	0.00262511180608145
22810161	0.000623635084609359
22812911	0.000289474517028539
22813041	0.00125415538255206
22815251	0.000229542227881829
22816091	0.00667000512613549
22816231	0.000498712777290317
22818500	0.000382168764024288
22819951	0.00404093377572258
22821731	0.000395488682506115
22823651	0.000260951791989736
22824211	0.00353364760369301
22825741	0.00956728577752722
22827600	0.0272208231428736
22829540	0.000824554174859872
22829810	0.000186247290222962
22830411	0.00108829266055958
22830680	0.000200685389707009
22831050	0.000326130640547052
22833560	0.00528356154167621
22836580	0.0105894246425157
22837861	0.000520821254210717
22837871	0.0340021227950611
22839360	0.000122974438992589
22840491	0.000310235537195446
22840980	0.000200596857535014
22842680	0.000269194857661304
22842851	0.000721073883525743
22842981	0.000372099465731956
22843330	0.00680356591755765
22843350	0.000389024511092232
22844771	0.00119866796969782
22846680	0.00269985394710032
22847261	0.00087447596921294
22847330	0.0003077076800244
22848570	0.0868212879943737
22848730	0.00457768119151502
22849950	0.00238877142099345
22850400	0.000369524442885781
22850540	0.000653083414598364
22850930	0.000713122079436931
22851111	0.00030108337142455
22852030	0.000176897316739603
22853601	0.00839806900629101
22855651	0.000506092429991014
22855780	0.000367228237589427
22857560	0.000568391382789883
22862390	0.000679095367410628
22862780	0.000468170770568977
22862940	0.0206661888900338
22866131	0.00039833162381394
22866141	0.000860511229941957
22866400	0.00404888470844231
22866930	0.00147404194654598
22867880	0.000238850808196879
22868740	0.0116528165025636
22869851	0.00035499426042326
22870561	0.000416657148227534
22872040	0.000400363821887397
22873830	0.000646338914285622
22873991	0.000294780993358842
22874380	0.0024633544660973
22874431	0.00120576310594569
22875180	0.0062727074873786
22877051	0.000266147016220367
22877731	0.00960542746348946
22878141	0.00033605040771564
22878660	0.00171503751748521
22878691	0.00127540014024981
22879080	0.0452749480451963
22879610	0.00193513872005028
22879941	0.00334226889307086
22880010	0.00133564939305005
22883060	0.000402696018953484
22883190	0.0158370197462568
22883500	0.0665092153272346
22884720	0.00219026617361438
22887900	0.00124804077188179
22888491	0.249313347567778
22888580	0.00218101441989602
22889420	0.000278697388703235
22890541	0.0287209241086025
22890800	0.0113737970077405
22890981	0.0408566905801461
22891630	0.00266606273335664
22893120	0.00258920771458859
22893461	0.00108907082568901
22894930	0.00172748303713273
22895760	0.00966106890834498
22897861	0.00215518522954199
22899770	0.00097129163790052
22901690	0.0546164215888448
22903180	0.00192470276609336
22903641	0.00596871247896895
22903791	0.0102462590158117
22903880	0.089593053976478
22905660	0.00247144373519485
22906360	0.00109123881174947
22907220	0.000531445114602885
22909441	0.0118095052487383
22911320	0.000121410749077857
22911340	0.00113636451363609
22914131	0.00129526367189536
22914261	0.000260835329441383
22915770	0.000380910673118133
22917461	0.00177355597975292
22918691	0.000267750301784105
22918701	0.005201847492871
22920331	0.00104911560573085
22920751	0.0193544021446722
22921321	0.000475222372974222
22921680	0.0151878507224744
22924081	0.00762259770391029
22924140	0.000387979594521036
22924460	0.000555474299639254
22925150	0.00165549998200242
22928201	0.00021168756351556
22928430	0.00420951388143841
22931480	0.00028905539984512
22933010	0.00132199806795075
22933270	0.00202815906487675
22933540	0.0130924565080836
22934520	0.00278608321089353
22934530	0.00125334646205004
22939600	0.0145215622232474
22943880	0.000700281482478649
22945120	0.000736220556291109
22945390	0.000357641248055045
22945940	0.00226816319978212
22945960	0.00179573861460961
22947490	0.0104680297180061
22947890	0.00540453566369068
22949591	0.00208840658245367
22951190	0.000125986558666415
22958971	0.00213401128209802
22959371	0.000317556814171826
22962650	0.000249004483629958
22964201	0.000183146725389837
22965960	0.00138807795552571
22967450	0.000267216312037909
22968331	0.041360612175131
22968901	0.000261859120666577
22972341	0.000393801339745775
22973410	0.000459964915003778
22974930	0.00333057870620187
22975070	0.00125373213160175
22977441	0.00139890650695601
22978831	0.000479993016225886
22978951	0.00035311507042954
22978971	0.00212153916578675
22980331	0.000253852623618718
22980870	0.0016200119876707
22980891	0.131890713602205
22981120	0.000289282258262085
22981270	0.000463930813843504
22982790	0.000416727510198239
22982811	0.00134833249444664
22984410	0.000416923607746095
22985950	0.000700820048844092
22986261	0.00127869223385266
22986490	0.00077878765324511
22987241	0.00446168006035905
22987310	0.00151498099424961
22989011	0.00266448725113539
22989311	0.0142567510277081
22991101	0.354319593178212
22992310	0.00017202082004737
22994531	0.000682666786175558
22996570	0.00130984050021141
22999170	0.00147294180930129
22999310	0.000224857386270123
22999880	0.0165635082305375
23000270	0.00115017245882378
23000580	0.0198570067145444
23001100	0.000962539574904643
23002131	0.0096283465604804
23002520	0.00132975310807457
23002890	0.0191544881566534
23003091	0.000191781800849178
23003720	0.000868179478269462
23003791	0.0019590730051453
23004751	0.00152373867624966
23004761	0.00869139457888705
23005711	0.000572640533678097
23008010	0.000480947541723806
23008871	0.000857418553154616
23009861	0.00247221266936683
23011880	0.00214213464910212
23016030	0.000275086310974121
23016430	0.000305604105967724
23016440	0.000494902282928488
23016820	0.00161801409356182
23017250	0.000273624264851166
23017441	0.000428649885719846
23017991	0.003054710174798
23019091	0.0438629804770518
23020440	0.00317389640753764
23022541	0.000219327148516639
23023351	0.000288242003180066
23024580	0.00141779494118658
23025311	0.00182356840585746
23025701	0.000314417847269298
23025711	0.000394605847281817
23025830	0.00063887326073562
23026240	0.000297910276611156
23026401	0.000328336895503781
23026411	0.000275108073648516
23026531	0.000332193440523965
23026650	0.000241516029200123
23027221	0.0024550988756805
23027340	0.000603937092945122
23027440	0.00108165549260656
23027450	8.26187536809442e-05
23027580	0.000354231156835822
23027600	0.00279204860154892
23027651	0.000204426984093444
23028051	0.000929043408486094
23028201	0.00324384184993802
23028321	0.0413606579579326
23028331	0.000424711208316057
23028440	0.000318787117322972
23028710	0.000377357369647787
23028860	0.000168328209435794
23028980	0.000149905021247442
23029000	0.000753837016250763
23029021	0.000205570306250787
23029400	0.000371709685169093
23029441	0.000348891835692932
23029690	0.00048833930087384
23029851	0.000533477273178747
23030001	0.000488909029267829
23030131	0.000500078027985226
23030230	0.000270112825387991
23030261	0.0015572977779248
23030531	0.000374116483098925
23030780	0.00204492722002161
23030910	0.000431071253312655
23031170	0.000570863141508312
23031221	0.00023315642131109
23031460	0.000771523117743941
23031491	0.000441212908599455
23031590	0.000201670451072176
23031730	0.000336197118361347
23031750	0.000382844649298836
23032331	0.000370154991899359
23032450	0.000993925274041763
23033130	0.00081995184947075
23035211	0.00107627118974131
23035231	0.000569153800796033
23035890	0.000687057117177938
23036430	0.00417067415803797
23037530	0.000662161545102529
23039440	0.000854180212995214
23039880	0.000252639957754002
23040850	0.0406120139166684
23041171	0.0134223958428119
23043651	0.000322855209522096
23044341	0.000897351399536994
23044601	0.00165049773619912
23046340	0.00575002392849845
23047361	0.000250556610442574
23049930	0.002180557240068
23050661	0.00195060076372785
23050910	0.00878209112454
23053171	0.00566589668755873
23053240	0.000337776859496144
23053370	0.00191681999204957
23054131	0.0015836171219664
23055190	0.00806075278276023
23056140	0.0049169720279899
23056820	0.000501288417445329
23057800	0.000285834292570594
23057930	0.000272637485733133
23058790	0.000657879266760903
23061540	0.0017166923480174
23065701	0.0264618148269467
23066811	0.00186364309565542
23067060	0.00186858396752208
23067901	0.0015120002205721
23070671	0.000574307822363189
23072960	0.00290327715628787
23073270	0.00106601908210163
23074381	0.00956413866338494
23074391	0.000347152635789467
23075030	0.0153805512727806
23075440	0.00388229362432616
23076010	0.00189434415063602
23076061	0.00802228922754581
23076331	0.00213699014951391
23076341	0.0856478716582768
23077090	0.000241801586326463
23077971	0.000346578610476797
23079340	0.000657301626007048
23079511	0.000319738028871562
23079880	0.000634260037636577
23080331	0.00559130092532558
23080881	0.000898774510558761
23080970	0.000316056869512679
23081571	0.000994983022865753
23081670	0.00249242830780969
23082910	0.0016665121807764
23087050	0.0014052646716067
23087221	0.000435944161635867
23088710	0.00174446030818634
23088881	0.00779402861550767
23090340	0.0105286840149096
23091740	0.00137907118145166
23093981	0.000349373347016448
23094801	0.000358293531460655
23096881	0.000201685703360872
23096980	0.000409097671285356
23096990	0.00464884865733568
23097120	0.000538575002427544
23100400	0.000517433262015323
23103081	0.00157287030146352
23103091	0.000824301166489232
23103160	0.000239987759376834
23103300	0.000421727825683949
23103351	0.000275421782873238
23103470	0.000451321412586229
23103740	0.0484314268448611
23104300	0.0011956888367097
23104550	0.000612978147305326
23105431	0.000434535722713073
23108260	0.00080801429808909
23108451	0.00123336893873883
23114630	0.0012698227324318
23115310	0.0150504578198286
23115341	0.000656299472312398
23117001	0.000914257858302803
23117841	0.000948194375806478
23118230	0.0134382870928599
23121691	0.0022027665496274
23122251	0.00156360923183139
23122630	0.000308508935449416
23123750	0.00134209164198391
23128130	0.00107126810789161
23129271	0.00325272859414702
23129851	0.00472719888129212
23131491	0.000434145708348854
23132010	0.00150862246716924
23132260	0.000822147866860907
23137120	0.0206643685902436
23137551	0.000276263497740905
23137701	0.000310127633964306
23137790	0.00164065184518862
23139621	0.00212894710821801
23139860	0.0169689827262852
23140581	0.0269359840848118
23142920	0.000533721535192191
23143160	0.00166687405952571
23144710	0.00362388921150311
23147211	0.000623123225079505
23148881	0.0111765247138321
23150381	0.000459258418452954
23151170	0.000353014376549814
23154740	0.00186166776596067
23156441	0.000240212154284275
23157390	0.000527754791155691
23161271	0.000196798020859074
23162671	0.000237823034307819
23163341	0.00365502351750516
23163911	0.000236364795677812
23164670	0.000249115534813569
23164851	0.000612381538555476
23166671	0.000393793794439111
23169650	0.000297070627467332
23170320	0.000352946005619344
23170941	0.00028032035067437
23171850	0.000809384194497509
23172560	0.00992354000223079
23175160	0.000939719271758609
23175710	0.0154902013654196
23180711	0.00243282209251654
23183221	0.000460364016255208
23185281	0.000456608824677812
23185930	0.000449143049448719
23186050	0.00299074294786468
23186060	0.00037439841253367
23186350	0.000323725796341642
23187010	0.000355059448361149
23187310	0.000312953182806182
23187320	0.00334877894102229
23187341	0.00375803199048717
23187471	0.00486854607079007
23187850	0.156295146172903
23189640	0.000177481450422874
23190880	0.000183058556685918
23190890	0.000363070530415608
23191170	0.00365294862159376
23191720	0.000424376553557498
23192181	0.000617447646644766
23193291	0.00139506649941123
23193670	0.00343694825074452
23194350	0.00151521402572367
23194671	0.00145012757677324
23196960	0.0139763378221716
23197131	0.000405369447231957
23197380	0.000261057656805022
23198880	0.0527727664455084
23199160	0.00620856548024278
23199740	0.00211628148939691
23200181	0.0465200115914326
23200871	0.000468083594889521
23201551	0.000400143041544583
23201971	0.00404532827850471
23203061	0.746261039025709
23207730	0.000320448208967729
23208940	0.000332553378752084
23209660	0.00416740181994893
23210231	0.000639141811059479
23211970	0.000599755811714435
23212810	0.0034252598946137
23215191	0.00194053536208754
23216021	0.00192151984577542
23216041	0.00100177755414379
23221790	0.00109723560975019
23222330	0.00125094277632199
23225640	0.000366371918855248
23227331	0.00325304014873154
23228171	0.00478124636877822
23228181	0.00156337696749352
23228301	0.000388128493757396
23228581	0.0105675134214454
23229770	0.000582530880420069
23232250	0.00371640679648996
23234651	0.0301066401919921
23234740	0.00021299088811049
23234791	0.00308384718954741
23235010	0.000396383880906817
23235331	0.000634013069255037
23239170	0.02357770010501
23240451	0.00136169478560122
23240540	0.00107019307353682
23242480	0.000846773845963225
23245660	0.00666541810126236
23247300	0.00116624709423787
23248700	0.00676207784373827
23250620	0.00293849855548565
23250870	0.00318362159812193
23252550	0.000469159376736859
23252711	0.00339553420366316
23253401	0.00408082295683301
23255061	0.00189903541183806
23256280	0.0242871003551054
23257411	0.0083240797818257
23257961	0.019921879291812
23258651	0.000515526586106871
23260690	0.0163062430639192
23261281	0.0162368354536855
23269070	0.021559527712413
23269900	0.000213124300742387
23270060	0.00804536797415635
23271710	0.00084102075143876
23275690	0.00611246358173787
23275830	0.0353764168942148
23276520	0.00208116927582409
23276981	0.000220961065858581
23276991	0.00111836439704767
23277391	0.000333538117754639
23283321	0.000448145398712213
23283450	0.00167271317931352
23284011	0.0194109129433036
23284260	0.00683139244530052
23284810	0.00152783049611685
23285141	0.000934288569774692
23285790	0.00215068640575936
23286070	0.00309293132012908
23288120	0.000920118980220689
23288390	0.000258378234215868
23291000	0.000279625204382094
23292000	0.000912707737217616
23295150	0.00112780452064948
23296441	0.0637006991214578
23300530	0.0668808998889204
23301941	0.000385350077339135
23302170	0.0147122626936048
23302880	0.000742157747343484
23304311	0.00343973039568834
23307280	0.00755814235093707
23308120	0.000253686606644247
23309370	0.0268879245390688
23311160	0.0092783346473699
23312991	0.000202739027047752
23313111	0.00933124843483171
23314310	0.00135623732770231
23316021	0.00165576297030715
23316270	0.0378827769196931
23316851	0.00111528034322721
23317271	0.00358467616329038
23317480	0.00318315583717656
23318351	0.0206863355012947
23320540	0.000555671178145401
23320711	0.00132500554728111
23323731	0.00131433918884066
23324520	0.00137218830167339
23324930	0.0390308559969173
23325200	0.00213850122214162
23329230	0.000245557588338657
23332281	0.00234235856641314
23333900	0.0375260090928705
23337510	0.0210264010770952
23337681	0.000648912052195602
23340120	0.00025663467004698
23340851	0.000803719318873631
23345401	0.00051748180584654
23346330	0.000372160735827305
23346450	0.000894852206627688
23347290	0.00227233335507542
23348151	0.000847453481969446
23352701	0.000552478335315816
23352930	0.0471274870861991
23354310	0.0437864000629599
23355311	0.0106358808737436
23358371	0.000924846698325657
23360581	0.00563359045607428
23361271	0.00236793417637003
23361801	0.000651343938207333
23361900	0.000470274685806566
23361920	0.000410462299188537
23367170	0.000166959223993931
23367720	0.000287262355258203
23371160	0.00275892428210489
23372670	0.00215854830544901
23372971	0.00104405728368159
23374340	0.01696558088509
23378081	0.000823371159056497
23379030	0.000161622675152961
23379710	0.00158137934505886
23380991	0.000655561874620563
23381251	0.0137991706570147
23386351	0.00210848068100765
23387410	0.0019935858743707
23387451	0.00160993304525939
23388640	0.0346761237611987
23391120	0.00184049439404504
23392411	0.00138281955711313
23392650	0.0276611958140004
23394211	0.00323670405304013
23394460	0.000319990225482591
23395830	0.000143485939533154
23396360	0.0389519875996199
23399290	0.020010012154156
23400691	0.000740367025412692
23403570	0.00011943725906601
23404240	0.00188587113846452
23404810	0.000351121470583656
23405401	0.0194876913470572
23408380	0.00084749376712552
23408390	0.0137646390488365
23411000	0.000563520549144881
23413360	0.000193000724329098
23416120	0.0012148982444271
23421090	0.000863438912112637
23421220	0.000645687625659799
23421890	0.00133028031915348
23422190	0.0166585815128388
23425050	0.0306032356473326
23425890	0.0049657026801299
23426610	0.000336616539548302
23429080	0.000200884626354482
23431420	0.0337336951033548
23434641	0.0284331790681789
23436691	0.00759867808034568
23437070	0.00148532545527758
23439130	0.00138424394776598
23439301	0.00203711023814677
23441210	0.00121410749853479
23442290	0.00101111143034112
23442580	0.000236154309309688
23444011	0.00298728710547161
23445330	0.00175510111686044
23445770	0.00300940038801305
23446481	0.000561528863634587
23448380	0.00419962539711293
23450351	0.000541464028279571
23451881	0.000357644956516466
23455851	0.000901139467014963
23456001	0.000341931364271555
23456120	0.00112157057175668
23457220	0.000498807575113372
23461620	0.000270616962347475
23462590	0.000337153913197206
23463301	0.00129021701379908
23466061	0.000342754599233462
23466081	0.000660380117876963
23469101	0.0077905157363029
23469330	0.00273869660324544
23473531	0.000325434752868091
23473811	0.0202761751245231
23473921	0.0273362596143106
23477760	0.000482728540670719
23480080	0.0019974956814157
23480431	0.0013358566285349
23484080	0.00147659358223254
23485671	0.00428666836799074
23486361	0.00191001520977788
23487741	0.00433248540586343
23487980	0.00834724834298516
23490580	0.00820898973793021
23495110	0.000503693427462046
23495731	0.00101025543217428
23496520	0.0164619356322548
23496640	0.000341173044024833
23498020	0.0288803879557154
23499000	0.000492788532755365
23499970	0.0016182301423876
23500821	0.000475761903067657
23503270	0.000571211326111797
23503830	0.00058274428354265
23504500	0.0009153170770008
23507800	0.00025389383592604
23507840	0.00314366788042372
23509251	0.00773432548779787
23509750	0.000609119189893945
23510420	0.000188553208270371
23513661	0.00208041434891801
23515120	0.00240203157310513
23515820	0.00079194522953305
23518471	0.00384355440371185
23519321	0.00036403533270922
23520230	0.00105807689028717
23523461	0.000381591804658887
23526071	0.00157668813658447
23526150	0.145402396392851
23527420	0.000292366215691232
23528070	0.00259344920454879
23528141	0.000392129831630525
23529590	0.002500760150489
23530160	0.00103194943295777
23534180	0.00178226590506121
23534720	0.0110817801012493
23535301	0.000603431530596388
23535390	0.000239757401324806
23535840	0.000919447870057017
23536500	0.00287668283935137
23538730	0.00335501045724026
23542290	0.00211274083074196
23542341	0.0146308795372002
23542751	0.000742111939823128
23544350	0.000213155840315422
23545801	0.000479598529010195
23545880	0.000543793550861177
23545900	0.00337649595636531
23546310	0.000163524622802873
23546860	0.0244293912907843
23547410	0.00114268592103899
23549330	0.00187960796847789
23549350	0.000824465360699412
23549791	0.000249391955671103
23550710	0.00173482803526208
23551540	0.00060490184466392
23552210	0.0011384758981945
23553651	0.00031056109709163
23553791	0.00125441675563822
23556121	0.00248277504460638
23558990	0.00143816762868741
23559540	0.000909999762746082
23559560	0.00947316690577754
23562621	0.0121835370392244
23562690	0.000666433227599469
23563000	0.0069766724089192
23563280	0.0061732758256832
23563410	0.0117530974472793
23563591	0.0273876446326086
23564131	0.000396613452061024
23567861	0.0131428942291097
23569740	0.00694932625771964
23571031	0.00034724398561789
23572660	0.00040762067735704
23573180	0.0837411495594731
23575311	0.000355343244552631
23577050	0.00151788410573414
23578410	0.00135066737991134
23578560	0.0041376000232684
23579991	0.00960291556371106
23581241	0.000648779523336936
23581580	0.000235635401477633
23581730	0.643347379121806
23583100	0.000896563663528278
23584831	0.000373276228072235
23587161	0.000535393607406778
23587270	0.000687353184583395
23589610	0.171932435708416
23590440	0.000711187220252752
23590450	0.00105306481234039
23592271	0.0188981906400095
23592801	0.000411645093677349
23593210	0.000584135798419856
23596240	0.0312284649166721
23599810	0.000577922500402825
23603240	0.00222568890232916
23603260	0.00821302292669683
23605460	0.0238185530672771
23605590	0.200241503878364
23606321	0.0142714706305892
23607031	0.00047866506104571
23608401	0.00285541707527065
23609030	0.00162242295896323
23613101	0.00148619937525729
23613200	0.00107538273485957
23614440	0.000579658596246513
23615260	0.000593997891828263
23615861	0.000206832229575773
23616411	0.00284147463564557
23617180	0.000566246455778296
23617931	0.352944031357257
23619581	0.00457027199255863
23620521	0.00663916351619107
23620821	0.00757151829103163
23621050	0.000481189595636409
23623230	0.00317941242520866
23623240	0.00056852457277083
23623400	0.00185652744043394
23623940	0.0229170657223352
23624630	0.000583179465791677
23632541	0.000326651042761231
23633791	0.0210750026912585
23634030	0.00549712580497122
23637761	0.000324029378159766
23643571	0.000325663909275909
23643851	0.000405560821337962
23644620	0.0149563654359993
23645170	0.00740769632853656
23645771	0.000740901612968855
23646741	0.000291875130518718
23647031	0.00259344121247247
23647301	0.00142646443916103
23647851	0.000192774518056568
23648770	0.0205626039654287
23650410	0.00323218321091507
23650560	0.00113964345306989
23652910	0.003809609370023
23653761	0.0240937665728368
23653870	0.00600061098128002
23654020	0.00277309286860323
23654280	0.000212173201443199
23654570	0.00755396834229357
23656811	0.00447516001807441
23658201	0.000225615291112531
23658321	0.000101267541419976
23658980	0.00185710642308213
23660681	0.000355540548579303
23660890	0.00940715581365383
23660920	0.0119388711641555
23661501	0.000363346807279786
23661890	0.000787738009798686
23662300	0.00127862609268195
23662591	0.000375895846843229
23664131	0.0284182077326855
23665450	0.000226808356242478
23665460	0.000241334039192992
23669081	0.00035023852129648
23669091	0.000175658861844605
23669911	0.00294666810467662
23672401	0.00400675758629933
23672920	0.00132063594044817
23673351	0.0030443324620708
23674191	0.000313961319793699
23674311	0.19711513167641
23674970	0.0029676474500402
23675670	0.000208477950174612
23675711	0.00171862314622247
23677091	0.000423037008649188
23677750	0.000828364460691597
23677761	0.000294859307187267
23680500	0.00508611472000691
23680681	0.000277070290012935
23682410	0.000332721841022562
23682810	0.00121584377141036
23683800	0.00249044920961158
23683930	0.0305259905610825
23684661	0.0169854285673194
23685180	0.00359953786861266
23685330	0.000445192310692286
23686031	0.00313501515351509
23686810	0.00169911876811151
23686990	0.00425539981901062
23688951	0.00472972347757726
23689190	0.00497113504158585
23689860	0.00531028042439001
23690990	0.000266388376949607
23691240	0.00029866440248928
23691950	0.000566237047444333
23692121	0.000760995072599144
23692750	0.00197893384223788
23692931	0.00182060634442832
23693631	0.000300645075155355
23694331	0.00108736814201345
23694461	0.000303353916398177
23694690	0.000699720745897282
23695161	0.00036524845557653
23695510	0.0026359870569967
23695540	0.000469337530765441
23696671	0.000489666714601381
23697761	0.00458564618864735
23698810	0.00188346304823884
23699370	0.00450157974587943
23699421	0.00244917327693143
23700360	0.00166229318950311
23701501	0.00436177875719892
23702171	0.000235385432954223
23702710	0.00125282566989851
23702741	0.000356376997549619
23702830	0.0146414846813316
23705320	0.000920526186748269
23705990	0.000630511809994655
23706260	0.00219049020280207
23707100	0.000251369821273035
23707240	0.00354850468529598
23707281	0.00927097942545587
23709310	0.000432236613255598
23710000	0.0064143535431921
23713460	0.00453418754332868
23714441	0.00220757416909755
23714980	0.0133208555997434
23716190	0.0166739073681663
23716241	0.000194234913382609
23717610	0.00211045921145178
23717850	0.0332159479741807
23718420	0.00189111830581707
23719090	0.000402288874253097
23720920	0.00441214428726505
23721980	0.00123584790150696
23722850	0.0301567467776962
23723151	0.48751719481399
23724241	0.000315474081771191
23724951	0.000579034466800228
23725751	0.000271564491956857
23725860	0.000457346246684076
23731120	0.00768989479821567
23731411	0.00236420340131049
23731810	0.0526300798326528
23732630	0.00152987510953858
23733621	0.00199827691209448
23735920	0.000391475405802682
23735971	0.065645198808269
23737850	0.00354727608783767
23737860	0.001750848667595
23738031	0.00169275817531988
23738290	0.000304335517459883
23740330	0.00299900103103953
23740941	0.000863469285859452
23740951	0.00036174125869981
23743250	0.000427901376797453
23743831	0.000231197507859671
23746041	0.000396491357888412
23748600	0.000476499177100802
23749190	0.000674954214242474
23749580	0.00037723157007589
23752791	0.0305717656075564
23753911	0.0184608811331932
23754301	0.00267864425308371
23754840	0.000674612859028588
23755571	0.000331871186406296
23756521	0.0178959677655091
23757560	0.000332476577643385
23757840	0.000858787214286078
23758830	0.00720984520629118
23760070	0.00360694765101163
23760241	0.0021148204879627
23760781	0.0217388232793015
23761501	0.000766643782862288
23762120	0.000344116377529052
23763260	0.000490209387597239
23765880	0.00115733952122358
23766321	0.000515941689723953
23767510	0.000314366095492278
23768791	0.000935393417341997
23769891	0.00429507744632222
23770130	0.00274935422321988
23770161	0.00180400601770963
23770441	0.00175897026266676
23770800	0.00778888163230983
23770861	0.000579078833213704
23771120	0.000673681508366307
23771660	0.00230387376394083
23772381	0.000270739645017443
23773050	0.0118835771440209
23773361	0.0014965809029634
23776740	0.0159180571872494
23779271	0.000333344384910609
23779380	0.000828134117150535
23779961	0.000210563429505833
23780381	0.0132272194513883
23782451	0.000237705978802627
23783250	0.000356955908513151
23784740	0.00388537705865981
23785471	0.00084619265513181
23786250	0.0120690035093173
23787551	0.000161459765460021
23787630	0.00309758821077057
23787821	0.000372305149692682
23789351	7.82555698181941e-05
23789980	0.00073068060189154
23790400	0.000258988718940885
23790410	0.00147235626294801
23792460	0.000921310018619152
23792480	0.054023592066254
23794430	0.00894006485267963
23797450	0.0534331901156868
23798571	0.00326594520460902
23798851	0.002818850555931
23799121	0.00321139269248332
23800251	0.00117100007834866
23800760	0.00029474581338385
23802711	0.478595246953271
23802840	0.00046405374519592
23802970	0.00332766551056929
23803561	0.0202725695989288
23806571	0.000757372054888325
23806970	0.000960087914125011
23807530	0.072184604834623
23808630	0.000347132670666695
23809010	0.000462730895867698
23810171	0.00230235243760045
23811530	0.00267785361104743
23815011	0.0014695387038874
23815681	0.000328663519188877
23817631	0.00577959217200204
23821700	0.00115490017557087
23822670	0.00250106518791695
23825440	0.00031030205558659
23826110	0.00234283370070933
23827681	0.000374462877231869
23829010	0.00620913110183182
23829040	0.000489982068214966
23829450	0.000427739085116539
23829830	0.00768865977674978
23830520	0.00367440351395872
23830930	0.00110172597156921
23830981	0.000341581834361081
23832641	0.0445673794592955
23833891	0.0247100635118522
23835001	0.052413529058897
23835620	0.00035464953358176
23836480	0.00157875102892617
23836911	0.000434330569860958
23841491	0.0034972283613109
23841830	0.00372270107074343
23842120	0.0111186894699127
23843250	0.000313451372947135
23845180	0.0015142002794406
23845290	0.0201660360640325
23846800	0.00228617515259709
23847760	0.000276299602860185
23849850	0.00210962606110363
23850000	0.000448367780625777
23851421	0.00165462882240921
23853440	0.0429478689541555
23854950	7.60903670457417e-05
23856330	0.000800184062519832
23858250	0.00029229498843999
23859770	0.00270932619200466
23860350	0.00259686402887263
23861611	0.000377804011157989
23862940	0.00177662717563977
23863961	0.000283833070497858
23864760	0.013970077801488
23869720	0.0857860960735422
23871831	0.000232130172158132
23872381	0.000732803503317867
23875070	0.00174389845715235
23875691	0.00188581390411076
23876771	0.00107518248377036
23877201	0.118288062832586
23877700	0.00161531728141122
23880101	0.000273219714447615
23880580	0.000597798308417938
23882451	0.00670644791993133
23886940	0.00131439184707295
23888521	0.00171378155242627
23889000	0.00280112662974736
23889471	0.00139584662641534
23889710	0.000821836247820878
23892511	0.0445015502146346
23894410	0.000190832210796014
23894970	0.00257525356786638
23896060	0.0010372215930872
23896900	0.000765443385785683
23897160	0.000845789925496028
23897170	0.0056581818811368
23898270	0.0025067487959839
23898530	0.00066551426774881
23899261	0.00298234381243158
23899941	0.00151738941391489
23900480	0.0008199214872623
23900880	0.00152296196480336
23901410	0.000501865647388702
23903500	0.00171451533948156
23903650	0.00394410920927178
23904241	0.000865797518563917
23904351	0.00380278818458509
23904720	0.00060489078165022
23906301	0.000721471939457423
23908590	0.000257065110081028
23908651	0.000226762121602511
23909430	0.00068083997410363
23910000	0.00115376452045092
23913731	0.0170379903725442
23915370	0.00033967546634974
23916361	0.0340017082652595
23916491	0.000431348657527178
23917181	0.00760617792111916
23918151	0.000643242948225169
23921830	0.000922424449572567
23924091	0.00221928555922666
23925170	0.000500464037488317
23925591	0.000394086422791516
23926380	0.00175298136867611
23927640	0.000440339848885793
23928101	0.000484628706759055
23928221	0.0316305414921157
23930650	8.41487275720828e-05
23933041	0.00275698348549736
23934780	0.00191315162278385
23935100	0.00862081358431478
23936491	0.000284694178596971
23938851	0.0517643588669395
23939080	0.00034650326187947
23940631	0.00032666253987403
23940740	0.000290425364262617
23940750	0.00161611896953133
23941270	0.107496928307067
23941451	0.0743011610527874
23943391	0.000329959604299081
23944371	0.026714313416131
23944470	0.195801143342906
23944641	0.000456628546193446
23945400	0.00049202579339126
23946660	0.00138315165066774
23947121	0.00491026346941145
23947910	0.0202850982685643
23948911	0.000624066029114301
23949170	0.000205558302550415
23949840	0.00569623984208278
23950520	0.0018176963261497
23950561	0.00100293351693199
23951790	0.00124872912274941
23955210	0.000303192097805014
23955391	0.00285817934343414
23956211	0.140840967436148
23956880	0.000394926444775107
23957720	0.00176512664172045
23957891	0.00345790099558408
23958110	0.0024210452376163
23958141	0.00286656505562517
23958431	0.0103856296765422
23959470	0.00112402966817661
23959681	0.000528506578536301
23959801	0.000545111579100662
23961840	0.000512003708169794
23962110	0.000450073375462702
23963220	0.000435659778347588
23963650	0.000223248669572841
23963821	0.00041506617113772
23964641	0.000383842261903838
23964860	0.00143988998434517
23964870	0.000152235891027569
23966141	0.000256944625171981
23967111	0.000423785657526665
23967780	0.00115384701859672
23968870	0.00174277521578576
23969331	0.00141095788292091
23971090	0.0248602277826834
23972180	0.00111792323562548
23973171	0.000384446105061114
23973550	0.00125717452962209
23973680	0.000544643304419797
23974151	0.00144048233865833
23974841	0.000243949571776361
23975381	0.00407902738417075
23977331	0.0167569351153334
23979210	0.000468983489218429
23979220	0.0172114504941591
23979620	0.00101187734724947
23980030	0.0340759649551826
23980450	0.00589587334922253
23982250	0.00021070549180478
23984231	0.00424062790823233
23984911	0.000373880328040209
23985000	0.00767480704407527
23986711	0.000242368825431868
23987370	0.00137266502130519
23988631	0.00051825401539677
23988781	0.000918449169079587
23989690	0.00107715398335398
23990520	0.0035905116540522
23990790	0.000374469811735728
23990800	0.000346787384235675
23990810	0.00109301963318234
23992050	0.000663445893114256
23993420	0.0141598512266457
23993950	0.000171748612943532
23994971	0.000541951224557871
23995391	0.000188876034472021
23999210	0.000231452793016911
23999490	0.00534885539653093
24003811	0.000175806054924415
24003890	0.000576017908543725
24003920	0.111542192284079
24005031	0.000271957120344272
24005041	0.00161402062361121
24005840	0.00102432821201982
24006100	0.0238555454990639
24006120	0.00790456290710355
24006291	0.00224491468168429
24006551	0.000572071559306622
24008190	0.000814247728489097
24008221	0.000661167131105158
24008751	0.000298761680315881
24008761	0.00128317440691874
24009871	0.000259871799944311
24010790	0.000700218586357027
24010851	0.00166887120311099
24011070	0.00279971257117936
24011910	0.00544106357964222
24013570	0.000436349517724523
24013581	0.00206772636749394
24013690	0.000241675807783464
24014500	0.00243335185757554
24015931	0.0115856906884722
24016190	0.0368726030630516
24016450	0.000338370735652466
24018390	0.000336401980803556
24019760	0.0432111624146547
24020891	0.000387687808102106
24021680	0.00122123433672772
24022790	0.000548812270570977
24022971	0.000354434560580506
24022981	0.00109478702306941
24024040	0.000174014372371796
24025530	0.00307490459150279
24025601	0.000892179245944974
24026650	0.00355291282445177
24027391	0.00124270338738605
24027470	0.000436564300776648
24028061	0.0015506023353913
24029820	0.000372339330775196
24032481	0.00271998573065492
24032491	0.000657852926196571
24032901	0.000513966340532088
24033120	0.00193981497689228
24035090	0.021927222272204
24035320	0.000306860003465905
24040501	0.00079431395429894
24040911	0.000918998705233928
24041161	0.000205370976997011
24041810	0.000243304889331609
24042681	0.00120072698349387
24047261	0.000341647876538044
24050640	0.000217274285868091
24052771	0.000932656769820201
24054920	0.000317577314871656
24055371	0.000384946269600597
24055490	0.00157226661900221
24055620	0.000838936732687242
24059350	0.00054691782281744
24062401	0.000270865639927827
24064290	0.000478890310323389
24065260	0.000362130701754977
24065311	0.000443173124271473
24065451	0.0956695040566892
24066100	0.00554341756788822
24067870	0.000421630089125679
24068361	0.000222413475955316
24069441	0.00125880298066612
24071381	0.0464992806470066
24071910	0.000194536076918702
24072351	0.000911787402556734
24072361	0.0155382689040223
24073120	0.000232628734978576
24073451	0.000928599642854624
24073731	0.000557867649215341
24074530	0.0105158255885366
24076170	0.000886021523314362
24076320	0.000218435365029865
24076891	0.00207434750368486
24078350	0.00999886797274008
24078490	0.001174569791015
24078961	0.00304370272290397
24081280	0.000354883474952201
24082401	0.00209309889406816
24082530	0.0101532643594583
24082971	0.00670594126862653
24083111	0.000162081645156369
24083371	0.00141555253644534
24083910	0.00298343766853562
24084221	0.000611374987554841
24084460	0.000458662315421945
24085010	0.00710864095115386
24085571	0.00048674073193309
24085861	0.000592193104901621
24086670	0.00270795722436834
24087610	0.0062364024069036
24088471	0.00221651067684245
24088860	0.00425450441030365
24090670	0.00990438717466125
24091490	0.000328695078445633
24091770	0.000296132038525313
24095770	0.00244774457432333
24095890	0.000187001079206212
24096170	0.000404126360544926
24096720	0.00398838609988665
24096751	0.01393551489649
24098910	0.000240191720208734
24100030	0.000258104497125492
24100170	0.00116898248046827
24100211	0.0251638230253542
24100600	0.000544344454008972
24100850	0.00235328874587505
24101540	0.0152347062309594
24101721	0.00420074809850758
24102681	0.0011984694501546
24103210	0.00032562049793341
24103320	0.000360521935343733
24103641	0.000374759488584067
24103890	0.0121581972390502
24106401	0.0308651692591914
24106630	0.000391861966093011
24107180	0.000494946469063536
24108430	0.00152426402339637
24110230	0.0297994165875568
24110650	0.0281980816214214
24110780	0.000321490389657185
24110790	0.00112523226427853
24112170	0.0750259963617301
24112191	0.000514251683645038
24112690	0.00582635215263559
24113171	0.00148387621021172
24113981	0.000340239474413689
24114250	0.000570865483230484
24115391	0.00068784175465301
24115460	0.000552050218584158
24116000	0.00280483718057925
24116460	0.0646321934838877
24117431	0.000453763461388862
24119101	0.000669951503734807
24120720	0.0119179420763349
24121041	0.0017206043885455
24121120	0.00422468868158181
24121800	0.00419948127453381
24122210	0.000961467747325608
24122500	0.000287898425404096
24124570	0.000363387843447612
24124611	0.0018628799599319
24125830	0.00230538260137078
24126531	0.000256765851361411
24130141	0.0223591548057808
24130691	0.00110559955660217
24131921	0.000568597917972546
24132010	0.0595507845985434
24134520	0.00134885254365083
24138541	0.00107997573873999
24139900	0.00938187907118045
24139921	0.000304885344116775
24140420	0.000277208030591702
24141701	0.0011811695390984
24142940	0.00267809344777093
24143740	0.000620644639921174
24145301	0.0185437715247755
24146421	0.00234616309598121
24146490	0.00047185685392116
24146691	0.000184898166049646
24147771	0.0914392621750411
24150131	0.00033102102802015
24152071	0.000270484263541697
24152351	0.0016280492263604
24154630	0.00339089439487313
24157571	0.00333948380657978
24157851	0.000629502483610524
24162090	0.00122074544358727
24163860	0.000443836722795742
24166480	0.0227774397148768
24166910	0.025452074715627
24167060	0.000541879697204476
24167310	0.000377509143626918
24167590	0.000390431603955717
24171091	0.0222776943510231
24171200	0.0114055046209565
24171210	0.00386519350984792
24171241	0.000414732664343509
24172410	0.00192805117006554
24173161	0.000541844047097279
24173390	0.000287812947878602
24173930	0.000219265535001348
24173981	0.000156543829406518
24174500	0.000652723002345307
24174520	0.000520900235419914
24175101	0.025901035217978
24176130	0.00116717018011541
24177260	0.000399933532785768
24177800	0.00199371412631846
24178801	0.000320063184159783
24178920	0.000276464773635576
24179241	0.000353102628383566
24179651	0.00121474652353008
24181130	0.0106573821256346
24181250	0.000419138847075828
24181270	0.00104069556975473
24181981	0.000324799942994283
24182401	0.010139097074417
24185291	0.000241688055298433
24185701	0.000313687993255158
24186961	0.000212993974936926
24189240	0.00999964055594157
24192300	0.00674458220441383
24192680	0.00165414633462171
24193400	0.000249174993614289
24194340	0.000381074869899199
24194760	0.000435245067836654
24195470	0.000346283576941473
24195631	0.0142891211459151
24198070	0.0014772447574967
24199030	0.0116598680301908
24200990	0.0131521597581282
24202780	0.00444773146714992
24203091	0.000206048984139032
24203511	0.0485901097356521
24204550	0.000586566773200769
24204960	0.000682329779675546
24205011	0.000432448381577577
24206900	0.00607754341348804
24207610	0.0068599181455172
24207931	0.000538340066538608
24209100	0.00025843964782194
24209120	0.000662619607738099
24213441	0.000439380139438022
24214760	0.000317044058613756
24215091	0.000770017287440931
24215761	0.0080431225761339
24217031	0.000191428756546269
24219300	0.000596289755458215
24219491	0.00174202896259407
24219720	0.00276238152561438
24220430	0.00133125013512067
24222200	0.0017192794107678
24222391	0.00371101352865322
24222790	0.0104790892155455
24222801	0.000436466119173954
24223320	0.000139101572617987
24224270	0.000343761603301562
24224731	0.000418455448032901
24225141	0.00192850397973157
24228150	0.563670101610175
24228170	0.000474716947992916
24229571	0.000502332623537637
24230661	0.0287243478701401
24231091	0.0384853526587217
24232400	0.000351670760844926
24232451	0.00624493513756725
24234961	0.501675325648387
24236540	0.00793237113444885
24238620	0.000760467507275631
24239901	0.0105447485775992
24240720	0.00104726262745094
24243160	0.00256933154550983
24243720	0.000440781025945156
24244020	0.03434863726212
24245400	0.0011990903737005
24247330	0.00204841818987831
24247491	0.00119040476249424
24247870	0.000238658736016153
24247901	0.000578402973963306
24250241	0.00364458571041086
24251361	0.000511072136978222
24251621	0.00189624646699338
24251911	0.000696397975604915
24252300	0.003532963581115
24253851	0.0369638829992896
24254750	0.00195427921106342
24254791	0.00686594866762161
24255850	0.000699696534511797
24256260	0.0144521766071646
24256591	0.0098885684354019
24256710	0.00393499936814472
24258101	0.000128963622591977
24259580	0.00604137443701419
24259901	0.000117125206654284
24260300	0.00509324665170347
24261301	0.0129624542571352
24263320	0.0090292826053035
24263580	0.00698573063351546
24263590	0.0085666575393291
24263720	0.0053074919481214
24265161	0.0137421442060964
24265920	0.00383983152429131
24266121	0.00107727903888244
24267511	0.000323581734210123
24268120	0.000539225734762333
24270821	0.00182344285732913
24270890	0.000205496349786096
24272120	0.000334030320538811
24272550	0.00356081528083116
24273301	0.00102842479614496
24273540	0.000893422371787138
24273831	0.0116273311547294
24274931	0.00131905138774741
24275300	0.000510711514256204
24277120	0.000380819873542279
24278230	0.00343444398169708
24278620	0.00163146459038013
24283860	0.00148443444526177
24284451	0.00107608889893087
24286391	0.000873562056878392
24286510	0.00383335627049375
24288540	0.0010239352081646
24289291	0.00641373039706299
24289301	0.000239063886365587
24289431	0.0013090125617886
24291361	0.00253910603647525
24298080	0.00114212786426792
24302210	0.000219176664729093
24302630	0.0883166436946868
24302890	0.00133592859778528
24303081	0.00554768692787363
24303491	0.000329627283291814
24309701	0.00127348016170287
24316680	0.00110209474144833
24325240	0.00179523561844836
24327290	0.00242980972354729
24327621	0.000883101032723049
24335501	0.000859919285880311
24337390	0.00371754203658595
24344290	0.00130726249706429
24346460	0.00185955018992269
24351450	0.000299063491785828
24352560	0.000404905097647069
24353401	0.000550859956225663
24357770	0.00305669490036224
24362360	0.000404780187494698
24362630	0.000950963123416251
24375590	0.126169967295058
24377100	0.00202089687733864
24379491	0.000365465499481279
24381390	0.00188322207306844
24383140	0.00165967054253839
24383881	0.000126781702180914
24384810	0.000450497702403638
24389541	0.100033906241011
24391710	0.173904557810503
24392420	0.000478450669973222
24394770	0.0211386843653765
24395450	0.00680584202755721
24395710	0.000175317693401307
24399881	0.000969170854502092
24406781	0.00066957312114271
24408130	0.00231518510138645
24409900	0.00567430468845962
24411061	0.000828251456192486
24412851	0.000603991360706404
24412861	0.00153022632447478
24419331	0.00269297667567372
24424140	0.0138130221031068
24424581	0.000357137760781014
24426661	0.0176120547277876
24434330	0.000774325029306902
24442030	0.000295377230509221
24444581	0.0253249888481235
24450860	0.00416225500204916
24460270	0.00557061348468471
24460660	0.00682347932782246
24465900	0.000751920469840826
24472301	0.00168467139877367
24474350	0.000227191144649113
24475010	0.065251571114696
24476810	0.000585206638803627
24478870	0.000888096101446633
24484110	0.00275519718797064
24487280	0.00287206336199489
24487471	0.000255796589279108
24493360	0.00187093500478497
24498450	0.00551393670382954
24499751	0.000294387690111868
24502320	0.00340035414058202
24507321	0.00129074884336336
24508120	0.000318558105488597
24508701	0.0173322535209979
24522641	0.000582427957079491
24523440	0.000874961182991221
24537230	0.00492537201581575
24550091	0.000330125110275488
24553230	0.0018563506380354
24560991	0.0092423299933871
24561340	0.000401711401899486
24565261	0.234918587694643
24566470	0.000602029830929968
24571000	0.00288294292234858
24571700	0.00197255981326503
24573340	0.0042213872454319
24575311	0.00199246900013948
24576650	0.00026975733381845
24576680	0.000238871502807691
24577510	0.0220498943450901
24580831	0.00230887666019529
24586160	0.00037848286850763
24588151	0.000723933651131146
24589500	0.188096469484238
24590091	0.00358032294683735
24590470	0.00250670660058596
24593910	0.000424860412718755
24594990	0.0025609504826393
24597360	0.00546461506918436
24597460	0.000795810875368437
24604701	0.0535654819802225
24610180	0.000223426308189211
24610641	0.00109210417613937
24614901	0.000741933608839294
24617241	0.0059685710914966
24618201	0.000336015480179021
24620961	0.00722703913377963
24626501	0.00206946506438345
24626730	0.00678161616114654
24632400	0.00291358661735576
24634300	0.00280637672393534
24639000	0.00136563417134256
24640080	0.00191948973278093
24652131	0.0041849904928583
24653870	0.191259970932175
24655670	0.01047914949925
24660490	0.000906423284890428
24665360	0.000353505620520459
24671810	0.00162903815110253
24674761	0.00201924587675942
24675301	0.000435659981026711
24681931	0.000356338509859281
24684800	0.00562910799148675
24686631	0.000612885565864206
24691800	0.000648854788366501
24691820	0.0460745028868751
24693910	0.00148897853932897
24695390	0.000324257303179122
24701770	0.00770305045785105
24706621	0.000472914315033043
24713101	0.00150794462142326
24718000	0.0875956989165121
24721470	0.000716112581701095
24723380	0.00473485988250652
24724131	0.000218383937885186
24731790	0.0171820143198912
24732370	0.230029261184511
24732790	0.0118063410419729
24742140	0.0135721696495913
24744660	0.000598946407666816
24751940	0.00427952248600014
24756961	0.00947380079325029
24760780	0.00138657015779376
24767140	0.0015297058784926
24767820	0.00145257769666951
24768391	0.000390014661101087
24770570	0.00695507539642471
24771370	0.0014348648137253
24771380	0.00698182345841035
24773900	0.00037921371500773
24777070	0.00834505907789905
24781491	0.00552584264274304
24791380	0.00175023270957758
24801440	0.29913156408308
24806820	0.00146166882447454
24811431	0.00320092413609188
24814830	0.00483563444093045
24815240	0.015908284124488
24819021	0.00118394508088532
24821740	0.016685560191563
24828941	0.000387622928413635
24833361	0.000394958675353977
24833450	0.000927792631729863
24837570	0.00125337970419091
24838830	0.00173259545361421
24840791	0.000237236970195039
24852101	0.00228758221899977
24860531	0.00130851012698358
24864470	0.0800783879846074
24868510	0.00135091856090467
24870130	0.00648650887259738
24874041	0.0216178034576153
24878980	0.000856333579009763
24879100	0.000257552300517012
24880600	0.00715018152333132
24880760	0.00178492326374811
24881710	0.00093137165591522
24882020	0.0220930897047031
24889740	0.00261057132498083
24891131	0.000609664577196871
24895711	0.000904941405920387
24900080	0.0024598034769412
24902441	0.000437687876944498
24902560	0.00142710951395757
24906741	0.000714885246335219
24907670	0.00354459351813675
24913720	0.00163912757913327
24915670	0.0107272394036158
24916740	0.0100276425821576
24917880	0.000602634842914522
24921180	0.00136401775762747
24922570	0.00051179915402846
24924640	0.000820385151760282
24930250	0.00881384374670732
24931831	0.000507623215809893
24937440	0.00234519296676636
24939910	0.000847304287588679
24940620	0.0199876778264466
24941621	0.0045050611433794
24941901	0.000230750906515919
24942430	0.0124942903993128
24945071	0.00190943400199535
24945600	0.000336695174033421
24947281	0.00148595509722235
24947350	0.0046858096006139
24950130	0.00735024834888095
24952231	0.000569485491309416
24952760	0.000945733041837169
24954161	0.00303343514264005
24958601	0.00550104031153692
24958711	0.00137936763526886
24963800	0.00223801647708786
24968330	0.00165729686138081
24970721	0.000194135035689472
24970991	0.0188005824282944
24971100	0.00888794546645243
24971681	0.000357902434006873
24978021	0.00471041234370442
24978451	0.000869365651957776
24980521	0.00191136148314726
24980900	0.000753088039737134
24985061	0.000838797142553494
24987920	0.00248835715890718
24990680	0.00804235852102548
24994861	0.00187812030352491
25001351	0.0491960661682037
25003691	0.00580752450306401
25006420	0.0309714212871987
25008231	0.00203591658344333
25010560	0.0881295401053328
25012320	0.000810321021879718
25014960	0.00153609189089524
25017481	0.000573936577331908
25020210	0.0377231501458845
25021410	0.00350312076353934
25025590	0.00903704901397739
25030151	0.00196204865368913
25030830	0.00512335791612021
25036101	0.002872578944362
25043541	0.0011864325672623
25048050	0.000223688163052828
25049040	0.00366033134112797
25054561	0.0011457720436519
25054701	0.000260454154239331
25057020	0.000467960359846212
25058421	0.00149125306241999
25067261	0.000182434098079103
25068450	0.00601129378782592
25070301	0.00193064554108308
25072771	0.0146998604730513
25077201	0.000516109284640404
25077300	0.000675639076490881
25078940	0.00196299439630294
25079111	0.00536464016431722
25079490	0.00175958236030477
25084600	0.00214146648586807
25086960	0.157722546732303
25091811	0.000579355188408632
25093680	0.0016268506621813
25097321	0.000229114871022031
25100101	0.0028709578672599
25102691	0.00114980821097773
25104590	0.0628570654720916
25113130	0.000632654941357999
25113181	0.00363780868244276
25118390	0.000461951679310845
25124030	0.00397853683229601
25124040	0.0100523120352526
25130281	0.00215530036385537
25140610	0.00253627820903379
25154650	0.000520811861726479
25155200	0.00464781650805335
25160290	0.00471171966238053
25161820	0.00524980124330233
25162110	0.000597523364617093
25166380	0.00560038215426483
25167080	0.000337820765513811
25169041	0.0021053648697926
25170250	0.00169971770032195
25171521	0.00886118967284293
25173960	0.0145640811007037
25174971	0.0060259000615844
25176840	0.00205359462474606
25187900	0.00200212392137324
25198950	0.000795687790462267
25211521	0.00630580906636136
25213311	0.00108473758224116
25222500	0.00447106894369403
25224450	0.0056135735578149
25228300	0.000785285257890183
25231870	0.000676151416902242
25245571	0.00235490473126727
25260430	0.0100508924983924
25265800	0.00126372268033545
25274421	0.000681844946373282
25291070	0.00712247431213144
25299490	0.00287840116545751
25301930	0.000733614055849537
25304211	0.0192934493472834
25308010	0.00498661810110171
25311781	0.000149747515440883
25318790	0.000585441929003442
25332410	0.0323005876056411
25339791	0.0045416159899779
25344160	0.0172678966131906
25348420	0.0015130732905106
25356700	0.000334008696630981
25363860	0.00139744210900864
25380970	0.000256220892049671
25383990	0.00333290914182504
25386121	0.00644762158600679
25402490	0.00147254952476418
25405090	0.00246005640928629
25408321	0.00436250514354829
25413281	0.00484864767982151
25418811	0.00123999520843516
25425400	0.000122893114653551
25435050	0.00257521672821854
25441640	0.00201047662380356
25443091	0.00165831564879243
25444570	0.0210235941665579
25448321	0.00808040392969021
25455761	0.000253367030025147
25457561	0.000292380987542329
25459300	0.000719089875885563
25461281	0.00155846738753574
25467170	0.000540927991810503
25471901	0.00124662557381311
25473120	0.00724307476782272
25473220	0.000205871706055965
25478750	0.0158096874395926
25482371	0.00107870352274787
25485540	0.0321597896395706
25494050	0.0246552670934261
25502220	0.00212021988449293
25511020	0.0794729611509659
25511850	0.00185029461555003
25512970	0.000930553887765326
25516861	0.0819403020699796
25525920	0.00154700380267281
25530600	0.000141414455240893
25534241	0.000757205484498958
25536150	0.000640639815594601
25538251	0.000597253934219968
25542620	0.000470223574100814
25553390	0.0376897312967336
25555560	0.000324479434969092
25557210	0.000597372339283631
25559460	0.000800450325673154
25562781	0.0177278109309063
25563621	0.000756244611148021
25564171	0.000427076468830089
25564581	0.00300511842873601
25566050	0.000547195272095469
25566381	0.00790566068480192
25570801	0.0010966266635945
25571071	0.000824310869225418
25571211	0.000358670746603695
25572871	0.00121716735768705
25573080	0.00672588395811688
25581401	0.0117952972047968
25582511	0.00757539592197964
25583000	0.00242617336326439
25588181	0.0238035048332519
25588250	0.0247457370882368
25596140	0.000187669118559312
25596680	0.00351736611115878
25597271	0.000253857482693972
25597360	0.000710587774533644
25600540	0.00769802779294297
25601100	0.00241116327046858
25609821	0.000288793225506974
25613220	0.00149870933170558
25615830	0.023366312754809
25618740	0.00046523909981428
25625141	0.0072440310253649
25635010	0.000333249034471972
25640431	0.00242080625518957
25642760	0.000570329389529742
25646511	0.000900349409186698
25649750	0.00154323083810973
25649941	0.00122391430203111
25652670	0.000710620306013909
25656270	0.0111536376929531
25657060	0.000545884248414511
25658771	0.000298103920211752
25662860	0.00413719639033262
25664650	0.00565919015808709
25664950	0.000475860703797858
25665760	0.000229975527715889
25669541	0.0854957096782547
25674371	0.000832266423848219
25675280	0.0191406731757168
25675341	0.00164785011245669
25675410	0.000237970088740153
25675980	0.0133888134400205
25676920	0.000259631700635383
25679550	0.0404367412755049
25679891	0.0175552296532008
25681350	0.0673766317668724
25682081	0.00848189049306057
25682631	0.00454873693300234
25682921	0.000700154576231855
25683731	0.00234942476825908
25687960	0.000837711015500963
25688920	0.000256407865493877
25689521	0.000961720778350582
25690480	0.00101251211037026
25690781	0.027236672677671
25698990	0.00365567651914179
25700960	0.00500357542271803
25701060	0.00967382887585312
25703751	0.000799814953259003
25704161	0.00432158395876098
25705340	0.0100167100854879
25705760	0.00678902283510739
25706020	0.000201009692242206
25706850	0.00205649824895924
25707430	0.000157375762488231
25708141	0.000240167207567958
25708230	0.00779859124604486
25710570	0.000408105320933983
25713941	0.017435668453883
25714221	0.0463303104714028
25714501	0.00138646533660522
25718310	0.000478781915730282
25719840	0.0365464565789704
25721401	0.000312276630641484
25724390	0.0031359632923152
25725370	0.00400906842809585
25727270	0.000679479018712888
25727960	0.00137862821119775
25729480	0.000372993552989806
25729890	0.00793330871394429
25729900	0.000642065596070458
25730710	0.000564673576034338
25731321	0.00157100310258468
25734720	0.000191751979809251
25736961	0.00276237463799423
25738750	0.0128697913591575
25741681	0.0112613718527041
25742860	0.00139946167773093
25742980	0.000394069726110091
25744831	0.00104235131392594
25745780	0.000312388614109877
25746040	0.00613388100666685
25746740	0.00336805649731234
25747000	0.00175853141630046
25747540	0.000347132613909851
25747990	9.88895791324052e-05
25750750	0.00270998561098495
25751960	0.00024454741348542
25752291	0.00349607910706404
25752370	0.000341348868460796
25754290	0.00076514493549246
25754590	0.00448003291386423
25754921	0.00894435529148071
25755331	0.000258762297504271
25756090	0.00057401544380702
25756930	0.00898703911953591
25757251	0.00872634916995105
25758060	0.0051041243885234
25759160	0.000418043403247274
25759960	0.033567277818858
25760571	0.000206093183640347
25761080	0.0111847925064268
25762040	0.000898702225635586
25762450	0.00805439381743709
25762470	0.000637583560956855
25763550	0.0010166566511704
25766570	0.00215050457383017
25768530	0.000741135577533232
25768851	0.000249299626072493
25768910	0.0642173123162158
25771400	0.000322679411304443
25772161	0.000461731537803628
25773900	0.00181389960513591
25774720	0.000272785758723312
25774751	0.000421521417416535
25774911	0.000487717626368312
25775980	0.00569098929329128
25777511	0.00118629204575982
25777941	0.30511188178729
25780080	0.000318562299037259
25782470	0.0242360210023035
25782570	0.0178124587930971
25783191	0.00736835292156597
25783420	0.00276912287211059
25784141	0.000264577150299182
25784510	0.00714271697376929
25785951	0.00356827476434171
25786740	0.00193174634563014
25787721	0.000420183271656811
25788500	0.00172139077374903
25790030	0.0137377457236837
25791410	0.000990739930004221
25792080	0.00526095296681215
25794221	0.000542568958727913
25794980	0.0027227518158339
25795010	0.000341952935153687
25799950	0.000760870967796571
25802170	0.000471734757570203
25802631	0.000814110106318384
25803430	0.000519787920186618
25803840	9.63598988557241e-05
25804100	0.000126593612599281
25805360	0.00034224602784736
25805910	0.0690022688897783
25806720	0.000735923774218975
25807000	0.000587051920236914
25807430	0.000535438937293155
25807830	0.00487715780235232
25808001	0.00773830854584441
25808940	0.00562602096305034
25811120	0.0027398955594259
25811840	0.00120052904122016
25813330	0.00608583931131181
25813340	0.00112817534844342
25814901	0.00285847365590052
25815120	0.00741289216713029
25815181	0.00256383902320433
25818560	0.000288037238765013
25819161	0.000162443457487402
25821080	0.00228629053382242
25821101	0.000684748832339083
25821210	0.000634118463423298
25822570	0.00110996919465093
25827390	0.00300463696403275
25828131	0.000121142870735289
25829610	0.000618256412115502
25829740	0.00120054498586114
25830191	0.000276770058463235
25831140	0.0136649965923855
25833801	0.000191290238748584
25834710	0.00291326014727613
25834870	0.00524479753266568
25837101	0.00180462579868446
25838590	0.00066352430590202
25838761	0.000517946565675851
25839810	0.00100144293384099
25843041	0.000802068616993433
25844350	0.000326103331894638
25845050	0.0390681171681964
25845511	0.000391843127518889
25848110	0.00456236519995173
25848490	0.00052365980821819
25850570	0.000225389176909541
25851950	0.00471998663890329
25853101	0.000311783772919099
25856821	0.00093768604387155
25860080	0.00173898348534238
25862170	0.0100206184485271
25862320	0.000131037700468254
25864261	0.000311213430304153
25864401	0.185093024656722
25865330	0.0160170597255374
25866621	0.000300700320379659
25866850	0.000421363923754279
25869511	0.000264865628716041
25869890	0.000160784756724867
25871970	0.0020557469322125
25872760	0.00139566244277769
25875130	0.00087406577608569
25875550	0.0203821486053299
25875571	0.000797097365076757
25876561	0.000253397504748182
25876800	0.00464623649545042
25877911	0.0022016542413184
25878741	0.00231791329812383
25882201	0.00198556741829916
25882550	0.000751500330278886
25882901	0.000242549697532621
25883380	0.00713944728797797
25883670	0.000254934511109786
25883800	0.000388266846780919
25884121	0.000336826245021973
25884380	0.000317543958290005
25885521	0.000335535272003207
25886730	0.0256174437976206
25888070	0.000584692410193589
25888141	0.00193099157338949
25888360	0.000284236628270947
25888500	0.00179586465613033
25891181	0.000190763617904815
25891670	0.000217309081246186
25891790	0.011299067900217
25893180	0.000380549809164475
25893190	0.000696186584505517
25893890	0.000340942793973014
25894320	0.00233938731140056
25895680	0.000316951346640449
25895820	0.00566114408157158
25896070	0.000319493894502544
25897180	0.00118640195051403
25898040	0.000747854796243783
25899520	0.000368518678253131
25900780	0.000485411244451807
25901740	0.00246355986191881
25902010	0.000407707244358883
25902611	0.000436270047542225
25903291	0.0407465112966839
25903451	0.00625632717902331
25904240	0.000256627105957706
25905521	0.000498166414733846
25905631	0.000388441983425801
25907680	0.00100559464073632
25907810	0.000377891499168068
25907861	0.00137444530064821
25908360	0.000318347008342948
25909460	0.000319215423516269
25909490	0.000406781626643558
25909911	0.00341358780745058
25910690	0.00025765660220521
25912281	0.000219580861470404
25913890	0.00100220771999719
25914061	0.000111185501253262
25914270	0.000954993008425266
25916210	0.000475272801451882
25917310	0.00211547899663052
25917720	0.00123236405863527
25917890	0.0500515121780376
25918051	0.000382082725422555
25919100	0.00267992107912059
25919680	0.00741643580693663
25919861	0.00163421649128769
25922331	0.00405596663945621
25923240	0.0732777920883678
25923690	0.00218513413739437
25924490	8.39310088209973e-05
25924831	0.00113113906337621
25925200	0.000685052461662922
25926010	0.000212751365367013
25926980	0.0962787706898998
25927571	0.00316568924113726
25929781	0.00204097688029888
25930010	0.00447768894370822
25930040	0.000325736915605327
25930860	0.000370100822393526
25931031	0.000978027754788108
25931100	0.000290865932115665
25937221	0.000361120018285666
25938570	0.00576143422151454
25939800	0.000208662329709111
25939940	0.000227847933159167
25940551	0.000266502556582613
25942321	0.000105908765334697
25942690	0.000545280210672166
25942881	0.00177322372064509
25943171	0.00731490360272522
25944411	0.0125558094927489
25945221	0.000954302449440037
25946170	0.00334280003815172
25947950	0.00974122847521402
25948900	0.000304752672407352
25949060	0.000394104623022897
25949170	0.000856015174721124
25950621	0.00164936937425659
25951161	0.000462804330841613
25952790	0.0529134862708023
25953491	0.0011345295558364
25954280	0.000385510416719702
25954430	0.00384787312102812
25956001	0.0018048252697968
25956100	0.000163284528161013
25956681	0.110877846592118
25957771	0.00335604910186576
25958830	0.000624709690971184
25959021	0.0060761285154712
25959920	0.000569924381387132
25964121	0.00769382113711778
25965030	0.000378588515484982
25965091	0.0906543094069559
25965351	0.010494550275848
25965371	0.00170867496251197
25967841	0.000843972288969419
25968490	0.00114866555658536
25968531	0.0036978654810326
25969241	0.000194986077144083
25969310	0.000106055743376008
25969330	0.000209537972210503
25970181	0.00255719259097136
25970881	0.00138442179798193
25971270	0.000593804390049862
25971831	0.000542842238819956
25973610	0.000530632343884154
25974051	0.00111013461067043
25975120	0.00180840379302722
25975260	0.00880048371965603
25975291	0.000468787769812683
25975380	0.000269655563522022
25975790	0.0143522434275521
25976060	0.000274431059796106
25976541	0.00935591547035746
25976630	0.000373985987131202
25977850	0.000689422051464746
25978451	0.000369572708480955
25978570	0.0654461356339134
25978580	0.000266918015956513
25978700	0.000188692607452028
25979120	0.000258852324616484
25979680	0.00115841251895208
25981050	0.000501840462665974
25981651	0.00193118790551976
25982051	0.000202951229784434
25984521	0.000797053067785455
25985460	0.00874785270166394
25985511	0.000184307127690796
25985641	0.00229356178906639
25986990	0.00231591549091122
25988080	0.00392303730745051
25988610	0.000428562239263745
25989101	0.00151364947936737
25990471	0.00166601037367048
25990960	0.0006244205569001
25990970	0.00155496672838797
25991930	0.00152579266358543
25993221	0.00167209137392032
25994440	0.0014992070746992
25994451	0.000531306144516185
25997020	0.000376462531388314
25998300	0.000328202963840841
25998331	0.000490965156501117
25998540	0.000406187170334057
25998840	0.00641532098676752
25998960	0.0011840651986656
26000610	0.0006429873435708
26003540	0.0025746960179307
26003561	0.0207696226598174
26006400	0.000892894877092625
26009570	0.00288736808881839
26010461	0.0002387785907136
26011920	0.000178271035053669
26012620	0.00127473813091951
26012640	0.000521358109319265
26012661	0.000331713450555207
26013091	0.000271734521892907
26021621	0.0027102369325791
26028360	0.00415443923165968
26028931	0.00122177899585933
26031711	0.000350125256634375
26033730	0.0410624278716214
26039930	0.00273293765123114
26040521	0.00451216417380031
26044811	0.000646195818560637
26045710	0.0279052768268168
26045720	0.00152914872620358
26048090	0.00029218776522838
26048880	0.0190448908317683
26049481	0.00289453255538697
26049631	0.00120064318175092
26050950	0.000371402039065606
26051110	0.00484795542412009
26057211	0.000286328317278688
26059250	0.00772086333363554
26060941	0.000188161588015406
26061020	0.00188096334152581
26062051	0.00508576642329291
26064391	0.0258559620419528
26065771	0.000693386544578815
26067530	0.00298590775124552
26067800	0.000535285972552189
26068080	0.00256232269656162
26068791	0.00166117866771851
26069840	0.00027648216381474
26070731	0.0160799568464674
26078861	0.000576511099717215
26079001	0.00737271453525888
26080480	0.201997658857737
26085150	0.0646117036847589
26086970	0.000341317962546679
26088231	0.00546573986625366
26088801	0.00066792785713641
26089600	0.0066026845919201
26090020	0.0884460852128798
26090051	0.000527929949966803
26090680	0.000407138153541633
26090851	0.000403347060960377
26091100	0.000280884877554749
26095660	0.035288740159332
26098800	0.00822603706551413
26101471	0.00347268716448788
26102171	0.00247669706678021
26106601	0.0014905479411445
26108371	0.00254791636240764
26108740	0.00159472546599646
26110530	0.000226910992139555
26110700	0.00716768089179283
26110940	0.0002880552480514
26118690	0.0247681277521018
26119520	0.0070008672464057
26124910	0.0110865869477493
26125471	0.00222939156511428
26127561	7.54341049812344e-05
26128241	0.000470494041219809
26129700	0.000600620702919637
26130270	0.0144789614312628
26130601	0.000313405667518856
26132210	0.00709442402018939
26145051	0.000126819165092227
26145710	0.00677233915731063
26147790	0.0869248619839095
26148050	0.000787678749518813
26148801	0.000288180400290767
26158420	0.0013487906429389
26161211	0.0173802461129074
26161310	0.00254557043774598
26166970	0.000945162011742978
26169430	0.00124409759162934
26172730	0.00077325305037102
26177300	0.000513179053777448
26179500	0.000445115207206206
26180180	0.040668687296713
26182161	0.0054050743851159
26184921	0.000636390136426682
26185450	0.00543678140668747
26185690	0.000243477162388018
26185761	0.00052069687628518
26185850	0.000456334931859035
26186400	0.00025575173627965
26186680	0.00126766323240349
26187650	0.000549036526509057
26187780	0.00802650158696355
26189440	0.000260077968527277
26196760	0.0107674297770914
26202441	0.00189529907893746
26205570	0.00261970648562559
26209481	0.00924369847110639
26213840	0.00728958262225803
26217601	0.000872803574569073
26218100	0.00227318868145303
26220081	0.00282826006159458
26220641	0.000530187430439304
26222100	0.00863464674853994
26222800	0.000970669053661523
26223770	0.00739169019508856
26225420	0.0041745510117051
26231370	0.00118003795977612
26232440	0.0137539908739672
26232501	0.00306538096224924
26234161	0.00254542022504604
26234550	0.00167026513835644
26234861	0.00541368069962843
26236900	0.00397775603201784
26237181	0.000564922499174007
26237321	0.000264248901138225
26237410	0.0298034618484193
26239271	0.000851960847298365
26241280	0.000934377970003942
26241700	0.000709333713372965
26242240	0.000388929261451038
26242421	0.010309434376644
26243411	0.0831126986443344
26248081	0.000290263516795239
26249461	0.00502218942410435
26249960	0.00438070843751578
26251230	0.00139337586552593
26253061	0.00124734118589935
26254800	0.00529446464601576
26256211	0.000479211887067436
26256340	0.000175624921977378
26258000	0.0104280521891915
26258991	0.000427371832132748
26259111	0.000432823732395791
26260081	0.00548313323768964
26261611	0.00948306928057254
26266810	0.000642947613021879
26266960	0.0126020067347654
26269731	0.000233878248135589
26271620	0.000327206848306015
26271920	0.000588184484132106
26273170	0.00210903355075757
26275770	0.0302921905452901
26277710	0.000269638602882062
26278011	0.00143881620483719
26278301	0.000453234269337729
26279790	0.00125957117744541
26281550	0.243113450237295
26282540	0.00361650390732796
26288720	0.000624873049588375
26289820	0.000895471355764071
26289990	0.000170561904736141
26290301	0.00120994528244493
26291671	0.000253568696220641
26291951	0.000531563704742687
26293171	0.32632663901247
26299190	0.000349522878316554
26301201	0.000363397231155363
26301420	0.00122565824367182
26310920	0.00598744184432467
26312231	0.0025771610250034
26313471	0.000478855122421913
26315801	0.00188423161342549
26316091	0.0154714527926002
26316190	0.000446696362271293
26320091	0.00702081829088232
26322431	0.00101714717790555
26324020	0.00460163303406519
26325670	0.000523861951746453
26326500	0.0117992692224578
26326670	0.000667200233373597
26326961	0.000235583949282456
26327101	0.000223344568034764
26333840	0.0115716442866609
26335900	0.000736733450897147
26338360	0.00358254199692697
26344840	0.0059578639846496
26344901	0.0003896108528587
26345181	0.0429417414604721
26345260	0.00178946811174464
26345311	0.00181346620697142
26345731	0.00637563223882823
26345820	0.000547488301726358
26346400	0.0215633252362478
26347880	0.000625357915626817
26352201	0.0045962890280719
26355740	0.000301042646929237
26356730	0.0177247108677577
26356990	0.000309719219910126
26357191	0.00035496744564785
26357700	0.000158924123513046
26358910	0.000403083666765385
26361000	0.00392148205507891
26361710	0.00162257455738526
26365840	0.0162352413714526
26377161	0.000262390581448183
26379320	0.00179431635573826
26379811	0.0381483592864007
26384440	0.00268768782453963
26385601	0.062091943201616
26387500	0.0116601061729084
26388621	0.00744195156885105
26389191	0.00693962986492655
26389420	0.00911694568388273
26392501	0.0172142837810541
26392631	0.000280689909987244
26395091	0.00142294002495147
26395791	0.0291276141312258
26397150	0.00133611260597823
26399750	0.000747459040696222
26400590	0.0184163699958608
26400990	0.000469636960837606
26401010	0.000382159757673679
26403480	0.00284166775494113
26404290	0.00351906591410831
26405570	0.000830265604846662
26405711	0.00634991977868531
26408560	0.0184327969566011
26412010	0.00152521534721725
26412180	0.00718060480305684
26413010	0.0022729041116474
26413871	0.000825247788263584
26415880	0.000450408268673341
26422640	0.142463831905216
26423791	0.000249855874255629
26424580	0.00374134186835446
26427910	0.0134847703563955
26428201	0.000605831036321582
26429800	0.000254087977834276
26431900	0.000547515750151838
26433010	0.000654014821865121
26434271	0.000320956917513856
26434401	0.018643018232544
26435770	0.00131032981804532
26435870	0.000895647678186077
26437280	0.00568391151210908
26437410	0.000168310048505118
26438500	0.114928104070318
26439630	0.000477315832513149
26440010	0.000315496516484905
26440160	0.00022713824785982
26440320	0.00118393035448415
26440980	0.00184199386943523
26441041	0.00545172929041628
26442110	0.000967569722315312
26442360	0.00233381977180416
26443361	0.00609056594115291
26443931	0.000245526000760665
26444881	0.000633392459472249
26445810	0.0294012523373324
26447460	0.000504519611468558
26447610	0.000296890493695242
26450001	0.000844146136984436
26450650	0.0383099942841714
26451080	0.000180769484869544
26451210	0.00149222217943639
26451320	0.00905979255403543
26454110	0.000987293849248145
26454951	0.0248041001106962
26455080	0.010995747118093
26455200	0.00760972118101485
26455251	0.000319098728637921
26455801	0.000342879334727211
26455900	0.000303425538074944
26455931	0.000438320270916677
26457120	0.0489348888010289
26457140	0.00724659298623391
26457420	0.000250458724833082
26457540	0.000641983850896099
26457851	0.0084016439146592
26457930	0.000456616230907643
26458230	0.00826301686992429
26458401	0.00034963396739665
26459791	0.000371818104163229
26462671	0.00033533266489066
26462691	0.000599947410733511
26463200	0.00549515912441958
26463641	0.000360377413134843
26464570	0.000943964995937239
26464631	0.000174111406817694
26464700	0.0740115373747362
26467241	0.00611851666508236
26468331	0.00104158199068052
26469380	0.00183399025087278
26469660	0.00118639026507749
26470411	0.000355498612736644
26470421	0.000542996139783829
26471101	0.000295154143553021
26471221	0.000240527014572512
26472290	0.0033442059875627
26473161	0.000177491087421509
26473861	0.0532303591995727
26474660	0.000393689037345952
26474671	0.0260631455537863
26475190	0.00623579600665786
26476481	0.000530396922558785
26477181	0.00017859116109131
26478520	0.000445827419063722
26479651	0.00025627003335041
26480840	0.000243756487875161
26481021	0.00144740163419437
26483040	0.000499540833217585
26483630	0.00348591266648252
26485130	0.00297062716708667
26485581	0.0191202550416651
26486360	0.0004355065839001
26486780	0.00122171710758858
26487480	0.000428118253926388
26488430	0.000587039578992475
26489400	0.000414716677426964
26489650	0.0299394306040734
26490391	0.000927663586653802
26490630	0.000188391569021555
26491070	0.000426950158345062
26492611	0.00145666842509006
26494370	0.0133926735536339
26495030	0.0114416407364529
26495241	0.00015005875402623
26496690	0.000276691899526646
26498080	0.000534395585183783
26498650	0.000202735127417796
26499501	0.00527899344227271
26500150	0.000506825967398528
26501530	0.0529825021183389
26502411	0.00734404726702229
26503040	0.000483627671207199
26503900	0.000746981814961606
26504481	0.00463013437931156
26504560	0.0293549200727477
26506480	0.001316292992103
26507200	0.0095732234644766
26507631	0.00190207873879657
26508481	0.00425781858638848
26509171	0.000261655643181537
26509530	0.0249335727099784
26509690	0.000334583553480825
26510401	0.00745203756338545
26511781	0.000479007063702974
26512280	0.00143189023928776
26512730	0.0085746495479303
26514391	0.00710299270094038
26515081	0.00386903447419886
26515631	0.000936257023041992
26515720	0.000494982781012327
26516621	0.000214627164873802
26517011	0.000777993163605393
26518350	0.000382865409646414
26521000	0.00595756363642926
26521581	0.00144584050285595
26522640	0.00843045011124881
26522831	0.000489719626803566
26522900	0.00210039982363643
26522941	0.0110575223114831
26523381	0.000602246665080429
26525140	0.00335031044916456
26525721	0.000749083590997094
26528741	0.0162597070972155
26529281	0.0249826785309181
26529390	0.00275831647176987
26531340	0.0180444207101413
26533400	0.00163736790423739
26537950	0.00162578322400263
26539040	0.00249375909582171
26539631	0.0010782926202075
26543750	0.00460996559845894
26545021	0.00325539883788679
26548280	0.00942910933718076
26548580	0.00071361788336474
26548601	0.0156946250340388
26549960	0.0248548061496457
26550210	0.0240044948728961
26553841	0.00914053414081173
26559071	0.00136995722092191
26560280	0.0659117446357252
26561650	0.00157457725461534
26562770	0.00185654255901661
26563190	0.00436970235039249
26566890	0.00332554290684394
26569441	0.0228918172824595
26570401	0.000733614218836397
26574671	0.00172480821109793
26575231	0.0012801290430085
26578090	0.00156002807692078
26578401	0.0225795834805323
26579860	0.140432873501541
26579880	0.0012754067595009
26580341	0.00194850637986333
26582391	0.0726210107957559
26583730	0.0255058711222701
26585571	0.000152191902852403
26586271	0.00142197536154747
26588580	0.00414039312788491
26588970	0.0216788848498636
26590200	0.0104201660742489
26590360	0.000844648055152295
26593151	0.000322584942236171
26595570	0.0236889776961585
26596400	0.0107375937780646
26596980	0.0555509809100707
26600980	0.000791914855742254
26601120	0.000181668468276126
26601260	0.00029689413613665
26602521	0.000496200510677765
26604260	0.00168364592927939
26604300	0.000279315786981053
26605291	0.00169495143777493
26605530	0.000247671267169677
26605701	0.00157868067188193
26606370	0.00035462927829987
26607430	0.000240312509030204
26607730	0.00105680618677475
26609291	0.000201489775116827
26609411	0.000542039251080325
26609431	0.00250164067425
26609780	0.000277127667149635
26610470	6.94157061168724e-05
26610880	0.00056875884408225
26611921	0.000870305502492363
26612280	0.000242306299250005
26615221	0.000436151955788979
26624010	0.00188923624521464
26625021	0.0149966249563179
26626391	0.00255588786522253
26629271	0.00344863005683773
26632810	0.0038987011817732
26633411	0.00115504749948846
26641161	0.00173552627890962
26641711	0.00146999364969815
26641770	0.00319866934266876
26641841	0.00251312143195841
26642251	0.00300783791975928
26642371	0.00375066458927132
26644290	0.000698125183065776
26646101	0.00154884474803571
26648471	0.00131017562939875
26649810	0.0160117773137801
26653021	0.00038632159603897
26653561	0.00228972874066864
26654060	0.00179938698049778
26654090	0.00239013628179359
26655570	0.000216679692734928
26655611	0.00073538396997299
26656400	0.00224953233610327
26657810	0.00506998564625263
26658490	0.000352793893057588
26662220	0.00597470860584062
26662750	0.000262402995329257
26662760	0.000934266736017111
26663061	0.000175156842803176
26665571	0.00310583694156303
26666060	0.000269476559680952
26666531	0.000389555702811251
26667180	0.000780150670786181
26667450	0.000166374438444244
26667710	0.000274127539765541
26668161	0.000119527193788445
26668871	0.0032484217615849
26670090	0.000287825657733745
26670740	0.000455236609047081
26671180	0.00874435556055454
26671211	0.0783790351774076
26671720	0.00201258180721145
26671740	0.00129223970056726
26672120	0.000224870263564566
26673100	0.00138694420360147
26675290	0.01266308474422
26676020	0.0127560985669356
26678511	0.0354461105524877
26679840	0.00973079004642982
26680301	0.000966729658404007
26681291	0.000805756149328787
26684120	0.00126108671951034
26684301	0.00372325892055174
26686620	0.000174268928177704
26689510	0.00032849971389924
26689561	0.000217307769584779
26691190	0.000369070621602322
26691300	0.00707764939732428
26691570	0.00116968748957293
26692171	0.001228622029638
26692810	0.000993820583333224
26692851	0.0533594197690466
26694531	0.000179016298903803
26694770	0.00751461279601624
26694880	0.00174325886355157
26696461	0.00550690191759269
26696581	0.000413145228659977
26696731	0.000517872096862693
26697670	0.000696773270025633
26698231	0.00015280306974043
26699761	0.000229372001637969
26700810	0.0002845954537017
26700871	0.000286958565626839
26704051	0.041622582760625
26704690	0.000615066049133958
26704711	0.000142564847666436
26707730	0.000384155377230868
26708000	0.000233167991516409
26709411	0.000311110718068394
26711020	0.000227060955169579
26712041	0.00499183842685084
26714590	0.000388633055120184
26715290	0.000265128355882108
26715460	0.00528756628023537
26716430	0.00028836594896723
26716830	0.00874856351926781
26717131	0.00108030353731802
26718870	0.000852861449991179
26720130	0.0314530942572285
26721001	0.00117286259788828
26721561	0.00100186328687185
26721940	0.00296320270368735
26722060	0.000158266171097278
26722080	0.00153398380347432
26724120	0.000254625146216115
26724311	0.000182962273714681
26725650	0.000401781659358789
26725841	0.00113438118672473
26726101	0.000525367177981061
26726791	0.00106498081894132
26727481	0.121943491959281
26730371	0.000390824109349198
26731870	0.000852981330531352
26736991	0.000474371136376615
26737220	0.00153705135304397
26737770	0.00058658470515122
26738241	0.000440336798525342
26743730	0.000272956805220652
26743891	0.000262474978876743
26744321	0.000349947456377694
26744670	0.0012814753354031
26745630	0.000349330419267271
26746080	0.00112039450739173
26747160	0.056074986391455
26747450	0.00235540731460643
26749370	0.00270114093454314
26750521	0.00333026821862315
26750791	0.000841231774241242
26751570	0.00771775676117457
26751741	0.00205930668509105
26752041	0.000788750149329746
26753001	0.00157234023220948
26753121	0.000329827095416564
26754050	0.0137728841142034
26755341	0.0037230942384074
26756550	0.000560831974173945
26756851	0.000464574109453031
26756970	0.000377883937165327
26758371	0.00260207251903905
26759850	0.0039818139474458
26760240	0.00655694801458581
26760260	0.000827396637714761
26760970	0.000933999802732234
26762081	0.00132957635759017
26762361	0.000199519816386437
26762501	0.000747030339076163
26762630	0.00193349086800779
26762791	0.000224851392371465
26763061	0.000273743136241072
26764660	0.000195426154040997
26765401	0.000694727027148391
26766081	0.000103075469198665
26766900	0.0503882951911154
26768530	0.00243516807572011
26769070	0.00576295018464776
26770470	0.0003430263370523
26771881	0.000428188395251127
26772110	0.00044852326907255
26772960	0.0410390489698444
26775160	0.00344982096548142
26775560	0.000325891462103201
26775830	0.000719740782307932
26778200	0.00229518689771586
26780861	0.00146554691740549
26781261	0.00066280039951964
26781360	0.0913695315609129
26781380	0.000355639001531841
26782340	0.000749023920608754
26783010	0.0018659773845335
26783280	0.00652772443031593
26785650	0.000423508733909939
26788021	0.000325877227217918
26788380	0.00220113336043842
26788670	0.000711940150506816
26789001	0.000477938553045157
26790511	0.0021656121151856
26792120	0.00157985553409892
26792930	0.00427965443833359
26793401	0.000398909894725227
26794330	0.000310229309690167
26795710	0.00233868916708527
26796151	0.00236736950467816
26796820	0.000359515379205042
26796991	0.0896702072986659
26797760	0.00706851206407572
26797831	0.000118737697932632
26800110	0.0301393972416683
26801141	0.000379730270290017
26802730	0.000421764750494113
26802740	0.000516304648666287
26802750	0.001262357405254
26802760	0.000218503860075808
26803290	0.000282749755615199
26803471	0.000551564872146032
26803751	0.000558001537681471
26803830	0.00246997631845678
26803840	0.013005978164424
26803901	0.000947851630673016
26804140	0.000231389844147837
26804721	0.00374109011658197
26807000	0.00537520181735475
26809100	0.000351653436459884
26809480	0.00168356832640325
26812670	0.000729190073790814
26814470	0.00108528266419325
26815960	0.000237828593348781
26817121	0.000420099013900422
26817890	0.000411934240330508
26818590	0.000440415178312291
26819280	0.00057381680336657
26819891	0.00029496859374782
26820240	0.000392474483907295
26820950	0.00103485488936831
26821671	0.000496823235261075
26821920	0.00535165740974731
26824100	0.00041258556294006
26824171	0.000692273019567614
26825261	0.000308093371696099
26826720	0.00395963503183754
26826760	0.000573284245462788
26826990	0.000200727304549818
26828550	0.000573162596044775
26829750	0.00386194435319765
26829890	0.000916058850391488
26830050	0.000486349078345722
26830170	0.131548505895791
26831201	0.000366660263723095
26831310	0.0029933229411763
26831341	0.000392002038214334
26831830	0.000468330589467737
26831990	0.000432171052280044
26833240	0.0987667783799751
26834990	0.000491996312226261
26835051	0.000450417072025063
26835601	0.000255944840064606
26835700	0.00109544523953725
26837391	0.00654177290172224
26837811	0.00116667619374041
26838211	0.00144389262162374
26838620	0.00154595443560614
26839030	0.0113817988538872
26839410	0.000842419576221058
26839461	0.00218250426337911
26839960	0.000377345199633638
26840281	0.000309924690916241
26840711	0.00208486501362691
26843020	0.000740830654563803
26843191	0.000196706663878653
26843461	0.00592248830205871
26844161	0.000455486397300738
26844281	0.000553858833165366
26844550	0.00127696986848182
26844650	0.00359349940617071
26845521	0.000524303803527756
26846320	0.000235588390290209
26846990	0.000259308301017416
26847741	0.000144854152567039
26847881	0.00752342060426252
26848390	0.000154224959520565
26848431	0.0100863871171509
26848950	0.145903645520781
26849220	0.0115649856885112
26852151	0.000229100736108735
26853801	0.00369358120693196
26855720	0.000271159478893846
26855990	0.000402915797364525
26856100	0.00947022380687645
26857640	0.00606335401504247
26858460	0.00249627480686012
26861131	0.000355358563287846
26861230	0.00131468465535267
26861271	0.000238433838970673
26861370	0.00165754735958512
26861610	0.000612081789651994
26861780	0.00396564414453063
26863430	0.00567864590569224
26863990	0.00288427300753706
26866781	0.000187784412261966
26871181	0.000291268366169872
26873470	0.00665929693660975
26873661	0.0039786351661167
26875160	0.000299790706965439
26875690	0.000251268062209225
26876441	0.000565342951117046
26880011	0.00130271434186391
26880670	0.0890111618916797
26881391	0.00323556739974769
26882340	0.000499939360222982
26882351	0.00147287177855063
26882491	0.0209520680607368
26883540	0.00801360943515005
26885811	0.000914823394542588
26886710	0.00585590941934215
26888120	0.0149041970359238
26888960	0.00191723257109003
26890361	0.000256130250874252
26890511	0.00335486388507564
26892520	0.000399049262937343
26892841	0.00972412935854953
26894860	0.000773323368838334
26895010	0.00195994832583769
26895400	0.000298544268282172
26895440	0.00753460620760288
26895820	0.00319294264524091
26896831	0.000878366928483372
26898030	0.000231364705992814
26898320	0.000393911150047537
26898440	0.000399663973045733
26899280	0.000517184914160872
26899580	0.000484889581902138
26899680	0.0134007488802531
26899710	0.00441783459380909
26900940	0.00124612008089254
26901910	0.000370476589045501
26904370	0.0017138663834311
26904561	0.00618061132110755
26904640	0.00293903290281349
26905791	0.0327645810917962
26906081	0.000283762770332835
26906740	0.0301971072999368
26907751	0.000293381000954339
26908950	0.000120921452380913
26908981	0.000425923578211046
26909360	0.0023743984471016
26910081	0.00230385132377934
26910091	0.000983557302916968
26910440	0.000453350897234546
26910450	0.000294929788941514
26910921	0.00752459834456662
26912151	0.0777787010269967
26913200	0.000411509275222241
26915000	0.00111071197520299
26915420	0.000542931939312789
26915461	0.000257288271106663
26916110	0.00819660088159758
26916390	0.000465451543565289
26917640	0.000920952750346045
26918750	0.000284318016592351
26919160	0.000254404091454038
26919451	0.00116868571474693
26919861	0.000213342983753573
26921111	0.0017227637631817
26924100	0.00399970778034153
26924230	0.000346187205015196
26924530	0.000279916365327546
26925080	0.000193001974625297
26926341	0.000258303017079191
26926880	0.000235456580802746
26928421	0.000401376628612375
26928500	0.000410359152549287
26928691	0.00387692028203138
26929620	0.0933873404855423
26930850	0.000496220158286652
26931441	0.00377009131132452
26934460	0.00873116799207767
26937371	0.00358018106722331
26937951	0.00068458257817758
26938160	0.00108357234223284
26938201	0.00191822350953199
26938211	0.000659530518417011
26939331	0.00125488362287072
26939430	0.00130365539580773
26939570	0.000200217598383707
26942720	0.0099793558434158
26946590	0.00127536139263422
26946621	0.00274578744476767
26946781	0.000795854502174042
26947441	0.00369236084972733
26947560	0.000962449105855299
26949391	0.00621928109654774
26949740	0.000535147480248759
26951581	0.000256577587458836
26951850	0.000290813892816031
26951861	0.000277770775843086
26951871	0.00429604960084716
26952390	0.000253374629367418
26953511	0.00174726273145923
26953610	0.000140481662378979
26954071	0.000406925396248535
26955540	0.000398615780597349
26956770	0.00241172063332403
26957610	0.000604073395854057
26959451	0.143449552462609
26959560	0.00451423992538221
26960431	0.000722917341903754
26960541	0.000527696237945533
26960821	0.000333128251528
26961870	0.000402468647957276
26962600	0.000205441118770788
26962710	0.134507028419851
26963591	0.0318287909694692
26963810	0.00281547861509536
26964230	0.0347042130042927
26964640	0.00041659422872228
26964950	0.000341553226303861
26965121	0.0720613835534605
26965261	0.000221481028856251
26966621	0.000607636172269233
26966730	0.000310621444193545
26967830	0.000121977745746756
26968001	0.000282844525138719
26968800	0.00853190683351304
26969791	0.0600580587553449
26973070	0.000172126228022519
26973111	0.000253355877126348
26973460	0.000519582213488847
26973671	0.00527200777504825
26974450	0.000267295272759012
26974621	0.00196529694571763
26974710	0.00030723163608752
26975000	0.000487009307688981
26975871	0.000394365010942402
26976120	0.000245805929797019
26976701	0.00011154109820621
26976790	0.0128769557352945
26977600	0.000448428788068243
26978560	0.00709556730553608
26978980	0.00124547984943487
26980220	0.000795033089276247
26980670	0.00139939912300486
26981371	0.000257375650183587
26981521	0.0513576427037013
26981910	0.000387624524865731
26981921	0.000759662585540422
26982751	0.000360060529659584
26982901	0.000174732212642365
26983171	0.000431432719524084
26983540	0.00125183056094379
26983601	0.0707608987862536
26985231	0.00170754664437645
26987140	0.00328177029766849
26987690	0.000204439381530994
26987731	0.000235714918625491
26987851	0.0035151734355585
26988940	0.000324579806941646
26988951	0.000255237844800586
26989040	0.000294727990392246
26989050	0.00125263477080424
26989060	0.00113729882508127
26989910	0.000244512007656907
26990010	0.00926829020560548
26996500	0.00147349628415955
26997180	0.000745759824130702
26998190	0.000305380934232424
26999861	0.00110954989769547
26999991	0.000408502876402617
27000360	0.000431233524418872
27001511	0.00605925378258412
27001781	0.00239634557260069
27002970	0.000223600070619214
27003711	0.000645453063815956
27004011	0.000525455158430287
27004490	0.000144793781590703
27005050	0.166032920206335
27005651	0.00135009353112855
27007871	0.00268123902252899
27009060	0.00671506511236405
27009630	0.000278137378041387
27010570	0.000173376611577646
27011031	0.00282457519062029
27012271	0.00116729987190026
27013340	0.00157363638799035
27013460	0.00249356579082674
27013600	0.440999332802043
27013740	0.000788587394860167
27015260	0.0191850397936012
27015420	0.000110379973056922
27015950	0.00644295885848196
27016421	0.0167607545577811
27016650	0.000273023593192327
27017241	0.000262765925202428
27017770	0.00219071200884649
27017931	0.000338724515670673
27019810	0.00116913868213676
27021350	0.00253903530120433
27021801	0.000352530778644121
27022420	0.000384385146963913
27022970	0.000399776722096832
27024271	0.000317942999500013
27027000	0.000513518419679543
27027010	0.00019485250775404
27027280	0.0442260596684891
27027540	0.0012918540918445
27028411	0.000710405990536806
27031820	0.00224001205627997
27031851	0.0169776174321145
27032681	0.000182370516108882
27032910	0.000465978641515539
27034010	0.00142339747579368
27034290	0.000299768165337678
27034300	0.00184456083589252
27034460	0.000374304730398184
27034970	0.0175201018122516
27035840	0.01676034557118
27035851	0.000364636798583711
27037791	0.00341876273368512
27038061	0.0175081638139104
27038720	0.00139891935664747
27039110	0.00170443483793486
27039140	0.000203821769108623
27040421	0.00187563321281629
27042881	0.000320052764444072
27043130	0.00208501648383201
27043560	0.00166584072684903
27043960	0.0199280542635977
27044261	0.00217970034392122
27044961	0.000867676735437929
27045231	0.00168104098685811
27046020	0.0443101543124014
27048390	0.000186128162675605
27050010	0.000500259240029499
27050550	0.000863468989044644
27053880	0.0140874377027236
27055291	0.414131547483281
27055380	0.000364567717013464
27055711	0.000288936694391087
27056070	0.000333619026946366
27056240	0.00491326850749482
27056640	0.000423175317005372
27058040	0.000289645980667827
27058351	0.00027670879817878
27058891	0.000153624646021968
27060001	0.00055562197970086
27061651	0.000204857898238768
27062211	0.00565762613007892
27062690	0.00180217107738102
27062970	0.0004743761241604
27062990	0.0164968370752141
27063311	0.00159250999925563
27063790	0.000397637230732957
27065750	0.000426590066744428
27066720	0.000476169109115234
27066751	0.000262329892733452
27069190	0.000368328660254801
27070010	0.000358540014305625
27071581	0.000550649224733709
27074590	0.00168759868918732
27077750	0.0182788487757419
27077880	0.0022114454502847
27078860	0.00285393417386193
27079031	0.000870994543609665
27080230	0.000974412339872818
27081050	0.000595571774105613
27081231	0.00274570463015468
27082040	0.000243528268825933
27082550	0.00034499776106982
27082570	0.000309292370603172
27082580	0.0041138027690705
27087291	0.000216225697818726
27088480	0.00220774602708007
27088770	0.00136126987011901
27090960	0.000388587022086207
27091520	0.000657331030578306
27093771	0.11097935487102
27093781	0.000258102481737839
27094410	0.0029737321045131
27094450	0.00179206238114166
27095291	0.00077594096316553
27096251	0.00491432461267063
27099021	0.000377677369692419
27099161	0.00149737965405576
27099250	0.0257833873863727
27099280	0.00104523779390103
27100240	0.000465686636612826
27100821	0.000602837379459486
27102130	0.000209423290397826
27102140	0.000251041111861249
27102690	0.0144676626707857
27103380	0.00264401071193746
27103950	0.000533582390926962
27104951	0.00202886958383798
27105050	0.164306338090791
27107021	0.000262570579889002
27107970	0.000480484286778709
27108100	0.00134504139609977
27109101	0.00878234071042052
27109231	0.00037506348969769
27109911	0.000249437504377537
27110181	0.00031586294516954
27110580	0.00186599037276049
27110840	0.00116614016247171
27111670	0.00041201233623279
27113730	0.0111971352585489
27115830	0.0137891891407447
27116230	0.000599991406987784
27116640	0.000920112087447133
27116760	0.000193929528760249
27118450	0.000746917910931868
27119930	0.000390394141526636
27120610	0.000217179777344195
27121600	0.000158950326175695
27124060	0.00729850408244085
27124531	0.000203849099437281
27126000	0.000344897733492402
27126010	0.00025160157132474
27126140	0.000336911414036877
27126150	0.00144757918921884
27126570	0.00130515272538748
27128001	0.00233102057667001
27128640	0.00170429126790126
27128661	0.00237094924921245
27128941	0.000935041968447048
27129050	0.0505873328743198
27129320	0.000412579646649424
27130170	0.00328163810835794
27131960	0.000492469902692209
27132490	0.0055513039711274
27133190	0.00319581161387792
27133231	0.00147762719931445
27135680	0.000380059873001911
27138181	0.0100947353663985
27139400	9.2267561285914e-05
27139810	0.00145850774974827
27142160	0.00656270454117038
27142591	0.0392007821377083
27142860	0.00204611149340814
27143100	0.000187897402999825
27145211	0.0013612693287887
27145641	0.0232065946896875
27146280	0.000659972593444124
27146540	0.00177741295008115
27146560	0.000278315457787192
27146700	0.000383814652433209
27147130	0.000463350465125143
27147960	0.00113341797206124
27151540	0.00163102622951961
27151660	0.000799326273364908
27151930	0.0132171195538179
27154980	0.0003211775009205
27155660	0.000365136168711391
27155701	0.000218900896295217
27156360	0.000544743309819449
27156640	0.533125128266353
27157921	0.00897304710520899
27158440	0.00535705380167903
27158540	0.000341826916338368
27158871	0.00683858670840279
27159230	0.000357585292877215
27160070	0.0288283210927252
27160080	0.000471837870487946
27160630	0.0002738462538708
27161040	0.000611899427466815
27161211	0.00460329161284761
27162871	0.00127114186761738
27163090	0.000244322068263573
27163291	0.000337456064923828
27163551	0.000946544852306233
27164360	0.00549215848258814
27164391	0.00488821650742365
27164920	0.000271551223226445
27165081	0.000366049027805087
27165091	0.0237941064486938
27165590	0.0002152680989297
27166130	0.000363330356774627
27166290	0.000252244050160985
27167780	0.000267340522205903
27167991	0.0067162161338066
27169091	0.0014163111892468
27169190	0.029334038253752
27170130	0.0161628534227561
27170560	0.0270036877616736
27171011	0.000815192405013884
27174150	0.00338040758705633
27174680	0.000480982360238438
27174830	0.000799692919299951
27176261	0.000354425198660574
27178130	0.00534617087962804
27179790	0.000398752370489842
27180391	0.0158077961190253
27181190	0.00231358193963367
27182731	0.000609533321223248
27182840	0.00194771878592938
27183250	0.000463949004613037
27183260	0.000587037623588604
27185221	0.000145982135972472
27186601	0.00498005731751665
27186690	0.000383776903026672
27187291	0.00407937417074905
27187920	0.000284551933022158
27189460	0.000770442342370308
27190591	0.000162058735401955
27191141	0.000328613567224976
27192931	0.00826553118423803
27194020	0.000589446414823192
27194591	0.000841710996211845
27195001	0.000197561086258015
27195660	0.00291247997581199
27195991	0.00177345153901103
27196190	0.00112398994411375
27196360	0.000856446665078174
27198010	0.000303344996534541
27198120	0.00138748289087702
27198280	0.000288057034154847
27198741	0.000478710532565764
27199711	0.00869465923798378
27200360	0.000316157193987349
27200750	0.000541540385911293
27201460	0.0108475097381371
27202700	0.00390003650291697
27203780	0.0494989124216819
27204480	0.0406956192757235
27205310	0.00216963669168529
27205450	0.0024400813550748
27205610	0.027775452702729
27206300	0.000708687291622016
27208080	0.00136178917672342
27208521	0.0305226853474357
27209330	0.000960469630881201
27210041	0.295863696952532
27211640	0.0021936146585763
27212360	0.00055165288555061
27212370	0.000329899643733116
27213180	0.000220093464529421
27213870	0.000315447859352002
27216890	0.0019789269329002
27217341	0.000332837597523392
27217720	0.0265987669118975
27218260	0.000773355401149665
27219011	0.000184930777532179
27219540	0.00130899164961138
27221320	0.0028983074381824
27223291	0.0021781281086073
27224121	0.000451618893071
27224931	0.00060028004569562
27227370	0.000368875164822976
27227571	0.00159525508895047
27229980	0.000143454266949406
27230710	0.000189879173692576
27231701	0.000294844756708533
27232401	0.163926874797467
27232951	0.00139965137507767
27233020	0.000153038675010322
27234010	0.000105031362691953
27234181	0.00377332829066296
27235220	0.00176078697855942
27235810	0.00075231661279538
27236080	0.000483423475974717
27239940	0.00186829096843572
27240210	0.000360336684814525
27241330	0.000239830381532396
27242680	0.000393873137424173
27242700	0.00126431676245265
27243520	0.00107437685336821
27245150	0.000276936679019696
27245361	0.00250729862409699
27248060	0.00570940391640284
27248350	0.000473435975410745
27250031	0.0171743534583505
27250581	0.000547373257522354
27251120	0.00210493792961518
27252671	0.000281996202298166
27253010	0.000388725484958864
27253330	0.00131880474992799
27253631	0.000224374692288067
27254000	0.000599743514179137
27255131	0.00566257189307656
27256900	0.000682389390648711
27256951	0.000222065296712148
27257880	0.00044645145372591
27258400	0.00018276531465914
27258530	0.00165711467299894
27258690	0.00142035360574705
27258991	0.00117913941593716
27261440	0.000990084197704422
27263431	0.000451994979340164
27263571	0.0012669735613373
27263961	0.000560697877428305
27264511	0.00272605354700232
27265850	0.000164741091993454
27266670	0.000379625750292684
27267240	0.00021342272865936
27267670	0.000382981260849154
27268770	0.000550061651450818
27273061	0.000356181217063373
27273481	0.0136095576551643
27273880	0.00465152590026592
27274110	0.000427533074766221
27274120	0.000298689788512865
27275151	0.0132497667813814
27275831	0.000352313772645936
27277481	0.00155421830182868
27277720	0.00143525209357504
27278110	0.00519281807772603
27279380	0.000408634262517952
27279650	0.000469761054357375
27280080	0.000835125391207395
27282130	0.000947858766362267
27282970	0.245142427019311
27284490	0.000347353068134106
27285471	0.00426963827790231
27285771	0.000461699956854738
27287100	0.000591110955306312
27287510	0.00119388972509825
27288770	0.0245204167529514
27289420	0.00169385428151754
27289730	0.000627943311733376
27290550	0.0133047478604734
27291360	0.000305890880939357
27291831	0.0116482888496814
27292180	0.302982578847134
27293180	0.00480370648770038
27293870	0.00137317477540426
27295151	0.00201967640233642
27297050	0.000259483640815242
27297351	0.00546418210846011
27297761	0.0372807351383339
27298670	0.00229184962068946
27299630	0.000200826627911745
27301150	0.000617048315695682
27301211	0.00523505694884739
27301631	0.00128409110218665
27302820	0.000300506385708216
27303141	0.000387464636358774
27303650	0.0279909982395004
27304880	0.00349916223727553
27306311	0.000659834537391467
27307151	0.00658684128991147
27308060	0.000335497754571016
27308470	0.00887116597186375
27308651	0.000282377769716481
27308750	0.024986996700734
27310820	0.000319880712295686
27310861	0.0014382038331448
27311670	0.00056561880865241
27312760	0.00455239673191161
27315121	0.000323962749815668
27316910	0.000555241587821962
27317170	0.00098045845940934
27317570	0.000277730484008318
27318041	0.000715325434910518
27318250	0.0140527409879812
27318591	0.0482971862542262
27321621	0.000315590946684248
27323070	0.000301242513211397
27323770	0.00113523344773987
27324371	0.00117768194840868
27325020	0.00420323560857854
27325751	0.000973622124400903
27326380	0.00253826341085656
27326550	0.00104807632281135
27327390	0.000164651415814005
27329700	0.000764397299692875
27330670	0.0119234314673983
27333560	0.000264552891910945
27334690	0.000396343128380303
27337881	0.0258699484104327
27339350	0.00519293264583815
27339541	0.00238497471828616
27339691	0.00297039740456241
27341000	0.0136180625692046
27341010	0.000497091567660137
27342851	0.0143328262381217
27343681	0.00279888582925529
27345170	0.00165523138993918
27345751	0.000735737579399731
27346151	0.000633360828997339
27348050	0.0192284569630641
27348060	0.00309417103999859
27348791	0.00544957245881727
27348921	0.00985428317929393
27349461	0.000379098924659651
27350130	0.00762644236591962
27350700	0.00258755076700705
27350970	0.000482348296505413
27352111	0.0016605013235321
27354571	0.00254350148117335
27356720	0.0101064463370724
27357191	0.000221799155735634
27357601	0.0130497762630239
27357990	0.0021007206074859
27359001	0.0378809374034862
27359531	0.0126771897757163
27359630	0.00637322161582158
27361331	0.000609738470706948
27363941	0.0011195643162657
27365891	0.0247506483384725
27366240	0.00938895328558105
27366270	0.00794607480263645
27366690	0.0023232662265216
27367620	0.000333822202806013
27368040	0.000338236687547269
27374970	0.019853214846501
27377860	0.0339838599673584
27378130	0.037148732212989
27379500	0.001171493001571
27379941	0.00151903120947505
27380620	0.00847109416443646
27381690	0.000541358636950265
27386021	0.000915873118771051
27386670	0.000250863966916249
27386991	0.0144492664022806
27387900	0.000533472174729179
27389000	0.0145204593448082
27389051	0.0057553454570362
27390301	0.000689211217118802
27390810	0.00162647855608922
27391401	0.0240059852035398
27391681	0.000216424830933815
27394250	0.00310764692159655
27394711	0.000766372038815332
27395240	0.000254963342589145
27395551	0.000218475669682842
27396361	0.000378032411851336
27397761	0.00161726202095749
27398021	0.00324855381442941
27398800	0.000195604993215373
27399541	0.00196768776525331
27399951	0.00495821652384166
27400340	0.000461499816759304
27400730	0.000548393054156701
27400740	0.000277254936104693
27402561	0.000134352278791683
27403131	0.00203813168849034
27403531	0.000347209099083513
27404470	0.0001725549473708
27404921	0.00293699476103734
27405010	0.0650397506161855
27405601	0.00213719733726214
27405720	0.0145699476441697
27406800	0.00129106960745055
27410240	0.00049087709151286
27410991	0.000472206015704163
27411060	0.000179096227223775
27411531	0.000426055624219093
27411640	0.000194583134989015
27412300	0.00340797603968733
27412381	0.00605486824200119
27415951	0.00341032657595654
27416740	0.0195467536782957
27418240	0.000876970446568296
27419640	0.000989653164823291
27420460	0.00105858866555191
27421201	0.0135788494314155
27421751	0.000455070396996071
27423630	0.0295905447767814
27424651	0.00243768173387158
27425341	0.000395104037655944
27426680	0.000541358066589477
27428170	0.00183860587951009
27428190	0.00282425280331369
27430021	0.000724305134495839
27432470	0.00528054367836023
27433061	0.000332829750719747
27435900	0.00186996184774219
27436590	0.00198501256121587
27437420	0.000427901072828391
27437580	0.00019803903591542
27437731	0.0231288891012014
27437891	0.00257282036094891
27438260	0.00847182731717937
27439200	0.000395469571426146
27439910	0.000356118225263522
27440300	0.000545320109616807
27440351	0.000350049145620156
27440631	0.00027775442585067
27441560	0.000315985056204188
27441570	0.00157628688188662
27442230	9.99530294190426e-05
27443630	0.000283620544338934
27444491	0.000269185969813803
27446120	0.000919605830604102
27446270	0.000291246303430072
27446380	0.000421454611305938
27447770	0.000469198733256445
27448300	0.000899518227152423
27448750	0.00021317086314312
27449061	0.00884628171848212
27449550	0.286853572348267
27450390	0.000321266632991015
27450800	0.000260062347174516
27452091	0.00138356820616382
27454090	0.000278976251508986
27454510	0.000310676399881522
27454680	0.0162775014655191
27455251	0.000336491460919391
27455470	0.000518618002753196
27457061	0.00116891548315584
27457160	0.000374464282401482
27458691	0.0101986848830702
27458701	0.000152328191393196
27459620	0.00210761281079812
27462571	0.000769353262672296
27463360	0.00287699370578103
27464470	0.000191658203593989
27464901	0.00208464661335999
27466520	0.000351899431209772
27466711	0.000343542059594233
27466790	0.000414926341711845
27467220	0.000142645617798891
27468730	0.00318272498578067
27468761	0.0440257570805813
27469030	0.000330616348652194
27469280	0.00304396158056423
27469710	0.00114999882379422
27471060	0.000127761264241171
27472850	0.000627321610388296
27473881	0.011895906074757
27474110	0.00209644161672999
27474380	0.00320308441238381
27474991	0.00107724271246541
27476990	0.000365919444145878
27477030	0.000440566962131811
27477700	0.00247581263692435
27477741	0.000431300205766722
27477950	0.000594147005607149
27478790	0.000401767231677078
27478851	0.00227954983502635
27478981	0.000648360964292516
27480200	0.00090654306484245
27481741	0.000336776797049993
27482441	0.0049610281725662
27484450	0.00282937544474779
27485290	0.000237285579384968
27485560	0.00692567980019325
27487121	0.000637788368859769
27487791	0.000526758615750879
27488231	0.0153053212443028
27488501	0.00133603920324927
27488621	0.00125091387161147
27488750	0.000569438842681664
27490301	0.00202054510732946
27490441	0.00100968903702131
27491910	0.000247725539704623
27495340	0.013125237541228
27495480	0.0131727309710745
27495760	0.000899528888595675
27495770	0.000351268836003268
27497560	0.00198873330343849
27497700	0.00352766928741673
27497731	0.000193951769156484
27498271	0.000295395633250833
27499101	0.000187316398094077
27502151	0.000456554906618158
27502540	0.00207298476153301
27502930	0.00252418316561798
27503200	0.000319338165236998
27503780	0.000769439175031529
27505960	0.0054037782045143
27506571	0.000338614529571343
27507050	0.000283487225061584
27507261	0.000336640621258548
27508430	0.00133145722370432
27508501	0.00134010559559522
27508840	0.000582222741065811
27509160	0.000572575661208668
27509461	0.000359428093444577
27509710	0.000986571774743989
27509721	0.00212325318787078
27510131	0.0071083367616211
27511630	0.00044075012347486
27512040	0.000398721742589683
27514001	0.0172627349325233
27514540	0.025328469611174
27518810	0.00175710857439033
27520610	0.00306683938032816
27526100	0.0023629954563958
27526370	0.00184687544615103
27530561	0.00145740982405767
27531500	0.00499933793099801
27531801	0.00227918204116675
27531811	0.0589784256115108
27532720	0.00150455577199391
27532740	0.00486317817879554
27533160	0.0213159720822468
27536720	0.00603061740573738
27537020	0.0075249424909322
27538411	0.00241438163877453
27544361	0.00122494478089228
27545161	0.00151625654118441
27545290	0.00204565022208306
27546120	0.000402197075548921
27547251	0.0047563397584499
27548471	0.000396626211168766
27549820	0.0424145956169968
27550360	0.0011891436489021
27552710	0.000694293739865917
27557000	0.000589876575387623
27557181	0.00429151844951177
27557390	0.00908555099504822
27558790	0.0101032589894886
27559740	0.00396213280177749
27559880	0.000998552754444164
27560600	0.016474258788946
27563220	0.00207139063892618
27563630	0.0026260627727935
27565570	0.0177683447059207
27566291	0.00119184692893346
27568030	0.000407109965467863
27568710	0.000522161493417501
27572740	0.00272441801414456
27574370	0.000491081694270736
27574780	0.000399166762068601
27575900	0.000498851244320743
27576631	0.000437075940325103
27577451	0.00472671653989838
27578390	0.00561474070589688
27578780	0.000310127608262435
27580310	0.000596205224070086
27582090	0.000863382708973442
27582770	0.000559411408279888
27583200	0.00117544067452235
27586691	0.0120785508253763
27586831	0.000307800649128773
27587180	0.0221569117444575
27587200	0.00305394858208063
27587610	0.00201989280547481
27589301	0.0017915022296969
27593171	0.000272141212417998
27593700	0.000368352154237844
27595200	0.00276684708692884
27596201	0.00196287704379714
27596221	0.00188705279754768
27598701	0.00030510531697679
27599391	0.00336907736672467
27601861	0.000427341679568218
27602421	0.000262278353804981
27604751	0.000355475200944233
27605250	0.000778374102159346
27606220	0.00157131768830413
27606530	0.00123526563932912
27607111	0.000433521087718518
27608020	0.00133398767187206
27608560	0.000498576716387124
27609660	0.000320165273409889
27612741	0.0782060556808045
27613420	0.000442851196574861
27613540	0.000306350337570832
27613940	0.000411815992326001
27614660	0.000442500054138612
27615050	0.00130906678351672
27615651	0.0691365356017366
27616020	0.00217792455972043
27616160	0.000613287687359788
27616710	0.00279314369157119
27617380	0.0424652077080696
27617581	0.000114905402058456
27618681	0.0191365943850183
27618900	0.0034334058282402
27619050	0.000430470135732449
27619070	0.000105782309612218
27619890	0.0032435349575506
27620000	0.00794116485370741
27620430	0.000234589227129687
27621550	0.000343084142603456
27623781	0.00010637563108369
27624191	0.000371518373902092
27625150	0.000427302997320455
27625301	0.00169892279843161
27626210	0.0369440762870312
27628331	0.00183833439751141
27628980	0.000437349556475616
27630531	0.000467105167879783
27632901	0.000365850666655278
27633851	0.0190792639434645
27634660	0.000610028950827593
27634821	0.00287778898510974
27635310	0.000340590439877169
27636040	0.00100172579006436
27636580	0.000459492385023005
27637151	0.00135176220741176
27638370	0.00033177096487878
27638760	0.000447006650041194
27639070	0.038280700671319
27640351	0.00175924735033604
27640901	0.000558915365060506
27641110	0.000319261922852422
27642070	7.62603051851359e-05
27644150	0.00233436851965182
27644290	0.00180077677875255
27645571	0.00137991302647105
27645830	0.000465913714458782
27646760	0.00979399714622934
27646971	0.00168968916381511
27650620	0.00254358094095517
27651081	0.000239268015124217
27651361	0.000705945360200094
27652761	0.00052100755402913
27654421	0.0124761910725219
27654691	0.0276033787162036
27654800	0.0209057403638412
27655750	0.00032938547184847
27656030	0.000860509030895783
27656341	0.00289667294972259
27657161	0.000301907978468034
27658210	0.000587522485978355
27662360	0.000478119179594781
27662480	0.000546399006923007
27662941	0.0497689013366766
27663200	0.00140019776699053
27665540	0.000480649981325648
27665721	0.000282819765183152
27671060	0.00146472476904253
27671511	0.000413929582166057
27671781	0.105293789920286
27671921	0.00042585004129428
27672270	0.00175772642671632
27673100	0.000719654562965595
27673390	0.00480994559611549
27673810	0.00169664274635585
27675580	0.0360412021049853
27675651	0.00318061184861641
27678910	0.000144315563277863
27679050	0.000819531876776781
27679081	0.0230903728752796
27679900	0.000360859900564474
27679931	0.00996477453013713
27680481	0.000251796973675714
27681301	0.000343120691236147
27681851	0.00296972895871561
27682541	0.000554400097712414
27683620	0.00283071438809806
27684450	0.00159241274692251
27685410	0.0045198422599027
27686230	0.000309002075245114
27688331	0.00176235291145751
27688830	0.00078056687731846
27690111	0.000267234376214456
27690900	0.0126786903727386
27691030	0.000209642361954528
27691921	0.149397191207888
27692191	0.000636135425233267
27694210	0.0047433652526727
27694821	0.00176290443144502
27695740	0.0106445009462877
27696191	0.000297111638464001
27697370	0.000537275711376416
27698240	0.000291448409687789
27700041	0.000497559690126341
27700461	0.0216332002337119
27700680	0.0118699101834716
27700850	0.000288310792074877
27701670	0.00062200043317753
27701830	0.000327945000525873
27702080	0.00351494749259995
27706681	0.00557646797101911
27707040	0.000349293372914908
27707211	0.00334612821118661
27707320	0.00169671121209526
27707470	0.0055021509904127
27707791	0.00489127837621473
27709000	0.000851959703549215
27709100	0.000807044668437422
27709820	0.000513421278807478
27710340	0.000474324988946207
27710380	0.000321120923119472
27710951	0.000120916073057373
27711241	0.0039501849041849
27711491	0.000200493121719559
27711890	0.000296082981796775
27713110	0.000647821657964911
27713230	0.00140223400130374
27713680	0.203119514304634
27714360	0.00198663099475061
27715050	0.000297186449309678
27715511	0.0463499241801533
27716820	0.000384581980966096
27717991	0.000552368586533587
27718521	0.000349025211698242
27718760	0.00243433793523604
27719221	0.000250527932132927
27719631	0.000445185035897001
27719890	0.00057054074697305
27720840	0.000376742265855607
27720970	0.00414601650974407
27721141	0.000319360989503561
27721151	0.00241486773735014
27722100	0.0145005442990145
27722551	0.0210166160645418
27723050	0.00533546572412775
27724000	0.0107316397426371
27725130	0.00151516359851622
27725971	0.00295717657356897
27727511	0.00327237207978725
27728970	0.000317024647808509
27730510	0.0147827375879252
27732410	0.00652042074593863
27732591	0.00141610703739468
27733800	0.000538867303339619
27734650	0.00358350027753998
27734811	0.00701568873630387
27735211	0.00353019674873171
27735580	0.000531957525443465
27735791	0.00267323500797973
27736751	0.000417305211447675
27736891	0.00405132751390851
27737100	0.000790251541991811
27737120	0.000491472617660098
27738910	0.000419475731102306
27739091	0.000224299635520174
27739480	0.00100563413267681
27740181	0.000340773589559434
27740400	0.00163676987688791
27740461	0.000617989462268536
27740471	0.000334735277685973
27740540	0.000349759543972377
27740690	0.00070049310769514
27742961	0.000311814023258679
27743320	0.024340939231228
27744591	0.000699029557371914
27744871	0.00126207242051911
27745151	0.0005896072143877
27745561	0.000339945919185127
27746510	0.00151240754072748
27746941	0.00085582869580864
27747750	0.000829889941692392
27749161	0.000648461348124513
27750610	0.000274714320749923
27750681	0.000177744482529865
27750780	0.000338679868768926
27750811	0.000865802648187887
27750890	0.000434414406263816
27751371	0.00039991756940564
27751491	0.00203906844496736
27753540	0.000287837568208215
27754271	0.000532080018699737
27755440	0.000508408136499199
27755740	0.000168825292996215
27756061	0.000600491261471388
27756560	0.000440044435038
27757680	0.000324622591376592
27757920	0.000389280547128022
27761250	0.017145798374295
27765090	0.427974092370504
27765670	0.000977453103179182
27768321	0.000484284279190141
27768680	0.000924994639806936
27769780	0.00887251416799564
27769851	0.000183779324494596
27770230	0.00374261725145256
27770251	0.000243165301334046
27770811	0.0329717519327088
27770951	0.00293415438406351
27773161	0.0173224027607844
27773540	0.00099025620024341
27773640	0.00203410060577151
27775071	0.0120915251830649
27775341	0.000284101612448853
27776861	0.000899994548203988
27777380	0.00115102963811191
27777831	0.00641224763147365
27781250	0.000360753425555601
27783740	0.000319702583992218
27785120	0.00027023117217524
27786521	0.000504082109359894
27786780	0.000828629618734687
27787880	0.00161535805244521
27788051	0.16225733217048
27789161	0.000260205482895352
27791020	0.000312285776833134
27791290	0.0041367196795463
27791351	0.00340588942918227
27792120	0.00037653856689033
27794661	0.00127909661898937
27795351	0.088623407931954
27796020	0.0259914798842665
27797011	0.000475033428480421
27797090	0.000594805021421577
27798880	0.0022236417879575
27800861	0.00082083581058578
27801910	0.000230293445439291
27806470	0.000244102411687669
27807071	0.000337107791959027
27807430	0.041294728796983
27808960	0.00077509056618797
27811610	0.00648190521374441
27812160	0.00296629011922272
27813650	0.0135417424103877
27814101	0.000247404503862144
27814460	0.000367060755157921
27815320	0.00190666670338984
27815621	0.000528162666803856
27815761	0.000292544125426976
27816191	0.00110104618445797
27816591	0.000281929919116156
27818671	0.000976600530097768
27819730	0.00114105603416006
27820991	0.000622303334227696
27821131	0.000524242152631496
27821141	0.000550909838518335
27821220	0.00181911833607349
27822340	0.00118357943393986
27822511	0.00241326438025644
27823330	0.000208398914495645
27823840	0.00292082132645274
27824191	0.0411351153733965
27824861	0.000614182462294614
27825001	0.000250969317491459
27825681	0.00022024081128387
27826391	0.000667589262140182
27828140	0.00764131472954918
27828601	0.000296975212542476
27830210	0.00207946433895748
27830381	0.000472570364112014
27830500	0.00386131956286139
27830671	0.000251705571089385
27831351	0.000387406850886942
27832670	0.000393104423804494
27835160	0.000259483271386797
27837230	0.0104046485913176
27838931	0.00030316727837001
27839491	0.00266589875051352
27839761	0.000227158924958205
27843290	0.000255510130596728
27843621	0.0102377013558581
27844181	0.000540532906915708
27845810	0.000413221481768963
27846360	0.00117922109164443
27849151	0.00966587588674166
27849230	0.00133447429125891
27851710	0.012184287446863
27851850	0.0108889670970291
27852311	0.000673716461391687
27854111	0.000202429147192217
27855590	0.0647099585049172
27858371	0.0185142174262011
27858500	0.00101750649315195
27859570	0.00854853067484904
27862080	0.000155244152351582
27862241	0.0753635635942788
27862251	0.000385227719533827
27862320	0.000343985957320193
27862610	0.000286733899582133
27862870	0.000424849063327927
27863761	0.00144150342780295
27864810	0.139451785053374
27865431	0.00110437247513815
27866360	0.000298331590630649
27866740	0.00436307371997114
27866750	0.675987118647556
27867631	0.00101252995837638
27868150	0.00315711728658234
27868181	0.00158473668874171
27868861	0.00122914419089226
27869360	0.00122889367696648
27869640	0.0772592094821468
27869940	0.00797715105722234
27869951	0.12820411754077
27870470	0.000389019401343611
27871290	0.00178529251938446
27871761	0.0100247371311064
27873800	0.00908756934823704
27874050	0.000272629147065461
27875160	0.000172997593406752
27875450	0.000502198553639793
27877151	0.000141800148862768
27877281	0.00175274363662205
27879010	0.000264919703652939
27879730	0.000504208291484289
27880461	0.000467860892318435
27882340	0.00036757627107599
27882531	0.000809985516745443
27885281	0.00034323281082453
27885821	0.000556810543879608
27886241	0.000436501520597896
27886340	0.0078163576141666
27886620	0.0216813011200035
27886630	0.00319619066928113
27887471	0.000504355883899418
27888700	0.0059579986872132
27891320	0.000732093678328737
27891341	0.000406701365431091
27892110	0.0251130141860008
27892150	0.0166443450663483
27894251	0.000561963128578267
27895720	0.0127570111131988
27895761	0.000919568981942702
27895771	0.000309321842496946
27896161	0.00230738885543765
27896311	0.00507056727417131
27897930	0.0026781829888235
27897971	0.00609580973982541
27899010	0.0023843670473437
27899030	0.0039004546653129
27899290	0.000944152451492482
27899990	0.00108848828449998
27900441	0.00028343201041248
27901660	0.00059541749201153
27903280	0.000969158282742079
27903320	0.000264123030733635
27903420	0.000450980628275646
27904301	0.00033434208317713
27904680	0.000270079026199242
27904851	0.0180775088853374
27907870	0.018138263661094
27908010	0.000371629336655279
27909250	0.000220469039176515
27910241	0.00659796285737872
27910391	0.00359118981853656
27911430	0.00248172081201468
27911891	0.00381941673918632
27916270	0.00272239908963621
27916540	0.000290080778423359
27917350	0.0060963371739216
27917360	0.00757208770968506
27918610	0.0167291377447421
27919840	0.00111408761166048
27919860	0.0017869286132721
27920041	0.00103672374075794
27921510	0.000546982035169623
27921770	0.000819833668725106
27923150	0.00563426019592118
27923170	0.000866578016177702
27923180	0.000885759678620659
27923201	0.000252772919354995
27923331	0.000372176166070802
27923420	0.0010047270297768
27923751	0.00034310367408766
27924041	0.000411048176214561
27925561	0.000210278297761679
27926620	0.0027384432869425
27927601	0.00285010095369117
27927870	0.0123363783232098
27927901	0.000255726492421725
27928410	0.000280085504988552
27929080	0.000310169909093046
27929350	0.00068479682023577
27930241	0.0012903406235838
27931621	0.00151595227415775
27931840	0.000858588341780769
27931850	0.00361753255040073
27931901	0.000170708029368714
27932110	0.000251218464862686
27932830	0.000386160018663757
27933230	0.00525464479372607
27933360	0.00241491777366493
27934050	0.00175808861444799
27936800	0.00121722187126741
27937141	0.000734746430371039
27937271	0.0011564899993391
27937951	0.0108962538166789
27939040	0.000267189934134688
27939560	0.000344238488954668
27939980	0.000240888458550897
27940031	0.00609559657915282
27940291	0.00133030920793405
27940431	0.00121511060646997
27940520	0.00316228921963538
27942190	0.000531201281109611
27942870	0.00015488578982282
27943430	7.83997900605498e-05
27945110	0.000472406215203195
27946641	0.000715815423751962
27947690	0.000410529245174147
27948130	0.00421393618961423
27948420	0.000202699856477259
27948451	0.0273177221233379
27948550	0.000454404661185381
27948660	0.00117073984003374
27948680	0.00157110015147203
27948690	0.000813351841682261
27948960	0.000696886185379889
27949001	0.000978334671243111
27949520	0.000738698847905131
27949671	0.000144406176493281
27949910	0.00323992740701441
27949971	0.311831354943176
27950050	0.0249049259915613
27950740	0.000401435531140259
27950870	0.000318127814148473
27951560	0.0289368790770264
27952140	0.000384746566689552
27952151	0.00155909343902147
27952711	0.00168735244937938
27953541	0.000317782846314437
27953800	0.000246365827001331
27954050	6.71302438584181e-05
27955580	0.0372220292999569
27955850	0.00188657731321884
27957261	0.00130445211492156
27957271	0.000249118875832095
27957380	0.00171686705636213
27957760	0.00594430016683315
27958200	0.000320895181528897
27959580	0.000401833943598288
27959741	0.000429361438658095
27959960	0.00219751736287053
27960721	0.0022874698066494
27961490	0.00616779472442059
27961890	0.000362542622513768
27962371	0.00263347589040284
27962480	0.00263075893963442
27964540	0.00830140252182387
27964561	0.000654894462112451
27965110	0.00067339175629293
27965210	0.000499120950401765
27965350	8.77219087978525e-05
27965691	0.000186961750997422
27965900	0.000292596801742973
27966101	0.0103049508886195
27966200	0.00240694673093511
27967881	0.00727783438939006
27968400	0.000454534655694156
27969111	0.000263379115092759
27969520	0.000264798603080191
27970651	0.0050236114114312
27970921	0.00168103630142769
27971170	0.00317207617392783
27972410	0.00426496872569782
27972441	0.00675394724879482
27972520	0.00562567625600035
27972721	0.0004200733392996
27972830	0.000361627497120428
27973131	0.000548602595252996
27973141	0.000397329613299078
27973770	0.000378088253651533
27973890	0.00259684640696807
27973951	0.00025747735516448
27974210	0.000297632830804014
27974231	0.00232526437084291
27974880	0.000328968053199762
27976421	0.000702652411680467
27977200	0.0290631912246713
27978870	0.00129275246518394
27979270	0.00145803968320071
27979471	0.0630321359041115
27979881	0.000519291246384034
27980011	0.0014937340137899
27980981	0.000361377417881778
27981111	0.000336618876834115
27982340	0.00826979565330226
27982511	0.00157624937289636
27982610	0.000401767558573023
27982740	0.000306435920501106
27982860	0.000295852321490934
27982931	0.00015733750054285
27986501	0.000544771601498943
27987310	0.00277305358065274
27987410	0.000225262981170097
27987450	0.00122562835021921
27987980	0.000449704558494569
27990351	0.000628923242693493
27990791	0.000386937296714354
27991010	0.000854046423668816
27991020	0.000273187965980107
27991030	0.000473190008519235
27991071	0.000457228464468022
27991130	0.000757644389169256
27991181	0.000947028326996551
27991270	0.00034449278007697
27991860	0.000996951672251513
27993060	0.000950437203164115
27993080	0.000992589099125742
27995980	0.00169309473130644
27996370	0.00161716535469933
27997920	0.000206390753738276
27998491	0.000309308774994866
27998990	0.000420901040458563
27999051	0.00208313095509009
27999160	0.000442574746154432
27999280	0.000261912632442291
27999341	0.00074521201833066
27999440	0.000816109564923853
27999471	0.0013971300958809
27999481	0.000546932789641347
28000670	0.0401539555048623
28000861	0.0220961339702138
28001500	0.000748306249323426
28002180	0.000305827305281259
28002300	0.000298181035087376
28004410	0.000180430069893222
28005610	0.000268886848649081
28006750	0.00035662012302036
28007310	0.000367837349315504
28007580	0.00092385356655754
28008100	0.000673716327035467
28008690	0.00926754827450932
28010511	0.00031917071609755
28010740	0.01386828748866
28010870	0.00406997115730276
28011280	0.000214757540525074
28013490	0.000266621867145914
28015580	0.000468385130940812
28016031	0.00322952195061451
28016851	0.000137766932631587
28017261	0.0145341616498017
28021121	0.000380503632143449
28021220	0.0274704227972114
28021360	0.00030658519810361
28021821	0.000109436840417879
28022631	0.000273992948758418
28024400	0.00223993024365347
28024721	0.00216334071396935
28026580	0.00182586725624549
28027550	0.000659804041146302
28027591	0.000976543924269336
28028691	0.00211005422724328
28029790	0.00207318867968383
28030081	0.00136532651734753
28030750	0.00870557857318975
28031051	0.000309944700729798
28031290	0.000521298042450382
28031300	0.000517309498675764
28031311	0.000551079422574175
28032561	0.000388404893298445
28033941	0.000210669978834329
28034030	0.00012502406717778
28034221	0.0013375090255476
28034491	0.00599870231125872
28035201	0.0018357342687842
28036950	0.000175806967774039
28038330	0.00149157880576443
28039201	0.000276326763652553
28040100	0.000921828501918925
28040151	0.00345905174520534
28040161	0.000169429752765188
28040301	0.00286135246261442
28043170	0.000312000081977415
28043540	0.0110572472787
28044011	0.0290814876513152
28044650	0.00053866403315365
28044701	0.000177207876307037
28046231	0.00794831776584776
28046371	0.000493655899402976
28047130	0.101398155997987
28047260	0.00158801878675951
28047311	0.000327850482294156
28047710	0.00286849605441488
28048100	0.000252487449113159
28049261	0.000317085751014243
28049370	0.000433044151952251
28051300	0.00268627599647767
28052130	0.00100438033337726
28052390	0.000218683836614881
28052431	0.000202375228685413
28054221	0.000251231027217082
28054901	0.09376186598493
28055891	0.00022433481423328
28056790	0.000744513523264279
28057490	0.000242963777621239
28058361	0.0438227888548122
28058481	0.00122606062374007
28059051	0.000107908295964977
28059140	0.00583945598969113
28059201	0.00201022601235106
28059540	0.000324849893548898
28060090	0.000127169354152733
28060400	0.0126904302501006
28061080	0.000306417474364773
28062710	0.00156336616246966
28062880	8.06019220941983e-05
28062990	0.00827517230097115
28063010	0.000496404620367791
28063031	0.000271139994413205
28063061	0.00246288820226069
28063160	0.0153691637423297
28064680	0.000228371484967557
28064960	0.00155188647420549
28065330	0.00162945071810431
28065391	0.00200956124231427
28065640	0.000342919770667826
28065900	0.000335647750004126
28068530	0.262448539828544
28069381	0.000617135193973907
28070081	0.159497452254422
28070501	0.000330626545040343
28071270	0.000192290513204533
28071741	0.00024439455759468
28072360	0.0166879738931254
28072561	0.00270695888035204
28072920	0.000375249315723427
28073330	0.0131899683692367
28073401	0.000377159713329919
28076780	0.00195623959913305
28076950	0.00488445998431039
28077210	0.000306954933146815
28077510	0.000162382238231832
28078590	0.000410509914421351
28079461	0.000350130665134761
28080431	0.00220523972502139
28081490	0.00951148437203626
28081541	0.00158135694188058
28081630	0.00152778060295008
28082310	0.000329649876362821
28083830	0.000141200382347508
28083980	0.00316906888731688
28084260	0.00223380911770877
28086221	0.000352397320451758
28086621	0.00128976094445712
28089941	0.00229054083041608
28090730	0.0324414208822067
28090911	0.00038544386350853
28091280	0.00114626628735322
28091721	0.00179715661838079
28091871	0.000346390789891165
28093080	0.00591685346820489
28093200	0.00111701991459185
28094440	0.00249048904172996
28095331	0.00117916784822636
28095700	0.000220273374147303
28096250	0.00190370578896771
28096650	0.000381247198538199
28096821	0.000139743712068042
28097220	0.00139061559472641
28097241	0.00146024547128289
28097671	0.000325674906663546
28100110	0.000239951178805654
28101791	0.000959398875457962
28102150	0.000341001241248643
28102160	0.00699734136990351
28102850	0.011205859769684
28103461	0.000217928463254129
28104141	0.000337803564653955
28104711	0.000363599031862385
28106160	0.00981358184380057
28106201	0.00039025958631349
28106751	0.00102719552552748
28107970	0.0454824528602915
28109070	0.0020191933267831
28109121	0.000573876125045231
28111171	0.0364266097906409
28112670	0.000421200325967499
28113941	0.0107542473212987
28114990	0.00167340688444365
28115301	0.00238433597350654
28115390	0.00128116734536994
28116411	0.00128811142552831
28116500	0.00464910321624674
28117620	0.000486507838412224
28118430	0.000582621676692319
28120291	0.000237616533761436
28120421	0.00194465514536554
28120950	0.000786237391761824
28121101	0.0523348526892517
28121350	0.0226751950900976
28121401	0.00022825003149878
28121651	0.00352912145545318
28121801	0.000237493461886015
28121931	0.00683434241806203
28123830	0.000283527830494832
28124291	8.15370385788623e-05
28125080	0.000600111084438505
28125090	0.00130998387328262
28125220	0.0806881675879927
28127270	0.00259833616415399
28127581	0.000531870185862731
28127840	0.000263446627898733
28128780	0.00109147259461709
28128821	0.00427069002428713
28129241	0.0134052266523578
28130580	0.00218802831551926
28131690	0.00145384095315075
28131741	0.000916332799344359
28133780	0.000339763596753782
28133791	0.000593181217870077
28134450	0.000301274766399061
28134491	0.00124664515845914
28134911	0.00202513167187427
28135140	0.000249917634167067
28135601	0.000502199118211965
28135960	0.00460364270766443
28137870	0.000324670531592541
28140291	0.0273463630087472
28140411	0.000257783663616046
28140681	0.000326605689816603
28142330	0.000177812072540181
28142440	0.000738504543088809
28142570	0.00189356324370142
28143410	0.00311930191060394
28146320	0.000400091182907774
28146600	0.00141910535532306
28147041	0.000388725961511024
28147120	0.00118752320907334
28147400	0.000267161188010512
28147871	0.000499985133563658
28148421	0.0129819800333242
28148940	0.000280215590579092
28149070	0.00561033708128728
28151120	0.007595714525252
28151540	0.00202093112964212
28152500	0.00297390985970866
28153931	0.00217940440557488
28154201	0.000921534905544303
28155830	0.0019900867111271
28156390	0.0667713513148872
28159041	0.000607316002153944
28159051	0.000613891438104542
28159140	0.00134116177446723
28162020	0.00106064546016622
28162211	0.00322698472857368
28162341	0.000633924082550786
28162911	0.000103108930673944
28163290	0.000326405537069712
28164250	0.0043277457122667
28165241	0.00309061732760638
28166170	0.000193654157349548
28167150	0.000208014964270363
28169070	0.000292754983379123
28171041	0.00653381534690399
28171301	0.00107068117171895
28172401	0.00230645937979126
28172561	0.000857798559624145
28174180	0.000224116600783124
28175591	0.00652957633158762
28177791	0.0071921586283041
28178830	0.00233127245393048
28179150	0.000242826976402658
28180630	0.466048549208314
28181360	0.000583736150025397
28181760	0.00028356767043167
28182450	0.000852933212695672
28183390	0.0089821264185223
28184780	0.00441454366137175
28185040	0.354429101147862
28185910	0.000506057337804137
28186280	0.000206335426998855
28186631	0.000309788765346705
28186980	0.000299267383024353
28187120	0.00318357553988396
28187260	0.000412887920366331
28187670	0.00029106140244989
28187700	0.000545568704314749
28188900	0.00023593162442211
28190710	0.001090277138269
28190870	0.000346037908874149
28192001	0.000240134619953009
28192080	0.000301282748936349
28192121	0.000250804481972026
28193900	0.0265191306364438
28194020	0.000593947342138702
28194040	0.000252491842718182
28194061	0.000337774770959454
28196070	0.00482322558849793
28197760	0.000277110902243849
28198471	0.0117881599180023
28198850	0.00176865443491778
28199010	0.00383797119732783
28201801	0.000300927876058282
28203321	0.00687523912314784
28203530	0.0778188506909024
28204350	0.0363000611256352
28204630	0.0118689815789534
28205470	0.00245554478857482
28206341	0.000593145252806654
28207851	0.00170055288633534
28208630	0.215963561431919
28209231	0.00199614964796887
28209730	0.000177903824261936
28210051	0.0447886409086158
28210611	0.00468621840763787
28211321	0.0159700295339561
28211420	0.000275498887858958
28211711	0.000644570721422545
28211871	0.000409509823267724
28214191	0.000512586463382864
28216650	0.000514319903285587
28218461	0.00774533662820044
28218611	0.00177025695749395
28218830	0.000590245414890978
28220541	0.0330580633964783
28221330	0.000310013917799978
28222160	0.00054626633595226
28222331	0.000305563357704736
28222901	0.00229825972164523
28223960	0.00167995428166402
28224230	0.000560921827194143
28224660	0.00133302230542615
28224681	0.000241482566048064
28225371	0.000589480214537846
28226590	0.000566415550686228
28228100	0.000633757666402854
28228281	0.000357675522689
28233310	0.00118908335273752
28233661	0.000705792680194332
28235530	0.000468462643029979
28235810	0.00119873457713596
28236770	0.00166324625023806
28237450	0.000317193342956508
28237460	0.000181182979770587
28239451	0.000432007109184852
28239571	0.000650149737816339
28240240	0.0107394880533321
28241070	0.000370839737980036
28241610	0.0112140549366028
28243431	0.000551447106332629
28243540	0.000337667718487628
28243550	0.000461975752334617
28244131	0.000156609208926743
28245040	0.000217844258369489
28245231	0.000193053225313557
28246020	0.00201732272688164
28246341	0.00118992145494306
28248620	0.00853240959992214
28249091	0.0108355291695716
28250840	0.000967762812819955
28255711	0.000619676688959599
28267820	0.000547447558217964
28270071	0.00131592289597469
28270860	0.00214637085245377
28272951	0.00147861231641697
28273651	0.000819636966675437
28274560	0.0183186022422301
28276141	0.00276980736542048
28276360	0.321813870049477
28279250	0.0357975951614108
28279940	0.00887622607076798
28280661	0.000649538380498608
28281030	0.000733617694639208
28281081	0.00110005857858875
28283380	0.00590890486572743
28286310	0.00034086531067856
28286430	0.0113252557984757
28288821	0.0399365088281748
28289300	0.0120804936404419
28289351	0.000400100123265811
28289460	0.00606509579606418
28291561	0.00140065705655635
28292240	0.00190653716040994
28293440	0.0174485969615958
28294751	0.000391373378232318
28295861	0.0102823574077542
28296531	0.00996051650021977
28296640	0.000521031752981247
28298420	0.00879200099472632
28298580	0.000398802839507768
28299670	0.000555977226437116
28300671	0.0188178053811417
28300780	0.00498937420772429
28302201	0.00156436323758523
28302461	0.00189174483354315
28303690	0.000926840299080239
28304380	0.00340250133080942
28306130	0.000225472046456929
28306170	0.000218709654697939
28307930	0.000573591940873365
28307971	0.011751376302388
28308060	0.00734002602562151
28308360	0.000446381166733755
28309781	0.00658513965820409
28312271	0.000457291034433971
28315031	0.00412993545115646
28316490	0.0175032287022354
28319800	0.000286581895385777
28320671	0.0148872377876056
28321071	0.00103837389594262
28322461	0.000294122489598039
28322751	0.0336072663441201
28323370	0.0511562767172054
28323530	0.000249277921765147
28324811	0.000654576808272057
28328241	0.00602227545304821
28330140	0.00431768479021071
28331971	0.00579774551777182
28338010	0.00142806564906629
28340681	0.000540791985800813
28340801	0.00498372571954411
28341860	0.0115396449350388
28349320	0.000240559678092159
28356391	0.00101749494510806
28357850	0.00151916247776746
28359411	0.00207864000524879
28360480	0.0236280296932371
28361730	0.000401822419212313
28365921	0.000858346220519215
28367971	0.000856742065498673
28368890	0.000322035151138167
28371110	0.0032546119251282
28372510	0.00416364437695759
28376080	0.00254390032900547
28377351	0.00137269531648897
28379291	0.000956434540528784
28380490	0.00334108406582444
28382280	0.0493648569826569
28382581	0.000867068601178127
28383431	0.00108321399104738
28384080	0.000649124297268832
28386741	0.000715374415904385
28389300	0.000863381343930363
28389710	0.00186085295497589
28390820	0.00037879373029977
28393911	0.0015910987262737
28395250	0.000188063963480121
28396340	0.00683351492209377
28396490	0.000403775376172245
28398290	0.000997733648950449
28399711	0.0133381350617015
28401850	0.00409758565555617
28402191	0.000339819084588027
28404200	0.000335993080149537
28405440	0.00226133266760639
28405880	0.000183798383788772
28407421	0.00280110832377938
28408900	0.00549210953307642
28410530	0.00171324510612323
28410731	0.000458701200288001
28413440	0.00271817757672221
28414690	0.00192421077375371
28416111	0.000249290788546143
28418010	0.00448993831884755
28419151	0.00142702837941619
28419421	0.00189570482651829
28419971	0.00380458053818968
28420511	0.00399651044732272
28420880	0.000276367353993949
28423271	0.000417764881614408
28423281	0.00518710726455826
28424610	0.011107179210735
28426710	0.00126573763572054
28429201	0.000273891526845344
28429730	0.00294904724261058
28432180	0.000421610749652767
28432391	0.00444473114214793
28432600	0.000387085230770958
28433771	0.000994353209338009
28434721	0.000362041857005334
28437040	0.000337535691217371
28438451	0.000336359965546422
28438601	0.00112949392717171
28439541	0.151984633401325
28439660	0.00552102083900122
28439940	0.00780251255446942
28441030	0.00452835486722262
28443821	0.000422839307573734
28444781	0.001629614636968
28444791	0.00491424889936484
28446451	0.000470620256612031
28446560	0.000796507295761568
28447780	0.00248107123291801
28448600	0.00267176440244776
28449880	0.000634184761578277
28450290	0.000746049337497499
28451640	0.00125571160856333
28456511	0.000711584329047359
28459770	0.0104511905494256
28459940	0.000259441245682479
28460091	0.00138822436156728
28460521	0.000422116840413593
28461201	0.0131656887601535
28462150	0.000916947009788191
28462550	0.00123499979273529
28463500	0.0329859704317845
28466041	0.000300253347202621
28466690	0.00132050073527909
28467080	0.000236233703662936
28468760	0.000706410789926273
28470441	0.0035905382458889
28471681	0.00557320547861932
28475350	0.00147236894336674
28475370	0.017255867491531
28476080	0.000190777477606497
28477191	0.00422866566766821
28478800	0.000439955873686859
28480661	0.000377451757674102
28481040	0.0146307307776155
28483151	0.000455433596053734
28483240	0.00100264697753214
28485310	0.000315787059468439
28489191	0.00120262625124685
28490560	0.00536959064224131
28492480	0.000835873493955989
28492791	0.0374782757419726
28493351	0.0184475788999334
28495001	0.000776275709933912
28495520	0.000403698115031206
28495640	0.000990935387987812
28495701	0.000370384698497345
28497150	0.0012671875895437
28498680	0.00036051676817806
28499210	0.00618979001629765
28500200	0.0059568047394797
28500381	8.88639964859766e-05
28501590	0.000411528801441864
28502451	0.000204412124466432
28503141	0.000384810892780473
28503510	0.000345999098563098
28504941	0.00231394914633612
28505071	0.000294161671411421
28506520	0.0036107430040772
28508381	0.00041214415706443
28511121	0.399137647722438
28514731	0.00124473801065499
28522530	0.0013115540943698
28523490	0.00175290182352733
28525461	0.000531825788958673
28531411	0.00189499221913324
28532340	0.000524262360328364
28533550	0.00214402246980761
28534701	0.000433624804834133
28534930	0.000306423878045491
28537290	0.00177942738242525
28539070	0.000577386686580271
28541191	0.000252903702697433
28544720	0.000308829778412349
28545481	0.00437222154625524
28545850	0.000420841396486146
28546841	0.000596501615805252
28548231	0.000260723216116605
28549440	0.000398266092063173
28549751	0.000173041433643549
28549980	0.00577581276546428
28551141	0.000914628568152162
28551681	0.000344291396353861
28551900	0.000282562547946771
28552521	0.000675412787093272
28553030	0.0129848464559718
28553321	0.00231449741967556
28553840	0.0293842934841036
28555001	0.00621623318947148
28555801	0.000261496647367459
28557560	0.000412345981496527
28558540	0.0242987762613511
28559080	0.0313165434327484
28559531	0.000229868574807149
28560030	0.0469914407247909
28560730	0.000276895382755605
28560911	0.00431915319909492
28561071	0.000117995034586646
28561450	0.000143399696253175
28563760	0.0645670510434146
28571510	0.000632980512337002
28574540	0.000580561286312472
28575681	0.00617774181021897
28577751	0.000451172635115086
28579121	0.00775169841970479
28580470	0.0070847001938663
28580771	0.00632684149274618
28581000	0.00128553413396756
28581191	0.00059455969689246
28581580	0.000908910708649134
28590690	0.00253040321456154
28591930	0.000378694389464415
28592091	0.000401220243296593
28592371	0.000387167865438895
28594861	0.000356935411138751
28596880	0.000348702466571002
28598291	0.010836738624836
28599790	0.00111109633472267
28600371	0.00956276781857491
28602171	0.0126120271353766
28603630	0.000275189249722222
28604440	0.000117341125053859
28604620	0.000667423153687992
28609410	0.00749982726786349
28610250	0.000893667088902233
28610281	0.00140311863586464
28611790	0.000370964398260794
28612040	0.000412225501829497
28612730	0.000683760521996135
28614031	0.000955433531579518
28614851	0.000354616267308077
28614981	0.00130296149596621
28616020	0.000538381297049003
28618151	0.0244891078261965
28618370	0.0005666195518332
28619100	0.00228345293851386
28619200	0.000698348110965726
28619210	0.24426469106478
28619630	0.00478689931065812
28619640	0.000227428372136695
28621830	0.00647470081433616
28621891	0.00061533318096142
28622640	0.000432671400919162
28622820	0.000335461880277926
28622920	0.000884689829811584
28624870	0.00192769310275998
28624990	0.00509588164080083
28625690	0.00468247765165874
28626670	0.00717302599024567
28626701	0.000402217395236467
28626800	0.000297245320854059
28626810	0.000330750723672755
28628990	0.000737778924509456
28631500	0.00689859359418156
28632771	0.000613835181240149
28633300	0.0145679856599292
28633970	0.0270317325807341
28634400	0.00270462235532547
28635070	0.00034355845350784
28635880	0.00234018775168226
28636580	0.00033476013319492
28636921	0.000402926884325782
28637871	0.000383166363783843
28638500	0.000392811635961562
28638640	0.00064335152401991
28638950	0.000561223573685647
28644730	0.0197564995226513
28646431	0.00270077278419739
28647801	0.0148643214548509
28649570	0.0162847150076228
28652771	0.250550279589033
28657270	0.00288484653499169
28663050	0.000699413281970335
28664610	0.00082175673082033
28665140	0.0027697971851175
28667220	0.00191045217373817
28668501	0.00138119126682038
28669020	0.00128330123622409
28672761	0.00923322487886374
28675740	0.0053686987154784
28675801	0.0111277513246361
28677680	0.00194141826421833
28679780	0.00166773661334837
28682291	0.000378184684075651
28682380	0.000837828658891373
28682831	0.000167125324152882
28684580	0.00699799277508844
28685000	0.00238321553445198
28685471	0.0107130257224743
28686571	0.00195950881403814
28686920	0.000552080343115264
28689990	0.00162764781674259
28690080	0.00375824475982011
28691760	0.000490705490210609
28692071	0.000379190385021824
28692310	0.0121622022510285
28696430	0.000868244670258506
28696840	0.00289467509455256
28696980	0.00064527936238798
28698431	0.000397931045196366
28698790	0.000840007109038162
28700870	0.00453516777766749
28701171	0.00287764637216633
28703220	0.00204212518098275
28706561	0.000926262579340034
28707340	0.000280129633978099
28707931	0.00069380114649834
28708150	0.000673862440236625
28709881	0.000210264049227235
28710390	0.000168275596165608
28712761	0.000320174220053989
28714421	0.000428740397654133
28714660	0.000340897161476538
28714920	0.00192327847155413
28715101	0.000885916416300242
28716310	0.00302273932859848
28716460	0.000541911486169921
28717420	0.000289431734744254
28717851	0.000425385478798187
28717980	0.000629454120363432
28718520	0.000332906571409367
28718810	0.00856798252559122
28720020	0.00490116803503973
28722250	0.0211053199943521
28722910	0.00101371165951346
28722940	0.021322135945461
28726500	0.000576979665939042
28727910	0.000732797339955794
28729161	0.000725212942519992
28729591	0.000234897734898976
28733570	0.00213173193202727
28734151	0.00179716944004706
28735640	0.00652164400649884
28736211	0.000921019556593901
28736860	0.000365195870355243
28736901	0.000641203079396839
28741031	0.000494029120356293
28741581	0.00410385891732431
28742090	0.00159697498799851
28744751	0.0226593871223794
28745540	0.00671753351842652
28746001	0.000904331262963226
28748700	0.00311246511066081
28749270	0.000632616252974446
28749851	0.000340040897211726
28750701	0.000358009850542055
28752211	0.0953703666929433
28753830	0.108634158464495
28754350	0.00247442502824301
28754821	0.000449140865687611
28755200	0.00028407166359976
28756160	0.000531049351488496
28756170	0.000264875109528483
28757280	0.000381488873839905
28760891	0.16181143404201
28762500	0.0036802486499234
28762951	0.367534918313318
28764280	0.0015830482277112
28765960	0.000525392941610313
28767661	0.000870594269256381
28768211	0.00231447477288011
28768450	0.00436039247432518
28768830	0.00171770491245871
28770271	0.000487420888437754
28770961	0.000366267508958269
28772460	0.000317340629159986
28773321	0.000337922908031559
28773560	0.000424727936128143
28773690	0.00179399901036777
28774141	0.00442181398563344
28774220	0.000327311504441418
28780300	0.00304806907915784
28780341	0.00130466224385904
28782951	0.00315837503092983
28783320	0.00264368472423141
28783340	0.192020072480951
28784040	0.0025614563616232
28785031	0.000550233715203769
28785550	0.00219153569101864
28785950	0.000524876706536696
28786821	0.00018560522138535
28787231	0.000214314248433636
28788460	0.00742740504793438
28789451	0.000958501912274905
28790350	0.000279734134345995
28793311	0.00043896420413731
28793380	0.000941866571221901
28793540	0.000265480389098459
28793830	0.573744948772678
28794520	0.000901063130568445
28796170	0.00134218070190114
28796491	0.0244243231703344
28796631	0.000272254808276064
28797270	0.0019379818589528
28798561	0.000249602098928872
28799890	0.00372352576463779
28801010	0.00709805502559009
28801410	0.000289860095659145
28802940	0.0038545140978579
28804491	0.00023763754002424
28804980	0.065203703462158
28805571	0.000304438889122157
28806940	0.0331664672817642
28807480	0.000437531606598493
28808010	0.000554282172275791
28808471	0.00791169069774795
28809000	0.000296675415820065
28809581	0.00953560411113458
28813140	0.000628617164399764
28813841	0.00151526980054951
28814110	0.000603301997483149
28816450	0.000490235531129941
28817390	0.000259660534679432
28818240	0.523906306379513
28818370	0.00266969521414583
28818630	0.003873165093658
28820160	0.000470944815428891
28820410	0.0250390924248458
28821540	0.00345947652431263
28823320	0.00111933323246466
28823501	0.0111675190558993
28824351	0.000171559779174606
28827231	0.0177656995078069
28827880	0.00150143865092919
28828030	0.000660377749706098
28829270	0.000653175293358146
28829981	0.00034315155040697
28831890	0.0015466095176357
28832150	0.000365807635164913
28832590	0.000419692880268954
28832850	0.000593030303756334
28833410	0.000844085583097425
28834961	0.000275919605533335
28835231	0.00273844277322294
28836061	0.000473715646450026
28837650	0.000128624210493535
28837701	0.000130949227219068
28837711	0.00158933031958435
28838510	0.00288106888845738
28838790	0.00434728303928325
28839081	0.00458467696374013
28839740	0.00119037131503636
28840150	0.00250788237490753
28841301	0.001520526243445
28841550	0.0013223519605213
28842790	0.00235840770046589
28843210	0.000454530883013707
28843740	0.000163627114212504
28844611	0.00108891964634419
28845260	0.00333052378166907
28846831	0.0110762273265614
28847340	0.142944450789698
28847900	0.000377823931142386
28848481	0.00292808706405152
28850090	0.000316936871755631
28852211	0.0616743948524589
28852410	0.0182636285927218
28852731	0.000334157698179749
28854490	0.0186637751319516
28856860	0.000437124252827356
28857171	0.000945284322644244
28857970	0.000288275187730622
28858801	0.000542454584227828
28859170	0.0025646503438161
28859600	0.000855607334274668
28860300	0.00439764898938468
28860601	0.0641058101294331
28862920	0.00317892830208452
28866240	0.0624439864472644
28866541	0.000426801713340101
28866770	0.000399901939450027
28867491	0.00282331116243
28868471	0.000298378119143593
28868690	0.000234617372939854
28868720	0.000537818621861003
28868741	0.000367858485855906
28869281	0.0916837538843846
28869510	0.00179077636442566
28870640	0.0330242964679608
28871480	0.000292132961972661
28872140	0.000421752257293418
28874510	0.00114706799511573
28876680	0.000510615449725588
28876710	0.0081028055957253
28877171	0.0106542367407606
28878401	0.000184085311404996
28878521	0.000953216955623779
28879880	0.315961175987445
28879911	0.00137405212736262
28880030	0.000276358411909245
28881380	0.00033857072240786
28881930	0.0137397192073247
28883850	0.0135287259396812
28887170	0.00091732704940739
28888860	0.00295647371670176
28889711	0.0329304917616439
28895091	0.00159706552646619
28902811	0.00352149121155579
28905991	0.0056222109309238
28906681	0.00210582967079937
28908321	0.000381730431652931
28913011	0.00185107735373822
28920000	0.00172233987783971
28920461	0.0796650044171609
28922210	0.000445104436187562
28923860	0.0022287488538581
28924331	0.00273427923310592
28925441	0.00631710787626683
28925571	0.138326850588038
28925841	0.00099913413260675
28927361	0.0028447589493374
28929571	0.00130456916257091
28933011	0.00119598953873019
28934261	0.000822912232536644
28934340	0.00364883496648544
28938131	0.000618446854959182
28939351	0.0313013638612392
28940031	0.000721004010847242
28940601	0.00316656694070851
28940690	0.00197563352964725
28941940	0.00717911946665716
28943091	0.0081014569227637
28945360	0.00126052693814015
28946620	0.0235616362660816
28947590	0.0119010953720016
28948680	0.000290980576591496
28949120	0.00489563401614624
28949520	0.000184647912149545
28950490	0.002365451031832
28952260	0.000529283103968138
28952321	7.84255313788682e-05
28952601	0.000234595169155737
28953571	0.000329577700269304
28954890	0.000218968895149588
28954920	0.00033116194608519
28954931	0.00131396737438483
28956611	0.000853172735475497
28958661	0.00349254444111141
28959170	0.00207900338773117
28959201	0.000776393171417004
28959980	0.000459809999400509
28960051	0.00469149603927201
28961141	0.00772452130493041
28961820	0.00116894388186964
28963730	0.0189459411962818
28965940	0.00166509432471273
28966811	0.000229589996718995
28967980	0.000182219846136462
28968041	0.00146291511359398
28968990	0.0307536347928692
28970230	0.000294530683738672
28970360	0.000141398571667785
28973500	0.0012382680503869
28973540	0.0021755443605254
28973810	0.000741134598390479
28974760	0.000616704424235609
28975850	0.000631200863684673
28976280	0.000470402030817191
28976430	0.0466569302210585
28976970	0.000157362438571876
28977110	0.00103528071065956
28978080	0.00029700221314916
28980530	0.0044516376171094
28981800	0.0247725958514238
28982470	0.00271236014528015
28984041	0.000511689158796891
28984160	0.00128472191660961
28984260	0.00477167960808767
28984390	0.00180234735876565
28985691	0.116060605531563
28985810	0.00659645651668282
28986600	0.000637715443871496
28986791	0.000253238829835653
28987201	0.00123042484211514
28987501	0.00160513488508446
28987840	0.000671419796772728
28987980	0.000196969601447573
28988430	0.000422471772049864
28992700	0.0113629461287669
28993770	0.000534141175534063
28994531	0.000458396561925117
28997770	0.00112438468893374
29000690	0.000236054834686163
29001380	0.000581313530431481
29001650	0.0203490451638981
29001950	0.00107378993105275
29002111	0.0589872196571968
29002261	0.00032581123053919
29003570	0.000227309793352017
29004031	0.000344651401863136
29004940	0.000880090031001961
29005380	0.000900857881038262
29006500	0.00188416743217373
29007150	0.000683916970099008
29007771	0.0413130844652244
29008260	0.00949849884822497
29009810	0.00204500477103031
29010490	0.000393864928297842
29011310	0.000328251774340918
29011560	0.000307914268728489
29013400	0.00239019032752309
29018910	0.000654549053501292
29020741	0.000818496626491991
29020810	0.464089741501623
29021920	0.000232807513519401
29022350	0.00030820832462799
29027160	0.000221170329164037
29027341	0.0293621630183365
29027491	0.00535164793968717
29028451	0.00119675594588574
29030330	0.000363552397101848
29033380	0.000201935578055539
29033390	0.000317281948872254
29034070	0.0130993001228467
29034320	0.00560494425753494
29034490	0.000291800836523417
29034610	0.00047760632732264
29035331	0.000371440011346063
29035771	0.00196330402693951
29037100	0.00053635521431191
29038241	0.00404219281627265
29040110	0.000401348373055294
29040280	0.000361415871999542
29040871	0.193115845779472
29041401	0.110566956126237
29041411	0.000304215952631729
29043320	0.00141210885953613
29043740	0.000255995103954565
29044270	0.0021545471418319
29044311	0.000432832580163138
29045810	0.000557069914156141
29047970	0.00637178414477533
29048441	0.000463123752540126
29049541	0.00635825415675119
29050600	0.000842084742104693
29051040	0.000442270246615179
29051570	0.000239121150798539
29052181	0.000368951664225789
29054070	0.000386525276651402
29054241	0.000932635877555101
29055201	0.000472497960836992
29055481	0.000306630566852495
29055700	0.0063621730589103
29055751	0.00131041178938997
29056150	0.000983536636299849
29056560	0.000185436135877714
29056700	0.000369938289984504
29056970	0.000809829021767608
29057900	0.000227453539790098
29060000	0.000428550416739619
29060970	0.000259034994760285
29061220	0.00801469895206986
29061561	0.000364183389217416
29063580	0.000908482697093423
29064171	0.000198135803550434
29065271	0.000383418555482957
29066781	0.000288263707580567
29068000	0.000437917707342818
29068321	0.000324231731635981
29068451	0.000240258446685217
29068540	0.0019321421913661
29069110	0.000153127166078651
29069630	0.000318907416499572
29071191	0.00191991042154196
29072721	0.00632489292835056
29073380	0.00224219985987223
29074730	0.000617324794167035
29074760	0.00132375789201142
29075860	0.0247659449914862
29077261	0.000118507844410479
29077401	0.00156543879259475
29077900	0.000284053377605154
29077920	0.00047647307912
29077951	0.000240429692363636
29079420	0.00191151696389034
29079430	0.000312157117640826
29080721	0.0026577916629318
29080830	0.000388319202063405
29081281	0.000701362881743831
29082350	0.000255264527645523
29083631	0.0062325158224441
29084981	0.00105723883827647
29085141	0.0761037219734192
29086111	0.000433168608149608
29086450	0.000775687616419381
29086480	0.00403764811439037
29086620	0.00698593315933247
29086740	0.110921589975429
29086750	0.134835412374679
29087881	0.00155070465168082
29088161	0.028457078409075
29089121	0.000255080318026385
29089210	0.000327490010345682
29089230	0.0014581252278449
29090320	0.0139428930913949
29091010	0.0140953244480551
29092021	0.000178057767300734
29092031	0.000956210311878644
29093261	0.000536589742774338
29093660	0.000315284676634607
29093930	0.000980724275150373
29094310	0.000344788425582289
29094361	0.00152328575206884
29096130	0.112656910279503
29096280	0.000410732564931708
29098610	0.00748324683845584
29098750	0.0142647893473892
29098870	0.0424992057669927
29100400	0.00341022616208787
29100851	0.000859437849339018
29101281	0.000848605027099378
29101760	0.0023647225032349
29103040	0.00126193152505391
29104520	0.00116343256326019
29105500	0.0386531918464698
29105971	0.0003692622585922
29107140	0.000165669048216002
29107180	0.0013485628478264
29107590	0.00393300471708709
29107611	0.0033316370170987
29107761	0.000665837546178818
29107860	0.000299775901643339
29107980	0.000655570461813645
29108540	0.000379560453161306
29108970	0.00110675725657996
29110310	0.000284566283602017
29110450	0.000557130179423038
29110750	0.193046915600888
29111420	0.00119035970394771
29112830	0.000218381110048913
29113070	0.0100938862999825
29115201	0.000652351334571209
29116680	0.00300491086801983
29117671	0.000147038653262545
29117760	0.00028732918433753
29118081	0.000533324912001441
29119000	0.000993280621508711
29119481	0.0138570722011077
29119901	0.00025653082085255
29120571	0.000199670653170539
29120830	0.00182942756698828
29122641	0.000438030883560527
29122880	0.000291340111549082
29123010	0.000302112221257113
29125121	0.000422408162162927
29126381	0.0135153081610274
29126580	0.000254837598264699
29127211	0.000101756382771204
29127550	0.00442731497336585
29129251	0.00485122422577685
29129370	0.000619224421708151
29130661	0.000324584231747199
29131030	0.000431071983112429
29132981	0.0148580625630239
29132991	0.000342296450990639
29133401	0.000317229703311427
29133900	0.000175789811197267
29134480	0.00031511061453481
29135440	0.00039057705008117
29135601	0.000362621037765137
29135970	0.000366131088491923
29136451	0.000556430227396557
29136520	0.000350542750439084
29136800	0.000656695520172737
29137780	0.000820678001947037
29139071	0.0007335517168649
29139850	0.00160679472993167
29140810	0.0326594492497877
29141821	0.000269034656492155
29141930	0.162077034342473
29142330	0.000248726950189682
29142791	0.000446883515997145
29143990	0.000501764290715548
29144110	0.000502407716413646
29151731	0.0169404006453472
29154190	0.00559855832587486
29156400	0.00043757655450444
29156431	0.00346848871173181
29157770	0.00246121117199454
29157941	0.126207573212117
29158190	0.000269980472872866
29159830	0.000352240584920892
29160011	0.000497635685171952
29160660	0.00011221346417375
29160830	0.000299330511486132
29161691	0.00858437474337777
29162310	0.000351631887399895
29163420	0.00119092440353799
29166101	0.00213989628273526
29167881	0.000249290431964968
29168301	0.000512632061349032
29170241	0.00722676836340008
29174361	0.000908683840270864
29175160	0.00213105846747827
29176530	0.000284769031648629
29176650	0.00144702317541056
29176820	0.00396610470236172
29176991	0.000215635456272788
29181090	0.0716897849424641
29181411	0.00131631165338541
29181500	0.000385538983077425
29183061	0.00464301450433114
29183451	0.00051751331594574
29185380	0.00330216654806311
29186211	0.000330391735210135
29187130	0.00751668813793291
29187201	0.000162618502567517
29190511	0.000372154074384866
29191321	0.00202441021434612
29191471	0.00110518627432934
29192790	0.00172371374587421
29193951	0.0020542297441194
29194771	0.000427867201941904
29195160	0.00206686204859931
29196011	0.000247407276093894
29200421	0.00354227336500276
29201770	0.000431566834973813
29201790	0.00035977061416221
29201951	0.000601422927282287
29203420	0.000391633740850188
29203591	0.00847026910899238
29206890	0.00206395011342614
29208561	0.00137382501794502
29208790	0.000245323569478893
29209780	0.00198755014338064
29209801	0.00140673285953601
29209811	0.0159568586582846
29210890	0.00755595159318819
29211451	0.000535293107736749
29211741	0.00275348701934214
29212240	0.00865903466682564
29213121	0.000533768363380021
29213821	0.0432807778948529
29215420	0.0049596660538167
29215700	0.00112107980476075
29216370	0.000253328516234231
29220810	0.00540214568690432
29223430	0.00174212166116232
29223580	0.000348981393103041
29223720	0.00190327418585596
29229210	0.0276774155340172
29229900	0.00059740612544549
29232820	0.000623430645625496
29237740	0.000325993402052613
29238300	0.000415314261368563
29243461	0.00727336332376926
29244940	0.0241692197576709
29246720	0.00062475165682045
29249381	0.000691401214181064
29249640	0.0341072830911778
29251410	0.0287487766444682
29254320	0.00192642850823186
29255321	0.00102685247049145
29256161	0.00116687089878338
29259270	0.00101193485999911
29259950	0.0228566004237966
29263150	0.00579087519233864
29264380	0.00192853190800715
29266880	0.00104059826575367
29267120	0.000517574386117584
29267680	0.00124451351131277
29267950	0.041246284059872
29270310	0.00031456249268352
29271160	0.00549039450235271
29271581	0.00117183113136127
29272411	0.000205693304180223
29275410	0.00357676076300967
29277381	0.000335268462573058
29278150	0.00432754371623806
29278460	0.00191219157763079
29278700	0.382968394432657
29279130	0.000523473605247625
29280640	0.000593318704835356
29283031	0.001762355952993
29283140	0.000588271474712919
29285671	0.000591782516448564
29285750	0.000939629643113007
29285890	0.000493856120236285
29286320	0.000109264861368411
29286470	0.000249724707021903
29287020	0.000811003600160159
29287031	0.000275274247310551
29287560	0.00153933634958989
29287731	0.013696895056337
29288250	0.0155176065586815
29290891	0.00038287124484529
29291461	0.306205585489508
29292380	0.000212087592370627
29293760	0.0126034852150552
29301661	0.0121315984970454
29302040	0.000523152239348445
29302450	0.00515800505575491
29304561	0.000973320501157144
29304640	0.00174808777607409
29305090	0.013012083148699
29305791	0.00317867312821678
29306190	0.00179072554939377
29308910	0.0247672407583386
29309640	0.000893465360270437
29310570	0.00174909100013905
29312431	0.000739472305935874
29314560	0.000455806838826943
29316630	0.00281862392971826
29318020	0.00172618707983737
29318980	0.0347266092843209
29321360	0.00054605525500999
29321750	0.000649204616777747
29325801	0.000359252826182101
29326471	0.0160376304721438
29328110	0.000743019323197119
29328281	0.00539064703452191
29329490	0.00060222891967668
29329651	0.00080396068865436
29330290	0.00855874929427559
29331430	0.00139545502048715
29332401	0.000772036438720779
29333661	0.0137072040963854
29335390	0.00118719495150963
29335940	0.00672070366692961
29336701	0.0076313675571815
29336910	0.001024600952366
29338460	0.135225098290818
29339830	0.00157670828216547
29341470	0.00259154790977718
29341921	0.0019080099510437
29342471	0.00152126230837858
29343161	0.000278650988402962
29343800	0.0194323776241156
29344261	0.000791566310346941
29344561	0.000100399550515115
29345091	0.0028508849815811
29345470	0.00115889714252948
29346700	0.00150719641069664
29346730	0.000466389526789324
29347161	0.000367144129177917
29347851	0.00149916876416101
29348281	0.00132820640282358
29348681	0.0017358319682758
29349190	0.000294018236685363
29349651	0.00100519509584221
29350600	0.0181853791175379
29350621	0.000534354171933534
29350850	0.00221272199603254
29351591	0.000322531172396675
29351940	0.00136907337604883
29352001	0.00239746107761921
29352131	0.00255700678261643
29354051	0.0023648248417898
29354160	0.0109895970576356
29355041	0.0104216631746887
29356920	0.00145015497497889
29357391	0.000780438266218688
29358420	0.00772100296678096
29358980	0.00185313356041022
29361921	0.000393199966872578
29363810	0.000682619177999135
29363960	0.00276176433101736
29364640	0.0015000985569052
29365490	0.00856061296295725
29366160	0.000348182820400472
29366491	0.0013759142489874
29366631	0.00139269794986294
29367110	0.000303007944767038
29367581	0.0577299807599222
29368100	0.00123169451992011
29368551	0.000615457645168803
29369371	0.000488118843645023
29369931	0.0870589686252987
29370860	0.000302157796772006
29371530	0.000411989650841875
29372510	0.00812018102402471
29372790	0.000280602297045752
29372930	0.000543351435949407
29374761	0.000495354771595756
29375871	0.000358589874939536
29376250	0.00117228013603008
29376551	0.026434612248761
29376811	0.0016190577344068
29377460	0.000273337977426126
29378180	0.00220789923320994
29379280	0.00238162951486044
29381511	0.000241109242151047
29381941	0.000518938295216502
29384930	0.0018588110038906
29385750	0.000943215235579381
29387981	0.0921841460294822
29388510	0.00281003326239348
29388630	0.00138471973166923
29390140	0.0004929766287034
29390690	0.0310365032207578
29392121	0.00183785946137912
29392780	0.00119115917444811
29394170	0.000283035011815341
29394331	0.00367302895631811
29394751	0.00446190627965437
29395270	0.00252900334343399
29396681	0.00407728335055272
29398491	0.000383403850868399
29399151	0.00026231351427022
29401630	0.00152753442539396
29402410	0.00374741171579588
29402761	0.00253940102368319
29403701	0.000434009063156392
29404961	0.000690895135919719
29405900	0.00179852856318342
29405911	0.000764751004523455
29406051	0.000249265796676339
29406840	0.0169402361746713
29407031	0.000366148735048185
29407680	0.00028999590301056
29408001	0.00485248158156763
29408531	0.0013588101928277
29408551	0.000419715447740988
29409241	0.000516408005144278
29409880	0.00036970126655354
29410010	0.0034767552878165
29410891	0.00744750301813781
29411130	0.000231884071377585
29412660	0.00299743830703988
29413241	0.0342039624976666
29414170	0.0195831465845937
29414310	0.000597811494007008
29414410	0.00187419169981531
29414550	0.00254093191572184
29415960	0.00088432156383013
29415970	0.00349203390812466
29416121	0.000103250021349964
29416261	0.0334414276862424
29416520	0.024063686518403
29418010	0.000527687893159108
29418741	0.000440646226452778
29419260	0.00185758779872461
29419530	0.0572680593771021
29421310	0.000771824308806241
29421340	0.00138349027837846
29424951	0.0988724061726908
29425190	0.000322135796327624
29425310	0.00272335511220527
29426430	0.000335835630034133
29427940	0.00950583576648966
29428340	0.000468317817142856
29428760	0.000290316783414609
29429781	0.00695529582048299
29430020	0.00211514068865884
29430270	0.000541657790003683
29430290	0.000226512038025961
29435721	0.00344747255271922
29436340	0.00132528525972823
29437371	0.00422091111672247
29437521	0.00073408451185649
29437890	0.000326875268986096
29438300	0.000306306156527464
29439270	0.000171441750229192
29440650	0.0137205061822915
29440750	0.00147497597123527
29440951	0.00165592324242529
29442550	0.44492372028917
29442560	0.000414898759195196
29443820	0.000252987186902265
29444380	0.00970690039784113
29445060	0.000236657398770751
29445091	0.00142622595503219
29445480	0.052485725532775
29447540	0.0298837272156027
29448251	0.00540901481730991
29449180	0.0442334534283096
29450341	0.000975078438485104
29450430	0.000658217430409742
29450960	0.00253599286131238
29451711	0.0116292362647052
29452220	0.000621417889049154
29452551	0.000386535654515268
29452691	0.00010875552548747
29452760	0.000339775803932959
29453491	0.000485891221475854
29454341	0.0179886107708995
29454560	0.000290073362889507
29454850	0.00677707019635764
29455530	0.0013984354196386
29456131	0.00126997675791846
29456821	0.00325667669571647
29456961	0.000468359678076518
29457241	0.00143636885660306
29457511	0.000864225740504631
29457921	0.00249015359375702
29460920	0.000294180697886592
29461320	0.0140699777859699
29461880	0.000999748900358361
29462191	0.000498246887272315
29463650	0.00183516986270374
29463940	0.000428018998117661
29464500	0.000364769547663033
29464620	0.00141674357637429
29464671	0.000269750807957056
29464920	0.0393918353236712
29465030	0.00337998362309703
29465901	0.000491194105151705
29465921	0.000602518144336247
29466030	0.000724497842750443
29466860	0.000168321208587338
29467130	0.00443440948092179
29467561	0.000848342959805937
29469300	0.000469738476405293
29471841	0.00138687164426131
29471940	0.000258549227643337
29473890	0.00123945136087709
29473921	0.000508043994858596
29475301	0.000325141015331897
29476391	0.000625139654255886
29477870	0.00229549543422129
29479810	0.000768552015802596
29480240	0.00135578081573943
29480271	0.000604893745581178
29481771	0.00189877768269063
29481901	0.000637786151279502
29484080	0.00033028247184424
29484370	0.118526579651546
29484541	0.00465831373550554
29485470	0.00670112472119708
29487581	0.000571688794993975
29487691	0.000168708134131584
29487960	0.00236955826738726
29491100	0.0256757296294455
29494150	0.0783664170806495
29494591	0.00154524332421086
29496411	0.000919239391951371
29496890	0.00798950538214644
29497330	0.000191507626890276
29498181	0.000314164653050832
29498400	0.00628951110358767
29502680	0.000786669005469732
29504801	0.000758105249475977
29504941	0.000600565407718761
29505501	0.00309251542977175
29507390	0.000517400726357328
29510020	0.0021348608555348
29510540	0.000805069215618925
29511691	0.0528003348395
29511820	0.000750736561907224
29511960	0.000238954534624338
29512241	0.00285279979874788
29512671	0.00165338801312125
29513211	0.00186443941128728
29514990	0.00127303805446342
29515001	0.000532896945740377
29516521	0.00114845440634611
29518830	0.00149102483287402
29520500	0.000358182099398042
29520750	0.0145348390220307
29521460	0.000509616351550358
29521570	0.00107366266077213
29522471	0.00308362283812348
29523680	0.000424641757318648
29526850	0.0375567349887289
29527260	0.000426147608584649
29528740	0.000978720245826075
29529481	0.00118800644701551
29529710	0.000478530006224573
29530160	0.000491739834755768
29530410	0.0169573808230298
29532531	0.00043424849164959
29533850	0.000204502324444274
29534550	0.00177150372041515
29534680	0.00282475821918102
29535540	9.3237283513892e-05
29535810	0.004177390637198
29535820	0.00296019862737742
29536251	0.0201342455074012
29538871	0.0111874650862258
29538990	0.000672737331458397
29539920	0.00193299636415911
29540080	0.00376008445124482
29540931	0.0508526913801876
29541081	0.000809329446914322
29541320	0.000534604628032413
29541570	0.000370939681786405
29543800	0.0974065833530475
29545600	0.000226203664039876
29547431	0.00134850322443125
29548661	0.0005384152676319
29551240	0.00248904479570811
29552801	0.000213124687908835
29553740	0.00190086661376781
29554181	0.000382657370541749
29555640	0.000193079580128951
29557221	0.0846171493016977
29557310	0.000729224170710922
29559510	0.000327762434297003
29561781	0.00152736237215994
29561901	0.000459047694485006
29562160	0.0361406060415207
29566570	0.0016317466351956
29568050	0.000272766132882828
29568750	0.000554017145897937
29569091	0.0431890062787808
29569491	0.0117576183310805
29571021	0.000294570023735503
29571131	0.0119548033831548
29571220	0.00237918865680093
29571950	0.000576574064600507
29572330	0.000287773792590786
29575281	0.00122253328392441
29578120	0.000943095686643139
29579141	0.000681985516030997
29579920	0.000250599336702936
29581320	0.000338552808447811
29585430	0.00192305484648222
29585440	0.152511638519615
29586560	0.00125979743676683
29587220	0.000290740453272798
29587380	0.00016850633477282
29588050	0.00165751546145758
29588350	0.000261448791983106
29588740	0.000416181765758948
29589870	0.000901842235548567
29589990	0.000213084596419343
29591821	0.0180027266371558
29591831	0.000385546032133448
29592600	0.0210916612253197
29592890	0.00635136825109193
29593720	0.000281684865534788
29594031	0.000436068544559846
29595701	0.000298516338880095
29597010	0.000200415910998616
29598290	0.000627019481130059
29598461	0.00146124276627316
29599530	0.00438076834154427
29603500	0.0555410880984706
29608890	0.000947701790506966
29609361	0.000448231612683738
29610991	0.00227774397062563
29611500	0.00112357213925958
29617170	0.00122582091096385
29618171	0.00243766822879048
29620040	0.00516914272276004
29620870	0.000986805722149315
29621990	9.64250049719379e-05
29622110	0.00271312988991203
29623541	0.000361694057511619
29624050	0.000387877197151392
29627100	0.000515997919254903
29627650	0.00382847400322558
29630010	0.000290481268629455
29630161	0.000342843276523964
29632630	0.00127785589111678
29634000	0.000269361610613307
29634871	0.000366527724484664
29636080	0.0402552858295615
29636091	0.00102831122989431
29636770	0.000227578054095746
29638150	0.0110252904665666
29638690	0.100055880382003
29640470	0.000924110761886576
29640531	0.000766840478903567
29640900	0.000305180031381262
29642970	0.00120739046446766
29644730	0.0136706457378849
29648060	0.00422437250926299
29648750	0.000174167317555965
29649071	0.000429964018122705
29650410	0.00319578222589042
29651541	0.000438155895142492
29653850	0.000184700041907606
29655151	0.00373782135357584
29657710	0.00744692411317299
29661061	0.0149257388755802
29661990	0.00214264809925984
29662321	0.00409151325435581
29665570	0.0222486457425291
29666520	0.00102156842002774
29667250	0.000512428532232677
29667350	0.000272284439525725
29667701	0.000475265857114205
29669040	0.000483969909345884
29671681	0.00247373068262937
29674571	0.00309024772638715
29676080	0.000209368827910308
29676210	0.000457129318166523
29676371	0.000561666238569189
29676521	0.00531105967586813
29678851	0.000677024622115941
29679001	0.0503149502039834
29681211	0.00581913945843944
29684070	0.0291930802153825
29686520	0.000114666637677306
29686981	0.000265651234854717
29687250	0.00055217308848729
29688470	0.000326931284442645
29689420	0.00076767107754353
29690021	0.441960517289601
29690560	0.00171222050535945
29691121	0.000357978376074125
29692050	0.00684358419592115
29692460	0.000546883154284739
29693020	0.000349008651767434
29694810	0.000259902295315899
29695490	0.000304220052991648
29696911	0.00645571524386745
29700070	0.00040295726572573
29700771	0.000456792190015212
29702390	0.000353375443450043
29702650	0.00022631403547523
29702861	0.00149934599847641
29703930	0.000166889264489753
29705710	0.000902182709074779
29706380	0.000286848247527116
29706721	0.000339451123071646
29707760	0.00148354472894882
29708361	0.00175843225895698
29709871	0.00178820513980909
29713830	0.000758618019044401
29714250	0.000340593108053514
29714280	0.00142041649888892
29716501	0.000562383317371689
29716791	0.000361274565902991
29718260	0.000312462864268442
29718311	0.000234790599622106
29719281	0.0215224103068341
29721170	0.000341722969162086
29721871	0.000234720159806865
29722820	0.00053680731054899
29725481	0.000271385633137147
29726721	0.00338265117470689
29726930	0.028086912674331
29729341	0.00303038436612518
29729611	0.00140760799485832
29732931	0.013942778580321
29733041	0.00039212572201166
29733860	0.00402159744810586
29734380	0.0026260265588995
29736170	0.000236948310780944
29736180	0.00106520551139778
29736330	0.000733403289164048
29739350	0.00107637642056529
29744600	0.00409083596367155
29744641	0.59500547562025
29745410	0.000239892553803774
29745720	0.00033812440847868
29747510	0.000197389777846234
29748101	0.0107415123159767
29748340	0.000493406308991897
29750380	0.000222940267427052
29750660	0.00040746298033017
29751640	0.00112598306184954
29751671	0.0164978340880805
29751770	0.000322764915899628
29752931	0.00027096961195826
29754861	0.000188858397325415
29755640	0.000371053902190252
29756600	0.00662997197210011
29756631	0.00269732037981443
29758120	0.00148205043188527
29758571	0.0662127082169495
29760050	0.0110433658295783
29760200	0.00828291035537735
29761041	0.000303107249240382
29762581	0.00117656110110619
29763131	0.000268900167080305
29763411	0.000413952148359193
29763790	0.000222518999127392
29764310	0.0138812991864463
29764480	0.00116368752234488
29764651	0.000281017848994955
29765270	0.000352131402746625
29765310	0.000388243041626107
29766390	0.000854167214425519
29767821	0.000338206855228402
29767951	0.0107257155019801
29769960	0.00376962072378037
29770291	0.000167510757735886
29770950	0.0125833944704462
29771411	0.0022775350754968
29772641	0.0589230346990416
29772791	0.00589776220649996
29774130	0.0011269143127087
29774161	0.000466761681900728
29774510	0.0133238819099214
29774520	0.0817730371264687
29776170	0.00949723775939779
29776310	0.00013651180349449
29778550	0.00161474673406018
29779100	0.000451215058723011
29779500	0.00501325794186672
29779640	0.000117421726906417
29780221	0.000659703607776471
29782790	0.00888050233651381
29784641	0.000559814980264286
29785030	0.00133174795640351
29785980	0.000263460630979637
29786260	0.0474130154842439
29786691	0.0238030087953313
29787630	0.000272898057011349
29787941	0.000233707719420242
29788440	0.000630808537392307
29788730	0.00618853921788879
29788921	0.00557891667312966
29789960	0.0031850965045961
29792361	0.000266491238258085
29793010	0.000359636741455036
29796600	0.000376198132949726
29798380	0.00331436807405566
29799811	0.00431814117340508
29800631	0.0350337802787539
29801061	0.000297255233966007
29801280	0.000372578558135323
29804081	0.000277319161494573
29804460	0.00111462287842326
29805611	0.00188762312940525
29806981	0.000127685419261291
29807821	0.000150195085329224
29809191	0.00030257492126792
29810790	0.000161147561296092
29810820	0.00748721354709945
29810950	0.00108942794303997
29811470	0.000435152558775602
29812631	0.000301106675989132
29814100	0.00403449908904557
29814660	0.00416838622634262
29815401	0.00072166975430131
29817570	0.00325972598223508
29819910	0.00055546755089123
29820460	0.000748433381815336
29821881	0.00039459278434042
29822780	0.000227294505878549
29825260	0.00144578087061785
29825560	0.0552963295249229
29825871	0.00045302377163493
29827220	0.0164092079183942
29828570	0.000421028261629764
29828750	0.00146979866494892
29829000	0.0120182534364498
29829400	0.00304039666982072
29831330	0.00139565980917717
29832160	0.0106782314399638
29833550	0.000332664336325338
29836091	0.00223964713214101
29836300	0.0223041728798702
29837601	0.000378089744616803
29839941	0.00240637967192287
29841861	0.000161983403218911
29844040	0.000319034667509301
29846090	0.581908508522292
29847381	0.000390034721160243
29850411	0.00158636997375782
29851220	0.000256622278110861
29852330	0.000434058494234595
29853420	0.0176983498229477
29854360	0.000508566600176558
29854910	0.0020573250467171
29855600	0.00029395824802388
29855900	0.00105166176984715
29857041	0.000765977338644556
29857530	0.000265739075133768
29857840	0.00212851855171273
29858260	0.00112191684002079
29860030	0.000524565402776766
29860160	0.000238878301375229
29860720	0.000542591184400113
29860990	0.0035966499326017
29861270	0.00244298673831634
29862530	0.000155028443140337
29862561	0.000330061014504016
29863340	0.00995556705938296
29863600	0.00213644625220091
29864351	0.00206428000600328
29864891	0.0105532485754666
29865150	0.0136155908842238
29865191	0.000391434726892021
29865991	0.00174494247742001
29867791	0.0954827785374479
29868010	0.000376520302041584
29872361	0.000759455328032834
29873181	0.0453326897601415
29873991	0.00275213973106443
29875661	0.000286351226868755
29876361	0.000373975315888002
29879070	0.000328404208130996
29879750	0.0020171089041992
29880860	0.000260683279999619
29883511	0.00146925557460943
29884320	0.0002894864611455
29884850	0.000370711886222094
29884880	0.000438363049157849
29886230	0.000693962427207003
29888850	0.000189179503298507
29889181	0.00046072274379199
29889861	0.000412306762697282
29889970	0.000495512102059921
29890151	0.0084877043727329
29893020	0.34128711548151
29893601	0.000319188855823719
29895651	0.00816075705857387
29897041	0.00174552693019658
29898360	0.00310976154770628
29899760	0.000527615466351281
29900061	0.000152745793291698
29901591	0.000189644835156591
29901861	0.000380924211243107
29902090	0.00238516640078441
29902380	0.00131337289408895
29903910	0.00104081758741022
29904440	0.000147541909852575
29906281	0.000546033109093458
29906691	0.00250579794906171
29910110	0.000354002849357572
29910650	0.000350527988730198
29911070	0.00365589387271794
29911371	0.00413734119231223
29913250	0.000206692898974177
29914141	0.000576882828598042
29915190	0.00200111894771204
29916440	0.000363691568783827
29917051	0.000461973802689025
29917820	0.000575207640725053
29919641	0.000530325007055378
29920730	0.00260912191560267
29921540	0.000280167997211267
29921571	0.00185388034706116
29921861	0.015662532980951
29921980	0.000746192670095007
29923870	0.000482406099633313
29923910	0.0158531817534826
29927330	0.0011114832348613
29930261	0.000503368620002078
29932491	0.00120497353286611
29933410	0.00084671402278124
29935630	0.000129774264277188
29937290	0.0141460539852059
29937700	0.000603140304337017
29938360	0.000298820613185179
29938411	0.000922169985108723
29941321	0.000951737778568164
29942780	0.000214253317273441
29944850	0.000836348791547408
29945140	0.000408254364670731
29945400	0.00038393647408036
29947511	0.000920293477978576
29948560	0.000451476461085029
29948761	0.000311426688616994
29948830	0.0002679021143647
29948850	0.00511710762366694
29949010	0.000148151617850243
29950790	0.000401628565473837
29951050	0.000484360360909694
29953431	0.00113505218218108
29953530	0.000381747845356598
29953721	0.000430963968213665
29954121	0.0150073466149239
29954530	9.61194521734728e-05
29954971	0.000191439235852252
29957410	0.00180122994811706
29958640	0.00113440061934201
29958760	0.00019896027721078
29962350	0.000379890742973249
29963801	0.000845391664043367
29966660	0.000662422207836002
29967091	0.00126820158397157
29967231	0.000424894972212543
29967310	0.000290379095611108
29967750	0.00640276895707115
29969540	0.000420306977354718
29969800	0.0004444368992458
29971190	0.000993247196225932
29972150	0.00124238046463359
29974070	0.0010645539170052
29974401	0.000468494528873977
29974681	0.00110975763010579
29974760	0.000253995173636553
29975070	0.000476883451990154
29975661	0.000657241732422081
29977250	0.00097675732479618
29977270	0.000314562043723939
29977441	0.000427258656439367
29977721	0.00030227773070594
29979651	0.0010072106554962
29987221	0.0307502142457758
29987350	0.000246691031013244
29987641	0.000252322805742634
29988830	0.000409406101208402
29989721	0.00215616900065331
29991450	0.000782756303834443
29992710	0.000364488893603852
29993530	0.000424464139830763
29994821	0.000206177683264405
29995231	0.00233614440173338
29995361	0.00313453773583276
29996420	0.00365062575311788
29996461	0.00481789981244489
29997441	0.000402402025478389
29998110	0.000579416940175179
29998210	0.0160826862635681
29998500	0.00757343931210996
29998790	0.00024480679754886
30000461	0.00284664247909479
30001540	0.000419045821665817
30001550	0.000391960487125403
30001660	0.0448481342758
30001800	0.00156754733528107
30002760	0.000330262109379825
30003911	0.000198302470422437
30004611	0.00308681122510445
30004901	0.00189050416653557
30006541	0.000761237888612875
30009390	0.04997571205592
30010780	0.00265356758602554
30010900	0.000711742907076527
30011231	0.00234981366293615
30015310	0.00035355483102135
30015880	0.00335518335656651
30017680	0.000667549133913833
30018760	0.000243750548837029
30018930	0.00453748392207597
30020181	0.016440644518025
30020990	0.000838925127419163
30021520	0.000650474558345013
30021830	0.000585820451735503
30021841	0.000854141351507238
30023590	0.151011019361986
30024590	0.000210695902974385
30027600	0.000548034381755889
30029981	0.00174167094870088
30031880	0.000501437039663321
30032690	0.000102897746962941
30032980	0.000271072722224584
30035200	0.00328677347680337
30036150	0.00028963805037904
30036160	0.000414336681930909
30036170	0.00040745766374896
30036820	0.0016584697458357
30037660	0.000377726719665957
30038661	0.00377259547363818
30039210	0.000173374001972298
30040471	0.000184939617688055
30042340	0.000210383559246877
30043091	0.0010099667287991
30043610	0.000236555843704176
30043641	0.0224832474906539
30044601	0.000306696355403765
30044741	0.000239167732555634
30045270	0.00353990748423953
30045431	0.00257006024877801
30046220	0.00133795481308043
30046691	0.0232130480168515
30046780	0.00063893617555668
30047440	0.0017087404921793
30049120	0.00118506611370731
30050210	0.0021221481211159
30050541	0.000468475734457039
30053571	0.000166521156848492
30054630	0.000478435725139299
30055101	0.00023419612971608
30057441	0.00179710302619085
30058240	0.00449348301878493
30059371	0.000360006084562373
30060160	0.000352709805133526
30060850	0.00427010807154107
30064410	0.00132123720355463
30065410	0.000476410429042656
30066770	0.54810230764563
30069670	0.00390973385302713
30070961	0.000368142173403832
30071620	0.000735532785655238
30073141	0.00481903351629505
30074650	0.037347932966577
30076181	0.00310053491254874
30076321	0.000412350291203247
30077971	0.00096710111103691
30079870	0.000359084496476541
30081161	0.000427047714067793
30081640	0.000114705278377949
30082080	0.0268854183961963
30083480	0.000365448518996853
30083491	0.00448729899583683
30083850	0.0316183001868775
30085441	0.0100762318048959
30087870	0.00226232734355755
30090360	0.000561880161095002
30090470	0.00376625814421221
30091361	0.000523614909176064
30092270	0.00320859170574769
30092280	0.000244979812452498
30092331	0.0225652391987245
30093291	0.00519882775414376
30093390	0.000937008781550278
30094630	0.00192543310326717
30094770	0.00216635166692231
30095020	0.000538078806992071
30095710	0.000762174008562167
30096550	0.000399262046951934
30097500	0.000326767355331485
30097520	0.000460707195705575
30098780	0.000992464216077681
30098931	0.000338791350662877
30099020	0.00337694045679781
30100201	0.000250958427930569
30100471	0.000284618518185657
30100570	0.000294532492618833
30101291	0.0078577326216601
30101431	0.000243073996897318
30101920	0.0511392366327872
30101930	0.00134285663559211
30104030	0.000539221815561713
30104830	0.00295332792222454
30107071	0.000658282656734328
30107710	0.000332095925726078
30108410	0.00682867767188714
30109971	0.00758906382346393
30112601	0.00816358161595947
30113380	0.0382725984159089
30114220	0.0108483181241161
30116550	0.000889426382223184
30119430	0.00616229883597982
30120041	0.00404776446142416
30121691	0.0103907626265315
30123440	0.000389226750151578
30125400	0.000336835173500063
30128591	0.000509367273849852
30129120	0.000316243908031785
30129240	0.00737373970877939
30130101	0.000310927566105798
30133141	0.00386974581361096
30134370	9.38585872549393e-05
30135901	0.0152707957159516
30136290	0.00641805833106673
30137810	0.000567490087314607
30138780	0.0327141313307803
30139720	0.000316325390929718
30140031	0.000614389983973587
30140741	0.00101850983021114
30141281	0.00104152999429269
30142480	0.00205962896819764
30143361	0.00028108814973094
30145930	0.00793577235213513
30146760	0.000538102507744139
30147330	0.000298384050810196
30148420	0.0180604544862185
30150261	0.000985218228376494
30150500	0.00107560212605519
30152850	0.000747192089770323
30154360	0.000502746518317712
30157431	0.00101181276920269
30157500	0.000404921671274278
30157540	0.000454550959408468
30160290	0.000788105588206707
30161411	0.0037069949988969
30161520	0.00923144388581135
30161790	0.000191531639156694
30162811	0.0181808086688331
30164731	0.000256740277758717
30167050	0.0138039367262988
30167460	0.00285931233182344
30169571	0.0151752142060741
30169981	0.000383199703653487
30172741	0.000346306422742068
30172940	0.00149487635602982
30173510	0.000545177685004684
30175201	0.000294913066513963
30175290	0.000472990660463248
30176861	0.000193041079243213
30178340	0.000411053234757011
30179290	0.000310853832641715
30180840	0.0894971865579567
30182371	0.00105925251438333
30182870	0.00419249257257081
30184120	0.00937960900431474
30184970	0.0144978348694498
30185401	0.000262621224215906
30186231	0.000671708794371291
30187150	0.000219068044433457
30187221	0.000488781195788439
30187590	0.000422282835784542
30187980	0.0066780762083448
30188270	0.00333294671174215
30188670	0.000375146244030095
30188721	0.00126157866870113
30188731	0.00096692527434151
30189281	0.000227030894035938
30189691	0.000462220880604876
30189800	0.000610109504461638
30190210	0.000529450395803196
30190391	0.00293201538960861
30190460	0.000282197228114714
30190490	0.0086273276683773
30191310	0.000335388059189116
30192171	0.000964875580719684
30193151	0.000200366748001568
30195071	0.000190297991272635
30195471	0.000639746196795208
30195580	0.00196180881098978
30196591	0.00056658046422968
30197131	0.00586330060159761
30197260	0.00130181239307405
30197360	0.00039704258121437
30198231	0.00466968994543414
30199891	0.0147155154180082
30200461	0.00015812712600887
30200670	0.0147132124842277
30200830	0.00211931268961023
30201510	0.000449687436685436
30202060	0.000820003369997715
30202080	0.000238375991727358
30202880	0.000772732608882803
30203911	0.000283133630399221
30206101	0.000508719955487497
30206200	0.000129391553955024
30206381	0.00254787783023282
30206610	0.000655883947543035
30208010	0.000416691675227521
30208400	0.00188875629484796
30210060	0.0315431240609
30212410	0.000287209548775547
30213370	0.00125313437954791
30213841	0.00333436745744894
30214661	0.000489364558166367
30214671	0.000330522860026643
30215040	0.00034258338218831
30215081	0.000213329828096468
30215341	0.000768306909228428
30216280	0.00315443137741514
30216290	0.00604571440166135
30217380	0.00741508254324713
30218060	0.019732245974408
30219030	0.0209993911697888
30219420	0.029140676325762
30220181	0.00120672431513034
30222091	0.000955127834470114
30222330	0.000741301379988049
30223970	0.00105973739918194
30224000	0.00568168810432988
30224660	0.0363903681680509
30225131	0.000367830025228816
30227160	0.00145498142905346
30227221	0.00146437964852262
30227440	0.00300649271441903
30228540	0.00101046448639027
30231341	0.00115995348546654
30231881	0.00275001423197949
30232161	0.000338347207187512
30232991	0.000367361822741444
30233141	0.000653967525234092
30235580	0.000144839245175715
30236161	0.000588488099422174
30236591	0.00845689705920036
30236700	0.00372795164160109
30236950	0.00158239986064587
30237650	0.000249328409031837
30239710	0.00180705036908734
30240000	0.0014380637918541
30240420	0.00028716739964473
30240550	0.705477475183605
30240731	0.000260567022722892
30243710	0.00346949699064482
30244140	0.000909771402824607
30244861	0.000276089587842222
30246210	0.0132596873552704
30246770	0.00618485611721039
30249650	0.00161427367089146
30250231	0.00331514177552226
30250740	0.000733071138880229
30251300	0.000217322214486262
30252930	0.000743263774725834
30253811	0.00210060405458551
30258320	0.000492406027565945
30259000	0.0630764736728359
30259201	0.0015569213635671
30259590	0.00275301393595852
30262610	0.000866213223427716
30262730	0.00221256618912236
30265121	0.000274203391627474
30265640	0.000372349821919635
30265920	0.0131235864787239
30266310	0.000349881798587271
30266340	0.000454191538094922
30266610	0.000173391976435429
30268820	0.000378181508588078
30269110	0.0384196881352501
30270101	0.0173430551259195
30270791	0.00177109922098067
30271481	0.0219858158879292
30272711	0.000284400791941208
30274111	0.00053409030538819
30274641	0.000296326384618069
30276100	0.00371073679116951
30276250	0.000263308668458069
30278791	0.000558228944319986
30279751	0.000501457634286752
30280031	0.000952312650358823
30280291	0.0103059418792517
30280830	0.000329920084982122
30281391	0.00298564356412934
30283590	0.0117274313748817
30284270	0.00455928153965265
30285811	0.00260467859598393
30286180	0.0065539782543314
30286610	0.000204695187944954
30287020	0.0068061197055789
30287580	0.00033612272206797
30288410	0.000475285712806981
30288431	0.000584438796068794
30288530	0.796839114087506
30288731	0.0206036155455313
30289780	0.00105483713434196
30290641	0.000286446080671608
30290890	0.000443412796534928
30291280	0.000408069001035555
30292041	0.000217244901974736
30297261	0.000203067931810718
30297941	0.00054305599539303
30299290	0.0123863482401901
30299860	0.000318893311003025
30304250	0.000863133436453986
30305001	0.00846508235505935
30305230	0.0475392997768453
30306101	0.00478077212780446
30306880	0.00204208698894339
30307040	0.328009789998467
30307481	0.000394692811337011
30307621	0.000526442703060463
30308380	0.00134768999416238
30308930	0.00152946847112299
30308970	0.000699422727136474
30309650	0.000677725801223867
30311570	0.000300123565726356
30312291	0.000856262077850266
30313510	0.00253191980406669
30313520	0.000582263743169846
30314231	0.000357269195551539
30315331	0.000342311342899997
30315580	0.0364472593957115
30315621	0.000219451382100884
30316431	0.00251547273317218
30318440	0.000245748359880304
30319160	0.00976589078104771
30319341	0.00124656166025162
30320421	0.00155929564123487
30320790	0.00249633837075565
30322791	0.000589485512454526
30324971	0.00142625905512659
30326081	0.000775092523926013
30326450	0.000662682710718806
30328011	0.00185505163760508
30328660	0.00068283973544251
30330860	0.00955483044497995
30332011	0.0238228604323473
30332161	0.000888606644263397
30333360	0.000183077108646162
30333691	0.000275945843217255
30333961	0.000506277177238015
30334180	0.00301085929058846
30335051	0.00080237476036934
30336930	0.000854178269448045
30337391	0.0100233362957463
30337630	0.000419266749743469
30338501	0.000279904239039259
30339680	0.000991259252268272
30339741	0.00388860841646616
30342791	0.000359473900670942
30342931	0.00177542633058446
30343300	0.000316906183849816
30344120	0.0140912727622433
30346491	0.00191171007173309
30346921	0.00321308787970154
30347010	0.000191540774593284
30347030	0.000207750892960307
30347560	0.0131467809581382
30347891	0.00370312905512491
30349961	0.000283808678802391
30353551	0.000351976054097836
30354071	0.00418608433763094
30354450	0.0169327175767589
30354911	0.000765324258187965
30355280	0.00044767952767924
30357821	0.000639881431670503
30359300	0.000283362414731762
30359560	0.00139583514723077
30359871	0.0066209227631184
30360141	0.00651401823675152
30361610	0.000267113052517232
30361770	0.00637370218948569
30362740	0.000518080001259854
30363601	0.0178474288789113
30363830	0.000340762585271842
30364981	0.000310295008627333
30365131	0.013797184623266
30367290	0.00129184051954905
30367970	0.000987707608393119
30368110	0.00158584023287504
30369920	0.000179945334413913
30370580	0.00218275869650925
30371410	0.000306305839763826
30372851	0.000314504899145098
30374450	0.000319248564547201
30375960	0.0103412737759054
30376120	0.000489979994923521
30376520	0.000904249903575047
30376701	0.00199102380025794
30378450	0.000375718547902747
30379420	0.000353997733106805
30379461	0.000624067851576442
30379990	0.00021949143885889
30380161	0.00589865829174173
30381111	0.00147762916819282
30381261	0.00123007308199177
30382040	0.000878291691345338
30382330	0.00163974633324184
30382570	0.00755603853666038
30383430	0.000187766771788872
30383720	0.000274264827761564
30384260	0.00230534209700652
30385541	0.00034932122841569
30385630	0.00760928961974483
30386911	0.000192102065431234
30387270	0.00157624652701576
30389910	0.000708205178787
30389931	0.00290289731601482
30390501	0.000677312715683012
30391311	0.0846131607913189
30392410	0.000301996134455948
30392530	0.00144760483942527
30394020	0.0439080053479777
30396100	0.000668539236977667
30396421	0.000502202964488554
30397220	0.00635886601165956
30397470	0.000382536718179274
30399290	0.00389445593736832
30400640	0.230763143412667
30402351	0.000339228353354022
30402860	0.00674619794650726
30403311	0.000546793174656704
30404670	8.20012133801125e-05
30405610	0.00361363496556269
30406740	0.000153773450380171
30408831	0.00724555008094642
30408971	0.00546026937394104
30410371	0.00652811192811284
30410481	0.00134299507256827
30411120	0.000478733944770758
30411950	0.00298092373003828
30412021	0.000991214734258349
30412950	0.020338679061576
30413750	0.000894924887073187
30414621	0.00443159075071807
30415440	0.00144574481924428
30416260	0.010941595563419
30417241	0.00128348258322528
30418430	0.0333421795279705
30420011	0.000254281606044135
30420250	0.0012390137041513
30421521	0.006195352331974
30422440	0.000751379309205549
30423331	0.000141428841443719
30423731	0.00744887029122303
30424971	0.00133135735052926
30427400	0.00077071609238362
30427530	0.000332541662185662
30427810	0.00131569632573843
30428380	0.00655464902022716
30428660	0.00301952324066474
30428810	0.00431261782099763
30430621	0.00747693133049652
30433791	0.000355028711064137
30436090	0.00412393870394948
30436971	0.0674176843635258
30437470	0.000586914115719389
30439031	0.00049162644158399
30439331	0.000287717937472963
30439670	0.000201912636065549
30439690	0.000157486183320941
30439820	0.0246208454023105
30441801	0.000592880573959935
30442891	0.0143807806777294
30443031	0.000316854136185206
30443160	0.00084369035593777
30445340	0.000337273230893103
30446621	0.00296749442391747
30447670	0.000303478092260898
30448571	0.00230028078341675
30448961	0.0667434609621388
30449391	0.000477491733768052
30449610	0.263821819976743
30450150	0.000343695709140685
30450710	0.0150988110587219
30450720	0.000339242679829671
30452691	0.000392066430984252
30454980	0.000288825875795764
30457811	0.00565165203780969
30458430	0.0196477987012936
30459390	0.0135238526613546
30459881	0.00041532952360988
30463020	0.0245426906606232
30464500	0.00988360671282654
30466440	0.00431458724027556
30468380	0.00311993133447838
30469460	0.00645670118866674
30469931	0.000588934966629781
30471270	0.000612257093272671
30471881	0.000340196553261979
30476271	0.000434974507037514
30477060	0.00124002826304708
30477101	0.00147630627677902
30477210	0.00193306188423356
30477531	0.000317730901805055
30479260	0.00108255045664788
30480001	0.000940314275547193
30480141	0.000474012271289643
30480981	0.000495343552077774
30481101	0.00509081427001321
30481880	0.0021357425773538
30482740	0.000463429996884947
30483400	0.0427814326407491
30483830	0.000656642968887951
30483991	0.000462225139494541
30486420	0.000714708775766478
30486460	0.000308808785041126
30486771	0.00888814628283692
30487010	0.000380265137264519
30487721	0.0092466318432431
30488080	0.00106703386689236
30488271	0.00662672890846848
30489350	0.00327305479472746
30489630	0.000625626162092032
30492500	0.048611903628172
30493740	0.000321254578976461
30494440	0.00031085026636611
30494751	0.000454043321006032
30495851	0.00308800974867139
30496681	0.000292045219850151
30498980	0.000283593758582416
30499731	0.000214225345518467
30500841	0.00025928315030702
30501070	0.020976996718215
30501220	0.214029094282953
30502180	0.000255367912507608
30506600	0.464817355283826
30507591	0.000177236488995974
30507690	0.00101787128186066
30510081	0.000619734112574827
30514221	0.000289179118870916
30514901	0.00952243612512556
30515010	0.000776991758116158
30516910	0.00384363561004779
30517050	0.000880106941844841
30518040	0.000211815244521023
30518970	0.000370470921975445
30520411	0.000272558819471843
30526030	0.00171078173923911
30528001	0.00221786548081205
30532281	0.000498755588381826
30532821	0.000398840800829189
30534690	0.000427983011227273
30535270	0.00894003904023509
30538430	0.00152552244400711
30540551	0.00135910252570587
30540790	0.000193168614206961
30546310	0.00535575901391336
30546970	0.0106497043390714
30548510	0.00165895614458705
30552691	0.00455915492738099
30556100	0.000636013715283707
30556930	0.00199938475344452
30558351	0.0160572929568905
30558560	0.000335300732005821
30561381	0.000404752146126012
30561661	0.00503241675273688
30562430	0.00102034764068213
30563181	0.00133019028548879
30564920	0.011627159421417
30566280	0.00213793011587455
30566690	0.00515296550306577
30567171	0.000271960312608082
30572110	0.000562474774216839
30573101	0.000987924397839801
30575830	0.000454871763178404
30577350	0.00395611420175572
30577730	0.0106540886517682
30578061	0.0021598485765657
30578741	0.000381834100511216
30579591	0.00165512869290121
30579701	0.00054333600578323
30582331	0.000348014005698154
30584831	0.00589292155880327
30585030	0.0097595630013472
30585210	0.00270933404245468
30589490	0.000727099266294986
30592900	0.000997624179018953
30594410	0.0214563523842706
30596220	0.00267985436292027
30596961	0.000354558275555228
30598621	0.000550678034028423
30602321	0.00585672836095558
30602881	0.00171487317153081
30606270	0.00027306498399276
30606871	0.00110490659414502
30606980	0.000310905002086349
30607520	0.000384881352904086
30608220	0.000745289008710899
30612121	0.00153531327223128
30613070	0.00038099619762256
30613361	0.00180360133176602
30614840	0.000420791337335365
30615161	0.010445850156424
30616760	0.000490722250004905
30616920	0.000332700554248412
30617040	0.000270646999637115
30617200	0.000269509409070938
30618051	0.00380789533056332
30618181	0.00044967694210562
30618881	0.000237779311202829
30618960	0.022117909564533
30620261	0.000723459644580061
30620650	0.000276806158824677
30623171	0.000311267150445511
30623410	0.000606232573365355
30623650	0.000244544501082138
30623981	0.00334740688023475
30623991	0.000356190756361095
30624401	0.00290895503168068
30624671	0.000371808350137324
30625170	0.0151061927956304
30626051	0.000309412664505193
30626420	0.0027602880390347
30628801	0.000206180119246488
30629211	0.0148982228355142
30629760	0.0180785139648603
30633730	0.00146982981471051
30634550	0.00220318774153849
30634860	0.000275560587304341
30634881	0.0133155827875996
30634891	0.00745672420365784
30635240	0.00252657316130459
30636220	0.00503787627258763
30636240	0.000915438594997089
30637190	0.000297616638855149
30638741	0.000420927929177367
30639270	0.000532771121541958
30639441	0.000420008785885526
30639680	0.00241246112368149
30639711	0.000399380425134179
30643171	0.151314159811551
30643550	0.000796654437453254
30644131	0.000544018189799822
30644480	0.000293905513588878
30645720	0.0010692234575533
30649990	0.119703601403352
30651561	0.0283831675900525
30653160	0.000536593521696612
30654440	0.000738323781761485
30654611	0.000268042988755177
30655090	0.000375108392282898
30655831	0.00560969757177793
30656681	0.00533373457220074
30658400	0.00058184134877599
30658451	0.00494627709418558
30658550	0.00027049359809123
30659151	0.00140716239407953
30660890	0.000256872983895549
30662341	0.000359208836562957
30662540	0.00190701391514629
30664251	0.00142968731010258
30664780	0.0223250126903408
30665091	0.00196624821799669
30665580	0.456106598673607
30666331	0.000998544897813581
30666840	0.00128757857808148
30668391	0.421509815539068
30668480	0.00222172347883299
30670150	0.00665446235375315
30670300	0.00287589733364002
30670331	0.0090114028055633
30670341	0.0356354736110122
30670850	0.000299170679444185
30672100	0.000688649075590557
30672391	0.000492136549388306
30672750	0.00695636606503724
30673340	0.00023972190390672
30673501	0.000290190452991628
30674181	0.0139044560709136
30676811	0.000400234774629224
30677631	0.00012416215672492
30678451	0.0106876997779968
30678820	0.000303667892139691
30679291	0.00216476484373132
30685340	0.321097729714808
30685450	0.00031296918555401
30685720	0.00295875033398621
30686000	0.00080836258382978
30686720	0.0221291874942977
30686840	0.000395867270385538
30687561	0.000537018801149327
30689740	0.000479198890386842
30689890	0.0126476189137062
30690140	0.0088175274092825
30691421	0.000397158923573359
30691981	0.000341141158951342
30694611	0.0414888991523569
30696740	0.00363360808425612
30697730	0.00262612170842596
30701361	0.000408225778357143
30701850	0.00851333844375486
30701911	0.00050076933483258
30703141	0.000244255167660817
30706861	0.000387301517360719
30709460	0.00276368610724329
30710690	0.00024980513675203
30713201	0.208163125432898
30717211	0.0414114347297662
30718410	0.000234098605289272
30723110	0.00172839789506825
30723260	0.0119609324424237
30724101	0.000250202698124047
30725071	0.00124699251931392
30725580	0.000196793307606414
30726591	0.00160853997623669
30728651	0.00148231330116203
30730570	0.00027087809350741
30734700	0.00448454058974135
30739981	0.0259165449584319
30741341	0.000451095853840198
30748521	0.0171172899010948
30748671	0.0179155494011588
30753180	0.00136499244162505
30754570	0.0192421561600955
30757440	0.0046363448369469
30758570	0.0221791113818334
30761150	0.0807331421386328
30761880	0.00140303009561794
30763001	0.00131344783395092
30766161	0.000201902558922354
30770280	0.00500536554239784
30772241	0.000503893381566241
30776050	0.00177048803129
30776180	0.000291258366537062
30777190	0.00369037703985232
30777600	0.00371604314279774
30781990	0.00252513849973517
30782250	0.019171248342632
30782570	0.000803873404068689
30782690	0.000836925708851416
30782731	0.00401464726149936
30788340	0.000407921515925387
30788641	0.000406352551333967
30789631	0.000396361603462047
30790031	0.000387694075921275
30790851	0.00639605556651085
30792180	0.000135070302822797
30794700	0.00028825130483398
30796101	0.00037244189731301
30797560	0.000743668337729025
30798871	0.000241028668398073
30801560	0.000421730765842806
30801911	0.0016712811273137
30802161	0.000370215850451679
30804620	0.000307944141998169
30805331	0.00866051355833116
30805351	0.000490897743543685
30806041	0.00177368932302522
30806130	0.0012779879099214
30806800	0.000191187517813008
30806820	0.000109469966838919
30806840	0.00625832077100241
30808050	0.0013672420768707
30808620	0.0017187571790376
30810591	0.00041846069459978
30815370	0.00279925008890054
30818400	0.00110656765742362
30820590	0.000980337629591926
30820620	0.00214651308235221
30821420	0.00105424181511363
30821700	0.000493065440024326
30821990	0.000591850949026478
30822270	0.00143811369796767
30824460	0.00740580425387286
30826840	0.000259950819373366
30826851	0.00040899618437076
30828190	0.00408430026635985
30829570	0.000662049355069166
30829580	0.000341143385195625
30830181	0.00317254004501278
30830250	0.000541891913634163
30831011	0.0497429482787354
30834321	0.000253039981018009
30834560	0.00603849787742962
30835350	0.00189977180715625
30835900	0.00289151627716236
30837071	0.000688603695375757
30837300	0.000438901141076304
30841460	0.0163700090350354
30841840	0.00186156562703066
30842120	0.0456763704554542
30842530	0.000471846767548705
30842680	0.00441874060604045
30843261	0.000275400709718513
30843900	0.00159058192574891
30844371	0.0314198382065196
30844911	0.000973098840212393
30845290	0.00502950728887979
30845310	0.00502745969301115
30846530	0.000143517494986855
30847831	0.000106311946577867
30849341	0.00030917352679338
30850240	0.0010455413856955
30850540	0.000932718138469968
30850550	0.000812327305230723
30850940	0.00821977336820722
30853211	0.000198980880013768
30853710	0.00144679327338265
30855541	0.00634753923183066
30855561	0.108572279454623
30857430	0.00148733655813619
30857461	0.000331166401357701
30857611	0.0275774497246237
30857730	0.0102695497333405
30858520	0.000232344167909076
30859110	0.000832943697560182
30859360	0.00130010558866789
30859391	0.00178916656161554
30859411	0.00053419753887246
30861201	0.000231978410202358
30861211	0.00704321305105707
30861850	0.00222691401642091
30862021	0.000311238293024442
30862810	0.00369394620033715
30863281	0.000577824721044431
30864661	0.000271888065709389
30865191	0.000644296411464262
30865280	0.0136189540295639
30866861	0.0230261692680008
30867640	0.00242776297988185
30869590	0.000336014614998494
30871620	0.000427655076579608
30872750	0.000562789189887207
30874240	0.00283958391102814
30877010	0.00024718481840264
30878810	0.0229966860645076
30879240	0.00156821714759468
30880030	0.000634572152551771
30881611	0.00138133272229966
30881990	0.000282893787972762
30886540	0.00575830183313258
30888330	0.000783485544715855
30889960	0.00100941854212194
30892610	0.0248089648159556
30892720	0.00172438938279593
30892931	0.0138792899168463
30893550	0.000277516047762153
30893901	0.000233671417901922
30894380	0.000273386652434731
30894540	0.0011674682613051
30897690	0.00183169276086922
30898530	0.000378520235464154
30898861	0.000428987637546711
30900221	0.00343603505366173
30901751	0.000483981200694143
30903001	0.00102668568521236
30903941	0.00107967145397949
30904030	0.0249809972803476
30905751	0.00082513196412567
30908610	0.000467208017790078
30908791	0.00027692316907431
30909700	0.00526458607338631
30909891	0.000231803455727187
30910550	0.00201765143993344
30912190	0.0242887809294438
30913440	0.020440220536617
30920750	0.00331444942137515
30923391	0.072826205603103
30925570	0.000635669679970386
30925720	0.0020321647011077
30929191	0.0347016347436849
30929430	0.00106153894840059
30931681	0.0020809354066573
30934950	0.0326280700849697
30935131	0.000556820521692337
30938291	0.00214634614519129
30939521	0.000270319520281924
30940340	0.00091254923092402
30943090	0.00243431758137502
30943360	0.00225199973977511
30945751	0.0140894627231482
30948101	0.00522625888189843
30948651	0.00164440809546848
30949820	0.000772963920795023
30954650	0.00103808035562836
30955090	0.000363594069040505
30955330	0.00303648746776869
30958240	0.000478272706415841
30958711	0.0110476650407728
30959381	0.000314012597593876
30959620	0.000379617512491369
30960180	0.724156092932612
30960300	0.000937617959109527
30960870	0.00338625382261777
30961010	0.000535456223617415
30962240	0.00029461411958892
30962680	0.000568638995935059
30963401	0.00381270832785816
30963811	0.00789147123252518
30964040	0.00158648054361268
30964050	0.00269690977953958
30965020	0.000481173653078308
30966431	0.000410650421285747
30966851	0.00188093989534737
30966930	0.0369704982388001
30967070	0.006716322942636
30967251	0.000703975397234551
30969130	0.000307672889761534
30969290	0.0159129284329929
30971090	0.000791637702372787
30971210	0.000557394967191946
30972610	0.000305099923758726
30976351	0.000454877254022116
30977400	0.000398882357264338
30977420	0.000253062419584718
30977430	0.000334533939845038
30978130	0.00195467057715753
30978421	0.000297424003390568
30979500	0.0591176374233087
30982230	0.000272636614217162
30983330	0.00334382049789887
30983370	0.00154908009954063
30984040	0.000461065503657613
30984170	0.000158733223071203
30984890	0.000408350253018986
30985820	0.00940068925495914
30986130	0.00586563840390249
30987330	0.0190346326270794
30987770	0.0477399398597923
30988781	0.0044776533885252
30990021	0.0134289923044624
30990510	0.00654995045927522
30990540	0.00272774871982455
30991791	0.059881577561165
30993061	0.00593234320715385
30995780	0.000685235817784327
30995791	0.000686312139703284
30996440	0.000579294492604515
30996590	0.000172420799557653
30997570	0.000303540383160892
30997591	0.000308138902458638
30997950	0.000204826728910683
30997990	0.000329928295948722
30998400	0.000498167033771355
30998500	0.00185211238509428
30999510	0.0358732085319521
31000361	0.00177161635136238
31000580	0.00402652359128545
31000860	0.00132868327688282
31001560	0.00625663928595394
31001850	0.00176448320139664
31001970	0.0129847322674159
31002301	0.000249216929448176
31002400	0.000129639863624567
31002551	0.00147655674183997
31002841	0.00218471271194185
31005400	0.000245263779824262
31007060	0.000283383023235732
31007210	0.000296674956475506
31007480	0.00649619227992946
31008641	0.00378096044700563
31009280	0.000546854381139311
31010011	0.00050880170992251
31010120	0.00390102781432211
31011391	0.000339597816380037
31011511	0.0386522179446421
31014161	0.00128681431435594
31014520	0.000216462308604483
31015381	0.00376216807526105
31015801	0.000841313284626705
31016860	0.00219658807999694
31017181	0.0226236782030002
31017191	0.000339527134738596
31018431	0.000184948379986618
31018940	0.000494818440679789
31019050	0.000289606988958933
31020610	0.00535450150359699
31020781	0.000712838703559606
31021461	0.000538849145321492
31022701	0.000283387279245583
31024071	0.00913758715669421
31024201	0.000357844710365629
31024221	0.000631888445884942
31024720	0.00412880795683118
31025120	0.000350421511419349
31026291	0.000420217993973664
31027080	0.00106289542409858
31027251	0.000262797272615307
31028160	0.000331257237800963
31028880	0.00384442677983046
31030421	0.00401372245013286
31032170	0.000400167636932345
31032720	0.000577612763327476
31032781	0.000245789178823281
31033010	0.00197165476366784
31033150	0.0295888663986167
31033840	0.000689653194440503
31035671	0.000709770691369791
31035801	0.000586558562376646
31036740	0.0491771443868774
31036911	0.00254190491210663
31037191	0.00017798536889925
31038520	0.0118589651449168
31038950	0.000386715433641911
31042540	0.00673221011532951
31042971	0.0118648709263942
31044840	0.000742279721590803
31046151	0.0589005911800593
31046630	0.000201534798239835
31048010	0.000732486115816607
31048160	0.000311129337738231
31048481	0.000627178517632379
31048600	0.0012111279901767
31049530	0.000613782279120613
31051090	0.000335135334258622
31051801	0.000231724178538095
31052330	0.0020315442751643
31054950	0.000280173477963651
31055910	0.00243613056250616
31059261	0.00461082393832936
31063060	0.00161461069052562
31063340	0.000555156045599638
31064351	0.025796165368971
31065140	0.00175509780640705
31066670	0.000246779851645209
31067190	0.000278478800185235
31070230	0.00239144386048947
31070380	0.000219133468639636
31072290	0.00062217065361892
31072341	0.0102782522521084
31072440	0.00165729469517256
31072631	0.000306580857062166
31073530	0.000856026709912135
31074971	0.00181733001489707
31075521	0.00157136874844291
31075651	0.000108503469355883
31076491	0.00549887793412066
31077161	0.0349168906376939
31079330	0.0113080207447532
31079760	0.00289415507166707
31084361	0.00115440032766838
31084450	0.000502969536044158
31084990	0.000835765630860519
31088570	0.0194313937886464
31088710	0.000485664606834334
31088870	0.000896236945049906
31090971	0.0590392475251
31091921	0.000179503308951862
31092700	0.000641330253710847
31092751	0.00053532514230729
31094001	0.0031778753590485
31094250	0.000300050538419302
31094500	0.000351005537605325
31094831	0.000167543976437021
31094961	0.000341101216356876
31095651	0.000303125907245457
31096351	0.0382069362228956
31096901	0.000328081236072745
31100850	0.000281273089395409
31106790	0.00438777355529096
31107040	0.000362272116024587
31113851	0.00231185689592644
31120280	0.0205530538320975
31120580	0.0045368909882574
31123641	0.000749896474176981
31123781	0.0575306164508366
31124000	0.00048949743208548
31127791	0.00210341300975627
31128840	0.000386199591007458
31129280	0.000682683937904456
31132290	0.00790258866458474
31134541	0.00594845987976954
31144590	0.22814934892473
31144901	0.000872818921321035
31146220	0.0333465585768888
31147781	0.000339770912553327
31147931	0.00129747274609711
31148730	0.118638910016922
31149451	0.00215965020921927
31150541	0.000562817417675918
31151610	0.713759327702311
31151860	0.000501442596928013
31154531	0.000655508504765388
31157670	0.00840195844161803
31159101	0.000232707251759125
31163771	0.00043994122437502
31164901	0.00338934947643735
31164980	0.0728175178590069
31166281	0.0314471992849373
31167180	0.000407887847655289
31168020	0.00104564583386818
31170391	0.0147664890593571
31170510	0.052213829718402
31170541	0.000392852412782293
31170760	0.00855775107412749
31171450	0.000228537735877258
31172030	0.000291130499756353
31172871	0.000850671002865013
31173151	0.00184984207096127
31173240	0.0726363345971747
31173270	0.000370942094315456
31173380	0.00024413521291852
31173690	0.00749579061250904
31175381	0.0716850078106495
31176140	0.00108703103151139
31176280	0.000227637197567093
31178090	0.00433596952141888
31178551	0.000314119214037372
31180720	0.000286461138572916
31182200	0.000374124992648645
31182350	0.00613381277386585
31182790	0.0208277898567441
31183200	0.00658651196350822
31184030	0.00186894687660818
31185021	0.00197766944426903
31185161	0.00308718186932101
31185851	0.000732630416989038
31186510	0.00263217618148132
31186660	0.000625748513934927
31189581	0.000135998721631913
31191180	0.000558125756918029
31194750	0.00168523421285296
31195241	0.00256981022279331
31196020	0.000550685027191509
31197400	0.000390060976053966
31197441	0.000411619278921711
31197540	0.000435834214941577
31198391	0.000501001916192654
31198630	0.00191061249777289
31199060	0.00173716575109006
31200830	0.051118858655522
31202060	0.0131074559607538
31202090	0.00153820490820891
31203060	0.00228889347983674
31203371	0.000358803501602034
31207651	0.0241895278767763
31208871	0.00188251159156678
31209281	0.000350527677171226
31209690	0.00290356474584592
31210360	0.00829060202333191
31211600	0.000402325431927637
31211651	0.000285406396893235
31211901	0.0343433680708531
31212420	0.000579206216741119
31212871	0.000940645040299742
31214200	0.00161275267498464
31214910	0.00620037313411557
31215200	0.00533693766031734
31217861	0.000958488724265363
31218401	0.00032948990204217
31218770	0.000219921199033334
31219200	0.000264215216776241
31220191	0.000311081149153826
31221660	0.00033469195524907
31221991	0.000375628587418121
31224570	0.00196928789798407
31225031	0.000329754255937833
31225151	0.000255594087641487
31225161	0.000672055324831991
31227070	0.000800166879842489
31229021	0.000225239969195373
31229660	0.000157508622427947
31232990	0.000290279433410287
31233520	0.00061313767416632
31237780	0.000129895276524564
31238200	0.000864221270014755
31238210	0.00046187693892769
31238961	0.0449820153962785
31239170	0.00114967535527431
31239761	0.000259173522490551
31239870	0.0112392949068022
31240400	0.0137901588404705
31244020	0.000675347872687024
31244311	0.00394363779549694
31247231	0.00104219963164609
31251580	0.000379615746633866
31254111	0.00121259491657465
31255850	0.00253335131151124
31256970	0.0300960303731713
31260540	0.000313115867466863
31260710	0.00127366792159677
31262330	0.00160148398634446
31263440	0.000258463032832471
31265230	0.00017953444843624
31266770	0.000312212195220284
31266791	0.00140906948349307
31267720	0.00100496580027039
31268400	0.000504012004695016
31268591	0.000249795666802173
31268980	0.00759620895763614
31269370	0.000374300725975617
31269800	0.000620604482831725
31270360	0.000940991446459522
31270391	0.00904629166493519
31270401	0.00267071396453942
31270931	0.00768675654224754
31271600	0.000319826619376446
31271641	0.00637548977208352
31272051	0.000954146255452099
31274521	0.000219480046483825
31275351	0.000194299801069663
31277021	0.000360046095302596
31277260	0.000268822173071289
31277660	0.000487649245879876
31277790	0.00248999376814479
31278541	0.000268880589862942
31278661	0.000118692500124188
31278760	0.00120307290126783
31279870	0.00158594712214992
31280580	0.000300784710786664
31283600	0.0139512282473328
31286251	0.00140966638260617
31286951	0.000286440749932449
31287081	0.00943263655288959
31287901	0.0038897633418522
31291290	0.000328781133402066
31293400	0.000355120625414314
31295610	0.00207344788890954
31301821	0.0440714968599949
31302610	0.00103795204407962
31302760	0.00598317454018051
31303310	0.000155463717290721
31306931	0.00265932415167953
31307020	0.00110696492147696
31307341	0.0636840615086161
31307921	0.00498113742801314
31308850	0.00740076932293771
31309380	0.00968518894494659
31309670	0.000468552711827573
31310801	0.00112712785563984
31310880	0.000121690551049921
31311631	0.0138943621317663
31315050	0.000260941327482465
31315600	0.00881080315940149
31317971	0.00184806705620848
31319470	0.00861149550609862
31319631	0.00321248262648996
31321380	0.00170190488974468
31321800	0.00073408914372042
31322801	0.000434203468549855
31328810	0.00129570554799622
31329981	0.000908733251608176
31330490	0.0222672488948718
31331631	0.000548789172258106
31332270	0.000451430289312229
31335710	0.0107281730209321
31337001	0.00684759525893503
31340861	0.0546417396741432
31341380	0.0172864422324345
31342231	0.000603992978410522
31342801	0.000949280647647944
31343040	0.00250681575467517
31343160	0.00169580813737589
31343430	0.00339700845541293
31345151	0.00321282061983034
31346470	0.000745748174708467
31346780	0.0383016006476213
31349360	0.00258184991964904
31350661	0.000452162211657724
31352570	0.012571050638016
31352741	0.00111804433168871
31352820	0.00182243618427365
31353390	0.00286297989601495
31354330	0.0114901864154461
31356820	0.000119781043722542
31358220	0.00209747210112154
31358791	0.000931681128294887
31360161	0.0140721912624504
31360270	0.0082759631762046
31361510	0.000752831695082106
31365551	0.000289295390877437
31366091	0.00150646170058298
31366791	0.000512205832062953
31368980	0.00082099155724507
31369001	0.0288589631619677
31369910	0.000487057272216005
31369961	0.00434122807457027
31370050	0.0117566120954059
31371621	0.000283612840958698
31371860	0.00298032708026543
31372530	0.000661725841674785
31372980	0.0431487750741147
31374231	0.000633926199271739
31374921	0.000491927180281769
31375621	0.000331145799367535
31376820	0.000296585048928945
31377981	0.0321220535603498
31378080	0.00174661134356528
31378870	0.00306904380863122
31379751	0.000504919697926399
31383460	0.0534916526873649
31384301	0.000465464707745704
31385541	0.130852875828958
31386490	0.00408163520456474
31387040	0.00142589249240649
31388571	0.0559891560810709
31390781	0.000240842009191598
31391970	0.0083038327079494
31392010	0.0457652613794798
31392731	0.00155661820095142
31394630	0.00205054424286986
31397971	0.000303343397420956
31400451	0.000175526638301417
31400830	0.0119890454570679
31401121	0.000510532012189225
31403081	0.000437472572658634
31403331	0.000196256842740777
31404940	0.00424128854602341
31405141	0.00209519958245075
31405800	0.00296668820683304
31407481	0.00226071784020741
31411870	0.000638584282391359
31412031	0.0300266216032355
31412441	0.00060310216549915
31412690	0.00459924731635632
31413281	0.00135789815655779
31413401	0.000229056589166132
31413811	0.00670393652543348
31414220	0.000205038208295838
31417561	0.000444037640970976
31417671	0.0130358058088959
31419061	0.0263144714080284
31419180	0.0483675035060045
31420120	0.0155858604781884
31420130	0.00735200260606233
31420260	0.00110245381503177
31421691	0.00038842207731679
31426941	0.00102366797289317
31428680	0.000235466122921489
31428930	0.017902031753852
31428991	0.038684462730355
31430590	0.000186607653794105
31430870	0.00107178320631207
31432291	0.00269154005872849
31432841	0.000693349445726768
31433971	0.000363064169383763
31436041	0.00509549078356078
31437100	0.004757581975983
31439040	0.00429343677860976
31440530	0.001833415574902
31440711	0.000619505725035254
31441640	0.00141444336894929
31444041	0.000202759319594201
31444711	0.00106887166944319
31445380	0.000332982558964368
31446350	0.000219246150965011
31447201	0.000487318697079401
31447850	0.00211504600798957
31449940	0.00722682434115679
31450170	0.00176246961869504
31450200	0.00101937335882915
31450720	0.00557331929550146
31460311	0.000847339453253517
31460660	0.000547152316911084
31461831	0.000412565323730636
31469941	0.000463240323550442
31470170	0.00309271945293876
31471420	0.000301354293204371
31472410	0.000470075088611221
31473001	0.00112647166027824
31473780	0.0209184333127532
31475300	0.00253988190993767
31475461	0.00610797183986747
31477500	0.000291864929156795
31483820	0.00116781525561759
31485240	0.00482426668658504
31485360	0.00171727089689513
31487270	0.00169609024866701
31488161	0.00695440313002096
31488400	0.000357978778053517
31490460	0.0271491144185986
31491440	0.00688073353380924
31492151	0.00220219513110582
31493500	0.00159053939696388
31493790	0.000286675446921669
31496000	0.00102958151949368
31496930	0.00104582993676247
31498091	0.000491989751501459
31498241	0.00086850249454712
31502740	0.003108209728148
31502901	0.00246614370725594
31503170	0.000463972396878277
31505380	0.00447452227709503
31508390	0.00851548214038341
31508581	0.00161357810306124
31512721	0.00419617524474989
31512790	0.000488325655818511
31513240	0.0106820876636474
31513500	0.0179030334681612
31513760	0.000181625031051895
31514580	0.0691629296441189
31515041	0.00746044507731327
31515680	0.000304090822681222
31516011	0.00318079086062238
31517401	0.000210909306532833
31517480	0.000279375903678027
31517821	0.0061933418854741
31518101	0.00152098926211514
31520711	0.000235593140627646
31521470	0.00299040973091462
31521780	0.00555379343623193
31524581	0.0142345543409164
31524940	0.00163443685448221
31525070	0.000408273219743439
31525230	0.00180808162100291
31528520	0.00137544864085343
31530101	0.000456813338048619
31530231	0.00124735464727678
31532701	0.0120808839671212
31532991	0.00521684290931029
31533210	0.000488748004315856
31534791	0.000434899346048603
31536110	0.0256550289996356
31538480	0.00021480017593655
31540301	0.0891633923285401
31540721	0.000401681199646692
31541350	0.00179221723891262
31541780	0.000773756115897289
31545510	0.0939189224427236
31545931	0.00664038579825358
31546060	0.00369973341350457
31546081	0.0155314232535963
31549350	0.000194133807039138
31549750	0.000261377124101392
31550160	0.000168445254753699
31553661	0.000202541876606875
31555570	0.0001858943797233
31556281	0.241719581753931
31557780	0.00149285858675005
31559311	0.0029873651629656
31559331	0.000300715085626452
31560670	0.00881674580843435
31561890	0.000404467257185491
31562030	0.000305361190597814
31563191	0.000207214760416364
31565251	0.00110138963130317
31568161	0.000753805011853706
31568411	0.000480995942317732
31570200	0.141973309785628
31570491	0.00256850510983723
31570600	0.00239020561451258
31570890	0.000425174736014049
31571731	0.0368768548882744
31573050	0.000352066493371985
31573210	0.000453140577720815
31575120	0.00250858787753093
31575130	0.000185675568582687
31576090	0.000494967249616082
31576230	0.00208058256649852
31577900	0.00255534872476047
31579540	0.00109772315174103
31581630	0.0135776084624078
31582030	0.00223470042285895
31583061	0.000578070044178934
31583820	0.000226582016116274
31584680	0.00100649345917166
31586310	0.00075486645722729
31594300	0.00647968284305706
31594501	0.000534347710170979
31594781	0.000323880305934658
31594860	0.000537258396059766
31594891	0.0148177258874701
31595331	0.000376615190916069
31595430	0.00437759940161849
31595741	0.00527176565408681
31596500	0.000394530993105079
31597080	0.000379899405308371
31598570	0.000122761147356366
31600961	0.00182044440952763
31601480	0.000517056616373879
31603140	0.000364984289002602
31604841	0.000467238402806612
31607290	0.0126939397322464
31607690	0.00614143337722448
31607850	0.000457785150062197
31608271	0.00126883573440644
31608821	0.00363887173325547
31608940	0.000331208319764884
31608961	0.000373852326365729
31609531	0.000777546445069902
31610081	0.0342419823711886
31611591	0.000217802834695754
31612571	0.00838790513797421
31613060	0.00989974539810117
31613521	0.000271946206878312
31614300	0.00574790611740607
31614850	0.00076454284768407
31616650	0.000992815211235822
31619861	0.000270597410137796
31620551	0.00578225396330956
31625770	0.000307446028614905
31625780	0.000541147813840631
31627420	0.000587746228286649
31628021	0.000345647144587859
31628100	0.0036759270611825
31628360	0.00384464426323466
31629340	0.0018191989510334
31630010	0.0732636746390673
31631160	0.000978056727650118
31631560	0.0161946483501975
31632421	0.00096162286802428
31632561	0.000968302710105946
31634211	0.000231608543888839
31636110	0.000428117919919554
31636500	0.00113483812465004
31636640	0.001405698760208
31637231	0.045548690415594
31637910	0.000518254178914571
31638061	0.000383584237146515
31639400	0.0143430825954652
31639581	0.000994317727720668
31639700	0.000868733559654477
31642020	0.000200243737450465
31642501	0.000862988771699162
31642771	0.000346638640573173
31642901	0.000398389874729597
31643591	0.012080445572329
31644421	0.000455553538915862
31645101	0.000242993629828788
31646771	0.000247210008076083
31648260	0.000346868190032591
31649640	0.00191123194025935
31654590	0.010362355519876
31658430	0.000533745636569857
31659570	0.00400550698952768
31659700	0.00532825366092819
31659721	0.00357653120238071
31661630	0.000761697080630371
31661760	0.0146903150292101
31662300	0.00279140324881667
31662310	0.0220696140625308
31662600	0.000310203600168311
31664961	0.0212774617846832
31666560	0.00154558982852454
31667051	0.0597218862332434
31667540	0.0650466083661075
31668131	0.00147062951171921
31669330	0.00032375030846835
31670081	0.000295052758639652
31670430	0.00421471711381043
31672250	0.000321109931305869
31672770	0.0801386488242342
31672790	0.00167840119232877
31674710	0.000436124690520391
31674740	0.000764390473052037
31677480	0.0072462891683967
31681320	0.000367299605836152
31682570	0.000386252682219759
31683461	0.000286156892834823
31684411	0.000295151353884785
31684811	0.000470614068617164
31686180	0.0012413528098491
31686201	0.00076795704461375
31686600	0.00235567541158824
31689350	0.000460483929518866
31689750	0.00080820229507161
31692701	0.00297648905083628
31692831	0.00320218351007016
31693391	0.00120568663992614
31694191	0.000410614307709445
31694730	0.0814929530001252
31694771	0.000223591128506331
31695820	0.26590155357971
31695830	0.00148172686920581
31695960	0.000535390741978058
31696920	0.0230378474931249
31698191	0.000315876439775895
31699711	0.000284543586884979
31700411	0.139186068520808
31706300	0.143764563975532
31706761	0.00019275996518639
31707181	0.000189228610593041
31707451	0.000318848874757051
31708360	0.000243626595923691
31708421	0.0098360960220573
31708660	0.00022915689987667
31711171	0.000520118802185784
31712240	0.000380090511509168
31712500	0.00192701738727948
31713340	0.0496997953221181
31715981	0.000735432803857799
31717590	0.000309429776377464
31718280	0.00415114056426532
31720281	0.00156277666670141
31720640	0.00115047320731495
31721111	0.000334049476676998
31722040	0.01532444220608
31722881	0.00167894099339536
31724520	0.00178238734811162
31725050	0.00244828659458617
31726860	0.000278640533607775
31728141	0.0321228093067419
31729200	0.000344400276676098
31730440	0.000547437380459893
31730611	0.000860694455457803
31732070	0.00799152380509153
31732220	0.000185459355673594
31732370	0.00198231650182894
31733310	0.000290323523176238
31733490	0.00102607983585268
31734000	0.000163313440902386
31734420	0.000476810801784573
31735670	0.00702150824914784
31736230	0.00135655730527568
31737320	0.00136318829761943
31737600	0.0014927760497464
31738000	0.000367344193761578
31738980	0.000260735853245945
31739451	0.00293832227108869
31739690	0.000455749648856112
31740940	0.00184601569688959
31741381	0.0105189747470098
31742840	0.000446751236286481
31743011	0.000217620087660306
31744480	0.000390525877336968
31744520	0.000356012948052095
31745180	0.0116940004398152
31745661	0.000184917619373338
31746000	0.000470039101592221
31746341	0.00484609103996226
31749241	0.00159997607793667
31750550	0.00157579720947264
31752080	0.00110255695091872
31752090	0.000670560562429451
31753911	0.00137005468661919
31754901	0.000166110872723136
31755581	0.000758287442656628
31756800	0.000644615929494056
31756821	0.00260930521384412
31756831	0.000280753990245838
31758720	0.0169961942881269
31759960	0.000831503196688209
31760760	0.000353351426004363
31760770	0.000647759899014714
31762010	0.000484575083977486
31764380	0.000418718788344065
31764500	0.0221541082293521
31764691	0.000474010380186842
31766020	0.00236717410657197
31766051	0.000335161346035665
31767390	0.00904582342713982
31768941	0.000737251567227705
31768951	0.000569507588762962
31769241	0.0137072244678343
31771421	0.00477605867625756
31780121	0.00029971746073772
31781091	0.00235937197388273
31781921	0.401007666964247
31782041	0.000460441398973613
31783260	0.0020158893593402
31783441	0.00166355923574548
31785361	0.000369239488307792
31785610	0.000919268980314814
31787110	0.00138622313204642
31787240	0.00234247055122771
31789170	0.000587543167690916
31790440	0.00496844712740122
31791130	0.000236592926713858
31791721	0.00116424843843991
31792750	0.0628124416490925
31795530	0.0172265651770848
31796370	0.00124822488552876
31797361	0.0108442272259157
31799690	0.0850318341113656
31803151	0.000794465304518012
31803380	0.000644583204274755
31804370	0.000225672248816488
31806420	0.00674172807851107
31807790	0.000847048395298068
31808910	0.000363937875558409
31809190	0.000728655930428895
31811230	0.00118020299112447
31811650	0.000354273101424944
31812821	0.000307932439111742
31812910	0.0128026991621522
31813310	0.00124783766620117
31813590	0.000263190681475334
31813641	0.00694180251584536
31815110	0.000355400012734183
31816340	0.263345204092533
31816661	0.000716940584046396
31816681	0.000318931187628736
31817791	0.00209296547337821
31819650	0.000395174557074029
31820770	0.000276322615880368
31822020	0.000610923901014626
31822440	0.00120266866914478
31822680	0.00128453695116279
31822881	0.110333184625341
31823510	0.000803144638302403
31824640	0.00302721999813508
31825071	0.00276052725442252
31825600	0.00631568588379212
31827031	0.000594914831347878
31827691	0.0684506650689265
31828941	0.00083102629337898
31829501	0.000385786233073139
31830550	0.00460090290077654
31831810	0.0109140697572934
31832650	0.000684722330100142
31833211	0.00654600089189171
31833440	0.00100879115407357
31835031	0.000136129700586455
31836900	0.000456576174568304
31837631	0.000411546549415495
31839110	0.0378400477955908
31839151	0.00259643724902449
31841221	0.000283310708433127
31842751	0.000369701375394688
31845570	0.00184826899499467
31845860	0.00635241350368802
31846051	0.000877553786892549
31846840	0.000845747266468841
31847021	0.0147898541494399
31848490	0.00226192887551085
31849440	0.0188258166907824
31850030	0.00386757710058623
31851230	0.00183552187675299
31853880	0.000364036146096817
31855100	0.0164411679519433
31855981	0.000284335104502913
31857720	0.000371861960006187
31858990	0.0219271381284172
31859161	0.00301423409003002
31859380	0.000177175474252717
31859991	0.00127455230151616
31863281	0.000342027741712594
31865460	0.0270652775162937
31866181	0.000574596617007823
31866570	0.00167775741065413
31866960	0.00189835010227803
31867421	0.00185722151413283
31868111	0.000332774892191555
31870420	0.000896223596816991
31870471	0.00112175119119194
31870871	0.000505139849982523
31873911	0.000215436522010934
31874311	0.00511405146648982
31874710	0.00202717701811928
31878591	0.000254170766322477
31879011	0.000649339146287696
31879971	0.00077135301569795
31882051	0.0496204839635797
31882591	0.0171373385171985
31882861	0.000967931394595356
31882881	0.00129132056095922
31883800	0.000307150729756015
31883841	0.00190170138143936
31884060	0.00170297766678937
31884080	0.000323730266106229
31887670	0.0001965088874456
31888330	0.003914772788076
31888600	0.000263924574188383
31888671	0.000241392541189844
31888780	0.000316154614278123
31889221	0.00307964854105151
31891650	0.000132667965470024
31895930	0.000289886041064744
31896521	0.00130410923198416
31896531	0.00124903233565864
31899930	0.0141696034001585
31900521	0.0103386248516201
31903100	0.0120982214943931
31906400	0.00192084569453618
31910741	0.0012809937238049
31910850	0.00334358485373121
31911370	0.000624472409677393
31914670	0.00246631272245235
31914810	0.00154473384117615
31917870	0.00240914576602268
31919120	0.0152849857054578
31919540	0.000447954799711731
31922280	0.000162635057580607
31922670	0.0542729193638674
31923551	0.00317206726051849
31927271	0.000497244973707629
31934410	0.000675027869153302
31934530	0.000349161650662174
31936121	0.00399514420648001
31936610	0.00912068925753591
31936661	0.000471279295826263
31936760	0.00173605321976898
31945420	0.00351510016005497
31946290	0.00271895537845217
31947841	0.00636965874305367
31948791	0.000872005842716821
31952330	0.00146369357464779
31954041	0.00258199660642319
31954840	0.000548928991923368
31957631	0.000213249087219614
31957980	0.0462461510648003
31958171	0.00780995700781693
31960760	0.0159399743422891
31961611	0.000643945572744001
31961740	0.00181390974281579
31961870	0.00238188292626134
31963380	0.000382438866938681
31965580	0.0133628049173727
31967390	0.00110938659604828
31968200	0.000281872113115149
31970110	0.000283208506129295
31970270	0.00645721114852505
31972941	0.000108271022454837
31973730	0.000244081534744173
31975421	0.0034479097476955
31977071	0.000936020133986725
31977201	0.0174513969599977
31978690	0.000266734263232625
31982520	0.000967545336137211
31983910	0.000138128814793182
31985331	0.0367692871662288
31985700	0.00156317835125207
31985741	0.0156685187132342
31986810	0.000761395680324931
31989980	0.000509649058237426
31990441	0.000141239768588545
31992231	0.000661337863485435
31994171	0.000394182167637816
31995520	0.000480605707692532
31997730	0.0356031475987166
31999490	0.00225181324084072
31999541	0.0169585993915112
32001341	0.000202358097310534
32005590	0.000629520602971387
32010940	0.000165554506678371
32011401	0.000476562095767528
32015141	0.000286284323540613
32015541	0.000336014590845788
32016111	0.023197880373736
32028730	0.0441123952893133
32033191	0.00114806973278862
32033840	0.00545824581135488
32039790	0.00220470568372595
32040070	0.00677721808726433
32045020	0.00283009008538413
32047380	0.00208752149877152
32049150	0.00102849694548495
32049351	0.0195447149118922
32049901	0.00193206390385493
32050000	0.0440693843891181
32053881	0.000558542587092236
32055920	0.00121578028262734
32056750	0.00865437771906293
32058400	0.000345577417783288
32060340	0.000476898199924854
32061891	0.000515976106203484
32062540	0.0028354466345389
32064170	0.00175999041365755
32065461	0.00099544876099407
32070011	0.000236289344982034
32070800	0.000370074403468189
32071370	0.000576880555631585
32072580	0.000503816454888921
32072720	0.0148623979039823
32073061	0.000280252456942062
32073751	0.00207232953518812
32074660	0.000336460441333766
32075941	0.000352825735489942
32078530	0.00433644390366264
32078851	0.0479012930064797
32080340	0.000227105718697922
32082270	0.000444271379764145
32083060	0.00232020932611943
32084081	0.000268680089595601
32085331	0.000514954840684098
32086940	0.00332812111373172
32087890	0.00246371184347481
32088060	0.000278177401196042
32088491	0.00285887658748035
32088791	0.000774642162522613
32091510	0.000240075833288452
32091821	0.00125796839284686
32092070	0.000138872443274245
32093461	0.000545165079124353
32094151	0.00136166776851841
32094161	0.000358203374065208
32095340	0.000320947056017817
32095391	0.000179366348494634
32095801	0.00356373726559622
32096101	0.000296419879377305
32096340	0.00792075603869837
32096501	0.0636227959633082
32096870	0.000248029723795707
32097680	0.000331807637516033
32097891	0.000881124479674002
32101410	0.115912764789442
32102861	0.000620431456981278
32103411	0.000492090812208332
32105341	0.0293165494656959
32107080	0.00164431639863547
32109051	0.000276813540286236
32109970	0.000294861008254512
32112460	0.00817696320054338
32112590	0.00628854773535994
32112720	0.00132785753039869
32113280	0.000340406188333043
32115770	0.0160010804547156
32115951	0.000380129424221258
32116330	0.00028611805122662
32116870	0.000691309271916121
32117041	0.00149385053054283
32118110	0.00110619205357256
32118141	0.000620595874348415
32119090	0.000723196892236788
32122120	0.00283125000858519
32122520	0.000641333884625072
32127080	0.00601227682228418
32127220	0.00467335455368621
32128610	0.000334185224487766
32130431	0.000333458664641066
32130820	0.000325257131553811
32131480	0.000409687368710374
32132610	0.0457366451209967
32136450	0.000301113937655443
32136600	0.00304023566878852
32136880	0.000290000414443377
32137871	0.000707458867470005
32137960	0.00391723150503307
32139340	0.00150770329507986
32139391	0.000445882021948624
32140921	0.00430649792498692
32141471	0.00354930016635932
32141980	0.00036774317892881
32142400	0.00354246629655858
32142930	0.000773746737583586
32143791	0.000430657671877862
32145990	0.00233153872943581
32146831	0.00167586011958481
32149030	0.00641771092101982
32150510	0.00252857796833789
32152730	0.00202055168836634
32153321	0.0436114626193946
32153741	0.000184931075456382
32157130	0.00238995302955145
32157140	0.00030985927279707
32157171	0.000570631483808037
32157840	0.000768796125321454
32157850	0.000493132543510166
32158800	0.000291579199066113
32159131	0.000224476864419008
32159210	0.000480653949741154
32159661	0.000399189305508754
32160231	0.000283020564101284
32161150	0.000297414221310507
32161160	0.000966719470298572
32161840	0.000760215709188378
32162090	0.000205149016754434
32162930	0.000656387126589521
32163101	0.00115705128931075
32164071	0.127178125243921
32164631	0.000156196157257802
32164870	0.000575178531358603
32165700	0.003085942920766
32165741	0.00171958741104391
32165990	0.000533159891829259
32168631	0.00028405569736701
32169410	0.00178644949651147
32170650	0.000534278546326972
32170930	0.0134179592648643
32174680	0.000411398436875173
32175050	0.0328173974196107
32176040	0.000300151878501964
32177160	0.000985136180050454
32177731	0.00475441658632985
32180310	0.00126652150106802
32180901	0.0018854013540213
32181010	0.00201328004511199
32181570	0.00016462461451267
32181881	0.000369029955933716
32182940	0.000407639641005009
32183500	0.4868680506277
32183910	0.000295072348555473
32184330	0.00029458824969018
32184850	0.104089943610853
32187220	0.0022057736795489
32189861	0.00031517092323682
32190220	0.000176860664417919
32190281	0.0184745979443276
32190400	0.000325113496786845
32192460	0.0125700204696798
32193321	0.00200762855255444
32198011	0.000706449746160154
32201861	0.00418163389873987
32202100	0.00854078404360875
32205820	0.00206910646723473
32207921	0.0339987401279006
32208460	0.00325826899045607
32208481	0.00029672808201454
32208771	0.00100306732146343
32210790	0.00113402072641784
32211661	0.00110769951649373
32213031	0.000691799930002055
32217390	0.0148557788697754
32219320	0.00167879483680588
32220010	0.000453123301369909
32220020	0.000810813348958046
32220611	0.002097554493673
32224491	0.00143421061198579
32225301	0.000177486963760507
32229280	0.00966885838261065
32230630	0.00799821216379089
32234520	0.0164715118131699
32236891	0.00128955311241453
32237250	0.000683661803721612
32238390	0.000236607837719365
32238650	0.00031775886774602
32240221	0.00209116996884315
32241311	0.00304250522363594
32242810	0.000521867993137448
32244361	0.0108993584463872
32244631	0.000816889676163423
32245560	0.000909482896931463
32246291	0.000908026918278177
32248071	0.000268515307510061
32248290	0.00036597766221725
32249741	0.00419012970815646
32253581	0.00949760998568983
32253810	0.0420013640765517
32254110	0.000549550128130814
32254240	0.0014052467788962
32255490	0.000760465381269169
32256590	0.00026590495479701
32256751	0.000575841313048159
32256761	0.000462677330876913
32257130	0.000554487913763123
32260450	0.000408215904323249
32261390	0.00026402709977729
32261721	0.00027355358699262
32261830	0.000297758033653344
32262350	0.00236797202785691
32262910	0.0276478494283915
32263381	0.000311754716291899
32263651	0.000581875921160698
32263661	0.0148154169516134
32265991	0.00145284118764192
32268351	0.00431556276225965
32270490	0.0148257422817795
32270520	0.000272395851861354
32271610	0.00223223681881622
32274011	0.0379864986664719
32276440	0.000428428683105587
32279470	0.000414238415598135
32280300	0.000273342248832832
32280850	0.000411288848533333
32281000	0.000335805151220018
32282961	0.000199410539512333
32283890	0.000430302531066597
32284211	0.00027171945685482
32285721	0.000722326289022709
32287050	0.000267301265227081
32288560	0.000232974150499038
32289400	0.000262163535361028
32290541	0.0183947978030582
32291361	0.00119338774084025
32291590	0.000475864675789101
32292030	0.00145883021253254
32292310	0.000362420976544366
32292590	0.000403737201271679
32293721	0.0256295600306244
32296341	0.000510381566427773
32297991	0.000337744032625727
32298691	0.000202388681928463
32298910	0.000525831160527491
32299620	6.92976023998908e-05
32303091	0.00111910997750399
32303210	0.000419351479749803
32305110	0.0012482623365652
32307931	0.000370244725293023
32308191	0.000435489667233745
32309981	0.000447816441342622
32310541	0.250910810181994
32310780	0.000368262520528499
32312211	0.00199475899853314
32312420	0.00270815589516628
32312840	0.00631411161436745
32315361	0.0101045214843354
32318380	0.000175657546460832
32319630	0.000593968263076404
32320331	0.00446716482860236
32322940	0.00853428548195906
32323740	0.0722551868033775
32323921	0.00141166833163289
32324040	0.000359460354155768
32324160	0.0016520704591697
32327111	0.00631442883986691
32327170	0.0013340181598185
32329451	0.000394768732049926
32329581	0.00037398395968077
32329591	0.0361090754225447
32329721	0.0115903422349937
32329861	0.00299680472803181
32330760	0.000459501257154416
32331791	0.000623174627311669
32332010	0.0178539596770502
32333790	0.00658106790651714
32335040	0.000254450700341283
32335371	0.000237995688389498
32336300	0.000302875071374664
32336590	0.000205011712670315
32337830	0.000175405453214995
32340560	0.0123312118515274
32340590	0.00272325041865478
32340960	0.0298281812039367
32342821	0.0168809408646354
32345830	0.000536074209215844
32347091	0.000373306618738918
32348191	0.000926856512674576
32350121	0.000575019678302166
32351231	0.000310910787341723
32352170	0.000383439971571819
32353410	0.000198686657724669
32353650	0.0231222503289665
32356450	0.000455711026725837
32356871	0.000473973210124056
32359921	0.000289418110829312
32360690	0.00493215249044261
32360751	0.622108884117389
32362790	0.000236007009686402
32365311	0.00170837405154594
32365660	0.00394489188031147
32365830	0.00133364722238983
32366531	0.000212863779121209
32368550	0.000355490512529926
32368690	0.0258653703681437
32374220	0.000595317516913225
32375860	0.00735181275806341
32377971	0.000309586374673335
32378500	0.00143414094111239
32379101	0.000229235370641935
32379600	0.000687783602491209
32385991	0.00255613750537003
32387231	0.00842112475870537
32387501	0.000733915345707796
32389301	0.00194595453564956
32391890	0.000621825766826428
32392690	0.000667447372321791
32393650	0.0198150803235966
32393660	0.00023294340403239
32394620	0.00968943316378301
32396150	0.000239166476818951
32397390	0.00920296066563333
32398470	0.000301663670332573
32412591	0.034588271065404
32419231	0.000427436351689562
32429820	0.0036693831859722
32434340	0.0437220262634455
32436720	0.00929776997794306
32438190	0.00212387355196495
32448570	0.0145629957289333
32463870	0.000555984253770911
32467570	0.00257999041571109
32469821	0.000416133534131341
32473291	0.00043060981110543
32473691	0.000299790081100683
32479870	0.000295567148949048
32480000	0.0180670811339648
32483030	0.000168592855474494
32485291	0.0179067332228849
32485360	7.74151688906692e-05
32485520	0.00033217054213025
32485790	0.000263281104275205
32487190	0.000474857093366922
32487621	0.00274955970086061
32487880	0.0146586620968341
32488540	0.0135648770746385
32491990	0.000263020398382599
32494740	0.000725286643710436
32495160	0.00104437121490697
32495641	0.000498561056993776
32498090	0.000335965941218405
32498330	0.000336046010098128
32498480	0.00104814583999211
32499450	0.000254516711743129
32502360	0.00114372463842345
32507700	0.00124551572825852
32509500	0.000266310732244564
32511330	0.000261591151155658
32512010	0.000247265544828836
32512570	0.000350435041342204
32512991	0.00387826751587611
32514060	0.00489909319699769
32515471	0.000780056431172287
32515481	0.000828958888320243
32517011	0.0283226857671034
32518090	0.00526238382866255
32520000	0.000347786577342752
32521110	0.00144075139909101
32522490	0.0220325828617872
32524250	0.000590926540994852
32524991	0.086133753051671
32530111	0.00659799796002538
32531310	0.032601934900795
32533831	0.000730677525149565
32534330	0.0189718769261139
32535180	0.130596887101016
32537291	0.00170380177116869
32538620	0.000401345213887624
32540390	0.00365345220636599
32541131	0.00272942109544476
32541910	0.00236454504927237
32543621	0.00354908169786918
32544031	0.00155524994667012
32544110	0.00231185067317231
32544660	0.00126352365441928
32547010	0.000320307261095601
32547160	0.00699698027114159
32547840	0.0198466617942567
32548451	0.000281395700995096
32549510	0.000440604947655555
32549681	0.00248286378480634
32552441	0.149676582354064
32552601	0.000747564225790286
32554501	0.00650053225605191
32556010	0.00584042735073766
32557800	0.00144887856201054
32566641	0.00631753584962422
32567341	0.0110616590568679
32569770	0.000515131548347014
32569790	0.000841937172070426
32570350	0.000297856769208572
32570661	0.00237719701953608
32571351	0.00527681757888061
32572321	0.0144782618681286
32577090	0.000976680878870273
32579051	0.00714591046165361
32580260	0.00573727495623873
32580840	0.000530223447937039
32581001	0.139048214138026
32582330	0.00045158753695525
32582450	0.002110688988603
32583040	0.000414835994335877
32584530	0.00295671730499153
32586801	0.000157477131254888
32588181	0.00621710863793539
32588800	0.000712637253924105
32590480	0.000495416668999754
32590651	0.000421653878772074
32592700	0.000290565288092653
32593210	0.00959792542343474
32594501	0.000316848574126816
32597630	0.000871796955010978
32598480	0.000224875134296841
32599071	0.000271289177843821
32603481	0.0115121201899165
32603580	0.000732174711172514
32608171	0.000443203795517004
32608291	0.00051765528577714
32608550	0.00080409142823545
32608560	0.00229949349871046
32609240	0.000991538377350125
32610740	0.00709218757540054
32610801	0.000433091425950862
32611000	0.00237229118411297
32613121	0.000509970552260883
32614111	0.000409391231561721
32614180	0.000557235459254035
32616540	0.000325502720878151
32617421	0.0201298955537673
32618760	0.00155140694334518
32619000	0.000870905384975191
32619901	0.000331961728652834
32619970	0.009398112783865
32620441	0.00119482266186719
32620520	0.000186048251411796
32621070	0.000399967157048966
32624530	0.000606838670699592
32624841	0.0139424060461956
32625391	0.0508595532584506
32625930	0.000364988619725739
32627751	0.00257616583714468
32631550	0.00241879268760436
32634880	0.00133190896012695
32634890	0.00628458431215575
32635310	0.0262219432688327
32635601	0.00536385455414752
32636441	0.00189829860116418
32636820	0.00293309213051328
32636851	0.00175320406805091
32638460	0.00032118204152793
32639040	0.0060746897633127
32639211	0.0165343817764745
32639570	0.000376619409787529
32640650	0.000256595368627813
32640680	0.00152171078696046
32641110	0.000292581605267272
32641141	0.000640284889126049
32641490	0.034172502149274
32642610	0.000251479939924228
32644431	0.00263059154562881
32644981	0.000840945553287862
32645411	0.00204272676660975
32645951	0.0027094730953498
32646911	0.000705554190342895
32649070	0.00229367482504397
32649080	0.0523569099686666
32649121	0.00506602748998049
32649790	0.000238847901180207
32649900	0.000286953923348037
32650070	0.000333384872740587
32653360	0.311930981043819
32654170	0.00636016742255394
32654200	0.00057717970718459
32657760	0.000426495859116717
32658620	0.000348019770346347
32660021	0.000251464808238862
32663751	0.0298205928065679
32664151	0.0359178106899123
32666030	0.0184646276791178
32666340	0.000514180350986035
32669001	0.00296795745976494
32669770	0.000413833727722776
32669801	0.000618697683023817
32671881	0.0056664454176381
32672701	0.00230536679089112
32673770	0.00566858862355293
32673780	0.000556149389353612
32673920	0.00475424670133602
32675051	0.000373192805331382
32675420	0.000666744129019107
32680660	0.00456571684165615
32680721	0.000304717036072972
32680790	0.0014310335379993
32683611	0.000457441668272716
32684510	0.0797440432563678
32684861	0.00439753041742714
32685350	0.000100264550681547
32685900	0.0206335099989061
32686221	0.000557696393917786
32686361	0.000235748046488686
32686631	0.00120989297869388
32687030	0.00124313581617709
32687710	0.000717524689325014
32689770	0.0314825958989899
32690781	0.00121407897202296
32691270	0.000348057393031551
32692281	0.00337041324306977
32692441	0.00852186270127442
32693080	0.000506824943240757
32693391	0.000611827352799526
32697661	0.000515620933442462
32698440	0.000333645727276326
32699020	0.000399995111531651
32699580	0.00051984833362175
32699601	0.000409862165165355
32700571	0.0397838635244456
32701261	0.00216113919214033
32702610	0.0089099968075389
32702750	0.00889819378631651
32703321	0.000730334813012256
32703990	0.00032946447774044
32704031	0.00151385577926282
32706330	0.000345697302296087
32707471	0.00338367230636228
32711400	0.00503743656627308
32712940	0.00358486615920795
32713681	0.000322923542422977
32714160	0.0101888829509315
32718320	0.00256813889980736
32718330	0.000766497499603868
32719140	0.0151850610824096
32723270	0.000950792374982711
32723591	0.00376989444520093
32724230	0.00234404324468221
32725370	0.00957553402117649
32728790	0.00111610776381742
32728820	0.00681948755986974
32730081	0.0001005722228973
32730901	9.44386604703538e-05
32731611	0.000974926610949069
32731720	0.0883872091841019
32735280	0.000620642501822175
32736281	0.000760494792420353
32738860	0.00562749180550094
32739031	0.000370268140449184
32739300	0.00212747511591596
32739970	0.00133783736309004
32740130	0.00505121333907922
32741350	0.000259826934112431
32742491	0.000394246134402964
32744270	0.000346116929177395
32744431	0.0163459583995419
32744660	0.000839279634519806
32744820	0.000457728598128058
32745920	0.00112495837749298
32747140	0.00248861262288111
32748281	0.00530324351893425
32749220	0.00209318636138937
32749251	0.0020826942502429
32749330	0.0175610930680746
32750040	0.00160318592566043
32750231	0.00420932529865155
32753890	0.00642351710599802
32754610	0.00042555504895052
32755031	0.00194515710144657
32755471	0.000390308364357025
32755550	0.0115793648912838
32755611	0.00165179962439189
32757340	0.0733992103523177
32759700	0.00202101920706727
32760800	0.000241697433628047
32760831	0.00160866715215742
32761651	0.00569605851284883
32762201	0.000230191064931466
32768230	0.0109473561062744
32771270	0.00301442311405359
32773470	0.000546195708171299
32776431	0.0613666941684591
32776701	0.000621134907238311
32779331	0.00479738860444318
32780411	0.000989768885268447
32780681	0.00941469550116908
32781220	0.000459789657434252
32782481	0.00082220404232351
32786190	0.000287108999479214
32786430	0.109254402021252
32786460	0.000142922860014085
32789941	0.000314841656872748
32791540	0.000232327775348478
32792800	0.00022358745506165
32793251	0.000340563448370135
32794320	0.000826359580886525
32795991	0.000849108291923034
32796520	0.000248285031262274
32797360	0.00114568597145288
32799260	0.011126032318671
32799881	0.00269529012870629
32802201	0.000457560668803218
32806751	0.00280160555089371
32807390	0.000365102537677539
32809241	0.00150199005000157
32809811	0.0325633912321707
32810020	0.00459699118158005
32812240	0.000332837843695951
32812271	0.000355533496389437
32812981	0.000330951314578412
32815420	0.00337060840799166
32818170	0.000255916744572723
32820230	0.000556159990319997
32821180	0.000186541070929177
32821531	0.0282856760403666
32821671	0.000455480941444715
32821801	0.000420726236324819
32821880	0.00667038248925154
32822751	0.00750618969819914
32823540	0.000697211502589029
32823721	0.0582166665381345
32824910	0.00182504460464329
32825511	0.060733722942145
32826061	0.000324602167605496
32826870	0.00277433409793717
32827441	0.00970262072662288
32827721	0.00245100552685853
32830071	0.00163198387733131
32831991	0.000160440439411824
32839571	0.000172756551716697
32840630	0.00365326235282032
32844230	0.000374336042945348
32845050	0.00230974389575982
32845641	0.0067015204545736
32845791	0.00133608474803736
32848350	0.00032291327527111
32848561	0.000261549829564175
32849501	0.0309056856569495
32850071	0.00142243458961044
32852920	0.000636641574422394
32855550	0.0144364517104891
32855871	0.00183739819723386
32856701	0.001307646035231
32858460	8.74252243156195e-05
32859021	0.000816429722817993
32860360	0.0104960808676631
32862071	0.0726588741549554
32863540	0.000561421793266483
32865231	0.000553293515686646
32865630	0.00147107002425502
32865770	0.0133468474086063
32867810	0.000495585640890839
32867861	0.00869039421879592
32868411	0.00248892556121135
32870081	0.00188199568672589
32870450	0.00737470290831508
32871410	0.000767816913377547
32871731	0.00242658496171697
32873770	0.0169071480972936
32875291	0.000347118894313045
32875981	0.00220849270599551
32876080	0.00307523158259966
32876350	0.000184217702715828
32881070	0.00404602297042332
32883560	0.00236435160065415
32884001	0.00219925721622663
32884350	0.00205808738401462
32884800	0.000405173103752642
32885801	0.000139558950692513
32887970	0.0128916050952753
32889870	0.0119926522851928
32894901	0.0110041039688894
32896070	0.000512180915639622
32896380	0.000435869601611624
32898290	0.00255452239376124
32898621	0.000309900926504452
32899000	0.00168084039835587
32899400	0.000269606399965664
32899800	0.0057724038440635
32900900	0.000331460434620058
32904121	0.00235585107558095
32905381	0.00448457692403396
32906450	0.00669675768730596
32906491	0.00252663572516567
32908240	0.0223175531429426
32908480	0.000311286723592437
32911260	0.00157390425149041
32917050	0.000825354129190592
32923100	0.00123175232194603
32924900	0.000407286535852074
32925641	0.000497011303058478
32925791	0.00323544150824621
32926601	0.137315213588865
32929310	0.0235110987986943
32931670	0.000290233664911277
32932681	0.00365350190741556
32932910	0.00028737713088086
32935250	0.00183931394810007
32935581	0.00198649197721072
32936240	0.00050389685613152
32936380	0.00174908822267519
32937521	0.000374646073380676
32938270	0.00020865926312964
32938621	0.000205110482201109
32939171	0.000315297218685021
32939270	0.000463584935773685
32942290	0.0168729533441827
32942700	0.00134885006701609
32942761	0.000385240144015261
32947800	0.00035971774359221
32948360	0.0157909737498887
32948411	0.00035725375566784
32949470	0.000377185198750605
32950580	0.00449461434777388
32953651	0.00202070394250142
32954820	0.00285376484485731
32956240	0.00266158127656251
32956510	0.000382459055304374
32960001	0.000342198688765373
32962830	0.000270655305952022
32963851	0.000307673554086216
32965931	0.000384448114636791
32966030	0.00883354565095918
32968001	0.000570063256783968
32969760	0.000849234927450321
32971561	0.00186979610529854
32972210	0.0148235013260472
32973580	0.000894675936208605
32975380	0.000232605332159429
32975540	0.00296887696206964
32978010	0.000957508465271254
32978201	0.0182843050826704
32979250	0.0302690692864177
32979370	0.00161029596932021
32979421	0.000811541430490199
32980070	0.0138396052688784
32981491	0.0003195676315587
32984360	0.00096143000039449
32985580	0.000569487430864282
32987250	0.000251548897078759
32987410	0.000207498906873058
32988360	0.00460230898248161
32988521	0.00028393156767428
32989361	0.00107848009845836
32990400	0.000199074924984928
32990840	0.000610509091948174
32991240	0.000395743795559187
32991691	0.00107848370976731
32994891	0.000349259816995352
32994970	0.000524119867318834
32995130	0.000244001713100278
32995141	0.000186831457509213
32995400	0.000812891088685298
32995721	0.00155045935308743
32996521	0.00236992361659482
32997071	0.000654111139805772
32998400	0.000536006199576296
32998591	0.00608356603957537
32999370	0.00611637866144699
33000060	0.000371504302212387
33000360	0.00463808411181511
33000780	0.000202666442085384
33002710	0.00771834791751662
33003151	0.00336131630251331
33004941	0.000359891018406265
33005030	0.00032482056109276
33005040	0.000445202299188656
33005190	0.00022876165394063
33010030	0.000539597290651147
33010680	0.00361497609971693
33011130	0.00245629885688603
33011441	0.000474665495359601
33012090	0.000431145833020814
33012630	0.000389073184952559
33014130	0.000787456582442825
33014191	0.00026264432001613
33014550	0.00600089189748083
33014950	0.000239619682389597
33017050	0.00673523241169231
33018720	0.000477714361474925
33020121	0.000925481030755548
33022440	0.00282524203574927
33023991	0.000459123937295001
33025221	0.000528733831661253
33027551	0.000260269978081193
33028251	0.00488086936958815
33029320	0.000753971294051753
33030290	0.000998120574538027
33030960	0.101303574837711
33032230	0.00031301474902282
33032330	0.0246907240934731
33032360	0.000219127555731502
33034191	0.000347580045017899
33034700	0.000162926576773499
33035260	0.629821125373363
33038031	0.00042400547258666
33038150	0.00668701235153957
33040931	0.00068899101253019
33041781	0.000951453117014342
33042850	0.00677147305084449
33043841	0.000366304247121346
33044401	0.00188397596647249
33045180	0.0133367103238322
33045330	0.00949831415319559
33048910	0.000267994709369929
33052200	0.0004412104353509
33052251	0.00625820153989559
33053201	0.00883547624366625
33054120	0.0105905288436823
33056610	0.000449663456123836
33056620	0.000233257098538883
33057460	0.000287079048629434
33060910	0.00386046033782222
33061170	0.000388202551942576
33061330	0.000364201766393412
33063100	0.0633737272465828
33063800	0.00297975751734433
33069621	0.00065828846896134
33073040	0.000323752962754971
33074970	0.0029477176955916
33080121	0.0020860958616887
33080230	0.00907113315358642
33080750	0.00891956697618322
33082690	0.059078111888764
33085570	0.000536026127269248
33086540	0.0012707631076916
33087500	0.000463842213519671
33090181	0.000257293960910583
33091530	0.00465079267883355
33094581	0.00124107347581196
33096231	0.00012564534413831
33097840	0.000298390119984995
33102530	0.000185933392527527
33103011	0.00223810712594731
33103821	0.00031241985403782
33103841	0.000179051481555352
33106191	0.00095956015795565
33108890	0.000977468990250972
33110280	0.000201599389692809
33110581	0.000853920862454613
33111360	0.000935469512276239
33115971	0.0106615382532039
33122051	0.0148700003868844
33127360	0.0137207549977376
33128360	0.00849393176827075
33128740	0.00143665439261671
33129570	0.00930261385235226
33139100	0.000412969256945303
33139261	0.00168165227230008
33143011	0.000833467516899149
33144231	0.0055076914470774
33156251	0.00253492256506402
33157450	0.0205173812983379
33159530	0.0121039257887918
33160641	0.0100940656193455
33161830	0.000983842322860728
33166690	0.00179717855218943
33169211	0.000375878472735732
33170530	0.0636332939171076
33171510	0.0054725878356357
33171811	0.00679872529249026
33172320	0.000656532718253355
33172750	0.000373219360125937
33180350	0.00435400519127705
33181341	0.000601924289797573
33181870	0.00391962763083473
33183510	0.00453438201315995
33184111	0.00274007212874648
33184231	0.00756996101461153
33184941	0.0262914719627733
33185170	0.000648530442318025
33186021	0.00108529224866957
33187490	0.00030144640513801
33188371	0.000539589257001107
33189730	0.00256556830712327
33191100	0.00295756625458791
33192610	0.000278908635868936
33197690	0.000190106192494444
33198581	0.000497898118441886
33199110	0.000350171572123039
33199131	0.188594427452226
33202660	0.000550318982218956
33204180	0.0810010823250452
33204371	0.00123119147206758
33205901	0.00226787253647217
33205980	0.000317980736007519
33208750	0.000388967628760073
33208911	0.000723614130597311
33209010	0.000272811410826179
33211920	0.0418551123311261
33212900	0.000386215937349807
33213420	0.000314647679092214
33215070	0.0411162313814528
33216480	0.000656967844557541
33217550	0.00240715062777107
33219910	0.00830315369922448
33222031	0.00704153396602689
33223070	0.114016665586742
33223391	0.00144117946978387
33225481	0.000323214786345479
33225700	0.0156975100292044
33225830	0.000130952172612459
33226120	0.000329003510373429
33227951	0.0378039343224045
33229071	0.00472763564272891
33229300	0.00258275256962566
33230011	0.00133575620444657
33230161	0.00335618560102964
33230510	0.000236959099146304
33230520	0.000302237526760723
33239380	0.00387296665060031
33242940	0.00221805112041346
33244460	0.121385341350717
33245850	0.0284434124273774
33248381	0.00243682257543708
33249410	0.00608697689742555
33251961	0.000323114714370669
33257290	0.000175764207699411
33257611	0.00621753791142751
33257891	0.00020095654276505
33258981	0.00153439415146211
33258991	0.00131714449072038
33261020	0.00263853285440992
33262920	0.00281130954621017
33264190	0.000425064547682504
33264730	0.066706847095221
33264870	0.000981474825230528
33264880	0.00574327198705974
33264931	0.000292206903203527
33266390	0.000270520953321703
33268620	0.0179460069271685
33268730	0.000679481658261244
33268890	0.000666349767522414
33268911	0.00244024074170651
33269321	0.00455392531420314
33271610	0.000367762165889714
33272070	0.0331643941109931
33273570	0.00310514853711546
33274100	0.00197710727434495
33276511	0.000193208036593045
33276761	0.000289406164106358
33277341	0.10521411798236
33278110	0.000246030356593825
33279271	0.00142383288717311
33279500	0.00321848523408874
33281280	0.00253602714818223
33282090	0.000535455128946226
33282130	0.000435695230004726
33283060	0.00549203617436701
33283381	0.00586781473043202
33283750	0.00433993755739032
33284710	0.010617644093608
33284750	0.00834566979044389
33284901	0.00287117751736336
33285881	0.104396859269307
33286031	0.000176828105046179
33291610	0.00572960485469529
33292030	0.00431943024013297
33292651	0.000934464016298136
33293321	0.000916173801275545
33294540	0.0110750988169976
33296371	0.00141296563358292
33296590	0.000250684380288567
33296621	0.106335892697569
33296880	0.000212145307140784
33297061	0.01163388102
33297300	0.000326693730403852
33299900	0.00266259533913225
33299920	0.00413101236343917
33300610	0.000266834225220836
33300631	0.000276049252729951
33301601	0.000296908115502005
33303821	0.00400037059528583
33305830	0.000596226200210081
33307941	0.000345265961017281
33309741	0.0198622088421204
33310540	0.00129448563757743
33311330	0.00782437780556787
33311370	0.000159230313767796
33311661	0.00421457787912332
33312060	0.00220306512049419
33314141	0.000590332225153485
33314380	0.0027573467380901
33317601	0.000391043798353494
33318141	0.000939064340139872
33318660	0.000379220952502012
33321731	0.059159664880799
33321881	0.00030814781142294
33323770	0.00111123358721737
33325601	0.0220007311117906
33325611	0.000284213533444321
33332430	0.0106282863499026
33332730	0.00298735840254992
33335470	0.000221804056373996
33343661	0.0279829977735868
33344190	0.00333706594505315
33344580	0.0963545569727139
33346260	0.000860538626798627
33346701	0.000401450179538819
33346841	0.000493472880784579
33347531	0.000669084283214091
33348980	0.000460875104279972
33349331	0.00259261872919899
33349430	0.0818245693303345
33350110	0.089151653856622
33350271	0.00706996929003326
33350510	0.000322135084329886
33350950	0.000227291659061456
33351111	0.000733246024079814
33352860	0.000933290481546402
33359101	0.00121865828251448
33360150	0.0181448134822372
33360501	0.00180275863820926
33361311	0.0243852821049855
33362090	0.0152742446781749
33363340	0.0132091757765799
33364221	0.0113513154643221
33369171	0.000843397652462733
33369570	0.000264828167362476
33370961	0.00551745677723258
33371531	0.00154975514858939
33372901	0.000428173748625804
33375750	0.000130536418710223
33378090	0.000223962733277604
33378110	0.000822421148691527
33378711	0.000301485601294971
33378910	0.000310812144729491
33380170	0.112932182109995
33382141	0.000225922701008318
33382541	0.000221526535758208
33385810	0.00190507618834797
33386291	0.000391488112550388
33387661	0.000264533526469643
33388481	0.000183488183966939
33393171	0.000315909086117871
33396061	0.00430797656896091
33397451	0.00855445236976168
33398500	0.00053511753062791
33400590	0.000857319083315271
33401301	0.000940011200905797
33402260	0.000333941473169997
33403910	0.000610703836952524
33405810	0.000618409004503765
33407921	0.00102908700669146
33408040	0.000316030874837883
33408980	0.000499811034983866
33409000	0.00187377879775771
33409670	0.000282934338189508
33410281	0.00275066203580037
33410831	0.000490436025027251
33413601	0.0138631323617571
33416440	0.0361927896919776
33418240	0.000349714503003099
33418370	0.000264580988162064
33418670	0.0012425660549907
33419500	0.00363007936763022
33419880	0.00239931421846286
33419941	0.000339586278621181
33422831	0.00626454892365596
33423180	0.000263787773170265
33423801	0.00260517668551023
33424331	0.000417384964941955
33425140	0.000203069611883792
33425851	0.000302645949492766
33426530	0.000889066622301871
33428191	0.000573115369039846
33428840	0.00088760106392885
33428881	0.095516324257823
33431880	0.000119431793842561
33432010	0.000293393689745572
33432850	0.034005028825184
33432860	0.00036793341554472
33433280	0.00101281920182235
33434011	0.000698663777707932
33434350	0.00467544479541552
33435730	0.00037490885305915
33436040	0.00126826263960887
33437601	0.000408238889778788
33438360	0.000615364041736592
33439101	0.00162253889046068
33440061	0.0135856880300057
33440191	0.000346484040701919
33441171	0.00295058379247799
33441530	0.00537432801434119
33442350	0.000789971549602223
33443760	0.00986417596181739
33443781	0.00309861738856339
33443921	0.00138351052749671
33448460	0.000287813342289241
33449830	0.00095692499745757
33449871	0.000713353952601661
33451490	0.000414738480648931
33451641	0.000993534786294383
33452211	0.0840684486458969
33452300	0.000239832246550613
33453000	0.000259597437692004
33453431	0.169299352199079
33453711	0.000598569028219874
33455910	0.00188274143468622
33457171	0.00134963837427723
33457940	0.000672158784691312
33460631	0.000480408261020816
33462281	0.000311993382315282
33465301	0.0450696192171994
33465670	0.000905718252102116
33467080	0.0398304116228943
33467740	0.00037568757009476
33468280	0.0168851968238417
33471310	0.000310543182005204
33473260	0.000284355011495684
33475101	0.0173808949575851
33476030	0.0615809979861066
33476761	0.00645305355361548
33479170	0.000792291391061026
33482281	0.000548725292629522
33482360	0.00418242991784547
33485280	0.000306784107985993
33489250	0.00166415733981857
33490900	0.00417467189073188
33491610	0.000203249079807868
33492030	0.00125519247461685
33492420	0.00780835135938829
33497140	0.00419425121321407
33497530	0.00707946220197002
33497591	0.000279929924843556
33501420	0.00130841666452116
33503030	0.00281223359056819
33504621	0.00966137808277878
33508010	0.00138282598630196
33509011	0.000738802944205192
33511221	0.000693363010056189
33513000	0.000437387726100607
33514760	0.00307893197138983
33515460	0.000654574697543306
33516621	0.000481292275871834
33518660	0.00309380601419389
33520440	0.00423155045230125
33521390	0.00674629520815316
33521451	0.000509674551581719
33522230	0.000175782277731727
33524700	0.000658317394997563
33525970	0.000857963977834152
33527511	0.00529274440700454
33528960	0.00141198822583377
33530121	0.000490794164050381
33530541	0.00523704373817802
33532061	0.00135868757260173
33533110	0.00153065268478549
33535310	0.00176929772629936
33536000	0.000261365729216778
33536290	0.000401897458050551
33536611	0.000307575277751193
33537380	0.00202246419778689
33537561	0.000218458561890263
33538671	0.00168997476399344
33539241	0.00393199145170964
33539620	0.00034221004550667
33542890	0.000326864356270745
33546770	0.010265892902485
33547340	0.0103641427556724
33547720	0.000426299283608199
33548280	0.00110308263699748
33549530	0.000795393011875989
33549721	0.0031827807037467
33550100	0.000261560739971554
33550111	0.045547527788543
33553431	0.0273198917243965
33554100	0.000197587966049377
33555651	0.00092897671196709
33556450	0.000268106773377603
33559870	0.000707054664626564
33561810	0.0115469893373924
33565120	0.00116147666374688
33567720	0.00110916917329537
33568290	0.000233847941190372
33568550	0.000192609001200316
33569270	0.0282627986692669
33570261	0.00111378191174582
33571200	0.000362799512525377
33572731	0.00448751083630757
33575921	0.000674593558045489
33576010	0.000470722355066986
33576850	0.000299328332468892
33577270	0.00151792483317494
33577920	0.00554415896450047
33579860	0.00154010476893311
33580270	0.000158224562680365
33581141	0.00243674226776644
33586131	0.0137992058066237
33587631	0.000417692803796338
33593780	0.00145254021532512
33593930	0.00029804532551156
33594931	0.133967893080904
33595340	0.0003742841944326
33597660	0.00523212874529172
33597851	0.00164805273314397
33602500	0.000586091841221546
33602770	0.000321196072745106
33604000	0.000221054788724477
33606101	0.000582466847842402
33606681	0.000343494854707716
33607570	0.000333126434707533
33609370	0.000240208447077587
33609380	0.000337541744112293
33618470	0.000635833816645885
33618780	0.000711890767313617
33619091	0.000371769141555752
33619580	0.000328976741123322
33620191	0.000641323799461158
33621161	0.0154937190291228
33624741	0.36218873712786
33624751	0.000302945859052647
33625291	0.000474582596892612
33625780	0.000883876585709552
33626050	0.00196917635702616
33626070	0.00500382998006464
33628451	0.000412479515566471
33629360	0.000547644231752568
33630090	0.029405319762632
33631091	0.0435710369191255
33631921	0.00186522531845669
33633301	0.000299987228320834
33633431	0.0016508486826788
33636721	0.000267908924802284
33637680	0.000282584156631012
33639740	0.00112748874648665
33640311	0.000281935438819108
33641701	0.00113897575493518
33642370	0.000696411670601384
33644140	0.00048804665524845
33644181	0.0482136519746133
33644300	0.000205951938303067
33645001	0.00104354032691314
33645660	0.000706114485965449
33645920	0.00120851417068757
33646111	0.000444218125979651
33648140	0.000328132427524584
33650880	0.00172418015393581
33653640	0.0117108848159543
33654910	0.00261515485224538
33655481	0.000274405465279071
33657800	0.000553096466659874
33658070	0.00833922082638566
33658261	0.608642802459777
33658401	0.000177118087847437
33659170	0.000309037271871281
33659290	0.00030363193420966
33661110	0.00336907337028409
33661390	0.000263061065132365
33661510	0.0121371746409984
33662050	0.00188952014348857
33662340	0.000268117150383234
33663621	0.000585835718467021
33664321	0.0994830153798532
33666620	0.000690124425996581
33667290	0.0016320373209074
33672461	0.000311916639752503
33672950	0.000315537017700558
33673360	0.0140576414700129
33673400	0.000452229160734666
33674330	0.0349251884679847
33676311	0.00129608430483355
33679180	0.000252963071815171
33681281	0.00158625171972793
33685411	0.0520167131127063
33685541	0.000343837199231175
33686070	0.00166144953705234
33686210	0.00206664915858681
33686381	0.000245461986032148
33687430	0.00268918840499826
33687631	0.0182815485761599
33689770	0.000646595946319177
33689790	0.00287534968214943
33691290	0.00293042100094267
33691330	0.00155822644377169
33692700	0.000387693276969921
33694101	0.000236811705520405
33694210	0.00141244101082804
33694640	0.055971651501698
33696250	0.000393155871543448
33697561	0.0255484442699843
33699081	0.00071255902494552
33699201	0.00378095119034392
33699870	0.506460172744731
33699911	0.0014060112514953
33702880	0.000856503810966471
33705670	0.00197184832015282
33707771	0.000277739106327677
33708731	0.00143846406344411
33710360	0.00601237841389479
33710470	0.00301439436192359
33711071	0.000133745174066648
33716731	0.0191012863639614
33724980	0.00397096889958756
33725691	0.00106113602325551
33727870	0.000707538071964233
33729380	0.00052691795083452
33729510	0.00122601158239532
33729821	0.000404048281805331
33732970	0.018499547527669
33733350	0.000765095643916107
33733650	0.00291728134811152
33733770	0.00282959149173505
33734791	0.000303841893754816
33736431	0.00541755853558356
33749691	0.027224434034166
33750470	0.00106977986504891
33754361	0.00911087752914687
33754801	0.00111343460358453
33762620	0.000505332260281453
33762781	0.0468386768098652
33763341	0.000400428161592722
33768451	0.00144076950460803
33769370	0.00132332394807526
33770320	0.0111150604855555
33770740	0.000552452106773679
33773961	0.000350879311260603
33777800	0.0164599840855462
33782190	0.00993017796433939
33782310	0.000201824633592424
33783010	0.0208907332523501
33783051	0.00551918778949845
33784530	0.00107405478184999
33784991	0.00152070219486286
33786860	0.00126311896917656
33787140	0.0142431193105462
33788100	0.281558658102259
33796571	0.00526403919334821
33799191	0.0186154001250285
33801671	0.000994679726269563
33805070	0.00147448353591769
33808960	0.000345441674432343
33812130	0.000303323658651884
33818750	0.00937544483816601
33819700	0.0589126886212143
33819761	0.00750971374462462
33820400	0.00336997569054962
33823160	0.00453607493441847
33823690	0.00221298565716912
33824280	0.000280099208101813
33828120	0.00137372516501496
33828550	0.00150078734195545
33828660	0.0502551592840532
33835300	0.00048712755943552
33843550	0.00103335697100549
33844851	0.000268465731535524
33844861	0.00164092348709043
33847550	0.000346834450356947
33848301	0.000282474157500733
33848810	0.00115155104361826
33848861	0.000461008036383661
33849630	0.000390245504625348
33851560	0.000364862186236342
33852680	0.00167650303575377
33854241	0.000806608782583472
33855201	0.00058521151599224
33855270	0.0206337123506019
33855850	0.00212990454752214
33859280	0.00227033229173859
33862211	0.0246705680062766
33863000	0.000320125462963784
33863601	0.000303366171772114
33864800	0.000926382378907963
33866720	0.000275366769347567
33871341	0.00415706253817431
33871720	0.000404942404306619
33872370	0.00357335841186167
33873500	0.0180451741759116
33879130	0.00347767391344239
33883191	0.000296552907987617
33884230	0.000263819521728034
33885681	0.00198230511570471
33886450	0.00897622013684767
33888841	0.000249113102410595
33889350	0.000320847204023348
33889620	0.000845190744991986
33890040	0.000326311190480445
33890850	0.00315655134709453
33891700	0.000200114621419103
33891850	0.00416695459217848
33893650	0.000237721947864837
33894211	0.000442464715463759
33899290	0.00088480215513499
33900571	0.00234441217244838
33904250	0.000322446902085949
33905780	0.00025433853580602
33906211	0.000729958247801249
33906761	0.00037766413084647
33907451	0.00376204512573001
33907550	0.0021314912908535
33910211	0.000337201870778004
33912001	0.000485928077843863
33912400	0.00106096621385359
33916961	0.000614999854580948
33920431	0.000250771863225105
33920920	0.000463903671378114
33923810	0.000537026748107542
33926880	0.00251213827615381
33928660	0.000541254327593353
33928711	0.0022364673572209
33929251	0.00637505054188233
33930310	0.0129342751903207
33935031	0.000863204695531398
33936421	0.00157890948539387
33938600	0.013576021677142
33941101	0.000439070190110079
33942450	0.00110454647189826
33943690	0.000358395298891995
33946730	0.00227515045411673
33948800	0.00255491520311466
33949760	0.000333102734332025
33952821	0.00158009185419526
33961350	0.0150572841747377
33963031	0.00130644998846725
33963280	0.000280127589415468
33963861	0.00711723363583992
33965640	0.00023562301416809
33965770	0.00140566308122766
33966740	0.00012155080733656
33968370	0.0529169143866748
33969740	0.00344819817916066
33971260	0.00888994927029413
33971420	0.000483713683777416
33972520	0.00509190506705938
33972930	0.0013679990145345
33973330	0.000320054175071522
33974061	0.000343325649966649
33976650	0.000306271783942812
33977180	0.000467783562783667
33979591	0.000152767852608143
33979991	0.000504201418720671
33982980	0.000297675416440414
33985391	0.000369732006958717
33986751	0.0137923519468664
33987410	0.000457174770587609
33988360	0.373154957299631
33988670	0.00346039935810914
33989651	0.000350697003336924
33990850	0.016639510115735
33990870	0.000248766465329271
33991700	0.00300616599479463
33992681	0.000208876448558244
33993460	0.000256116432737934
33997101	0.00312497231400475
33997900	0.00183226188810784
33997941	0.000189488351943502
33998580	0.000144034701042839
33999810	0.000581438911899898
34003871	0.000533788660390779
34006980	0.00735797604564989
34007130	0.000873969966445861
34008821	0.0264730116203994
34008951	0.000287513568703933
34010050	0.000373501576856981
34011830	0.0164592300815341
34012421	0.0464305246808623
34013791	0.000111817495029237
34015120	0.000252694822227843
34015321	0.00190708002121393
34019010	0.000201302790895528
34019150	0.000410901593805054
34020961	0.000904271157696269
34020971	0.00161600083441582
34021040	0.000283303031035147
34024401	0.0168952823512904
34025350	0.000522179750986831
34025781	0.000385539905294959
34027950	0.000291849414477765
34030351	0.00148787945421422
34031970	0.00285448305141983
34031991	0.000222482191648644
34032271	0.00313472903749556
34034460	0.00152830761296514
34035550	0.0012779776559142
34035970	0.00726488036128698
34036210	0.000413658982075287
34037080	0.00288998886300369
34039550	0.00243645553054335
34039690	0.000581819659634297
34045661	0.00128954564367744
34047960	0.0180899957476975
34048250	0.000124594422420591
34050310	0.00851645249233559
34050440	0.0107439810092561
34051000	0.00050222874083151
34051120	0.000314057070524459
34051800	0.00628469981297562
34051940	0.0187863833910157
34053750	0.00397759537947547
34054191	0.000636775660067651
34055721	0.000275664134703636
34056121	0.000306089093074563
34058690	0.00548691060783128
34059441	0.0166169885553923
34059800	0.00114594640037385
34060640	0.000676227412601352
34062611	0.000363639059514663
34064541	0.0118279806105321
34067161	0.000399683584171668
34071810	0.00304582219761204
34073771	0.000293740685540098
34075041	0.008163321674538
34076121	0.00829684719895789
34076760	0.000851759541707599
34077070	0.00355884844452722
34077890	0.00285422496261634
34077900	0.00125801336042525
34078751	0.091235508478288
34080250	0.708283157301352
34081600	0.00312456512330634
34082881	0.000321908266990886
34083270	0.00029002112627518
34084930	0.00216310825684214
34088080	0.000311983869997625
34088691	0.000352285116975349
34094191	0.00220473154900867
34094901	0.00949691706090089
34096531	0.000533381766954504
34096551	0.00097815511512737
34097740	0.00611037319677526
34097760	0.0107826366640518
34098601	0.000391334669157863
34099711	0.00300928615443994
34100240	0.000224192618363353
34100821	0.00105860899063741
34100961	0.000445203208049246
34101070	0.000154371950973575
34101231	0.0327923900876929
34102061	0.000313223312852233
34103130	0.00135140004337831
34105200	0.000795557829802539
34106461	0.0231690982707589
34106560	0.000263278183870296
34106840	0.0101944973377447
34108370	0.000334855651367299
34110030	0.00083461026683973
34110410	0.0114535039014868
34110830	0.000940291400870808
34111301	0.000653007245913739
34113730	0.000331294153830554
34115280	0.00364921934400999
34115581	0.0159215865067016
34116691	0.0184552158807933
34116801	0.00302350317292039
34117651	0.00500262980672345
34119421	0.00178585414312738
34122191	0.00111181956545269
34123240	0.000223780467094598
34124380	0.001020201117582
34124391	0.00357150882657484
34124941	0.00296449110665772
34126140	0.000403545044500991
34127011	0.000191166187576251
34127431	0.000734857626491759
34127820	0.0051248315702034
34129381	0.012508813526656
34131680	0.000359554034656065
34137070	0.000445132601512611
34137371	0.0130771252874906
34141860	0.000550195363376297
34142420	0.00215287870123879
34142560	0.00220462148531185
34142621	0.00161953029755315
34143151	0.007596923501718
34143370	0.00506004124637161
34143431	0.000451617709471687
34143851	0.00285414411219359
34145200	0.00360445070273084
34146440	0.00195417199939253
34148210	0.000940673900863169
34149060	0.000393025344868466
34150041	0.00154158230553876
34150840	0.00351174323451401
34160111	0.000361627132883066
34165020	0.00717467002980199
34165491	0.000144159797456922
34166270	0.000473184347648061
34167390	0.000265601814980838
34167581	0.000474479789783673
34168200	0.00136485897127732
34169071	0.000251641209290628
34169621	0.000288847555919126
34170611	0.000377109866973279
34171011	0.00215016052767009
34174000	0.0205398815198505
34175090	0.000426141855519776
34177160	0.00157675502517808
34178191	0.000319196925417742
34179270	0.00321881852619948
34179510	0.000255980637092771
34179930	0.00102936154445861
34180330	0.0019657022494913
34180490	0.000264012716112846
34180640	0.000574511641795364
34181300	0.0306726697515547
34182440	0.0032112349346998
34183240	0.000202919809232327
34184271	0.000347029033159235
34184681	0.0003186292593107
34184931	0.000243639944504151
34185060	0.000373061261504903
34186051	0.000247642912007672
34188080	0.00131763287517098
34189440	0.000402987360624907
34192060	0.00304497910593897
34192791	0.00109870190143024
34193740	0.000348966233232312
34194160	0.000819012158770306
34194550	0.000310815701354893
34197330	0.000313571333217924
34199510	0.00029928986033254
34199551	0.0113481034681918
34199571	0.000974524328504005
34200340	0.000986418095898657
34200630	0.00193096373818394
34201631	0.000176372183104052
34202871	0.00854675755422347
34203100	0.0114178724982003
34206260	0.00104008111977183
34206591	0.000803189971071719
34207540	0.0010191970015749
34210540	0.000351731621438205
34212510	0.00467675905908592
34212630	0.000193604898507836
34212770	0.012439907886005
34213771	0.00257425146873265
34214041	0.000433889805458333
34214181	0.00123392544963225
34215151	0.00027843344119663
34216350	0.026247282404168
34217880	0.000325328461463344
34220230	0.002353357923463
34221590	0.0425592569944843
34222270	0.000660724394617707
34222550	0.00420319930132234
34223841	0.000796442445088988
34225980	0.00059097012449518
34228610	0.000345979998001634
34238810	0.000263633310151645
34239240	0.0061329323575298
34239691	0.00116074351201958
34240070	0.011362402391389
34242530	0.00112531129145381
34243100	0.000364682615143977
34244101	0.000595222726729159
34244490	0.00406197527535266
34245631	0.000372055676260126
34246721	0.000626141186950008
34248210	0.000816918115938649
34248220	0.00129121581519032
34251400	0.00208573838004455
34254331	0.00155495077752958
34256531	0.000434375375285574
34260070	0.000331145993755571
34260630	0.000201373366418457
34261040	0.0244077975639553
34263961	0.0244526777391466
34271011	0.000407460995571368
34271810	0.000351544870410191
34271971	0.00031337981921151
34272050	0.000283251284761748
34272111	0.0128379280062115
34273590	0.00233015796762836
34275841	0.00180618882811321
34278171	0.000406314840511344
34279151	0.0234665636118784
34280880	0.00536809626036654
34281190	0.00211682841172124
34281870	0.00106095480000432
34283271	0.000450023435986131
34284890	0.000436587081328626
34286441	0.0181791389597181
34287841	0.0337729098633919
34288760	0.00105009927936804
34289211	0.000419622701281907
34290731	0.00451829116211287
34291011	0.000236891672392104
34291100	0.00030818996983167
34291220	0.00710110403904065
34292651	0.0058563046114372
34293850	0.0137604967127897
34294311	0.0301238790127529
34296490	0.000401120888672551
34297341	0.224314140005553
34300610	0.000268879687913027
34301341	0.000347003675245737
34302970	0.00230380897898236
34304470	0.000494455043331529
34306110	0.00155569960322946
34307520	0.000166035683603644
34310820	0.00282693716646711
34311811	0.000350283524300236
34311841	0.00693135967559676
34316340	0.00714233928216358
34318311	0.000216797953584912
34319790	0.000700810690776546
34322520	0.0246153533488574
34323770	0.000283317854651598
34323951	0.000254653144564492
34324190	0.00307458718974712
34324921	0.0207741918140543
34325290	0.00307946705662001
34325840	0.000319718098770361
34326960	0.00189893325379201
34327401	0.0010684831736326
34327691	0.000392233434345001
34328730	0.00069032293935638
34331271	0.0268996290579763
34332900	0.000509024667505065
34334010	0.0114164874218767
34334250	0.168949510486918
34334820	0.000513406741124926
34335811	0.0126183598627353
34336241	0.000413876534984593
34336760	0.00234425999258888
34336911	0.000830932343076845
34337990	0.00600582953906885
34338871	9.65384229899778e-05
34340610	0.000498750472211599
34342140	0.000992186060134863
34343230	0.000378569243079686
34343681	0.000854397646943834
34348740	0.00198827954458344
34349000	0.000301263896823657
34349830	0.000282058014235146
34352641	0.0363255968238127
34353290	0.0142404494616397
34353320	0.000426943942435832
34353830	0.000369913415926432
34355250	0.000220575295709224
34355910	0.000263294662005912
34356340	0.000277844660917889
34356730	0.000285032435407951
34357280	0.000434759665066156
34357830	0.000534033992391574
34358830	0.000819459740230712
34359660	0.00360374695230769
34362690	0.000338621539055284
34364931	0.0433244182218708
34366110	0.0452132632862029
34366311	0.000838121034731614
34366731	0.0226079764967966
34368040	0.00655193622114572
34370820	0.00935938065124227
34370851	0.0135064272400234
34372511	0.00191483654346888
34373761	0.00986640468729053
34374000	0.000306698835417609
34374731	0.00152351846660718
34375370	0.000321246921848049
34376170	0.153858857716102
34376870	0.00623919683266934
34377331	0.00119309453449046
34377980	0.0119219416848009
34378270	0.00655932309254466
34379811	0.10688937498479
34381020	0.00237348914962877
34382960	0.000332427756130558
34383520	0.000749200901939032
34387900	0.000414142394073767
34387941	0.00507514527093639
34394260	0.000782994997580086
34394520	0.00041651281223636
34396050	0.00992359658999916
34397730	0.000517447382381487
34398711	0.000734424566461722
34400470	0.0012281671728476
34406721	0.0277580890501125
34412351	0.000231811998818591
34416610	0.00185584164232216
34417741	0.002096344244189
34423411	0.00216704625334501
34429310	0.0377025865487831
34436060	0.00474953802640607
34436860	0.0056287512301681
34440221	0.00271986744240286
34441601	0.000350567921493023
34446090	0.000969264654052669
34449191	0.00231203538486423
34453051	0.00150432344173991
34453311	0.000286969997628106
34457020	0.00222339288913139
34457270	0.0163839483443387
34463470	0.00223093682327763
34464310	0.000783048963364074
34467370	0.00132783132649202
34468590	0.000260777938358737
34469960	0.0124067228059731
34475531	0.00333299654590218
34476361	0.022169643272061
34477181	0.00644511257783776
34478510	0.0285817145031275
34484511	0.000870568542883307
34484730	0.000182741138255302
34486120	0.000563085974171133
34490301	0.0307906912589027
34491070	0.00219014080217283
34494250	0.0476101162750186
34494540	0.0098752896529658
34497601	0.00749922060721241
34497741	0.000516029745087866
34497990	0.000681868996492814
34501950	0.00121720063670353
34507330	0.000962092339492133
34510240	0.0016855403729127
34511370	0.0118743301712244
34511681	0.0516930495895112
34513300	0.000296012650982239
34514130	0.00029688034252897
34518281	0.00498799988114213
34518851	0.00037550097691621
34519230	0.00011547805018037
34523880	0.0244918512023292
34524180	0.000895609700121082
34525270	0.00117632039449168
34525710	0.00258156383467414
34527111	0.058942982987539
34527391	0.000473988932508737
34528850	0.00170726897712429
34529270	0.0346082140361366
34530660	0.00330672308635084
34530940	0.0021708672941667
34532771	0.0121981162361797
34532880	0.000411395801302706
34532901	0.00778862158670347
34534110	0.0014858308780687
34535200	0.000294683740378007
34535350	0.001132220048362
34536641	0.000395588249584864
34537840	0.000337466722608686
34538920	0.00229225669794857
34538981	0.00218650036666147
34539460	0.0016983302734557
34539951	0.0931524085515158
34540190	0.00040626562127051
34544710	0.000308509037050775
34546011	0.00622450962101686
34546370	0.000825650436152893
34548891	0.000783011986670067
34549140	0.0211260542811954
34549840	0.000779920964597206
34549970	0.000651244157801046
34552481	0.0191529924884041
34552751	0.00174639344731019
34557430	0.000327300235975264
34559531	0.0143681692338755
34560081	0.00528204649667345
34561731	0.000309454723756918
34562810	0.000344067497614255
34565161	0.0028277193794902
34565410	0.000388985539176935
34568290	0.00425080624172212
34568460	0.0003002499199875
34569680	0.000541342445999073
34570390	0.0462134749896397
34571330	0.0129067090636901
34571371	0.00041530739869069
34573270	0.00128914166558859
34574640	0.0165257810738923
34574961	0.00536806207907552
34575360	0.0088037864185435
34578431	0.000750520510144632
34579350	0.000205717473433975
34579490	0.000558179591020185
34581130	0.000273447059431566
34582240	0.000215350202943621
34582691	0.021942220372153
34585581	0.00733356553866537
34585950	0.00772491557004759
34588850	0.00409693279532766
34590520	0.000412665746655785
34595941	0.0011218740184807
34597410	0.000355930524608644
34599511	0.00419943917487802
34599921	0.000491015873757485
34600221	0.000240424826938136
34601301	0.000444242787137575
34603511	0.00808748452505591
34604860	0.0110861745911796
34605690	0.00933584632699144
34610811	0.000163505494280929
34613940	0.000233535322862669
34616580	0.0209574200126412
34616901	0.000276207169164784
34617140	0.000221568413976684
34618660	0.000221381336795597
34618770	0.000625488028006759
34623101	0.000630088608923951
34624150	0.000381420838982907
34625840	0.000319507060941932
34626131	0.00264999893187624
34626961	0.000105300910290163
34631050	0.00278093566235637
34634701	0.000256246641436825
34635600	0.000206262435670831
34636761	0.0187508492224343
34636850	0.000298377416549715
34637181	0.0304173932432967
34638131	0.000227407356004902
34638551	0.00979899108103992
34638650	0.00178612412859925
34638951	9.46122706738402e-05
34640631	0.0168439903730662
34641021	0.000953498199915621
34642831	0.00126096994711886
34644201	0.000475132821621752
34644751	0.000347953940776762
34646090	0.00243266706975219
34647101	0.037112052760188
34648280	0.0048146114231649
34650080	0.593531328087092
34652180	0.00166549780631631
34652351	0.00154594528953501
34653270	0.000245208277305873
34655101	0.000277071920643425
34655600	0.0125337603368942
34656051	0.000304816892789528
34658671	0.00143460813752906
34660020	0.000650125646749657
34660700	0.000195078454585749
34661140	0.0125625964097196
34662250	0.00230116340823535
34664180	0.000706998944729132
34665690	0.00155333390440732
34666640	0.000854249339386179
34669650	0.000277484552390126
34669970	0.00977692379244528
34669991	0.000330338559804965
34670240	0.000753366346613971
34672191	0.000238613113588962
34672420	0.00196214889741528
34676871	0.00169869756962927
34676891	0.00263230578888055
34678660	0.00102856889776968
34679330	0.000646593242296539
34681721	0.000569376094953875
34682500	0.000546098145112326
34684321	0.00158682346546561
34684601	0.00155793208903137
34685571	0.000249238529553493
34687221	0.000327880340543424
34691060	0.000290654330081396
34691750	0.122929859229079
34692290	0.000431875269928856
34694551	0.0249692257774588
34695860	0.00172200226652944
34697021	0.000400260475256454
34698480	0.000231775277966297
34701561	0.000308872484735545
34701861	0.0498759061687922
34702821	0.000411365020757137
34705960	0.000472038525963687
34710401	0.0493769050528022
34711180	0.00302533317615909
34711511	0.00035948059070837
34712481	0.0299168774790976
34714531	0.00031189144600286
34715101	0.00354997886993004
34715340	0.0566729669180787
34715600	0.000161729591107253
34716560	0.00022439242792707
34717021	0.000371585069994725
34717670	0.00645339184280899
34720331	0.0221204252576038
34721230	0.000338714266296746
34722910	0.00149067932627902
34723720	0.00307256064029587
34723890	0.00396315526452607
34724061	0.000267046002208615
34724580	0.000272647370646011
34726531	0.00284586342177923
34730910	0.000180731074946936
34731300	0.000428248376287357
34732010	0.000303673151073823
34735590	0.00114680093068798
34735761	0.0239362065174207
34735890	0.000300890623750475
34736290	0.000352415080913451
34736591	0.00778333298425357
34737670	0.00268164528401353
34737971	0.000292905666113318
34740010	0.00140780924818289
34741370	0.000763981350586266
34741940	0.000257081841755301
34742200	0.000916130826222536
34742821	0.000473872256255985
34743040	0.00103590916459103
34743060	0.00187186588407901
34744020	0.000991052148903543
34746780	0.00168763640356562
34748591	0.000220486148048574
34748970	0.0012938278631516
34751781	0.000174766139078347
34753790	0.000321197072107629
34754920	0.0224749618938876
34755450	0.000271813352419673
34755710	0.00515422554446758
34757930	0.00833365596820517
34758230	0.000416161859236897
34761301	0.00218508894753414
34763371	0.000307521241434754
34763480	0.000283194070102318
34766271	0.00274212987565087
34768311	0.00121621112096981
34770931	0.00039942256581897
34780150	0.096991205220901
34780540	0.00288691783519235
34783911	0.000419187942994832
34784690	0.0562087664630315
34784850	0.00530942811282874
34785431	0.00169286212368553
34785950	0.00205586047081104
34792331	0.000922578237598904
34792721	0.00482631913126693
34792741	0.000336015740778145
34795320	0.00396196244791612
34802070	0.000614618502585532
34802121	0.00685390015396836
34805790	0.00571832578613239
34807361	0.000545584877612276
34816051	0.0326441588737367
34819300	0.0268650935995241
34824041	0.00646189434843689
34828311	0.00018796776234904
34830760	0.00164862940120226
34836020	0.0111682209281776
34836980	0.000312230666581235
34837220	0.000796649711797839
34838740	0.00219523059999855
34838750	0.000733128638818901
34839740	0.000480316674197837
34842251	0.000606416648393722
34842760	0.000448356953599291
34844810	0.0177210022532629
34849930	0.000274793660726326
34850910	0.0145349720835717
34851761	0.00738224639168702
34853120	0.00327759194914738
34859351	0.000652147079249369
34860161	0.00562428455365467
34860840	0.000388214971037933
34863990	0.00107252483443506
34864441	0.000214918421026244
34866480	0.000579117048153103
34867361	0.00338435130332224
34868420	0.00698499972214769
34871840	0.000581923590439597
34873630	0.00532055290916687
34876851	0.00538338045341825
34877530	0.17088273024123
34881110	0.00236890757389492
34882350	0.0535665341346928
34883081	0.00509278377557026
34892861	0.00219378136421731
34892871	0.000467532809348549
34895331	0.00515812420768702
34900420	0.000230450965259696
34901380	0.00534356087885399
34905500	0.0469892675652458
34913271	0.00068252105937132
34915140	0.00647401435795405
34917640	0.000267587422695321
34919030	0.0371081266266219
34920010	0.000278041717111705
34922251	0.00455566365621051
34925281	0.067909491108251
34932530	0.0921397488831976
34933650	0.0442731677107758
34933811	0.0431441029516193
34949490	0.00434539506447309
34949951	0.000536955787848561
34952930	0.00156087244762183
34957760	0.137162520289365
34958730	0.0166827405392662
34959440	0.0019520435001648
34960800	0.511721176003755
34962890	0.0132824312985249
34964701	0.000384870523431721
34965070	0.225900472775199
34966661	0.00586146733609329
34971040	0.011731736453057
34972581	0.000279933465755016
34974501	0.000421880726182101
34974641	0.024503268857373
34974771	0.0210986313575739
34974870	0.00153342920813339
34975331	0.00250119600669683
34978091	0.0025040589734961
34979300	0.00127885545369789
34980991	0.000851109127730138
34982470	0.00189325138842398
34988810	0.000989065419708549
34989660	0.00276363277147648
34993240	0.000471450831659853
34993671	0.00302738423301838
34996021	0.00055402210463837
34996280	0.000422062335783082
34996971	0.000310530180405495
34996991	0.000285337925149054
35003471	0.00419335112032576
35004400	0.00188952102400696
35005401	0.00325754404492483
35006990	0.00809907408442011
35008561	0.000404359204241414
35008581	0.000239130160586285
35010870	0.000318965522722093
35011881	0.000247257276381079
35017391	0.000368404987487577
35017900	0.00102397783977968
35018180	0.000765639917188804
35019061	0.00291852025043798
35019160	0.000403111220750046
35024441	0.00276371847365803
35026310	0.000402774383144922
35028011	0.00801931146095641
35029650	0.000316114579308306
35030610	0.000877556066159081
35031321	0.00171805835071706
35031860	0.000123284921013556
35033620	0.000909968975562742
35034060	0.0995287046144712
35039130	0.00231095088343562
35042180	0.000437708032022883
35045920	0.000289157179600871
35047700	0.000509925492965789
35049910	0.00035534545355615
35051041	0.00391389207066093
35051150	0.000304889222259797
35051881	0.00169973274203159
35052680	0.00257190411452179
35053381	0.000526928957088039
35055140	0.000690487826959342
35059331	0.000842530493311803
35061521	9.23031550051046e-05
35062040	0.00020816810379874
35063171	0.000643574487394599
35065131	0.00210909467151082
35065510	0.00152411902566336
35065750	0.000156256580804978
35066320	0.00308716034226346
35069251	0.00046627533588954
35069661	0.000472865529285734
35069770	0.000330091269740873
35071201	0.000793907004284741
35072011	0.00249420642969569
35072441	0.000411777752123571
35073241	0.000448972579589736
35073521	0.000434356796668739
35073661	0.000345654232883963
35074330	0.0217100994381617
35076110	0.000361356933860836
35077251	0.00103203305189213
35077661	0.00975146509667522
35077740	0.000208941398498151
35078091	0.00032063147502
35079420	0.00137935166084969
35080260	0.0180357209171797
35080810	0.000999718044227454
35080961	0.000317016549900403
35082580	0.000363573910304622
35082921	0.000342660223413482
35083051	0.000300164985240346
35083400	0.000437515373652915
35084001	0.000246234987216621
35088301	0.000249689141371519
35089470	0.000471888572498138
35089750	0.0302204494002556
35090621	0.00222690361672265
35090641	0.000332978754296861
35092520	0.0267519249914302
35093521	0.000228908224028391
35094071	0.000366594632927477
35094921	0.000345888105622974
35095700	0.00509423527759663
35095950	0.000637853552755885
35101220	0.0250175092983371
35101531	0.00298114758517792
35102221	0.000879438079125286
35103311	0.000818886951134567
35103321	0.00028272619847604
35104571	0.000356301769716763
35105070	0.000572491763977464
35105890	0.000276350747993026
35107191	0.000462434400787285
35107830	0.000455118274672002
35108670	0.000321783167273532
35108691	0.000467156886505197
35109190	0.000295618804214686
35109661	0.000267928264940766
35110641	0.00271116492152265
35111130	0.000456758252300516
35111670	0.00151955464717711
35112711	0.000191616222650961
35112981	0.00785442656425705
35115130	0.00128319088089888
35115690	0.000860640783312746
35115731	0.000211615827009387
35119530	0.00186543979759479
35120380	0.00141086902514837
35122641	0.00115047185715866
35123020	0.000755835821566813
35124001	0.00156503769900469
35127150	0.000303962893080702
35129080	0.00242607963240953
35129750	0.000276858199998324
35130351	0.000349234445775967
35130710	0.000449008473938441
35131591	0.014222301323347
35132520	0.00116710036460879
35133371	0.000351180576670322
35133640	0.000446461315248155
35136151	0.000678035580229801
35136780	0.000687520021859628
35136831	0.00211042491508131
35138361	0.00961389010818562
35138720	0.00711343629894623
35138840	0.00294952878069181
35143741	0.113527190027335
35144950	0.0021232589300419
35144981	0.00136812336672373
35149180	0.00236754129613515
35151970	0.0371605368376902
35154300	0.000528847355653178
35155041	0.000355776225704489
35155430	0.00150912983772358
35156940	0.000390965401801873
35157620	0.000467139933549729
35157740	0.000274474656167103
35158420	0.00284874233777102
35159290	0.000448365122154359
35159550	0.00112714668044699
35159741	0.000372812720540139
35160110	0.0036083410866614
35165121	0.000476302573194491
35166030	0.000219599671382094
35167260	0.00689533269352939
35168831	0.000594074077051637
35170631	0.0102873584428132
35170761	0.000823195402043904
35171311	0.00210017120476201
35172240	0.000781079357918349
35175451	0.000402969188983207
35175670	0.000962512998118143
35177480	0.00150506227547759
35177801	0.0588677679711335
35177910	0.000301491952595429
35178491	0.000284535183142534
35178901	0.000352566783762651
35179960	0.0593970235927
35181910	0.000310827670877996
35188080	0.000221112852802597
35191031	0.000231775909675648
35191260	0.00928598990968026
35191660	0.000635556130029124
35193600	0.0132613396819453
35193770	0.000802467711225875
35196940	0.000307654229283063
35197590	0.0058868646234868
35198071	0.000208751288389747
35198170	0.00119399498005137
35199321	0.00277531530930908
35201340	0.00108908266094814
35204971	0.000364914970597662
35205231	0.000566057196302883
35205880	0.000359922324380614
35210211	0.000468754121994459
35211010	0.00353977284637084
35212800	0.00524905467111484
35213590	0.000397904328809397
35217310	0.000352859509872514
35217350	0.000462579745676703
35218870	0.000832962659498964
35219451	0.000496305641001887
35223560	0.000288666943145701
35224790	0.00158209738237539
35225361	0.00846727205023549
35228620	0.00026203705415435
35230590	0.000625116550446077
35230870	0.000241892040201326
35232930	0.00060579696210236
35233101	0.0463112773367706
35234160	0.00591969679904795
35235120	0.000538102167760819
35235171	0.00331236823803981
35235790	0.0134639686497031
35237801	0.118661821105056
35238331	0.000373452986587484
35238751	0.00166290046546902
35240480	0.000300605669358826
35242331	0.000272636427111323
35244110	0.000390157789660119
35244630	0.00136716916219815
35244800	0.000621204847360178
35245641	0.0028604976820183
35245730	0.000369127620379828
35247011	0.000601276458639407
35249091	0.000242697263051152
35249501	0.0234712237534935
35249651	0.000396935569925134
35250191	0.00120852909028761
35254020	0.012890067062555
35254160	0.0178897904893841
35255011	0.000783350560012411
35255110	0.00423703734491379
35255660	0.00158236782335915
35256671	0.00215298967388799
35257200	0.00252671236521273
35257590	0.00149545592518913
35258550	0.000330701684462942
35258690	0.000535305452257524
35260910	0.260468306875925
35261040	0.00806914976134312
35261480	0.00114482914822463
35262901	0.000484356003779068
35269651	0.00137440333006203
35270321	0.000352092814534346
35270741	0.000375240098322352
35271380	0.000230703744827144
35272261	0.00115818541268855
35273210	0.000410968524566225
35273720	0.000298357929785868
35274010	0.000445542292068846
35274191	0.000334055445690935
35275561	0.000607761194295327
35276141	0.00215074569220831
35277890	0.00234611891887184
35278270	0.450936710833519
35281381	0.000398501635400027
35281511	0.000161475238482906
35284240	0.00161169015518628
35289590	0.00172599416061715
35291011	0.000765557482862621
35294881	0.0105218557356037
35295021	0.000627403328940945
35299120	0.00628631186525787
35302440	0.0003802144022358
35306871	7.27539813759625e-05
35307120	0.0294239163992315
35308111	0.000340746209234016
35308750	0.000470405009600226
35315571	0.00028030792261346
35316220	0.000485162167156894
35319680	0.00115245740251346
35320620	0.00875811991672959
35322041	0.000744418778857044
35323520	0.00104655110010959
35325180	0.000250535317451743
35325200	0.000346233573794781
35325440	0.00414265719490616
35325641	0.000531345420207513
35326751	0.00138013020724834
35327520	0.000552760983776844
35330321	0.000415381606132586
35330540	0.000262024341239432
35337180	0.000436050791151197
35339370	0.00157594486877078
35340620	0.0823386135497361
35346560	0.000454756482902767
35346891	0.00292669113840034
35347250	0.000449096235791155
35351001	0.000537060801744703
35351250	0.0208924970157714
35351551	0.000521845743755091
35351670	0.00113309983587602
35353351	0.000283517835683765
35358181	0.00140618270222537
35361081	0.000837774156971896
35364401	0.0114910315997651
35365170	0.000233560620256363
35371711	0.014668135508006
35376101	0.000266407437134057
35377330	0.00143567656977967
35377491	0.000235433829724252
35381290	0.000699080090935539
35383090	0.000300474182421974
35383701	0.000461261568989954
35385771	0.00169335540260438
35386400	0.0704270587609392
35387110	0.000751998276602768
35387260	0.0155815070753505
35388230	0.00162072793566137
35391961	0.000314932933022185
35394810	0.000430132178699216
35398441	0.000902427416030512
35399680	0.000344452106536437
35400890	0.00902227407014164
35400931	0.000658104273624045
35404090	0.000493390842924361
35405751	0.000922093584503346
35407090	0.0011162997126081
35408060	0.00191556570582219
35411770	0.00175618324888751
35415431	0.000528262523933414
35416340	0.000717665694218744
35418260	0.0243739239245629
35418840	0.00245900281574526
35419011	0.00090626935113086
35419151	0.000261057928938331
35422010	0.00026871564306935
35425290	0.00290491761370531
35425481	0.00654202991934293
35426130	0.000442975812995132
35427021	0.0568387945217696
35427930	0.000352451094273849
35430960	0.000550046787336038
35431260	0.0121032964883766
35434031	0.000662454103752713
35443151	0.000712393200860233
35444080	0.000517480032404184
35444231	0.0574551517850818
35446270	0.000693910183215282
35448671	0.000390840634405257
35450530	0.00045952705791668
35453700	0.00139580320387287
35453870	0.0109250301447944
35456500	0.00174133288103355
35457331	0.000491158872577698
35460651	0.00127687284628256
35465560	0.0137738375252241
35467131	0.000981314125857554
35468641	0.00726715715989731
35468801	0.0553445947915895
35470451	0.000457899244314875
35471151	0.000585647313416475
35473840	0.541781051635844
35476200	0.000315046208513277
35476231	0.000782412568891655
35478420	0.0620094859797552
35478591	0.00766316329040988
35481891	0.00460929265342577
35482540	0.0117214775147262
35482601	0.00123899210656662
35482721	0.000449508056912131
35483131	0.00318586541236547
35483971	0.00218105404112241
35484391	0.0118290960983936
35485440	0.0123414149758333
35485980	0.241752756853515
35493290	0.00152363281004766
35494041	0.00357561128232384
35495401	0.000324902573950009
35498380	0.0020366378885341
35498390	0.000226549755319894
35499530	0.000539632834523288
35502721	0.000984290229119203
35504060	0.0157702955312416
35505580	0.00435301350240011
35507131	0.000433104067350843
35510950	0.0324979235776449
35512931	0.0038525566138245
35513450	0.0248614626117917
35515360	0.000457199692290428
35516870	0.000180264834748367
35517300	0.00659954947425453
35521341	0.00117074927124091
35529860	0.000305264085710788
35540241	0.00835167721804692
35545160	0.00217597193403053
35545990	0.00103689416304347
35548631	0.000815331508429361
35548880	0.000845251532262597
35550960	0.0157503202789957
35553071	0.000247481135810726
35556730	0.0145798850949931
35557840	0.22999867485982
35563760	0.000690818326334455
35565290	0.00219470993247444
35570431	0.0010383365054041
35571900	0.0025660816489936
35576361	0.00370592213543234
35576781	0.0489574757059794
35577481	0.0126311070745175
35577871	0.0026223242530689
35579661	0.0431687969197916
35580070	0.00256017703728618
35581580	0.000589518547894334
35581601	0.000507493213944186
35582021	0.00141318854754147
35583541	0.00903999021376649
35584491	0.16139362689239
35584771	0.000416595124471329
35585270	0.00962757728684052
35585560	0.000178039664735348
35587661	0.0215127423564812
35588460	0.000864671666813155
35588921	0.000852178118997849
35589990	0.000235682415635847
35591370	0.000230443076690398
35592070	0.0145351296377085
35594810	0.00253257189719451
35597410	0.00123014637685592
35597690	0.00205879610459845
35599261	0.000219452864762317
35605160	0.00034368322203129
35605960	0.00171709950769883
35607920	0.023282627582835
35610260	0.00194327713094804
35610690	0.00123423241159596
35612040	0.000604280034040415
35613970	0.00967518942242133
35615521	0.00123185509751493
35617611	0.0156088019933772
35631121	0.000675110061769391
35634670	0.00564415797701752
35639470	0.000204400811303303
35639951	0.000192403959007409
35645300	0.000741332493942815
35646130	0.003597821891129
35652860	0.00254992430147321
35654230	0.00209935024950969
35663910	0.000289427579388905
35667531	0.000463877308898323
35668040	0.00764918166756791
35669580	0.00676263389348695
35669980	0.000561476368804989
35676190	0.000970068631475328
35677041	0.000387681419153593
35681430	0.00520222411826195
35682390	0.000343763887579625
35683050	0.000345548234604969
35689160	0.0267548307792478
35690500	0.00168509477768832
35691791	0.000212029091457499
35693140	0.000649313119858156
35693410	0.000345872059926209
35693840	0.000411406027827986
35694910	0.000547985391266981
35696460	0.00048180529750406
35698271	0.000662227551745496
35699210	0.00669904651664328
35700491	0.000390766027075405
35701601	0.000309991189424692
35701980	0.00171974162323908
35704170	0.000353070662748695
35704290	0.000694206365549362
35704730	0.00041419184673322
35708150	0.000221719377473276
35709830	0.000422247119914059
35710120	0.00205463398560624
35711251	0.00193505751231466
35712330	0.000466940395519748
35713581	0.000342001290650659
35714260	0.000607360847416575
35716361	0.00204766797753312
35722080	6.82865664688569e-05
35724761	0.00281284580976702
35726841	0.000913899696979828
35727600	0.00108829576725061
35729041	0.000450943167403972
35729670	0.00317160328184216
35729820	0.00252768665361345
35732030	0.0119465512806827
35733000	0.000423085096919389
35734100	0.00225051673561355
35739371	0.00137547537675629
35739740	0.000360215144441303
35740020	0.000288210129618262
35741051	0.000722319620380618
35742821	0.0478788331391915
35743381	0.000517514149273016
35743460	0.000356768588490593
35744061	0.000379184209542356
35746971	0.000414573124224566
35748201	0.00590994241364312
35748320	0.00275817751015857
35750350	0.000404028730463409
35750390	0.000641792986252415
35756040	0.0497259322520628
35756221	0.0567316487046722
35757840	0.00366857791253391
35758490	0.00112609065454383
35760860	0.00106832946314883
35761150	0.000436226175218654
35762250	0.000528033588575198
35763231	0.000289769940030188
35763480	0.000769299763031959
35763760	0.000383084279882299
35763791	0.000379089690268128
35765530	0.000769905355718155
35766660	0.000251543291560565
35769021	0.00934639020990318
35770510	0.00319750210706941
35773520	0.000539142615555171
35773721	0.000448351111019997
35774811	0.00134401481669399
35775080	0.00185107311240381
35776901	0.000284237644589649
35777571	0.0198998661742645
35777591	0.000346669297516196
35783381	0.000684503543467699
35783630	0.00200613904839192
35784201	0.00146583599187893
35785591	0.00272101360271893
35787470	0.000306773095819211
35787490	0.000284535649331276
35788201	0.000251618337968856
35789540	0.0130770114414566
35792460	0.000653164993463768
35794390	0.00836926410253013
35794920	0.0435772193584449
35795040	0.000381768410355844
35795921	0.000450592056094026
35796150	0.000921308554998794
35796191	0.000209415061616006
35800990	0.0146350218027256
35804020	0.00127402784482615
35804611	0.000290206576318276
35804621	0.000160488962610988
35810261	0.00134135679792168
35813151	0.00225647614362129
35813680	0.00284841714728932
35817140	0.00125575308244585
35819170	0.0047482955691596
35819460	0.000292684214699062
35820341	0.000306651468623536
35823801	0.0051599603648039
35826100	0.00048923446195244
35827860	0.0205177893989067
35829420	0.000296273423215913
35830401	0.01075501539165
35834480	0.0120088084621176
35843610	0.00178962515350062
35843781	0.00118140510094289
35844280	0.00293389259406671
35844881	0.000476874039799842
35845410	0.00233815469821435
35845530	0.000345897792178642
35845810	0.00102300586563014
35845940	0.000525572659478725
35846131	0.00055352313827574
35846681	0.00600031616120889
35860570	0.000917544292661312
35860611	0.00689613110618253
35860731	0.000635396062143739
35861431	0.000285971098939787
35868590	0.00581461377070826
35868850	0.005833386726025
35869311	0.000112353483005016
35877240	0.00398434305328043
35877940	0.000784783377360582
35878801	0.00126123021887891
35882671	0.0301748703007447
35884130	0.000753990068249686
35886930	0.000494720624770659
35888061	0.00319637634722716
35891750	0.000460850797220565
35893291	0.00227859757442397
35894210	0.000385719157969009
35894780	0.00162458744920733
35904820	0.00247164052546751
35909120	0.000305369574492523
35912191	0.001016876575596
35912990	0.00307372244404714
35917240	0.0140444756067635
35921991	0.000872010713711535
35931860	0.00173281461025148
35932830	0.000235313497207879
35940191	0.000414958816933323
35943990	0.0161329316169182
35949400	0.000294967440755952
35956311	0.00220286545396649
35957421	0.00022519263269142
35958811	0.00468876733184853
35962360	0.00132579015087926
35964871	0.00684543173391574
35967170	0.000719268145837412
35968020	0.0883648935534478
35968430	0.034863426604825
35973930	0.00254873520262107
35975491	0.0314429090322143
35975781	0.000937432918427385
35977110	0.00125806907219832
35978640	0.000339990818632549
35981821	0.0223782699275429
35988850	0.0427300156234367
35989131	0.000242917468239159
35990920	0.00164942731827103
35993810	0.0154720051710165
35995730	0.00446469553483577
35996591	0.00190815292009408
36005910	0.00137759703966387
36007180	0.0559944548081058
36009220	0.000768474176022548
36021950	0.0110133110258223
36022480	0.00116727266679469
36031180	0.00604175956915101
36032031	0.0024503807757999
36033660	0.0081488039896219
36035221	0.108034922982802
36042630	0.000405422268097994
36043980	0.000945365286065149
36046770	0.00200944829157948
36053220	0.0261858402597178
36055761	0.00189559566498693
36056731	0.00155185428757001
36059980	0.000956341501943853
36060400	0.00166260063882851
36060800	0.00369171059726147
36061120	0.000156989031877663
36061210	0.000242324450958828
36061910	0.00185667642385181
36062890	0.000252381141936288
36064810	0.00189108373836072
36065370	0.0039185164246511
36065561	0.0204404739767253
36065701	0.000437274746585559
36066620	0.000716679912423045
36066801	0.00907429730727145
36069401	0.300952602465195
36073121	0.00277169409738522
36075211	0.000710662603334094
36076441	0.000729617664392847
36077220	0.0059867073051011
36079150	0.000249264767617441
36083010	0.00044520883411004
36085671	0.000257207226245502
36089100	0.0103464798051656
36091290	0.00103759145458682
36091690	0.0128189046472278
36092130	0.00094331669235814
36092540	0.00180011528896052
36093671	0.000571482961174683
36095580	0.0478421375880708
36096120	0.00520843638146876
36097650	0.0139541718030232
36099440	0.00266423911501633
36102361	0.000451244242931139
36102610	0.0123433088932663
36102730	0.000642412314674118
36107211	0.000367340897095936
36108930	0.000322350023138563
36110651	0.000316014383381386
36112960	0.436733453987657
36113900	0.0338057824317342
36119351	0.000696260748832393
36119741	0.00394346074254337
36120431	0.0248669812896368
36125391	0.000350287059186927
36126921	0.202429860456492
36127450	0.00874262543237426
36127550	0.00125402150292371
36133360	0.000321800294554729
36133401	0.000237579459858038
36134490	0.000322933207456774
36134931	0.050907103690674
36137380	0.0483369981061114
36137630	0.00244343151269696
36139191	0.000365229228114762
36140301	0.000386060446538763
36141811	0.000174304881983506
36142081	0.00404360744273859
36142330	0.000358809357550723
36143071	0.00245415763386661
36144530	7.72168497343089e-05
36144660	0.000735862143887768
36146720	0.000520465677459435
36147601	0.0461103913187305
36149770	0.000257734768898043
36150470	0.00436685840481582
36151020	0.000755639916072374
36152400	0.000308609880501725
36153370	0.000212517060569673
36153930	0.000453310291812187
36155751	0.000678301615729728
36156270	0.000488127986762645
36156571	0.0106498575565232
36157070	0.000164257315799054
36160571	0.000648188507947784
36162781	0.000276036770788998
36163731	0.000732786460761217
36167051	0.103070129019621
36170880	0.000506260562000464
36176240	0.000415643105102037
36176410	0.00118822931220112
36176800	0.000440596860232748
36177121	0.000700534660285074
36177200	0.000401399883285577
36177391	0.00355561561113922
36177770	0.000904972234744526
36177890	0.00156317409176942
36177910	0.00248559934350411
36180581	0.000406021447489279
36182300	0.000197976860490182
36183310	0.0101401299122359
36186791	0.0104312007374691
36187341	0.00957675872627044
36187741	0.000257872014837062
36188281	0.000351341766824472
36190440	0.00222142417264052
36192950	0.000251266330254155
36195420	0.000513176195339319
36195601	0.000216426975612212
36200130	0.00340265557300902
36201131	0.000908128550263916
36201801	0.00279174130170049
36205951	0.00175922989795705
36206710	0.0754145296889046
36211550	0.0014903353011468
36214870	0.000507734143787515
36215290	0.00123551689925894
36215700	0.000351890488692186
36215881	0.0080883947945171
36215970	0.000709682999091911
36216011	0.000721515005559429
36216400	0.000265984191594325
36220090	0.01137588859594
36220540	0.000196461369802514
36222990	0.00136651779619062
36226621	0.00182048193667262
36232540	0.0415227356359783
36236291	0.00202461416595153
36238921	0.00173858052659556
36239030	0.000267973054926217
36239181	0.000349166467547753
36241951	0.0113130617326878
36242460	0.0014152969447101
36246720	0.0041909808647312
36251560	0.000434863200761262
36251741	0.000236334153165561
36251861	0.000300296316286184
36252100	0.000393014405245336
36253750	0.000277366313843648
36254781	0.00141922267218295
36254980	0.000479286694388526
36255031	0.000485236479900216
36258641	0.00253569077404995
36259881	0.00225396495405438
36260390	0.000127067727489083
36263400	0.000525565593149629
36266921	0.000715369892611526
36272831	0.000328287779134979
36273330	0.000383551334710258
36277541	0.000472268837170805
36277941	0.000408033328751844
36278470	0.0188289569408592
36281080	0.000448982088785737
36281330	0.00131739377468888
36281470	0.000543620268897902
36281770	0.000196232458690332
36282081	0.00026914274268078
36284551	0.000437417901519065
36284851	0.000337443568005609
36287120	0.00263908030996733
36287300	0.000427546833562817
36288260	0.0450891562784603
36288520	0.000437091023917205
36289610	0.000338281287515137
36289671	0.165188762906259
36289931	0.000419590640017974
36290440	0.000248390159731202
36291031	0.392971908357603
36291270	0.000976122657416444
36292510	0.00394308437463058
36294211	0.00507839418485425
36296431	0.000366648045669689
36296660	0.0183918846104968
36297511	0.0113279450755854
36298201	0.000361999377888961
36298580	0.00229449415774755
36300380	0.00366057106459812
36300800	0.000276767299141493
36301780	0.0065397190041275
36305511	0.000314319691716725
36305890	0.0386326734385285
36306361	0.000850473153299536
36308780	0.013079274913171
36309640	0.00397183666181024
36310720	0.00039531487554197
36311700	0.000236015307455808
36313121	0.00437987406580789
36313511	0.00050792319246357
36315700	0.00139951524068431
36316151	0.00334797188357468
36316271	0.0438706566011897
36317210	0.000215301206175415
36318320	0.000727512851378135
36321251	0.00216554570678881
36321371	0.00115429523377581
36324630	0.00412028576402761
36327110	0.000208977100550592
36330570	0.000182689987855178
36332841	0.0499080251049684
36333320	0.000479672230840435
36333760	0.000362132182720248
36336431	0.0427708526084437
36338611	0.0942984806515492
36339441	0.00261099271323941
36346010	0.027421882093934
36346460	0.0110519156145812
36346970	0.000415141832423574
36347130	0.000389475395857583
36347311	0.00310768764532387
36347591	0.000711585591803939
36348281	0.000306529319760049
36351021	0.000678303879835333
36353371	0.00778049919090235
36354850	0.000253577696329181
36354870	0.0019435206217882
36356220	0.000215482412035145
36356230	0.0103630809229645
36357890	0.000288319858925168
36357921	0.000584491141214413
36357931	0.00024895705945263
36358030	0.0230556852884685
36361180	0.00128155440252231
36365921	0.0186071438270291
36367290	0.00118964843036298
36371670	0.000831747101666943
36372940	0.000901717043695227
36374720	0.0278493192880009
36377101	0.00362277851054195
36377620	0.000655908159472185
36378590	0.000594330720148059
36379871	0.000172041695074695
36381361	0.00170844813178545
36382310	0.000301401215000797
36383000	0.000215221868123405
36383311	0.00173126873544872
36386420	0.00117636268748797
36388220	0.000538714999987665
36388230	0.0112064006463843
36388630	0.000433570055876189
36390191	0.000374494898839421
36390970	0.00153514838264071
36391270	0.000796098926307647
36394061	0.0370457981741531
36394611	0.0234689149172967
36398140	0.0154208789799389
36398850	0.000359302498568928
36399960	8.90118340258853e-05
36400940	0.000168365349361792
36401490	0.0145106754600216
36402560	0.00375727208434647
36403380	0.0551761769763535
36404831	0.000263635365079033
36406071	0.00037047864095759
36407660	0.003354909272879
36408090	0.000398678539375858
36408261	0.000332205499874597
36408770	0.000423327931970377
36411841	0.000234123450704896
36412531	0.000636540215543556
36413330	0.000550551954099667
36413641	0.00073153585246099
36414970	0.000379324753497732
36416271	0.000747589742341238
36417730	0.00043156757821135
36418440	0.00124045426711997
36418850	0.0185172816299382
36418970	0.000651242962662856
36422300	0.018862284220491
36422980	0.000260288366085825
36427110	0.00459954418087011
36428811	0.0131727616595523
36429771	0.0584180728431174
36430751	0.0272356165486245
36431280	0.00463133435223701
36433040	0.000102891302560813
36434201	0.00777690000178935
36435571	0.000263048508746133
36436370	0.00579673305790019
36436811	0.000391168551322719
36437730	0.000924607888205584
36437781	0.00726380932100386
36438300	0.000286912591608385
36438310	0.000311210842711977
36441200	0.000393454821587915
36442590	0.00111286715850051
36448500	0.00118542673878776
36449320	0.000447273249250874
36449460	0.00235885307010328
36450850	0.000399476849124151
36452141	0.000346686048959408
36453030	0.000180456064188136
36454820	0.00382676276396043
36454990	0.000268963375651273
36456070	0.000302066682660879
36459120	0.000138305629078507
36461870	0.00333104759974033
36461911	0.000298617980039443
36464941	0.0299528931544037
36465310	0.00382943940960557
36466840	0.000276615355209319
36469890	0.00465407366880433
36470150	0.0018868013164217
36472251	0.00623686813323294
36472821	0.000509204312491557
36472941	0.00983520810983334
36474960	0.00128624447210352
36475421	0.00351929139327581
36476500	0.000716113726265599
36476920	0.0029338657746822
36478191	0.000199248195095874
36480220	0.000334040009180043
36481040	0.293862740970852
36481170	0.0126012917316875
36482690	0.000505525823726612
36483670	0.00035922929990764
36483861	0.000332545873001805
36484100	0.000311685993589125
36484240	0.000308088446020325
36485990	0.00739608006645862
36486881	0.00683927864916268
36487960	0.00177217616088337
36489470	0.000258943837468764
36490310	0.00371509926882009
36490410	0.0356764820608008
36494191	0.0167307427510051
36495100	0.000595210436334362
36496251	0.172820765531627
36497610	0.000416341772795184
36500210	0.000419556096241595
36502891	0.000527823290616147
36506690	0.00144796670033025
36513030	0.000507022016727153
36515510	0.000479618969623046
36515670	0.000314357083013989
36522570	0.000329379816438464
36523141	0.00187153809118113
36523680	0.000589384023878535
36523711	0.000385614931821191
36524090	0.0041715794174375
36524770	0.00036882133846205
36525091	0.000318892909314439
36525361	0.00968228429711587
36526181	0.000312886813154164
36527551	0.141071423302046
36529501	0.00749663283285229
36529720	0.000317927664132987
36532531	0.0084229186986948
36534440	0.000502512740466678
36534540	0.00177835825083173
36534731	0.000176440961060806
36534970	0.020067976606476
36535291	0.0110188945476882
36535441	0.000247994819246912
36535510	0.000194667952934043
36535820	0.00259338683360914
36538440	0.00293823920032584
36540801	0.000686627383018021
36543411	0.0014683083386293
36546130	0.0800930096905493
36546560	0.00313729737271123
36547390	0.00124821419588275
36548090	0.000929634598298719
36549030	0.000292653017374998
36549200	0.00179024821861761
36549501	0.00125755702852443
36552200	0.000245623883382605
36552620	0.00244472475023344
36552801	0.004195537864066
36554430	0.00200053961544504
36555151	0.000332118221865508
36555551	0.000479007417425219
36555640	0.00657515844649462
36558540	0.000419657987058625
36559250	0.00039859592095552
36559520	0.00197894661919778
36562950	0.0548348021111843
36564760	0.0831510548689552
36565351	0.00491704456705427
36567220	0.000277907016993014
36568500	0.0111878687360542
36568511	0.00154721639253703
36575260	0.00303691113988206
36575981	0.000254136190776688
36576371	0.00155993946506956
36577211	0.15650187515343
36577341	0.000203472980450897
36580521	0.000392394888017217
36583681	0.00111764834575495
36585730	0.000119853634230752
36585891	0.000191261428186865
36585990	0.00130940197060771
36586120	0.000711743913627073
36588050	0.00509887375318666
36588090	0.000400988636428441
36588121	0.000715291846619768
36589330	0.000593560822439392
36591701	0.0015585938539305
36592791	9.82023700247251e-05
36593351	0.0185087834785751
36594970	0.000648806415369713
36601351	0.000424559347790401
36602140	0.000145803542037847
36603500	0.000858503927795917
36604470	0.00103435913473148
36607670	0.00138579364741733
36608111	0.000342095227963065
36608500	0.00313569297091175
36608600	0.00206321219236775
36609720	0.00212990290419775
36610581	0.000404228172080625
36613071	0.000481895375260316
36613860	0.000396461999716547
36619090	0.00161374298335743
36620241	0.000202001484946963
36620921	0.254240341636837
36622560	0.000212847819193145
36623390	0.00418632805419453
36625491	0.0106038276426462
36628220	0.000727774335509626
36630940	0.00430855495260108
36632900	0.000230023340895538
36633320	0.00222611638423913
36634110	0.0147703912825133
36637050	0.00962368773077374
36637341	0.000330269712253376
36638321	0.000349865058787091
36638430	0.00257410573612385
36640360	0.000396133516775676
36642010	0.000927650429002911
36643141	0.000633989675830117
36643790	0.000486178088967909
36644101	0.000871335591439192
36646171	0.000191792007543999
36646601	0.00820370675307485
36647681	0.000299844526290146
36647800	0.0117131852107883
36647971	0.000354922188310755
36648610	0.00202280746789572
36652941	0.000247338004828307
36653430	0.00318529594551457
36654021	0.000857396095924821
36654721	0.000261448005489863
36657201	0.0430107367833843
36661351	0.00179325761376495
36662290	0.53872992269281
36662721	0.00920411496506272
36666260	0.00678641593709227
36667630	0.000480487162635699
36671240	0.00159763543969458
36671250	0.00545089647302315
36677201	0.0110054374479198
36679131	0.00572289037105881
36682550	0.000526669446812041
36684470	0.00589412015469757
36685440	0.000427027071487522
36685491	0.000254845387532686
36689980	0.00105608685546112
36690660	0.000400172497929965
36693761	0.00125366566576084
36693850	0.000354807569928744
36694120	0.0488983799925094
36694591	0.000370322913043349
36694731	0.000321394661620126
36697450	0.000370019344045882
36697471	0.000427893218422808
36698280	0.000637028156089296
36698560	0.0105465266547972
36700180	0.00175830268564751
36706571	0.00637269715904829
36706841	0.000489710866775141
36712771	0.00058089037341837
36717191	0.000347139627902936
36717201	0.000257971422351775
36720450	0.000469044797497232
36720750	0.10176778013831
36721751	0.00433999823842137
36722701	0.00114644113468613
36722981	0.0019324479437563
36723080	0.00159848618071833
36723520	0.000326902018085382
36724241	0.000280938563272554
36726151	0.00112848240076838
36726520	0.000235195846136098
36727070	0.00224199450988673
36727401	0.0270310061163821
36727941	0.000402342301143875
36728921	0.000440689037825528
36730140	0.000964913779475862
36730660	0.000487523803742035
36732060	0.0345775203396447
36734110	0.00176591634785271
36734670	0.00176664492103927
36736880	0.00022973410232292
36739370	0.000373387932455284
36739490	0.00172767175286003
36739520	0.000497320539010823
36741150	0.00918636781017571
36741160	0.00111854309340696
36741560	0.000513927354854539
36742581	0.161615309345866
36742810	0.00102245300550428
36743691	0.0193392876998754
36744740	0.000129596737874825
36746410	0.0202522124315514
36751510	0.00173339537102642
36752921	0.000431766129470492
36753140	0.000537914239614781
36754311	0.000374418056315993
36754650	0.00602636303007625
36756210	0.00250487306648196
36756320	0.000312275170506409
36756491	0.00985763331365003
36757700	0.000619357435622382
36758291	0.000391820808198283
36758981	0.000267797379861262
36759661	0.000445655458108771
36760590	0.000340616384001396
36760931	0.0237726457630693
36763801	0.000180256192255926
36771521	0.00152855820106294
36773051	0.00197958589349475
36778171	0.000148704694726638
36780081	0.000331416785875885
36780101	0.000380791467915739
36780330	0.00119317573848242
36780730	0.00207646626703493
36780750	0.12505240318372
36780781	0.0563982958514385
36781181	0.000260840558171711
36782960	0.000445798459688229
36784761	0.00193295493510968
36786031	0.00136802271746442
36788060	0.000288895249590343
36788081	0.0189512251328799
36788761	0.000229036190206784
36790571	0.0361526637584665
36790711	0.0062974131112535
36792371	0.00557739111591145
36792511	0.00100165393178685
36794940	0.00128908844237638
36794960	0.00044924695630542
36795780	0.000207940294829425
36796081	0.00149487886685229
36802530	0.000520036764600412
36802640	0.0169685145138404
36804580	0.000304153491181012
36804621	0.000175483825650068
36806100	0.000268430577839488
36806370	0.00118656107495235
36807640	0.00177561220943336
36811681	0.000852973996402274
36811780	0.00339356569273801
36813020	0.000220306413748459
36813741	0.00831171057392281
36814100	0.000399394860687891
36817020	0.000560134349563106
36817570	0.000481246764591666
36817891	0.00938738792922642
36823251	0.00223629847500611
36823490	0.00125758803649622
36823890	0.000344471542849111
36824450	0.00132363041096897
36824750	0.000160997081921051
36824850	0.0011221992492278
36825601	0.000782030542536804
36826130	0.000388210313861819
36828761	0.00144310272102321
36828890	0.000955283277268284
36829120	0.0908353826824668
36832470	0.00091510860072874
36833471	0.0311528970285785
36833690	0.055799681699479
36834141	0.000288527455142139
36834400	0.0028838584046512
36835080	0.000440786725365552
36835941	0.525315016340852
36838141	0.00102439904676895
36841980	0.000845801587943556
36842130	0.000805410185941605
36845471	0.00089792266162712
36846640	0.000270908543577698
36846780	0.000315253621560317
36846961	0.000301452428796283
36847910	0.000270730295746206
36848170	0.000463168969295466
36853010	0.000448154427185287
36853300	0.160112304881313
36854250	0.000249075520936641
36855770	0.000410698043530855
36858021	0.00197274661056898
36858821	0.000458955275295657
36859200	0.0013191793966025
36861721	0.00135413938236599
36862561	0.0022444765828849
36864020	0.00483307712474655
36870790	0.0227610277139782
36871381	0.0195579783417905
36871931	0.0128132392704693
36874681	0.00024505271958521
36875401	0.0109979995024515
36876880	0.00283356288317242
36879111	0.00143932134926915
36881991	0.000276823588530904
36882250	0.0542489089233968
36882711	0.000375573196791806
36885581	0.000252283849821995
36885710	0.532382755378761
36887671	0.0293127529675987
36889871	0.00711088947568036
36891350	0.00147237405794196
36892020	0.00232211443644101
36896491	0.00886878312547056
36896860	0.000350121554904642
36898001	0.00110701576523804
36899220	0.000596170484890119
36899880	0.0017496733695307
36902370	0.0230330233697261
36902411	0.000281413716007914
36903460	0.000322033169336782
36905010	0.000378110265195462
36905110	0.000971968913644382
36905970	0.000255359872157129
36910630	0.000428818418053598
36911190	0.000230626278781876
36911330	0.000255528721919152
36911620	0.0045945142716904
36911750	0.000306998572168274
36912491	0.00792080216818905
36914260	0.000353149529255051
36915740	0.00071449656614283
36916481	0.00035436214129384
36917940	0.00507865052458908
36920491	0.000435050859203951
36921110	0.000588797711909648
36921530	0.00128537059231786
36922770	0.00539016908488212
36923671	0.000298550515222472
36924491	0.00326027484144092
36929400	0.000573332590416339
36930790	0.0012287410882481
36930951	0.791962851455916
36931490	0.00366104362800451
36932221	0.00565061791059032
36932320	0.0148934816266271
36933851	0.00327316033190729
36934210	0.00813203535645255
36934920	0.00035004209543038
36935531	0.000350091936768815
36938490	0.00205522459544053
36940611	0.00346891024635799
36940621	0.000313976879871934
36941400	0.000615629339739247
36941721	0.00995660932406573
36942411	0.0815459360083255
36944720	0.000195093760137182
36946261	0.000397512312121483
36946530	0.00355700565700355
36948180	0.00528921728755704
36951060	0.000393269935601183
36951630	0.00034699824167671
36951760	0.00387954968205361
36951801	0.000796993001508522
36952010	0.000231493527017634
36952170	0.00062036964086351
36956491	0.0012364208381967
36958390	0.0015755424549215
36958920	0.00129219069522374
36959060	0.000239189417349247
36959231	0.000137404985399853
36960170	0.0045601691357339
36960310	0.00041870390986906
36960440	0.00319050408657231
36960741	0.0124257240848128
36961581	0.000214406519799632
36961830	0.000737377122716115
36964310	0.000247810317640715
36964860	0.0386218676435829
36965960	0.00139659545615728
36966070	0.000820764788722297
36966630	0.000191716012657407
36969550	0.00650967902907392
36969721	0.084754155478541
36970541	0.029122534499008
36970681	0.00613880391365018
36971801	0.000399005380997433
36972150	0.000405263705685279
36975781	0.000162593235636684
36975900	0.000342876592811315
36976741	0.0149888439830511
36979070	0.000308033197824822
36981010	0.000326812305063853
36981280	0.0019719227491722
36982630	0.000727696632095305
36983941	0.000415457505478001
36984061	0.000885651108515368
36985110	0.00256775312274944
36985841	0.000929134252560866
36986210	0.000420854351869402
36986790	0.00107855240129721
36988000	0.0103766832512803
36991470	0.00037585963158298
36992030	0.00589848453363371
36992560	0.00384805169397054
36996211	0.000502533521255458
36996341	0.000351575625239551
36996751	0.000503989057422182
36996881	0.000316482975550983
36998401	0.00256463396632712
36998900	0.00241581059335519
37002640	0.00123065736540134
37005701	0.000905894804669496
37005851	0.000621868972560053
37006110	0.00478934283669388
37007511	0.000817968824407775
37007590	0.0129653266457235
37012690	0.0398778304303235
37021581	0.00401412023115807
37021981	0.000251564163256605
37024061	0.000282517441602537
37037171	0.0582430354666607
37037970	0.0196879963282264
37038760	0.0185979569541842
37043320	0.000388353581382339
37045701	0.00037819910234349
37047221	0.0011434259799168
37050770	0.0467324024815758
37051361	0.00152069548886319
37051371	0.00124742011887391
37054760	0.00794536997491968
37055470	0.000408860710221044
37059880	0.00071092210934281
37062210	0.0620749191908796
37062500	0.00027782056054372
37073390	0.00721753331291348
37078121	0.00138118673487065
37080321	0.00172110062012403
37083450	0.00123135834279175
37085011	0.017194275350493
37104540	0.00203589250438528
37104861	0.0139134900238419
37107771	0.00138826389068391
37110480	0.00292012527205038
37111440	0.000274387423569921
37116270	0.00991084121358228
37120611	0.0147656102084024
37126920	0.000526014864522998
37128850	0.0162323559478679
37137151	0.00383272917259873
37140550	0.00266358818996871
37147320	0.00862693591804052
37151440	0.00112080428107553
37164451	0.000685779712539102
37164820	0.000429930371558241
37172820	0.000776623689522156
37173400	0.000176319884211317
37173650	0.117696165047849
37175040	0.0282486925604342
37175150	0.00920832688416657
37178190	0.000479170380631355
37179621	0.00374806305435816
37181831	0.00580887297276383
37182391	0.00891139066271371
37183491	0.000220455606389179
37186330	0.00215369378399911
37187771	0.0138095222078008
37187901	0.00462734218486624
37188700	0.0238656128726008
37189380	0.000649553308370215
37191730	0.00172021540404362
37193141	0.000462914217527286
37193291	0.000443969691408538
37194180	0.000621680229539446
37196970	0.000323091868658297
37197841	0.00151627980267998
37201401	0.000731048162363626
37201681	0.000893637201039748
37205821	0.000325331892173668
37206620	0.0141675313044199
37211310	0.00300590020407342
37211361	0.00038397499123102
37215631	0.127483053124804
37219600	0.000308017792805301
37221090	0.00220285708745718
37221660	0.000430236834708967
37222381	0.000355272407939605
37223020	0.000258626332372478
37224110	0.00454439310283472
37224660	0.00113963168233244
37224840	0.000419083815326865
37225120	0.000455054131390545
37225541	0.000424977047934261
37227280	0.00626870691466745
37229541	0.000325988827602434
37230060	0.000537258435492047
37230200	0.000313830521958949
37235280	0.000328371226340724
37237240	0.0146159922116352
37237360	0.000657542027457843
37237701	0.0120876914624887
37238060	0.00011308368870175
37239700	0.00143998802636969
37241110	0.000382995829680396
37242050	0.0012450955948929
37244390	0.00184317343179376
37244991	0.0101252811592041
37245530	0.000294944215169607
37245671	0.01638877218487
37247560	0.000849834461543453
37248981	0.00122509799443261
37249261	0.00026092634923582
37249520	0.000555668462533336
37251560	0.00032152584384007
37253961	0.000272152983353651
37256400	0.000266214671500047
37260670	0.0239616885336871
37262900	0.00203401905189457
37263700	0.000744014101095265
37265100	0.0184981663043244
37265490	0.000240624770000333
37265630	0.00050986330162531
37266490	0.000258000725792157
37266630	0.00047328977018229
37266760	0.000201840181244069
37269811	0.00845190691718754
37274190	0.00128720212269573
37274801	0.000590564107491335
37276451	0.000287587882169701
37276981	0.00273120791959327
37279160	0.137181502310769
37279481	0.0310019441813215
37280380	0.000284126427319741
37280800	0.00036267138587279
37281261	0.00328075770443823
37281531	0.000220238339981342
37281671	0.000186930877600904
37282050	0.00496907364854511
37282511	0.00176715417521718
37287730	0.00167342928257806
37288441	0.000400830139034122
37290480	0.00100474351201703
37295140	0.00201623702228038
37296420	0.0139480494969983
37296721	0.000397829621040944
37298350	0.000607912307430364
37299881	0.00285182214167887
37301080	0.00810474061369623
37303430	0.00494821594546094
37303761	0.000318484126527725
37307071	0.000279644611194589
37309510	0.000430708443153501
37311420	0.0636674339191541
37313110	0.00265355215676007
37313510	0.000627406997989449
37314781	0.000769348834057497
37315621	0.00657041669836469
37315891	0.0184879019637868
37316011	0.000569873063896913
37317961	0.000482272049180352
37321531	0.000435456347219442
37323430	0.000726311836376754
37330501	0.000167936860923033
37331720	0.0278938223213771
37331871	0.0335980096860126
37334870	0.000981423315284205
37336161	0.163218761095374
37337350	0.0292679134727346
37341681	0.00028099882445836
37342040	0.0238506606708788
37346740	0.00102626006396401
37395451	0.00295819080756303
37413241	0.000672322825792728
37416240	0.000898322418384822
37419321	0.000421853637072664
37420660	0.00113406299304533
37427980	0.0554326827346612
37430020	0.000616727428411082
37431181	0.000302232869679943
37431540	0.000198770241264781
37431550	0.00750877701429482
37432431	0.0280720180807249
37432540	0.000366314344029418
37433780	0.00186352463982435
37434631	0.0211034854568285
37435270	0.000218680211102376
37436800	0.000204853008371384
37437381	0.000449624914843036
37439051	0.000344205010779441
37444090	0.00488577258264742
37444711	0.000124870124546686
37446091	0.00253931178075825
37447041	0.000321827726060048
37447140	0.00210130638700396
37448660	0.346810304872432
37448701	9.1650842915834e-05
37449230	0.000297756034303489
37450600	0.00175661861549746
37451980	0.000175373838052164
37453251	0.0393870210330586
37453371	0.000183919710094882
37454440	0.000348884762441211
37457920	0.0024916625136217
37460981	0.00158131985850581
37466880	0.00242710143582739
37467280	0.000621812228148943
37471840	0.000716439139612232
37472291	0.000356104020196786
37475331	0.000148105910663726
37479881	0.00122285597713067
37483591	0.0237734785345099
37483680	0.00268551072327811
37484571	0.00118416763292555
37484701	0.000350917369893638
37486341	0.00037468181085747
37487420	0.00208312512865276
37488151	0.0245461579218784
37489210	0.000110555997223723
37489480	0.000427820335752191
37489740	0.000334566356344061
37491301	0.00057655608481793
37491540	0.00215176949609342
37492090	0.00173887977261972
37492250	0.00119020447129558
37494341	0.000342229871849081
37496831	0.000437479688030854
37501251	0.00345085959692452
37502740	0.000188297309449431
37503120	0.0317885719990405
37504220	0.00648215827094088
37505340	0.11887325092357
37506460	0.000468851413633124
37509870	0.0110213590346298
37512780	0.000195875808272033
37513470	0.000375435988119155
37515690	0.0169095863322074
37517070	0.00184805092145194
37517251	0.000427704296844564
37519560	0.000122391651002697
37519940	0.00224256727042085
37520230	0.009787855249303
37520380	0.00412395123558217
37524770	0.000625622975598369
37525661	0.000437671661272841
37525740	0.00807309159999969
37525880	0.000570361946904838
37526300	0.00194452653074834
37526450	0.0154487889235473
37527441	0.00345058150056655
37527540	0.0650996450414282
37528951	0.00649756407125727
37530320	0.000361820570906585
37531581	0.00224863679554415
37533111	0.00037774762653592
37533630	0.00042669354187562
37536261	0.00037740084432911
37537890	0.00484119462529482
37539591	0.00246971773595299
37541361	0.000340066969468452
37543550	0.00111354799967611
37544490	0.000226872275795237
37545340	0.00159247829640655
37546491	0.000287788878885584
37549610	0.000169444842122768
37551441	0.000388069069702449
37553620	0.000351053473896511
37555181	0.00166882954424204
37556800	0.000297563570373209
37558901	0.000361478910484954
37565661	0.000299974409939838
37565911	0.000339059409670418
37569460	0.000411831255972853
37569661	0.000684044738594778
37576100	0.00761770812952881
37577210	0.0185578680890837
37577931	0.000390501858160438
37585170	0.00190130345901927
37585190	0.00212224640702867
37587311	0.0123715052004499
37588541	0.000310730293214175
37588811	0.00715450776638682
37589330	0.000783694468033945
37594321	0.000579085339977583
37594570	0.000371649243363064
37594590	0.000483905220238841
37594720	0.000316429682262524
37598040	0.0811936299021128
37599031	0.00031531344331248
37601371	0.000429855780114794
37601580	0.000311096444760722
37601590	0.0162684630868643
37602980	0.000245006229435615
37604340	0.00142259478924262
37604660	0.000712106161983296
37605330	0.000252385233835483
37605460	0.000372527498886844
37605631	0.0111935020339995
37607571	0.0398637184122004
37609600	0.00125703835436503
37614150	0.000767223782245073
37621310	0.000440857470800045
37622010	0.00776425382521388
37622741	0.000302623397764582
37623291	0.0132522285976831
37623960	0.0114332328827464
37624630	0.000622240703376129
37624811	0.00604042894994076
37626601	0.00478764090904275
37626621	0.00113090555860938
37627670	0.000574665530015128
37628111	0.0271818795488633
37631031	0.0023605778437996
37632681	0.0127277937032788
37632811	0.00163701207963112
37632890	0.000400373839021329
37639370	0.000342963738258684
37639650	0.00109280726654692
37641620	0.00935630927883914
37643281	0.000308507337825881
37646020	0.015051910145811
37649750	0.000922028289748001
37651441	0.000946273808936779
37653460	0.00294928905844027
37655920	0.000299672089310258
37657200	0.000416533690164742
37658440	0.000306578569473738
37659100	0.000433934705820161
37663971	0.048984235410856
37667991	0.00600088708842327
37668340	0.000456350138905567
37670170	0.00486272744700813
37672790	0.000257382141500746
37674341	0.00235124879453704
37677371	0.000480117266736081
37678010	0.000329214058936338
37678150	0.00040066646557838
37680330	0.00138254267821831
37680381	0.000305490356610582
37682990	0.000395939340156307
37685300	0.000291281167921239
37685460	0.00115619830517035
37686881	0.000427105199288024
37687301	0.00147149041205321
37688760	0.000878927843411801
37689610	0.000242835336080648
37692350	0.000152304191817987
37693570	0.000467399950512082
37694471	0.000585484506272307
37695011	0.000234805709853876
37695260	0.000321722789758283
37696541	0.01158958196538
37697911	0.000334765667080555
37698741	0.000522298162010087
37699800	0.000304170786178909
37699920	0.00103009446724637
37700490	0.00132303398161349
37700671	0.000587620771090315
37700890	0.000650899330137809
37701211	0.00333574853475869
37701501	0.000529534610674484
37702321	0.0127423116828579
37703680	0.000396120462873106
37703950	0.000901834716495824
37704610	0.000553889177228334
37705050	0.000329511541921534
37706840	0.000100137248809092
37707530	0.000405529441747755
37710611	0.00114024302954456
37712651	0.000230937778467675
37714010	0.000266363584917849
37714051	0.000338757416183803
37714741	0.000199188704143261
37716500	0.000487988229639455
37716880	0.0081456309149018
37719851	0.000513806439879571
37720780	0.00506678734658065
37721631	0.000827410739988946
37723240	0.000283731405708619
37723411	0.00512284024057021
37723561	0.000403872631294008
37724801	0.00329615174871975
37724951	0.000710315359183445
37727230	0.00741355325506683
37727250	0.00175765198910345
37730611	0.0137741269099686
37733570	0.00379962599235642
37734290	0.000224610080098478
37736080	0.000236877768574426
37736190	0.018975980027781
37737710	0.000392902709411566
37739411	0.00643427016117559
37741050	0.000491784919135703
37741751	0.0149615923627418
37742550	0.013764010604754
37742710	0.000593268993855775
37744880	0.0134411267002231
37746031	0.000986146469097158
37748671	0.000303172581188591
37752791	0.000711667120771651
37753020	0.000439640677599844
37754970	0.00243557283239754
37756070	0.000195835715434473
37756921	0.000389187586571302
37757710	0.000456907139618737
37758311	0.0206458824339688
37759630	0.00194690033174807
37759930	0.00044219628133434
37761730	0.0101059587954634
37762420	0.000370781863224533
37763271	0.0878901918719551
37763650	0.000711342469972239
37764210	0.149405064054176
37767110	0.0629682678661917
37770250	0.00499447635581084
37770570	0.00182177316504009
37770731	0.00470509283320791
37770970	0.000497455979673856
37771390	0.0506457964628415
37774940	0.000302810965607037
37776080	0.000601900360116937
37777020	0.00192117756517197
37778120	0.000298967456742201
37778161	0.000398816808354674
37779971	0.00233166983090028
37780880	0.000369537165261799
37781450	0.00208564633252901
37784210	0.00947588338772271
37784931	0.00456407650096985
37788640	0.000422959408481303
37788811	0.000621879893755259
37791561	0.000935889476447127
37793300	0.000431305020271633
37794181	0.0037314906734167
37795681	0.000843357854216812
37796231	0.00325155967006164
37799401	0.00036946722726646
37805081	0.0103318399984637
37807800	0.000452382847775021
37812111	0.00761184271373569
37814731	0.00112821512944201
37816320	0.0017156967319443
37817570	0.000620342558814553
37817911	0.0122400696814981
37819151	0.0860235802654081
37819220	0.00248214510324307
37820320	0.0178262893208502
37821030	0.00538559283932327
37821290	0.000726586458176604
37821430	0.000379640176475141
37823261	0.000543372351046899
37823670	0.000329979381081433
37824350	0.0098815130381086
37824381	0.000328583949219518
37824490	0.0053638597887557
37825280	0.000637856257156763
37825351	0.000258799977677768
37825481	0.00059080490810132
37827131	0.00480340477519251
37827261	0.00165612321209956
37827681	0.000798254698849839
37827790	0.00174677666807695
37828391	0.385948508983111
37828511	0.000269897353381369
37828730	0.0180132121668724
37829741	0.00198886110373185
37830171	0.000844364644765579
37832210	0.000269994196555754
37833720	0.000538345560859683
37833980	0.00823713444630877
37839141	0.000424229943966304
37839900	0.000447789958696696
37840200	0.00119724611545263
37841211	0.00197230656944574
37841280	0.000404322703221509
37842690	0.000143880951520467
37845481	0.179448976706255
37846520	0.000241606423909488
37847141	0.000389224400396032
37848511	0.00271055222810102
37849040	0.000485410044232912
37849440	0.00233076498876122
37852101	0.000400168071398003
37854161	0.0014051466824187
37854660	0.0112565261209191
37857580	0.000408159556297321
37857970	0.00217468928215005
37858591	0.000465281178259827
37861010	0.00168883354957804
37861471	0.00191969172070094
37863790	0.00353712115331714
37864880	0.00127440669464725
37864921	0.00969011955694124
37866871	0.00709983472028937
37867271	0.000364906860126851
37867401	0.000530207402175636
37867821	0.000385056130864348
37868511	0.00150623519127082
37869611	0.022971103504453
37871271	0.00791032136087494
37872330	0.00191660825801573
37876860	0.000208837310492526
37877040	0.000833021399382446
37877280	0.000942300613290928
37878930	0.000421944772405016
37879281	0.00204965607505299
37879520	0.00014737569174821
37881560	0.000329492789509379
37882031	0.00778198952607741
37883210	0.00311326906274756
37884740	0.0284368310596029
37885621	0.000594324510842077
37888030	0.0277527324442856
37888590	0.00122308337672555
37889191	0.0234445436049591
37890250	0.000438074731327617
37890380	0.000292164600442774
37890820	0.000428985270608669
37891821	0.000624802747780505
37891941	0.00943779881088831
37892070	0.000924720963571446
37892661	0.000315041924109337
37895271	0.00253284624976466
37896740	0.000289161669073298
37898851	0.000299622165429433
37900210	0.000338175657016098
37902820	0.00135151187645081
37903271	0.00394309734207559
37904070	0.000439280367369715
37905570	0.000561631505856933
37906790	0.000354530608209987
37909010	0.000346399184412601
37909150	0.000272065812193577
37912081	0.000261333956311926
37912740	0.0013169692982132
37913051	0.000864354468309244
37914410	0.00295942588988112
37914841	0.00027539658455001
37915090	0.0123963753792491
37920320	0.00185750843042648
37920330	0.006374477043871
37920651	0.00331723551333723
37921041	0.00120885684386752
37921570	0.000278550416834062
37922291	0.121673709617261
37922830	0.000353858907782483
37922930	0.000673693215423287
37923500	0.00025214139356748
37923770	0.0089500120701226
37924791	0.00345879119284352
37925840	0.000396843343443722
37926981	0.000292365821115927
37927811	0.0011157301553942
37927890	0.00197564623672643
37928050	0.000285186463212907
37928720	0.00282267693233262
37929191	0.00133933190486686
37930380	0.00169826228098483
37931230	0.0138505782790205
37931750	0.0342383940255031
37937051	0.00135847481967505
37941000	0.000171077454796391
37941010	0.00031568578114657
37941140	0.000309517003654683
37941181	0.000386753749016451
37941481	0.00616611802889328
37941891	0.0011717035849661
37944340	0.00254171554034656
37944491	0.00730786176026488
37944921	0.00033403224326844
37944990	0.000353781211745499
37945700	0.000242332551680292
37946660	0.000397620189690999
37947240	0.000407604066915778
37947801	0.000240474735950954
37948361	0.000217545882236667
37948460	0.000436794762300797
37953410	0.0030695704219167
37953580	0.000586897732453401
37956491	0.000413187531862661
37957860	0.00043071573371548
37960060	0.000656299359913592
37961430	0.368245995239132
37961471	0.000251697402313791
37962441	0.000384945571348804
37963330	0.000428541615918274
37965170	0.104961590322639
37965591	0.000830520713786604
37969540	0.0016387062019266
37970090	0.00568743545959627
37971230	0.00138983614210011
37973030	0.000218959725433482
37974260	0.0188208878757956
37977751	0.000387617434702444
37979821	0.00224840488238501
37981861	0.00133460207148676
37981950	0.000721293420179439
37982130	0.0029677662923434
37982790	0.0110491064436548
37983330	0.0237113553203506
37985140	0.000225586546787944
37986410	0.000206054984542921
37988081	0.00196555081833948
37989130	0.000944279740493214
37992351	0.001199647399356
37993140	0.000813897226401347
37995880	0.000348461249321313
37996180	0.00129479402949957
37996880	0.00569657930452604
37997130	0.000668473507866248
37997191	0.000224368700127088
37997300	0.00022356752286505
38000020	0.00189138407777765
38000190	0.000362091476015969
38002141	0.000439360042350183
38004231	0.000595729752136685
38004501	0.000342855747387092
38005440	0.0164746118050992
38008600	0.00165404506191038
38009430	0.000369724797227934
38009591	0.00438256194048311
38010360	0.000786204816459365
38013611	0.000320562667276667
38014561	0.000438127674936337
38014810	0.00147599778758381
38014971	0.000505880835881038
38015121	0.00067274348054574
38016050	0.000360982551841765
38016160	0.00104781604867627
38016330	0.000620808371459449
38016450	0.00287467774114296
38016491	0.000393268025662316
38017120	0.000209551941261094
38017270	0.00163218643894093
38018800	0.000324186324478888
38019490	0.0120561220199229
38019610	0.00364447434942635
38022301	0.000692558349840766
38023241	0.00151296424686077
38024160	0.00217141445238706
38028850	0.371892905904104
38032221	0.000400604621471776
38033871	0.000528334623657661
38034100	0.00153857430392903
38034400	0.552797127092196
38034950	0.000705473706880043
38035251	0.00195470324928128
38037010	0.000333553765900689
38038220	0.023389771405488
38040880	0.00428750276875278
38041000	0.000730290158378026
38041031	0.00259304712639494
38043651	0.00166941012189344
38044300	0.000248913934950647
38044450	0.000260003116660563
38044860	0.000447897944140722
38045991	0.0142427221640276
38046971	0.0136792404238181
38048361	0.000387510776898865
38050831	0.199884244526254
38051630	0.00114845507315314
38052030	0.000905574951287195
38052150	0.00184712382183156
38052850	0.000581090828175205
38052891	0.00184971093658216
38055651	0.00863951934078841
38056211	0.000197501828818602
38058131	0.019180810200117
38061991	0.0207708732121825
38063470	0.0892142497494247
38064310	0.0301865018343085
38065461	0.000482650327858889
38065940	0.000722666299095921
38066520	0.000477934646914146
38066650	0.000747565112768441
38069000	0.00126234483876146
38069010	0.0029180968578797
38071490	0.00464112893205421
38072320	0.000292947161633686
38072700	0.000278979155272736
38072880	0.000469813403106795
38073150	0.000337733458654366
38074490	0.00580454756732784
38074940	0.000466804280442164
38077441	0.000253534713407439
38078650	0.00152617852722673
38080150	0.000304005597632265
38081741	0.00285298280609622
38082240	0.000314992186356023
38083531	0.000748517941370732
38084351	0.0063331157949542
38084430	0.000242107439314585
38084730	0.35670125211786
38086681	0.000385793881571526
38087360	0.159714968966467
38089110	0.0007604731482475
38091040	0.00135502086075397
38091330	0.00220883795669934
38092761	0.105665375492272
38097840	0.000297094369561628
38098110	0.00196535855449963
38098541	0.000276795345119693
38098831	0.000373643428709745
38101321	0.00016112647026355
38102390	0.00069406878760685
38104860	0.00058732102856326
38110670	0.000413239660514907
38110800	0.00707353618276801
38115330	0.00106223342974157
38115371	0.00529734847563347
38115460	0.000518417193063622
38117591	0.00607997604445281
38120071	0.000975134053284884
38124481	0.000126890507025458
38125000	0.000711716331577428
38127521	0.000756822580034479
38133550	0.0332552558867069
38137321	0.0049749706149724
38138520	0.000183263472500882
38138940	0.000796250249690178
38141970	0.0358248918487254
38142900	0.0690017712853341
38143080	0.000518122929023225
38149571	0.00110098576685569
38151771	0.00018229766022096
38152290	0.000343638094947985
38153550	0.000208468879487465
38153851	0.00159657938025664
38154401	0.00095240861335331
38157140	0.0010588008296179
38157270	0.00141236562249883
38159880	0.00548036134498809
38163381	0.00505068535692725
38163781	0.000167967289152078
38164310	0.000247653289578925
38165250	0.0111740654130387
38165400	0.000242149712327221
38166131	0.0188200657356792
38167361	0.000605531871963731
38169930	0.00911723027255036
38172700	0.000330558703136719
38173311	0.000304883537225313
38173940	0.00497604500146519
38174790	0.00144398149505249
38176410	0.0020928407120915
38176461	0.000915630809243176
38176970	0.00934256296673034
38177530	0.000266536041044952
38177670	0.0031476525648454
38178001	0.202523490636672
38180201	0.000348412678679403
38181021	0.00433904468037461
38181140	0.0012148758782935
38183381	0.00771020896553481
38183870	0.000431314975978266
38185451	0.000738460167957354
38188560	0.00108913670521714
38188570	0.00198785775304151
38188611	0.00159737696975464
38190261	0.000275328515184456
38190801	0.000790613508656269
38193800	0.00044689041250109
38194671	0.000582529349500908
38196130	0.00166298906708822
38199210	0.00116701489226261
38200071	0.00547500366428118
38204751	0.000191340072457418
38204860	0.0011284688642509
38206681	0.000327396568348487
38206920	0.0893562447345627
38207030	0.00706869981192634
38208560	9.99076023341333e-05
38210801	0.0170797411374914
38212321	0.000504849819408249
38214500	0.00639736300258457
38215440	0.000739200285334134
38216820	0.00244473883486797
38218070	0.00300210213845748
38221301	0.000183131542993003
38221841	0.000387515370913749
38223211	0.000226571547215821
38224621	0.000286980376454044
38224720	0.0151413253482963
38225410	0.000318363258647883
38227040	0.00174885050151762
38228960	0.000383041299652154
38229571	0.00114606984972952
38230401	0.00118888235408037
38230650	0.00640491887073494
38231241	0.00167013691469628
38232440	0.000516966412201643
38233000	0.00234210797461802
38235050	0.00216105835406124
38236181	0.000426203138322628
38236420	0.000853032915097879
38236990	0.00942830564605827
38237380	0.00228328084599453
38245130	0.00176669755904304
38245380	0.00250078191936015
38245390	0.000885372493854701
38246900	0.00244535316552509
38248850	0.000551099627805229
38249090	0.00215755292108745
38249410	0.000588296062951272
38250131	0.000303929282664278
38251511	0.00172664439752329
38252041	0.000337198936882461
38253421	0.000244491370324697
38254271	0.000242163368101093
38255180	0.0125613371347579
38255901	0.000159343792133985
38256430	0.00474208054760097
38261820	0.0149472645426413
38262510	0.00392916318510953
38264591	0.00229683496181148
38265650	0.0018260377489951
38265991	0.00029565375672738
38267570	0.000529365279827084
38268201	0.000178627069826562
38269790	0.000423758863291985
38276331	0.00761281802360345
38277820	0.00455048537842464
38279320	0.00244238448696698
38279880	0.00555758477997462
38281281	0.000274637318215253
38281500	0.000292245430843419
38281981	0.000281273417563149
38282900	0.000351657312768444
38284540	0.024281801747247
38285421	0.000940823117021296
38286330	0.000320741202437274
38288321	0.000816868099178961
38290111	0.000783120476689124
38292830	0.000492914764637496
38293090	0.000229382803136089
38294391	0.000172963874339825
38294681	0.00040667191987693
38297961	0.00116989386882301
38300970	0.0306927550208205
38301920	0.00119129428923254
38302090	0.0157501915895615
38302531	0.00054434154872722
38303200	0.000540793788475397
38308120	0.000323541735733851
38308410	0.00266419704911252
38309431	0.00950946373017556
38309660	0.0198081797591146
38310360	0.000267392407605114
38313910	0.00100878272332241
38316321	0.000197572609831789
38319300	0.00144360266914063
38320871	0.000287304399084412
38321971	0.00070210293389867
38324810	0.0564337031424123
38326050	0.000107977671577241
38326220	0.000444680582316856
38326661	0.0113245324853535
38327880	0.00775441367990265
38331170	0.000664928531153277
38332171	0.000212197266532025
38332881	0.000389936456213718
38333220	0.000439153765627197
38334811	0.000456838925567516
38335440	0.329529956832669
38335751	0.00202998000082377
38336840	0.000252641687160907
38338651	0.00300829057179482
38340000	0.000379474324570149
38340140	0.000250237656727789
38341670	0.00414841241200015
38343081	0.000958548027994047
38344140	0.0185818564449401
38345220	0.00279833093673147
38347761	0.000481080110208535
38348140	0.000663215760797112
38348321	0.00969695722506789
38349510	0.0348229989097301
38349630	0.0317792878365956
38350480	0.0264606147977616
38354371	0.00482125766079117
38357400	0.000105043314334971
38357790	0.000699838613500432
38358060	0.000860989977429029
38360601	0.000412591197431712
38360950	0.00738266553365763
38361291	0.000349789411683626
38362231	0.00150861087640006
38363600	0.0685310908870144
38365630	0.00022227604383108
38369431	0.0924452015603497
38370900	0.000508046925330877
38372970	0.000315359970999343
38375720	0.000747321533031116
38376120	0.00976961026397938
38376171	0.00056816839843222
38377090	0.000496540304392551
38377421	0.010595482623549
38378080	0.00141154153316187
38379211	0.000372887946783313
38379300	0.00137236023009118
38380120	0.00303530554765988
38383860	0.000811413891749619
38384000	0.0313536638901622
38385151	0.00234742727290369
38386340	0.00316454431184215
38387290	0.00782245120541386
38388550	0.0130794087394636
38388571	0.00101750869741809
38389691	0.000491729065622448
38389981	0.000276713334438514
38390630	0.000329706345121684
38390661	0.000287904498658953
38390791	0.0133611019352111
38391030	0.000266334429747316
38392711	0.000697147994203369
38393350	0.00328861875695021
38393541	0.00550755661948569
38393780	0.000280339834200489
38394340	0.000234223742787394
38395761	0.000216496712163587
38396970	0.383247886724616
38398760	0.000837383386332762
38399160	0.0110356641678627
38403290	0.000574258273584735
38404120	0.00182202533622502
38405261	0.0248113526520225
38406870	0.000516955890150371
38407191	0.000329352725626825
38414760	0.0025232250952732
38414880	0.00059146470725202
38415471	0.00293677851955913
38416260	0.000147084306416438
38416591	0.000620130656811538
38419570	0.000299140325822064
38420260	0.0197732022377033
38420690	0.00105845834151222
38424291	0.00100921122088661
38427020	0.000776107673248791
38429121	0.000889028777820284
38429131	0.00749624078841641
38429900	0.000572403408861939
38430880	0.000348065433779226
38434101	0.000216604694119629
38434620	0.000353910083019573
38434661	0.000765918653228359
38434801	0.000580296849423466
38436041	0.377384372922362
38436871	0.000614881031387329
38437281	0.00899792789832635
38443611	0.0192195083462702
38448431	0.0151143921628402
38449541	0.00186036996115009
38452270	0.0011888462634695
38457220	0.0196484559398619
38461261	0.000526596373231336
38461490	0.0851055691012227
38464311	0.00375557918971304
38465620	0.0121821318936272
38466610	0.000256297147376934
38466661	0.00277031075389835
38466880	0.000638633508256706
38467730	0.0429200943667646
38469930	0.000323023794918477
38470620	0.178666638076195
38473630	0.0145389935053369
38474381	0.000387049881611502
38476550	0.266592755101551
38477760	0.000366369883579634
38478190	0.000410720908831639
38481510	0.000297316922255323
38483611	0.00409780068465217
38483871	0.00685933023655651
38486221	0.000140411519226257
38487000	0.000262120064788039
38490081	0.020218542237438
38490620	0.00886334983432623
38493811	0.0013783320399501
38497100	0.02796031813744
38498050	0.000707771848873392
38500161	0.00120687028357632
38501001	0.000119905074900988
38506511	0.000279806993440414
38508250	0.000454545773634369
38517770	0.00207785708124312
38521370	0.0101913462623886
38523570	0.00309397264251215
38524110	0.00190914730573608
38524141	0.00412584964162833
38524161	0.000301549071434378
38524820	0.0110158573231516
38528151	0.00092708977618277
38528950	0.043443297812289
38529360	0.0116296090528471
38529401	0.0138730665395992
38530330	0.000584333539268235
38531331	0.0552166099553353
38531820	0.00715255979176722
38532301	0.0101454662025304
38539591	0.000324840399003115
38540100	0.00100356010483997
38540650	0.000345067978471032
38541060	0.248365593867567
38542450	0.000221899023706238
38542620	0.0817915995955009
38543700	0.00100620250886944
38543731	0.00782315068262224
38544031	0.00175038492605468
38546351	0.00988679122159421
38551720	0.0328488236845253
38554491	0.000789698305566975
38558340	0.0336016085787786
38560230	0.000432313125473071
38561790	0.046876526199011
38562351	0.00096163425994273
38562600	0.0299874393391293
38565880	0.00274967439142218
38567840	0.000265375605725716
38568250	0.000970172716507781
38570081	0.0954522613636221
38570570	0.0029890421132492
38575420	0.001319412477535
38577920	0.0042919971608779
38578771	0.000601938429637421
38578850	0.000245218409256239
38579451	0.000369304209503222
38583830	0.000600781353510423
38584441	0.00537467487379262
38585121	0.00458277551205654
38586860	0.000767966022235694
38587321	0.00231587259357439
38587471	0.00293540235882278
38587611	0.000430522266576802
38590710	0.000488849965392919
38591970	0.00709431702164577
38594300	0.000596161832287334
38595270	0.00379141495910235
38597791	0.00020527257680603
38598310	0.00126525177886161
38599410	0.0131800576010173
38601261	0.000593483210536313
38601640	0.000392788015971799
38602891	0.0100638193581227
38603041	0.000708700477931062
38603160	0.00289628780425063
38603440	0.000278063209497835
38603461	0.000323997525231861
38605261	0.0002853196133146
38607260	0.00667189515401127
38607871	0.00285885905060047
38608131	0.00254202025147016
38608230	0.00695837575358176
38610300	0.000477184092588732
38611260	0.000308106593049882
38611530	0.00501502602329582
38613600	0.0020239853096162
38615150	0.00224052033234696
38615670	0.000471417605400122
38619530	0.000451262000922999
38623420	0.00109152138254535
38624131	0.000236887472190714
38624821	0.193847683646125
38624950	0.13863499724568
38625600	0.0101250429646695
38627150	0.0215313244202278
38627290	0.0369901222657437
38627550	0.00970882702545312
38628561	0.000184082654517531
38628780	0.000146154955051979
38629050	0.000547296863095163
38630030	0.00832210775331928
38630460	0.0103823417402879
38630771	0.0756705749695609
38631410	0.000354500136703198
38631420	0.0201652739722962
38631430	0.019709825331827
38632230	0.0269186149767625
38632681	0.00140414317592386
38633101	0.0007302746935953
38634310	0.00757309216868031
38634460	0.000232122103740422
38635041	0.0293809664060709
38636001	0.0199661905009539
38636510	0.0014413429906107
38637101	0.000550768760201128
38637921	0.000112547639588217
38639601	0.0124298752886385
38641791	0.000375050410542489
38644770	0.000247239501566459
38645360	0.000363744985716826
38646440	0.000304825789680712
38646751	0.00230360729779707
38647461	0.000436954511888829
38649470	0.000417085369533498
38650290	0.000797385945821419
38652541	0.000308695021179782
38653180	0.000331184326262297
38654730	0.000383271712180088
38658081	0.00484104984648331
38660281	0.000224639978988006
38660630	0.000428796535740681
38663290	0.00150939244587108
38663451	0.000353354841136645
38665531	0.000398743615199327
38665760	0.00540274014375148
38667110	0.000122977064417673
38667570	0.00192911611650843
38668551	0.00844726959699064
38669210	0.00029878397619746
38672250	0.00392823853494068
38674491	0.000234794473097257
38677620	0.00610864192282898
38677641	0.0103471263726337
38678310	0.00175105340167779
38678590	0.00743510142228485
38680770	0.0104834467337804
38681200	0.00128403455820469
38683250	0.00023973298408119
38690331	0.00232894477070611
38692411	0.000119975952084536
38697200	0.00147065728692811
38697350	0.00043623689126688
38698570	0.00053315727968856
38699700	0.000581400846843291
38701330	0.0011221576943572
38701450	0.00162802774609933
38704811	0.00159774294354686
38705111	0.000340188081905029
38707520	0.000314574075786004
38707950	0.000531593742989148
38710840	0.000298324342271303
38711000	0.199075712959224
38711400	0.000798590997916929
38711800	0.000527014188048835
38712510	0.0136622262823901
38712630	0.00427778612965237
38712770	0.000595075900457606
38712940	0.000411853237588606
38713330	0.00179170719721864
38713480	0.00597783692893598
38715041	0.000248678356202861
38719560	0.0384513883742229
38719711	0.000921334400470126
38720831	0.000294784797307335
38721641	0.000404305243806283
38722341	0.000210669613290467
38723291	0.0124937621645048
38727260	0.0060568329035844
38727380	0.0468637192502555
38727851	0.0148979598043155
38733511	0.000754407145253154
38737371	0.00375532366095484
38738440	0.00108965998984688
38739181	0.00330913219174834
38743700	0.00096437863625057
38743711	0.0788722408556964
38746430	0.000706872964746839
38748930	0.000226223008396838
38750580	0.0169520628151831
38752531	0.00175715465662575
38753911	0.000692095070662884
38755130	0.540924272675243
38756380	0.000318035851151211
38759690	0.0011771734819237
38760370	0.00345911188546897
38762690	0.002083268584806
38764100	0.000538770430291326
38764780	0.000280381881475397
38768380	0.00121107271538152
38774150	0.0126024354655739
38774420	0.000813536416866666
38774481	0.00515109773096044
38777330	0.000412714988762123
38781350	0.000445747909428622
38781740	0.000269249973189962
38782820	0.000160542497885614
38783660	0.0109028122963151
38787431	0.0050987216887127
38787991	0.000271347158981287
38792090	0.00635973550599176
38795151	0.000292798731669657
38795161	0.00232742540046837
38795981	0.00218912793863174
38796340	0.000414713290453171
38798820	0.000232623946623489
38800080	0.000259240736701717
38803130	0.00180412959992533
38803390	0.0205328271079902
38803441	0.0713329429710247
38803940	0.000507288416441293
38804920	0.000291642400425281
38804941	0.00272382576748331
38806140	0.000341916305309067
38806270	0.000444154088102033
38808951	0.00159948420667178
38811390	0.0164335760346499
38811920	0.000461385890461413
38813170	0.000512633937538303
38815530	0.00402144844480486
38817610	0.0012650094031102
38818201	0.00186141131889243
38821480	0.000751599470487663
38824240	0.00518717466184816
38825771	0.000347012735858917
38826850	0.0195264284052168
38831161	0.00456869556993473
38831930	0.000295867267725529
38833050	0.00310901300871559
38833491	0.000750385421619502
38833580	0.0133556257492784
38835441	0.000403700364728505
38835930	0.00038489529223644
38837850	0.00142182576637502
38838570	0.00029529068907712
38838970	0.000353149898809376
38839960	0.000450299936743718
38840650	0.000442442007708507
38841320	0.000543417235458611
38841351	0.0256868991287997
38843270	0.000197145680576156
38846471	0.000464131140501432
38847640	0.000646836979285795
38848111	0.000699521461951663
38849211	0.000315678614926917
38850000	0.00164222060609033
38850400	0.000697499263932392
38850410	0.00106700276526146
38852490	0.00537602268925109
38853850	0.0057954587111368
38854741	0.000328918098861043
38854980	0.0258999418371199
38855540	0.000689925696237686
38856340	0.0284731443763401
38857740	0.00149769423728891
38858741	0.0211278305351904
38860650	0.000514494357577345
38862990	0.00636883301990875
38863021	0.00030680024599797
38864220	0.000530204390549229
38864630	0.000344876314812428
38864791	0.00321654206182716
38871431	0.000344629004136041
38872620	0.00561845967403685
38872661	0.000456552568161577
38872900	0.00290063099083986
38873850	0.000353601825614035
38873990	0.0070188586814205
38874540	0.0118864043363768
38875250	0.01476475489509
38876620	0.00951003181246557
38880251	0.00416027373604147
38881990	0.00162046567288438
38882321	0.000684461330096183
38883240	0.025303105748021
38883650	0.000623562716767155
38886311	0.0141034021868481
38886871	0.000241600933680353
38889750	0.000378101955179563
38890611	0.00958702848386078
38892490	0.000497031415932131
38892760	0.0013762053083696
38893160	0.000891060147908194
38893761	0.00264397598417811
38896121	0.000253547986874722
38898120	0.00488784481850752
38899151	0.000443417438496561
38899851	0.0135899173713396
38902130	0.00194761106018776
38902980	0.000292665193151378
38903500	0.000337311316016888
38904740	0.00306664741812939
38909501	0.00205470013524951
38912190	0.00418967218120984
38915520	0.000409996180590271
38915810	0.0283347275765801
38916600	0.0012980963019031
38917190	0.00215307695438628
38917310	0.000567015143234779
38917710	0.00286897371208188
38918160	0.000784887455263392
38920360	0.00215453395735889
38921201	0.00489075953063575
38922120	0.00916159564270004
38922260	0.0001934632782156
38922991	0.0735628143571646
38924890	0.00136113292622113
38925481	0.00146894287431983
38925641	0.000581900480401678
38927120	0.247909784758725
38930270	0.144130735189143
38930301	0.000554762420128114
38930830	0.000298179416104661
38933631	0.00447857066899191
38935220	0.000815576274685519
38936931	0.000271716862799773
38939821	0.00028252547930038
38944490	0.0107134926233654
38950461	0.00322074619575896
38951291	0.00704997613455997
38951520	0.000754231367247059
38953771	0.00332504465616463
38955981	0.00319405508596843
38956521	0.0343008330049203
38958410	0.000360444314033793
38959141	0.000231972937884109
38960121	0.00466258082523024
38960251	0.0503448406953285
38961720	0.000287390723502409
38961891	0.0457475175161205
38963490	0.000275614071733374
38963640	0.00046695872308832
38966800	0.00482848135584804
38967930	0.00300404648364499
38970700	0.00597903028755167
38972730	0.000390214680412402
38973771	0.000562238153048888
38975630	0.000342134330290794
38978181	0.0102847504926812
38978820	0.000359835338729277
38980320	0.000328798209610452
38983910	0.00116434139865616
38984531	0.00204932833796044
38986041	0.00103793810724335
38986171	0.000193658935118185
38986601	0.000219135828329718
38986950	0.00019560612125154
38987350	0.000350502697541091
38991670	0.0151400123105657
38992460	0.00989266326770479
38992521	0.00128180568143668
38993901	0.0294357088438784
38997600	0.00016297902390625
39003630	0.000465543100426838
39004080	0.0026283573085868
39004180	0.743584364114274
39005040	0.000517565725579938
39005310	0.0234061999707963
39007350	0.00149938611953586
39009160	0.00183156230625524
39010000	0.000348230275538615
39010390	0.00221210923845126
39012361	0.00039140679393202
39019271	0.00162763913623933
39020450	0.000491083540269903
39021180	0.00129900046935854
39024221	0.371441936023086
39025000	0.00640213430188245
39029980	0.00107730382169813
39030410	0.000110352229700279
39030960	0.0161113286055624
39031261	0.00160531764285423
39032651	0.000572641149236207
39033150	0.000639206307748467
39036320	0.000285666951368579
39038031	0.000508274661745269
39042981	0.0016836810052271
39043831	0.0043799262180364
39044651	0.0326189683751323
39046530	0.00067961178823837
39049870	0.000265788914994184
39049891	0.00139003689523559
39050011	0.00051995839668425
39050250	0.0193910031396956
39053990	0.138169642689125
39054390	0.0029683876975713
39058820	0.0023844128019837
39062810	0.0686341492185496
39069611	0.000401517375613346
39069761	0.00186302896344727
39069830	0.000478585197502189
39070021	0.124399099091831
39074161	0.000312081474194265
39081580	0.0225928018638184
39081761	0.000469240021046341
39085741	0.00108115154144508
39086940	0.00786271292002957
39090820	0.000149787429939691
39093071	0.000582644334346424
39094701	0.000368721784986902
39098291	0.00342652950326239
39099391	0.000653220828881337
39101871	0.00285118196353641
39102400	0.000299081110651586
39102810	0.0199757074142023
39107070	0.000976641716381867
39107340	0.0303335409303714
39107411	0.000394353685564339
39110670	0.00791381451817525
39110920	0.000207814063446094
39111790	0.00284646149141466
39112921	0.00039935209155634
39115411	0.000183267350589985
39117000	0.000472003562924573
39118421	0.000612644140986798
39119920	0.0131182473781746
39120101	0.00410269498435144
39120860	0.000301350133354896
39121331	0.00373571205138722
39125960	0.000415209258995104
39126441	0.000239952032769609
39131271	0.000948599023669362
39133891	0.000502896059473028
39134250	0.000135531494918009
39138151	0.0011927806036401
39138920	0.000274719348654513
39140091	0.000587335686515957
39141300	0.000910058117371751
39142130	0.000504432422021899
39142240	0.000373325695394659
39144450	0.000310406741396919
39144710	0.00615681684924566
39145290	0.000306951889055586
39145700	0.000798765054591305
39146820	0.0279121148424113
39148631	0.000489604471837332
39151330	0.000394878810443851
39152040	0.00104686844738692
39152720	0.00136013110713093
39154851	0.00251741719640111
39155230	0.00465271898576339
39155750	0.00190636653555135
39158151	0.000900389034703395
39159671	0.00179008241489079
39160570	0.00197561212444122
39164600	0.000422460841841097
39165020	0.000289482451935945
39165960	0.0239039235025565
39166001	0.00583706803338494
39167210	0.000366914061424197
39170360	0.0040774487619169
39172231	0.000151888221823303
39173670	0.000309962520258669
39174510	0.0020282457706148
39175770	0.000959376039098866
39176020	0.000430766086998078
39177861	0.000741746291601424
39179760	0.014868905906127
39179910	0.0187126179579674
39183370	0.000847939925739913
39183681	0.000374382450838213
39184040	0.000369804633323064
39184050	0.0556601709417056
39187671	0.000322282604184797
39191900	0.00253148575049418
39193591	0.000913629056941486
39199251	0.00998655969894043
39199360	0.0150821613000388
39201960	0.00135524635221217
39202770	0.000657338152796651
39204590	0.00412501254326228
39205041	0.00415303869402711
39209321	0.000275771550473862
39209591	0.00445276507709684
39211090	0.00177817989463805
39212351	0.000295913187896206
39216710	0.00258849672962438
39216751	0.00148720092370149
39219931	0.00063085063163831
39220600	0.00357687220078972
39222551	0.00377650300240248
39222920	0.000293785397220876
39223900	0.000280994077655272
39225181	0.000924398385706195
39226250	0.0198342117231165
39227231	0.0782214238609328
39227880	0.000219999687317726
39228850	0.049658873235464
39229540	0.0375013193924684
39233700	0.000575626485067976
39234510	0.000202378848442017
39239200	0.000429042650387736
39239740	0.000213077545791185
39240911	0.000348194540697894
39242790	0.010359923544809
39244570	0.000338315656506696
39244880	0.00112738904476744
39246660	0.010761216961048
39247890	0.00028995602918118
39248201	0.0013715193859299
39248320	0.00276496511082563
39250790	0.0581591879524988
39252860	0.000593268831366575
39254401	0.000750707641460549
39255371	0.000373642319830608
39255641	0.00446690417773314
39255880	0.00140113319888838
39256081	0.000383813772341243
39259241	0.00503745054538136
39261250	0.00173182284303179
39264061	0.0325232062411356
39264170	0.000504548313823673
39265311	0.000521026885389696
39266080	0.000503151930935201
39267470	0.00145557126672853
39268170	0.000236259066599424
39269430	0.00295339429527046
39272491	0.0003781164449713
39276761	0.000496894238772094
39276860	0.000534212416118358
39279210	0.000202503332481463
39280050	0.00423947292024664
39280901	0.0089208659930206
39283450	0.00166475829167022
39284221	0.00246002456385815
39284331	0.00203571976843127
39286230	0.00219490854969514
39286691	0.000989689108085229
39286900	0.000332494086219696
39287101	0.000206055809283044
39290250	0.000933313857405255
39290510	0.00284865364395444
39290660	0.000321284970808324
39296020	0.00049852318101769
39297301	0.000599694859228722
39302640	0.0732335575365755
39302831	0.000276019079019557
39303781	0.0039106325996111
39304751	0.00198161216129249
39309591	0.00988990295934118
39310510	0.0004690170972913
39315521	0.000176805467046308
39316471	0.00141506184124072
39317420	0.000385568044937364
39322790	0.000289730789713544
39324491	0.000752435550081549
39325021	0.0220987141339773
39328990	0.000363172740170749
39331210	0.00924375414499182
39332170	0.000640496321781551
39332471	0.0123967333143711
39332491	0.000451341806686462
39333011	0.000260588649702159
39335480	0.00151979867332614
39336040	0.00333206979808834
39336580	0.000265999499695685
39336710	0.000186470326412862
39336990	0.000521756132689439
39338100	0.000465173440683046
39340180	0.000274802843769889
39340440	0.000543734408534028
39344010	0.00187504612607902
39347231	0.00351312128176397
39349390	0.0166153743714627
39350070	0.0105967358447187
39352211	0.00180347889462321
39353270	0.00216023349063365
39355600	0.0057216233701705
39357130	0.0423913175888238
39357561	0.000321168708170142
39357571	0.000396450734734827
39357581	0.000167582146928191
39358251	0.000483685734204123
39358910	0.00146276362042492
39360980	0.000309607849680802
39364871	0.00235706261096769
39365161	0.0591738085250352
39365670	0.0206030423422531
39365810	0.0545276338009503
39366131	0.0245008951611865
39366541	0.000573634585113579
39367651	0.000615173177673254
39368461	0.00239470473934918
39369280	0.000780625379996329
39369960	0.00292022670093647
39369991	0.000373214297460191
39370920	0.00306653215695129
39372061	0.000394436334600632
39373110	0.0387812363031974
39375631	0.000305155689110476
39376980	0.000575253075267714
39378500	0.00424664477048934
39379060	0.0512840514483936
39379070	0.171324572453683
39380041	0.000322834623780725
39380410	0.00114218273824767
39387610	0.00128568549738351
39390251	0.075904315120144
39392410	0.000397630485271984
39392820	0.00341241492412772
39395221	0.000204675861890189
39397561	0.00162949405027481
39398380	0.00340056727635852
39398640	0.000777615528479107
39399850	0.000248869195263689
39403101	0.0012157936458122
39403480	0.000752162523476506
39404290	0.00136545544625775
39404310	0.000184077701448742
39404690	0.00249283664664161
39405711	0.0811824810634855
39405820	0.000792088310406606
39407371	0.00388800680222316
39408540	0.000307871323641803
39410411	0.000748320563610615
39411351	0.000341588623390968
39412840	0.000397717409154063
39413380	0.0016242123519607
39413530	0.000463087697648278
39415310	0.00521142278729046
39415580	0.00035401858304418
39415641	0.000446628304165405
39418220	0.000249265430443688
39419450	0.00153319365110279
39420400	0.0884304805753386
39422780	0.0109895760721715
39423371	0.000592185286872684
39423911	0.000502109397371104
39424690	0.000760405567973176
39428980	0.000561706302123428
39433421	0.000615043309495009
39434350	0.0317925426681722
39434931	0.00271385996883304
39439160	0.000403936286767974
39441240	0.000347817502072937
39441400	0.00303889729326057
39441810	0.00113134148710898
39444321	0.049555911330008
39445250	0.00154323843008449
39446521	0.00127650199958834
39448420	0.000787968941027718
39449421	0.000686628588058665
39450121	0.00140491406051773
39450261	0.00403488769178103
39450640	0.00328265386409194
39456181	0.000267552702016163
39459180	0.000748056373416359
39459190	0.0477377784763618
39460031	0.00406682636219205
39461021	0.0030309741747189
39462050	0.000395229131466374
39462190	0.0323318287920177
39463740	0.00043126687941957
39464260	0.00030341176786847
39464741	0.000337968134925204
39464820	0.000466971767168221
39464970	0.000379752226734235
39468960	0.0005819081727306
39470391	0.0405671015743657
39470951	0.00027668106795687
39474600	0.000482998346361992
39474630	0.000385425980931859
39475921	0.00574881583278794
39475980	0.00215298059570469
39476290	0.00233791502912352
39476560	0.00845602725992244
39478350	0.000625782291197745
39479740	0.000199138291021906
39481380	0.00147685818631556
39481520	0.000326976762237679
39483631	0.00490730015062735
39484260	0.000360677390464031
39484440	0.000466623433880571
39486370	0.000538659179218058
39486791	0.000394788587595327
39486941	0.000106914880673856
39488031	0.000741028758057355
39490661	0.000268897786222563
39490671	0.000305617286838864
39491710	0.134332876067529
39495751	0.0419105038552161
39496471	0.00219732514015873
39497110	0.0003690465055402
39497920	0.00232548133044323
39498200	0.0660663781756463
39503341	0.000434983298246
39503980	0.00235091054796977
39505431	0.000264658558682925
39505790	0.000302399871017866
39506340	0.000457559565489705
39507020	0.000433881860607052
39507631	0.000771188601620947
39508010	0.000686672613852637
39508461	0.00484201300959838
39508960	0.00028825848990686
39509831	0.00694029194187344
39509940	0.000302333403443249
39511010	0.0123046483422222
39512000	0.00863809648809969
39512850	0.000298318217716336
39515221	0.00632562553591489
39516331	0.00124978457564033
39516991	0.00359607322349109
39517380	0.00141782410750006
39517510	0.00354050656701882
39519560	0.00171633816272659
39519710	0.0127035885959164
39521821	0.00691196824876408
39528010	0.000503002109886428
39532940	0.000259711814861908
39534360	0.00325228775606094
39535061	0.000314184603320747
39539440	0.00415866699048176
39541810	0.000486516469127655
39544840	0.00024653309045959
39546870	0.00048910858033701
39548010	0.000257194327161052
39550180	0.00115494738314685
39551040	0.0592005239511343
39551580	0.000284834976037855
39551600	0.00349535433900719
39553370	0.000386291691919155
39553530	0.000770032108717038
39555280	0.00108476658487604
39555361	0.0214492601566888
39556171	0.00815953603106098
39556871	0.000185672207177175
39557401	0.00641234092738441
39560301	0.00182511532022592
39560700	0.000213118042302864
39563870	0.00652531577419174
39566080	0.000999985648335046
39567081	0.00034214350389186
39568311	0.000417645029122749
39568950	0.0166735233213908
39569821	0.000243196602537483
39570360	0.000335999483394914
39571061	0.000394931480126699
39572171	0.00199388502534918
39572451	0.000235033381704582
39572840	0.000171419314153211
39573250	0.000285164670692054
39575081	0.00448707662669696
39575980	0.00103925965379033
39576581	0.000366522637842462
39576591	0.000405375002852471
39580810	0.000336696549208669
39582890	0.000711563528464329
39585411	0.158474915837466
39586501	0.0210543668964626
39587631	0.0023294946582851
39588420	0.00125762671423116
39588940	0.000363837693690118
39591481	0.0466992177214728
39591580	0.00164269266049718
39592840	0.000404257198623799
39595870	0.00425719820855579
39598501	0.000602663084163651
39599201	0.00480536174417908
39602361	0.00181041636467775
39603020	0.00111236371158647
39603040	0.00257325880257624
39605780	0.00025999476011389
39605951	0.0195284863943544
39607870	0.000282677951651479
39608031	0.00119858544543365
39608270	0.0607804837681982
39608711	0.0335193042452659
39609411	0.000271207986557283
39609490	0.00378284350713061
39609561	0.00180852550637052
39611601	0.00052951193479085
39613401	0.00165226959956897
39613930	0.29884746913167
39614340	0.00196109256145255
39615891	0.000298988422946859
39617360	0.000393360245379028
39618210	0.00059882476570123
39619170	0.000220267753720175
39619560	0.000499113675124592
39621110	0.000273249868050278
39621541	0.00159567371692905
39621821	0.0013680612133653
39622911	0.00308470528907888
39623020	0.000599517705456929
39623990	0.000587872482781183
39624851	0.000208098163249699
39625401	0.000741115570620698
39626190	0.000720362571937095
39626490	0.00973789298468726
39626781	9.61972759974451e-05
39627290	0.128191767368946
39628100	0.0380952154818291
39632110	0.00104230471680462
39632841	0.00109079989404298
39633121	0.0039494492110637
39634170	0.000420926092476699
39635010	0.000362578964153988
39635030	0.0489370188108829
39635351	0.00149651667359616
39637660	0.000297141447587431
39637910	0.00143380048560338
39637930	0.00100250764217599
39639430	0.00665996507677868
39641391	0.00026936341555892
39642330	0.000318914551398636
39642651	0.00161011703838916
39642771	0.000167748653239159
39643840	0.000473321667123606
39644000	0.0537901117296679
39644841	0.00246184827883817
39645230	0.000475864337214127
39645691	0.000370773894591988
39648451	0.000412848882328274
39650040	0.00174369101344991
39650180	0.00238939128219726
39652670	0.000416512647810525
39653080	0.00019262126564828
39654460	0.000255513621034409
39654480	0.000263671185333274
39656810	0.000389779471859128
39656820	0.000906958195144591
39657340	0.000384112829925023
39658720	0.00350511671958391
39659000	0.000347637718586464
39659840	0.000553028676825038
39660830	0.000358443831513968
39660841	0.000341040103092727
39661510	0.00305463166632642
39662781	0.000289786502403665
39664550	0.107778847594357
39665200	0.000532631676834959
39666771	0.00645860862478437
39667850	0.0027974170215458
39668100	0.00173426214601017
39668510	0.000154882162491952
39669230	0.00047416359060145
39669541	0.00598179608806693
39669801	0.000533659591004288
39670081	0.00024334410731619
39670460	0.000760952697107195
39671300	0.0021522728181766
39674511	0.057009516885653
39679310	0.0382713583532216
39680810	0.000371410665806985
39684130	0.000872584732286688
39684950	0.00141971392590968
39685131	0.000692274362300733
39686060	0.000297316726641516
39688930	0.000451820499781602
39689360	0.0182602124771511
39689900	0.00140232891055799
39693220	0.0369783129615174
39693630	0.000381761360386906
39694330	0.0009803496252359
39694931	0.000403510617291351
39695000	0.000484291150811317
39695820	0.00136438115194639
39697100	0.00168621049923744
39697251	0.0266443173578596
39697370	0.00167780006466198
39699270	0.000214493885027594
39700390	0.000245806126831321
39701350	0.000509477324016572
39701551	0.0106787332794194
39702221	0.00089449134834658
39705480	0.000289460490149029
39707010	0.00169670314721975
39707201	0.00984511902127858
39707960	0.00294328958717353
39710231	0.00144557942450883
39710351	0.00617362293528119
39711061	0.000353939099672496
39711471	0.000843640766292208
39711970	0.00165304223877228
39711980	0.00019873722538864
39712141	0.000421290463786908
39712400	0.000302768453267448
39714050	0.000411205500710024
39715311	0.00113790005774151
39717661	0.00160262023040163
39719051	0.000401488702457579
39719420	0.000333230900228334
39720120	0.00689797863954561
39720141	0.00178874777719793
39722160	0.00137257994859961
39722211	0.000230717936980546
39727451	0.0038246368971135
39727980	0.00129440225712916
39728400	0.000439136929284871
39732820	0.000348831762985543
39735171	0.0104452757092886
39738200	0.000589463506717592
39739710	0.00274275938955779
39741210	0.000264164274392899
39742200	0.000789087369578913
39746450	0.000557411565483081
39748281	0.0288969289516018
39748841	0.000638305043130491
39749090	0.000412198593060362
39750740	0.000187778994590817
39750921	0.000923913903350992
39751171	0.000500464263878509
39752640	0.000359516440222983
39752940	0.000335624431989842
39754351	0.00132430120389721
39754610	0.0484059960743324
39758351	0.000522674133302523
39759861	0.00345846477867082
39761531	0.00326254627260618
39767850	0.00104528768853441
39767871	0.000629364080809514
39768021	0.000354314919761768
39768800	0.00954711464616534
39768981	0.000261458448368474
39768991	0.021082535422855
39770600	0.00121691948983984
39771130	0.000317943304890769
39773200	0.0258178301574077
39775000	0.000477021158641035
39776831	0.00392459819198281
39778091	0.0156288900689539
39778430	0.000379678264247523
39778730	0.000602737526637263
39779430	0.000472681225990209
39779471	0.000723418049937109
39781121	0.00138925527499704
39781190	0.00256437311938011
39786201	0.00035462016030306
39786300	0.00164714483005852
39789220	0.00465060882994028
39791721	0.000433846213213321
39794710	0.0270923777581358
39795830	0.00149080549951082
39799601	0.00206082347262379
39801500	0.04217519750615
39801770	0.00195469282900268
39802771	0.00301855975886891
39805941	0.00034020015872961
39806460	0.000759143518996081
39806980	0.000520130300765846
39807420	0.000293218463991329
39808260	0.000350029661235288
39808670	0.00350414415039501
39811991	0.00026336346450249
39812780	0.00140220214098622
39813220	0.0187217784679153
39815960	0.00116161277222708
39816770	0.000127219200461268
39816910	0.000676921247137171
39817050	0.000676597364911782
39818221	0.000140212169797302
39818310	0.000418294939138578
39818631	0.000367942597144384
39819280	0.0134341475709536
39821460	0.000347826223944129
39821470	0.00432961349794866
39823120	0.00266033629052864
39823270	0.00145407863282597
39823861	0.00194861705008619
39824551	0.00243606871894583
39824841	0.00766169104118798
39824981	0.00533539766358139
39825500	0.00199161269637596
39826061	0.00615799958805469
39829470	0.00048692063722259
39831441	0.00057381869138187
39831601	0.00095601106861436
39832230	0.00246904933863138
39834460	0.0128742774146847
39835031	0.000619535064823938
39835741	0.000939788788191416
39836090	0.00453548677256408
39836120	0.000260660782894683
39836770	0.0431691300047289
39837531	0.000311676981477221
39837811	0.000230286780163157
39838351	0.00699750320906373
39838590	0.00367538415718806
39839840	0.000572961194219477
39841391	0.0215634880421478
39843851	0.0192781236148675
39844401	0.000747800367999002
39846771	0.000339419302252003
39847420	0.00060661364471799
39848350	0.00168758506954538
39849040	0.000285408869198047
39850980	0.000885962738496906
39852810	0.00128098129389131
39853511	0.00301052927177209
39853651	0.00111338771040291
39857340	0.106780606760604
39858420	0.000283082940652074
39858751	0.0122390220941494
39859021	0.00134124526130582
39859721	0.000309036403264036
39861781	0.000951811305952265
39863960	0.000440334026880738
39865091	0.00361483124261975
39866201	0.00232039506255755
39866580	0.0131926484279666
39867140	0.00144032096370584
39867670	0.00265392926968171
39868250	0.000394498717587767
39868951	0.00236048470211937
39870020	0.00788634499612161
39870830	0.0153713486319778
39875000	0.0615454758596593
39875150	0.00051545970003421
39875181	0.00040259592060904
39875851	0.00021487268867727
39875871	0.00318079083651652
39878840	0.000651426603274246
39880681	0.000302605995274344
39880951	0.000209534351425381
39881350	0.000472633344421909
39881371	0.0121862136929459
39883250	0.00127989446380264
39885080	0.000518478227385889
39885890	0.000261596561903864
39886081	0.000312842363529696
39887940	0.0145933081187492
39888961	0.00544201941047764
39889750	0.000568789026020716
39891280	0.000374247114363325
39892551	0.00178636138993593
39894040	0.00392197647641966
39896831	0.000993306491539458
39897630	0.000555568135479018
39898351	0.0246602310133594
39899670	0.000174450919018647
39899841	0.00039584572335093
39899871	0.000118110743494543
39901760	0.000544283566252165
39904141	0.000428935594973059
39904250	0.00642231786304811
39904390	0.0332366746877941
39905921	0.000285097424066987
39906020	0.000532912101783219
39906440	0.000270753212068435
39906730	0.00642489335528535
39907000	0.000342145377459541
39907560	0.00219084121718342
39911130	0.0238943617279218
39911291	0.000314123015603774
39911571	0.00032595884703048
39912271	0.0345301895782218
39912951	0.000393184789161832
39913641	0.00740923239145927
39915410	0.000242966507993161
39916131	0.000591057646853088
39920660	0.00232140124250051
39921641	0.000413806429904435
39921740	0.000694295819755649
39922751	0.000528553429866518
39922860	0.00205050608279415
39923250	0.000573799910795454
39924961	0.000309007889884062
39925070	0.00117859691727675
39925371	0.00384426975416383
39927000	0.00139612888011023
39927830	0.000345738078564425
39931861	0.000473499391244077
39933631	0.000828207625170289
39934061	0.000335954078075169
39934310	0.00852115760755594
39935690	0.317139648303027
39936141	0.000291819640173857
39936681	0.000271097721546773
39936910	0.000625567570620246
39937750	0.00139168217516872
39940131	0.0010349525527289
39940630	0.000399819130632672
39942860	0.00266854378391975
39943820	0.000672714835162422
39944370	0.0166948912045597
39946020	0.52595534597918
39946840	0.384074759721523
39948510	0.000439484932028666
39949590	0.000349489434701606
39951530	0.00158526878802373
39951571	0.000403641305306187
39953310	0.000233620629867769
39955021	0.00308843932180792
39955680	0.0430743822291093
39955950	0.000270334011808559
39957771	0.000493906101110177
39960111	0.00292561405262771
39960790	0.010399209961367
39961740	0.0102454859474901
39965610	0.000401448429620283
39966170	0.00893253784428885
39966321	0.000952537974637893
39968001	0.000287397182228714
39969371	0.00163452920782082
39971270	0.00131450556004323
39971670	0.0490102908229499
39972370	0.0186425500827383
39972531	0.00223680620632631
39972930	0.00755166683298939
39975380	0.000345552822136059
39976240	0.000248356668632359
39978020	0.000375786634566438
39978181	0.000865111529752598
39978611	0.0033562919476521
39980340	0.00128729127564834
39981641	0.000628511928266558
39981720	0.000869815293198231
39982300	0.000324815823419552
39985730	0.000614834609495514
39987431	0.00126702136175234
39988620	0.000287545098410038
39990140	0.000370684538761998
39992490	0.000183817107640994
39994000	0.00734515363704919
39994440	0.00270302834451015
39994871	0.0131069898167702
39996821	0.0018607670391259
39997030	0.000432580520735786
39997720	0.00148700930222484
40001091	0.000498606073922228
40001850	0.000511198054969494
40002061	0.00820561995700839
40003431	0.000428282719050667
40006201	0.0327813410810131
40006700	0.0267285062496984
40006840	0.000398834791631488
40009221	0.000437388813697407
40009600	0.000427103390309714
40010130	0.00134966168272889
40011920	0.000340772005909513
40012470	0.00223531441131076
40014140	0.000213468464815174
40018471	0.00416821058666354
40021580	0.000802464520157235
40021641	0.00447536747224842
40023021	0.000390930766707228
40023380	0.000235714032065126
40023800	0.000731882803048641
40024200	0.003367319608746
40025901	0.000260840699284412
40033761	0.000180297310976174
40034010	0.000464806665849674
40034270	0.0438405694951262
40034440	0.000209464112052029
40035021	0.000198689332735296
40036510	0.00682718050578895
40038601	0.363422551314046
40039110	0.488841544538759
40041050	0.0040726725645245
40042130	0.00040077916740859
40042300	0.00173246503643919
40042550	0.00383947586984976
40044900	0.000311175413430591
40045371	0.000447787029849094
40045720	0.000320540619348259
40049341	0.0898436666303979
40050960	0.00369095190639391
40053020	0.00188414350352664
40054540	0.00967085537134667
40061160	0.00720189363199296
40061170	0.00272468444674638
40062010	0.00208543177045306
40062191	0.000341870769539856
40063660	0.0387557855505313
40067800	0.000221089945736846
40069030	0.000427182931461957
40071141	0.00251628972357981
40071230	0.00827509105849107
40071961	0.000260254520187216
40073231	0.000612345565705636
40073730	0.000298420392598994
40073771	0.000565801308028249
40075400	0.000569589391616806
40079571	0.000387690013488507
40081980	0.00454893068170458
40083981	0.000369282854264733
40085491	0.000676945724667346
40086591	0.000424001837023591
40086710	0.00383838520035056
40088620	0.000891782826960459
40089610	0.00105977688273577
40091250	0.000550212033249516
40091681	0.0441911379571907
40097980	0.000940313182448009
40098420	0.0055075853289475
40098991	0.000279916116927919
40099120	0.000459127439582886
40100801	0.000526687012927364
40102250	0.000340515713221133
40102321	0.000885466888313525
40108231	0.00561169821318749
40109590	0.0035759346737107
40110851	0.00406260782042522
40111630	0.0722796325003451
40112180	0.000372600108258279
40113560	0.000396642808385991
40113891	0.000597263327160109
40115920	0.00788587943443499
40116640	0.0213753895926468
40116921	0.0581025196511624
40117061	0.00023551712562999
40117840	0.00017925851939078
40119650	0.000610079007318896
40120101	0.00348889043921748
40121761	0.00310181814933015
40123131	0.00176905321686888
40123260	0.00443003925290464
40124521	0.000326984655834818
40127530	0.00022089010765554
40128470	0.000357099480497457
40129611	0.000927567990377478
40129621	0.00046384488535658
40129880	0.0194497634619905
40130800	0.00150856585861213
40130980	0.000285285907040811
40131151	0.0044493673199508
40133071	0.000359166869808387
40138041	0.000306943696056462
40138290	0.000981245174549088
40139220	0.000213242186297242
40139411	0.000291927491562873
40139520	0.000398240167029539
40141570	0.00260562769015206
40141850	0.0702182528360824
40142430	0.000345252588286732
40145160	0.00190694390447001
40146830	0.0240324107751603
40147230	0.000399131257279978
40147670	0.188537825326548
40148360	0.000412027484749352
40149460	0.0559069145497255
40149481	0.000702110340624458
40150871	0.000496669997000902
40151920	0.00372732753621157
40155691	0.00199393711263368
40156391	0.00268280796628392
40157030	0.00195552356193345
40158301	0.000129083606568427
40158311	0.00120017065186944
40158660	0.000397540387665454
40158950	0.000229166586214202
40160040	0.000189573369165888
40160661	0.00300750760162874
40161590	0.000689378510757994
40161621	0.07567023111824
40163421	0.109687666466505
40163541	0.00957639431486232
40167630	0.000594317770938082
40169010	0.00426889441358301
40169631	0.00128385486241226
40173560	0.000407335306981542
40175110	0.000310007487770284
40176870	0.000662779351384345
40183551	0.00129938835912856
40186571	0.000354358040137904
40187110	0.017406709450906
40187510	0.0632229376107397
40188060	0.000188052214958799
40189280	0.00548771359080432
40189450	0.000285672289447302
40190711	0.0478962450611165
40192050	0.000310471195172746
40192610	0.000643365721364803
40192860	0.000331056988785601
40194410	0.00337103220815748
40195541	0.000406055620137096
40198571	0.000276358311559876
40199770	0.003043212614845
40201730	0.0139919542582146
40204750	0.000392178388050655
40206280	0.00143380331093951
40206690	0.000351199513722871
40206721	0.00382879852572154
40207080	0.00187780495332196
40207691	0.0611867097435385
40208381	0.00794913113082272
40208470	0.000335514784497564
40208740	0.0102194378065197
40212870	0.000375106221982374
40213160	0.00289376392761104
40213300	0.0009506595029169
40213860	0.00860318861128065
40214161	0.000445021306717398
40218660	0.00310598702519121
40219681	0.0823912645574363
40220091	0.000926771954867672
40220361	0.0154156366250916
40221450	0.000533081043444784
40222571	0.0123220852992309
40223671	0.000431434996439751
40225461	0.000379801763406461
40226991	0.00343755667067701
40227080	0.000283331318878876
40227271	0.000902462131376889
40229020	0.00111819085703289
40230100	0.000794971004061336
40231380	0.000857098770724416
40231510	0.00243122414920626
40231900	0.000234347283641155
40232760	0.000431983734343511
40233191	0.00653727623625108
40233290	0.00697321879524409
40233871	0.00114587199439151
40234311	0.000387630307518148
40237970	0.000319141669981978
40238380	0.000203599828514354
40238970	0.000237460533484474
40239360	0.0314401880254517
40240340	0.0013619967508462
40241990	0.00310458447088574
40242960	0.00176481652554123
40250130	0.000169488843352065
40250311	0.0219415812146608
40251100	0.000344922975433834
40257010	0.000686594782267489
40257170	0.00118486995350435
40257461	0.00257232300714486
40261850	0.000325338977635611
40263121	0.000338423939009408
40264511	0.0153398950038721
40264880	0.000322591690334056
40265680	0.000319089635284598
40266301	0.00598684933557224
40266390	0.0318589441343515
40266800	0.00172551763206518
40268440	0.000311974593739001
40268631	0.000233113884878857
40269481	0.000369538563975582
40271401	0.000287581814060974
40272901	0.000110148851434178
40273820	0.000253329985668018
40273830	0.00039249744416222
40273860	0.000889421624109313
40276091	0.00823703345342939
40276631	0.000296140556011934
40277010	0.00121329790008685
40277751	0.00488159602908069
40278410	0.0374972392911031
40279661	0.02020414953142
40280241	0.000313722905511754
40282031	0.000332503147887132
40282660	0.0219027163466395
40283480	0.00143842255210708
40285191	0.00184133233781695
40289280	0.00190301977401967
40292590	0.000979282896152067
40294950	0.00518504259072715
40295811	0.000890487193748212
40295920	0.000485107402272988
40299381	0.000405624749507075
40306581	0.000265567444532771
40306691	0.000393153039051777
40307330	0.000520849157955888
40310291	0.000299429183862409
40318301	0.001101913898756
40319821	0.00251569542405631
40319931	0.0235981854779354
40320221	0.00318785507405994
40320740	0.000448143703812679
40321191	0.000220375226896028
40322660	0.0440201188736583
40326370	0.00157776262642647
40327521	0.000171335486231939
40334841	0.000377908026514167
40335490	0.000240431800436986
40335620	0.000639783268154535
40336730	0.00157459081426811
40337160	0.000782450442852771
40337311	0.000399258516278293
40337321	0.000308529104383639
40338250	0.000470266320031401
40338510	0.000331586780974332
40338971	0.276587930613548
40339470	0.00191202898336834
40339880	0.00249586213810091
40341410	0.000411433004848633
40341550	0.000259876921376349
40342161	0.00342299286910749
40343050	0.000726410515693816
40343210	0.00149638495056673
40346841	0.0136866909605714
40348330	0.000279409399820228
40349670	0.0344258731850229
40351740	0.000579506354093853
40353670	0.00650964151391902
40355251	0.000181269557924629
40362230	0.00563129985578735
40364880	0.00141663547846743
40365731	0.000762033968278278
40365950	0.000538850690116772
40366920	0.00249595497971923
40367541	0.000342536647869627
40367811	0.0258727626841623
40370360	0.000585296029421584
40371080	0.00675995965035808
40377390	0.00118409720410561
40377451	0.0175552987197011
40377700	0.000385289042267199
40377960	0.000674533517295616
40378701	0.0121982634457013
40381010	0.000903456780573734
40383101	0.000448761975355147
40383630	0.000398949755024076
40384720	0.000399509417864146
40385881	0.00050304035985425
40389461	0.0115943963177284
40390120	0.00105570307381454
40390920	0.00547076565399025
40391780	0.000806661252670552
40395330	0.00663072716930095
40395661	0.0223349544964701
40395770	0.000323994147500187
40399500	0.0221713485252116
40405420	0.302060618578937
40405840	0.00853115788532839
40407610	0.000416411822659298
40410650	0.00918144935101873
40412061	0.770359575070208
40412751	0.0146990492086029
40414770	0.00959934509290704
40416720	0.0567300306771341
40418551	0.000184316631846521
40420860	0.000210266159085175
40423600	0.000508753676425488
40423661	0.000278373956036449
40424600	0.00341802572520386
40426240	0.00616068890988848
40427521	0.00180342146485086
40427630	0.00103772988319762
40427931	0.0132113344017949
40431760	0.0818323480614721
40431931	0.0130745919812774
40433840	0.000267849933747869
40433861	0.000322965449314269
40435740	0.000324508776530164
40435931	0.00105564467047433
40437181	0.00082374479314015
40441290	0.0132320794546067
40441390	0.0128456082555557
40448201	0.000358280888995845
40448430	0.00920082876280818
40449171	0.0007932083142186
40449680	0.000277848936314591
40451220	0.000287362159273077
40452290	0.000266029511339403
40455330	0.00261976671582214
40456440	0.000257756770162692
40457400	0.000603160588228339
40457560	0.00237973811133944
40457731	0.000284263622028836
40457991	0.000682991120729408
40459791	0.000293484558711424
40460020	0.000550565814499352
40462360	0.000569761192592731
40463450	0.000219932348997855
40464430	0.00229127178764077
40464751	0.000407271137201757
40465130	0.00246083815383405
40465810	0.00184747777604887
40466800	0.00800739206530701
40469721	0.00106994365974496
40470011	0.000372748533077921
40470230	0.000467584093825397
40471651	0.0825609724518496
40473161	0.000307998947669916
40474551	0.000358718968108619
40475381	0.000563501137530838
40477591	0.000340460216693198
40477981	0.0104367017269559
40478910	0.00466701905393378
40479911	0.00153043901399821
40480351	0.18382263938333
40482001	0.000309618830393074
40485960	0.000304680196326501
40486640	0.000646594641312542
40486650	0.00101922315173291
40487350	0.00778881412193472
40490760	0.00294153482524043
40495661	0.0111413520676644
40498831	0.000301287631518253
40499730	0.00232110437546736
40500341	0.000386594345306045
40500850	0.000596066186936125
40502971	0.00149669948108748
40503781	0.00365715924904115
40505380	0.000569471091466276
40506681	0.000295366824798163
40511781	0.000692503152847758
40512191	0.00265833782097402
40512960	0.0661131487204024
40516280	0.000249123030657953
40518800	0.000323441008062661
40518961	0.00202278544356396
40519070	0.000678096144841539
40521390	0.00414617635663472
40523101	0.000379016137443338
40523860	0.000300603063712424
40524881	0.00416530754337169
40525130	0.00035259053706741
40525431	0.000758478176763078
40527730	0.00504775214175919
40528300	0.00084513392510983
40528440	0.0500913203660747
40529431	0.000176889777726614
40529841	0.0275842613318029
40533940	0.00633448815973167
40537171	0.000357422517906391
40538080	0.000243810847678112
40538391	0.000854467720881737
40539880	0.000256337853384555
40540611	0.00130909919316195
40541540	0.0028092131409822
40541680	0.000293864881401205
40543791	0.000321158941903152
40544980	0.00143811263579396
40547180	0.00101501088170194
40547900	0.000240325079093205
40548181	0.00580905315566761
40550961	0.000303496369934637
40551340	0.0491133214542041
40552290	0.000440532443243302
40556840	0.0499544744110232
40557031	0.0343330167305735
40559190	0.000409602054838512
40559310	0.0015374342326174
40559491	0.000507985204991389
40559590	0.00375728441209797
40561510	0.00041072825851518
40562261	0.000185207705588847
40562650	0.000941092575165222
40562681	0.000784841809633403
40565960	0.000424025035175206
40567300	0.0565225083736843
40569861	0.000334025024063472
40570380	0.0031032852864858
40573400	0.0274618088194946
40574230	0.00308112779561918
40574240	0.000461955049269064
40574821	0.00204129186688171
40577441	0.00201370561752715
40578661	0.000395216898977612
40580871	0.00558388625338147
40581851	0.000425224840321598
40584061	0.000774272067853965
40585390	0.0454777733403476
40588160	0.000188635402529878
40588690	0.00259572618268162
40588751	0.00034098686347118
40592201	0.000307664240944029
40594210	0.000277012653349804
40594401	0.000987205375028545
40597260	0.000355917916719251
40598510	0.000253533870759198
40599330	0.000198414223389698
40600611	0.00663504109839539
40607211	0.000308277402155356
40607570	0.0281472860236601
40608741	0.000530387795137083
40612181	0.0739881817981566
40613510	0.0016024714188723
40616051	0.00306217916077533
40618620	0.00309971724765235
40619060	0.000739962882714232
40619870	0.000380731452646272
40621151	0.00167614175088093
40621950	0.000192625392871712
40622101	0.000327889587957473
40624150	0.000996023473838298
40624321	0.00301334909877625
40624881	0.000528173011128232
40625691	0.000704508377369887
40630200	0.000196951748473051
40633100	0.173025518299919
40634060	0.000291464083787856
40635980	0.000315681253469836
40638500	0.000419914252505836
40641021	0.000693879402384737
40642370	0.000340224244306584
40644721	0.00027471121659657
40644980	0.00103631061006974
40647450	0.00389288162854125
40652670	0.000303443956110515
40653360	0.501391521218161
40656950	0.00438353107771256
40657780	0.00173102373844578
40659980	0.000463096631256947
40664810	0.00198744585518851
40666780	0.00103888211339388
40668270	0.000275634620153315
40668970	0.000557599554559146
40669940	0.000418395124730074
40670880	0.012156364366171
40672840	0.00238473157752186
40672991	0.00161316771929182
40673100	0.00158070736513155
40674340	0.00400410462285475
40677971	0.00514964050321241
40679771	0.00126999788986284
40680280	0.000585368822641932
40681821	0.000496419246594082
40683180	0.0612702419128173
40685780	0.0102503018586059
40687860	0.0108415965817182
40688670	0.00173756096900728
40689131	0.00781581354575685
40689701	0.000865467622027966
40694931	0.190659991280545
40695450	0.00135815364536295
40697701	0.0590478955898286
40697930	0.00180791507423224
40700270	0.0821190858884728
40700700	0.00075573924838202
40701950	0.00109515646616493
40703580	0.0141300036582306
40709401	0.00547172776050785
40709701	0.00153923628275593
40710460	0.010237616355072
40710770	0.0193100526945282
40710931	0.000553803721597775
40711331	0.000279367213540092
40712041	0.00745972316950408
40712250	0.000361850670770185
40712321	0.434419000579539
40713681	0.000156943823561441
40713701	0.00132681819496001
40715320	0.00162601858821125
40716031	0.000300935409151341
40717831	0.0300990893200523
40719150	0.000838322571752812
40719481	0.00110526784415603
40719850	0.000369261756511379
40719970	0.000646698050156493
40721500	0.00049998351768388
40722050	0.00109803229552591
40722480	0.00453263174845275
40723621	0.000695913320413192
40724690	0.000254767019872202
40727170	0.000376575686822929
40727491	0.000593653289202428
40729131	0.000243536567635949
40729510	0.000331757572865043
40730040	0.000578416868397833
40731170	0.000361851036930127
40732010	0.000308918127124349
40732581	0.00441098656734342
40733691	0.00031242380542877
40733770	0.000302676200759172
40736591	0.000164392667973374
40736851	0.000333434113119065
40746040	0.0930795334521103
40750091	0.0277080318205906
40753541	0.000461970727752413
40754101	0.00735790797773671
40756110	0.123173568085986
40759020	0.000243371344878575
40760820	0.00218245588273462
40761281	0.00266083560190441
40762620	0.00340541596360917
40763720	0.000240743207628557
40767020	0.0152607408067866
40767901	0.000315799221902497
40772041	0.00173327406361461
40773691	0.000403807977893173
40774101	0.000340965028759903
40774900	0.000414528081841459
40775631	0.0287361804611145
40778590	0.000318026988105207
40778781	0.0794647724183134
40778900	0.0216762791644658
40778941	0.00241561169636306
40779140	0.00271863275738334
40779201	0.0033526004111239
40781070	0.00106577755793975
40782330	0.00035350739955102
40784851	0.000219661864804786
40785401	0.0019472507109175
40786320	0.00031695698233272
40786730	0.000816002378974109
40786791	0.120257429490287
40788581	0.000316813180504227
40788711	0.000289479531627019
40790371	0.00117389662198558
40790450	0.000311933415551388
40792181	0.000981615646614086
40796680	0.000285240058539116
40797001	0.00195556019261601
40797271	0.000275726139527989
40799150	0.000586275979222728
40802860	0.000288863233096305
40803180	0.000819128570905121
40803280	0.00176785478600222
40807140	0.000445396907284362
40807310	0.0105032229377804
40807450	0.000231868449429119
40807621	0.0223290200213322
40810511	0.000226405661447027
40812550	0.000461857393855615
40813141	0.000336016338259387
40813401	0.00476262016426673
40817900	0.00179658928295374
40820410	0.00206961948389185
40821930	0.00409514776644035
40823140	0.000255846064364083
40823150	0.000330677722909518
40823331	0.000268161525125264
40823580	0.00112501378181542
40823730	0.00176798992912493
40827130	0.00728259148461815
40830720	0.000566396923336186
40831020	0.0542724736497465
40831601	0.000623032132318725
40832021	0.000294688295822847
40834791	0.000396687023402817
40835550	0.000391089409347419
40837251	0.00593348163267285
40838101	0.000419401736599701
40839840	0.00219649747204579
40841360	0.00123610902836862
40843840	0.000399156895205531
40845681	8.9558156167946e-05
40848171	0.00250340627441696
40848701	0.00440887321807907
40849220	0.012384704374916
40851331	0.00139906677485766
40851440	0.0010275151266847
40852940	0.000334002558359754
40854750	0.00111595116288878
40856920	0.00111914489722669
40857910	0.229073685811598
40858750	0.000854371876533198
40859830	0.000652384505137622
40860171	0.00259993741907051
40860421	0.000265138430600736
40861121	0.00210690947000366
40862170	0.000429953960040934
40862330	0.00453732432404666
40864510	0.00590295467273825
40864851	0.0214728196326594
40864960	0.00159515758639221
40868390	0.0413698429111263
40868940	0.000588007457257192
40876960	0.00432853969928772
40877770	0.000515101828716739
40881090	0.00506390803639954
40881541	0.000667982722972308
40882361	0.00216934723458335
40882990	0.000509794287831564
40883201	0.000305606946297383
40883580	0.000564549808755223
40883891	0.00048957591115055
40884561	0.00155532309259255
40884820	0.000247832335738028
40885131	0.000236216281314215
40889241	0.00772600761513896
40889350	0.00190233625057977
40889630	0.000208722039828291
40892291	0.00153280752230438
40893510	0.000441127367679967
40899030	0.000625976100480213
40899861	0.0474410120949723
40900260	0.000568884817639105
40901661	0.000333081144448223
40903130	0.0583524049209873
40903430	0.00895517527866337
40903580	0.000274434124902195
40905360	0.000609351652674988
40910730	0.00453614590577942
40914020	0.00183300200469666
40915300	0.011391490777236
40915881	0.0206391040080958
40916161	0.00032721209645765
40917610	0.0264585219409335
40917671	0.00162354990006492
40918200	0.000234987700013359
40918300	0.000826348522746571
40918730	0.00250950125159375
40921340	0.000380872341298245
40921531	0.00394145372682617
40921620	0.000420094401448902
40921791	0.0024569835370554
40924971	0.000424138575740156
40924981	0.00102989553385608
40929620	0.00432290600562784
40929951	0.00230596157214906
40930860	0.0020614354270675
40931581	0.00060839585023725
40933610	0.00022413411648026
40935670	0.184624109020596
40935810	0.000259531872391042
40936841	0.000346358379834033
40936910	0.000295466886683485
40936971	0.000222638946752663
40937770	0.000285685815296448
40938030	0.000264062348978365
40938170	0.000517061598012421
40938341	0.000271898938379379
40938730	0.000579172960257187
40939680	0.000643345178080066
40940120	0.0849923008076656
40940301	0.0402516407768172
40945801	0.00139180022539541
40946071	0.000893435970670161
40946201	0.000465645124182044
40949210	0.00339864964121318
40950091	0.000480102637834686
40950320	0.00180262200371435
40951181	0.000825963612120485
40951670	0.00403213733058584
40954730	0.000321237439656598
40956640	0.00954443004644623
40956650	0.000313609390683608
40956790	0.00129400571875964
40957190	0.000439517176896533
40958150	0.00027646862358318
40958211	0.000301601707332594
40958310	0.000291219548923305
40958570	0.000311683732838835
40958710	0.000301317600086234
40960271	0.000387482194671522
40961760	0.000261799945879309
40965460	0.00448386738189832
40967140	0.000860394305146495
40972151	0.000427696255924904
40973511	0.000172986742474494
40975191	0.000530947394399218
40975550	0.00101272284514327
40976670	0.000871236807790854
40976681	0.000460215903737461
40977070	0.000653282098149357
40977200	0.000158235298878778
40980390	0.00086590744398896
40980790	0.000488413679175165
40980971	0.00113006800071271
40981780	0.0118430883531617
40982700	0.00187571831504558
40984380	0.000188200984469768
40987161	0.000223017092572184
40987741	0.00184951018182461
40987851	0.0203367705560899
40988131	0.000305335789158324
40989880	0.00207611579970219
40990020	0.000618725315020936
40991191	0.000587710167216202
40991530	0.000312535956836863
40991581	0.00142835333093483
40991960	0.000377871356312515
40992240	0.0468305346916338
40993350	0.000330972676325818
40994491	0.000214825941231532
40994590	0.00240954491531662
40994710	0.0002472587988712
40994720	0.00310332168574251
40994891	0.043863058604675
40995540	0.000440670483267288
40998840	0.00387271208274469
41001750	0.000434327574493699
41002040	0.000199287693615411
41003550	0.000263264282051239
41008100	0.0190025201306955
41008650	0.000131531460291217
41009320	0.000421510210284149
41009340	0.0052123027204544
41009740	0.000360089609594231
41010710	0.0135843188475236
41011120	0.00585377131908542
41011980	0.0009172737299508
41012100	0.000262361780687966
41013200	0.000242350854357715
41013320	0.0002697233260342
41013641	0.000326681792988144
41013791	0.000697696458359475
41014430	0.00138698203170175
41014460	0.0202343526635811
41015830	0.00157127549735124
41016920	0.00107020214060028
41016971	0.000947886424037012
41017500	0.0014234764262386
41018040	0.000292170308794888
41018980	0.000477117334056641
41019690	0.000296323893011248
41021330	0.000363866130942438
41022471	0.000943129116089169
41023700	0.000333168959579633
41024640	0.0952680510186837
41026050	0.017940404894209
41027690	0.000149286351631259
41028350	0.0029188640821733
41028930	0.000760088870459507
41029870	0.000247791544287028
41030040	0.000826722510651557
41030631	0.000583291082953807
41030840	0.00154626631878269
41031400	0.000380194775047904
41032011	0.000485632279813159
41032350	0.000539974424836961
41032401	0.00024221116958983
41032510	0.000310542494420406
41038150	0.00198475293693848
41041101	0.000350823122938171
41041791	0.00102726514125865
41043800	0.031093102336121
41045900	0.000526012819956733
41047150	0.000222494594784603
41049231	0.0174957428567894
41049371	0.000445212190974349
41050140	0.00023960111482454
41050600	0.00060090803312845
41051270	0.000376807879402618
41051970	0.0244782994758158
41051991	0.000417979238921503
41053241	0.000331934308325145
41053381	0.000736712207250858
41053931	0.000893571803168076
41057180	0.000600857278469619
41060281	0.000397761646353401
41060401	0.000319252087586093
41062051	0.000208748929968187
41063930	0.00611362289516527
41064910	0.156142571989626
41064940	0.000240000091537683
41066051	0.000217038302543555
41066160	0.000325235656540904
41066440	0.000111854528504524
41066450	0.000384444276896016
41066870	0.000404074147507488
41067530	0.00042707189286831
41067960	0.00117207095833227
41070420	0.01129189524369
41071581	0.00174133813581711
41072240	0.000381814636237815
41075591	0.0423331555563661
41076230	0.0500771656192698
41078331	0.000500072582463744
41078710	0.000474527938972556
41080630	0.000279992861879308
41080691	0.0209182833628658
41081350	0.000279681114821303
41081460	0.00332883086345226
41082191	0.00724468430350284
41082840	0.00138462422393714
41083830	0.000257981290595779
41084671	0.00258196570193625
41085231	0.00123589369827261
41085590	0.000498387070005529
41087270	0.0495217731007306
41087820	0.00148156609239438
41087950	0.000261754694428207
41093661	0.0948094087670812
41093750	0.00656286370554426
41093931	0.000787350513969344
41095731	0.000263613059769533
41095930	0.000266764108784759
41096070	0.000407346542616263
41096110	0.000396523165881163
41096831	0.000299221928830993
41097190	0.00066823539377352
41097480	0.0007427975146011
41099550	0.00276878348270573
41102430	0.000929947668862448
41102590	0.00275322036517807
41103250	0.000255479411235068
41103431	0.0048686879362528
41106010	0.000316788530716974
41106901	0.000283055579856143
41107400	0.0016385717766647
41107861	0.000337741232705004
41108360	0.00029305017341516
41108480	0.000345166796122758
41110611	0.00220959435275461
41111280	0.000609730736027664
41111930	0.00627293381451086
41112821	0.000303201970010627
41113781	0.000282084985171439
41114181	0.0173066109136226
41116821	0.000360769754465572
41118450	0.00337616031555982
41119161	0.000315829738437035
41122191	0.00253224127556475
41122201	0.000499727536580621
41123441	0.00109285554752604
41123930	0.0059300403989797
41124210	0.0095863124866776
41124660	0.000616634113682204
41125590	0.00036023601222013
41125890	0.000595880911562339
41127380	0.00579337957895233
41129351	0.00131846679622142
41130850	0.00100068686974218
41131390	0.00501252253898794
41132920	0.000277992374641088
41133781	0.00195769432917418
41134160	0.000575905702623457
41135650	0.00661749737365183
41135660	0.000428877610874278
41138420	0.000269599923387854
41139370	0.000321564249750622
41140640	0.000460170235459503
41140961	0.00171831667753569
41141170	0.000429564277789082
41141620	0.000421561509309949
41143110	0.0135874380848651
41144930	0.000843019728646705
41146960	0.000440130540116491
41147120	0.000443141282516117
41148531	0.00385732724201125
41151281	0.168181603980034
41151410	0.0520549963511932
41151971	0.00185833646053539
41152811	0.00015301698407787
41153050	0.00160035762095545
41155920	0.00263809398422407
41156340	0.00020005769745537
41156510	0.00696422242071417
41156760	0.000238198649440547
41158550	0.000352695762934858
41158570	0.000100206398320263
41158741	0.0379479684111718
41159250	0.000989702854104298
41159281	0.000260584294641525
41162341	0.00157526439759394
41163141	0.000406448700844145
41163981	0.00622964070501608
41164090	0.0707670936010773
41164220	0.000590365799953208
41164801	0.00158892849919476
41165071	0.0183195323361602
41166020	0.000416575587265994
41166591	0.00112778408550173
41167031	0.00257938421856881
41168951	0.00693613774697212
41171380	0.000275264855342327
41172900	0.0104829774023315
41173310	0.00123976608633383
41175421	0.00105970030088394
41178430	0.00477776200214981
41178550	0.00135179093911089
41178601	0.000284632736231037
41179291	0.000614330854191386
41180200	0.000793302806369254
41181361	0.000493609962039546
41185491	0.0517784738298609
41186030	0.108238353776602
41186410	0.000640011781348324
41186611	0.0161573130318168
41187270	0.00897047843396048
41187291	0.000324560621514157
41187930	0.000459597191289181
41192750	0.000368390507413975
41193320	0.506557780239802
41194030	0.000353431243448947
41195680	0.0324759825239193
41198041	0.00148331005683047
41198440	0.0128578108406859
41199540	0.00106658567901752
41201020	0.000407795404809833
41204101	0.000379437289441622
41204500	0.00361245940492041
41207250	0.0146551968052203
41207370	0.000619639732354213
41208811	0.00752997691994793
41208821	0.000289853415593652
41208931	0.0276423298902679
41210461	0.0075062464267839
41210680	0.00169097526732138
41211141	0.000319507130449286
41211270	0.000282621456386095
41212070	0.000319316016379149
41212671	0.000793464037434466
41216381	0.000303550328431236
41218410	0.000282513842466306
41222010	0.00114059221312135
41224080	0.0013473168228972
41224521	0.00228970819729417
41225450	0.00434987804363514
41225730	0.000313799333608052
41225750	0.000815894545544295
41226280	0.00761054170392624
41230611	0.00370826977170038
41230721	0.00748770613966611
41232630	0.000539147191178729
41233501	0.000897675349177234
41234461	0.0118131029863269
41236750	0.00299818087801421
41236900	0.00047058182192394
41237621	0.00602077679870867
41238581	0.000522529273488365
41239120	0.00023415098166845
41240661	0.000309667333349869
41241481	0.00195491181376847
41242181	0.000905313150322857
41242430	0.000224030469695298
41243640	0.0322964599186148
41246721	0.00246979469631268
41247800	0.000354448325864469
41247831	0.000194062595230968
41248381	0.000521514735637711
41253150	0.00524521801335881
41254010	0.00049988881774703
41256121	0.0244353546728021
41258140	0.00176713170142163
41258331	0.000509771362985556
41258581	0.00371461261232188
41258840	0.0784746134879597
41258991	0.000310412808565508
41259131	0.000357940501823298
41259400	0.00458136081581753
41259821	0.00016542141922385
41262690	0.00842395396956946
41262840	0.00151735431434751
41263950	0.00351911583154905
41264070	0.000409451879617709
41264381	0.00039063170850468
41265020	0.00151852348692262
41266540	0.0190199526417844
41268671	0.000415215492445151
41270970	0.00199627266602188
41272241	0.0110381905478512
41274690	0.0329534656777975
41275390	0.00102576293508069
41276261	0.00557694393845474
41276870	0.000336682479727567
41277471	0.000789354363493893
41278960	0.000333860031231681
41279681	0.0590234564376477
41280080	0.00060911723583039
41280671	0.00126072703480818
41280740	0.00101837995287846
41283131	0.00105045480800685
41285180	0.00324747795937091
41285751	0.094125805938912
41286830	0.00034069463532785
41287510	0.00041306538044609
41287790	0.00491305316242224
41287950	0.000493880831318214
41289020	0.00449295953481857
41289570	0.000252717032028204
41289911	0.0265656659335119
41290830	0.0155002667231935
41291001	0.0003933531742074
41291380	0.000292375366386917
41292091	0.00377244202636758
41295640	0.00968844005269671
41297570	0.000986704458683045
41297730	0.000433952639922385
41298980	0.00055429417126071
41301751	0.00819124824165012
41302051	0.0123936965232463
41303810	0.000265140130594811
41304220	0.000225866812711088
41305150	0.000201389227252466
41305180	0.000459489045080523
41307100	0.000297078482019571
41307670	0.000772530494163623
41309430	0.00052497453941752
41310711	0.000232727265678214
41312371	0.110431768962566
41312531	0.000451874068122618
41314721	0.0010884293212899
41316730	0.000361796900596401
41316740	0.00792531181784422
41317331	0.00106085299252783
41317430	0.000612499214284367
41317730	0.00143304801924101
41321310	0.00032345817343958
41321891	0.00166668565945541
41322670	0.107329813126197
41323401	0.000429622740992441
41323951	0.000393944208916633
41324241	0.000307301420971759
41325081	0.204900850017885
41327900	0.000209774688201218
41332750	0.00194899108988961
41335380	0.00031805202121761
41335520	0.000425099774511772
41336340	0.000313476418956511
41337631	0.000287235616925923
41339110	0.000658519551775578
41339930	0.0110172324782314
41341460	0.00417294293765127
41342820	0.00035201949227015
41342861	0.000655789216385006
41348620	0.00115161504073398
41350530	0.000273972149955075
41351390	0.013315669452255
41351530	0.000851106998802932
41356501	0.000436920570409343
41357481	0.00373123516827412
41358250	0.000617381317997853
41358581	0.00552210729981476
41359401	0.000316788367148348
41360210	0.111099937898949
41361761	0.000248523763231097
41362530	0.000269623721633597
41364361	0.000424263722303293
41365071	0.000654920288491328
41366700	0.000334350713229633
41367220	0.00298129998162965
41368210	0.00634725242082613
41371790	0.000870473944927297
41372361	0.0112072872883158
41372870	0.00156725926937971
41375541	0.000460086764903122
41376040	0.000282422774234952
41377020	0.000798269871756076
41378800	0.00179428127638526
41382940	0.0116951768097867
41384231	0.000575980056518436
41389471	0.000483116034808685
41392480	0.00124035536243315
41393300	0.00937094318870567
41394420	0.00241073986652414
41397621	0.000906086544505676
41399620	0.0902672235567395
41402960	0.00108900762604289
41405840	0.00679194936433907
41407760	0.00308192978906695
41412580	0.00141112117494689
41413550	0.00081912381941046
41415620	0.00592888798021328
41417300	0.00451519650149046
41421300	0.00282095205070629
41421690	0.00292847763160727
41421960	0.000315930288211246
41422130	0.000276808168883052
41422670	0.186602102301229
41424030	0.000223256776946169
41424081	0.000210932065324722
41424371	0.00126456059610823
41424440	0.000282441752994952
41426510	0.000331280189082166
41426971	0.000191465010085243
41426991	0.000201680289989448
41428491	0.0182284997784264
41429140	0.0135443236847366
41430140	0.000723536491347705
41430311	0.00196757874102971
41431671	0.000554671496225948
41432511	0.0344139397295733
41433601	0.000627942845276225
41434031	0.0334404670335612
41434650	0.00127923400842007
41438660	0.00314473315674451
41439210	0.00164506600872082
41443941	0.000530461878325038
41444081	0.00100509700895224
41444990	0.000648966255152318
41445881	0.000314293397089329
41445990	0.000273789042118279
41447930	0.00101366843870801
41448761	0.000232326889556767
41448990	0.000763699042961578
41450301	0.000446711161683991
41450520	0.00200019358196604
41451230	0.000621556460077538
41451541	0.00152674584971311
41452351	0.0003939714092225
41454141	0.000516436916610049
41454151	0.000237691405838939
41454240	0.000272666996625047
41454851	0.00120345720244022
41455801	0.000488108336167718
41457020	0.00448838151420456
41458421	0.00178494381234074
41459070	0.00300072803641237
41459210	0.0240812142076095
41466250	0.00329179164340519
41467480	0.000197184868321665
41467811	0.000871215164881481
41468091	0.000477371905301441
41468641	0.016984429743561
41470410	0.000492565282447938
41472710	0.000586865763955672
41472890	0.00030368772451446
41474011	0.00334428331079987
41474790	0.00239271332808029
41476310	0.00319071715452984
41476901	0.000286196660609068
41477840	0.00892318467884757
41480330	0.000160201616668862
41481311	0.00231923545852707
41482400	0.000417005656677005
41482520	0.000299928136397841
41482571	0.000722527936733762
41484580	0.000209288874758445
41488050	0.0210026820219602
41490510	0.000435466604301691
41490520	0.000164913304625779
41492170	0.000466432626209412
41493720	0.0149990119666459
41494100	0.00870989033980455
41496911	0.00270863597964701
41499531	0.0125302815899797
41503541	0.00203130217329002
41504781	0.0129830428197095
41506011	0.00260796857995641
41509980	0.0127940541284119
41510291	0.00041351377432528
41517710	0.0679145190265844
41518250	0.00118371991757895
41521471	0.000484142637153126
41522530	0.000561730679330667
41523370	0.000924296039900841
41523640	0.000472893139687184
41525020	0.000620779466267421
41526520	0.00843277858038893
41526971	0.00324236557346421
41527511	0.000291406496042802
41528221	0.000424296009709074
41532170	0.00623663690225603
41532211	0.00201638243954477
41533260	0.00017519655609008
41535190	0.000310320036719895
41536211	0.000933468744969965
41536320	0.000346125708401201
41536730	0.000943554239548411
41536751	0.00162997908147673
41539220	0.000304756162336103
41542831	0.00161903676275466
41544501	0.0164221446542882
41544740	0.000494820025162517
41545181	0.00245035170009574
41545731	0.00459219857782909
41545810	0.000187595519223039
41546950	0.00254156005003537
41547330	0.408204168375525
41549130	0.00200656071201878
41551880	0.000190850823104062
41552611	0.00566640951911413
41562790	0.000729673213667498
41562940	0.000431622225190092
41563080	0.000385774245061278
41563340	0.00451063027743027
41564700	0.000396921100714422
41565140	0.000499727829100014
41565601	0.00206481134971851
41565690	0.000278435892838103
41566691	0.00136112690799537
41566810	0.000283287415391675
41568450	0.000486758378666661
41568631	0.00596729142887831
41569670	0.00103636569153834
41569991	0.000344719876084232
41575480	0.000888834853126435
41576491	0.0128904946394241
41579890	0.000740931177921443
41583330	0.00178687137796968
41585670	0.000856534904693738
41596061	0.00044901796149216
41596150	0.00399275310453792
41598011	0.000312952036529984
41601110	0.00198830979482251
41605171	0.0177662322744022
41608980	0.000230776346551885
41612751	0.00518221532319532
41619801	0.0074549205292325
41619931	0.00511374461998741
41621301	0.0038745891459968
41622240	0.000442097311606392
41624051	0.000253813361288561
41624621	0.0120312987343706
41627391	0.000710031279412752
41630131	0.000263970051619536
41630520	0.032685813650534
41632351	0.000841236885171506
41634370	0.000391347694781383
41635220	0.000237356690868326
41635241	0.0011637604582613
41636850	0.000295502402015129
41637441	0.000368366674247509
41643791	0.00149729149077434
41647740	0.00011967046239514
41648580	0.000466174000382593
41648850	0.000251931298128775
41649041	0.0041935835224489
41649530	0.00246714007348042
41651070	0.00683041084792175
41655060	0.000481619576612455
41655361	0.000500949610399043
41656481	0.00237846785196287
41658490	0.00182329693571801
41659750	0.000647584273217073
41662500	0.00084051241228969
41668901	0.0116931708168558
41669151	0.0219740617645757
41670380	0.000329047330080128
41672030	0.000651240038001772
41673161	0.00608591847359163
41673940	0.00981511718738209
41675480	0.0302635978210476
41678961	0.000451112699381626
41680590	0.00238212739983463
41685810	0.00183058811336707
41689571	0.116221473042548
41690770	0.0024031440875281
41693591	0.0319795333650226
41697301	0.000434849099799406
41697701	0.000325893419892497
41701970	0.0203914714331851
41702380	0.222789951196357
41704720	0.00213680005160015
41707791	0.04189655370161
41713410	0.00128673702504139
41714920	0.00159121805486204
41718770	0.000479842366646566
41718790	0.000528595162596854
41719921	0.00556934284021608
41726240	0.000330073136953798
41727470	0.000294458885681606
41728140	0.000362638924346854
41728280	0.000317618583169744
41728970	0.000347626411263852
41729841	0.000195990482479118
41730951	0.00227404322239503
41731641	0.0283835403936057
41732881	0.00484579713811309
41734961	0.00138361409079722
41735610	0.00658872039045046
41737260	0.000259395054456639
41737390	0.000254986864679395
41737510	0.000645652615934089
41737550	0.00209970633956124
41739180	0.0681796506708757
41739231	0.00241974112176852
41739330	0.00154283247320187
41739491	0.000699050727873102
41739771	0.0103742191513231
41740601	0.000372991203276663
41742610	0.00261011998480524
41743580	0.000370947370351336
41743720	0.000327875158015385
41744020	0.000560552990997714
41744160	0.0050807755569164
41744871	0.00035401937650801
41746080	0.000690195809363839
41746941	0.000703186768185528
41748201	0.000548687149137256
41748710	0.00125454839524154
41748970	0.0275892205087611
41749650	0.000376158741752774
41750961	0.00304431118268589
41752310	0.00772118316877603
41756980	0.000721636148740755
41760881	0.000764239626795587
41762480	0.000786618365751347
41762941	0.000669704171413405
41762951	0.002018944706023
41764140	0.000338035027702698
41764290	0.250725410485532
41764840	0.000419572392853203
41764850	0.000970736970615282
41764871	0.0343103138406139
41767190	0.00661102307406794
41767361	0.000207213092516377
41767740	0.000302897838397817
41771600	0.00160270155233774
41772201	0.549531426404131
41772331	0.00187700058406137
41773001	0.0032894323934147
41773090	0.000391315768206189
41774801	0.0657903658806818
41775221	0.0080485505872345
41776540	0.000178426398899826
41777820	0.0107104002456936
41777831	0.0156707161820909
41778381	0.0238825157390944
41778681	0.00175630734831119
41779990	0.000313353511505817
41782190	0.000375940751601077
41782750	0.002699707662131
41783720	0.00644170345542716
41784140	0.00187004756760247
41786671	0.000452660651823555
41786880	0.00307237458707622
41790470	0.00243815601021382
41790760	0.000346713228996814
41790811	0.000799050314845008
41791310	0.000394197414014662
41792270	0.000637379406103626
41793001	0.000854282722585684
41793370	0.000990622983744669
41794531	0.000369849000184585
41795730	0.0039623922826446
41795860	0.00077799577185364
41797540	0.0027082062230395
41798671	0.000370710937163619
41798791	0.00396472484430297
41801291	0.000826911183605806
41803060	0.000456045041486419
41803631	0.186209597801462
41805800	0.000379006621918175
41807570	0.0260488567614486
41809981	0.116059793246222
41810801	0.00032257897031803
41811341	0.000304499864530621
41811621	0.00191455772973289
41815891	0.000306564935019901
41815911	0.000736340521592534
41816440	0.000254060669285091
41816950	0.00151294649287289
41817510	0.00199944076834595
41820270	0.00731812603791003
41820311	0.00488690917010471
41820861	0.000302900917684936
41822811	0.0334061387829143
41823990	0.000359100344910159
41824041	0.000668169586363309
41825090	0.00101652079561744
41827440	0.227095327003366
41828461	0.0252359727383571
41828540	0.00199935730565821
41828810	0.0189881654253652
41829001	0.000407967289970695
41830050	0.0011479741559914
41831211	0.000509449794162942
41832441	0.00056122278829535
41832881	0.000274055000209149
41833571	0.000524261097248867
41834740	0.00238464229933293
41835470	0.000338938315549647
41836721	0.00992837819271603
41837561	0.000280427662429597
41837770	0.000348650027443297
41839180	0.000304697598349718
41839300	0.00177368727066847
41843071	0.00247263837998089
41844010	0.00165854274590486
41844430	0.000669004176644825
41844820	0.000594454570678271
41845360	0.157134542040516
41845790	0.000217826261557792
41845961	0.000534554379896453
41852451	0.000365427131372107
41855470	0.000211368999779986
41856530	0.000392016508951749
41857780	0.000593166993256193
41858251	0.000513244325954149
41858610	0.00100107873614123
41859150	0.000540108076613434
41861260	0.00689727060752584
41861541	0.0246827345229931
41862101	0.00415250079036404
41862811	0.00321316168255569
41863460	0.00194591531726716
41863891	0.000539583238866463
41864430	0.00108143583596095
41865120	0.196939328600327
41865650	0.00498052604858193
41865681	0.000389915303596273
41866320	0.000305777206264445
41866610	0.00745817085171437
41867901	0.000658910513770177
41868410	0.00373857021512868
41868710	0.0015290306562679
41868871	0.000715331470516525
41869810	0.000660671504069998
41870360	0.00412118302746125
41870381	0.0257715416207453
41871310	0.00306384923074983
41871891	0.00519151747807985
41873250	0.00117249189383043
41873510	0.00191594793307501
41874050	0.000299195126339089
41874490	0.000306932863035444
41875840	0.0181779057076657
41876940	0.000445498575049881
41880270	0.0188201251529902
41882460	0.000757256282105711
41885370	0.000149066608355034
41887020	0.00846195987384807
41888700	0.0118530288495945
41889141	0.000357076401791348
41891970	0.119703140698962
41896451	0.00264332122954784
41897490	0.000699990233484561
41899071	0.0037339963072235
41899911	0.000296496730194493
41900260	0.00187752724596426
41900540	0.0157098730513542
41901800	0.00020565715763729
41902241	0.00137003743758188
41902521	0.000184460504912247
41906350	0.000424017719148678
41907860	0.000241688529689774
41907881	0.000874116872151694
41909100	0.00022702378078523
41910220	0.000751922809952459
41911720	0.00656291411859162
41911870	0.010535890998704
41912800	0.00314151538460544
41912840	0.000701622452454951
41913281	0.00333189119058682
41917831	0.0186972276675567
41919970	0.000453923384239001
41921360	0.000371324082814456
41924680	0.000433177947123729
41924690	0.0301099733919195
41925660	0.000175390026944098
41926740	0.00109424242922249
41927710	0.000714855587935389
41928711	0.000958226576492344
41928830	0.000673712765501266
41929011	0.00644991969984543
41929691	0.000254046119144504
41929951	0.000462977395298831
41932150	0.000561247475543758
41932441	0.000462676987184323
41934921	0.164963750317947
41935990	0.000411879969806235
41936991	0.000854342180383797
41942870	0.000294054883573526
41944950	0.000259716811492933
41945790	0.0221819027376615
41948680	0.0264200422177981
41951430	0.000361949370200084
41952861	0.0147272800074489
41953770	0.00454274357859278
41953961	0.000337589426796743
41955611	0.000749601988497619
41955970	0.000862268325116687
41956291	0.000647709609213637
41962750	0.000369625769783769
41962791	0.000267492645165566
41964420	0.00300730685171096
41964560	0.000472432939095529
41965900	0.00172465086766035
41966781	0.000317924245054047
41968311	0.0530419265366063
41971201	0.000239968728798571
41971450	0.000420268967235765
41971730	0.000376957322792154
41973421	0.00035454608357507
41975970	0.000645183056604211
41978200	0.00672736799016207
41978651	0.000224049922464144
41978760	0.000369111796068246
41979621	0.00964676676910405
41980021	0.0523817710846557
41981811	0.000445821151388002
41982310	0.00160599718630764
41983321	0.000653923221224892
41984550	0.00200861376094988
41985671	0.0337803020239054
41988820	0.000307493439792874
41989671	0.000930440200776949
41990470	0.0950525439671567
41991321	0.000439786582027937
41993001	0.000289830006787575
41994381	0.000477983729454984
41995751	0.000252179743760054
41997090	0.000254063527569029
41999560	0.00117706357477787
42000130	0.00473732838188276
42001080	0.00677518288911578
42001520	0.00204525845949948
42002381	0.000557195588429972
42005261	0.000527254345937845
42008000	0.00035593079978531
42011830	0.000258121389934951
42013531	0.000664441966317459
42015000	0.000631939595003865
42015710	0.198428269565707
42018631	0.0071633547317714
42020021	0.000401009939471228
42020161	0.00343167230927281
42024540	0.00288603615008734
42029920	0.00166510313578993
42033951	0.000357570776321081
42034190	0.000279040452772498
42034241	0.00114410421348104
42037531	0.00346795031839071
42039331	0.000947616298016239
42039680	0.00140306935176037
42041370	0.000852921792816553
42043030	0.00376573633033721
42043690	0.0059845827526261
42044680	0.000364838808186387
42049210	0.000483714590175208
42049620	0.00323311846493976
42050020	0.000260431708561638
42052431	0.000920476525239292
42052441	0.00686788683125594
42060431	0.000539073036199964
42060810	0.00290352918203584
42062320	0.00324081588302895
42067690	0.0160532343265956
42077811	0.0055376800616561
42079601	0.0113049890027322
42084250	0.00937298650907528
42086771	0.00139244173717643
42087000	0.000473522001095526
42087550	0.00100209707985561
42089750	0.019976759116067
42091181	0.00327110923158375
42091290	0.00815177814476822
42095680	0.000296465634904176
42100141	0.000244616590514655
42104120	0.000479511833709455
42109261	0.000317170771934987
42111591	0.0259363193585162
42112701	0.000363236834840838
42115601	0.00126981820073314
42115611	0.000424896871130342
42118730	0.174032355774936
42119471	0.000465766102689254
42121381	0.00187751378621159
42123280	0.000249176732908855
42128571	0.00354449923016146
42134040	0.00399952628103164
42136701	0.00042288266776378
42137080	0.0023256561875407
42141500	0.00160294308113893
42145261	0.000391005280540392
42146621	0.00377812172876321
42147851	0.00781051002435634
42149511	0.000862520801539416
42150481	0.0452807305628097
42153470	0.00374810776541144
42156630	0.0147011358378518
42156691	0.000506008004856057
42159161	0.0501853436392454
42160500	0.0137394440919843
42160971	0.000377193258040845
42162221	0.0481099837287735
42163851	0.000321863319576087
42164080	0.000347875385797903
42164821	8.82411282986508e-05
42167410	0.00982832279875623
42169600	0.00243144936581054
42169610	0.00136860958050904
42170491	0.0216148016948281
42171390	0.00690301275071496
42177101	0.000225475239674657
42181180	0.0274091053993611
42182720	0.00364233258017887
42187871	0.00178292548247708
42190310	0.000500683241032114
42191711	0.000218787716403229
42194201	0.000271758196760159
42195461	0.00957199600796366
42195830	0.000350032178377596
42196390	0.0513439682859227
42197220	0.000369412653443309
42198211	0.000965130096328399
42198341	0.000321687202842492
42200131	0.00255148503453663
42200360	0.0462615849685394
42201470	0.0179213258215191
42203260	0.00132006305169289
42203270	0.00119198044499274
42206600	0.00149850793411076
42207130	0.00827108873857721
42207150	0.00461100677446199
42208230	0.00100111013148944
42211660	0.000463940420763283
42212281	0.02003387697431
42212821	0.0036087400028213
42215031	0.000343903357825647
42217600	0.00735731364033238
42222450	0.00161176296256871
42222560	0.000202910240641486
42224900	0.000346046758509641
42224930	0.000496413616923113
42225101	0.0001515022059112
42227660	0.00600804343005629
42228070	0.000754036511218163
42228701	0.00251563539537925
42229241	0.00116275307319897
42230051	0.000473271892116684
42231140	0.00241286975908793
42232281	0.000584119435544935
42234320	0.000397380404843494
42238850	0.000437347017430812
42241490	0.000360653749730402
42243120	0.000423450427591279
42245651	0.00019262036320997
42245740	0.00115262066848961
42246051	0.000416893807414444
42249630	0.0179487328647141
42250051	0.00184309819200784
42250761	0.045384387204373
42251021	0.000186472380444628
42251790	0.000698735906078389
42254410	0.000224430188851094
42254461	0.0010690920321626
42255100	0.000603349787742218
42256900	0.00132811738775136
42260100	0.00106177409750369
42261641	0.00114889091733877
42262720	0.000411317169597493
42264930	0.000297331899068793
42272360	0.000610860504987565
42272500	0.000207854552199689
42272520	0.0169242354293874
42274181	0.00115832488854479
42275100	0.00218806160510082
42275991	0.0400108597663081
42276951	0.00928289755283804
42277620	0.000223965420369756
42278310	0.0187395517675034
42280620	0.00357661133807205
42282720	0.00192987612184326
42286471	0.593031938813469
42287510	0.00404871048100987
42287820	0.0771080620992169
42289310	0.212590962244458
42290310	0.000218942916044487
42297310	0.000786039693894104
42298580	0.000838519709781877
42298590	0.000612115906498586
42299971	0.000656437987252549
42300100	0.000202610539525591
42300200	0.000638216377012174
42300360	0.000990167020618662
42302601	0.000211303285281797
42303291	0.000311809770887735
42304121	0.000547198871498225
42307270	0.000201779058615422
42309361	0.000436080716167665
42309470	0.00641599613334689
42314310	0.00764996999533319
42315670	0.000510806798320686
42315721	0.0371608240900856
42315920	0.00029524694606656
42318700	0.120365105159468
42318990	0.00294522887332642
42319281	0.000296052949308774
42323000	0.00162642209798192
42323400	0.000133134091352733
42324271	0.000294725832999149
42324370	0.00120176840473516
42327171	0.216743419385407
42330331	0.0201572420594178
42331550	0.000167459825205417
42332060	0.000425743274377951
42332401	0.00222503697414001
42333160	0.000855018415723089
42336681	0.00596390469057057
42337620	0.00027558348287074
42343120	0.0330509351680985
42345030	0.00134382011082687
42348220	0.00523011063181462
42349211	0.00362429370588366
42349450	0.000428252122730405
42350300	0.000403772109434648
42350871	0.000467289578086475
42351561	0.00194741071483091
42352801	0.081682988131248
42353330	0.00359827572594539
42354140	0.00158280522179404
42354331	0.00092148920411638
42356090	0.000781472918953831
42356100	0.00813895353337832
42356121	0.00204025967758096
42356941	0.000774922389840799
42357491	0.000463526810237112
42359851	0.00030779194101361
42360671	0.000717338045059854
42362550	0.000309249436446983
42363680	0.000767889830817258
42364131	0.00381937674043986
42364671	0.000494953980427699
42370130	0.00047991977914626
42370970	0.000642937935769071
42372350	0.0011771377167283
42374471	0.0013125614427782
42374611	0.000287413831946574
42375640	0.000278692834012956
42376261	0.00381622636186846
42379230	0.000809890852160465
42381030	0.000168992332774906
42383161	0.00182222142353056
42387670	0.000872625654980896
42387991	0.00236830155730264
42388090	0.000496764878771996
42391530	0.000487493974184466
42392791	0.000960755434811063
42394960	0.00279872281919623
42397170	0.00176232794800309
42398430	0.000419039329646705
42402150	0.0011060820970163
42403271	0.00118383854649818
42410840	0.000519329060238788
42412521	0.00140135998429493
42414420	0.00037170163811001
42414471	0.000643399483350634
42417071	0.00179924570770816
42418830	0.0345498716927864
42420360	0.0355968362042318
42420661	0.0500756367929269
42423930	0.000401256055132909
42425320	0.00444009697337834
42428490	0.0398546890758166
42428880	0.018624747667386
42428920	0.000279127974528648
42429720	0.00126920081144633
42431411	0.000428739668856138
42432220	0.00621325480190053
42433221	0.000218663045277781
42433330	0.00166294304591067
42434290	0.000535533954923265
42434820	0.000183378625695218
42435660	0.044356783767025
42436060	0.0105647129662587
42436090	0.000380903665403955
42439380	0.000655580299393483
42440740	0.000154846881222887
42440760	0.000473005915377423
42443260	0.000388510047388234
42444671	0.00107986814961346
42446420	0.000768384720928376
42446881	0.000645075182000022
42449201	0.00258106315936458
42449580	0.0215317010285785
42452231	0.000404885210145548
42454950	0.000925987875564754
42457010	0.00216744483129171
42457180	0.00273472110289319
42457631	0.0413854663837745
42461180	0.00978044087988946
42461361	0.000571604392771634
42463500	0.00946345010017856
42463950	0.000248736997672907
42464620	0.000487910564161569
42465030	0.00752620506145497
42466550	0.00131566432168229
42468750	0.00570905405306296
42469221	0.00210886173453895
42474171	0.0282752278742623
42476251	0.00776542344263871
42481221	0.0128042790995411
42481631	0.00591725484696186
42482540	0.00789935524005756
42483141	0.000506071375025459
42486571	0.00226662780975058
42491390	0.00113463777538796
42491691	0.00165448200412878
42492040	0.00561026594351907
42493010	0.000174975027989662
42494390	0.00295536889615063
42494451	0.00390104371944351
42496241	0.000246423310587933
42499961	0.0115165176632485
42502830	0.000400861523356102
42503831	0.00817210577555203
42504060	0.0276657380757396
42505580	0.000988500183797991
42507930	0.00318872577140513
42510991	0.000255919656535578
42515920	0.0594497675198609
42517860	0.00107999530064483
42517990	0.0034859616095225
42518670	0.000239405248573972
42521341	0.00202656019640706
42524931	0.000420628497436313
42530161	0.00709910903381203
42531940	0.00075651082413034
42532771	0.000216562874939544
42533341	0.000378387304639292
42533761	0.0115674558352467
42539421	0.00359416415866674
42539951	0.000756636508256663
42540330	0.000383911743006656
42542581	0.00246705714901378
42542591	0.000903560523399546
42543920	0.00039682411876419
42546031	0.000404332121407042
42549020	0.000399011773969667
42551510	0.000471540718710852
42554660	0.0433754086775237
42557000	0.0172001906282593
42561201	0.000220912099747965
42563951	0.000345702828617552
42564641	0.000251850633137863
42565140	0.285329609913174
42566540	0.00228199994429776
42569201	0.00252472482880279
42569901	0.00498531246041845
42571500	0.00410189006393927
42571640	0.0221253694088135
42573550	0.000309221286552781
42574000	0.00101652994081132
42575401	0.000333089713500392
42577331	0.000705461904750244
42580880	0.000412691883166841
42583770	0.00997265927523337
42583941	0.00020962617430534
42586701	0.01376951799157
42587401	0.228685723822834
42587531	0.000377807101217646
42590171	0.000402228593394779
42590260	0.00851318732188739
42594540	0.000357442195694363
42595531	0.000918143964934136
42595750	0.000245193468242172
42596730	0.00295678971695356
42597850	0.00769368825654344
42601881	0.0218262163769397
42603640	0.000737867188056304
42604101	0.000509062830294848
42607090	0.0040857667029414
42608771	0.000221167787864857
42608870	0.0356144300963522
42610281	0.00134603911378802
42611210	0.00109146874632016
42614421	0.0186203087592379
42618441	0.000950367938168746
42618550	0.00124517454058149
42625580	0.000318465704241772
42627801	0.011574231516331
42628371	0.131219939148332
42635610	0.000363126216564827
42636631	0.000430570079581772
42638120	0.00143868029976316
42638510	0.000338745809665546
42639111	0.000876516654868989
42639640	0.00222084730516095
42641410	0.00024803604796482
42641751	0.00572522867901477
42641950	0.000348241918847109
42644371	0.357737762335904
42644990	0.000303653083016491
42645170	0.000376493673085531
42646691	0.00294466277418284
42648231	0.000973218368083275
42649611	0.000242445537233292
42657850	0.0152567291905763
42658120	0.00049497338813194
42665550	0.000234290707479132
42665731	0.000687666271691606
42666001	0.000348830029929592
42672631	0.00365492489545671
42675381	0.000382956785720751
42676170	0.0047094367260145
42676211	0.000325163316624738
42676911	0.000261070289480821
42678981	0.000231491546699012
42679740	0.00363593370022597
42682240	0.000349267703028866
42682810	0.000436159076914953
42684300	0.000376647433058866
42686161	0.000228028218089683
42689430	0.000391445683236004
42691910	0.000671909038409387
42694421	0.000597398716063596
42695500	0.000407540923276702
42698250	0.00199409956119246
42698400	0.00278212082573883
42699900	0.000559605734685992
42701441	0.000497800235767295
42702571	0.000439424654087739
42703090	0.0516645602306563
42704860	0.021711388793033
42705420	0.000370633225593793
42707610	0.255200121694616
42709540	0.000605669403508497
42712850	0.000782086568336251
42713710	0.015521971130795
42716330	0.000386767415077384
42717441	0.00336562605999221
42718681	0.00225473544310738
42718770	0.00147078906097585
42719251	0.000298649620042659
42721570	0.000273806450831285
42724590	0.00323047254998556
42724621	0.000301344173500398
42725031	0.134623130847883
42725721	0.000282207874013267
42726281	0.00291839735604997
42730250	0.000297595301507807
42731360	0.000526920264239713
42731780	0.00160550607776063
42731791	0.00322950383507856
42733550	0.000370265980213987
42733591	0.0143409642061353
42734120	0.00174304602910821
42735350	0.00103611311943439
42737540	0.000338438798054358
42738421	0.000410698572331411
42741970	0.0712099006837458
42748580	0.00390777498367549
42748840	0.000516478942622026
42756050	0.000190215621361551
42756570	0.000281418185748759
42757461	0.000302168014248339
42759091	0.000606297679605208
42759641	0.00351389769508912
42761840	0.00894719354473081
42762780	0.0305778078473248
42763500	0.000408707730222894
42764570	0.000380855904661531
42764911	0.00905758490524346
42765861	0.00838037853141779
42766841	0.000446777897979425
42766920	0.000902157350597384
42768580	0.000217623129994234
42770100	0.00034608851794516
42770110	0.464380273551061
42770940	0.00659566116660539
42773550	0.0044133553785625
42775231	0.000548520039158442
42777940	0.000442540250852564
42778110	0.00435611078457016
42780071	0.000330566218768705
42780420	0.00361842900298459
42780710	0.00394988989677422
42782800	0.00038125727681382
42783921	0.000416414745777765
42784911	0.00029954854657295
42786220	0.000441004671964677
42786230	0.00185803131072692
42789571	0.000456006318751445
42791050	0.114082176855668
42791750	0.0105678221520156
42792331	0.000777011304129249
42795340	0.000178526117965256
42795750	0.00135362244991426
42798510	0.00240031457171656
42800211	0.00342750148474889
42801830	0.0347290571073906
42801991	0.000259676869169152
42803450	0.00461486885533235
42805871	0.000419667845581471
42807101	0.000906459040013165
42807630	0.000228608518027686
42810131	0.000771878958361063
42810561	0.00312183029481474
42810620	0.000400811351840523
42811231	0.000111980437929556
42813591	0.00197517387624247
42817520	0.00153663448990216
42820471	0.00153991708447079
42820611	0.000272456926264773
42822951	0.248950069510477
42824160	0.000829407589402704
42826790	0.000561647695817184
42826831	0.00175407602399438
42827180	0.000196766696142308
42831490	0.0146985702867542
42832420	0.0839056113982968
42835521	0.000558846548686106
42839350	0.000335364166645951
42840290	0.0010434067545395
42843781	0.018959098623379
42843921	0.00619814963002002
42845410	0.00136634216628341
42846121	0.0154203849333581
42848840	0.000555102303454908
42849861	0.000367802390571201
42851610	0.000281303883519506
42854110	0.000312103590279097
42854630	0.000486543040921445
42854971	0.000221790467861446
42856030	0.0057245412402825
42857571	0.00301204175928714
42858090	0.00469645317163234
42860700	0.00176487441110957
42860741	0.00702853594095868
42864580	0.000502946605991604
42865940	0.0019621713476405
42866531	0.000375219904764059
42867170	0.000771945219122144
42868310	0.000319785436576098
42868331	0.000348505827283808
42868601	0.0880893915481431
42869680	0.00024196085739313
42869970	0.00315610843725905
42870220	0.00257077634614542
42870630	0.00205949917894568
42870811	0.0165997203567677
42870910	0.00030509722697959
42872061	0.000302716722980896
42872300	0.00614446083674603
42875241	0.000341449457162895
42875330	0.000306105112577188
42877940	0.0113691788802047
42878131	0.000491843554644948
42878350	0.00302231064551597
42882380	0.000330844735458955
42885100	0.000396873020232421
42887511	0.00033156938828921
42888130	0.000488720340719337
42894401	0.00170251968105694
42895491	0.0012956554227192
42895600	0.000833886320050157
42896170	0.000750831628393526
42897000	0.000681538958874269
42897561	0.000231042807754463
42899730	0.000365824637141735
42903491	0.000105650385032343
42904570	0.00340773418565415
42906100	0.000347414429209895
42907631	0.000497624413728662
42908451	0.000281981008505927
42908871	0.000291387670065247
42909230	0.000273608209393843
42909510	0.00323467920497678
42910210	0.0398851880857004
42911600	0.000658381192313788
42912051	0.000456082786706247
42912061	0.000189613810053505
42913260	0.0375817815101969
42913370	0.000473645433489647
42914541	0.00174116171952956
42916160	0.00206384771478053
42917861	0.000424802767921094
42918521	0.000501200650248215
42918780	0.000542330650754552
42919511	0.000898824751519329
42922111	0.0016161627791554
42924461	0.000521425478442516
42925410	0.00031620597539809
42926930	0.0247850024647067
42927050	0.000644731400157425
42928430	0.00697741483623172
42929270	0.000688926539922652
42930370	0.000518076634793166
42931470	0.0001415435796016
42933780	0.000325231073098912
42935631	0.000229331632315462
42936451	0.000381850802484064
42937810	0.000386460514288417
42940830	0.000506464336877546
42942261	0.000557421854979254
42943190	0.00759876562962494
42943361	0.00741771333249672
42947860	0.00205215640772603
42951610	0.00672863736129358
42952430	0.0019427692452354
42955170	0.000159813300144576
42955880	0.000449723392981039
42956201	0.00185342737520966
42956990	0.000321247235996248
42958531	0.0184776998840173
42958661	0.000403547489038622
42959860	0.00155887836183464
42960171	0.00034222190742336
42962920	0.00043514832696836
42963180	0.000301130272738236
42964680	0.000717941125573925
42964690	0.0368369378052404
42966531	0.0109123293931059
42968430	0.00245280388676849
42968461	0.00534748203134826
42969421	0.000258530296916055
42969670	0.000260225824632362
42970350	0.0202933951317553
42970791	0.0273208432339851
42971190	0.000753880198058708
42972280	0.000117809710811622
42972451	0.00023996033217915
42972960	0.000276226665490102
42973640	0.032667804229015
42975590	0.00750390943290142
42977551	0.00261459264207885
42977650	0.000989547204382186
42978811	0.000372409143339511
42979361	0.000679340416093935
42981660	0.000350836222103203
42983180	0.0123988481288284
42984020	0.000319464864991425
42988150	0.00269825919061215
42989571	0.00126026711699348
42989831	0.00023686887724587
42990190	0.000349944765741962
42990360	0.219959969553433
42993100	0.0211534531786944
42993151	0.000225707039161184
42994381	0.00137640278370401
42995320	0.00426564583679209
42997540	0.000304811012426112
42998941	0.000392546665914909
42999860	0.000479884739299327
42999880	0.0160055855440734
43001780	0.00677137660543006
43002600	0.00407176215279744
43003150	0.00807766560833053
43003351	0.000257337069789213
43003860	0.00398734723609913
43004000	0.000375981001626118
43005971	0.000431102961945532
43006101	0.00784476385710033
43006230	0.0020440551577068
43010651	0.000349001686424537
43011430	0.0579960475780944
43011911	0.00716852345747682
43013831	0.000603168557941686
43013950	0.000238855941072353
43015631	0.000270928480851483
43018350	0.00214977224245408
43019501	0.000776137078866478
43020041	0.0184776280457581
43020311	0.00145244669132619
43021961	0.000269917526838229
43022320	0.000475117448556958
43023501	0.000369345143750522
43024000	0.00560144265534103
43024830	0.000326524420974477
43026490	0.660057513107993
43027061	0.136836419694379
43027860	0.000484399454619803
43032540	0.000297308697550115
43032851	0.00576671560145176
43034180	0.00028059017969635
43034811	0.00046610264396726
43035771	0.00867719293645853
43036420	0.000216639896506346
43036540	0.000263720964444461
43038661	0.000812530794155977
43039170	0.000394549005634748
43040010	0.00207662885710206
43040150	0.00158460321253089
43040280	0.00110421652754902
43043330	0.00639452151755465
43043560	0.00577986629661304
43048820	0.00845470095923995
43049011	0.000299120470315674
43050781	0.000358527200975155
43051420	0.000688422180945134
43052110	0.000424953730920602
43052140	0.00075227192736219
43052441	0.000310203204233889
43052960	0.000500316453211523
43053810	0.000429703506414393
43053951	0.000388245748885755
43055440	0.000591800257028922
43058180	0.0136202384105769
43059590	0.0107666067183802
43061541	0.00262846792281009
43064031	0.00087109288828229
43064110	0.000314290170374562
43065380	0.000709876839275439
43066661	0.000383124452825233
43067050	0.00703478166117954
43069681	0.00231226193864519
43070091	0.00414091485724902
43071170	0.00111204315615564
43072041	0.000379431566358132
43072711	0.000833012048027305
43073360	0.00132533882669009
43075211	0.00154603647128946
43078231	0.000969888072331903
43079030	0.0108697838326367
43080540	0.00211604843035634
43081670	0.0151459676267106
43083071	0.000206863448223984
43083211	0.000205017840883766
43083331	0.00995049649759616
43083481	0.0456238198881009
43083710	0.115932497730972
43084301	0.000241192978745981
43085100	0.000270302310725625
43085230	0.000578746128724629
43086180	0.000437293156686251
43087850	0.000388008469026057
43090740	0.000350063561089726
43091081	0.00175830712343151
43093821	0.000296840901139867
43094590	0.00223640070882887
43096150	0.00023368233509961
43097900	0.141788441771568
43100591	0.0135458933148703
43103010	0.000900978167725106
43104041	0.000428918512460988
43104410	0.000440969957248502
43104861	0.000829422159071177
43105531	0.000572583934072228
43106200	0.00275493720936515
43106620	0.0483568600592491
43120520	0.000315082700021899
43120851	0.00286514133636836
43121370	0.0031339033414076
43122460	0.000482737294615035
43128021	0.000468183733179639
43130040	0.00059849495995706
43130760	0.00337323629010853
43131180	0.00191503662475038
43132970	0.000407631795773811
43133250	0.0134987442978917
43133271	0.0915837644412745
43136260	0.000429405270626865
43138870	0.00195176661700729
43139211	0.00288819448754052
43140140	0.0117225235474188
43140171	0.00216573546360679
43140441	0.00164191366044604
43140711	0.00288052360614314
43141900	0.00211865443510466
43143461	0.0111196779458352
43145811	0.000216768342679496
43146791	0.00614837866054441
43148970	0.000918047020264207
43149141	0.000240248763645371
43150241	0.000445389981067928
43153380	0.000249239854107303
43153541	0.00161292112776773
43154781	0.00230514036519126
43158880	0.000830972278493052
43160240	0.00109449596710522
43162900	0.000485937512101319
43164161	0.00250095674225186
43164970	0.00034105670175784
43166730	0.000323345766002246
43167170	0.567664033947169
43167891	0.00158749177062566
43169340	0.000689290240919828
43171341	0.000347079852781077
43172260	0.00421733835426608
43176530	0.000339985788638146
43181090	0.0260542933389401
43181951	0.00203015794186972
43186091	0.00959212220556337
43188920	0.000559621877961645
43189340	0.000915040609578917
43189900	0.00055120528458367
43190580	0.00742945954276475
43192520	0.00216748394210503
43194211	0.0041954667929022
43195751	0.000275734832936715
43196151	0.00207955484472951
43201480	0.00618829263865247
43202860	0.00813498053331826
43202911	0.151421224722146
43203290	0.00146423060353648
43204380	0.00117355937046712
43204940	0.000285779393304506
43204950	0.00131921831987369
43205661	0.00253598651958101
43207280	0.00200080900956351
43209220	0.00338766684743058
43210050	0.00258748818900463
43210060	0.00192475934704024
43210101	0.000557770807222789
43210330	0.000302179058805264
43212851	0.000309583568030061
43213500	0.000156875616697255
43213920	0.196064914306438
43214740	0.000394646717027683
43214750	0.000365941850078103
43215680	0.0114485507982978
43216510	0.0193732101127764
43217541	0.00144889261654508
43217941	0.000273988922273694
43219720	0.0016452774923647
43221271	0.000762555782510944
43222781	0.00539798065641258
43223400	0.000224749572202008
43223580	0.0101220641648502
43225681	0.0121976086498154
43229900	0.000366518815509476
43231570	0.00116940499973609
43233531	0.000598664005327747
43238060	0.000341812437856453
43244650	0.00161232785787275
43245650	0.0221835898783768
43247290	0.000637098211713497
43248270	0.120338225548034
43249941	0.00286061754401296
43251601	0.00036750583552003
43252421	0.000208791722523397
43255700	0.00993793529293012
43258300	0.00207956428851238
43261931	0.00167983392024343
43262160	0.017648369089458
43263731	0.00067957132422266
43269050	0.000302237230267646
43274491	0.00188526105472471
43285630	0.000589126309114136
43286351	0.0117799148193778
43286730	0.000516570106985
43291591	0.000634064658550035
43292120	0.000607386000205513
43299471	0.0256771675016277
43299560	0.00101583366842074
43301900	0.00034058955936942
43303840	0.0360725306782397
43306150	0.00281709527929274
43307301	0.0028434253833622
43309251	0.00774898774354545
43310611	0.00929381081608192
43310710	0.00274968493840917
43311191	0.00100492268159006
43312240	0.000420394434444875
43312370	0.000249078414764438
43312810	0.0386849095141062
43317060	0.00108851810574959
43317651	0.0193496568345982
43319161	0.0032162179487325
43322611	0.000613435926634837
43322911	0.000414295102036674
43323390	0.00201984442181507
43323690	0.00171823037638455
43326911	0.0191584402865738
43330341	0.000901140166521487
43330361	0.0296483833842526
43330980	0.000390622720271979
43331881	0.000488158220819419
43333180	0.000287102916815127
43333330	0.000576130038536424
43333391	0.000771106116436075
43338501	0.00138147595908307
43339400	0.000938192619860313
43340950	0.00226716542144983
43346020	0.000369374587543808
43347581	0.00032888525646601
43349521	0.0219154639256203
43350351	0.169309200351332
43350850	0.00023694433476958
43351400	0.0246925252609698
43351430	0.06095424302263
43352701	0.00306652788126198
43353931	0.0120161559084413
43354891	0.000668501515073566
43355400	0.000264100996640869
43355441	0.000264949385127188
43355871	0.027755189111975
43358280	0.00170388278386839
43359010	0.0327544098452566
43361501	0.007446068578402
43368350	0.00294644370071396
43372490	0.000909154531566386
43373220	0.000215448993577303
43373251	0.00179781964295601
43373641	0.000930823146113314
43374280	0.000265392684613348
43376670	0.000283393828817177
43376971	0.012128087408817
43377470	0.000548857187728727
43378351	0.00529989803443323
43379410	0.00309067038804402
43380401	0.000316473356247288
43380841	0.000206260670652553
43381610	0.00385339272488589
43382191	0.000695841820969134
43383181	0.0100896617325406
43386030	0.00570222016364016
43386351	0.0211365285676581
43387840	0.0013919030234805
43389060	0.00147193308042747
43394051	0.00316512419843385
43394211	0.000192211936623649
43399260	0.000924349479603982
43401241	0.00335747462144491
43403130	0.000651199177924181
43403520	0.0142644798810198
43403851	0.000687752421163829
43404261	0.000231931300997526
43410000	0.026338938435159
43411171	0.00134926921473741
43412681	0.000351231583617963
43413480	0.000216724669295687
43414201	0.000616294965768149
43416230	0.000378548308096651
43418481	0.000604069476646419
43418751	0.00119190661349069
43420281	0.00275664723672974
43420790	0.00016583196994485
43420971	0.00202936956806749
43423390	0.000372875831101395
43425791	0.000388773055325519
43426040	0.000378625207784218
43426170	0.00478029581202755
43427800	0.000453540394024732
43435171	0.000319042603370334
43437631	0.0712502324653216
43438830	0.015821198779359
43441101	0.0006882650753136
43445860	0.00313915952619998
43447711	0.00960758931761742
43448210	0.000239495079847748
43457870	0.000717852407397092
43459520	0.00641766993886632
43461631	0.000289779120135451
43462960	0.00059041795271603
43464551	0.0014638383280592
43467011	0.00658986260091194
43467680	0.000622203825842188
43470970	0.00173302657903906
43472131	0.000595986516894151
43473501	0.00393878641102833
43475431	0.00663782898256886
43475510	0.000659276282740707
43477651	0.000325185914819529
43477890	0.000929503947949657
43479441	0.0304796528802428
43479581	0.00269586259777784
43482150	0.0103330158027679
43487230	0.00225572180413236
43491110	0.00066594781890847
43496630	0.329742220213815
43505870	0.00642163893381706
43506481	0.00301053080462315
43507831	0.000493161399231101
43519431	0.000969151241446783
43525340	0.00359648940740557
43528521	0.0139500412948873
43537440	0.00948400902528337
43540791	0.00391615027137473
43543841	0.0076515932768507
43546710	0.000392069827487138
43552360	0.000604497297483497
43553091	0.0165619690865863
43554861	0.00396976311519295
43555141	0.00212837341729686
43556671	0.00417425935695524
43556920	0.00198197551918575
43564510	0.0540143979298128
43570550	0.000330599908880674
43570881	0.004544481799958
43570990	0.00152382742709273
43571130	0.00736464009948358
43572210	0.0174201777866785
43572470	0.000274972588724074
43579260	0.00355953963555347
43581481	0.000431801683571426
43586120	0.000311854387528174
43586471	0.000227400075676594
43586560	0.184065342912203
43587681	0.000332893325387008
43591131	0.000366148534904879
43592350	0.000408049509571462
43592610	0.000374363342766442
43592620	0.00225513401182299
43593440	0.0390272680503509
43598280	0.000243153027841056
43599930	0.0022800450054901
43601160	0.000244580671594381
43601310	0.000242650094534453
43603500	0.0013587702418327
43604910	0.000685529862697897
43606570	0.00435005943133665
43608600	0.000296798099541651
43619240	0.00052357323188425
43619431	0.00429121056358609
43621450	0.00199938747696195
43623650	0.000453701668984035
43625310	0.000628536892905222
43625911	0.000468911944809164
43639660	0.00255958045649367
43642451	0.00564675945072742
43653980	0.000391728769864096
43656470	0.000642173581425787
43657911	0.000474285682469693
43661040	0.00285656233432413
43662451	0.000545110568942061
43667760	0.00223628532190569
43675380	0.000283168329811017
43676251	0.00739384574702003
43676590	0.00327079341505021
43676870	0.00793169073571542
43677170	0.00380360189088737
43677560	0.0083525260296759
43679080	0.00151472772362981
43679701	0.000355749116142763
43680760	0.000486781290894945
43680781	0.000323882603499714
43681150	0.000482479939592746
43682441	0.122759486450703
43683080	0.00165028162912286
43683281	0.00258905630553371
43683530	0.000434746372402281
43683760	0.0139908215149366
43687530	0.00788882746205917
43687640	0.00035334710683858
43688350	0.00038224622494124
43689040	0.000445115228838921
43692760	0.00396844679172953
43692781	0.00100745509838959
43693150	0.000346802791649512
43693891	0.000354135171273151
43698380	0.00136513814425721
43699261	0.000349539386487045
43700170	0.00103231643711818
43701570	0.00405597683465788
43701881	0.000533924735928079
43702841	0.00102291499585828
43702851	0.043406830031814
43703070	0.000506817408149154
43707780	0.00101114991998236
43709471	0.00022850686984661
43710260	0.000347882566646831
43711370	0.000303301571299336
43714820	0.000275711623273022
43717710	0.0004746042195597
43718441	0.000252375090181575
43718550	0.000241828972613967
43719110	0.000306106822285038
43719490	0.0227911989690172
43719630	0.00512876448992541
43722530	0.000528370193241746
43723391	0.000387366759270733
43723510	0.00033111273698012
43724760	0.0441380552929602
43725461	0.00322115625172655
43725601	0.00185316219880102
43726250	0.000796987825513922
43726390	0.000349819374423774
43727780	0.003601269486496
43727821	0.0209679871189459
43728600	0.0202446688968209
43729010	0.000350569264396644
43730140	0.000382944767701866
43730151	0.0091938512213564
43735281	0.0190492206976187
43735800	0.000218031945473359
43736890	0.000433629834147524
43739380	0.00258211155638363
43742260	0.0434321199723353
43743510	0.000224721788260813
43746441	0.0541487639604198
43746711	0.000520742242488534
43747001	0.000153229125438198
43749341	0.000415964637530928
43750250	0.00113627737862309
43752641	0.00220699715172963
43754250	0.0722111448071259
43755480	0.0016393733099746
43756340	0.00123484206811441
43756740	0.000861203552370068
43757030	0.000327063586774737
43758851	0.000137053334522223
43760241	0.000441214906251731
43761191	0.00277516743963032
43762240	0.209672769508595
43764241	0.000587782004082082
43765960	0.000490648218512065
43768610	0.0339449071070661
43769061	0.0165592112831013
43769710	0.000198308044786575
43770250	0.000518219324868956
43773191	0.00423897059836358
43773840	0.00317791846418755
43773860	0.00163444869629709
43779890	0.000701486495531388
43779910	0.000174167803105945
43779941	0.000548703455150312
43784911	0.00701048384161277
43787531	0.00146141926463645
43787640	0.0122252489754221
43789611	0.0184000509079588
43789980	0.00420906958382029
43790510	0.00363516266572521
43791411	0.00883191422849523
43794441	0.00533058013439261
43795411	0.000240008500653384
43795470	0.00517165781665067
43799411	0.00094147052570202
43799821	0.000952137123758751
43801580	0.000619194676990074
43802540	0.0019898780011125
43803521	0.00343316039264229
43806380	0.00424457744162933
43808631	0.000355442654489427
43808740	0.000417850257299314
43812081	0.00160512890366567
43812761	0.29630596489633
43816300	0.000278363740343359
43817051	0.00143865130000548
43817191	0.000278401594840134
43818920	0.000426301200256517
43821871	0.00307389289432844
43823080	0.0013684620719751
43823941	0.00170536523715948
43825140	0.000383515082457458
43828320	0.00119466550448964
43831261	0.000254549202713207
43831671	0.000324641967120833
43834301	0.000507806105049439
43834380	0.000317589304972168
43834851	0.000480596994000959
43834971	0.000849400266373328
43838021	0.0163375499483204
43838561	0.000822986051843976
43840590	0.00318272115939934
43846001	0.0535881717025923
43848440	0.0212628101238563
43849331	0.00169317169041512
43850790	0.00910779758685986
43852071	0.000347803272717668
43852440	0.000495331793743916
43852621	0.00437227471302805
43861010	0.00218564629362691
43862530	0.000272408550617101
43864850	0.000466379802998672
43865140	0.004588469968911
43872501	0.000989036683068394
43875230	0.000599100407367674
43878910	0.00253783414944045
43879330	0.0542703737990935
43880030	0.354180125433842
43880570	0.0119942973425205
43881830	0.00776076607041043
43886670	0.00166258016853489
43886711	0.00721816181732777
43889410	0.00169336465054624
43889741	0.00682039334920056
43890001	0.00504486361355093
43890021	0.00113656924575322
43890831	0.00172184600052366
43892590	0.00327166618460088
43894670	0.000762461981406292
43896361	0.00107925034692557
43896590	0.000490646210399781
43897410	0.000920464923294957
43898370	0.00267056305155815
43898421	0.1102267650989
43898510	0.00753936203246363
43898930	0.00717987905591956
43899500	0.00111188440134568
43899791	0.000346642850996182
43907740	0.00149963442342473
43911050	0.00598148371025442
43913940	0.000792211521073662
43915200	0.000398301641826923
43915251	0.000630232662455148
43922360	0.000305160413300725
43924331	0.000434456031787222
43932331	0.0025245419897586
43935350	0.000382082227236802
43935880	0.000216670993844302
43936290	0.00139092262972345
43941731	0.000420118749115224
43942701	0.00024674089152185
43943671	0.000447522662682045
43951350	0.00035641642124643
43951880	0.00037108139116418
43952700	0.00168990669479875
43952720	0.00196350136736198
43953290	0.000255863115066732
43954411	0.000708320879971857
43954701	0.000162169362295854
43956980	0.000222399172314937
43957441	0.000584993363122078
43959190	0.000429606944517869
43960761	0.000412889343242833
43962701	0.00154363262145161
43962920	0.00871061304844502
43963661	0.00167700224029547
43964081	0.000319915451784707
43965380	0.000502659607501067
43965520	0.000648452219915037
43970780	0.000379772947135966
43971381	0.00248720432366715
43972840	0.120605725702163
43972891	0.00942226696085786
43972990	0.116995601578726
43974770	0.00060323711305473
43975941	0.00776866699652568
43976211	0.00410592523930104
43976560	0.00100847633895555
43977550	0.0325047519766111
43978800	0.000512371610483546
43980320	0.000323190848103334
43981110	0.0515752864789741
43981431	0.0232986051025661
43982131	0.00135049031361348
43982821	0.000902642907744953
43982961	0.000351872801942594
43984331	0.000947174524641603
43985380	0.0130025358235465
43987241	0.000948539363718498
43987890	0.000912047638963419
43991180	0.000498992212415247
43991870	0.000311419035055677
43993670	0.037201087120741
43995180	0.00285236906016841
43995361	0.000417193313345649
43996201	0.00181175461223944
43997010	0.000224924412862801
43998250	0.00235352504787692
43999091	0.000368337469280297
44000280	0.00025365396915971
44000550	0.00363346418055171
44001270	0.00477246330196711
44001380	0.000505461353700866
44001711	0.0430164390129345
44002090	0.00198378724392267
44003750	0.000450791974333903
44005240	0.00863814679700925
44005680	0.000875018191436653
44005851	0.00363377032937445
44006671	0.00517197653077593
44008341	0.000288321990397714
44008471	0.00293662172460582
44009820	0.00298788302645654
44014681	0.000234151022093359
44017520	0.000363778357788043
44018510	0.000370401513071264
44019070	0.000482954376146894
44019501	0.000295876402333175
44023631	0.000403518930390001
44023750	0.000389716207574197
44023781	0.000533672222584526
44024160	0.00104483030061383
44024761	0.00454087957946021
44024970	0.000629770989909208
44025140	0.00163507831840413
44026941	0.000590446214830623
44028000	0.00023198507631613
44028871	0.00180497826649178
44029530	0.0018653666790279
44034360	0.000749393695655491
44035210	0.000359202476930179
44041711	0.000528046416337173
44045711	0.00781161344966257
44046370	0.000594582762280671
44046780	0.000802071281603874
44047180	0.000396635993632338
44048020	0.000346876124372493
44050480	0.0012464781135299
44051050	0.00227277878067014
44051620	0.00251386955784933
44055600	0.00290389948158691
44058271	0.00122349894665733
44058370	0.000253184189350834
44058510	0.000224450310943288
44060601	0.00293501435385171
44061240	0.000617899141062409
44061400	0.0713260558111243
44062551	0.000199360099188905
44063760	0.00177536952561024
44065971	0.000548750998531303
44066251	0.000704808057100841
44074360	0.000248834999249502
44076830	0.00038520148356975
44077240	0.0108123572527914
44078401	0.00902964025063767
44083440	0.00188885432846071
44083740	0.000351312887327876
44084830	0.00048378951889125
44088170	0.000321167580148969
44088191	0.0005083894249747
44089660	0.000280294512861647
44090760	0.0142276909001031
44093390	0.000552422757692903
44095071	0.000523335098236508
44102230	0.00851486405390046
44103901	0.000243570749530849
44105230	0.00833144782198923
44110900	0.105946128582943
44111160	0.00138618636814225
44111631	0.000280153825655768
44111750	0.000581517105973433
44112560	0.000250991584899172
44116550	0.000308916542942218
44119371	0.000411203527460734
44120171	0.00103390345166493
44120451	0.00222139176020216
44121011	0.00043871482456194
44121021	0.000231199216919023
44121810	0.00030356054206893
44122090	0.00156632606106861
44122131	0.0419013418260869
44122910	0.000681900047776297
44123020	0.00113304537500546
44124120	0.000473900512207091
44127730	0.00364775167062567
44127850	0.000254007624364453
44128960	0.00159886470752581
44129120	0.000553451727791713
44129380	0.00979447984476792
44129711	0.00189308017886487
44130951	0.000936729354381627
44131190	0.000388561676658701
44132741	0.0052716609327372
44136120	0.00035530118568232
44139190	0.0183642953626035
44145230	0.000230542211673893
44148290	0.104213570061259
44155071	0.00778225576087356
44155880	0.00369555666139412
44156311	0.000799447492137178
44163231	0.00119948338781193
44163710	0.00323829307800538
44164530	0.0010385212406536
44164820	0.000674423874403091
44165680	0.000322284248963754
44166770	0.00115211930545054
44171740	0.000331600949335698
44172670	0.000588917554230643
44173841	0.000264187844713408
44175450	0.000452910788156878
44176530	0.00200157820700121
44176570	0.00169683033086214
44177810	0.00111990940711427
44179450	0.000601814826803214
44181510	0.00218162778427187
44181950	0.000390698383453364
44183751	0.000380062555546873
44187720	0.00447791368707321
44187860	0.00118984383562369
44189100	0.00175697062934486
44189650	0.000245616317183911
44192191	0.000422763796426947
44196410	0.0124533867445371
44197151	0.00206772882336959
44197220	0.00154281959940587
44197260	0.00371121982579909
44200150	0.00041361866538784
44201001	0.000560496621875826
44201411	0.0126321062169999
44203211	0.00309055068524278
44204950	0.00165861888603733
44205831	0.000588741692961218
44206890	0.000245157720515749
44207170	0.0028650593727745
44210121	0.000271194695288431
44211020	0.00026663819379403
44213910	0.0539481270328783
44215840	0.000453580492822663
44215860	0.0028199720801102
44218251	0.000339215218883297
44218740	0.00327687010246443
44220851	0.0024546555310551
44222791	0.00363493849928742
44222921	0.0078044146033818
44224800	0.000661057645616511
44225390	0.00343023319255716
44226521	0.000522072373634663
44227190	0.0199367998702498
44227341	0.000248897714750021
44227570	0.0699749579521484
44229001	0.00052143163252935
44229350	0.000396589743220191
44229930	0.000201387806521637
44231221	0.00121990376662965
44231351	0.0147426716524456
44232810	0.000444383478784442
44234080	0.00036631342341204
44235700	0.00121722191486638
44237220	0.000203762595516869
44237681	0.000254111527491012
44238190	0.000330183625068059
44238391	0.00311604405605971
44239211	0.00602236153505661
44240660	0.0119446348212653
44241151	0.00320789304148864
44241380	9.22063303341081e-05
44244110	0.000335909965792737
44244591	0.0358835214099096
44245151	0.000472360388568836
44245691	0.00223478406169874
44251450	0.00129391298921798
44254480	0.00074955114758803
44256280	0.00214472157884647
44257520	0.00033738902978648
44257701	0.000697621129159645
44258600	0.0316548216417027
44259280	0.00126379314137141
44259840	0.0293754810578449
44263710	0.00018854723470238
44263751	0.00027545113312701
44265951	0.000554580282840876
44266890	0.00132792571268621
44268410	0.000273132785724353
44268571	0.000516190197570797
44269650	0.00650452479885476
44271580	0.0332820918101717
44271621	0.000509658223317273
44277561	0.00185977331508755
44279700	0.00037533347456355
44282610	0.000347640785328537
44283140	0.000336943788396662
44283461	0.0003863864583563
44285121	0.000419335044743861
44287071	0.00212909644905507
44287980	0.000199326213896884
44289281	0.00932835492547036
44289760	0.0352623971897273
44291970	0.000474906625715696
44299331	0.178977902359499
44300031	0.00355794661076301
44300841	0.000394446330404508
44301510	0.000295900962909971
44303040	0.0335647428498494
44303980	0.000233166272129839
44305080	0.00594478423508053
44308790	0.000262786647350982
44309660	0.000492212234740334
44310330	0.000392043150556052
44310661	0.00275122861241724
44311211	0.00537189943066662
44311850	0.00027378050988897
44312120	0.000431653916023333
44313671	0.000637031894149912
44316311	0.000458595932225071
44317480	0.0108508598046822
44318620	0.0200557892205746
44325200	0.000326625091637917
44332970	0.000505222453959996
44335731	0.000625041262457135
44336021	0.00281214681138993
44336820	0.000250084355637761
44337240	0.000949994832130648
44338791	0.000440519150085022
44341650	0.00187591821036182
44341790	0.0975302703938162
44345900	0.000353029764918563
44348441	0.000197478380027766
44348701	0.000943554844034857
44348861	0.000405861801896221
44351280	0.0286101381605901
44352790	0.000377743294551116
44353620	0.0704686295393209
44356930	0.0138057099912954
44357370	0.000375417311919095
44358320	0.0145675445748889
44358470	0.000657458159550832
44358911	0.00147380025453908
44359321	0.000397363621265726
44360291	0.00256146615819486
44360520	0.00354319939018621
44361090	0.00296400205033742
44364660	0.000690928706042389
44364820	0.000916214494121511
44367280	0.000773530287650031
44368021	0.000403807551138564
44369480	0.104272223309783
44370030	0.0231367987838935
44370351	0.00046082175551362
44371020	0.0222556313879257
44375051	0.000248481955984078
44376780	0.000235063941704841
44377951	0.000900970954977716
44378170	0.0149051675379105
44378730	0.000139613188886874
44379000	0.00107038532928035
44380291	0.000698219941001867
44381350	0.000447196090601443
44381661	0.00169273127782693
44382491	0.029380858602359
44383010	0.000281922915020164
44383020	0.00336326137122569
44384550	0.00461673668766632
44386091	0.000770876489060314
44386850	0.000118251335804973
44386911	0.000432608364598445
44387280	0.000207214793974701
44387341	0.00588730780370186
44392141	0.000656545835384246
44392930	0.000178290452443488
44393760	0.000369744107027189
44398091	0.034977272365552
44399010	0.0152130536406253
44399130	0.00122074840598193
44399260	0.00254919583628604
44399440	0.000686786983030988
44399871	0.000205305991931572
44401681	0.000306353475427057
44407560	0.0061165978325313
44408441	0.19297543753935
44409060	0.000232688105083786
44412161	0.0209808021039766
44415181	0.000395995569686521
44415540	0.00337615940303989
44416711	0.000401722672705814
44422091	0.000946416694153476
44424540	0.00741917291728238
44424660	0.000225912432827654
44425681	0.000304173441682209
44426781	0.000284171071369299
44430170	0.000375357219145261
44430180	0.000389281916439076
44430850	0.00219423662402639
44431031	0.000855982266683218
44431560	0.00794205588820938
44432141	0.000215522504300077
44432551	0.0102724017804148
44432920	0.000837912993073169
44433200	0.0106758147750001
44433350	0.000565488508619924
44434371	0.000554604828493274
44435260	0.00472765985623094
44436640	0.149003983373768
44436950	0.000804044332888842
44438621	0.00666180781864291
44440120	0.0507586481275085
44441941	0.250579428200417
44443570	0.000308229608675748
44445381	0.000425000870458178
44445941	0.246173674888766
44446221	0.0139988888884344
44449060	0.00116702128337657
44450160	0.000307961440275767
44452110	0.00528400656872762
44453480	0.00114442112029663
44456930	0.0117086793289372
44456961	0.00164053514848805
44457241	0.00208655176685513
44459970	0.0124461437225382
44461241	0.00215645657303819
44464411	0.000475133382938582
44468561	0.00226446911726542
44471970	0.00270760981779789
44475530	0.000674555974303219
44477880	0.000338516523537062
44479861	0.0216577751243135
44480841	0.00266507157409451
44485640	0.00433813104195007
44487041	0.000245244486134891
44487530	0.000459353311111103
44488920	0.000645743236730824
44491000	0.000946160051573743
44492520	0.00132748896529459
44492770	0.00112652422001936
44493610	0.0025913114542364
44496100	0.0017084356795484
44497111	0.0073773819940365
44498481	0.00037558511363376
44504151	0.000540962396470705
44504421	0.000418651618932537
44504841	0.000387332294893096
44506710	0.00227959417400784
44507311	0.00581931634762425
44508421	0.000306683283006553
44509360	0.00109298655730856
44509460	0.000296491022303753
44510030	0.00188565724856549
44511530	0.0104632598059827
44512551	0.0015547555073316
44515410	0.000597899006935286
44515420	0.000341533338259481
44515550	0.00080402546578296
44515711	0.00134552367596217
44515830	0.00179722795001375
44518850	0.00318935326421647
44518870	0.00137016106279948
44518880	0.0161886203165829
44518980	0.000353704062537121
44518990	0.0107279615843895
44519181	0.00246708454706637
44520350	0.00188279607960819
44521770	0.000660237457212326
44522560	0.000935835881300055
44524250	0.000334737100442734
44526600	0.000469423352279253
44530211	0.00992244536692546
44531851	0.00211557212788585
44533630	0.000558425011414502
44535451	0.000666460146451762
44537750	0.000888469243580686
44538850	0.00258645719100445
44539431	0.00162653930692759
44540360	0.00239972829140889
44540920	0.00039126071507836
44542081	0.217659807326495
44543711	0.000255646847114274
44548800	0.000554470441052583
44550901	0.00037033597186768
44553590	0.0140745454639502
44555161	0.000414274161726053
44555280	0.000464076200718512
44556090	0.00113993211596757
44556220	0.000575372731514113
44556421	0.000348663688696473
44558191	0.000322434220003562
44558471	0.000382055341402299
44559010	0.0010803532066596
44559861	0.00037678442193998
44562320	0.0261780060282809
44564141	0.000600358648227177
44564551	0.000458568268970448
44566170	0.00119010454432609
44567311	0.000362718633134735
44567851	0.00926220801390948
44568001	0.00108704551964734
44569320	0.00072065964789629
44569610	0.000943102267969106
44569641	0.0107705974211137
44569770	0.000273168332194385
44571260	0.00152149511608399
44571410	0.000364840538099224
44573480	0.0359916436566506
44574051	0.00350198965249606
44578850	0.0030578433625568
44580110	0.00101532513275266
44580770	0.00247999021037199
44583810	0.000375750046015265
44585241	0.00180618589149909
44587861	0.0488952034958436
44589470	0.00031065682261043
44591100	0.000504089227680613
44592640	0.00066900623303865
44593460	0.0518465113995904
44594720	0.000186155663576127
44596940	0.0118406830157377
44597241	0.000267251338125107
44598410	0.000287089223280271
44601870	0.000172550844297802
44602351	0.00237669611032983
44602601	0.014869566699662
44607311	0.00214933456448523
44607660	0.00010682966746194
44608240	0.00942259630107903
44608790	0.000204310892884185
44609750	0.00346765432400196
44610601	0.00184824163258253
44611930	0.000260922006448971
44613050	0.00965315445241449
44615380	0.000274849284423719
44615670	0.00204309544428004
44616520	0.000318416492083756
44618280	0.0152863537499056
44620650	0.20780786716303
44622191	0.0183529287617526
44625081	0.0375481979145745
44626000	0.000674160726040127
44626290	0.000648292950374964
44627981	0.000396855437118578
44628360	0.000606059815241089
44630341	0.108033273257437
44631861	0.000304059951717322
44634761	0.0010176252642652
44634990	0.000438011591616405
44635390	0.0111550306598891
44638980	0.00163191065160802
44639410	0.0104903433933107
44640780	0.000488554352612534
44641610	0.000332439345315118
44644490	0.000345129719851913
44647380	0.00172285662129188
44648261	0.00204312074116181
44652551	0.000895018181755517
44653740	0.00236953027285321
44655151	0.00146736549839058
44671421	0.000571296211915423
44671960	0.000379150917534703
44677081	0.00120415447399171
44677190	0.608505810845195
44678440	0.000271074934063629
44679441	0.0090385429408227
44683011	0.000649011189254056
44689501	0.000521987012618354
44697761	0.00711420888031059
44698461	0.00255953651388596
44699011	0.000355227884087671
44704330	0.00044800439012299
44706150	0.000688297890624796
44710000	0.000267786301267541
44722280	0.0441690325565622
44724541	0.000629264088358326
44725091	0.000824880505225101
44726420	0.000919994474084172
44729710	0.000470078818874341
44732391	0.000232454727226463
44732750	0.000324142811927492
44735021	0.000916137526286107
44735961	0.011132082499114
44743100	0.000964269348317888
44745361	0.00051443437334128
44747161	0.00488428801348065
44751711	0.00913773317047186
44751780	0.0023682681893407
44753300	0.018233344819389
44755090	0.00333182635213948
44755940	0.000367657502031472
44757460	0.0924347443767791
44757481	0.000411111576033687
44757980	0.000263897303871193
44758130	0.00158229221623535
44762020	0.000553144058326882
44762430	0.000416307525005139
44763110	0.0145440615954266
44764251	0.000357679263978449
44766280	0.000562204862122403
44766960	0.00108207101512434
44767500	0.00435850069967508
44769081	0.000851515831092465
44769700	0.00167347070771406
44772050	0.320739439054332
44772470	0.00790469654119643
44772910	0.00105903697064639
44780770	0.00045912586096387
44780780	0.000192079024721185
44780900	0.0310732281072762
44784200	0.00180433169464486
44786970	0.000531699157375613
44788900	0.00191804772089899
44790191	0.000324980342923031
44791090	0.015207556783157
44791831	0.00678034750074475
44792101	0.00334018677943666
44792340	0.000466236824029907
44793040	0.0116502430652758
44793710	0.00172929500831048
44795490	0.000361321215302487
44795510	0.0429651640295774
44798430	0.00135818108233443
44799701	0.00172574428919949
44800091	0.000395099502160703
44801071	0.00114051475178819
44803810	0.000475280747933631
44803910	0.0173202019112323
44806530	0.00065251063579864
44809720	0.0133756428457538
44810670	0.00148880910536942
44810810	0.00148164727540021
44814871	0.00277139249274858
44816490	0.000384279074996305
44816671	0.00073556375882358
44818390	0.000847164849597791
44818400	0.000704536605338073
44818810	0.00586247035682005
44822840	0.00100138964378958
44827141	0.000415407769456252
44829180	0.00452020804577102
44829891	0.000375711676934509
44830991	0.002857869433571
44831090	0.000701072754314995
44831390	0.000364113918579192
44833061	0.00180927120232634
44835780	0.00033998387222147
44836470	0.00301554150029518
44837850	0.000801907458462848
44841150	0.000998785005596274
44842981	0.00350318029128318
44843490	0.000413489214233654
44844340	0.000268366525786331
44853051	0.000275726596539779
44854380	0.00058629295149723
44856590	0.000301738698017751
44857980	0.000361330433207124
44862861	0.000278028140275664
44863141	0.00128469486278667
44863660	0.00047084754140051
44864040	0.00277872255222168
44865580	0.00293466648024862
44866441	0.00286616785413157
44871360	0.00246343924057847
44871821	0.000630094160758214
44874240	0.0218354470237852
44875551	0.000342057265702017
44876091	0.00075066846003748
44876880	0.0117149148511758
44878420	0.0444049732639261
44881850	0.00884283390042376
44883630	0.0208920192145735
44885440	0.000585664091998672
44887271	0.0003337018347545
44887620	0.000689771615655184
44894581	0.00127648342602207
44895490	0.000216903356798988
44900880	0.00390825538522899
44901461	0.000443934466400009
44902550	0.00104994320008064
44904350	0.000677645206320842
44905420	0.000515355871711264
44906400	0.00947238758674777
44907411	0.000358794538115617
44908340	0.000407088459819564
44910701	0.000404682542282801
44911650	0.00512088331135227
44912200	0.00011891447607121
44913181	0.000391527811319592
44913840	0.000366281209101841
44915220	0.000497045569500554
44916460	0.0057570831350504
44918561	0.000276707142115832
44918861	0.000135116696531062
44919380	0.00138509106311717
44923200	0.000380349131247718
44925150	0.00454213305331509
44926260	0.0127594267613442
44928860	0.00032119585729866
44929270	0.0103624769615612
44931500	0.0010329252484193
44931900	0.00213825469126141
44932931	0.000582704004229797
44933601	0.0122216830208921
44935750	0.00123619672752282
44935890	0.000467888123067456
44937160	0.00055693998015947
44937201	0.000467341275364882
44937601	0.00274437135953494
44938960	0.00074041754979652
44939360	0.000257224561447895
44941300	0.00511717761643938
44942800	0.000364164778519908
44942820	0.00052310480735911
44943541	0.00347743166119804
44944211	0.237248098934007
44944330	0.00114853745690218
44944351	0.000415999868330724
44944610	0.00127678925753481
44946510	0.00347817256667614
44946790	0.000514228731529013
44948200	0.0208372044381397
44951060	0.000317846823863927
44951541	0.00132857279331242
44951811	0.000437460804350622
44951961	0.0122967845107554
44953751	0.00369007990802
44953871	0.000219004055104193
44954250	0.000355544237446666
44954800	0.000309763961868308
44957191	0.0285833039722481
44959220	0.00134111611037267
44959671	0.00799132771952696
44960351	0.00763214459270052
44961130	0.000204751274726508
44962000	0.00029202224800232
44962431	0.00187017215034784
44964030	0.000694085225608993
44965341	0.000312308908128466
44965440	0.000421061400107427
44966650	0.000337640641664629
44967261	0.00288771468292222
44968511	0.0206351332514327
44969461	0.000299795379625258
44971111	0.000315888708147056
44971121	0.000793493385221337
44971200	0.0352271601332484
44971251	0.00252484142004543
44972101	0.000237847877645964
44972621	0.0025109844027818
44973000	0.000349663713235214
44973150	0.00202566390500473
44976050	0.000321572101585992
44978021	0.000744438268624935
44979961	0.00027397808100617
44980030	0.000240641222192268
44980050	0.0188203711223228
44980091	0.000174656530087995
44980631	0.00171734447916001
44981990	0.157511929172979
44985130	0.00549517329344152
44986120	0.0141033563748751
44986711	0.00040992730342434
44990650	0.00149648047797677
44999190	0.000107258065676663
45001280	0.00137137983709464
45001290	0.000409022521422393
45001861	0.000347206385451007
45002831	0.00169481639191713
45003210	0.000698003610609934
45003401	0.000238850085174516
45004320	0.000984245861475117
45004511	0.000458356220268968
45006090	0.000329243548693529
45007230	0.000328032971829613
45008221	0.00439408115469212
45012170	0.0232532475128065
45014411	0.000331705411617355
45014790	0.153935889406959
45014920	0.000762276134145945
45014940	0.000812976823645459
45015791	0.000627290791367461
45016050	0.00173417014936375
45016880	0.00214782192956766
45017020	0.00299126939343764
45017611	0.000413957193746545
45019610	0.00194771949398738
45024641	0.000317311775664955
45030551	0.0010484717275968
45033300	0.000278287913398478
45034110	0.00319398674040123
45034551	0.000757964469364707
45035080	0.00146694367999309
45035330	0.00110144053699388
45037570	0.000673657082579844
45038670	0.00106993853559374
45038831	0.0002959217326398
45038950	0.000469461844552078
45040050	0.000730560772533557
45040590	0.00760065684431831
45041581	0.000157734956113207
45043190	0.00227242887087585
45044621	0.00374763370965366
45044990	0.000291392657314745
45048840	0.0002792061260698
45049390	0.000411221981346148
45049451	0.00279785198806244
45054770	0.000146892225027559
45060430	0.0186786557164053
45060470	0.00501401502282849
45061840	0.00279104074469753
45062510	0.000794504075888352
45065390	0.0358963549985694
45065601	0.00208296424409188
45066141	0.00369600929402267
45066691	0.000296666450938885
45067521	0.000333794430196356
45067630	0.000326157802936179
45075320	0.00584745858524222
45075330	0.00113541053814468
45075391	0.000298207186051167
45075870	0.000415553358332964
45076330	0.0045600272656533
45080840	0.00137524637023721
45081390	0.000362369354667141
45081570	0.000355790216472331
45081741	0.0012666371581691
45082131	0.00294610348949592
45082701	0.000561940852300115
45083111	0.000491982742458403
45084361	0.000326066710606677
45085420	0.000842443369481952
45086291	0.00156119996355732
45087921	0.0155190736750226
45089711	0.00227203527665254
45089960	0.000283631469579982
45092020	0.000480816434357851
45092160	0.00201353219735068
45095801	0.000720488010292193
45099040	0.00153034138368648
45102951	0.000690913419334913
45102961	0.000762237911690723
45104010	0.000410229735026203
45104030	0.0290753056565437
45104320	0.000479345898520094
45107630	0.000528895761789775
45110500	0.21279991204058
45113150	0.0251414397271896
45113280	0.0017252387502887
45113441	0.0406269185730184
45113601	0.000205953475561558
45114640	0.000472304977452884
45115190	0.000186776455614308
45116310	0.00308335323246901
45116320	0.000501977516253524
45116730	0.0243296206056111
45117950	0.0292891858421034
45118230	0.0266743844110202
45122360	0.030161166817115
45123050	0.00049652710187222
45123921	0.000440034813927923
45127740	0.000663434763080847
45127801	0.00128857953719853
45130080	0.00172580090638336
45132331	0.000183442921471589
45132901	0.00016439285055934
45133041	0.000285103700915609
45133871	0.00539525126662393
45136211	0.000603999803209655
45136891	0.000300535686165235
45138080	0.0476190138181601
45138141	0.000257761313994282
45138220	0.0078296288592373
45140710	0.0187354128472796
45140761	0.00262151843687608
45141680	0.00031847282267741
45141700	0.000315770267719462
45143190	0.00491490494150253
45146281	0.00254564278066142
45149410	0.000233401380527926
45149451	0.000575749834420617
45150951	0.0115026988292004
45152430	0.000760998468922975
45154971	0.00118786323156436
45155880	0.00222103588611557
45157291	0.00460345265753291
45158220	0.000302496256721242
45159350	0.0053497049944308
45161981	0.00193998170081307
45162350	0.000240578170644626
45163661	0.00126444031236637
45164300	0.000495582187321927
45165380	0.0150119938772237
45165560	0.00187011035502623
45166121	0.000401565237927548
45166131	0.000566424324075845
45167371	0.000356411461305441
45169591	0.000392763881869719
45172010	0.000403186547694284
45173431	0.000881633591490511
45174531	0.000263481873791841
45176990	0.00513523614528022
45178480	0.000336977481623991
45180690	0.000746593987701228
45181161	0.00333500726729971
45181670	0.000602297992459229
45182220	0.000375035105938739
45182671	0.000279760047471114
45183030	0.0694520070559172
45183320	0.000656538694927548
45184690	0.000305215731531319
45185861	0.000379404150391311
45190951	0.00693389880870699
45194760	0.00131791094096817
45197420	0.124995817185512
45198961	0.00033411861613253
45199221	0.0017111129860608
45199241	0.00627065628897441
45202391	0.00020657484067508
45204061	0.000484950779487436
45205530	0.00119313783856584
45207081	0.00119727116595139
45207771	0.000390861008164234
45212440	0.000331768299742858
45212860	0.000349677311726653
45214750	0.000164911732985565
45215911	0.0217280517366793
45219470	0.00142550382395461
45229270	0.000386445770655306
45230961	0.00241193525033174
45231210	0.0177575857681301
45231781	0.000678767227544923
45232160	0.000665408064898927
45232580	0.0023540269100866
45232601	0.000387763000844021
45235170	0.000156594602554526
45235351	0.000493775307010511
45236020	0.00197038503454228
45238220	0.00376528049155943
45239480	0.00148070843180022
45240850	0.000846703814161433
45241711	0.00089531625630601
45241960	0.00217246012620761
45242340	0.00182454042923497
45244690	0.00443203797790185
45245291	0.000377091257440854
45246630	0.000980627992169421
45246770	0.000323402723161449
45246910	0.00166302150886728
45248451	0.00188107826224214
45248891	0.000435194730359491
45249650	0.000384535352359564
45250500	0.00153046629577845
45250661	0.000343956160383396
45256150	0.0401913568489072
45257790	0.002176682033027
45258920	0.000387925069472086
45259740	0.00711803365992392
45260410	0.000253482510502172
45260440	0.000900451367366199
45262821	0.000574844962372817
45271761	0.0123260658039767
45275050	0.43236515671283
45277571	0.00053306009932125
45278340	0.00173029196759956
45280300	0.0129928843856027
45280960	0.00437302364253585
45281090	0.000326751503590977
45281370	0.000735657492023104
45281701	0.00157819783702806
45281780	0.00155304601070945
45282931	0.000301327900950748
45285640	0.00114793867903878
45286880	0.000501756317408335
45287231	0.0105970134785816
45288130	0.0352298722288527
45289390	0.000474608060531973
45289500	0.000491432939742995
45289581	0.00213209367654647
45290760	0.00140419865435587
45291590	0.000162160667690873
45292451	0.0277953630666225
45299200	0.00103068095168889
45301640	0.00111929181079787
45302200	0.00147952399058697
45302220	0.00036247721330118
45305561	0.00252095417843569
45307231	0.0185273428146653
45313360	0.00446989731874643
45314370	0.000408258613258357
45319020	0.0263645018409604
45321701	0.00159551840231033
45322210	0.00243732104441603
45323020	0.000217998827266976
45324120	0.00145360898979705
45328680	0.00144878722889117
45329220	0.00061185826244128
45329520	0.000680237874693587
45331351	0.000401350485624712
45331590	0.000841913808226872
45334750	0.014959037869175
45334920	0.0434266292967655
45335211	0.00058029300292438
45337230	0.000661536556684201
45337530	0.00550012811973133
45338900	0.000432561930942156
45340010	0.000135235345608197
45341510	0.00077498735371579
45346500	0.000586093472721864
45348000	0.000226394279554689
45348461	0.00143267819772626
45351170	0.000962669374911941
45352581	0.000439650999549434
45353640	0.180031119134212
45353790	0.000698151656736694
45354951	0.000391339746170574
45356031	0.00599721491560996
45357260	0.0116602601610453
45357670	0.0209599752206009
45358921	0.00194684880893493
45359911	0.0156053693344965
45361701	0.00381081913956669
45363481	0.00174342776084482
45363901	0.000299395026388194
45364010	0.00262187401661565
45365831	0.000584184869686744
45366190	0.000737112684691666
45367061	0.000260314958954899
45367351	0.000560600226784632
45372940	0.000405781478946243
45374231	0.000330456307999366
45374880	0.0046078045891186
45377260	0.000271085305468436
45383351	0.000510775312575233
45385421	0.00315834499649258
45386371	0.000196682875148681
45389530	0.000529946344783153
45390870	0.00139379963632943
45393141	0.21231743970336
45394350	0.000310232805584707
45396980	0.00531784804471421
45397271	0.000551914191508605
45398330	0.00182131755093143
45398641	0.000523264286535267
45399030	0.0100928054057623
45400311	0.00060692291708036
45401421	0.000324932526261582
45404140	0.00050470777729511
45405080	0.000446019927920676
45405660	0.000480968153118705
45405691	0.0242321492797413
45407911	0.176792846210543
45410941	0.00031847509723486
45413790	0.000219331530412392
45414661	0.00170768689058249
45415471	0.000307416075252674
45415860	0.00274885347708212
45416800	0.00106020057982829
45417230	0.00106884358543272
45418880	0.00212258576730757
45420311	0.126021309432253
45421100	0.000131129310168479
45421370	0.00124325874285598
45422391	0.000498369459331584
45423071	0.000466700011821564
45424181	0.00056329873285974
45424451	0.000317437858849281
45425131	0.000111210436028311
45425671	0.000494299046129969
45426460	0.000389308910861626
45427140	0.00103186433221397
45428290	0.000873928799639832
45429250	0.0044914911753161
45429780	0.00310709820303561
45429961	0.000388372474897334
45430190	0.00112016776257602
45431990	0.00038850340523165
45433701	0.00592445837648949
45433780	0.00219214208283209
45436800	0.000480500682935614
45447180	0.00268533686223045
45447280	0.00536005707905136
45451700	0.0102759874208074
45453630	0.000445163196624786
45456680	0.0127835121412639
45456810	0.0461174574282937
45458450	0.000313449199592961
45461520	0.00363506167032525
45463741	0.00184057660751225
45464380	0.000456855866800237
45466781	0.00187020788587089
45469551	0.00130883469326569
45474921	0.000420942533287288
45479830	0.00244267742522155
45482371	0.00126397175881615
45484451	0.00019310581667329
45486241	0.000357858174466985
45490600	0.000296470172150907
45490911	0.000715057654599813
45491550	0.00269055047092194
45498350	0.000395272410270839
45500820	0.645259808450283
45500861	0.00203199018021864
45502651	0.00294493116155759
45512550	0.00111475534103485
45521090	0.000449394986263235
45524161	0.0627128169924385
45525210	0.00416886240979058
45527751	0.000364131600755794
45529090	0.00017655370707826
45532370	0.000514301246637336
45533951	0.000286047007688224
45535201	0.0598734802640792
45537411	0.00267792715896031
45539051	0.000849092804876671
45540151	0.0359323058151898
45540930	0.000357866971673272
45542180	0.012774375044985
45544851	0.000570884184599088
45546491	0.00169924082893512
45546860	0.000256905163516461
45548550	0.000493590056013643
45549910	0.000393505279058818
45550231	0.000274356793606507
45550641	0.00607798879677229
45551000	0.0060889627366614
45552161	0.000381891482078027
45552530	0.000306954883298249
45552920	0.00045257110066037
45557240	0.0888394302889869
45558081	0.000488483156566425
45559191	0.000826035709958928
45561480	0.000260569333472166
45562470	0.00473789425399068
45562651	0.000168066735233423
45565340	0.000247897162943008
45565470	0.000624091375436323
45565821	0.000397757257259171
45565910	0.000356025557502439
45568031	0.000303729405922447
45570071	0.00024390846717441
45570081	0.00040064266914599
45570590	0.000375735371783796
45574750	0.00434050579366011
45574990	0.000311965761116288
45577671	0.00024821739847204
45580270	0.00106204522231288
45581190	0.000269858772041435
45581340	0.00221843223345927
45581821	0.000529966976789143
45582450	0.00437540471542745
45582860	0.00708543944514569
45583720	0.000762207680975309
45583830	0.00217140489760483
45585671	0.000123020193984139
45585681	0.000200307120394256
45585791	0.00033486799528264
45587030	0.000404744707689676
45587751	0.00991299338125834
45589121	0.00177105035383026
45589391	0.000275789279400829
45590180	0.00241113567345439
45590610	0.550030378299214
45591540	0.000657658205296272
45593230	0.00457760847652277
45595710	0.000342993131782971
45595721	0.00130545106970487
45595990	0.000531610572676144
45597531	0.014949730567538
45598190	0.00155011391413405
45599580	0.0283880102106753
45599710	0.000528666753617844
45601101	0.000440211236574953
45601760	0.000242054742445126
45606310	0.142802606871156
45608360	0.0744836725649904
45609060	0.000480429492092773
45613780	0.000276972266106333
45614351	0.000338188256950251
45615270	0.000320771474178388
45617261	0.000231941670496475
45618621	0.000499894222438872
45619611	0.000492167317970971
45622180	0.000264583681556655
45622710	0.00051389327909551
45623120	0.00419998778780828
45624141	0.000408322793926586
45625391	0.0335572648707374
45625661	0.000399967741591204
45627980	0.00169064656947071
45629050	0.0614349292829233
45631191	0.00178694235650571
45632021	0.00585270162159267
45632940	0.00143748909349489
45637080	0.0137109317200682
45639680	0.00299404199169573
45640691	0.000478910844293836
45642290	0.000300689198869487
45643710	0.0175899308566054
45650850	0.0276701718414725
45655840	0.00079931122332743
45656551	0.00117165097969439
45663250	0.000620438052151224
45665340	0.000383835401556178
45666061	0.0218218926378263
45669470	0.000610595203494065
45670190	0.000244087210363508
45671390	0.000328996369908314
45672281	0.00089319001480072
45679861	0.00291257494474298
45679991	0.00029417191030653
45683980	0.000980559029274294
45689941	0.00024004479284481
45690180	0.000672313321573656
45691711	0.00180990260033636
45697371	0.00312944935427035
45698061	0.00809725050599775
45698560	0.000654760271788942
45698720	0.00700638348570269
45699711	0.000254360228600897
45700350	0.161114889568241
45700530	0.00362520316511971
45700841	0.0646323058619767
45703670	0.058132377761658
45705941	0.00036314582955418
45708141	0.00835919865483529
45709480	0.000318498853519167
45710010	0.000639246454387604
45710030	0.00229312812016073
45710191	0.00026583771804548
45712811	0.000898464939468908
45713340	0.000441189769641978
45714440	0.00866489854360177
45715270	0.109597660735277
45716281	0.000359320209184149
45717661	0.000338449905157687
45721910	0.000336390798866363
45723400	0.00019911329300088
45723700	0.000352507282850779
45723861	0.00222828476189571
45725040	0.0997179676321741
45725870	0.0111940421542676
45726170	0.00180389770245815
45726590	0.00162784026050435
45726970	0.0119282442947013
45728261	0.0480383005512662
45729501	0.00313996441856484
45731000	0.0024416723963231
45732800	0.000189509122109038
45732930	0.0246933991658018
45739380	0.00256424935500076
45740500	0.00266763712539214
45741630	0.00992682534671907
45744691	0.00212095718388917
45744900	0.00050119807500599
45744930	0.0604314852053002
45747800	0.000441239320436985
45749490	0.000959513272723818
45750180	0.0180659271839288
45751581	0.000334526928747027
45755420	0.000184723498574857
45760350	0.000743093415517832
45766410	0.000303744375934019
45767400	0.000725316668714008
45768261	0.00208857982164169
45770611	0.01672598195841
45771711	0.00798912619940983
45772401	0.000287655897760234
45772790	0.00107601594570405
45774840	0.00334311777004553
45775171	0.000262892862727178
45775790	0.0020053114121511
45777760	0.00590454468856191
45778621	0.000464638354426988
45779390	0.000348070917757295
45780080	0.000402069291483405
45781651	0.000455598577501869
45785631	0.0013460277320958
45786030	0.000405441841306722
45786761	0.000646797194335606
45788121	0.00221371433135356
45788770	0.00119639724572183
45789750	0.000899356670223588
45790030	0.000319438996615022
45795820	0.000416960666524454
45796210	0.000315429057597636
45800360	0.12692280110914
45801900	0.003472747538535
45803790	0.000946183903654838
45804531	0.00199670604164527
45804541	0.00161321829968401
45807240	0.00150362506338359
45810000	0.00159069773685488
45819000	0.000675374698230952
45819151	0.00187254463854027
45832510	0.0336935490182921
45832811	0.000441654323685889
45835230	0.0146419949239155
45837740	0.000345282980357838
45844060	0.000572628241747263
45846311	0.00404837984848914
45852610	0.00174434343689754
45855540	0.0029761185595132
45857200	0.00178204937251982
45861180	0.00142694414794741
45865641	0.000510027400335448
45876401	0.00518915844639824
45877621	0.0037408448648832
45880391	0.00146211780861512
45881750	0.000487362410273286
45884251	0.0768085080292857
45884330	0.0493475138600711
45887441	0.0306152064156586
45887670	0.000391017020232545
45887820	0.00359843382663915
45887831	0.0457180539622714
45888910	0.000302510280103358
45889071	0.253881218783646
45889470	0.00221647533310407
45890290	0.000206702416117281
45894440	0.296076051386223
45896490	0.000862035594068864
45898321	0.00049686054240999
45899130	0.0034251727417657
45899390	0.0568366869079268
45910591	0.000456858137576402
45914560	0.0263525639322812
45916801	0.00198520500661211
45917081	0.00183239478666638
45919011	0.0279348815142412
45919551	0.00143785050417161
45921221	0.00464598985390491
45924371	0.032978872645725
45925050	0.00436903783264019
45925290	0.0125437693956009
45927421	0.000705882894971678
45927711	0.000567770107885017
45929751	0.000376917878863788
45933330	0.00505545319282307
45933361	0.000469026927397808
45933870	0.00218832680599394
45936340	0.00105576950015967
45938680	0.00025334534042104
45939670	0.000268189576604715
45942041	0.0033464196398315
45942721	0.0122569930156828
45943910	0.00356406044687698
45944350	0.0110826618895601
45944391	0.000198795508029745
45945850	0.00206414847988084
45946041	0.000610048491961454
45946130	0.00727623501553496
45950390	0.0288353452079639
45950871	0.0162687373465442
45954290	0.00269443176268633
45954810	0.000496159660950229
45955250	0.000395335679797999
45956101	0.000704527200137625
45956521	0.00202840590066491
45957501	0.0338579248024753
45957580	0.37236999736904
45957901	0.0124715150289678
45959011	0.000304964480420462
45963080	0.000277703476708634
45963291	0.000251977478974135
45964350	0.0020593649444075
45965050	0.0169797624926184
45966410	0.000368552704080283
45966991	0.000322124033225839
45967670	0.0844801411166112
45970441	0.000456636525894984
45971260	0.00426524031751486
45972870	0.0187643856492609
45976620	0.000281294685225324
45976890	0.000352763264312905
45977351	0.000280948022901538
45979271	0.00166960332863986
45980080	0.000641937496183752
45981040	0.000689368422661889
45983411	0.000757358743101661
45984241	0.00100981518331318
45987240	0.000462658560420887
45987500	0.000259431769815435
45989570	0.000318651906875599
45991981	0.00120294879294864
45995701	0.0113866748454442
45995900	0.13067078019064
45996381	0.0010008383070445
45996620	0.000528552261342978
45997180	0.000476571425153051
45997191	0.00123414540285958
45999811	0.00126508246204899
46001020	0.0381594195445692
46002140	0.000924398660731275
46002540	0.000412284262617978
46003380	0.00303581181611813
46006680	0.000343706468580666
46007800	0.00209916983182287
46015230	0.000369403336957621
46015821	0.000824402113048814
46017611	0.00046960410792323
46029741	0.00153210067427454
46035760	0.00488135614224885
46037140	0.00405281848982147
46040760	0.000359970495115094
46041491	0.00280339716049618
46042400	0.00148105476912
46044521	0.000293535863164487
46045211	0.000411076050149661
46045901	0.000609394450310177
46047971	0.00243327146809296
46048371	0.000821589577917336
46052661	0.00110736276087749
46053040	0.000738377038591346
46054540	0.000178125415525132
46058800	0.000641923906821659
46059920	0.035899799122089
46063251	0.000461699171352666
46065051	0.00039393120324028
46066410	0.000971256769586881
46066540	0.00719761918412005
46066581	0.000307765382473868
46068330	0.00175800725131296
46069761	0.00240075661506772
46073310	0.0026927319806536
46073560	0.000509026921841189
46075691	0.000394299356909143
46076371	0.00479048804853403
46080350	0.000500620500847956
46080460	0.00120307176406777
46081761	0.0488150997645047
46082670	0.000416666391963944
46085191	0.000384701279482714
46086291	0.00229642100446315
46091780	0.000883970813900591
46094680	0.00173377009803163
46094970	0.000732204154402603
46098981	0.0020968807417648
46100050	0.00175324490010466
46101461	0.00131566780100642
46102031	0.00375204466286162
46102510	0.000335382969751103
46103760	0.000420869810473298
46105970	0.00377578743260956
46106260	0.00469964383339985
46106940	0.000520702363659348
46107610	0.000990010004284103
46108300	0.000495357652656208
46108491	0.00735813597018226
46112211	0.0226950649656621
46114421	0.00045547802409237
46114991	0.00380520234533662
46115121	0.0200386431987479
46115490	0.00227218685902568
46115790	0.000341033308975676
46118011	0.00199030741417121
46119340	0.00089755501781019
46120070	0.00152364078224278
46120371	0.000433141491685795
46121990	0.000645888765710388
46122520	0.000242223287015221
46125201	0.000242655790438902
46125481	0.000183260706171865
46126250	0.00062423143307766
46131080	0.000147492600221323
46131220	0.00107974439797932
46132450	0.00129318535576515
46132620	0.138518117065067
46134841	0.00489862168388105
46136651	0.000353810303821647
46138130	0.000431303702003383
46138581	0.000560459284816019
46139531	0.00104059111571054
46140761	0.00052188671579389
46141820	0.000344930378793343
46143521	0.000306675393067741
46143671	0.000390136236587909
46144710	0.000543659114134369
46144730	0.0125966129959752
46144901	0.000149754186915124
46146810	0.000325931954087679
46146950	0.00127131879995073
46147330	0.000490507575846024
46149970	0.000458791399386095
46151661	0.000722578840796783
46153061	0.0167265672531394
46155241	0.0406810585218028
46157471	0.000555115047441901
46157700	0.00865255271743196
46158960	0.000450547875769167
46163261	0.000220251232530296
46163650	0.00292979898752943
46166270	0.000548342183625477
46166971	0.00194649873848516
46167121	0.000287516629781007
46169061	0.00101967692758643
46169130	0.00403466959211537
46172221	0.000761356913602376
46178151	0.000360105178010416
46182281	0.0133970310955351
46185970	0.00049202826588056
46186691	0.000314248754833846
46186831	0.00231333053026068
46190260	0.00514678896676748
46191880	0.000491142144028313
46196491	0.00556728947999939
46196781	0.00547035996932484
46207500	0.000426716005508989
46212061	0.000393219381033596
46213290	0.00152534262785812
46213861	0.000272327047678993
46214151	0.000431091319430952
46217150	0.00221748999597462
46218780	0.000310558980020939
46218831	0.000528433016741763
46224180	0.000611477366022599
46225570	0.00450651153553054
46225591	0.000272029911787603
46226021	0.000649700742654719
46226520	0.000373319496296827
46229991	0.000485717364102383
46241130	0.00139426925447712
46242500	0.000262886470707044
46245980	0.000728221959559959
46247320	0.000170575304158643
46258971	0.000629584944144539
46265810	0.000301121945332238
46267391	0.00735798734808189
46269051	0.000387658008353765
46271511	0.000452003744451898
46273171	0.00100543924515476
46274090	0.000301792316175212
46275801	0.100394465957972
46276341	0.000378679369658387
46276850	0.000416316438015818
46277000	0.000567525958272135
46289041	0.000284921988894509
46296611	0.00260451882699254
46299091	0.000282089123249686
46301311	0.0038205925412442
46302530	0.00132196298937763
46302961	0.488595926923263
46303781	0.00281426484727079
46304710	0.000971854889510531
46307511	0.000211092810972387
46310961	0.000835491372513546
46313110	0.001141267387059
46313420	0.000640441175070298
46314681	0.00937931263731744
46315610	0.0016548049665949
46317721	0.0467906188613539
46318281	0.00426253879704422
46319060	0.000561471687555228
46319371	0.000340232110143712
46322281	0.0110488789728459
46324290	0.000238983286635837
46324611	0.00397213939286797
46326490	0.00239011364845006
46327320	0.000199026484845364
46328870	0.000644491129136343
46334760	0.000218590338895991
46334930	0.00173140320405517
46336570	0.000423569818808716
46337400	0.0275856417201698
46337591	0.00277415802172237
46338541	0.000178899676679527
46340140	0.00404709059432294
46340310	0.00183973670792917
46341550	0.000262588171370787
46342650	0.122074384879689
46342770	0.00526158782003258
46344891	0.00141349290799222
46345250	0.000263914661157419
46345660	0.0131256517318198
46350780	0.000427537731761761
46351101	0.000328373084644764
46352830	0.00968068474658809
46354391	0.000235131963213189
46355760	0.00382792810848119
46356410	0.00135100971979076
46359490	0.000332966261680075
46360761	0.0013673465631208
46361390	0.000297055468142336
46362920	0.117811181358296
46363060	0.000648582161463874
46364901	0.000195716569050391
46365291	0.369283499657059
46366100	0.00143386529138578
46367180	0.000431546438335732
46368481	0.00866833527142184
46371590	0.00235596737238052
46374900	0.000359006762214118
46380000	0.000371905399513434
46381561	0.00643609702470901
46381670	0.000999960725062182
46383221	0.000649229529765663
46383890	0.00347035252050497
46385000	0.000816872891907869
46385390	0.000273385326323882
46390271	0.00050044422728243
46392590	0.00235649417945448
46393130	0.00166835524076789
46394661	0.0221222875018612
46397441	0.000711191926640572
46398760	0.00191874770683138
46400041	0.000266300461622846
46402210	0.021281204632512
46404700	0.00383739760404537
46404980	0.00100779886989495
46407480	0.000547001209792915
46408980	0.000486530915596079
46409250	0.000373114458707517
46409410	0.00123563165795651
46410661	0.0139674902444479
46412871	0.000372237174166334
46412990	0.0304750450687873
46413660	0.00113225980463742
46419241	0.000442289489844576
46419590	0.00418150646615054
46420820	0.000188602854682794
46421120	0.000359791974769691
46424041	0.00802279588952887
46424871	0.069841058853836
46426090	0.000603571448268964
46426541	0.000324818360948721
46427361	0.000209725865229915
46429110	0.103227186432677
46433960	0.00089369607612648
46433991	0.00192371031328796
46434090	0.00957030103340907
46437691	0.00748154022983394
46438090	0.000762620171347358
46438401	0.000297215448004265
46440341	0.000290182633625067
46441930	0.000457066122712361
46445240	0.0216783678195129
46446770	0.00106537485496934
46448550	0.00463925379836251
46448871	0.000410422884514626
46451200	0.0101454758149045
46452861	0.0154273524191041
46454661	0.0058448966050317
46455590	0.000548748901338677
46455870	0.000559116066865271
46456331	0.0265977821511065
46458760	0.0108292797965052
46459020	0.000358260120879022
46460560	0.00288629851120589
46460850	0.00029675702067555
46464321	0.00866888647682536
46466531	0.00066202153694038
46467511	0.00349293968005666
46469510	0.000100652356084828
46470951	0.00462456820332907
46472461	0.113992673429351
46473950	0.0016853607116052
46476010	0.033138281866382
46477001	0.00421052174203894
46477271	0.00974422360789578
46477920	0.0564230010462595
46478750	0.000405674916200188
46481001	0.000483908107368738
46482880	0.000268812127428686
46483200	0.00039936643864425
46484581	0.00216836008487953
46485370	0.0198511617565923
46485800	0.000330976376899399
46486070	0.00145975217314894
46487290	0.00233694658626696
46488420	0.0013209968816989
46488970	0.0004847065072842
46490111	0.00104249648135783
46491030	0.0521435288771473
46495621	0.00799280814720285
46496820	0.00709545704448995
46498261	0.000275450974809569
46500051	0.00610200153134343
46500160	0.000269265021578826
46500430	0.000333415827038059
46500601	0.000263353165041771
46502661	0.000596425682554008
46504451	0.000658651597611389
46506620	0.012944129506409
46509291	0.0729304781193146
46509971	0.000405214023759595
46514521	0.000395632242641616
46516051	0.000468985017755371
46516120	0.000979937599623029
46516191	0.000253970777511659
46518391	0.000267195854428312
46523320	0.000400992651533588
46524410	0.00160161164691782
46525240	0.000373891809475609
46527170	0.000374832588384937
46528540	0.00256134563495494
46531150	0.00389762268008505
46531221	0.000422576271586286
46531740	0.00965232907008659
46535440	0.0206684919122478
46537260	0.000741478524591863
46540250	0.000356152367080355
46541380	0.000701091917323168
46541571	0.000856366787349782
46542101	0.418513976825288
46543300	0.000430493661448243
46545930	0.000573425122316509
46546190	0.00226622135284209
46546760	0.00041451561828845
46547310	0.000691260105241818
46547330	0.000446580027570383
46548301	0.0405718671712868
46549100	0.000266109330602166
46552150	0.000472484497367149
46552940	0.00172524944305611
46555440	0.00126202533234634
46556670	0.000453702109087271
46557780	0.00104634467264298
46558091	0.00270353865871707
46560051	0.00116788693969578
46561011	0.000918495714577027
46561431	0.0146482874129977
46562480	0.000232511525123747
46564940	0.000596440224772828
46566251	0.000238734505277093
46567341	0.0331695144862243
46567361	0.0305669557338757
46570241	0.05310640025725
46572250	0.00126007659995922
46572960	0.00710321127149939
46573770	0.000703373921573578
46575071	0.0236107913253911
46581660	0.000319457906330045
46582231	0.000193074914582821
46584540	0.000267364694313412
46586750	0.0356085518159066
46587201	0.00237034759332968
46588110	0.00126661048816893
46588451	0.00013580372794457
46588721	0.0384643159727113
46589951	0.00726758621240227
46590590	0.000318434706369325
46590610	0.000464353645232573
46591901	0.000176430695535794
46596031	0.000276537955021614
46596311	0.00267619422307967
46597691	0.00082507672569773
46601390	0.000491763915106021
46601930	0.000990323122612206
46603481	0.000547488504489825
46604390	0.0020531582586207
46604820	0.000835135543939779
46608120	0.000484892939461927
46608571	0.000300409792333017
46610630	0.000181419107217063
46612530	0.000346408114651506
46614521	0.000616682224102526
46616250	0.00585772686685468
46617541	0.00403585187961702
46620301	0.000321320821022227
46621531	0.000487390922510504
46623191	0.00361797765781168
46623870	0.000432128301680235
46624420	0.00329845624679699
46624540	0.000838727419014901
46624841	0.00177841357011431
46626480	0.000578030070282923
46626771	0.00765012698992357
46627601	0.000683733795373239
46631980	0.00036314722481665
46632680	0.00451195722857593
46632820	0.000331762929332626
46635741	0.000391113938698363
46635881	0.00320416626506562
46640540	0.00230814257957753
46641640	0.0021559793325614
46641671	0.0016151821266432
46644851	0.000724281502375307
46645001	0.00025080485064221
46650170	0.0767983668286578
46650600	0.00592157036251012
46652800	0.00146817017881592
46653500	0.0040946210692686
46653691	0.000596741158755518
46656380	0.013582389079981
46656810	0.00932901864268887
46657230	0.000862546648105442
46657800	0.000278795593354456
46659420	0.000368722474122079
46661131	0.00145289354860619
46661271	0.00710083559485489
46662480	0.00129697323020789
46663570	0.00347364043106207
46666600	0.00264461973125388
46669360	0.00389397098635725
46672151	0.0109299851108151
46677811	0.011825573516355
46678470	0.0138514049598335
46679201	0.00195570754783091
46679761	0.00430583651517587
46683341	0.0034939279977388
46698931	0.0485577888589868
46702340	0.00450035426833062
46714340	0.113554222741324
46714491	0.00883043778124804
46714651	0.0342103341080324
46716240	0.000210897872706401
46716421	0.000696350957391145
46720790	0.0527511663321688
46721230	0.000478296189063501
46726101	0.00500152344527012
46726730	0.000863169389363833
46727400	0.00259211440324963
46729070	0.0237789305931566
46730371	0.0110046276927435
46731840	0.00388157106932792
46739710	0.000646266649487464
46742450	0.00271584560401559
46742850	0.000462293120601785
46743601	0.145169651920123
46744670	0.00020545745574065
46745190	0.00380188292877782
46746460	0.000616975600625377
46748001	0.00752027415877327
46748800	0.000501247462269764
46748971	0.0370832216290078
46749811	0.00111818419362574
46750050	0.000554342312721527
46750761	0.000255630934238529
46755570	0.0174910954263504
46756250	0.00201471890557332
46758440	0.000299687212476332
46759960	0.0323076525285534
46760120	0.00291887483212387
46760151	0.00391772966142126
46761630	0.182357718122518
46761740	0.320506266303897
46762081	0.000705939308076015
46763840	0.00209398202801759
46766020	0.000409931888892735
46767710	0.0116624423455528
46768441	0.000297605456389084
46769480	0.000918494649345885
46770030	0.014336324873985
46770190	0.0115836242321028
46772530	0.0012784782807764
46774060	0.00184463467089806
46776991	0.00107293147540008
46779051	0.019977181799991
46779980	0.000362342094553091
46780360	0.00195975821760113
46782310	0.0192484644144032
46782491	0.000131246754508741
46782730	0.00366894779434953
46783570	0.00395390828033915
46783850	0.00051177953450545
46784660	0.00214476831545309
46787601	0.0345763150549638
46788001	0.00705368077094563
46789661	0.00111245210616028
46790071	0.0366774985370952
46790231	0.000988039074239731
46792711	0.000233238015220521
46793600	0.000249615847377122
46795000	0.00156443232007509
46796670	0.000644327490171765
46796910	0.0622477227195485
46798081	0.0120221115420902
46800001	0.00230907911384423
46800800	0.00162278390722593
46801811	0.00755950396804086
46803051	0.000399684756324126
46808841	0.0068248577254876
46809801	0.000960246861858722
46811581	0.000251689000085749
46812510	0.00112275107569638
46818010	0.0270483571905089
46819530	0.000779736890630101
46819970	0.000382833067223437
46821381	0.000841630488951924
46822160	0.000619380956650446
46825870	0.00253811963753806
46826030	0.000983907820506478
46826471	0.00469106147512494
46827700	0.00294751863563671
46829111	0.00481871125900679
46833890	0.00173027297838283
46836141	0.0175214441112164
46837490	0.00171045738273172
46838081	0.0376690344826734
46838740	0.00613350576596565
46846221	0.000412458978300098
46847000	0.00496767977635372
46850710	0.000394629124544525
46851950	0.000435240356054926
46853091	0.0197283782310449
46853880	0.051389906499495
46854700	0.00245872534575878
46857651	0.0734390964392217
46859550	0.000446515182031874
46861180	0.00400184822637027
46865910	0.0264838957823029
46865941	0.00217171124167153
46866460	0.00126363355949051
46872411	0.00452823789950761
46874201	0.0780855423642179
46874351	0.0017250605698951
46874460	0.000411220890649128
46875851	0.000301912743877638
46881050	0.464188235907608
46881661	0.0579177376077856
46882040	0.00506473386532395
46884360	0.000426395885261241
46884380	0.000469427992842088
46885180	0.0136700962283022
46891670	0.000741946980424663
46892691	0.000396086071651636
46892780	0.0162264763695623
46894730	0.000485111090972247
46895451	0.000846686207466985
46895711	0.0071559236810669
46898331	0.00388527929863763
46899871	0.00412574102470843
46900100	0.000620819936492918
46902051	0.000351961280227304
46903260	0.0013550437381817
46906611	0.000488903606642472
46907670	0.10173225008622
46907991	0.054212038503379
46909231	0.00107773131165205
46909770	0.00148745887622775
46919581	0.000169912221720087
46920250	0.000327607213544943
46921501	0.00113280834658392
46923550	0.00165808136755435
46924520	0.00108395749415122
46925091	0.00041291071875552
46925221	0.249703836344721
46929610	0.000370087910440317
46929890	0.000664969141883317
46930980	0.0024557922050627
46931041	0.000454097889898462
46931530	0.138489129613036
46933460	0.0183808696977651
46934300	0.000262376266010195
46935380	0.00231283612590915
46936480	0.000679105580454734
46936620	0.0691653434416216
46937180	0.00256893731511156
46938850	0.00272624361465001
46944240	0.00038572980349704
46944671	0.00040676083203762
46945200	0.00210121344680779
46946030	0.0248815701191342
46946280	0.000652552528476812
46947581	0.000275635432263274
46950700	0.00634890875472206
46950990	0.00532023484682969
46951441	0.012062426555438
46959711	0.00139628279448365
46961880	0.0424762876732131
46962611	0.000734322719115378
46963250	0.00912205722926351
46964380	0.00045902647058592
46964790	0.000334913043373932
46964831	0.000628086348969566
46968271	0.000189564837710171
46968750	0.000950804737103738
46969480	0.000306498581429229
46970560	0.126323517048984
46971031	0.000612476779195379
46972910	0.00192827665887783
46973781	0.000433161481526643
46975021	0.043657387562284
46975301	0.000342647371275403
46976541	0.0140434169333232
46978440	0.000345636329156502
46980070	0.032451280359065
46982270	0.00814029691326243
46984350	0.00271350970492371
46987940	0.000219969365653093
46988401	0.000414536565278599
46989060	0.000334208042381369
46989491	0.000567006395266445
46991971	0.00721805123437148
46992500	0.000307300359247725
46992770	0.00040643742681123
47000510	0.029991902854692
47001040	0.00620089042450754
47004200	0.000406509594259117
47006881	0.000654469712816737
47009211	0.00161022307250869
47013620	0.00198189959486523
47016661	0.000506592211115032
47016681	0.00643184194030287
47024920	0.030858485513529
47025040	0.000365295458549935
47033781	0.000658620784044714
47043431	0.00116476144848311
47043510	0.00127896100859382
47047100	0.111701529216565
47047370	0.000537551875411763
47050150	0.0237750034764161
47060060	0.00359781675869504
47061491	0.000469787485299378
47065570	0.0172304189343501
47068750	0.000559494660629496
47071940	0.000936515564958595
47074471	0.000859044095972122
47075411	0.00490127875113505
47075841	0.000578501125299959
47081020	0.00165852786735812
47081351	0.00778797127924062
47081481	0.000738641087272457
47082331	0.000432314265048512
47084121	0.00128126782916074
47086311	0.00209481684202853
47090051	0.0348980926989617
47093020	0.000261176152092254
47094191	0.000515791347690959
47095821	0.000366718373208165
47097160	0.000628763481727552
47097361	0.000377012477338744
47099151	0.00148653537620653
47103711	0.000577057146740572
47103950	0.000248961778058457
47104080	0.00523211735379577
47105501	0.00654091261518291
47107380	0.000690881520635007
47109761	0.00193153437237553
47110051	0.0157355094800304
47110690	0.00016126050716938
47111370	0.00051709565484866
47112190	0.000402783111149199
47113170	0.00316061943471136
47113611	0.18196422639521
47113700	0.000295991018358943
47119510	0.000217063329073652
47119971	0.0236126280265316
47123561	0.000551365068406717
47124070	0.142638391358152
47125501	0.000699914608456062
47127380	0.00650706197806992
47128811	0.00490822911851044
47129440	0.000369537062941289
47130191	0.000334670962215116
47130950	0.000397233151959751
47133611	0.000332000869755848
47134871	0.000292329305802214
47136060	0.000544908122496355
47136661	0.00030334220400504
47137160	0.0148118118140501
47137580	0.00128196933157612
47139421	0.0104336535407984
47139500	0.0162109859817043
47143630	0.00110638692059419
47144651	0.0112089546910004
47148750	0.0123025441870504
47149621	0.000431111224972279
47151691	0.364738142413722
47152050	0.000735797107169196
47155080	0.000331918014871877
47155250	0.0592932549179649
47158660	0.000908272928929139
47158731	0.000467789118198428
47159080	0.00106193186117332
47159961	0.000280455039696553
47160620	0.000303236255369818
47160921	0.000347576977922563
47161730	0.00899651031680945
47163131	0.000361069947642432
47167650	0.000419391774077059
47169901	0.00298533284620452
47171100	0.00041010724750316
47175110	0.000230982173265409
47177970	0.000464118028732122
47179940	0.00231554623913733
47185051	0.0286992454340128
47186731	0.0212938080904094
47189720	0.000407253557853711
47189830	0.0348152182169988
47192521	0.00626782787310712
47193071	0.023182525700007
47193420	0.197836321514155
47195971	0.000622594922281829
47199350	0.00061614571036098
47201201	0.000279791146357954
47203790	0.0026335901040278
47203900	0.00153099832878614
47204040	0.000651720138906097
47206000	0.00162133335716796
47207831	0.00109844528926883
47208661	0.00400411916249724
47214560	0.0462629434590153
47220630	0.00197989281674837
47221430	0.000813352492455536
47222790	0.0276202956392396
47224170	0.00602264640552513
47225180	0.000366427089976124
47225730	0.000597382653858993
47226520	0.0021535867749925
47227380	0.000542247397923987
47232470	0.00848002138864283
47233461	0.000411322848888238
47233730	0.000823261615001837
47234280	0.00197804459198763
47234690	0.000465675224315454
47235141	0.0030144680213782
47241891	0.0306193847223753
47242100	0.0170018201042018
47243391	0.000400886331389474
47243520	0.0012065475065086
47243671	0.0018424290635336
47247111	0.000422334064260139
47247200	0.012698739770261
47247261	0.00029578182188933
47249000	0.019335052512417
47250120	0.000317985189774465
47251801	0.0519775817513339
47252631	0.000372369906903334
47253030	0.0015761029525911
47253590	0.000334847962262069
47258110	0.000846167585980996
47258721	0.000295374634373977
47260070	0.000245512203202679
47261030	0.00868697591670918
47261761	0.00020326391381248
47262110	0.00138347846126482
47265071	0.000280813183140251
47268310	0.00039617819935881
47273290	0.000477029535014161
47275210	0.00300898955655599
47277041	0.00180483374293659
47277290	0.00117195137066059
47277341	0.00128429392068028
47281820	0.000479315552366272
47283251	0.448302338618226
47283671	0.000556352926446005
47284730	0.00402548956719606
47288480	0.00486708568749896
47291230	0.00353617274865544
47293321	0.0161451645199102
47293690	0.000284106154794361
47297611	0.00036057068104462
47298670	0.00384263844916668
47302581	0.000297549253572598
47304511	0.000396245671454891
47306820	0.0117977358016047
47308091	0.0279480861050113
47309540	0.000482703925160694
47309751	0.00519673366850549
47310981	0.000227634727441534
47314120	0.00562888207912567
47315780	0.0449828834259117
47318831	0.00276652142068027
47319821	0.000889946990002501
47321160	0.000419077158172831
47321300	0.00039710318620725
47325171	0.000380631133603673
47326141	0.000913342309099502
47327890	0.000162749269797559
47329041	0.00027413864334233
47329270	0.00463786673536581
47330270	0.000417685119022465
47332491	0.00212495408384238
47333150	0.000332575896697542
47334410	0.000483804138857628
47336300	0.000897949491438834
47338120	0.000557650797422193
47338161	0.0349843148832922
47338820	0.0107710928301201
47339650	0.0022959376877909
47339920	0.000596455062931387
47340491	0.00415312666983521
47347370	0.000314152947004505
47347391	0.0047139526756181
47349410	0.00208935319792501
47350841	0.00106497803485573
47351640	0.00610517464937808
47353591	0.000332754090443696
47356600	0.00098217506305978
47357290	0.000311625325137211
47357850	0.000286554289497899
47360911	0.000961144570380235
47361990	0.000332041442234879
47363910	0.000619940539263168
47365611	0.00449653526362222
47368211	0.00082940628052253
47369171	0.000942215551064587
47369710	0.000670536580997741
47370800	0.00750387768463291
47373461	0.000286665132263473
47374650	0.00267594440895918
47376751	0.000103855795779088
47378291	0.0219164413392127
47378380	0.000383253592088294
47378790	0.00147584150982696
47379931	0.00116616473211567
47384631	0.0141181069490214
47386380	0.00358447979868252
47387490	0.0363164422272844
47390930	0.000280682708752994
47392030	0.000532718393970637
47392341	0.00146663377305127
47392491	0.00176656471299711
47392781	0.000415487069577689
47396170	0.00514685812196958
47399060	0.00123603091941024
47401400	0.000432261082612625
47401550	0.000301476214140212
47404160	0.00253013729539629
47406281	0.00314674525018955
47407460	0.00032908864138977
47410230	0.00390968475022791
47411620	0.0017784383020858
47415781	0.00062888961623605
47416901	0.00453955384885803
47417020	0.0101270185718976
47420621	0.000294830934505649
47421191	0.00138671192394779
47425960	0.000289256662163091
47426390	0.000631140189129341
47428211	0.000342440104625353
47431391	0.000362818706727258
47432621	0.000451002189387825
47433451	0.000362784679133548
47433830	0.0527395510656414
47434291	0.000485195474877489
47435651	0.000435510694843041
47435730	0.000564231253981358
47438780	0.000286350812794193
47439251	0.000357885644180495
47439360	0.00131356356304464
47442800	0.000425357421245384
47442930	0.000520085316244938
47444450	0.00235422976708805
47445250	0.000582015375933444
47447931	0.00186702871700577
47449430	0.0664906554136277
47452720	0.000815189989202274
47456150	0.117574068676584
47457311	0.000232001547330063
47460170	0.000268464787065006
47461451	0.00380565293702322
47466930	0.00034749046848983
47466940	0.000464547626974749
47467501	0.00115021675680229
47468830	0.000161447711794997
47470760	0.000396252080363949
47471890	0.0202907815591775
47474261	0.000400226633575725
47474370	0.00160210219050332
47475781	0.0370466308933534
47476901	0.00722906809265678
47478930	0.00170553620313819
47479190	0.00769859844819635
47480440	0.00108824764924441
47480881	0.281249537952875
47481390	0.00178891087918066
47481410	0.00391578536789977
47486100	0.000213303770102464
47486230	0.00253145702168353
47486370	0.0676940654589282
47487231	0.000208204730268496
47488741	0.00857404245295642
47489930	0.00233989865682198
47491210	0.00170309728314823
47491371	0.00231988947949645
47492040	0.00184093913622712
47492180	0.0461643559146835
47493311	0.000212502096482759
47495460	0.00140404907787136
47498940	0.000429719186523122
47500751	0.000607194854506187
47500830	0.00135119694630596
47501151	0.000410651371165892
47505851	0.0149037808623742
47506271	0.137359786581114
47508051	0.00234786087499445
47508970	0.000459424971389602
47511900	0.000924635644820414
47515170	0.000226332346641752
47515931	0.000505651598553572
47516191	0.00125145141997986
47518360	0.0022072758161829
47518480	0.00221421893508592
47519450	0.00361828223125294
47521031	0.0139069718069829
47524160	0.000306095673182162
47525981	0.00326457794417583
47526070	0.000231427420998766
47526910	0.00832417428514965
47527750	0.000274212956160294
47528611	0.000799699249080836
47531651	0.000178914625111506
47532840	0.107524752160289
47533410	0.00673199608371699
47533680	0.000287045797842356
47533940	0.00675198600860339
47535060	0.000285881158075205
47537690	0.00566416142380991
47541680	0.00534741530761022
47544040	0.000324808725356389
47544211	0.000883611158689184
47544341	0.00103839413056068
47556580	0.000446273559435554
47564731	0.000628324730608363
47564741	0.000686904354479888
47569540	0.000370825190347056
47570070	0.000342286231537888
47571040	0.00303428875440604
47572450	0.00240047774164875
47582551	0.00937608328898888
47586801	0.0905115429619683
47590531	0.000458374174227896
47597100	0.000289864015988597
47598350	0.000592232729241975
47605581	0.000373575018237924
47607450	0.000259636623547037
47607990	0.0446293402107079
47608990	0.00170678955638393
47610261	0.000722591590484319
47610401	0.0321533590941371
47612061	0.116833169096158
47612331	0.00441069325681669
47622210	0.00104616038526434
47625151	0.00130204534103801
47625561	0.000500351463163158
47626340	0.000476529716505883
47630480	0.00115836547296172
47630770	0.000278119316655943
47630951	0.00257324873767958
47632820	0.000425291862677982
47633130	0.00214632532168431
47633161	0.00176162848044991
47633920	0.0302503998706554
47635320	0.00659644411147532
47636280	0.000357973057874235
47636580	0.000612763893178379
47637281	0.000970766407121213
47637421	0.000388028786008148
47637991	0.0349135879652973
47638190	0.000571556056378548
47638470	0.00044244509287221
47639300	0.000213949758485997
47639860	0.0138278283151497
47640020	0.000225283082669753
47644440	0.00122757410588184
47646610	0.00648844337571398
47647330	0.000193870706046579
47648260	0.00263420054882962
47650801	0.00133345767888156
47654261	0.000544607647957208
47656260	0.00432737036538854
47660731	0.155431845973265
47661561	0.0439850948360984
47662330	0.0111170534365403
47663190	0.000583159551848412
47664461	0.0150800226226775
47668680	0.00197545489103869
47669370	0.0295108889849718
47670261	0.000471866198589766
47671081	0.0011585738171936
47671300	0.000523964456347086
47672680	0.00102517382363292
47672871	0.0802788346176239
47674261	0.000369954395020508
47676290	0.00106141977812964
47676881	0.000347143822443373
47677271	0.00180869091798085
47678090	0.000254638174260169
47679150	0.0780575363955848
47680280	0.0869275238518254
47681780	0.0240107518259639
47682740	0.000376681650003694
47683840	0.00142027476136725
47684430	0.000443937415967957
47685151	0.0829463810664031
47689011	0.011098325565705
47689950	0.000664150094359575
47690610	0.0120670974199515
47693660	0.00294221851735649
47696550	0.000994441589123353
47697360	0.00104710935692242
47698921	0.00106508353983046
47702760	0.000390543775800001
47702791	0.00667433631601453
47705271	0.00143817792870777
47705561	0.0209460813427804
47706080	0.00030231984259588
47706941	0.000276303986722094
47709510	0.00032629258570677
47714241	0.000293674658961397
47716680	0.0543424502044893
47718080	0.0211918412298601
47721630	0.00066536276133672
47725640	0.00282971348553665
47726791	0.00143087983189779
47727840	0.000211280578719749
47728181	0.00473193412232973
47731061	0.00410263290319593
47731970	0.000383895948994676
47733240	0.00631751799867591
47734880	0.0035340012826908
47736960	0.00200543921124613
47742080	0.000300141566470967
47743870	0.00111105644716452
47743911	0.00512438657752805
47744260	0.000285438355134891
47746340	0.0766256074967807
47748991	0.000503822754358132
47749110	0.000697203246975007
47750521	0.00037987845932197
47750770	0.0213537596576905
47752250	0.0559078448818363
47757520	0.000391020402706641
47759580	0.00181267829443824
47759600	0.00508655811432488
47761910	0.0018047803550037
47762180	0.00103904923174543
47763710	0.000538212208816684
47763970	0.00130028165295288
47764311	0.000343886149458065
47765650	0.0168454944780018
47767280	0.000512355223904595
47768530	0.0034605053660909
47771180	0.000775761930730324
47771710	0.00118071854884214
47772700	0.00101700919478598
47774241	0.000484544651598013
47775601	0.000655632254846876
47777250	0.0110120845700248
47778381	0.00186055281075257
47780581	0.00769194095716751
47781780	0.000500199136482128
47782070	0.000433627231138658
47784120	0.000298285740940266
47788130	0.00859957822094637
47788171	0.000256156361894259
47791461	0.00149486397017407
47792800	0.324376044950689
47793080	0.000473903062554662
47793940	0.000381321491868556
47794060	0.00632439189813461
47794480	0.000302265344622626
47795570	0.00211417690901533
47795840	0.00391208649477107
47802221	0.0185212247034517
47802911	0.000356178857490754
47803320	0.000386173609469605
47803450	0.000233551572136289
47803570	0.0357243750703209
47805951	0.00108960076172279
47808151	0.341276137013106
47809691	0.000516777844666888
47811430	0.00188754807605015
47812420	0.000845183315973802
47815201	0.181639105932332
47815420	0.00234165286713759
47815720	0.00559180418691867
47818911	0.000501367315687897
47819290	0.000251504258548481
47823980	0.000307048078574289
47826200	0.000417139019827202
47827160	0.000378245805741434
47831040	0.00223627160473718
47831061	0.000566858211568428
47838860	0.000450715464931968
47839201	0.000630412571695049
47842070	0.000666769885223644
47844991	0.00328057789141712
47846351	0.000579458717077346
47846450	0.00217968480050284
47849541	0.09454808327349
47855550	0.0101375217162929
47856130	0.000266955368653672
47857630	0.0053136029416389
47857910	0.000418442623918448
47860031	0.000335804126716124
47863030	0.00478348692031936
47863601	0.00877921206207786
47864510	0.000474958282456288
47864790	0.00132952945770664
47865551	0.0402032467868549
47869790	0.000800736817707069
47870491	0.000536496266055051
47870651	0.000240171975133283
47873230	0.00277241096648847
47874200	0.00932159638464898
47875310	0.0193682904765467
47877401	0.30373851696508
47877411	0.000545796218958193
47879051	0.00102495630277103
47880510	0.000457136043155324
47880701	0.00041575184319296
47882160	0.000466194907885085
47883420	0.000348441970393021
47884711	0.00418641243725137
47888691	0.000443986347359636
47892230	0.0125618877069045
47892380	0.00493262879306409
47896851	0.00368620909495426
47898351	0.000415542214197828
47898470	0.000638596766055249
47900421	0.00118140115098282
47901080	0.00108334751082317
47901470	0.000598716912093459
47903170	0.000899174585013683
47903990	0.000223122174361452
47906160	0.00813165482842666
47907451	0.0010424166116536
47908670	0.00102914524039928
47909381	0.000456737267244561
47909521	0.106939218351353
47914170	0.0352633732811752
47916991	0.000233481121342212
47918740	0.0098660096354944
47919820	0.000856884501768593
47920940	0.00376448842734199
47921090	0.00575789481093403
47921510	0.000730681077111744
47922160	0.000282885273882194
47922750	0.000348758826944964
47922870	0.00648699111601128
47927461	0.00875368919783155
47931000	0.00697664716013272
47932301	0.000595803310768772
47932820	0.00269804033159738
47934300	0.000250075915037463
47935400	0.00036436217541744
47935810	0.000473553412454932
47936831	0.000674050084962279
47937651	0.00227852073631261
47945941	0.00131463482301973
47947311	0.000404189369077207
47947710	0.0256544485765845
47948141	0.00441621612519725
47949220	0.00010434822272695
47950470	0.127185646997547
47951051	0.000231838004231233
47952831	0.000299033961832035
47955700	0.107483836909161
47955840	0.000312245923738903
47957121	0.0592068979963689
47959731	0.00303509079792055
47964571	0.236563547401753
47966180	0.000318177126942326
47966740	0.000301644741284752
47975301	0.00025396027344333
47976240	0.00607080928628205
47976510	0.000487436157020784
47976920	0.000345071311419389
47976961	0.00050461051509403
47979290	0.000408374477677105
47983120	0.0134954322097152
47984500	0.000681940357508675
47986761	0.000815312857583035
47988240	0.000428747887253698
47989900	0.00131923612955007
47989910	0.000232995741483647
47991160	0.000685665573693717
47991601	0.000325530115716223
47992770	0.0014997677833962
47995830	0.000245263562790301
47996630	0.000589219153465238
47997261	0.000357660316644576
47997391	0.0028846460906586
47997500	0.635483380187436
48004930	0.00127394978191626
48007000	0.000464503139873567
48008141	0.000253161108035649
48011810	0.000925506911041607
48012961	0.000750587860189058
48013630	0.0115047869118968
48016001	0.00431615996685309
48017231	0.00224319157266308
48019670	0.000986412806220065
48021521	0.000497051144742437
48023181	0.00188655979908362
48023311	0.000280468111986541
48026560	0.00804863317945927
48033900	0.00221371839625529
48037340	0.000596847225008039
48042631	0.0482685075194462
48043280	0.0442822269307497
48045371	0.0748867428270295
48052011	0.000559100249153144
48056971	0.0405035701448472
48068650	0.045875133347817
48078990	0.00741228083637457
48093450	0.00932195369270358
48094601	0.0049929235844059
48099270	0.00142195602323877
48100141	0.0101585627470061
48101730	0.000598760711099055
48104620	0.0534780123184597
48106430	0.014035166251361
48107701	0.0117865843933139
48109651	0.000357313510821689
48111021	0.000413406223920331
48111120	0.0032062089989618
48111400	0.0004533844212238
48113040	0.000908763065243715
48113350	0.000933260596663214
48114871	0.0062101829722486
48116500	0.00135842755220607
48117340	0.000261375256877456
48121241	0.000324127560851555
48127400	0.000577792532293649
48132380	0.0384225172948076
48132500	0.00181996846386765
48134030	0.0265503147244249
48135250	0.0233553773553936
48137180	0.000573914286054066
48141371	0.00272244628260802
48142560	0.00713001201691475
48143120	0.000428543367633076
48144890	0.0013994125471679
48145221	0.000197536504333258
48145730	0.000287615524940107
48148531	0.000383260510804296
48149590	0.000387732887326508
48153170	0.00386697136118038
48156391	0.00936142845781238
48156760	0.00331314280054755
48158700	0.00128032955057408
48159230	0.000430537345031436
48161091	0.00024001750052279
48161101	0.000626175784323407
48162560	0.00095704527058847
48164271	0.000440566697774969
48169180	0.000468456446647152
48170440	0.000486631801905604
48172930	0.000495109578832171
48174860	0.0497754629004075
48176240	0.000362015070002452
48180681	0.00209678574399965
48181160	0.117574068676584
48187660	0.000256161660133292
48188360	0.0286867336371671
48188391	0.000466451872956805
48190150	0.000571772621066832
48193180	0.00359296957015917
48193460	0.00590634425343596
48195380	0.0146470934817734
48197190	0.000393478357292331
48197781	0.000199198130995517
48197990	0.00441352541167049
48200070	0.00196450671297823
48200080	0.000317754825090145
48201720	0.0322531048997192
48202061	0.00209283659311412
48202840	0.000421874059219283
48204251	0.00137014983877896
48207161	0.000448831164205623
48208090	0.0218861215596065
48209050	0.0694000806512221
48212080	0.00104033012690215
48213440	0.0224960935789162
48213470	0.00625423373727292
48219831	0.00071160629913138
48221590	0.465733964639362
48222700	0.000157556614575203
48224630	0.00682040081746935
48225060	0.000338207365029314
48226440	0.000844471541047951
48231230	0.000402970810458152
48232050	0.00236688127125675
48233091	0.000663200065016654
48235551	0.000713392241548029
48235670	0.00117481295199959
48236920	0.000317662243524608
48238051	0.000201083443057285
48239001	0.00065602649763692
48240951	0.000243223391201303
48242871	0.000381305659074768
48243130	0.000330862724513209
48243991	0.000297548397232095
48246430	0.017629759438779
48251920	0.0063740374109662
48260210	0.0046632678870646
48263571	0.0176814517058308
48263971	0.00199813547942249
48266420	0.00892915373259664
48271981	0.0068827745894348
48273071	0.000412033341671826
48275821	0.00055279125215678
48275940	0.000233006010502215
48275950	0.000302491427668242
48281020	0.000289417875356285
48283260	0.000370276972615933
48287370	0.000443715259716303
48288121	0.00031553324338014
48290690	0.000685816429580835
48291240	0.000165298798815018
48297891	0.0227005701671118
48300210	0.000426995982620219
48300381	0.000267682500286455
48302000	0.000225396616007986
48302540	0.00083845576085599
48305761	0.00188417239493331
48306861	0.0327054560749821
48307100	0.00289344889818023
48307520	0.000586064950042908
48308371	0.0231717664275035
48314800	0.000333533042251803
48316231	0.000509562749944208
48319370	0.000357021310167174
48320511	0.00445317564245468
48320791	0.00157669158290447
48322591	0.000415460576825395
48327141	0.000561670396812832
48327250	0.0169333242950143
48328620	0.00437759187058837
48329580	0.000245892976876912
48331790	0.00166823614418409
48332590	0.000524159502168011
48332620	0.000906444693545602
48333430	0.000368456449601806
48334441	0.000475719219771626
48339421	0.000547257607757657
48341351	0.00180666645903342
48344040	0.000287994280098372
48344501	0.000417272894842067
48345020	0.00046952012317619
48345600	0.0112252315720192
48346250	0.0946261262783913
48346301	0.000487863744771711
48349170	0.000452247406195103
48349280	0.0024841813535237
48350410	0.000575773135127045
48355380	0.000270402551501067
48355541	0.000486878384783993
48356091	0.000245499907715212
48357430	0.000533767904157386
48358260	0.00045740168465367
48358660	0.0108915977115626
48360791	0.00151856151280688
48364060	0.0139401947500853
48364371	0.0266778834273167
48368251	0.00241248363618272
48369010	0.00186924853889657
48370581	0.0110919982714389
48371411	0.0183640869778852
48371520	0.000293545495053666
48373730	0.00683896884399441
48375510	0.00235773103038553
48375920	0.000869802919126083
48376630	0.0321899407119908
48376791	0.000243403946825883
48377170	0.000558900753126894
48377481	0.000873839038363117
48380630	0.000626077806502265
48382441	0.000591451433465676
48384900	0.000653826995595469
48385491	0.000916478109204495
48390011	0.00531212575342474
48390280	0.00667808181263684
48391411	0.00697997698624841
48391660	0.0226614362788172
48394250	0.00043940944023876
48395671	0.000293331901469363
48396470	0.000407341895293489
48397751	0.000365449875449828
48397830	0.00127178373371563
48400490	0.00116209686692524
48400880	0.0287539650020536
48404750	0.000394850519635826
48406171	0.348492772851764
48406380	0.000396903974435491
48406540	0.00021204464660364
48411691	0.0154897795655375
48412210	0.000311273724140422
48415510	0.000296857338363999
48418280	0.0044624732531378
48422970	0.0616072915129116
48427121	0.00101484185015824
48430861	0.00422388323428642
48445820	0.000326034115488212
48457690	0.00334412116491684
48462800	0.00368946620450273
48468631	0.000929803909454572
48471080	0.000369517531139614
48474421	0.00448284114391451
48476620	0.000332135338605012
48477871	0.00208914222823994
48484491	0.00451325112911049
48490510	0.00569454366464655
48495350	0.00641993570507712
48497980	0.0046794586761456
48500160	0.00190050097731872
48501990	0.000986878790178019
48505290	0.000826668895278514
48514370	0.000308453779167601
48518540	0.0490895838301231
48519770	0.0208705198721289
48521810	0.0194611646962753
48527111	0.00127153624016347
48535740	0.000725459404010302
48536081	0.00106089424938888
48536330	0.0118801059033835
48536430	0.00100945376455978
48536740	0.000354366733067835
48536980	0.00212238123402712
48538151	0.000915272355306563
48539490	0.00397204555392598
48539630	0.0171280162153732
48550090	0.00144821902395758
48553120	0.0104222661956327
48558510	0.00155295705234753
48568481	0.0114333583111892
48569830	0.013502011250854
48578011	0.0205859450001863
48580860	0.000793905135753602
48592911	0.00185350984169919
48593570	0.0018511880572958
48594981	0.000722969858655705
48595671	0.069889786521468
48596160	0.000209498113145556
48596590	0.000638501355477979
48596611	0.00725483529536034
48597181	0.000163329556125024
48599620	0.000517782132420252
48606541	0.000199729980723485
48608040	0.0163663782032797
48608050	0.000374938040756868
48608450	0.00185037000666536
48611880	0.00139389297996414
48614770	0.015163407189703
48617031	0.000267919595028425
48621660	0.000419550588886243
48622561	0.00363238387973424
48623180	0.000400967688106926
48625690	0.00137820019476407
48627050	0.0006599828358783
48627521	0.0378405051052825
48627531	0.00613775956143192
48634421	0.0018078390263445
48637660	0.00102908925185838
48639091	0.0415968017438708
48641321	0.000306856756467582
48642800	0.000733001886852136
48643190	0.000408079396098241
48647361	0.00913984725383383
48647450	0.000953936501828109
48647730	0.00424674033382038
48648751	0.528537182343168
48652580	0.000521188622737271
48653041	0.00105648169362299
48653260	0.33099697231637
48658261	0.00176618097215282
48660710	0.000537278724683637
48662250	0.000436678663481089
48663911	0.000408797836870333
48666660	0.000385393027805145
48667170	0.000285659284266078
48667180	0.000370132995057642
48667190	0.000419245417809036
48667760	0.0143827751165625
48672180	0.0208356498064981
48674790	0.000379329984249007
48675241	0.000609931833944351
48676751	0.000294035907411025
48678360	0.00398292257419979
48685120	0.000243547761977933
48695490	0.000276739842969608
48696601	0.00137273015593033
48696871	0.000325227285747284
48698100	0.000403522131828315
48698380	0.00244419415794567
48699880	0.000435400517521105
48700321	0.000275449600850609
48704191	0.0331999184362863
48704430	0.00344310339490416
48705561	0.0266368434331307
48706350	0.000380393742116394
48708211	0.0224954601269803
48708820	0.000432072817895127
48709441	0.00245685759423118
48710490	0.000165498278593255
48711521	0.000776735520424384
48713530	0.0147341571876837
48713991	0.000816390029538412
48715030	0.000239384248402876
48716191	0.000339313557682407
48726520	0.00239415569671132
48728191	0.000856203347667479
48732960	0.00277558326809423
48733930	0.000556463667023743
48742370	0.211589272703156
48742821	0.0485615268028618
48743620	0.141566323131872
48747371	0.00232250111131572
48748710	0.0059420405032963
48751340	0.000609895430941378
48751921	0.000244354100186507
48754681	0.0079205690176885
48761831	0.00426129259683591
48767180	0.0141690619025532
48770801	0.00328990081226215
48772191	0.000268496951012411
48774931	0.0231262863471672
48777301	0.00132017149669868
48783460	0.000568671101254181
48786931	0.00318830960420278
48796540	0.0015345159891546
48822470	0.00379023861278102
48825281	0.00149140318366908
48837940	0.000608818539034687
48838261	0.0277312701106881
48840331	0.0055893248960302
48851160	0.00254914600599818
48851450	0.00150521098403476
48854261	0.000414881412130751
48854330	0.000253107828610876
48854521	0.000398389352014235
48855020	0.000364163739825676
48856700	0.00445481097775512
48857510	0.000685915320645804
48858090	0.00396094460552273
48858350	0.0101514020522195
48860980	0.00234353368767932
48861961	0.000582063812712442
48865001	0.000287661120906978
48865390	0.0113444509567588
48866060	0.000838927617714277
48866350	0.00423753534985534
48866671	0.000658991981735477
48867341	0.000335783717128497
48868430	0.164953714779091
48869561	0.014598597442267
48877981	0.0021331013503288
48881691	0.192499191439115
48882340	0.000249700050160227
48883880	0.00224420051851472
48885411	0.028237246349649
48886671	0.000493608417659765
48886921	0.00374527133587783
48887150	0.000618890876431356
48895341	0.00256488628038663
48896540	0.00203199194322288
48896960	0.00583534161370301
48897500	0.00121903702163875
48897681	0.0639414225317128
48898381	0.00186271890819225
48899331	0.00204062236060248
48902801	0.00275378169418939
48903331	0.000549608385560332
48904731	0.000816000577719123
48907191	0.0120150321835754
48908150	0.0022263526690894
48908171	0.000366271568543846
48909490	0.000392207097843408
48912970	0.000911965306644928
48913500	0.000182102586008778
48914080	0.000369237926799476
48918340	0.000318617733196484
48919580	0.000381137976116697
48921421	0.00045949662940521
48924670	0.00197474524710661
48924680	0.00847961078081158
48924820	0.000408271344759025
48928021	0.000489014012777767
48928950	0.000323525029107648
48928960	0.00038815771651951
48929930	0.000460841308288132
48930740	0.000309762380631079
48931140	0.000404078502534144
48932280	0.000509163562588462
48934760	0.00360776434228704
48935560	0.00464652330763474
48935840	0.000507730139059383
48937500	0.00146930400534288
48939341	0.00280673106645556
48940301	0.000212025013078286
48943440	0.00216402007270792
48945131	0.00110683729656944
48949281	0.00385715360190642
48949380	0.00914226270988175
48949551	0.00031312249974061
48950350	0.000616821312535609
48950371	0.000509564766872092
48952581	0.000377742541365268
48955901	0.000317054096968641
48960700	0.000807003901987661
48961001	0.00794771038471444
48961121	0.000445134824105203
48962050	0.000687977406184323
48963860	0.000342082310599139
48965510	0.000707257995634631
48967621	0.000369078277512882
48972000	0.000306218460411737
48972520	0.000469567169625535
48974371	0.000551996558265757
48976581	0.00031459927299354
48977281	0.00934603422550114
48978521	0.000435494503136256
48979751	0.000528826585936599
48982371	0.00211875148611358
48983140	0.000479186288282848
48984431	0.000850511933802063
48986860	0.00188597995872036
48989360	0.000975690308543208
48993220	0.00052117735868542
48993951	0.0936259089070708
48997271	0.000343669797327118
48998091	0.00316959665362209
49001770	0.0264981860463266
49001801	0.0031644331780516
49005480	0.00295158520610091
49007071	0.000551995913332772
49010651	0.000203525885160139
49011130	0.0140827088018645
49012240	0.00438218597416866
49016270	0.0735536640865203
49016690	0.00147128737867307
49016950	0.00171732259520239
49017111	0.000541945946558652
49019150	0.000268257736353663
49020171	0.000184368120721344
49020940	0.00483388302823609
49023071	0.000578800316979683
49024410	0.000160530207803961
49026241	0.00607092545999961
49028431	0.00669008275060855
49028520	0.000592344824072978
49029411	0.000251667817805818
49032000	0.00205912431441712
49034231	0.000636369801291067
49034241	0.000352650347666512
49034351	0.0167710337804674
49035321	0.00040603488483296
49037480	0.00335229752512055
49038050	0.00275765314587884
49039191	0.00126743138527055
49042310	0.00609911954349108
49043580	0.0173366896746675
49051710	0.00794911535490392
49054501	0.000866798009532031
49055331	0.0011543186380528
49055410	0.00145359410177936
49059150	0.000590897200506917
49063960	0.0160379266051487
49064410	0.0111515329464268
49065610	0.000296859550441622
49066730	0.0123461288909378
49066890	0.000340262706279212
49071710	0.00507571859614633
49073330	0.00273173208470287
49075690	0.000487400531378497
49075950	0.00906372996536672
49078310	0.00876736956254002
49078371	0.000862464190220332
49079201	0.000386321129853588
49082771	0.000418034467961192
49085811	0.000287773860678703
49085951	0.000517865865892717
49087000	0.000317630001264465
49090890	0.000432840745897487
49097791	0.0148338143267283
49097890	0.000578340363633187
49098310	0.00152583748413494
49098481	0.000573203037148791
49102300	0.0010966546985112
49103020	0.00203756275690748
49109760	0.000225813779734132
49111191	0.000342264193986663
49111471	0.000921698775514542
49112831	0.000848528298205953
49114460	0.00042701951654708
49114621	0.000493741549922124
49117740	0.00177814541265007
49120701	0.0103089818900556
49122921	0.000708434974943428
49127680	0.000991325413048582
49130310	0.000878188433769432
49132120	0.000563525555846832
49133671	0.000264847006766112
49134071	0.0133908239093858
49138501	0.000393588062443773
49140790	0.0085520416579943
49141941	0.00157433846997155
49142221	0.00037559778536829
49148141	0.00154051331047906
49149880	0.00277038132175905
49154330	0.0866963728844625
49155280	0.00626558712327005
49158501	0.00149885012164194
49160500	0.000448177865048804
49161671	0.00836223588900303
49161951	0.0010329129421865
49163540	0.000375042481195539
49165190	0.00161997014987325
49165870	0.000406015971593683
49167031	0.00118679480704207
49169921	0.00307096710595653
49172670	0.00102394429195557
49174631	0.00397469270381595
49177111	0.00148649279258765
49180080	0.00283667926765916
49182310	0.0590376088881738
49182491	0.0342473248512
49182840	0.000564964533225018
49186471	0.000575267537693348
49188670	0.00195991933962595
49189091	0.00186430924851252
49189391	0.000311622969716822
49193870	0.0420995536393729
49196401	0.000297769670047562
49196640	0.00369600817626229
49198061	0.00328642497507141
49198320	0.00137508732101039
49199270	0.000464260731256328
49207301	0.000557057322777822
49210970	0.000250052833592747
49213470	0.189762990789833
49213760	0.000243499293523259
49215410	0.000311555173320212
49217531	0.00195062301513691
49220100	0.00176432693497105
49220350	0.000371233492860265
49221251	0.00360374434423137
49222430	0.0043860082871526
49223851	0.00527201102730288
49227820	0.000694479770282647
49231431	0.000396525383181412
49232961	0.171208848472071
49236910	0.000313189257110427
49237921	0.000410310333693877
49238160	0.000243695086525628
49244141	0.00140866615581608
49245661	0.000499015443939031
49247140	0.00219053349108345
49247400	0.0025015744599216
49249490	0.00204829700191527
49253050	0.0185441195260238
49258150	0.000889346206179085
49258710	0.000387152682023713
49261170	0.00250586919603958
49262331	0.00184700897958268
49264210	0.00221860233654349
49267031	0.00177220810532135
49268831	0.00360931154904469
49271670	0.0104009681469485
49272340	0.000316267865328401
49273101	0.029721851695956
49274140	0.00207244030518922
49274990	0.00131582612555019
49275280	0.00407838948868234
49281170	0.0588156426069337
49286040	0.000777453621216112
49286410	0.00038173800813314
49287650	0.00142534495514114
49287981	0.000259599948741331
49289600	0.0352870586688036
49292070	0.000410651157453587
49292811	0.000433733692358425
49293091	0.000409451058681411
49294450	0.000306077051127519
49299021	0.00696808973388731
49299721	0.000446328056343374
49299790	0.000352852338777819
49300490	0.000249828368823657
49300541	0.000758996319896087
49301361	0.000402956796165132
49302560	0.0557608112902816
49303250	0.000248421230974902
49303841	0.000172664199179616
49304821	0.000456686074631835
49306471	0.00216116608964032
49307650	0.000223180103277303
49308531	0.00140162451839675
49312671	0.0463645254700617
49313330	0.0598748755013888
49315981	0.00697872564103103
49316531	0.180947158543667
49316541	0.00028034311290658
49317221	0.000533021971648915
49317300	0.000286501092041106
49318270	0.001773647503198
49318840	0.0372026828589514
49319810	0.00600016394172586
49319940	0.00025794022406052
49326341	0.00430063436958074
49326840	0.00049211297866164
49331141	0.000304908148836525
49333641	0.00286990609048376
49334041	0.00276094713064369
49335581	0.0026620915787526
49337440	0.00130257111323892
49339100	0.000937152545922577
49340531	0.00150031617809046
49340551	0.000299148606841549
49343090	0.00459252527006376
49343861	0.000278359234885656
49344210	0.000599059306817923
49344620	0.00160441023179546
49345850	0.00313082575240165
49346331	0.0309110367395018
49347561	0.000198163563173683
49348411	0.0175461158498221
49349771	0.000530014159000913
49350170	0.000716562810729641
49352111	0.0016782427996161
49352240	0.00551090064637694
49352671	0.000776925608374413
49353190	0.00130807787083785
49354160	0.0954165792429617
49359790	0.000402790964562585
49360900	0.0288813612172539
49363120	0.00628454661151668
49366150	0.01365363938433
49367110	0.00980740043216175
49369160	0.0018800470022341
49370580	0.000675874017127877
49371670	0.000247140867546375
49372060	0.000159776125668381
49372330	0.000225270324079123
49372671	0.0112738918532214
49374751	0.00157764521720154
49374970	0.00152663989109353
49375090	0.00239880356244304
49375390	0.000829619237179465
49376671	0.000316893993095563
49378280	0.0296033254031864
49380210	0.00108363548653847
49382960	0.000440892865142084
49396811	0.000262849810298728
49399370	0.00271456232722659
49399991	0.0202832051086228
49400241	0.00328412146986574
49400261	0.00197039091073749
49402140	0.000420798463932709
49405290	0.00132571958494302
49406560	0.0142544804420237
49407151	0.00352550807891219
49409190	0.00182569319188519
49409290	0.000208979288966326
49415281	0.00221285884184089
49417440	0.00145683716324486
49421590	0.000388089306882219
49422290	0.00101510328346905
49426581	0.000922824329911184
49429180	0.000418131018853497
49429610	0.000384686917247014
49430570	0.00180678079564643
49431390	0.00166544898359308
49437740	0.00124168653858855
49437880	0.00176453602707303
49438020	0.0514676001940552
49439561	0.0916804169470443
49440060	0.000482233083643467
49445081	0.000311444213090358
49446721	0.0038369062561021
49451220	0.00838690658774911
49451800	0.000231237163994764
49457201	0.000342028218956851
49457481	0.000379910258838263
49458290	0.000150739717569211
49459630	0.0709064378596339
49459800	0.000416807352301238
49460760	0.00601565352428227
49463490	0.00150014667032837
49465061	0.000456318366059672
49466031	0.0101192355513751
49466311	0.0573820334872545
49467930	0.00246710906505542
49471401	0.000184699063707654
49471691	0.00059534507696391
49472111	0.000442914520341444
49472210	0.00097201490455831
49475971	0.000218916150747472
49482550	0.00035558255707659
49486311	0.00141172679669971
49487080	0.00039739615362208
49487421	0.000389989259045738
49492651	0.000311289991566203
49495900	0.000783682360466094
49496381	0.000197885952414986
49497010	0.000293852962211962
49498140	0.0169154231601207
49500350	0.000638335293885483
49501061	0.00234444487900011
49502431	0.000496041695446238
49508651	0.00367382860614051
49512190	0.00109334519107691
49512470	0.000442656400490681
49513881	0.0012350951964378
49515390	0.000360223496405981
49517590	0.000453731702162778
49520521	0.000416177451075791
49520921	0.00168591546608037
49525191	0.000397214932074776
49525601	0.00257414970088298
49531620	0.000317796585014685
49531671	0.231959403934032
49534830	0.0164064517834625
49537901	0.000461343021399614
49539240	0.000481068403510294
49540890	0.00132524262786876
49541201	0.000163058003205033
49545051	0.00114773282342299
49547630	0.000276799896583502
49554400	0.00252632720040893
49555360	0.000797693789196134
49555630	0.00204882756983387
49555681	0.00320830994844045
49555811	0.000394315880049873
49556231	0.00449234261913662
49557621	0.00155397839132101
49557690	0.000306859831101573
49559951	0.00031011621073929
49560631	0.000249742457355428
49560740	0.00448433534697422
49562660	0.000715032321752763
49563340	0.000426550944159797
49563500	0.00650979507933825
49565351	0.000179726367210936
49566560	0.0347093220720123
49567121	0.00299014316948125
49567141	0.00222894832065467
49567671	0.00055859067263819
49569710	0.000331676245343206
49570250	0.000255946217615496
49570270	0.000239230634574872
49570940	0.000426517755203501
49571490	0.00100681284840353
49572310	0.00134698645821902
49572480	0.00339960044763659
49573970	0.00153244937991576
49576200	0.00361507221432921
49577481	0.0352969959295739
49578280	0.000392759829181987
49581461	0.000681701613819331
49581860	0.000360416123748294
49583531	0.000368521702319339
49584460	0.000359398075510702
49585051	0.000399075277559578
49586390	0.000523014840783435
49586670	0.00113779066128469
49586991	0.00351610901528452
49592330	0.000186292415156806
49592740	0.00475290275003334
49593440	0.000225044003551295
49595760	0.000456490486952284
49595790	0.000199831846254033
49596060	0.000248103922332862
49597150	0.0104471331810759
49598151	0.00313534983634909
49598400	0.000336558017497714
49598520	0.00143217010213795
49601181	0.00130269747997652
49605611	0.00174356033534794
49607500	0.0262681127202061
49608860	0.00287759366813216
49609680	0.749482220408421
49609980	0.000296261178709694
49610800	0.000527812665383088
49611131	0.181002995237785
49619411	0.000329236319436949
49619620	0.00941802100109442
49620340	0.00033802360126289
49621990	0.000333383663905391
49622940	0.00203932432848988
49623480	0.000301760793381535
49624310	0.277927911855441
49624750	0.000786154772072814
49626100	0.000382983669276617
49626571	0.000361309174084388
49626790	0.00212377506892334
49628361	0.00034483783903215
49628921	0.00687818564549308
49629550	0.000600643785104731
49631230	0.00397492334091749
49633300	0.00178119635667029
49634161	0.000490559541621789
49636040	0.000426325242375811
49636470	0.00102573048443345
49636990	0.000403221626185522
49640351	0.00115152280120345
49641430	0.00166699970111658
49646650	0.000718645307560561
49648740	0.00134039158862089
49651401	0.0221145585141352
49652480	0.00038809842557774
49653601	0.000240082005035932
49653960	0.000367566664334507
49654540	0.000447871080286221
49655391	0.000304261965285637
49655470	0.00225249308229017
49656460	0.000809458377720502
49659531	0.0273269172245491
49661280	0.000264599585021741
49665311	0.000371434432916724
49666130	0.00267051459998404
49666230	0.000779036660733963
49666780	0.00130875027860532
49667360	0.0006969160507137
49667811	0.000790439947164174
49672761	0.0227371825890708
49674960	0.000615782144916872
49677570	0.00306078677579262
49677820	0.000281060958795492
49679821	0.00043728797441505
49680761	0.00105657144681766
49682680	0.00831366773557511
49682691	0.000752291705827492
49683370	0.000381030925553666
49684020	0.000303092980826985
49686250	0.00620440764815685
49687880	0.000238825389279124
49688310	0.00265842728751941
49688371	0.00715034368682155
49690400	0.0030292846555701
49693830	0.458705805964298
49698260	0.0464149559459469
49699090	0.00068536573199135
49702640	0.0147870911296512
49703661	0.000241709393650332
49704460	0.000325880442532691
49711521	0.000312566107556689
49714011	0.000845876075378676
49717670	0.000560462092065031
49720751	0.00045354006948683
49721700	0.000679601917313167
49723241	0.00184944345893307
49724150	0.000279853627064266
49727470	0.00148080735997638
49728300	0.000354049735915895
49729280	0.00150765321989956
49732351	0.00122571795675599
49734240	0.000262032629275927
49736590	0.00266982056816908
49737420	0.000372242201361403
49737540	0.00875827854695159
49737991	0.000548246086776025
49738100	0.00462421671135567
49738770	0.000384634484065767
49740501	0.000993901799053404
49741290	0.000684312022596901
49744211	0.00205828879396675
49748221	0.000214011753545255
49749581	0.00569144904208055
49750120	0.000458757583428276
49750790	0.295702438175618
49751791	0.000745297691233056
49752081	0.0108751212976005
49752491	0.000604781055888629
49753530	0.0540671432745135
49754240	0.000789311332573464
49754961	0.00055547724889761
49754981	0.000364138003234511
49755381	0.00110354308753574
49757670	0.000303195067702327
49759340	0.00149034396961464
49765430	0.000409102338002889
49766220	0.00195037978896629
49767350	0.00045109980566653
49769021	0.000461138858902077
49769560	0.0180543669932197
49772040	0.00346273610930149
49772341	0.000544528397546066
49772891	0.000392786372200937
49773161	0.000472145759387704
49773711	0.000355349699130276
49773960	0.00040434971256051
49776341	0.000327280609367748
49780720	0.00219519670736528
49782650	0.00749559642563082
49782660	0.000415125776731251
49784580	0.000264743262511704
49784590	0.000358696631922069
49789960	0.00113126867521661
49789980	0.00120105327270039
49790551	0.000527099538751052
49790770	0.0115852016400125
49792331	0.00076734007542256
49793110	0.000524407576917745
49793670	0.0215025862950838
49797810	0.018027005578454
49807610	0.00126601248052421
49809390	0.000218074062742583
49813690	0.00033533807180361
49817301	0.0257231844961996
49822110	0.0028997185665891
49822510	0.000346867777333258
49824280	0.000278156897488799
49824980	0.00064476371140491
49825010	0.0173662952173921
49836840	0.000923641647866721
49836891	0.000531478902816253
49844601	0.000364770084396731
49853550	0.000329873937178071
49854800	0.000275746659571144
49856730	0.00037265261303202
49863371	0.000328742474226305
49866401	0.000934368403909448
49869151	0.0698768266843981
49869940	0.000267579944148063
49871600	0.0384279275755409
49877260	0.00174296798128135
49881291	0.00113443133397406
49884211	0.000523291918420427
49884741	0.00175424278969239
49885120	0.00280396016299885
49886920	0.00324685866344183
49887310	0.000533300539864289
49887320	0.000704032287372633
49887450	0.539610835179171
49888150	0.000704725384463466
49888871	0.00035285117938138
49889960	0.000467584492502569
49890961	0.000344238791779628
49891791	0.000827237794546672
49893930	0.00084666931222753
49895450	0.00175538335974056
49896700	0.000236536263956016
49898001	0.00162544922379284
49898780	0.000577392143759022
49900990	0.000321556920088098
49901670	0.000258611109994567
49903590	0.00141665936668295
49904741	0.000305463544664468
49905530	0.000344003193973177
49908840	0.00107490294455966
49915620	0.000418199860652251
49916580	0.0722748098148513
49917100	0.0014231930604023
49917390	0.0155148529101394
49919450	0.00131376441597515
49920580	0.0014165215887526
49922541	0.000316865801898487
49922890	0.00146806624069645
49923320	0.00235374935972353
49924850	0.0015260630601492
49925110	0.00122528920779973
49926750	0.199654508359499
49927040	0.00248588891782746
49927580	0.000505247303809182
49931231	0.000738124162498431
49932680	0.000379164461240362
49939850	0.00230699171960735
49942620	0.00313281395774638
49943030	0.0507836269857862
49945031	0.00107852356117127
49945250	0.0254640183732494
49945790	0.000307813591996948
49946941	0.00403665099068641
49947340	0.000442669159647108
49948731	0.00221823906874812
49950360	0.000808451539015793
49953380	0.0314271846906953
49955901	0.00134342786721912
49957540	0.00386425346941321
49959901	0.000574656000390008
49960990	0.000374519327923043
49962470	0.0148727166436075
49962880	0.00064917660420805
49964150	0.00156324849094488
49964980	0.000774481199854947
49969110	0.00172757543111553
49969151	0.000357749033009257
49976540	0.00651325781606847
49980580	0.000851762748095225
49980871	0.00241836385859342
49982770	0.000283573509082654
49983621	0.0166352286088654
49985510	0.00225306186240041
49985940	0.000363879536039166
49988181	0.0416711368919631
49990661	0.00749315701504474
49992191	0.000370237797422883
49997950	0.056884782354978
49997961	0.000397359992508131
49999880	0.000343704998159379
50000830	0.000898147885711624
50001230	0.000807837848838886
50002610	0.000367158960483684
50003501	0.000860886837642657
50004591	0.000285184152570257
50012410	0.000427310689041568
50016861	0.000637061203949378
50020570	0.00563034949325072
50022210	0.00198143636715482
50025981	0.000835528227826166
50028420	0.0207698724659964
50029910	0.000284808660580467
50030360	0.000273434169180436
50031310	0.0270204711914607
50032120	0.0194060732264927
50039300	0.00808105376979556
50042760	0.000299770850338562
50044041	0.0113753153307054
50044861	0.00134094270249647
50046190	0.0234068869136443
50052031	0.000454712949624191
50052051	0.331809368970774
50053800	0.00664940760733823
50060161	0.000476242534631532
50062651	0.000919391389938617
50066060	0.000464456922941305
50069271	0.000381156821235999
50071300	0.000441956296305361
50071870	0.00159163509663109
50071980	0.0765369456960075
50072660	0.0293219725202499
50074661	0.000636255080696714
50076161	0.0270229641948001
50078470	0.000402406292957662
50079010	0.00273211208967908
50080010	0.000471293880897496
50083891	0.000411769947053152
50084530	0.000477749066587671
50085240	0.000853152520500894
50087771	0.00186453378810298
50088321	0.00110211972791033
50088980	0.000255362557122094
50089141	0.00262729086924499
50090180	0.00233286552964521
50090241	0.000181810589292479
50090350	0.00148870102594601
50090730	0.00243322888354236
50093811	0.000163043907150196
50094070	0.000381881341289395
50095341	0.00277124474092305
50096321	0.000725546978877707
50100950	0.000964194007050562
50101910	0.000740636635172136
50102521	0.000387844122695348
50104820	0.00641745050033358
50104871	0.00210612875208072
50105541	0.0089650427861293
50105640	0.000220087950527995
50105940	0.000254131182499165
50108731	0.0398647387451016
50110080	0.0020256647441285
50110381	0.000355057762015788
50110521	0.000374795576384707
50111170	0.000333729764139729
50112021	0.00574399333077912
50112871	0.000433266523771239
50115901	0.00467218652294699
50116380	0.0176239353578631
50116670	0.000416071175955748
50118070	0.000539419991133223
50119751	0.000712850376993094
50121920	0.000466326373576096
50121971	0.000753504806965733
50125531	0.000750236934221918
50127290	0.00208636954708108
50128301	0.00333527492342542
50129001	0.000284515306124221
50132031	0.00101472987919239
50133480	0.00980048178742155
50134361	0.000328116849211312
50138040	0.000435052562997142
50139450	0.0107412336326315
50141940	0.00354112236989765
50144400	0.00152049177990204
50145910	0.013944184606698
50146490	0.00138568993495103
50148571	0.00119415912084946
50149660	0.0485398555155611
50149941	0.00726829100045247
50152810	0.00697716382067056
50160301	0.119761208528867
50164540	0.000390879132323196
50164690	0.000715532544704447
50166050	0.211425632393766
50168830	0.000978814749377445
50169350	0.00136495569979964
50169930	0.000293976732352121
50178651	0.000417778363976712
50179980	0.000451968455099075
50180120	0.000286080675923822
50181001	0.00204306763385785
50182620	0.0339923538074736
50184410	0.163130664062138
50186450	0.000669868614820476
50188301	0.0307987621688171
50191310	0.00145772192598031
50192971	0.000299881290969012
50193691	0.0193852891941052
50193790	0.0004991983484854
50198480	0.000628392410658524
50208011	0.000239653335536914
50208670	0.000486622436677582
50209100	0.000349928202484316
50209640	0.000295437865053331
50210200	0.000560318240557087
50210880	0.000232197187313295
50212581	0.000434488429008228
50215591	0.000347653864203703
50216940	0.000642951706286168
50217900	0.0405218896837669
50219000	0.000194520290518433
50220721	0.00363524950588193
50224270	0.00170407614310113
50224441	0.000141102101892491
50224820	0.00025990342175062
50225411	0.000982797748376026
50227430	0.0060654907607076
50228920	0.0181901660343027
50229271	0.000337244435738537
50231591	0.0364963963234374
50231720	0.00711197917126424
50233760	0.00307540974850979
50235191	0.000493397040477659
50235611	0.000431889564271648
50236161	0.000120291164949591
50237801	0.00204683502403483
50239830	0.000757784018848078
50242040	0.00238240470871455
50242990	0.000617619880062097
50243601	0.0487168724775463
50244100	0.00422602688431175
50245650	0.00231439661383959
50245790	0.00167364001063327
50248100	0.00398067057914272
50250060	0.000346624232440527
50250330	0.00184226799722768
50252090	0.000395695125794855
50252981	0.00613532757914972
50253391	0.00113665860802758
50254860	0.000691030886968628
50262160	0.00326889815002675
50262911	0.00128447464221642
50263311	0.00214341686567098
50264971	0.00025555257264662
50265190	0.000446784634360297
50265470	0.00611614471458509
50267400	0.00430999803274379
50268670	0.00070664449195251
50270430	0.000470510765220649
50271721	0.00204706980626173
50272281	0.000231924067996876
50273101	0.000482900791016269
50274351	0.000435423665249469
50274631	0.0170070745819605
50278890	0.000450356834489857
50279300	0.033505355267806
50279601	0.00058903088709616
50283420	0.00145118703184991
50289401	0.00936998530797535
50290450	0.00204620027171333
50293770	0.00243499902666756
50297900	0.000465598404135623
50301811	0.0177926688794468
50306631	0.0020640286190502
50307051	0.000795275499760643
50313500	0.0183431803131815
50317050	0.0227238764420721
50321460	0.117574068676584
50322010	0.00519656648257868
50322450	0.00350405899024593
50326061	0.00156594521431115
50338300	0.00737865423581061
50344370	0.122491605761929
50345251	0.00119464920345805
50346860	0.0207466438409217
50350201	0.000517184221882561
50351010	0.0250537450660261
50353811	0.00327651490713373
50354700	0.000595010237547306
50355311	0.000536840844389332
50360281	0.000546353513849127
50361101	0.000964373930578887
50364670	0.0280983120530656
50366570	0.000838776155117584
50367400	0.00455994599731874
50368120	0.0161322570593303
50374341	0.000475707732405054
50375861	0.000255321035211427
50376001	0.00845810927705078
50379280	0.00057902186675529
50379400	0.00128286430866441
50392230	0.000671450732869846
50392630	0.00805971245541094
50394331	0.00358994061766668
50400510	0.0375651209418337
50401911	0.0101971287395438
50408090	0.00803816423702495
50408401	0.00146623165716667
50411240	0.00153211125260302
50413750	0.0009097803105302
50413900	0.000833398649636937
50416790	0.000520579113784016
50419711	0.00639683958441066
50420671	0.000625063898452289
50422051	0.0476415085309028
50422160	0.00132226680148061
50422420	0.0017055740802941
50427291	0.000486110077479412
50428940	0.00291877880014613
50429791	0.00227916164551536
50433371	0.00090767606511088
50433921	0.000310518992860367
50436100	0.00130263834108758
50436421	0.0013832366594159
50438180	0.00995613520588899
50438420	0.00028881229209636
50439520	0.000452263787211721
50441651	0.000284430508253559
50442601	0.000244625231695916
50444421	0.00236388081099378
50445050	0.00619709441815506
50448251	0.00184546667055069
50449600	0.000620929087834951
50449860	0.00107369029224857
50451270	0.000249659772196558
50452620	0.000266667346957728
50452961	0.000262835991637161
50453651	0.00606626875670264
50458761	0.00023256666322908
50461210	0.00173571877632627
50462860	0.00140886009084656
50465791	0.000126689620783317
50465880	0.00033922932694182
50466761	0.000752336445899052
50467171	0.00139279514107586
50467841	0.00063630776027208
50471301	0.00108458705519517
50472240	0.000719771999889823
50472531	0.00325875006526188
50474410	0.000544093572028359
50476080	0.000293464500099681
50476520	0.000732544270213978
50478341	0.000422059777494623
50479711	0.0411843069387592
50480620	0.000890619496045431
50484941	0.00416771630707781
50488640	0.00312550802545134
50489310	0.000466878174357514
50490300	0.0011824210263785
50491110	0.000366245495380168
50492811	0.000293399124089077
50494850	0.00148490106909719
50494881	0.00039597778607552
50495120	0.000929114634521229
50499441	0.00145266176521761
50501631	0.000975920605689398
50502881	0.000478007838286192
50505040	0.037817438962393
50516640	0.0666805026637973
50524510	0.00253339241155254
50525310	0.0042025948327954
50527260	0.000277603237503545
50527780	0.152937860714829
50530051	0.00131795708559476
50532121	0.000105622619460458
50534181	0.000372762248772501
50535950	0.0529348732026993
50535960	0.00819567116825129
50539810	0.0043502458752482
50543820	0.000288192117043757
50555810	0.0014030315323477
50556470	0.000143668879552645
50569990	0.000820012816741252
50578420	0.00267525681353321
50578670	0.000306898265905701
50583421	0.00133681509578777
50585330	0.0187584998134077
50586461	0.00175216282227186
50589361	0.000414365715945969
50589901	0.00250970198122369
50592920	0.000558207239442942
50592931	0.000311035237603176
50595950	0.0347649628407986
50601870	0.00135731347115182
50602171	0.00887536324393263
50603981	0.0366430150252593
50604401	0.0105415587491719
50607110	0.00215423312261604
50608740	0.000530742029640249
50611131	0.00469499557025599
50612460	0.127725044484776
50612531	0.000989880204603987
50613071	0.00198622768431226
50613170	0.000249855741420941
50613310	0.071954867404678
50617481	0.000448245491735076
50618171	0.00043563560509941
50619650	0.00043481499649471
50622020	0.00649476227600479
50624350	0.00179694992778781
50626690	0.00125617597588203
50627541	0.00562889440959125
50632340	0.000299958321857121
50634410	0.00112340871324393
50634581	0.0203344476144115
50637891	0.000200136893198056
50639090	0.0035142966314515
50639790	0.00240340136192078
50642441	0.000585849913528461
50645590	0.00050960703067715
50646260	0.000255872093341278
50647151	0.00183985911741866
50648880	0.00118978244726105
50651250	0.000360973532221094
50652180	0.00259407352170943
50653970	0.000273491194386374
50654581	0.000972643514652388
50654700	0.00055425109443019
50654830	0.00360025935589024
50655401	0.00588106233427394
50655831	0.00654803618628143
50658810	0.000669009664887945
50660531	0.132284801203343
50663100	0.000308001930879649
50663790	0.000485589569344152
50664210	0.00311854768473245
50665050	0.000448759967186374
50665761	0.000217503915509308
50667240	0.000405559577993845
50667401	0.000301985882325874
50667630	0.00211363312190188
50668521	0.0021345416008879
50670140	0.000773578985832661
50671920	0.00197526723450534
50672391	0.000347871669480716
50673850	0.00119428972509795
50677170	0.0469751476105789
50678000	0.00816861192765895
50681150	0.000521744397360291
50684080	0.000164275771905601
50686560	0.0312057261005583
50690800	0.00133766951058408
50691961	0.00195970313181669
50694950	0.000388915810045538
50701980	0.000399015595121909
50705611	0.0278151437486149
50711411	0.00145754103753067
50714711	0.0205834848180776
50716460	0.023740729346322
50722800	0.000931552371972707
50727520	0.00846337873589657
50748750	0.00499737020413383
50754530	0.0435966017686635
50755350	0.000366665994484989
50755811	0.000398275431866117
50759360	0.0627319351268897
50763360	0.000485099244396774
50764781	0.0117610901233723
50765970	0.00328301566848168
50767350	0.000346979845350629
50767541	0.000879532046777559
50768361	0.000635802334370022
50770120	0.00820724879624471
50770311	0.00258441062346549
50771930	0.000401388259677679
50775080	0.000375890615887856
50775401	0.000350248938157616
50775640	0.000346335686967158
50776771	0.000678578775563302
50777570	0.000916180586244189
50778021	0.000458704004557987
50778110	0.00136277350997705
50779100	0.000421658468133947
50779510	0.000396382887396092
50785341	0.0152153342966998
50786281	0.000309195894973773
50789481	0.000294128599575049
50790400	0.000218271837926886
50795521	0.0007226526092702
50796091	0.00301997485960544
50797700	0.000325982543353106
50797751	0.026239434368323
50798240	0.000310908079584354
50798390	0.000449087681115528
50802380	0.000602560175331783
50806301	0.000236468525230664
50807750	0.0153699125149364
50809290	0.0148463622462289
50811620	0.000308286492883319
50813140	0.000276267570490522
50813720	0.00375528231825012
50817201	0.00133161257529678
50820081	0.000435669320181863
50823360	0.000447380704930225
50823920	0.00358846331452918
50826390	0.000172398466346853
50827111	0.000717924390575505
50828470	0.000427867244167456
50832901	0.00219386623233031
50833061	0.00048074714891662
50838581	0.000927482742138987
50840071	0.0369987784188617
50841061	0.00527652730715603
50842161	0.038286693037949
50843241	0.00198160557844069
50843391	0.000410705831526302
50844310	0.0159430884743388
50846001	0.000285534464115859
50850291	0.000425505931037111
50851811	0.0026674413594814
50852621	0.000538299969786122
50853061	0.000789170510828299
50854691	0.00029283259678955
50856341	0.00418183383528212
50859681	0.000637954863269562
50863880	0.000433239621857611
50864621	0.000319484778508305
50864911	0.000847180164634347
50869260	0.000314592620787695
50869871	0.000756610052487187
50872740	0.000641261077094876
50882680	0.279944598300083
50884020	0.00584244470837665
50887090	0.000566064027863811
50890650	0.0119145516390835
50891801	0.00106238662027722
50900710	0.000508122438753324
50900860	0.000385931020355071
50901160	0.000388713985323022
50901721	0.000417133368322315
50902540	0.000980197586554821
50908330	0.00707436828107072
50909550	0.0003002323096755
50909980	0.00022526975280722
50910360	0.000578711861020147
50910380	0.000709386520111599
50913010	0.000330704690943055
50918250	0.000406100767033259
50918660	0.00190698012154743
50920730	0.000232099245676314
50923921	0.000636970762561406
50924860	0.0025668248087685
50925010	0.00716546496314633
50925670	0.00141695186487674
50926380	0.00406730924536757
50929840	0.000328014945360592
50929861	0.000372021277029556
50932430	0.0149366358513905
50935770	0.000376707110636448
50936201	0.000393032334602259
50937700	0.000983850892830586
50938271	0.000499384360090619
50938421	0.000931832572731855
50941430	0.000338880818029147
50943101	0.00285875869555278
50943531	0.000455986304414937
50945150	0.00611855650050687
50945731	0.0121062902165966
50949031	0.000591924513605586
50950500	0.00059789190350753
50951060	0.000393526760482669
50953041	0.593242416032534
50954841	0.0315045314748465
50955511	0.00702719723051153
50956700	0.000394486837985103
50957560	0.00144140409142771
50958151	0.014406362563446
50959610	0.00136290208638391
50960990	0.0185606434475945
50961150	0.00199748306259017
50961520	0.000334000733866161
50961711	0.0264043691867
50963620	0.00201220818504187
50963630	0.00573340013411413
50964911	0.00966873526563164
50965420	0.000425921217383421
50966411	0.00128159407205868
50966831	0.00185398960175818
50967651	0.000374930333540616
50967870	0.000327521312072078
50968160	0.000447064806680243
50970541	0.00034541536489868
50970821	0.000715336500838646
50971190	0.0039682819958903
50971600	0.00052592661018771
50971931	0.00149183282110701
50972730	0.000386053588732103
50974500	0.00298686928498315
50976881	0.000286743127622984
50977021	0.00187305333331139
50977871	0.0114343243401797
50979190	0.00354340403460922
50980280	0.000401525413958655
50982411	0.000531864846331589
50985581	0.000505614305986204
50986500	0.000511636782096807
50988211	0.0049281969681245
50989260	0.0004413850993341
50989660	0.00082525906732262
50991241	0.00094190326216714
50991450	0.000559093071378265
50995740	0.00329494805335462
50997390	0.00162390329753328
50998961	0.0114813742403281
51001041	0.000422805094411136
51007060	0.000614489457013881
51008440	0.00480184429966045
51008860	0.000291239253332549
51012420	0.000454968904988007
51014261	0.000513027318201065
51015070	0.000315325740792321
51017410	0.000262911748330814
51017571	0.0283140061796079
51021110	0.000478872743728202
51024690	0.00222800171347767
51026401	0.15881922345368
51028020	0.00195131301412891
51029260	0.000254628449081212
51029520	0.00240199940737773
51029731	0.000386466747924086
51030121	0.000978199582408104
51032621	0.000502334581386161
51034360	0.0233699001785796
51034490	0.000216521407549445
51037410	0.00196803506959978
51038240	0.000297712018675804
51038660	0.000727141460059479
51041130	0.000884837312579509
51041650	0.00329961453952108
51041680	0.0016428692335201
51045721	0.000219757319209926
51046240	0.014972830499814
51046490	0.0515593878570102
51047781	0.000257253676389992
51048170	0.00259048747533624
51048850	0.0301196373006605
51049851	0.000336553072770662
51051091	0.000407562162819324
51052700	0.000377390044102967
51053280	0.00106716722698108
51055590	0.002723681650505
51055641	0.00061379467592442
51055900	0.000812105171494757
51057981	0.0058129968899372
51059651	0.0028368928553586
51060450	0.000366223277070735
51060751	0.0118429662764178
51062230	0.000402825725939818
51066070	0.0365164262669863
51067620	0.000478262413350911
51071320	0.0011380492862993
51071590	0.000575735775356078
51073421	0.00386600337768582
51074490	0.000284799950700684
51076041	0.000440284444176484
51077281	0.0423951738844731
51080150	0.00491208210379728
51080570	0.00652773111177186
51081140	0.000130885796097928
51082821	0.0112004413031323
51082890	0.0300226735355544
51083771	0.000650756547798043
51083911	0.00042965319684234
51085841	0.00028925013113355
51086681	0.000941693487717281
51090910	0.00047220579541149
51092010	0.00100277048781145
51093701	0.0117596618040522
51097561	0.000233431416383357
51098821	0.155062758644333
51100690	0.0433876780319028
51102480	0.00098659146292512
51102531	0.000722595769413728
51103160	0.00458297658709092
51104550	0.00195526274632602
51105810	0.0018004762389339
51106780	0.000305949194631357
51107211	0.00556192184375373
51108160	0.000298833341477307
51108400	0.000563740167376234
51108700	0.00066834404434767
51109400	0.00214105868041961
51109581	0.000852763111717843
51109831	0.000199807714860028
51110951	0.0279944875501241
51112160	0.000380949342943737
51113390	0.00189782368237289
51115781	0.0687150823389663
51116720	0.00629908768486335
51117270	0.00248547905372242
51122480	0.00665603629036061
51125670	0.00290575657338671
51128160	0.000823230217700472
51128871	0.000411865792874693
51129141	0.00584438612946724
51132440	0.000251028476071846
51134230	0.00265322227567332
51134241	0.000331514970348583
51135351	0.000496861065388032
51136540	0.00026242225683986
51138480	0.000700815800376535
51143211	0.00309365616176553
51144690	0.020294079488607
51146401	0.000305053823756725
51147221	0.0010413049895176
51150220	0.000794687531221194
51150261	0.00176191803199938
51150740	0.000727526149101831
51156440	0.000310269126547778
51157500	0.00299887373085531
51165141	0.0633261693350745
51167081	0.198877423563722
51168191	0.000554409507076062
51168471	0.000416135545806688
51173910	0.00216366049818085
51174750	0.000374242123828424
51174811	0.0199977005999631
51175580	0.00225437052136001
51175610	0.00202224891418966
51175720	0.00782055173699752
51175850	0.000394897843758595
51179320	0.000247538680463909
51180041	0.000759287446442986
51182600	0.00281812869741106
51185691	0.00313346656252394
51186210	0.000842454363904566
51186251	0.000442031283579288
51187061	0.0100346867026376
51189561	0.000416127124357126
51189930	0.0260622265620193
51191071	0.00173381857817041
51195621	0.000197968129129255
51196280	0.00414778750577535
51196601	0.00794456123979657
51197971	0.00198151736751928
51199160	0.00472614377207683
51199990	0.000678841455386651
51203201	0.000269183559474974
51203290	0.000308251860700516
51204700	0.000809229904476258
51205151	0.00130385484923404
51210330	0.000373120991885979
51211190	0.000548082986037406
51211361	0.00376694296321862
51213260	0.000569793807220407
51213810	0.000326698436017938
51214241	0.000288522885576258
51214391	0.00474167412650534
51214941	0.00602435510155884
51221360	0.00127065258353426
51223460	0.000486174734865736
51223751	0.000489782803900752
51223990	0.0098505150243822
51225971	0.0299362646533028
51229260	0.000147146242210126
51229981	0.000928068482208971
51230210	0.000365424860050387
51230251	0.204701109481134
51231160	0.000451007512590233
51232140	0.00319756965868361
51232420	0.00618238330271026
51235440	0.0407734993853775
51238671	0.000361125717073405
51239310	0.00115551860895906
51240581	0.00248431880916606
51241151	0.00378592659031814
51241421	0.00585420378344906
51244420	0.000117831954205632
51245920	0.00548447721054547
51249951	0.00777309354405559
51249961	0.192242757341053
51258730	0.0286122842376615
51259201	0.0194334348408748
51261701	0.00189092600471664
51263180	0.00232188383090483
51266450	0.000157224783344787
51269370	0.000373773487950373
51270050	0.00186781505569205
51273790	0.00992560435909202
51274340	0.00221976953880912
51275481	0.000573591191878938
51276950	0.477494607168795
51276970	0.000651007504204307
51279140	0.000517345846860889
51280560	0.000456512627075693
51285630	0.0118178921734065
51286231	0.000554205744797677
51286880	0.000501741059579881
51289971	0.000313960772634093
51293360	0.0014015774148089
51296031	0.00898776202636432
51296240	0.000327929468425644
51297110	0.00935813601987327
51301001	0.000645713838553063
51303290	0.000486208364063101
51303990	0.00166898539406704
51306190	0.000849300877043136
51309551	0.00404553548111269
51310480	0.00100515037068988
51311611	0.00685704623389176
51312711	0.000284397408357532
51313131	0.000356472018703028
51315280	0.000473250132942315
51316711	0.000285350998054094
51317240	0.000313900070538079
51317660	0.000471754228455326
51318641	0.00340891210653783
51318870	0.00380438888030626
51319160	0.0112117818119419
51319191	0.0034368387247838
51324140	0.00343662677968756
51324550	0.002667793087945
51325070	0.00497402640070307
51326180	0.00586017443316746
51329391	0.00516705153151936
51335871	0.000230037238502747
51338750	0.000235585237273595
51339840	0.000274160114301555
51340810	0.000573851044998319
51343341	0.000951813290599091
51343440	0.000273050429186884
51343751	0.000752955826417697
51344161	0.00233765584304237
51346460	0.0143219900601523
51346521	0.00951155257121577
51348660	0.000728070151358444
51349500	0.000334229210589858
51350511	0.000326072544806665
51356711	0.0161722132677079
51357360	0.0280961140398126
51357541	0.00124522421985992
51357551	0.000287778940597672
51358190	0.0446032975284848
51369551	0.136092308569998
51369610	0.132134601717831
51370911	0.0181263288696997
51373640	0.00153733657604842
51378491	0.000578159758988084
51380670	0.00224996226895444
51380701	0.00030533814178009
51382180	0.000138705561756194
51384151	0.00315036323360713
51384540	0.000526191045814922
51392950	0.0499653583247899
51398040	0.0020797020186361
51399181	0.00782996332066368
51399290	0.000664263955095071
51401210	0.000308664627832555
51401780	0.0105007459981269
51402351	0.000680474869378982
51403820	0.000167341589020746
51406491	0.00073013572973198
51410081	0.000758342959854127
51410580	0.000528002188836384
51411471	0.00713906370617835
51414491	0.00157856234425266
51418050	0.000544909928662972
51418351	0.0012052547973749
51419700	0.000225506592210441
51420120	0.00206237280327931
51421920	0.000657709009840419
51422781	0.00839721657153267
51424520	0.000970943583502312
51426911	0.000319926476658606
51427601	0.000722023569031373
51430641	0.00109639937955375
51431201	0.00103503502297756
51432141	0.00148310686503334
51436400	0.000485720728916837
51436670	0.000383491879678341
51438160	0.00507730529566366
51438740	0.00720774918567228
51442491	0.000675015837204659
51442730	0.0494925606553391
51442870	0.050823377013159
51445360	0.00207168864326509
51449210	0.000926991121926368
51449470	0.000898429057080013
51451980	0.00258676183005581
51453210	0.0034546904331055
51455020	0.0270409266194713
51455041	0.0208254386894687
51456431	0.000245520089522782
51459810	0.00933603919567055
51460250	0.00036713368123488
51460370	0.000244447233624562
51462730	0.00543073259415937
51462921	0.00107910253152888
51463540	0.00222005791771408
51466351	0.0126432445394271
51471051	0.0221893585009925
51478751	0.0127251248224028
51480510	0.0162204398539638
51502730	0.00596236019734184
51512691	0.00168823374175635
51515721	0.00192881845255287
51516630	0.000878593140000211
51517210	0.00179159499194262
51518860	0.000976064264312365
51519830	0.00074854325090759
51520500	0.00247623164683198
51521870	0.011250542835181
51522631	0.00583359039289587
51524011	0.00142320789698622
51524910	0.011670837446986
51526570	0.000782132709708323
51540561	0.00953710678918457
51543041	0.0138709015858219
51547711	0.000555171669880756
51561760	0.00582432810253107
51570351	0.00272747632427927
51570440	0.0020314191524381
51570611	0.211347705583607
51570710	0.0505417194590787
51571861	0.0018323756687185
51573801	0.000511788900695606
51574730	0.000475232406196545
51575810	0.000615830383459773
51575830	0.000581267754266589
51576411	0.00198352268938314
51578710	0.00250907729033337
51581521	0.007938383302298
51582211	0.000245485979633998
51582850	0.00040562191055557
51586430	0.000212754691909843
51587970	0.000358510561006575
51589521	0.000865463174657258
51590730	0.00019332011960042
51592800	0.000871429549947939
51593070	0.0077020467890271
51595270	0.0023593939427059
51599010	0.00341491855263738
51599731	0.000696580005750314
51599820	0.000442327113665604
51600510	0.00048287816357721
51601200	0.000862392993944474
51602850	0.00032363440886733
51603021	0.0094062218199834
51606860	0.000479996954039448
51608480	0.000420832973001656
51608531	0.000452837399285594
51609210	0.471841198623118
51609641	0.000608813038802243
51610160	0.00372546555492313
51613791	0.00986112501430614
51616080	0.000370576583932613
51621231	0.000493782408943995
51623390	0.000327024705369334
51625070	0.000947607495616058
51625381	0.00191383281839488
51628271	0.000370384385790177
51628900	0.00466868844146267
51630051	0.000303413590996317
51631701	0.30414241230237
51633190	0.000414897219188239
51634741	0.00246130673517175
51634751	0.000561566484974534
51635161	0.000167882351879663
51635820	0.00248296053004886
51636380	0.00041314644017959
51637740	0.000326207582932712
51637771	0.00043568065476262
51640370	0.000364397474384894
51640391	0.00234376396242112
51643520	0.00279743680310261
51647291	0.000619394184957833
51647400	0.00424644808435892
51649330	0.00738963486780241
51651011	0.000973092000810699
51652500	0.000195094417167685
51652811	0.000285926129300821
51654030	0.00159764256847728
51654191	0.00146305857911172
51655311	0.00108360534280019
51657190	0.0357318581398491
51657620	0.000240509836046299
51658310	0.00342718391694142
51658420	0.00063993484057332
51661511	0.000329786348337996
51663530	0.00108463048780775
51663701	0.000693760152679196
51664510	0.0466161089512162
51665190	0.0219647193502921
51669040	0.0062880051763572
51669491	0.00313190723319662
51669641	0.00233464772134613
51670270	0.00945671809355865
51672240	0.00205486677968892
51675841	0.00145404516834265
51676080	0.00031687372781864
51681170	0.000238390054841531
51681180	0.000186980625715532
51681310	0.000291344743841799
51683920	0.000235041501936181
51684090	0.000966062610985127
51686140	0.000561552475930722
51690560	0.000549130226065056
51690980	0.000854193744803599
51692360	0.000504755546982404
51698311	0.0414493362814278
51698710	0.000295270781883472
51698720	0.0262787240284596
51700080	0.00172222797477859
51702201	0.000256400278331563
51702410	0.000278549132604471
51702680	0.00436550346198374
51704251	0.00177002904160669
51704750	0.000709791441852504
51711410	0.00548379774622267
51713351	0.00278485142052282
51719670	0.0017354846464955
51720661	0.000202374377034776
51728890	0.00477079201953518
51732350	0.000588978081065208
51733450	0.000651288196862279
51742140	0.00203698174323291
51747691	0.0138302387291922
51754530	0.00117949689286417
51783520	0.0220811192125131
51785600	0.000689465272293152
51791571	0.00520110568456903
51792480	0.00086642942393876
51795220	0.000256000528500306
51795271	0.000483324449249662
51797010	0.00128846977491994
51821190	0.00107961586415293
51821420	0.000995380604938341
51823541	0.00230303494484506
51825160	0.00140482117049867
51825280	0.000328995058440977
51825361	0.000514599439072747
51828231	0.000710673516976982
51830861	0.00426007042141401
51832511	0.000430082198106911
51834260	0.00104831530077473
51834800	0.000386681120635749
51841491	0.234972457250306
51849710	0.0164044503264818
51853211	0.00424234541827106
51855500	0.00802608710015282
51855971	0.001444390804384
51856600	0.00366919396877747
51856630	0.000507086329317165
51857040	0.00668540397101633
51858291	0.000583481154490477
51860040	0.0358252395625226
51862581	0.000299467464479388
51863910	0.00780688867375114
51864340	0.000404459215051752
51865351	0.000263749380131236
51870140	0.00150620314738757
51871240	0.0179141391593357
51877170	0.0156462738826487
51880941	0.000580957491601962
51881970	0.0023835156105078
51884050	0.0217577404203731
51886841	0.000663992899096569
51889761	0.000527360672068559
51890390	0.639497021537788
51891630	0.000624623478391286
51896361	0.00170994812314445
51896600	0.00247638101847234
51898100	0.0011698871846175
51898540	0.000499290861522863
51901030	0.000286423120335235
51901730	0.000470634594110082
51902420	0.000844361266755217
51903070	0.0326056591135139
51907541	0.000404610274255346
51908480	0.000588323416616223
51909051	0.00458183757774106
51912460	0.00225379131226628
51912900	0.000378809851087135
51916600	0.00282699538709137
51917211	0.0222763942870706
51920050	0.00160308002606015
51928231	0.00681247510086377
51931251	0.00036052641017187
51932491	0.000603991274590281
51932890	0.000594526154537735
51934930	0.000439287244565657
51934970	0.0004941517889373
51935900	0.000306767321809668
51936651	0.000364255323269572
51936890	0.00522543798264626
51938581	0.00011350064530539
51940091	0.000994606820183208
51940221	0.000453263441189919
51941560	0.0092676417277164
51942421	0.00540859759168546
51945410	0.000560749742819731
51946000	0.00126811045017053
51946031	0.000867554124462944
51946721	0.000392584652584527
51949751	0.000775122387571603
51951480	0.000519713090958866
51955070	0.00120115500466067
51959890	0.000400797545640677
51965700	0.0392190833158906
51967941	0.021237537625248
51970861	0.00223556912692942
51974841	0.00122825836231236
51976091	0.0919753414458068
51976101	0.000263332517295921
51976590	0.000349165944193688
51977181	0.000824760577725184
51978711	0.000457243153913661
51984081	0.00109282146615189
51988351	0.000475966463314056
51990650	0.00684280173626085
51991521	0.000290585121117542
51991931	0.000424540418322958
51992361	0.000177996577987174
51998151	0.0147552297497443
52006691	0.0610832164582512
52013810	0.00073054934105275
52014780	0.00656744209972051
52016221	0.00029320302658292
52028501	0.0124203951162971
52037140	0.00174166114381181
52043210	0.0484121914840286
52045871	0.000584056182301966
52053171	0.00439445739678377
52059920	0.0059478944839739
52060891	0.00926635551419094
52065451	0.0022126723412756
52065881	0.000945823049543527
52076901	0.184047970379283
52079101	0.000516219480915887
52079371	0.625357605115429
52081260	0.00243049227515453
52096030	0.000483286135388921
52096300	0.000513254275701039
52103220	0.00117551912483584
52103500	0.000776933282832767
52105171	0.000531293353404966
52106961	0.000217609324285144
52109120	0.00254312062715378
52111231	0.000507618630017943
52112481	0.00190420312761525
52116150	0.000489848758727665
52116160	0.000523169541608382
52117290	0.00248021976889009
52117451	0.000742990330938302
52117560	0.00174994233468832
52120420	0.000426845689680393
52125301	0.00391098223031533
52128751	0.000442204621931534
52131220	0.000706708087177876
52131350	0.00197906826876852
52131381	0.000634755666412297
52132700	0.000331098352203858
52136201	0.000383094925055133
52136970	0.000298791346015858
52136990	0.000599373149000056
52137010	0.000228459112266072
52140071	0.0120810850282335
52140440	0.00536001721731896
52143750	0.000196605988049297
52144560	0.000684919189021087
52148071	0.00128031419934379
52148901	0.00039134140919907
52150370	0.000276366420463496
52150411	0.000172237803287767
52150421	0.000243764923769616
52152160	0.000909776546755453
52153451	0.00097855519105278
52153820	0.000396364917865726
52155740	0.000259670084833442
52155921	0.00158006398142796
52159661	0.0629343029291204
52161520	0.000265627439192126
52167180	0.00298547759607495
52168730	0.0015589991127337
52170531	0.000297105900079946
52172970	0.000336162946281108
52174250	0.0168307871372645
52175750	0.000881807591647071
52185400	0.00034436408487975
52186001	0.00305626986169863
52187630	0.00044598078723387
52187750	0.0139545409085872
52187791	0.0080827193910047
52189810	0.00240112280475151
52190001	0.00244134355096154
52193581	0.0069201168206005
52195221	0.00080330816916108
52197420	0.00486615532639639
52197431	0.000622524902946443
52198790	0.000596346082396856
52201120	0.000492241547812486
52203501	0.0134820189337828
52204891	0.000680612807602499
52205400	0.0249398838719573
52206240	0.0017503393591819
52206370	0.048820689166304
52207771	0.000313552702802274
52215781	0.00301972579705538
52218890	0.000443660649483713
52219060	0.000425000164920359
52219231	0.00635401371783733
52220201	0.000299038981682655
52223381	0.00157622475873425
52223911	0.000330906910629113
52226230	0.0003099889016611
52227381	0.00609551241698383
52228481	0.000245847260270179
52231180	0.00186680551394455
52231491	0.00247275783285955
52233431	0.0064376245083165
52233950	0.00157557386867974
52234251	0.00623419056469043
52236450	0.000385187003830221
52236710	0.000333253605419575
52236720	0.00092825081507431
52240850	0.000264192824123664
52241021	0.000953932064368962
52242360	0.000672593971848443
52245530	0.00280381295184501
52246500	0.00232587695813457
52247580	0.00260922058905982
52249971	0.0443267807522041
52250500	0.110140999695247
52251211	0.00028385936916515
52255990	0.000314040536818143
52256041	0.0516357662984932
52258551	0.000490884927814473
52259211	0.00110176499820648
52259221	0.0010479445280926
52263460	0.00222873494946202
52263771	0.00146154082973434
52265031	0.000259658853524321
52269991	0.00122842219824978
52270401	0.000488092208509781
52272481	0.000420901766177549
52273001	0.000648916638179978
52274510	0.000550656703361164
52275850	0.000374394984050935
52276140	0.00833580339089945
52278531	0.00068576061158087
52287890	0.000910436155158557
52288680	0.00116099628666977
52301960	0.000586963957716302
52303371	0.000945733564980964
52305110	0.00061339941429742
52310381	0.00135930585729598
52310610	0.000609339446188591
52317500	0.00748001263007118
52318780	0.000186955797682313
52319850	0.000404000644740486
52319921	0.000521713663130908
52325291	0.00136579276849674
52325540	0.0123488043448163
52326490	0.00139584149691896
52328560	0.00154600699267079
52329540	0.017577427418014
52330220	0.000449676459058631
52331590	0.00237683118654451
52331990	0.00044898552892345
52335300	0.000601825643109785
52336540	0.0376477353643008
52337691	0.00283187141741504
52338470	0.00390852852920847
52341821	0.000505637056055422
52342910	0.0024908148944965
52349431	0.0254684949416974
52364530	0.000346989038138821
52368120	0.000822983128855664
52372140	0.000376408532874855
52374600	0.000433917633289301
52378801	0.000950041516768549
52382760	0.018935270255295
52390050	0.00799199002168
52390070	0.00130895400594294
52390460	0.000403038437648522
52403850	0.000688249954741806
52404670	0.00252608275910508
52408140	0.00851015375263008
52408660	0.000547051876815773
52412140	0.000866792080519953
52413141	0.00253644781588007
52414480	0.00183985574850499
52416861	0.0282284454130936
52421281	0.00229654657949443
52424980	0.00170170963568185
52443870	0.00228364492580883
52446641	0.00367845985929795
52449681	0.00468833163485306
52449971	0.0040972973934821
52452660	0.0514246584455321
52460311	0.000398360551394987
52473671	0.24917712326833
52474101	0.00458651230581369
52479741	0.0474011256684785
52482590	0.000304315119294517
52483461	0.00027313715114525
52485790	0.00246493012403355
52487881	0.0111920643956892
52488270	0.00100610396008999
52493531	0.000426375924841605
52496171	0.00149205577038256
52498330	0.000522285140050494
52501650	0.000422591823529685
52502101	0.0168847574646759
52503611	0.000302150822738811
52503730	0.000504212359713964
52504120	0.000595908713650562
52508950	0.000329671283701233
52514600	0.0016059836375831
52514760	0.000529056361879313
52518911	0.000357559732848294
52519560	0.0205786069212012
52524380	0.0288484885681618
52526450	0.00834259522061679
52527850	0.000436617396829425
52528711	0.00162897069455921
52533271	0.000615183434547141
52533350	0.000345117839385427
52533930	0.0419140486175013
52539061	0.00077564233896205
52540441	0.00243435351683989
52544240	0.00469190928316168
52544581	0.0255088807715278
52551710	0.000320598366822579
52554231	0.00129712257824206
52556270	0.00728127012263698
52558030	0.0417707484200245
52559751	0.00114578454576539
52562221	0.00155549703757932
52562351	0.00306435668028664
52572301	0.241578212022886
52576540	0.000770676210684034
52579400	0.0472930088001784
52579410	0.000907625602214399
52579871	0.00131590914143558
52580650	0.000663057835192995
52581661	0.000337780941304022
52586180	0.000316814171346039
52587731	0.00072335718183945
52588380	0.000344876923338652
52589070	0.0016734479105406
52590901	0.0122589563146788
52593531	0.00250548452061441
52597521	0.000481630301117124
52599680	0.00343693109096799
52599840	0.000587087547441945
52602310	0.00411184409620612
52605370	0.0478850347063614
52613190	0.000359858520953285
52617541	0.000545889725648874
52620110	0.000887933471388108
52621050	0.00273552993405111
52622641	0.0125696484422345
52622860	0.00291427678482546
52623260	0.00906931354276416
52623430	0.000284600859904334
52624950	0.000243778621277559
52626160	0.00153331335432745
52627471	0.000423750150408875
52628380	0.00532404483000763
52628411	0.00063699772050669
52628930	0.00685466643631084
52630641	0.000429255345790856
52631120	0.00168672483928566
52632100	0.000381437409982121
52633910	0.000354587556109075
52636120	0.00381550384715826
52642211	0.367272944434633
52648821	0.126027810294005
52654740	0.000278402621487555
52657750	0.0241501860265941
52659840	0.00143536172972486
52660701	0.00117546857672895
52664650	0.000139609182600268
52665760	0.0017176505859331
52667270	0.00915861829869917
52669381	0.019837677745904
52670481	0.000260234634576692
52671140	0.0343281340518584
52672011	0.0100273542776192
52674980	0.000573196575686271
52675290	0.00137401684701747
52676841	0.0306417623396372
52677251	0.000654883716960624
52687570	0.000332859982993637
52694160	0.00167713489822245
52700230	0.00123438444526344
52700910	0.000523069446358185
52701210	0.000392555146153346
52703680	0.011011031093863
52707400	0.00365116222697406
52711530	0.00195915978168314
52723700	0.0141499713135333
52733740	0.000323436225281563
52749210	0.000974634032197132
52754881	0.00313654923113431
52756930	0.000543681625460262
52763591	0.000451184109432163
52766180	0.0154535172891237
52781750	0.00308346623732264
52782990	0.0040315193604022
52785450	0.00153456378697959
52787041	0.000419853568604562
52788281	0.0358901059998576
52789221	0.00537205885571485
52793760	0.00282433692397635
52796691	0.000455260466360459
52797720	0.0227450332906384
52800650	0.000331837338098655
52802040	0.00113338018993657
52812510	0.000909094925016304
52812961	0.0109005302993819
52819830	0.0127882361466087
52820541	0.0487607786875106
52824391	0.00774942791383171
52826550	0.00154633529760679
52826970	0.000269366232063415
52827000	0.00581520555754842
52827790	0.0133922513424052
52829651	0.000204817448632936
52830580	0.000196048725961055
52831000	0.000535679362745585
52835711	0.00245920544469632
52841030	0.000505230458446725
52844750	0.0954206756316141
52846061	0.00147070561272524
52852910	0.00264819184117037
52855120	0.000526245537433156
52855790	0.000280339563384446
52857340	0.00246742395527659
52858420	0.0047013313904517
52862341	0.000402057452562737
52865050	0.000210291803875053
52872961	0.000174977270103616
52876340	0.000335591704226399
52877590	0.000435592189834858
52879090	0.000514787988968214
52881621	0.0378031719935902
52882611	0.000400930854300337
52883370	0.0256220639004677
52886290	0.000820470801952528
52886440	0.00228143924589089
52887670	0.00591332053221024
52890830	0.00143589927953983
52892650	0.00167346431684206
52893361	0.0389415970128035
52893590	0.111988600377753
52893710	0.00901699666256364
52893901	0.00150348307252323
52895520	0.000190897270661167
52900811	0.00128575863821534
52905020	0.00251215518693068
52905200	0.00494318488441263
52907711	0.000958131191608284
52914970	0.00141922212463451
52919530	0.139857518178375
52921921	0.000324251838157873
52923701	0.000472867092935542
52927411	0.000269647449758329
52927841	0.000541633460451469
52928910	0.00194497288063816
52929980	0.00456941718752985
52937880	0.000326694335643628
52942290	0.000436836865881388
52947971	0.00974874714056413
52951291	0.000446250409763819
52953351	0.00154463847181049
52953470	0.00075475221750616
52955001	0.00165244497342313
52955360	0.0428046419444052
52955691	0.044019233689541
52956350	0.0185259542355367
52958051	0.01095724223122
52958560	0.00165409792321345
52959950	0.00150016476178938
52961310	0.00066601624393945
52966311	0.000711935672746758
52968910	0.00199891875950324
52976101	0.000756986496734115
52981150	0.000416545477160004
52982390	0.175144973729731
52987281	0.00195413484021889
52988750	0.000498473848422017
52990260	0.0533390684591619
52992251	0.00158564337867249
52992371	0.00288263522335127
52999541	0.000835748196612151
53000641	0.000447256051710957
53001600	0.000593122463544604
53004231	0.00149176706748328
53006820	0.000804269245484361
53010800	0.000525190643231122
53011650	0.0328483477146438
53013990	0.00132333715042868
53016880	0.00283421986080562
53019940	0.00149459546888062
53021881	0.0215796386066846
53021901	0.00632640536584369
53028770	0.000713596850344171
53037140	0.00153110224128294
53044921	0.00386542786580941
53066400	0.000777491657085411
53067001	0.000173160783234357
53067090	0.0146995664044527
53074011	0.00456352895374913
53075770	0.00289951922368888
53076511	0.00115598409462622
53077830	0.00535232060146008
53079261	0.149390809900946
53079971	0.0546976313378338
53081051	0.000644281128357367
53081611	0.00195411238938294
53096070	0.000419141849458306
53096870	0.00327306023932658
53105061	0.00253958285116808
53116330	0.00119430338965589
53124440	0.000387101003329783
53125741	0.00702337261375809
53127240	0.000250044303601805
53128211	0.00051100470490917
53131210	0.000641894222698113
53132781	0.000924066554915934
53133181	0.00137786776156393
53133751	0.00209685843265885
53135080	0.000253601122528131
53135090	0.00145500355332634
53136720	0.000514154367558113
53138390	0.0228299198768185
53138520	0.00449014324313336
53139060	0.00380382995283169
53139070	0.000154887134705212
53140870	0.000170441770207533
53144740	0.00216257148958186
53145160	0.000917356301761277
53145461	0.000541541397998015
53145960	0.000463345824420024
53146410	0.000655675241720234
53146701	0.000568247538373388
53148231	0.00245576899455962
53148901	0.264963132505645
53152491	0.00133261400498968
53152720	0.00043319616614091
53155671	0.00212894560871452
53157550	0.000243825613619215
53158130	0.0147480617744908
53159060	0.00241143061208163
53160200	0.000325380798477146
53162291	0.00258116690002435
53163080	0.000916454290444616
53163900	0.00195827745059281
53164371	0.000358965701666688
53165410	0.000247869537798047
53165550	0.000384783226830788
53165611	0.000466853246904609
53165741	0.00164881835105129
53167230	0.0156553232273515
53167261	0.000729240413544142
53167941	0.00275351164985687
53169181	0.0501091714989265
53170390	0.00535751178465305
53173140	0.000720436647469172
53175261	0.273449648369826
53176300	0.000253586037923646
53176440	0.000367614219580316
53176470	0.00026051137425516
53176610	0.000322370137263155
53179750	0.00161570956447143
53180020	0.00171604374759111
53181311	0.00216293634649894
53181731	0.000346232671205638
53182780	0.0110754323442876
53183340	0.00567451109803423
53185010	0.0160612722330906
53187470	0.000310313619348899
53188330	0.0499108332809855
53189171	0.00304169738050567
53190691	0.000350031842177404
53190851	0.016420036506609
53191101	0.000468782265783107
53191640	0.000327663275448858
53191740	0.00145334291914425
53193420	0.00252957904779076
53198991	0.0197508556212416
53199791	0.000402031903786101
53200310	0.000794266906996061
53201140	0.000660274678109299
53201741	0.000578772415392027
53206640	0.00442695493198578
53206701	0.00363528254342643
53206800	0.000845868321338791
53207391	0.025743547020288
53208050	0.000282831190012152
53208091	0.0532593723165005
53209181	0.000391586036167224
53209420	0.00721764851599731
53212980	0.000431410668656912
53215541	0.00493363682133435
53215610	0.0934404418654553
53215661	0.000663895155337894
53216710	0.0184888212071176
53220751	0.000341510954150158
53221171	0.00723845431175226
53222360	0.000507683196358695
53224310	0.00022198211014422
53225980	0.251782947406436
53228771	0.00809623171347911
53229680	0.00032925010168227
53230940	0.00759537041530743
53236891	0.00168523710511726
53237881	0.000317143363112353
53238920	0.000391323609961301
53239460	0.0702413513980195
53240190	0.00158807438352131
53244860	0.000547561411139297
53246001	0.000790154993574807
53250910	0.0114003682400537
53252351	0.00042767663091029
53253191	0.0012168981192164
53253250	0.000261061695850252
53253680	0.00031942585030523
53258370	0.000185077237956915
53258390	0.000306549894484756
53261010	0.003180355227808
53261150	0.000386161811029541
53263251	0.00160539279665907
53266551	0.000401353858544514
53267121	0.000958068816446911
53269560	0.00515046631352894
53276071	0.0022431287922062
53278821	0.000304378085594896
53282780	0.00080374930659429
53283190	0.00099731407641838
53287200	0.00261175064976001
53288970	0.00049981350990428
53289260	0.00062910720717655
53291210	0.00535638017059011
53291490	0.000789855879040349
53293280	0.014345226466998
53295080	0.00103067554843576
53295210	0.000320942895575772
53296030	0.43598578421896
53296061	0.00162366968735598
53296430	0.000227950528244644
53297410	0.00303665986057689
53300040	0.00123428890468066
53300191	0.00595720386728619
53300300	0.000270384147072796
53301110	0.00211239348006463
53302530	0.000437479382168995
53302640	0.0319832874464454
53304481	0.000361993129889231
53305041	0.00530580995974737
53309861	0.0103947933228338
53312280	0.00343047994992875
53318261	0.01733013314302
53318551	0.00104451107759426
53318561	9.59053373623908e-05
53322530	0.000405133519290707
53324170	0.0175770831555064
53324180	0.00428941408190006
53324560	0.0309013099612959
53325031	0.000438406037488756
53325851	0.00125688876439358
53327391	0.00350531661695153
53330271	0.000258550748997682
53332830	0.0583914943618649
53337120	0.00038990157237396
53340000	0.00168675010065854
53340870	0.00145718023082932
53341451	0.0075178662300351
53345110	0.0132839099417605
53346551	0.000522911032669602
53351490	0.00151325686367734
53351900	0.000421728983125216
53357711	0.000394610611726682
53357981	0.000391304925034012
53358240	0.000375163756950801
53362640	0.000334407059355628
53365670	0.000474969388248233
53368891	0.00159985607432759
53370220	0.0144433034957939
53370630	0.0454423643818438
53371361	0.000267963031897013
53371600	0.00034235606523479
53371781	0.00048239259006664
53383911	0.109491595898922
53386551	0.00052856573002133
53386681	0.000549568535800726
53390961	0.0678963012698369
53391210	0.0145399444107572
53397571	0.00886480450956185
53398131	0.000292796774046359
53399511	0.00145557363084756
53401311	0.000926825196262449
53401510	0.000516019065530048
53403221	0.00431136943816096
53403791	0.00124900779550619
53405810	0.000402696676351797
53408130	0.0148539183820456
53409670	0.00017512833992104
53410230	0.00496907401170863
53410240	0.16557848650497
53411760	0.000620741263027188
53411990	0.000560471381617164
53412310	0.0727779331905632
53414541	0.000403787764798223
53416690	0.0113685103044136
53417670	0.000557179704457678
53417960	0.0154137120290167
53419890	0.0041604853118708
53420420	0.0062628581156435
53422920	0.0121935376607079
53423921	0.00767011073643413
53424170	0.00128397437293016
53424680	0.0172201848862334
53425250	0.000349627046367064
53426401	0.00107667966763204
53426470	0.00162782276508071
53430620	0.00112031427669927
53434401	0.000376654941938089
53435880	0.000369191697998487
53436871	0.0029938577171736
53439860	0.000362377576694262
53440300	0.0161987519456732
53442480	0.000580643451390885
53445260	0.00098291138709188
53449851	0.00954238137789459
53451160	0.000526911065509734
53451860	0.0025024634935779
53453250	0.00549598253503432
53455651	0.00416109946677846
53455911	0.0324834984879168
53456150	0.000496539735467645
53457820	0.00834589437282085
53461991	0.00141037153352337
53463190	0.000404897644610014
53473411	0.00993585075004849
53476031	0.0818526619871219
53477640	0.0096154941093742
53479330	0.000296456248783611
53480580	0.0201147788298556
53481831	0.000580512281387952
53485981	0.0115087821757962
53487491	0.032281792437689
53490480	0.000507884460512632
53492160	0.0020574704598837
53492680	0.000835546811106393
53501250	0.00033221418481116
53501530	0.00214780891951628
53503170	0.00664335933283305
53504840	0.106644273702213
53506340	0.00757840222777079
53509380	0.00782739746094004
53509500	0.000593625973056105
53510070	0.000937800013208176
53514610	0.00712538463408391
53525971	0.0162009952201521
53526220	0.00116942633893544
53531700	0.0039463231357263
53538740	0.102729774090243
53539201	0.000530815210143389
53539720	0.000490774196414634
53541390	0.000178068578739716
53542620	0.0114594387671165
53543501	0.000766631024741856
53545971	0.00188579376769262
53546500	0.000370562726649291
53551730	0.0381308331242323
53552741	0.0123128903173126
53556410	0.000701151193710875
53561220	0.000298876071054646
53569390	0.000305671513626548
53571420	0.00048080931267439
53572000	0.000409160204145007
53575300	0.000438745550847944
53577230	0.000509010288624705
53577660	0.00582559775938737
53580571	0.0197942397279062
53584680	0.000968743922610338
53588031	0.00146395269932454
53588140	0.00477809431114387
53590040	0.00200528574464224
53591751	0.000760444887710585
53592110	0.000556804242057614
53592810	0.000777358010126956
53595320	0.000375400232010268
53598350	0.00390131758641912
53598490	0.000659669205353132
53598600	0.00274567558714575
53600280	0.00823065773909282
53601811	0.000663908231698296
53604000	0.0170374736773418
53605131	0.000437649713289445
53605770	0.000278100930905566
53608130	0.000425256698909542
53611170	0.0166726830507487
53614310	0.00683912977108547
53617920	0.00208400631171564
53619611	0.000699792683220662
53619751	0.000383356341387818
53622221	0.0854775850962382
53622330	0.0111685356977687
53626340	0.000661024215306362
53626480	0.000849256249660762
53626911	0.0126896587821357
53627870	0.0019086048275072
53628311	0.00857774547696397
53631201	0.00186310386470869
53631840	0.0179290752230287
53632560	0.000297500094115735
53634511	0.000478439177866945
53637230	0.00228367576025888
53639020	0.0286084546940735
53639491	0.00154210742337276
53640540	0.0287605080110073
53640820	0.000386654839440387
53642480	0.000323126857519066
53642880	0.00198433278760452
53644380	0.00655989952965796
53644930	0.211320246520337
53646101	0.00173240961488163
53648660	0.0378036625402215
53649110	0.00245111047541022
53650320	0.000276749242981504
53651830	0.000619671777867074
53660660	0.000817581908013104
53664851	0.000473951581438865
53665510	0.00067543416017054
53666760	0.0021429001687161
53668940	0.00247903727649177
53668950	0.00239621039183487
53669620	0.00017605538339847
53671150	0.00200822980079688
53672161	0.00441419461827225
53672800	0.00140810930729814
53673811	0.1985556164885
53674050	0.00263240707369934
53675830	0.00421738914544979
53681001	0.00112011896022847
53681790	0.0233462930424266
53685220	0.00107513867645273
53685360	0.0107299424861473
53688561	0.000913037545591553
53689401	0.00100939935918826
53693821	0.0022894470923417
53706450	0.000817463737463577
53717090	0.00027953413766112
53719840	0.000359447790072334
53732780	0.00821160893434431
53735140	0.285644092422193
53741220	0.000495632598661935
53750371	0.000581960121738502
53752011	0.000266625089031549
53752141	0.000303405107453079
53754641	0.000579436197540544
53755731	0.000503539275028233
53756370	0.00103413333388312
53756640	0.0284512141757371
53758641	0.000615109949005975
53760810	0.00893832669869838
53762641	0.112233505251207
53765470	0.000421728573083876
53765490	0.000424419821157414
53767321	0.0049174418458389
53768120	0.000250728952325023
53769821	0.000726949886456281
53770440	0.000490842085987735
53777801	0.00694267333010914
53777811	0.000715972920221493
53778440	0.0110386993211598
53781391	0.00129699728908593
53784161	0.0053876362531584
53786491	0.000317636074924868
53789470	0.0132300799586293
53791400	0.000501319647667519
53794720	0.000245982704481081
53795440	0.000789809097998844
53796271	0.00358170987933907
53799471	0.00383612128188545
53801770	0.0264502614592161
53802060	0.064919890705349
53802641	0.000599040176565836
53803171	0.000387653638975182
53803861	0.00223879926185314
53810361	0.0050372328110466
53813760	0.00187900485408728
53817910	0.000511379674898049
53819280	0.00130778146349254
53821121	0.196028190408473
53825900	0.0325403790413892
53827810	0.00176955268300684
53830190	0.35620736083377
53830320	0.000347568139359191
53831710	0.00307203574490763
53831810	0.000242016696448369
53831881	0.00035483212228467
53832431	0.000393026824676775
53834771	0.000410260847353802
53835550	0.00383877383973883
53839250	0.00345149902781082
53839451	0.000388139667580843
53839670	0.0113869019589045
53841070	0.00446937674314284
53841480	0.089386155200492
53842170	0.152768837554339
53843960	0.00130565155934162
53847861	0.000462208737010364
53850221	0.000480696470031572
53852120	0.000616028559193555
53854700	0.0853055250462219
53855680	0.115165580305979
53856670	0.00319194066663944
53857941	0.00102642372463807
53858860	0.0500339589801505
53861610	0.000290142668551018
53861740	0.0132153822493248
53866710	0.00464581631957171
53873941	0.000477898244812916
53875270	0.00817500160967428
53876971	0.000483317610782676
53879660	0.000394226646107293
53880650	0.0139176782925375
53889910	0.00102306884750533
53891280	0.00785652193904823
53893220	0.00148512888129198
53893371	0.0206232181075778
53894570	0.000340835249950096
53904271	0.00148418657459285
53906061	0.0258085891879445
53909241	0.00161081256573923
53909460	0.000938517928354
53910460	0.00975954083206988
53912691	0.0621734206703794
53912770	0.000736965332228979
53918071	0.00070964940223117
53918201	0.0317147432148515
53922071	0.00231917298855661
53922970	0.0424245360433191
53923660	0.00373876756605669
53924971	0.00090216583063131
53929771	0.000423479949245406
53931010	0.000275704303934786
53932681	0.00727775194443588
53941190	0.000513241254567794
53949521	0.0417167479198971
53958341	0.0785158474397626
53967561	0.00127779581767488
53975280	0.0583466884399608
53983301	0.00036872273988784
53998191	0.00051299327500501
54000620	0.00101782725523197
54000650	0.00146295175166254
54006580	0.000590278642872113
54015841	0.000306132635928126
54016230	0.0116051927746745
54017890	0.000805912844526814
54018140	0.000385786247034226
54023950	0.00346630630037228
54027431	0.000261716240375289
54036910	0.000535893220732179
54050140	0.000813441411975071
54052350	0.000624060251986482
54066061	0.00052013566462597
54069060	0.000587552311269891
54080190	0.0203826330592926
54089231	0.205720223003678
54096791	0.00288914896027333
54097091	0.00155327297084034
54105641	0.000649462314172119
54114810	0.00100360098736494
54118721	0.000405352983257507
54119001	0.00101737071838856
54120121	0.000381748936363202
54121590	0.000470405503349609
54121860	0.00300699334479554
54123220	0.000730717584931956
54123400	0.000580954263311543
54136371	0.000470480258203677
54137211	0.000843177274117509
54137590	0.12259087406575
54139950	0.339559185455443
54152180	0.000339015016606665
54153331	0.00197712613085811
54153850	0.000405654062877489
54159401	0.000323104989529215
54164511	0.000880445869732037
54166540	0.000432727750429096
54168750	0.185613047527492
54169201	0.00345527242616172
54170021	0.419130303861128
54170820	0.0202637036500191
54173351	0.00832975922188564
54175240	0.603922146047006
54176360	0.00414461051138679
54178250	0.000694172007832516
54178290	0.000317101443982463
54178301	0.00168412030082946
54185580	0.0137300393162293
54186270	0.011247400995816
54186520	0.00234233792671691
54187421	0.00266392258275129
54188371	0.000939944124205677
54188450	0.00045415497791667
54189030	0.00274834302463361
54189560	0.00234806248220625
54189720	0.220886166201572
54190390	0.000224466762493618
54191780	0.121635201161597
54193310	0.000180397824133131
54194840	0.000815195842528392
54204200	0.092870784125703
54204661	0.00048395923025125
54208801	0.00178855846707639
54210171	0.00473744821191561
54210280	0.000736840993230429
54211630	0.000530154378407946
54212040	0.0656588148960304
54213201	0.000868766711011942
54214041	0.000173102562713274
54219480	0.00962678154243165
54221990	0.000319942430355822
54223121	0.000438441346542752
54224661	0.000848240565004744
54225590	0.000643274415093438
54225720	0.000858924784534468
54228180	0.000425444435313631
54230171	0.00184779935105062
54230861	0.244431528157774
54238431	0.00132741118517451
54242841	0.000795941588340783
54247650	0.0292657165289124
54248241	0.000542361018093632
54248610	0.000731423741208814
54249181	0.000433976414100172
54251090	0.0105780642222968
54256241	0.093819130513039
54257550	0.000488776682170281
54257570	0.00198861833123326
54258680	0.000403157153488181
54260330	0.00359341339956902
54261140	0.0022913815089805
54261741	0.000276275071088298
54266171	0.000435644516327393
54269270	0.000322700650085524
54277820	0.0101822628489336
54278110	0.00427312640564851
54278690	0.000506409898731743
54280340	0.00668469404671553
54280450	0.00193579294223639
54282660	0.11051362787018
54285160	0.000310749304855025
54285820	0.000703059144867893
54288491	0.000558296611695873
54289290	0.00231107864288954
54291111	0.00934776525929409
54294100	0.00794753914718491
54294250	0.00437720801335578
54295920	0.000861483168495671
54296320	0.00074608892382905
54296440	0.000616954509397232
54296901	0.00119870735776559
54297481	0.0620477446066365
54297550	0.000293075186950812
54299541	0.000306775314089567
54300060	0.000312437005259623
54300501	0.000411246268859991
54300880	0.0107456905307416
54304911	0.000620313785502918
54307500	0.0604030208551833
54311640	0.0138896979520867
54313830	0.00195472878386979
54314090	0.00648121847494736
54322790	0.000706168153235337
54322940	0.0064767465784396
54326120	0.000476571479114148
54326260	0.00134689419917956
54327350	0.000960815160503164
54327490	0.000973804168977833
54328020	0.000649772212322301
54328621	0.00261091390577323
54329970	0.000544462274929101
54332180	0.132898453147855
54333990	0.000752408289771434
54336501	0.0366539118953429
54337150	0.00391846092225713
54338230	0.00177857965393004
54338520	0.000212007098623657
54339271	0.0059300096519383
54339880	0.047875801795563
54339961	0.00075229521156718
54340160	0.000274244223439169
54344590	0.00204215228647487
54345440	0.000829631141962525
54345540	0.00136671613619187
54345820	0.0029646243081431
54347340	0.0111586606154655
54348310	0.000516898993806224
54348351	0.000647861879088506
54349300	0.000557166639191894
54350701	0.000481366627952515
54350991	0.000705627400482959
54351541	0.0347679366976455
54353321	0.00100474797696387
54359490	0.000506675069985265
54362691	0.000381625262339099
54366141	0.000436096894583193
54367681	0.00262997077910807
54368590	0.023507170869792
54371090	0.00225904540827983
54371261	0.000243970486207004
54375890	0.00268020029612636
54376320	0.000244757469755892
54378021	0.000901221515010353
54381451	0.0205183974704063
54382220	0.00364103365474812
54385570	0.000322421095295156
54386110	0.168548859235197
54387600	0.000903925445150881
54387770	0.00395281193160876
54387880	0.00024370137367164
54389690	0.000854295095756246
54394520	0.00171916320684661
54394650	0.000637860978226497
54394711	0.0031839681121408
54395951	0.00226196888268773
54396201	0.000301582539061228
54396621	0.01462112313346
54396740	0.0374155943277478
54397171	0.000746263596737499
54403951	0.0014868700002695
54407770	0.00416546676026724
54413881	0.00017107318741644
54415651	0.000368407764952062
54433810	0.00480235155906405
54436980	0.00791521340390016
54439091	0.000682133950116831
54444860	0.00184121954271732
54452580	0.00148705683287149
54452720	0.000703433730030951
54452730	0.00103143240813159
54452740	0.00342291337336234
54453960	0.000358572610105907
54454490	0.0133787296468741
54455531	0.000400319522565814
54458520	0.000487451039261497
54459671	0.000730814321355362
54459750	0.00635831988195578
54460201	0.025695321436429
54462520	0.000501953468098891
54464761	0.000949910956784393
54465660	0.106644273702213
54466080	0.000270726742401803
54468460	0.037467178308057
54469581	0.000896209991917993
54471190	0.00979590930086066
54475480	0.00180474484901502
54476850	0.000890680167449144
54478800	0.0319080665058627
54482390	0.000576503738309985
54485260	0.000344843707827009
54487371	0.16291237965925
54493301	0.0135732198287536
54494900	0.00040727033865543
54497981	0.00189745409756426
54499180	0.000371114452808788
54502370	0.000855014638524963
54502411	0.000428615784841314
54502510	0.000484663596158389
54502561	0.000505609374074753
54502951	0.00300750377299074
54506210	0.00100562823180307
54507730	0.00923306803190179
54508700	0.00411704269316073
54513110	0.00630229489441968
54515600	0.084464543660272
54516160	0.00035131794984472
54516580	0.066429448835169
54517690	0.0122477310524983
54518131	0.000935133767297053
54518360	0.00787799872164903
54518780	0.00412503095670579
54519781	0.00090017564481727
54521520	0.000666035961055311
54521540	0.00195421539811062
54521680	0.00245133075076572
54521970	0.000991172759672411
54522421	0.00636394862241413
54529441	0.00299614569323049
54529790	0.000499883352971391
54529861	0.00273412038665022
54530920	0.00642343932039168
54534080	0.0269954500971039
54534480	0.00222182100543923
54535050	0.0366648768764662
54538480	0.000486902335883417
54541100	0.00093586077218342
54543730	0.00559245262332425
54543880	0.00133052987260164
54544580	0.000491840379625354
54549171	0.000724093184528088
54549250	0.0285086528329501
54551921	0.000750180235826551
54552040	0.00102611311043046
54552140	0.527974035932062
54552150	0.000368867027923882
54553530	0.000455827517898699
54556310	0.00281634415179198
54559050	0.0279251645871392
54559641	0.00196538770459768
54560041	0.0709683468810277
54563880	0.00263789972249034
54564860	0.00234523815640291
54565100	0.000464619109555683
54565301	0.022484455727745
54565421	0.00734740581379781
54566401	0.00652807021190443
54567180	0.0682290519648971
54567600	0.000737252799170599
54569950	0.000447054485282268
54569981	0.000378884082679623
54570750	0.0455088924672799
54571931	0.0232779800179467
54573670	0.000736683367763171
54583231	0.0704669923738753
54583931	0.0181621322675048
54585011	0.0133656178555005
54588310	0.0660591469372095
54593031	0.0525138328166714
54599720	0.000719062347480431
54600980	0.0138745005779598
54601380	0.00068780838380177
54601660	0.0014390944593041
54602510	0.0360514664660845
54603860	0.000697759476160749
54603880	0.00269686048287899
54606521	0.00197815090420166
54607710	0.00365004030677632
54610271	0.377614180348212
54615160	0.00749942272381828
54615610	0.0874197932557018
54616290	0.000315509966640951
54616881	0.00162939666765457
54617441	0.000940912049748988
54619480	0.0201483500261496
54620041	0.00108252046398714
54624061	0.00149174846773158
54627631	0.000361402161696605
54627901	0.00962784733510391
54628591	0.00459873102743222
54629960	0.0011523959178078
54630951	0.000668363310681435
54631590	0.000653138807488126
54632321	0.000400384436186626
54632861	0.000929854501146471
54633400	0.000308209868820387
54633680	0.00114353991868206
54636700	0.00208416098544889
54637110	0.00169619481822649
54640440	0.00323834289608196
54642350	0.00113887022420582
54642630	0.00654781098739687
54642650	0.000681710943775918
54642671	0.0232801372513331
54646531	0.00789153885243411
54646821	0.000836790578872328
54647351	0.00126715993982881
54647470	0.000424973076783773
54647710	0.000394845286009588
54649421	0.00250934220618823
54649520	0.00301854673723719
54651901	0.000363618626073796
54652690	0.000655605552500573
54653411	0.0152924230724941
54654510	0.00159074120250902
54655371	0.000781278055266707
54657370	0.00619305750895074
54657971	0.0433800867227197
54661100	0.0106577378720627
54663600	0.000540198686256098
54663891	0.00105210752889523
54665161	0.0125242543103793
54666381	0.000399640930269227
54668140	0.145895489443688
54668581	0.0890066292723492
54676680	0.000458837837874261
54678630	0.000633977386136901
54681431	0.0398000797647211
54681711	0.000256728446120745
54682610	0.0244729237771598
54683610	0.000476848697792079
54687850	0.0020203034141673
54687860	0.00762278946481478
54688560	0.0165914818919127
54688721	0.000474280727278279
54691621	0.00161189439737196
54694350	0.0480370557671525
54695590	0.00775063027574406
54697220	0.00400939777391594
54699071	0.00140869533365603
54700560	0.000441222110742288
54700721	0.00222151109920962
54702640	0.00187291501188861
54703310	0.000420250914826411
54704591	0.000389052516021089
54708010	0.0102274158220439
54709421	0.0250951900522406
54712461	0.000336784564082817
54713250	0.00193802943961804
54714320	0.000511004699656981
54715751	0.000315661273609897
54722620	0.0040656721950573
54725961	0.00028673496755144
54731020	0.00038159290046217
54732970	0.000481725369364853
54732991	0.310173371287537
54733961	0.000518035370750805
54735150	0.000469069305496579
54735361	0.000486945840174735
54745810	0.0400839650698565
54748601	0.00173768333835655
54750330	0.00291705202032079
54750381	0.000245158532734247
54752161	0.000448121837807172
54752390	0.000416406335975883
54757110	0.000728324025342417
54758900	0.00238150712907024
54760441	0.000770447693987766
54761220	0.000842893415958924
54763050	0.00349848635057012
54763481	0.00201068573419106
54765821	0.000482413575517925
54766360	0.000872685792810121
54773370	0.00224404922644008
54774770	0.000249967328159221
54778080	0.00809787406350595
54780140	0.00327138926459736
54785971	0.0121508598824502
54786730	0.000899786495585633
54793811	0.0141217227227298
54803040	0.00302080003029605
54815180	0.000529371292375218
54824660	0.000590242584200553
54828820	0.000837558266035623
54830030	0.000195936464562144
54830740	0.000368977399500601
54832100	0.0014438552958835
54837141	0.000778284876682401
54839881	0.00559379762588202
54840711	0.0034071671188331
54842371	0.000328899069716453
54845961	0.000868118582781135
54846060	0.00218643393471538
54847481	0.000220196460929296
54847710	0.000243536688543807
54848021	0.00145559513320614
54848810	0.000251425837122248
54849360	0.0662484336089424
54849391	0.000334015822847255
54849920	0.00160695155210468
54849930	0.00166033377522748
54851410	0.00348537160115831
54852721	0.000265145131742081
54853480	0.00251525401615697
54855820	0.00132991150644986
54855980	0.000459130363145515
54856670	0.000337454181257634
54856680	0.000468367584498693
54858070	0.000689443900289217
54860240	0.00424523988532025
54860581	0.000609530088900238
54860991	0.114098351055219
54861210	0.000746818135217047
54861490	0.000580272822303003
54863450	0.000796026876884775
54864311	0.00134325200085228
54867591	0.000293091812013504
54867850	0.00747718451284008
54868100	0.00996379578061339
54870730	0.419103717817419
54873240	0.000423993192416167
54874860	0.000511924648678425
54875960	0.000243658573893802
54878470	0.00191679116128142
54880011	0.0068583954557432
54882101	0.00506967920009561
54886221	0.00223299985359092
54886231	0.00377281175113349
54886990	0.000522869356127171
54887731	0.0138467100946927
54889100	0.000948230207410801
54889230	0.46642695735673
54889251	0.00160683196177743
54891830	0.0389650638579418
54892410	0.00035041534937532
54893890	0.0035860732085097
54894060	0.000390890776616724
54898361	0.00062053910159592
54900100	0.000889443192719886
54901210	0.01375345113768
54902020	0.000883427258551588
54902720	0.0400019290415844
54904021	0.0109434496107672
54905251	0.00488485316162376
54905951	0.0727953650331677
54911061	0.000501941253411406
54911201	0.289402458853944
54916151	0.0138615065035552
54917961	0.000641204754371184
54918730	0.0026964885583782
54920161	0.000411688977485412
54922190	0.00505615587091697
54924390	0.000386978593621942
54927300	0.00106458676899119
54928410	0.000270815837644577
54930460	0.0449676814018084
54932540	0.00236046074771286
54932920	0.00743813045021945
54935191	0.000397674216726239
54935461	0.0161700966293648
54936790	0.000778076090032903
54937791	0.00045805922745645
54939591	0.0108968022738389
54940281	0.00430993906255453
54941190	0.0030705621961699
54942170	0.0184498440655232
54945610	0.00320447090961615
54945780	0.00049467609401738
54947041	0.000899014991838424
54947331	0.00155726912379261
54948260	0.0290031102638003
54949900	0.00993610775006551
54953811	0.00994467898734467
54956090	0.00203627065883188
54956230	0.000731362861312291
54956670	0.00166256895226853
54957190	0.000446984989164806
54958310	0.00153775237331588
54958740	0.00260443388273511
54959471	0.000313105257369422
54959581	0.0135604674592921
54962750	0.00187852132829372
54962761	0.00259968229755129
54967280	0.0052273214448582
54968021	0.00105356639010746
54970590	0.00038387451067629
54972021	0.00317086379900331
54973230	0.00260003609641456
54973391	0.000435599638020299
54974290	0.000276922850861802
54975020	0.00242444107458066
54978160	0.000562014247897127
54979181	0.00216862173827549
54980770	0.00173599588647374
54981760	0.000375879238160516
54984950	0.000486891620156732
54985101	0.00501913488370465
54988510	0.000369241738733822
54988780	0.000356135757676153
54989770	0.00146156253556866
54990911	0.000919965892003599
54991441	0.000594432611902501
54995051	0.000341237359731265
54995550	0.000592755313383428
54997090	0.000969937143793786
54997791	0.00108156996417033
55010771	0.000535787165930856
55011010	0.000419354313611048
55015721	0.039583862760269
55020800	0.000393617395296754
55023390	0.000832674396495067
55030891	0.00548912640163878
55033360	0.000439399608419715
55036080	0.166603280111068
55043140	0.00611736041185613
55053320	0.0879164525074165
55060841	0.0016086676765169
55061501	0.000329704198122623
55072770	0.00222001825876114
55073060	0.000735347853766169
55074000	0.000522030726033941
55075420	0.000517317008170654
55077231	0.0474669112317219
55078010	0.000381656191136288
55078061	0.00570057314174587
55078440	0.000648769218458446
55081760	0.0209326368404651
55083940	0.00416814768961801
55084490	0.00203941543610403
55084671	0.0015102419372547
55089460	0.000778940803915243
55091390	0.000657482031894956
55093921	0.00509697746568184
55096421	0.0143830822532831
55099711	0.000365183016436819
55101630	0.00267023876417485
55103250	0.00202782307676486
55104261	0.000701970439046608
55104790	0.000809850661297175
55107711	0.0010092224422637
55107820	0.0116145185402858
55108001	0.00831265888271732
55108630	0.00117445354994638
55108640	0.00186371237068475
55108971	0.00965391492647971
55109350	0.0212483835947707
55109511	0.000357252577197331
55109651	0.00682169715109768
55112520	0.000257518381190368
55115140	0.00151953512605369
55119120	0.000645129378406261
55119861	0.000308300624592802
55120240	0.00222550194322527
55121610	0.000415301479431268
55123960	0.0030386201642798
55124070	0.00639127292177657
55125200	0.000895677050301974
55134471	0.000380658886588411
55134871	0.00180064832419687
55136480	0.0601480849735328
55137651	0.000393287745488718
55138211	0.383996443018758
55138410	0.0272351340413921
55138461	0.000419000552815613
55139260	0.00683569140336055
55141911	0.000787406117051862
55145460	0.00127513666746943
55147021	0.000497452915804651
55148240	0.0722496451059111
55148811	0.00353855189398082
55149190	0.000462231513352441
55151130	0.0025997105375046
55151701	0.000671223672872578
55155250	0.00181265264724587
55155370	0.000288616021353419
55157060	0.00610931019406026
55157371	0.00354179297340101
55160910	0.0110420863992001
55162181	0.000590591178015878
55164100	0.0102540537606364
55164770	0.000516529490781388
55167390	0.330267716714832
55170321	0.00241115877731107
55179800	0.000281902814314355
55180111	0.000238638179993324
55180681	0.0142107022681939
55181060	0.0471078902785353
55184381	0.0730663358640738
55185870	0.000523344122792521
55186000	0.0549757694475322
55187031	0.0021862997492283
55191260	0.00120302095392958
55192500	0.000573400577687944
55193921	0.000998353486685095
55194471	0.00150910469092401
55194550	0.000341058784963288
55196521	0.00164518389145212
55202891	0.000790495675325321
55206440	0.00325316724774602
55207711	0.00745009395714523
55211281	0.0103737140520311
55215711	0.000880562386949059
55217761	0.00175193323075044
55225860	0.00356480838300611
55228620	0.026407031687777
55231561	0.000426143483560534
55234260	0.0150529835443508
55236470	0.00217938358253598
55240370	0.00131733887279892
55240630	0.0105941856141882
55242270	0.00187602329060271
55247961	0.001227501540046
55248220	0.000499836774723241
55249300	0.000386095540474857
55257201	0.00206806133822316
55257911	0.0011202637133743
55259940	0.000456095967053711
55261221	0.00304530886505366
55262171	0.000402787726554016
55262871	0.000389406891166132
55262970	0.0209612496626808
55262990	0.000263791415752078
55264740	0.00107947076706738
55265030	0.000696153894953041
55265460	0.0017239322413959
55265481	0.00111885812482146
55265860	0.000406859725097159
55268460	0.00126628886522708
55268490	0.0015402469229144
55271660	0.000793502829946222
55277201	0.0468508317271901
55277450	0.0789264310214825
55278850	0.118327979812854
55283421	0.000240965168835221
55285761	0.0127465679936881
55285870	0.00511925254904814
55285901	0.00773133195691358
55286290	0.000475168098082609
55289590	0.00220467251590877
55291131	0.0353786680049469
55292261	0.000737343079367643
55298950	0.000451587199622396
55300090	0.000601156290169299
55302280	0.000484264773044701
55305891	0.00890622643987604
55307260	0.000405287570364408
55307940	0.000556557419939646
55307961	0.000761189892806267
55309310	0.0028295860553489
55309631	0.019208394978419
55312320	0.00319543167442322
55313330	0.00026310720662453
55314171	0.00776107664102161
55314700	0.000656159495627721
55315800	0.000486219790462457
55317481	0.000740859757190527
55318721	0.000390406332765543
55319660	0.00365855199717258
55320490	0.00170539599520091
55321980	0.000756471207646252
55322041	0.00206092570489896
55325020	0.000711676826403688
55326130	0.00647949234701896
55326171	0.000606375333791333
55326731	0.00304839258207267
55326851	0.00289300564303837
55327110	0.00171411461276549
55327370	0.0366454123030846
55329580	0.000882628593104977
55329611	0.00064408724876165
55331421	0.00224198125289986
55331971	0.000390151054111487
55332921	0.450300707899588
55333180	0.000872360632773481
55333211	0.000438358814170226
55334461	0.000360329753132166
55335981	0.0113100344909089
55337211	0.00076170937055502
55339670	0.000730463520190465
55339971	0.00168776886696158
55340210	0.00248950056647598
55340730	0.00104134090838031
55341290	0.000405554802721363
55341300	0.00157975439799416
55342250	0.000654100994523108
55342840	0.37824438905228
55345030	0.000575714442684331
55346830	0.00153378851545882
55349140	0.0207857937438049
55349221	0.000609308556475495
55351281	0.000261972426917368
55353840	0.00866294990533828
55353850	0.000576070459053642
55354400	0.00165853353270752
55356450	0.0264717160725729
55361331	0.000294971603183107
55362110	0.0092058276369427
55363951	0.0334180953579105
55364941	0.00228266402715317
55366000	0.00267620739394442
55366110	0.0141349618813821
55367380	0.00640771336401654
55367691	0.00966090997727357
55367951	0.00197116057511971
55368330	0.00121611823873671
55370700	0.000443190543022104
55371490	0.00818295339928258
55371500	0.000532659046620741
55372781	0.000369084391605777
55373061	0.000640223187072541
55375780	0.000521018843798737
55377710	0.00328482659615635
55379900	0.0271573708020061
55380231	0.000230859096008587
55381071	0.000637736126059777
55381710	0.00147863052471451
55384091	0.000446936530715474
55385720	0.00312899664474688
55387001	0.0443100321054469
55388081	0.00453161398783404
55392590	0.000284976958563974
55396050	0.00858869884616902
55397901	0.0180399686725647
55399660	0.0180005772732455
55404050	0.0063240099086926
55405040	0.0250514147248553
55408890	0.000482164670680171
55410930	0.00462632761669692
55412890	0.000877954227395082
55424511	0.00582876567343208
55425891	0.000610078040267058
55435500	0.000689495387123383
55442441	0.000357760330651265
55443630	0.000616589964507379
55447490	0.0030401699602319
55454390	0.169976815155041
55455890	0.0144815298453851
55456860	0.00285793695453124
55468580	0.00218541087543921
55469601	0.00274965554616846
55478130	0.109916242303748
55488791	0.000770341241723376
55489280	0.00348161959811078
55496361	0.000798847300575226
55503370	0.0240711905489298
55512771	0.000456966076353247
55516071	0.0042518303236656
55517020	0.00109891362592536
55525181	0.000832227089067797
55537061	0.0191071504973499
55544781	0.0200445101431637
55545280	0.000970830524829241
55549601	0.000631751051634122
55566810	0.000961849116736767
55572491	0.0116783732225091
55572980	0.0121769065733294
55574250	0.000971989583154616
55574530	0.0053870744149417
55591640	0.00241249945341889
55605171	0.000719540607590421
55619350	0.000313432299879871
55620420	0.101277498801385
55625810	0.000311929610311428
55640990	0.000404549621242418
55641700	0.000497773098895792
55644280	0.00339337492247036
55646110	0.000520304980409595
55652211	0.00050846701787548
55657700	0.0185622051138473
55658681	0.00197492155704136
55672140	0.000552070792890755
55678490	0.000694941397362493
55685021	0.000798928272678458
55688341	0.000479865607001242
55690070	0.00126566138472359
55690261	0.000511824678333089
55696300	0.00118334895633387
55709011	0.000789562909766329
55709721	0.00205875724728556
55711480	0.00126148103991088
55711931	0.000708115911960932
55712201	0.0419581231166702
55712621	0.0047918189673818
55714210	0.000949425563239145
55718920	0.000480300792226308
55738930	0.000371732671988439
55742811	0.0133725184287312
55743320	0.000599397093243541
55751641	0.0306419114158824
55766251	0.000290795984225249
55782931	0.00165992020578059
55796051	0.000475003296773886
55801930	0.0011490586743734
55806480	0.138251049953775
55819631	0.00759548178225994
55834500	0.000510272467481061
55841851	0.00191039876028657
55842740	0.00213427474456045
55849230	0.00211393516104188
55857011	0.0024406846577044
55857421	0.00501869674616922
55863570	0.000417212520243115
55867501	0.0106238941648388
55868260	0.000474363221421102
55868410	0.00524580003061449
55868560	0.00288284153316664
55868980	0.000651860800761426
55870101	0.000456526232187452
55870360	0.00125724307870044
55872290	0.0011328777734191
55894121	0.0290970013051522
55900731	0.000770118389189736
55916721	0.00034156631583426
55918600	0.00059268830079286
55937360	0.000652825536481611
55940301	0.0465696495508928
55959150	0.000426963626308202
55966651	0.00283337122845595
55970251	0.000294252318837728
55977640	0.000451069739628301
55982060	0.00237819518003323
55986781	0.000480541418974773
55992930	0.000736313343522623
55993230	0.00046717742415295
55995840	0.00452001457162469
56001541	0.000471843169632146
56010060	0.00297561125159756
56013650	0.000816974702286287
56013821	0.000531738247485479
56019290	0.000764987974619067
56021920	0.0551926053069265
56024970	0.00308556387457388
56027430	0.000631257772710373
56038310	0.00926224184197321
56038641	0.000290387405330726
56039150	0.064675125484405
56044561	0.00111825108419769
56045490	0.000639094200664279
56046091	0.000643287508698642
56048311	0.00465552686694923
56049070	0.0407700014520061
56049380	0.000630368268978987
56051990	0.004026218245334
56053620	0.0997232339072696
56055751	0.00624745054646665
56056861	0.0168127102912227
56063960	0.000293417186725526
56063980	0.0209224581781394
56064431	0.000615434788735995
56068130	0.0082324853352878
56069111	0.000316780018617694
56071041	0.000442333626492692
56071130	0.000471527940248461
56071591	0.000289513751068195
56072161	0.000282208262137353
56074330	0.000767270807451016
56074440	0.000306412520845876
56076581	0.000358789791915244
56079201	0.010019545293064
56081780	0.00887493855720395
56081890	0.00154438202008642
56083451	0.0012664414052994
56083591	0.000385705043025186
56086200	0.00595931233099849
56088701	0.00201421723263176
56090160	0.000800322306194418
56090511	0.000673229662280532
56090880	0.00149372291286879
56093401	0.00859970491981045
56096110	0.000985541700591663
56097681	0.000387898242677856
56099871	0.062310039168926
56101890	0.000253445666836949
56102781	0.000864657481781429
56103041	0.000326985060884604
56103410	0.00496311959111392
56104100	0.000518964009462009
56104151	0.000851086491574159
56104370	0.000383251620373691
56107680	0.000383358506148497
56110730	0.000760864382549243
56112500	0.00174026843433049
56115871	0.00222196425910337
56116431	0.00082164399274357
56119680	0.0119789634956381
56122580	0.0387648909079547
56123331	0.253583025789205
56124981	0.0225489603111509
56126740	0.000689121517296303
56128831	0.00246088198685259
56129750	0.00899525721184226
56132130	0.00583158290599075
56133200	0.000758739189684674
56134091	0.00239844583257236
56134740	0.000665654087618743
56135300	0.000752090094772979
56139980	0.557195797448661
56145101	0.0170564263116372
56145521	0.0176658326451646
56146221	0.0342752999923667
56148841	0.00124532228490514
56149050	0.000396782679765286
56149340	0.00028113256474931
56150361	0.000445666150260122
56153480	0.000681738326150619
56158170	0.0225351569780275
56158850	0.00175992740415858
56160400	0.000731096062541389
56161101	0.00497102342774548
56161661	0.00159427768709099
56162700	0.00130608027289217
56163970	0.00382467059970026
56164151	0.000352779550686931
56167461	0.0040128794132041
56176090	0.00922637062401655
56178501	0.000385474149547627
56180630	0.000680830162170102
56181251	0.000420735847490052
56182310	0.00114221724342966
56183540	0.01168151016277
56190560	0.00528908961688946
56191301	0.000754925141268753
56193500	0.00137988734133819
56196691	0.0018621121434499
56198600	0.0217436948572905
56199840	0.110613041757961
56202710	0.00818141157567136
56202751	0.0020614940200136
56204220	0.000330955140624041
56205080	0.0165788666585353
56205340	0.000546596775639029
56206331	0.000476815348006955
56207410	0.00173539245168838
56207660	0.00645237332231022
56215670	0.00955508898200272
56215711	0.00872916530023065
56216920	0.000263395586513392
56218331	0.0015789252857708
56218860	0.00116080183077142
56218870	0.0074457351439622
56220900	0.00123103267396537
56223000	0.000769988671778654
56223021	0.00177054690383442
56224530	0.000909094513111602
56227301	0.000892288515796914
56231181	0.00111934193709585
56233220	0.00123199138195628
56234600	0.00109583140259074
56241340	0.00117491141878268
56242710	0.00082875021131662
56243451	0.000485919997690589
56247031	0.0119656088522263
56248541	0.00575204636754355
56252930	0.00186846557418978
56253320	0.00345628771959402
56255571	0.0218682981838679
56260240	0.00205236147634399
56260531	0.000957925958802432
56260561	0.0176111292493441
56260951	0.000463180296010226
56264350	0.0195591970446795
56265231	0.011729113734425
56266030	0.000344746981720222
56269511	0.000645806331956603
56270351	0.0032709153584204
56270850	0.00485245921285837
56271100	0.00337808432087992
56274741	0.00163702874179948
56277200	0.00127417652968979
56283810	0.0356294805192505
56285460	0.00285496382769916
56289791	0.00880980474940007
56295021	0.00100837197051949
56299161	0.00443691374077908
56299270	0.0022395014383784
56299830	0.00494702922291514
56300811	0.000288943561250456
56301350	0.000660480423252923
56303451	0.00316571179062694
56304350	0.00111232187838165
56306970	0.00121016268983209
56306980	0.000457781329325387
56309590	0.00355914933856674
56310300	0.000443336671205247
56314140	0.00102159893334453
56315260	0.000619461863147081
56315571	0.0947642796278832
56320750	0.000581018913427471
56321760	0.102846964614906
56322130	0.0175235982932558
56323701	0.247679308647334
56329320	0.00341046746760378
56333371	0.000577134048988123
56335291	0.000600529824121403
56338461	0.0138523374786307
56342331	0.000544343856494641
56342560	0.0042964197427867
56342611	0.00217567951044681
56346150	0.000699783350359668
56347530	0.000567413675977688
56349330	0.190827032156419
56350471	0.00213034046845889
56351141	0.000598431116213709
56356541	0.000708699312043171
56365040	0.0057890166369119
56371940	0.000523617701083671
56374601	0.00248646858307314
56378300	0.00853558295252356
56390331	0.00171966774746139
56400780	0.015858465789709
56405850	0.000584267086896681
56410950	0.000576297257788725
56417300	0.00147536352456238
56417710	0.000742464672207271
56418430	0.532468172832259
56423100	0.0102533631570584
56425361	0.0854867524596248
56429491	0.0886551314894753
56429860	0.00424331646681462
56432381	0.00138520622031755
56433081	0.000455740083048953
56435011	0.00401095817418507
56435131	0.00092090478156716
56435770	0.000421448821455094
56436941	0.00174152685485354
56439431	0.00131246094352166
56441911	0.00124626898029433
56444261	0.000785109336792539
56445720	0.000410976816614283
56449221	0.00932226785360671
56457631	0.0528069639745782
56458390	0.000462679178706505
56459950	0.00589441980813428
56460381	0.00113034844541318
56461361	0.000564821923393014
56464661	0.00119472737349157
56466130	0.0185481440094989
56467100	0.00497797112902736
56472910	0.00068278806716154
56474570	0.000560595745501691
56475360	0.000256756356179494
56476791	0.000897899443491856
56477030	0.00134241358022989
56477320	0.00570101655217777
56477450	0.000643810616054557
56478041	0.00174777278951467
56482181	0.00227159580919005
56482980	0.110991667521809
56483431	0.0154151161907851
56484750	0.00177419195674919
56488391	0.0321702067104704
56488750	0.00296998891353379
56491110	0.000723732332271639
56492070	0.0182724769882297
56492180	0.0285425218705646
56492740	0.0337611932336742
56493580	0.00449711697803028
56494321	0.000206098578387067
56495940	0.000376455945443183
56498980	0.00482487686140468
56500661	0.0197874905489947
56507011	0.0015908295062403
56508180	0.00377610957399944
56510311	0.0634316985819679
56513331	0.000619705067980132
56521600	0.0324440242520391
56522181	0.153380301534253
56525600	0.000432857106303312
56526660	0.0027762514788107
56527070	0.0121323651693656
56530700	0.000306083128265692
56532620	0.000831321510560275
56535100	0.000422956084828127
56535411	0.00116214842994237
56536890	0.022370502312999
56538041	0.00329239096676745
56538270	0.00136089288584332
56543940	0.00140678182865074
56545590	0.000403679598385539
56546171	0.000350008097218141
56547620	0.000527657588634494
56550291	0.00101875036887702
56556101	0.000434954766356125
56556870	0.0467006516743325
56556880	0.000443940793366364
56557030	0.000364247462769408
56559421	0.000878305092156145
56562031	0.000324717497786668
56563281	0.063607609842817
56564330	0.000388775247778257
56565211	0.000558364982051762
56566571	0.000529412076627455
56567360	0.00110552096888379
56570390	0.011955972874775
56574560	0.00455902337861527
56577020	0.00232837830305055
56577030	0.000472700806487327
56582140	0.000729997759488417
56583650	0.000299876769347877
56590701	0.00967746751544263
56594660	0.0603974347544691
56595401	0.00969762489978608
56598991	0.000441220397984401
56600590	0.0612127903672923
56601000	0.0131884991205971
56601741	0.0056597682352475
56602250	0.000450092679598816
56607111	0.000341077003499182
56608880	0.00675561160905423
56609201	0.00287984614610142
56615220	0.000863413175439802
56620580	0.0846334061667158
56629410	0.000501309438953276
56629461	0.00196658422883669
56629980	0.137222880297081
56634950	0.00103917154992461
56640330	0.0709764054368113
56643360	0.0936487635048699
56644440	0.0178988866999024
56645410	0.00043210747477879
56645540	0.000752958922650113
56647210	0.000762012551796302
56649420	0.00667805572419792
56651360	0.0133388671092046
56652231	0.000538285420442577
56654370	0.0210165722940528
56655080	0.0302394946078253
56655100	0.000898613977030895
56655121	0.00038750402184587
56655131	0.00663150066776523
56660720	0.0040674580058798
56661741	0.00108477830290587
56663200	0.0243808632453364
56663230	0.00187297506651143
56664440	0.0321123471999781
56669871	0.0002890065080956
56670301	0.000901291372976521
56672480	0.000225660116192224
56672990	0.000849512958183829
56673061	0.00142281670362823
56673461	0.00111638193317965
56674680	0.0012985758000656
56677400	0.0187760541624323
56677611	0.0114036735905684
56677680	0.160577057859059
56683951	0.000402254576860298
56684200	0.00733983876394235
56689560	0.00345449475522434
56699050	0.000752227414716761
56700231	0.0080875310671588
56700351	0.000670772192840959
56701850	0.0103705659450719
56702291	0.000620192939943515
56704450	0.00808014483291529
56705061	0.0122381934022708
56705550	0.00368038559466162
56705611	0.00192579961500435
56705881	0.005619332686692
56707111	0.112196506360762
56708060	0.000483113409111477
56712091	0.00231534386720167
56713041	0.000385442961814354
56713611	0.056282910180492
56714390	0.000977122820875769
56715080	0.00779018569926079
56716470	0.183615623551965
56717611	0.00585033834234742
56720020	0.00688831306298549
56721311	0.000424654377880075
56722510	0.000490024052523926
56726151	0.00218170085321706
56726680	0.000539168627384459
56727090	0.000899686227952495
56727350	0.000331691574508309
56729871	0.0237115597830467
56731381	0.00268037672503792
56731511	0.000419961119363572
56733120	0.000628219349740305
56733950	0.000251077931798061
56735401	0.196748091034416
56736170	0.027164239635121
56744440	0.00961092799044986
56746790	0.000419522604968368
56746910	0.00862907205003441
56747750	0.00886325541656482
56748621	0.000476762576351121
56750100	0.000484124844694842
56750691	0.000386244404465587
56753041	0.000655428514774527
56754220	0.0014865369393761
56755880	0.000333010349130166
56756600	0.000899669491988088
56758250	0.00128988437421705
56758691	0.356483815462118
56760700	0.000268927104296376
56764341	0.00160122911427025
56767360	0.00116780206312757
56768221	0.00599959737998633
56768351	0.000407836105825252
56768730	0.00127383412990825
56769410	0.000432197133940388
56770220	0.020129615269312
56773820	0.000344892536159908
56776320	0.00251915263102765
56778681	0.0155663498260319
56781560	0.000463081447377084
56782490	0.0259808483584193
56783251	0.000693003072060018
56784310	0.317740319462879
56785021	0.00232227315379132
56792901	0.0031123747110503
56798520	0.00162066817770034
56798530	0.000290615210558739
56801840	0.000387940355302761
56801871	0.000771558602653706
56803511	0.00679919232902239
56806520	0.00163167413735352
56810250	0.000636625080869213
56810510	0.000847913983804454
56812710	0.0103014825600245
56824061	0.000391801800300215
56828881	0.00131855173317338
56829161	0.00416330822714006
56830650	0.000360939817308054
56834121	0.0795799660738721
56838951	0.00392803579885445
56839911	0.00021990426247035
56841991	0.00775366595243687
56843070	0.0165599735629523
56844450	0.000657194705932376
56845960	0.000766871595145467
56845970	0.000308809292374319
56850831	0.00522116156518251
56853010	0.00173257094559353
56853280	0.0240278122400015
56856051	0.00717667522720085
56857151	0.000851911021499004
56859900	0.0312659426940266
56860140	0.000308949471166897
56860751	0.358990798264819
56862930	0.0280261932591466
56863860	0.000792215193214561
56867880	0.00719180269403662
56869240	0.000577375803615685
56869451	0.00149332051004287
56870790	0.00200746760355098
56871490	0.00928747665033028
56872891	0.010063787515641
56874660	0.00424313715374759
56877950	0.000905834195139422
56882890	0.0184301017296046
56884990	0.059138963374412
56886360	0.000649226038001549
56895511	0.0461611066872831
56896061	0.000817186128526649
56897550	0.000361448829120583
56899880	0.206998236623525
56900850	0.000442793752458229
56901021	0.000565790354429792
56902671	0.000366421934663391
56902801	0.0441168452954698
56905830	0.00350721512956615
56906261	0.00148959353305949
56909721	0.000759569281095939
56916010	0.000511932578572039
56916020	0.000726738254675711
56918060	0.00213092014149721
56919221	0.0010729397595934
56920270	0.00256431898470445
56921270	0.00405956509001469
56923760	0.000693038962754276
56924170	0.00558848501117577
56930510	0.000950915444554562
56935030	0.121377017245457
56937260	0.00211878262834904
56941780	0.000325474645072849
56941800	0.00100962193601492
56942391	0.0118824610523238
56943221	0.0213739139454994
56944690	0.00402311298828222
56947320	0.000564571758368258
56948471	0.00254986517088337
56950391	0.00143398495195683
56952881	0.00118211264564409
56954900	0.00452276920400317
56955211	0.000480871814884817
56955480	0.00210699489811049
56957981	0.000505923003126643
56971440	0.384253162204568
56971590	0.000364588950875838
56972731	0.00334033704385714
56974661	0.000475714611125847
56978340	0.00089714718695369
56979310	0.00592002567014156
56979880	0.0149114323110844
56980820	0.000577171298062708
56981940	0.000890647106211082
56982480	0.0013588107160835
56984171	0.0154997068652091
56986661	0.0114175295033512
56987071	0.00327517716727042
56987990	0.000317780040589422
56988031	0.00442331446786835
56990220	0.00107737579125385
56991160	0.00233358754215973
56991720	0.0504796053353727
56991901	0.00166902798968087
56995351	0.0129653031051337
56995740	0.0118383573558564
56995980	0.000422142292559024
56997011	0.00104786275323452
56997110	0.00217462648298331
57000830	0.000847310165405787
57001940	0.00063262196890101
57002951	0.0155411310708819
57004051	0.00118898473709635
57006890	0.000476922619181952
57007921	0.0009840638454748
57015300	0.0249237120097959
57018050	0.107471283552141
57020290	0.00154652553337517
57029790	0.00592887373631449
57030630	0.000444974310977915
57033530	0.0025596062055117
57033821	0.000400800370354253
57035621	0.0163220655035048
57046740	0.00298717154295035
57051611	0.000516473447247985
57053291	0.000602505454424201
57054781	0.00276312423378751
57056191	0.00870788334036105
57056430	0.000414230499273698
57057691	0.00035743088151076
57065431	0.000264127157113177
57065660	0.000583111731431613
57065910	0.000995007336390765
57066180	0.000616456084010461
57066320	0.000615773399559117
57067481	0.00143921119226991
57067600	0.00043261416461471
57069981	0.00406485584469852
57071860	0.000508337710361043
57076960	0.00090304661360733
57076980	0.0120552695949401
57076991	0.00415887321720939
57078241	0.000262712037102018
57079710	0.000447269700917661
57083730	0.000653891814163531
57087061	0.0009474458861382
57088031	0.0285088181271014
57091030	0.00146337345600097
57091341	0.0030020555436468
57092410	0.00324788508250388
57094231	0.00148959012986398
57097701	0.02683542956298
57098070	0.000304637062401535
57102791	0.000700948470677039
57105390	0.00281783029839633
57106241	0.00049702986608696
57107010	0.000317355058128245
57108031	0.00233193006713794
57110200	0.000371087597347036
57113770	0.000442271189136527
57117831	0.00708227301486841
57121620	0.000399942227276497
57122911	0.000364843737128085
57124021	0.000531418148496915
57131071	0.0197237860490039
57133141	0.000831801050742396
57133930	0.000492991160442706
57134590	0.00290484568330816
57135180	0.000429688833503058
57140161	0.00032301320413714
57141411	0.000307638331201101
57141671	0.00110750434705812
57142620	0.000809079202046471
57148841	0.496830469500429
57151980	0.000605088042497487
57158501	0.018191656280106
57161100	0.00129026105295279
57171211	0.000334548778640852
57173411	0.0502219226994241
57176161	0.000949371586770247
57177801	0.00337698081840897
57178371	0.025234296834376
57178580	0.00173574788084818
57179420	0.0762227769292276
57180451	0.00117099730960193
57180810	0.000217973083783195
57181350	0.00712829777376351
57181360	0.0163662837349575
57186381	0.000434489044474162
57187211	0.0042591230613481
57187611	0.000344496757116766
57189620	0.000669140481295272
57190651	0.00155016572473205
57190900	0.00289070179056186
57195461	0.0028301583900398
57197350	0.000287573558169709
57203560	0.0011757788092592
57204281	0.0743905694801923
57207871	0.00424150915486131
57209790	0.124071502247065
57210211	0.000296152989013486
57210450	0.00393407078057367
57211570	0.00659732534024494
57212161	0.000370722538740029
57213220	0.254230698272121
57214781	0.00114513066272631
57217401	0.000846643811004807
57218200	0.000506962203648822
57223270	0.000558070429853057
57223720	0.000360295693499876
57226081	0.000231773634934202
57226850	0.0454321116402218
57228950	0.120124945975447
57229251	0.000243628655330014
57230101	0.000293147771888969
57231010	0.468891403589866
57231201	0.0013369202993898
57231560	0.000364742451887106
57232431	0.000274492142282539
57234990	0.0286379978404259
57239611	0.00107947351140667
57239700	0.00226890965409138
57240680	0.00287261362602421
57241070	0.00197818833673856
57244410	0.119146876543397
57245370	0.000406508617091621
57249910	0.000616086763113234
57251140	0.00194257345995656
57256991	0.0260828008322391
57258071	0.00608478343448151
57258911	0.000400497569837934
57268011	0.0403987417260949
57268230	0.000966541325618366
57268701	0.00288123208351959
57270580	0.000534895961619831
57270720	0.000268915616554927
57272920	0.00335770567486871
57277200	0.000483103315492994
57278850	0.00164176273244062
57281090	0.000472358789580026
57282750	0.0120068348424031
57284660	0.000364233196715688
57286330	0.000338114158555071
57286921	0.00188634664615593
57288380	0.000915929754652332
57290050	0.00187647468963841
57292230	0.000786271114034174
57296841	0.000539929570489263
57297480	0.00265023681332232
57298020	0.00933834106760496
57303451	0.00994593657253759
57305111	0.00903558268606949
57305391	0.00553760355001474
57307810	0.000724630150691785
57314880	0.0300177518465274
57316151	0.00401928440854928
57320141	0.0254576408002
57321490	0.000462157130676694
57323560	0.0504978016179642
57323820	0.0107408426003
57323850	0.000866080119702893
57324500	0.000384379584225198
57325630	0.00148228886834874
57327270	0.00435136836994653
57330150	0.000471708240231908
57330590	0.000384536981715901
57335321	0.00153340865396431
57336640	0.0143284806305588
57337661	0.00034398518262745
57339181	0.0426070622918596
57342430	0.00329552384414978
57342440	0.211809956987838
57343010	0.000448691906701783
57349531	0.000417192144279336
57353760	0.000362014624669202
57355270	0.00105315675683584
57358730	0.00416208980122573
57360401	0.0253822256889176
57361791	0.000447095735284654
57363051	0.000343114853367996
57365620	0.000482486111424101
57371400	0.000605440491146923
57373641	0.0151147617123369
57373750	0.000333351255511749
57374320	0.0130726649864898
57385801	0.0371219879734801
57388831	0.0924329891442766
57388940	0.00356216042659691
57389180	0.000591399499304101
57397750	0.000865639188879948
57403940	0.000958114488056529
57430980	0.000959416053508428
57444691	0.000411364040870767
57453781	0.000494368497600401
57468681	0.00892575765298421
57469720	0.000448998022604023
57470550	0.0653546753480246
57470700	0.000553907464600099
57470751	0.000400445267841483
57473320	0.00838953005441374
57474550	0.0658258684393297
57474700	0.000760560767060932
57475280	0.155062192872468
57479270	0.00128559287547788
57480681	0.000766472782210857
57481340	0.0534698845324761
57483140	0.0092189974049976
57484210	0.00049974593202659
57486201	0.000685217508920466
57488001	0.00173632090737032
57490570	0.000337713573548483
57492001	0.260486130608679
57494130	0.000339387570517666
57494280	0.000257120038410255
57495660	0.0445944852341478
57503441	0.00184625197295164
57510481	0.00227646483114525
57512100	0.000774447426404555
57513600	0.000506848891542363
57514061	0.00589184345085594
57515011	0.000464204172176681
57515690	0.010619226474027
57519680	0.00796644521655357
57519800	0.000554803407003206
57519841	0.000396193977876581
57520671	0.00378738934825754
57520811	0.00110821134587459
57525101	0.000424381798431115
57527370	0.000334975031510597
57528490	0.00572206535933491
57528770	0.00126712320447144
57532801	0.000339541859641419
57534560	0.000444215581722165
57537890	0.0126749849525362
57542430	0.112514934945181
57543090	0.00486445527514505
57545071	0.00136631914002258
57548931	0.0298582978358452
57551400	0.000676521411406028
57553170	0.00481820702899968
57558311	0.329933810813101
57559370	0.0130098437435834
57561211	0.00723465013123346
57566741	0.00545470582255287
57569310	0.00175905522845053
57570031	0.00188574709239615
57571100	0.00148300734025347
57571230	0.00130886530719821
57574171	0.000620391632007474
57577911	0.251304514480958
57578311	0.000374203603453637
57579950	0.000375580932606654
57580780	0.00712005502107627
57581901	0.00909146284890846
57583100	0.00188421898249425
57587680	0.000817542640096158
57588630	0.000953691931701195
57592190	0.0184815791948557
57596801	0.000457732879303764
57597180	0.00825640993831701
57597570	0.0235321073117983
57601190	0.000285618609176847
57603841	0.000602972727124919
57607930	0.000555079295190293
57608780	0.000256588337213252
57609211	0.0112531385801416
57609361	0.000569279808594802
57610331	0.135249490756137
57613450	0.000288043005790768
57614581	0.000453130492787709
57615821	0.00868176316051844
57616080	0.000916752991250439
57617840	0.000263875437096635
57619670	0.000686940150311332
57622280	0.0155597311300887
57628210	0.000530463237788747
57632651	0.000710126841478841
57633771	0.000460026150949555
57640360	0.0259088327753153
57641160	0.000541953215731512
57642601	0.0169451467317355
57647250	0.0026633677760895
57650420	0.00288267652468064
57652320	0.000455678017809115
57652781	0.0153377508255814
57654741	0.00174284961115346
57656251	0.000732191948438091
57658670	0.000920038284112439
57659910	0.00177290562866122
57660791	0.00108333129961685
57664231	0.0150537094104143
57665061	0.0127573566693473
57666581	0.00378939480149522
57667500	0.000375438966806999
57667640	0.000689828007353103
57668391	0.000207540510171207
57669560	0.000802630588797727
57670851	0.000432538747045051
57672190	0.000413505421496302
57672641	0.000706588818120424
57675360	0.000957582861760404
57676900	0.00193497652041528
57681201	0.116989679371736
57683910	0.000660225106305265
57685471	0.0013655130866173
57688210	0.0013018664312402
57689300	0.0030024643211612
57689491	0.0439127562637506
57689891	0.00144128637001967
57695811	0.0584565604596612
57697150	0.0267268427623178
57698571	0.000543972086022575
57702800	0.000142481208431425
57704330	0.000302595386604671
57705341	0.000433812741056622
57705980	0.00163581578231069
57708870	0.00035596768435646
57710660	0.000384366706032178
57714400	0.000446426463785008
57716501	0.0180155519835785
57718000	0.010912853881872
57719271	0.000329602689870005
57720900	0.00232753001834815
57721741	0.00098423234687835
57723910	0.00183673422895068
57724111	0.000560651323266041
57725420	0.00184899874761642
57727831	0.0179072883949641
57728241	0.000928985048690937
57728590	0.00184606701292204
57729970	0.000629091920025482
57732610	0.111954134032599
57733160	0.0234400828976071
57733840	0.0129681163957382
57735480	0.000440118474450216
57737430	0.0256429473983412
57739640	0.000737184031662536
57741601	0.000552617047616888
57742041	0.0080442535892156
57746520	0.00207001106529946
57747001	0.000314492067040409
57752600	0.000781570808016977
57753830	0.0718498009243001
57758250	0.0646359456917661
57760170	0.0622760971104543
57763080	0.00084097261212878
57764870	0.0899491915680159
57770151	0.013794930410045
57771660	0.000423271429150582
57771760	0.00167019200962422
57773430	0.000362669499592085
57774571	0.0494221847980254
57775671	0.000397441831755327
57778680	0.154019722453064
57782960	0.000684277227430598
57784580	0.000704115526930769
57788170	0.00124457882995044
57793270	0.00314925830267273
57794260	0.000344528414026545
57798370	0.00286246644072201
57799001	0.00856055004692688
57802950	0.00234074909343477
57804771	0.000461399298388087
57805871	0.0024655226928415
57809710	0.000416833964170995
57809871	0.023032172002081
57810680	0.000437807406851795
57812040	0.00507419099184553
57813410	0.00224534151000848
57818390	0.000512779331840451
57818530	0.0102712208783824
57818721	0.000675112674175319
57819251	0.000819315628559889
57819760	0.000578656694570932
57820340	0.313730836452082
57823650	0.000795030458281659
57824990	0.000718256800769859
57828231	0.000292543553913666
57828361	0.00314776169148607
57829280	0.000293078730421206
57831801	0.000377210358613737
57835780	0.39874762328286
57838390	0.0540832406276824
57842530	0.000286525240420198
57842561	0.0607142070609949
57847500	0.000386638500870563
57848180	0.0194261159084522
57849000	0.00221923334251088
57849680	0.000424872027996649
57849751	0.000938090033057229
57849830	0.000872991131095625
57851350	0.00136807806753548
57851821	0.00123024233067335
57851880	0.00066517689698959
57852860	0.000810314618037455
57856880	0.00229147166626049
57858130	0.00260624416663076
57861560	0.000544489703448037
57869980	0.013902906789357
57870431	0.0424136669467267
57871060	0.0780200877036585
57874240	0.000457203331204737
57874421	0.00401490459544256
57882411	0.00233372142859691
57885130	0.000385753943832182
57885270	0.000375267951216436
57888300	0.0011080357558814
57895490	0.00118902350730242
57895801	0.000447881838614547
57896061	0.000613496909473737
57898400	0.00093968904295788
57901051	0.164086274527718
57901280	0.00404706614580557
57903661	0.000368700723911579
57905591	0.000962652013137142
57905810	0.00106544495492043
57910940	0.00152263560712289
57911261	0.000448381443232176
57922831	0.000446671428894371
57923220	0.000347317895536433
57923391	0.00440977719356989
57926011	0.000771134118952844
57928901	0.649511297725646
57931371	0.00981080905762279
57932730	0.000967255121537703
57932870	0.0411596938482526
57935251	0.0355914344725133
57936430	0.0010411000408659
57936870	0.000914056881024703
57941570	0.0016869887769103
57945731	0.000720689749010452
57946971	0.00226956320684819
57949031	0.000603054208183496
57949581	0.000485189611772894
57950281	0.000293787108736809
57952150	0.000398376171673739
57953741	0.00190178446213848
57953950	0.000292968838926784
57954981	0.000335731892373495
57955521	0.000313266005344627
57957830	0.163802049068032
57958380	0.00229262035387468
57962981	0.00166456187521086
57963870	0.00158470068094422
57966230	0.000449825380077016
57966770	0.00276755376815259
57968290	0.121823514734097
57968860	0.000396652930347825
57968911	0.00449806862829801
57973451	0.0393342280945113
57973980	0.000652253044819539
57974240	0.000317617555128958
57975590	0.00621171434394985
57978961	0.012304980416157
57980280	0.0533992112509789
57997171	0.00128125031812792
57998800	0.000978830339730844
57998831	0.000259191248894283
57999340	0.00131436981532105
58000860	0.320109912268926
58006421	0.000331504795066483
58008150	0.000474417612811805
58011320	0.00211734215027833
58069581	0.000399731400812039
58099870	0.0137913721627447
58099921	0.00075210659234145
58103580	0.0274638885903415
58103791	0.0277420935544525
58103850	0.000586180771931162
58105431	0.0756036891571359
58109721	0.00606791978635807
58112540	0.000666491740557811
58114350	0.000535411584951472
58115190	0.000733740859698528
58115740	0.00218127423885745
58116891	0.0179671023732221
58117400	0.00225417675640009
58118811	0.00147847268801199
58123761	0.000730507274523464
58124591	0.000452597902050644
58126681	0.00128423219006337
58127361	0.00247445434337654
58128331	0.00028628101827539
58132030	0.000484347848604129
58132160	0.00137804956880729
58136051	0.00220394491394602
58136321	0.000458421089862048
58143990	0.00152502419446964
58146780	0.000437128569930953
58147580	0.000296830255499308
58150910	0.0212961500016942
58154480	0.000354683693255997
58154740	0.00260826578160754
58160061	0.000765886472454928
58161660	0.000482493750999502
58163921	0.000367925264423784
58164980	0.000515151861066342
58165011	0.0705105735225347
58166401	0.00100624055825497
58166951	0.000643816125843917
58178220	0.000323773300959449
58182750	0.000276090696155953
58186780	0.000781279128657461
58191590	0.00287372723314012
58192150	0.00125113855263582
58192290	0.0121862128414114
58192540	0.000237449725968152
58200850	0.000666769798558352
58206241	0.00089024216783338
58208700	0.000377887078898626
58209360	0.000489002491693399
58209800	0.00857292978354885
58210630	0.000434956495037376
58210740	0.00157296104019068
58215170	0.000416712736149883
58215330	0.0403178188454893
58221670	0.000570131490870748
58221821	0.00145351721322248
58221961	0.00124411060590063
58222070	0.000411389405495606
58222350	0.000222211639279219
58223081	0.000806020219721976
58225151	0.0868513768715902
58226750	0.00031740470676637
58228390	0.00266779050244197
58228441	0.00108068406316462
58230180	0.0136468183217104
58230671	0.000752572284599501
58236970	0.000442481233387599
58240301	0.00274190257318159
58241390	0.00516602767247688
58243751	0.000485160089349854
58244010	0.312298749237962
58247450	0.11860863037847
58250101	0.00053723158605374
58252851	0.000604644125603313
58252960	0.00044878141414781
58254050	0.0011566923714222
58254460	0.00124171883258044
58257001	0.00055339282628171
58259180	0.000158578665487712
58265670	0.000435997744758045
58266730	0.00508433366776219
58268031	0.0137699203790603
58270190	0.0106175865442741
58270651	0.00039864953642446
58271751	0.0213971684761779
58273951	0.00183156134397772
58274101	0.000399857508319511
58274590	0.00209309729273582
58277520	0.000508444811834435
58284280	0.00767304758149479
58284810	0.0054263385566686
58284861	0.00117163462380667
58286381	0.000516232626076539
58286460	0.00539306095078107
58287290	0.000371005845680125
58289261	0.00424805491475918
58289650	0.00333941127164593
58310771	0.0204384643958714
58311590	0.000993949660925868
58312660	0.000395646719028781
58313380	0.000325814898458647
58314170	0.00581552114070409
58316981	0.000426532115290789
58322340	0.0270627527203765
58322361	0.00281467305978945
58325951	0.000404418433737088
58331830	0.000296740311222374
58332280	0.00312461434151901
58332581	0.0010366976905682
58339351	0.00127935112864726
58341090	0.000419199946175064
58347730	0.00600163539847087
58348140	0.02096328522711
58348670	0.000314398422815691
58349251	0.000383531304356204
58349961	0.00266799685385234
58353650	0.00230942771177339
58365910	0.000800815923072656
58370381	0.00139563878219247
58371191	0.00706451433621441
58371410	0.000383829411153599
58375310	0.00495599129017017
58376110	0.000517107166137568
58378231	0.000416808361166009
58379280	0.000388473282404479
58381220	0.00705996587919396
58384540	0.00168399332118658
58386190	0.000396570693519878
58391170	0.000519624936890762
58391840	0.00575366268201889
58397100	0.00902645616236963
58397661	0.000365633078731077
58399181	0.00106548919539184
58400680	0.0304086383264586
58401090	0.00198441528983545
58402921	0.0198083215336915
58408571	0.0116435072326991
58410990	0.00085616357895739
58415560	0.00178263654779981
58417961	0.000342919167311149
58418030	0.000549942510534939
58420691	0.000600348147837392
58420701	0.000387713055738498
58420711	0.000848956950527305
58422060	0.000538366691048059
58424991	0.00232584199549105
58426511	0.000333256744018038
58426570	0.000413768547043219
58426651	0.00397563500876565
58435130	0.00112795745305517
58438501	0.000492299875918654
58438730	0.272046414911786
58440161	0.000706303287999689
58443580	0.00132838441123485
58444090	0.0335070287649583
58445880	0.00294905268571828
58447710	0.0549144263701123
58453391	0.000582969526918216
58453480	0.0127382743333514
58458020	0.0800519449057038
58458631	0.000416412563754828
58463570	0.000183269857247204
58466911	0.000534024587857288
58467560	0.00149290152897997
58467670	0.00106371374161903
58468220	0.0106600075252282
58468711	0.00186504385437371
58470750	0.000475532919080724
58472120	0.00418014324626375
58472400	0.000816162386099985
58473200	0.000408715789958533
58475700	0.0893058654978096
58475731	0.00114624677366506
58477910	0.000528015252972237
58480380	0.000705219518988749
58485080	0.00131764391888047
58488711	0.00113205987163418
58488841	0.000290078929907287
58491420	0.0056376364373276
58491430	0.00102830114204532
58492271	0.000890696124791655
58498201	0.110642269808653
58500711	0.000215828123473209
58503881	0.0012741772311437
58504080	0.00288022003899729
58507451	0.0490246699417415
58509880	0.000919251648248807
58511150	0.000498981728420883
58511581	0.00419189433504594
58512681	0.0407232343870243
58513220	0.00278647125029834
58514491	0.00409282489795574
58514740	0.0054911384325976
58517781	0.000537582278435388
58518050	0.00798857010113662
58525921	0.000626227480158265
58526740	0.063163703469155
58527741	0.00264033674790312
58528001	0.000636868567566797
58528110	0.000424363242110784
58528701	0.00439024614703092
58528920	0.000648271236778224
58538891	0.00078418352646974
58539051	0.0121034955768593
58543690	0.00123195214047136
58543980	0.000245080601607518
58547181	0.0254976509371572
58548421	0.000264540773544124
58550911	0.0115482723161864
58554990	0.0227005701671118
58555260	0.00208635450413526
58559810	0.0133353071865659
58563940	0.0106601223685809
58564760	0.000376112894796999
58565470	0.0008239894256764
58565490	0.000287917028227151
58567041	0.000923755594619015
58567161	0.325738773320849
58576671	0.00044963995170582
58578191	0.0114226793307297
58582201	0.000839149036828112
58582980	0.00305483528008568
58592811	0.00180401814206353
58596681	0.00266373159514624
58599591	0.000558660003157988
58611790	0.000959382765228513
58619550	0.00600934919733547
58623301	0.00129871582627796
58624230	0.10704837095464
58625781	0.00598051857717055
58626331	0.00188708688945827
58628510	0.00178381686397101
58630160	0.00125833696549948
58669200	0.000474891547171767
58673040	0.00450181401422907
58673460	0.000495136820818555
58673491	0.000462187679724351
58675431	0.00278563396756671
58675550	0.000275973441607145
58678881	0.000483937106575859
58680210	0.00182650618876187
58682160	0.0515874354438942
58682191	0.00100846615457215
58684340	0.000535196913949662
58685351	0.00113828545681009
58686061	0.0181953877748528
58687011	0.000640611996151179
58689590	0.000498066314840153
58694611	0.00241740360685388
58698300	0.000285035556872936
58699691	0.00417989825868488
58700251	0.054382033677625
58705870	0.00976465329398276
58707260	0.000467089174337388
58710420	0.23158933654976
58711820	0.000356430536408229
58713450	0.00242569273202617
58713600	0.0010658434583881
58713870	0.00100658774263124
58715810	0.000988342370099219
58718321	0.00087442477993642
58719141	0.126988028691063
58731001	0.0825341948555911
58732811	0.00544686363615434
58733081	0.0378445927935373
58735110	0.0178181371775775
58735981	0.00580805539549435
58738160	0.000716704343933355
58738970	0.0405200565428267
58739520	0.00456142883662937
58740480	0.000682361104846242
58741850	0.000521577264797771
58743250	0.00921594746800954
58743640	0.000537178559636871
58743711	0.00205688489162739
58745880	0.00153461517035929
58746311	0.000588718817499556
58751780	0.00412705890499249
58752210	0.0110243934813881
58753190	0.0932697081955992
58756381	0.000489275546106312
58757201	0.000415417318020657
58765440	0.000202661929925931
58771151	0.000972764618578577
58772651	0.00100957426275447
58772920	0.0241116617294827
58774270	0.00653424309734216
58774680	0.000347803604301754
58775090	0.0069516816429782
58776900	0.000310775833818997
58777361	0.000605724356691782
58778321	0.00037970394707986
58780340	0.000823512661039257
58780740	0.00044743998627014
58782031	0.0191814958421282
58782690	0.00338072176733791
58784381	0.00172195370879919
58785190	0.000552062014312631
58785320	0.00656846221171541
58785341	0.0042156192549802
58787910	0.000389701361618224
58790020	0.101215736763586
58790311	0.00668182093520922
58791660	0.00317776565316173
58791961	0.000699657929398208
58793310	0.198552701584762
58795630	0.00394969049037526
58797450	0.00155609275882526
58803260	0.00953063280663096
58891780	0.143372053218004
58979200	0.00225635082616308
58995890	0.00353047830428625
59001150	0.00096092529008631
59010291	0.00215245062130628
59081530	0.0016183067507527
59095490	0.118476578086391
59100850	0.0228375342447194
59128440	0.00522264937278532
59170951	0.013821147022618
59221970	0.0219231548413682
59241851	0.00188439392789738
59365770	0.143889274262073
59429131	0.000506156426794339
59437900	0.169575947043579
59475280	0.0020046437975413
59491700	0.000209700260688072
59508140	0.00041581270084889
59516701	0.000617256461963284
59524711	0.00110199933009357
59593111	0.0222070522942681
59606470	0.000298008597767882
59609900	0.00446982009485616
59658430	0.00734647329575159
59747820	0.0124505475115259
59800831	0.0481673616883214
59886830	0.00143819137416548
59940121	0.018424914288105
60118981	0.00192436881780276
60171770	0.00311088516088917
60174950	0.00203115044654555
60178141	0.0151285248694343
60201010	0.00142706338992197
60246291	0.00116765409869267
60246360	0.00133379441677956
60262080	0.0276422355946039
60262421	0.000355199004141397
60268351	0.00110251304228295
60272720	0.0470453042997518
60292590	0.0256961677449657
60299590	0.00205207678927075
60300700	0.000628749692538972
60309120	0.000765617246864889
60324850	0.0286719468217053
60326541	0.000391052004489866
60336320	0.000499643966982266
60351340	0.00315470833943668
60379190	0.000360473140251108
60399210	0.00227032945561226
60404570	0.00190375241810851
60418770	0.000701183360671027
60439340	0.000733090452345951
60445930	0.000211610128859989
60449230	0.00108200264367788
60480850	0.00415718312909574
60544741	0.00053413099994999
60558050	0.0148156660166541
60576311	0.0127293610844317
60606791	0.0014734680718566
60636041	0.000879748643201014
60663560	0.00069906895886327
60711471	0.00165072193568932
60769900	0.0118268959508829
60817500	0.000747232158526925
60818740	0.000636217162910547
60819451	0.000431016751890173
60820510	0.000341444989089809
60821200	0.000724559297130528
60823441	0.000283465081043922
60826170	0.00213487412908805
60846570	0.000540689517397444
60849210	0.000451810930933985
60883581	0.00135204266836574
60885330	0.000382029083643139
60886170	0.0113530894386509
60886560	0.000647619505942486
60888080	0.000540285238134293
60889040	0.000616321266351302
60891301	0.00633835983919857
60892360	0.000456470128270769
60898170	0.00439813099238382
60901521	0.000637520036105666
60903800	0.000486476663971903
60908100	0.00279831207068811
60908411	0.0409695654371552
60911181	0.00461676687384773
60913320	0.00162103732205657
60915301	0.137990790374747
60921241	0.00395713306424675
60923571	0.0107852285606203
60924230	0.00345245888846949
60924800	0.00031318139333796
60926331	0.00267739180431204
60928141	0.000893020762427636
60929521	0.0102519617661365
60931400	0.0848217488494731
60934051	0.00146251944968208
60936490	0.000627995000587247
60937511	0.000879878076269127
60940210	0.000552104825615443
60941931	0.000361484891162205
60943311	0.00329432124958519
60945111	0.147115751624502
60948490	0.000453384355108657
60949040	0.0322411397424186
60949180	0.000462481820961882
60951120	0.000818135470566395
60955451	0.00160073969067494
60955520	0.00699914912816189
60958751	0.00368587357757595
60960660	0.00382152311707561
60961180	0.00341426887099247
60961890	0.00283711320260516
60964490	0.000242302336806942
60965480	0.00177462402980317
60970030	0.000637024607015619
60972790	0.000599119889028895
60973771	0.00133593641072507
60975841	0.000337227719111522
60975861	0.00334058902316194
60977070	0.0375544920773018
60978150	0.00144452935695505
60978730	0.0101863029044173
60981931	0.00297799057001342
60984920	0.000473525728352341
60986010	0.000277565969047491
60986440	0.000619866545313858
60990440	0.000962460643274461
61000121	0.000325248995753578
61001440	0.000444165188189802
61001911	0.00985542367935384
61005440	0.000564311710890649
61007380	0.0396234044955066
61008240	0.000693629365386386
61009730	0.3509114284804
61011940	0.00114269572898006
61012070	0.000374481080981659
61014020	0.00209483814436394
61015291	0.00165204817113477
61022751	0.000429154857870348
61025190	0.0427483801291139
61026690	0.000430119487458227
61027260	0.0015783035202214
61035141	0.000166638940347436
61035721	0.00462863328518052
61040210	0.000451150552508534
61042471	0.000560673020647286
61043380	0.000657141788438305
61044070	0.00865950985670298
61045310	0.012460001098674
61048750	0.00180358297493001
61049081	0.000653478369780803
61052661	0.000346335770290707
61054130	0.00125507431923553
61056931	0.000643126220925245
61057911	0.000305795881137632
61058751	0.00142957282576227
61060661	0.000434518061073122
61061710	0.000537424963407088
61061921	0.235170224685707
61062000	0.0642265243575988
61063441	0.101226027499179
61066020	0.00363122162726451
61113980	0.000530776396390357
61117720	0.000312267470909809
61118451	0.000466804788252403
61121600	0.000590034718954831
61123281	0.000531198157240142
61126051	0.000576906980870707
61127021	0.0010920862503618
61140111	0.000616668948049412
61147151	0.000312316354554639
61149710	0.000373393058770281
61149901	0.000485747576203576
61150290	0.00060776737299428
61150670	0.0433022613492954
61153580	0.00654066125752225
61155100	0.00372124065818888
61157010	0.511943607087142
61161050	0.000339145713295231
61162540	0.000474749961035415
61165980	0.535020015864571
61173580	0.000607237146659782
61174031	0.000982447326933173
61179530	0.0105448068553392
61185751	0.000652968630438544
61186560	0.0164352741913108
61187380	0.00157071893623842
61191660	0.0542173008266588
61192190	0.000441574104780046
61192251	0.613804933107255
61192760	0.0213778877409582
61192910	0.000430500561418123
61194161	0.00270273049806221
61194670	0.0086430519181955
61195500	0.385407684415212
61196521	0.00286864953200397
61197201	0.0016574511755759
61197481	0.000947937997790165
61198321	0.000558429773675071
61201331	0.0125630576352276
61203910	0.00283863650273992
61205211	0.000323958256365272
61206171	0.00122840556611517
61214000	0.0774007216073025
61216381	0.111046960459507
61220200	0.0355896131094768
61221550	0.00160492751150745
61221980	0.00034953618429572
61223940	0.000543423970052806
61225560	0.00134213404964752
61229040	0.000782936800646418
61229140	0.0848320927230372
61230960	0.00133883649508357
61233180	0.0526319595165776
61234660	0.155414364116307
61239480	0.000378698922974631
61241201	0.03178205954281
61243090	0.00225469793395983
61243490	0.00941260684804028
61249321	0.198708985636711
61249450	0.00135170022884902
61252320	0.000381832211448298
61253690	0.030824666781598
61257601	0.00052406163955167
61259510	0.0345414651071331
61261690	0.000491161310925743
61262100	0.00490781874174605
61262171	0.000371986880454453
61263210	0.000387049069247754
61266280	0.0568944303471015
61266561	0.000187460573621978
61267251	0.000538129365618148
61269710	0.00902692626796721
61270420	0.000376766219047654
61272310	0.00249128992535821
61274250	0.00068823692992846
61274390	0.0020693321674257
61276350	0.000821154688304264
61276480	0.00528035135668392
61284070	0.000352360708889022
61284231	0.00102672281131396
61285331	0.000562257212900757
61285601	0.000649701306227884
61285761	0.00171909063229223
61287200	0.00204954239375136
61291930	0.000441401475580155
61293751	0.00200705169958781
61294690	0.000793284858208618
61294981	0.000454104609620507
61295131	0.000913342686324796
61299661	0.00656574373789482
61300211	0.000967096758058186
61302130	0.000352742026514863
61302940	0.000291465108478309
61304091	0.000450370810283339
61306021	0.00138131172366589
61307131	0.000968104897197614
61307210	0.0313321629096269
61307821	0.000423826826159577
61312740	0.000936825711096802
61314370	0.00112390637101322
61314831	0.00547263079265864
61315521	0.00143018952486631
61317820	0.00130204693717839
61318240	0.000549038230602366
61318550	0.00116294713157674
61322820	0.000498673336717064
61323271	0.0476078732327759
61330780	0.00756205155720768
61330790	0.00192090979132555
61331090	0.000510426422684127
61331350	0.00117066941467995
61331510	0.0143148661515888
61332221	0.000889702665699164
61334380	0.000513800621476524
61337030	0.00184249968202478
61337731	0.000491658351205143
61339090	0.000599052502220273
61340300	0.000777220985566058
61342240	0.000418720324156318
61342831	0.0010979009682524
61349570	0.0123630266702321
61361290	0.00158692620587305
61373260	0.0014048634866425
61391801	0.000422040938832685
61401420	0.000465417906746351
61404221	0.00113830282720857
61407261	0.000940831394315874
61409830	0.000932488555122537
61414520	0.00066655619877772
61420891	0.000536190860486512
61422250	0.0018472111970417
61428040	0.00176254719632958
61445940	0.0101432968150096
61445950	0.000532666179121702
61448631	0.00337893723399187
61451040	0.00405012788451435
61451251	0.0126965916514336
61453731	0.062219546056829
61454810	0.000936245940523852
61455360	0.164209734779471
61455480	0.00188897515416973
61457430	0.0881932686835423
61457660	0.000396810388701466
61458401	0.000396143517900599
61458681	0.0116594216079256
61461301	0.000384454533414598
61464700	0.00132022772367819
61466230	0.000679491074814034
61466630	0.00303914733214935
61468761	0.00458878660812242
61470141	0.00110694673876452
61470250	0.000548916174789677
61470390	0.00130971040543633
61471080	0.00115691187865995
61471921	0.00276154287442369
61472700	0.00103262207336058
61472850	0.0197535957750256
61476020	0.000919994027272448
61479630	0.0769073145306318
61480430	0.00202899832884684
61481441	0.000743868149789535
61485000	0.000741914946900449
61489311	0.00152786847629982
61492580	0.000366701262057412
61492600	0.023642703452642
61492621	0.00220494111428574
61494250	0.429790249123445
61494530	0.000553299646901681
61494561	0.019687472749794
61497311	0.00825237035921905
61498080	0.0002848758208146
61499040	0.441287394596896
61504891	0.00034347853418747
61509700	0.0114112737863318
61510110	0.000886573806236875
61511770	0.00170543983744564
61514121	0.0555421526584337
61521021	0.00124679785352131
61523590	0.0046131467153721
61523911	0.224205094734738
61527081	0.000767522722944314
61527750	0.0326066560820746
61528310	0.00295543096632409
61530240	0.00166906304559047
61533390	0.00976464516079061
61533530	0.00185334232540635
61540280	0.00112049879224496
61540690	0.0031345025490068
61541000	0.000399521276863699
61544000	0.0111578267055035
61544720	0.119360624394031
61544751	0.000351185595387965
61545520	0.00518833385206322
61547880	0.11789857070126
61549441	0.0766522177085111
61551190	0.0475176404592357
61552980	0.000623111359632601
61553000	0.000370671949504709
61558070	0.00253366385265293
61560300	0.000287759785604983
61561670	0.00049612650769189
61563590	0.063441240252993
61564270	0.56162266120902
61565110	0.0110505271993759
61565410	0.00263752330360621
61566100	0.000762592937333284
61571870	0.0573729296311708
61572150	0.028074010473661
61575241	0.00436525131886945
61575860	0.0040818533413033
61578930	0.000572629121305575
61580761	0.00353154720908458
61582350	0.000384561215279934
61595170	0.000818618166660432
61595610	0.00230243734748825
61598060	0.393659559730222
61599720	0.00189449083188856
61602200	0.000759608977551566
61606620	0.0111180249657574
61607921	0.00647899546339412
61608690	0.00166285062947691
61611101	0.000540189622200156
61611190	0.00203928012005956
61611491	0.00478152952285121
61612000	0.0008105206626461
61613031	0.000410019912926622
61614391	0.000489313338601081
61614750	0.00254091269949465
61615600	0.000366228540276233
61616061	0.000675577931883342
61617851	0.000577350721323346
61619361	0.0272181896419242
61620311	0.000810703018985515
61620830	0.121897840614062
61621410	0.00135471305007376
61621441	0.0254714565957284
61624181	0.00633205979523682
61631491	0.000713399270512399
61635990	0.00152593012452286
61636201	0.0232068452770865
61637540	0.000343908704200055
61639921	0.00283801603142644
61647300	0.00724667328761627
61651590	0.00767112328447237
61655190	0.00104419979855784
61656820	0.000513364069880672
61656830	0.000286266587169256
61657841	0.0148996622377074
61661950	0.000231151457020952
61662350	0.16723618818119
61662470	0.0496245521728618
61662521	0.000608659862347852
61668560	0.00451942547854988
61669250	0.000743398644779166
61669841	0.00414381864091611
61674350	0.00220362865911222
61677961	0.000305041951377562
61679880	0.00111379158892443
61682251	0.000400970321311669
61682370	0.00104249509711563
61682780	0.000833275407338429
61684601	0.015172775339596
61687641	0.000349236950788505
61689851	0.000444311115705077
61690401	0.00234147778803733
61697080	0.00113861853964165
61697940	0.00743945566104996
61698200	0.00216428530143354
61702210	0.0272505804820504
61703891	0.000426333204829441
61709431	0.000373447405268587
61715180	0.000722097316972896
61720191	0.0013236323743535
61722900	0.000502330011236018
61723190	0.00436809573503032
61724710	0.00341459062679586
61728000	0.000642814955600475
61728130	0.000410991307528226
61728260	0.000724474167959192
61730531	0.00922947991533879
61737100	0.0015927084430115
61739071	0.000291516140799651
61742091	0.000567999581933118
61742220	0.00269620976661902
61744560	0.0477979936329877
61746791	0.000725732142316006
61747351	0.0016871891151967
61750531	0.000239642349924432
61753421	0.00297892530382814
61754900	0.0228919153090457
61760800	0.000534790479020155
61761981	0.00131695803645503
61765681	0.00035046099893473
61772451	0.0619228531364286
61774910	0.000480419236270941
61775201	0.000543823658352622
61775481	0.000425324034674066
61776721	0.02190035754921
61778641	0.000671846736343478
61779751	0.00166359521361827
61781350	0.000468886224923268
61782060	0.00269850796057377
61784700	0.000922480331163848
61785780	0.000607573901426791
61790470	0.00924555838337572
61796670	0.0106588930463547
61797900	0.000398007054798911
61798460	0.000422083175821584
61798641	0.0490930119201091
61799560	0.000493926722052951
61799730	0.0013706434958884
61802330	0.00082431928745407
61802340	0.00962022340261823
61802371	0.00246939106006523
61805490	0.00624465538193425
61805500	0.0128699646262483
61806860	0.00058752676852507
61810101	0.00236603959763298
61811720	0.020172786686623
61812130	0.0120885226558502
61812451	0.000420440039738956
61814080	0.000482894977896627
61818460	0.0949662422941859
61818771	0.00126845614991107
61822111	0.0105939823918476
61824410	0.000194321096016479
61824550	0.0648621853611128
61825271	0.0024474938747495
61826050	0.0173413716661219
61827550	0.00366675950191323
61829421	0.0419112676803248
61835410	0.032027317075935
61835601	0.00266143323757592
61836420	0.000429905217989663
61838180	0.000788028401991925
61838890	0.00045725661816828
61839611	0.000649383025112619
61843321	0.00430388806124386
61848851	0.000796137655028828
61849121	0.232673160457623
61849220	0.000708499539951458
61850040	0.00629124791565166
61851420	0.000857438683210632
61853090	0.0239844584705526
61853760	0.00109033130902049
61855010	0.02719875404569
61855980	0.000165637543340683
61856861	0.000969657148073174
61857620	0.0146664433101412
61860431	0.00057546177734227
61860650	0.000549708477360875
61863731	0.00158712317958921
61864960	0.00889462182308258
61865251	0.00029422948636075
61869780	0.0527919366100669
61875321	0.0019278916593018
61876281	0.0293927198015051
61876510	0.000394064441313132
61876820	0.00717715430384105
61877671	0.0210948587630825
61878190	0.00269866243414926
61885070	0.000700527104677591
61889490	0.00051058969139671
61894190	0.00597592430396992
61894771	0.00196723107371232
61895741	0.472636818307965
61897100	0.00041260124377797
61897650	0.00252587840553373
61899860	0.00784922921225487
61902180	0.00677057005685981
61902771	0.000661167557999129
61905920	0.000650914929154476
61913630	0.00744819182047319
61914190	0.033411121280689
61915341	0.000467295813836071
61915881	0.00122926829226826
61916711	0.000501302569767467
61917931	0.000489456280857829
61920841	0.000722416850755355
61923280	0.0111736672071887
61923400	0.297758899594366
61926040	0.00247612739367763
61927140	0.000401133107057667
61928441	0.000682216096111169
61929541	0.0236592363489194
61929801	0.000448039093309711
61930330	0.0380996135821342
61932820	0.0327438312396138
61934720	0.000806420991262013
61938860	0.000913586586405381
61940431	0.00100372620313757
61942160	0.00214530729867294
61947970	0.000391658778296245
61952510	0.000336151285475774
61952991	0.000736012359809262
61955191	0.0021462416547801
61956540	0.000720577394963555
61957811	0.10247148838377
61960260	0.000323930463025056
61961050	0.000849569724048167
61963400	0.000541889025860211
61970160	0.000423873577484935
61971950	0.0452740537605751
61973050	0.000372660933188112
61975710	0.00583249957699088
61979570	0.000647310716575203
61985801	0.000763399981514829
61986870	0.116047229619293
61989620	0.000550426841981285
61989661	0.00302766288021284
61992360	0.000420577225906102
61994221	0.002038463596084
61994310	0.00280720740396759
61996500	0.00386083750101288
61996950	0.0020949837816866
61999191	0.00133929888213299
61999410	0.000528988469552184
61999820	0.000576585999830498
62000090	0.000551072236988671
62001811	0.000344529980636589
62004940	0.000305460173752266
62005231	0.00018509667054138
62006310	0.000289921895448659
62006860	0.00108925192997665
62006901	0.00394531452716588
62009651	0.00175851695351216
62010771	0.000938218578377065
62011991	0.00752348423566675
62015191	0.00147261135644421
62016260	0.00199965838832835
62018501	0.0147967339865742
62020930	0.000620992766472639
62021190	0.00102655017918346
62025190	0.00184207719258445
62027150	0.000724982371871472
62027991	0.00554109628985107
62028520	0.00250821398611789
62032841	0.0467816597534114
62032920	0.0123715066053549
62035140	0.268237900108929
62038580	0.000418154163376537
62038720	0.00474037252689382
62046491	0.000520560642408127
62049040	0.000738464201219175
62049610	0.000417716132265802
62051851	0.00365478256961449
62053231	0.000336544869907155
62055290	0.00062226156304353
62069060	0.000568640694391008
62069371	0.000582992645219732
62069791	0.00122401360153744
62076151	0.000843346044820949
62077450	0.000917324656217766
62077941	0.010712763546872
62078010	0.00110691403349283
62080121	0.000641944789589644
62086331	0.00143797166435619
62089391	0.0162810413502897
62093381	0.0239043257396245
62094201	0.0017142548831784
62096691	0.000765590458804604
62098590	0.183562654377486
62099321	0.000556345964203489
62100691	0.0385055429028073
62101371	0.000409645598543856
62101641	0.000522461948020219
62102320	0.00125648785077119
62103851	0.00156070243427372
62105111	0.000797870927828819
62106690	0.000401137249079871
62108080	0.00154454012914839
62108910	0.00080484626699432
62111841	0.00248444417004821
62112271	0.0357372130384354
62117860	0.000461447636581373
62118420	0.000558239607203464
62126761	0.00296001551481966
62128281	0.0167104930056077
62133870	0.000576744159416634
62134140	0.0665802949779937
62136370	0.00415476069219691
62143550	0.000357654891494013
62143561	0.000833953523674865
62146290	0.000937790725901352
62146850	0.000290068053543057
62148681	0.00236232934822068
62153501	0.000292419778470515
62154461	0.000594791429992262
62154891	0.0004319541377755
62156271	0.0518019672700922
62157580	0.000335073691577691
62157641	0.00368476728619092
62158621	0.00283026094191765
62159670	0.000741811786347665
62162130	0.00605467029601933
62164360	0.00299038301879082
62167021	0.0669574942617942
62167140	0.00733210808150725
62167830	0.000617811378407244
62168910	0.0114321373290894
62169921	0.00099402681236818
62170621	0.000371708625914338
62171260	0.000325131104772482
62173911	0.00195748696583323
62175031	0.00196866409257439
62181320	0.00308461453521697
62181610	0.0205274541510157
62183571	0.000464600981191408
62187161	0.000601985662429983
62187291	0.00168864116671428
62192100	0.000437639024968979
62194751	0.000898844490976485
62195701	0.000354858725619575
62196360	0.000307644929065729
62198871	0.000617369099748198
62199701	0.000408320233279113
62200100	0.00169088101978694
62201320	0.000504071387592432
62201990	0.000960292398997109
62204111	0.00239129580328995
62204271	0.0161052087740107
62208330	0.00102683217090201
62208650	0.000601899875249425
62211011	0.000694924881159983
62214201	0.22657325432802
62214680	0.000637746961247161
62217720	0.00564166256605474
62218160	0.000504491517595453
62218300	0.000329495208408592
62221610	0.143177056363539
62222871	0.000690841055837774
62224370	0.00399360989620191
62227120	0.0121999888994142
62228951	0.0259394440418884
62229081	0.00312233004199482
62231581	0.000935744426661434
62232681	0.0281843751234838
62242871	0.000469846215690944
62242960	0.000440855378102247
62244541	0.00337102443438459
62245720	0.000263449620006372
62248210	0.000506994811175493
62248931	0.0723974130459208
62250871	0.000505268042410525
62261470	0.000550082401392298
62264090	0.0347954295266556
62275920	0.00948940781862051
62277720	0.00786747907091852
62278191	0.00463703114618498
62279271	0.0412974663090694
62280661	0.0136017007483496
62281641	0.0477833622811933
62285600	0.00103640864302586
62285771	0.000422745510469776
62287220	0.199697177327862
62291360	0.000653655807616224
62294980	0.0258164401175987
62298690	0.000310621177548851
62299660	0.000282641854802296
62303930	0.000397279066487292
62305990	0.0366481790093444
62306250	0.000737182865884212
62306970	0.000305339913961134
62307510	0.197757654730169
62307790	0.000955646443445303
62309430	0.0158274640742747
62309501	0.00699033813985562
62310410	0.000558407147515304
62310540	0.00110042190398379
62312080	0.0003219198273683
62314601	0.000646097908785558
62317471	0.00154186455222387
62319940	0.00193442767515419
62321290	0.000515972905791069
62322301	0.0270142782932081
62324500	0.000491253969804371
62324890	0.000220022959645864
62326270	0.000492807935259617
62326591	0.0127928410363492
62330031	0.00111581669589294
62330110	0.291030609223072
62331421	0.000569953196337553
62334451	0.00561028563660023
62336231	0.0133680483023024
62336801	0.000598387139248299
62337570	0.578163252358703
62338021	0.696883165889387
62338451	0.102373799239136
62338970	0.00104636985474098
62339151	0.000402629367390257
62339271	0.000748110045020094
62339910	0.00115037526860165
62346031	0.000450235256806842
62353430	0.000310710226120173
62359520	0.000568302227537185
62360921	0.00175534514017874
62368330	0.00103062454039014
62370950	0.0654132729668135
62371090	0.000431012051893398
62371691	0.00295343987458539
62372931	0.00496635347618088
62375780	0.510351131504395
62376391	0.000348817635925001
62381481	0.0241445332607232
62385040	0.702889459722763
62386861	0.0270484871710017
62388060	0.000183758024349956
62388630	0.000782700724963652
62391240	0.000905590481179953
62391971	0.000967968020548497
62393331	0.0121939040362762
62395070	0.0162223636890159
62396791	0.00811108075192969
62401450	0.124844895018684
62402270	0.000467742628293113
62402871	0.556127907181603
62404521	0.000520316727616263
62406670	0.000455280866660121
62410441	0.00097396212094804
62415090	0.0149245171281554
62416241	0.0156032283862041
62418711	0.000708735433700103
62419100	0.00492358711757291
62422280	0.000350786321311937
62424730	0.000482521710902657
62425020	0.000329160136047756
62425410	0.000367824705107187
62426120	0.00428453527476895
62426171	0.00163775432868781
62426420	0.0063483802859732
62431121	0.000873546210899817
62434650	0.00273811212733145
62435691	0.00948704694945395
62436170	0.00726401264018325
62437611	0.00141038802622622
62438670	0.00132962726586602
62439111	0.0071178073831349
62442110	0.021249494953613
62442441	0.0194660038353793
62444460	0.0013998765118147
62444760	0.0531772949492578
62446161	0.000854219122474664
62454431	0.0143438551979482
62455750	0.00343195110099675
62457030	0.00174098875095274
62457820	0.00251594316908229
62458680	0.00820630462481005
62463671	0.00725662624004628
62464330	0.000849413461637625
62466711	0.0067548054723039
62467910	0.0922005537296091
62469591	0.000287461085766606
62472631	0.00359265835234345
62475780	0.00050399812772999
62476740	0.0017678063984121
62478950	0.000681483658752908
62479890	0.00235096057652444
62482650	0.0207221618016031
62483360	0.0186504663166639
62487541	0.00029699713052551
62488200	0.000436163168993542
62488371	0.000909061725559702
62492211	0.00139555339320063
62493170	0.000456105271709057
62493871	0.000650419346925493
62494281	0.0568621326254489
62500190	0.000747815467611837
62501160	0.00561506578561967
62501181	0.00090180641938153
62502960	0.0006496040978034
62503090	0.014821151199606
62503510	0.000103094135280672
62504221	0.00087480910594674
62506011	0.0009979619408113
62510800	0.0922734332013092
62517030	0.000738726707950233
62524901	0.271246153791698
62527661	0.00144756880508261
62532330	0.00518472948678164
62532491	0.136803976506837
62533020	0.0143200339935725
62533280	0.00265760691682226
62535200	0.00233641249167066
62535821	0.00517408489370495
62536030	0.0111213590298391
62539230	0.0106739143267569
62545970	0.00286872718644126
62547330	0.000390796401308817
62547770	0.0044402707972386
62556020	0.00295768554709695
62556460	0.000713841949709517
62564580	0.000420163577717296
62567111	0.00129179851006658
62568020	0.108689101808544
62571210	0.00972607939553224
62574530	0.380036998303894
62574961	0.000578051714756961
62575801	0.00124584773633629
62579360	0.00283801190372647
62579931	0.000557742834850027
62580870	0.0147845286362579
62586281	0.00069397165736059
62589301	0.00569935734723386
62592600	0.00349080671461009
62593430	0.000483101133452479
62594281	0.00429796192110066
62597410	0.0336171441341914
62598701	0.00130204851592699
62603200	0.000594911231898512
62605390	0.00125574848258569
62611480	0.0119614296415327
62612030	0.000449388486576599
62615091	0.0346450462821747
62618530	0.00201537739961766
62618790	0.000360133147958495
62621570	0.0502233257745493
62623121	0.000957972908862441
62623220	0.00328939807894822
62631651	0.000655827104170223
62632720	0.000319350061320032
62633441	0.00559370725348952
62635480	0.000528874953113307
62639330	0.00237145225880249
62639391	0.00117153882243317
62641680	0.0439627173056269
62642551	0.00553847131460186
62643511	0.000537615124738538
62645830	0.00567634385292768
62649861	0.000453377682293891
62650131	0.000332271264747786
62653290	0.000783113991431724
62657161	0.00157380801769067
62657410	0.00113535971982565
62658821	0.0347352920323858
62658971	0.000777076756956649
62660440	0.000421726790757343
62660450	0.000812232788628087
62661311	0.121233644702545
62661560	0.000808314494998566
62664761	0.000484169379697915
62666811	0.000779069508808565
62673540	0.120347719212853
62673820	0.0606172516217081
62681400	0.00275923305668518
62686210	0.0210028315582298
62687101	0.000847239393533931
62689161	0.00347195984014722
62690770	0.00241366602317659
62691320	0.00125745080688536
62691931	0.000639104883561678
62692191	0.00125158420860854
62702110	0.000982095048453992
62702790	0.266838571311072
62702920	0.00259698516445566
62704611	0.000441619813241869
62707200	0.000351523210817979
62713041	0.000347104804638504
62722131	0.0342301611706046
62726520	0.000508521869800617
62730080	0.00475772536516203
62730531	0.00150667209384712
62733800	0.0301839229521839
62735350	0.000532396793410907
62739460	0.00185334989159702
62740061	0.00381863592736139
62740970	0.0103437217940333
62743381	0.000902302343215805
62745171	0.0058806370180341
62745571	0.0381740070331691
62747070	0.000379616954336512
62747620	0.000889945282696407
62749311	0.00141137091246858
62751631	0.000481154855355615
62752020	0.00103680424817002
62755590	0.000540734971961705
62758811	0.00103469006533655
62760420	0.00205892830307933
62761650	0.00423560662572644
62762920	0.0480835297646309
62767320	0.00498180765391792
62769301	0.0444158807220158
62771371	0.000504923678202456
62775081	0.000430486906774282
62775450	0.00121831370580381
62780710	0.00115402265771637
62781550	0.00527952035321374
62788270	0.00455355048434802
62788751	0.00402246173396771
62789510	0.000865023979682984
62793711	0.000478984504381355
62794480	0.0336458528177974
62794500	0.000485770027130179
62795050	0.0134489174632627
62797281	0.0542595911635208
62798210	0.000446257888460348
62800140	0.000376058723753462
62804280	0.00634951911193919
62804311	0.04206067478169
62806090	0.021106748538704
62807990	0.00122080802981606
62808321	0.000249329172068702
62819180	0.00113342424091002
62819850	0.00162091557653193
62821831	0.00358871922760176
62825701	0.000563587808349232
62827221	0.00041208712917412
62831430	0.0301708985159402
62837281	0.00170532938337878
62837500	0.0507334636848716
62840850	0.000880729477138146
62841120	0.037837973217542
62842330	0.00241910316740506
62843020	0.000345338312551791
62845141	0.00677128947256853
62846101	0.000309615444590935
62846910	0.00362739225115588
62847641	0.000851191121258512
62853640	0.000537383282455273
62855740	0.000606581574618948
62858651	0.00322553159913593
62861360	0.000471835186250881
62864980	0.00196537096985456
62868010	0.000297922576134451
62871771	0.0362678019934433
62872321	0.0424248168823497
62880010	0.000637851022019517
62880051	0.000974674618027789
62886200	0.00304209938414968
62886391	0.000507699806840361
62886740	0.000517015982567942
62897640	0.000361762006921695
62901571	0.000721396354193086
62902340	0.00179844762724108
62905120	0.00629851394800442
62912980	0.0176191718996005
62913691	0.000772990046299976
62914200	0.000464024698914078
62915170	0.000313939644367772
62916800	0.00244949347668961
62919450	0.00188276685269005
62923170	0.00399844595099198
62925360	0.00362508743010087
62929510	0.000830179802980297
62931191	0.00849124415132912
62932041	0.00564227689991449
62937660	0.000584896904319657
62937971	0.00028161654061587
62939440	0.000588242142896173
62942870	0.00329420551855066
62945520	0.000987068497076394
62945561	0.000347147119908869
62947730	0.000777713077554362
62959560	0.0101143110227197
62960321	0.000357614492119628
62964571	0.0147077803825856
62965650	0.000267358604139937
62965760	0.00112489174351475
62965780	0.000516675294733848
62965790	0.000288047721343771
62966460	0.000508880695129314
62967621	0.00148680282802574
62968270	0.452623218556248
62969650	0.000509587271585832
62979560	0.000778295849335515
62980301	0.00164348618930907
62986060	0.000361225012972038
62987850	0.000523939490894784
62996851	0.000413941088663393
62997961	0.0375511296453726
62998620	0.046456007295252
63004530	0.000489184453390244
63006511	0.00037670960906105
63026470	0.000544118415680466
63026870	0.000585999433695951
63030091	0.00723982715609669
63030610	0.114283891987777
63032670	0.000542482956821014
63034511	0.162803228180255
63050600	0.0383105821222148
63056171	0.000327183747070979
63071570	0.000556654079113772
63071980	0.00117987664690607
63073961	0.00226147126062794
63074221	0.0018675941096808
63076780	0.00122901335574392
63077760	0.00027736872918842
63079461	0.000353993603549976
63080421	0.000869597028256943
63080810	0.0402037575518593
63081521	0.0004132043342848
63083881	0.00221930853204848
63086221	0.00245492861291
63086470	0.00860511185306967
63086750	0.000592657825295594
63098310	0.00201896275061965
63099420	0.000618063683204629
63104810	0.000410771626939878
63105080	0.0541545301335292
63105880	0.000444568388888302
63106860	0.00103724711804651
63107720	0.00361231922157309
63109190	0.000361185765171319
63113251	0.0661138344432057
63124940	0.000937304015438272
63124971	0.000487938437662993
63127041	0.000751345477887802
63127051	0.000770899192502136
63131820	0.000674569180916924
63138621	0.000566731640227576
63139830	0.000368776996812938
63140230	0.00559081541756245
63142071	0.000805336411148654
63142170	0.141427555981322
63142750	0.00114758205725903
63143680	0.000439459120969179
63145920	0.00120625837245147
63146710	0.000313993799563879
63152561	0.000528659995645592
63152711	0.00337650994966022
63152930	0.000530849896775631
63155160	0.0223347238712888
63155191	0.00207167994127796
63157500	0.142617985507199
63161780	0.000846527926354824
63168540	0.00208004598410693
63169900	0.000566568942212563
63171591	0.0034682978165071
63171680	0.000600513349972951
63172400	0.000507768199789019
63174611	0.000587863326321607
63177651	0.005014579957381
63182361	0.00357073645101952
63183721	0.0216773819783648
63186860	0.459128997555818
63191000	0.00492275578175799
63191550	0.00245284136471229
63194631	0.000431587248910373
63196780	0.000710806718671526
63199321	0.000396384864614386
63200950	0.459247533462511
63209241	0.00867424036578211
63211280	0.000586613061250567
63215960	0.00071715154090758
63215970	0.000261157104163938
63216981	0.0349097938420895
63225791	0.00733901494806892
63228271	0.00122651506694888
63228541	0.00287969610139006
63230280	0.00183247222011371
63233880	0.000451342194617326
63234570	0.0947558904506764
63234751	0.000515469845355874
63237251	0.00449269205377934
63240821	0.000910164495333394
63241480	0.00073202530195514
63248110	0.000405666225868751
63248230	0.00039625845491698
63248350	0.000656275174481933
63248900	0.0178460439460612
63251000	0.000694261762054737
63251270	0.000692054462217268
63253070	0.0013798313948139
63255431	0.00015272605446252
63255700	0.000662365685754085
63256080	0.00117349555997926
63256220	0.000544163850628443
63265661	0.19161924392506
63266351	0.00644136588546177
63270450	0.00521757425356423
63279851	0.000260357082276129
63281730	0.00109631645432976
63283420	0.00068320152193713
63291280	0.000389147045735956
63291291	0.00278951066613105
63297610	0.022977444153796
63297661	0.000429798026284404
63300251	0.000387337995352411
63305521	0.000912489458195692
63306020	0.000622516828223802
63306181	0.000418539291121744
63308230	0.00594559485738146
63314830	0.0738281894246851
63315991	0.00114103311074038
63317030	0.00104870182299897
63318820	0.0049280462209755
63319950	0.00481400359123972
63321310	0.00235695262821283
63321330	0.00208102048474942
63323820	0.00649320152284309
63327110	0.00496135988126408
63332780	0.000296806858899133
63332930	0.000543686397075196
63334290	0.00556145403288136
63335380	0.00559702055536571
63337450	0.00331977588821081
63341600	0.00322558948234494
63342270	0.000330268979249625
63343370	0.000669866607300856
63347011	0.00328801418325492
63349040	0.00112270985558836
63351390	0.00430502006658826
63352661	0.0003748302954004
63358150	0.00884753231299017
63360480	0.000623120850931722
63360930	0.000411065705524455
63363370	0.000984423077512771
63369620	0.00337318705188666
63374041	0.00202279986534658
63375930	0.0273483951265647
63379851	0.000682058227902384
63381511	0.000525599389296835
63382061	0.015377555559787
63382601	0.000473933669236408
63383100	0.00034593928694249
63397710	0.000322207547974111
63401050	0.133296539456924
63401071	0.0114225303171385
63401511	0.000392965599346255
63402871	0.00607810910194519
63402960	0.000374692521964814
63414120	0.0046378767827464
63414440	0.00257580399457253
63416261	0.000385451237467962
63417040	0.000875944755191351
63418400	0.000427160305311373
63418410	0.0440909825995099
63421621	0.00050475904669302
63422550	0.000725268743336804
63422820	0.000505915412085773
63425030	0.0020854181502946
63426591	0.00359358167011669
63427271	0.00110559078685265
63440360	0.00808543307535018
63447701	0.000325306165322927
63449050	0.00078709351921769
63449351	0.00405738498718039
63449600	0.000502265822747226
63451120	0.333693272232773
63458710	0.00434411283816136
63461190	0.00840898878729451
63463691	0.000564468459097379
63465460	0.000418696048121509
63465491	0.00084868620856531
63467240	0.000377347786090001
63468060	0.00164145421816125
63472791	0.000614323038546069
63473560	0.00709600506887624
63480880	0.00181947819146883
63481621	0.000623366186091955
63481740	0.000684659227761466
63486161	0.000411271562014773
63486830	0.000854193617145448
63488350	0.000668076321008168
63490000	0.000390348020645836
63492480	0.0531492518229227
63492640	0.00917759270955024
63496050	0.000736643164665468
63501430	0.00140219481132651
63501730	0.000283810085048431
63502441	0.000962237336697487
63503650	0.000850564436099787
63509631	0.000846979813787227
63510250	0.000259800725602812
63510820	0.00051386330293868
63514940	0.000442756713523337
63515640	0.000356293448050307
63518871	0.000403314960344704
63519250	0.0442913012485811
63520620	0.0603934988139534
63525430	0.000392050647471434
63533491	0.00389935973111458
63534970	0.000542162946977542
63537460	0.000951132153499618
63538140	0.000764927514749422
63538721	0.000614755924040341
63539271	0.000433921959646055
63542431	0.000514131545735112
63542981	0.0951948900958442
63546950	0.000464677354453324
63548200	0.000518176448827423
63550311	0.00294901533443465
63551070	0.00120627374186222
63556111	0.00164574783089748
63559531	0.000951153247570599
63560320	0.000425075812892568
63560511	0.000293036478347431
63562171	0.00910811292317376
63565331	0.000626125013295836
63567930	0.000580973855958361
63575541	0.00511550641260534
63575900	0.000503846456690106
63580760	0.000498401769436981
63584050	0.000564518096807464
63584350	0.01849350412754
63584361	0.000434795601065385
63589560	0.0049654414291159
63590100	0.0151443239433824
63590841	0.00612107250214839
63592521	0.000410132364981511
63598670	0.000978421793582666
63599920	0.13184367571528
63609461	0.00037110335888446
63609580	0.00037124924981944
63614421	0.000644406846329234
63617690	0.00032142172042751
63617850	0.00400854882717944
63617881	0.000964269863519164
63624091	0.000665496964620111
63635490	0.000457942667236297
63643411	0.000275336511242302
63643510	0.000695853212673444
63646100	0.000422171902313412
63646240	0.0791652403163752
63652610	0.00150407444949387
63653741	0.00217556466993
63657341	0.00146039210752789
63658171	0.00062314161479249
63661321	0.007328782653364
63662031	0.109739888732942
63671900	0.000572618093986145
63675671	0.000387344997388618
63677260	0.00153637949309328
63677601	0.0165604397347669
63681010	0.000897053644932958
63687401	0.000412281217003657
63714411	0.00191581293108038
63913370	0.0221669046704197
63914210	0.000538622312059229
63927880	0.000179097813101504
63932450	0.000433716785183096
63951880	0.00285668193369545
63952410	0.000929080891832822
63975221	0.000826204817092219
64026330	0.0043775256137612
64028471	0.000456024720471971
64063911	0.000530258548270577
64112550	0.536310391358485
64120800	0.000388212916103934
64146101	0.0981457431684765
64173080	0.000524019701768881
64181480	0.00037093829543497
64181650	0.0495835118841315
64185800	0.00533684012259636
64190511	0.0143363852479056
64197900	0.00296189615543011
64226040	0.000751316254898552
64236991	0.251208232738586
64238600	0.000600933016914623
64289210	0.0232760830669844
64315020	0.000633955130748618
64374600	0.0286118359230373
64376001	0.000311894221917717
64404210	0.00510110088225151
64441340	0.047314262934311
64507851	0.00109529636569978
64521860	0.000750559674939693
64538840	0.00059690292344
64547930	0.00592076311277026
64553190	0.000809112955627176
64561231	0.000422835987365903
64585491	0.00203139158169838
64594581	0.0028884724624831
64627240	0.00102045527481901
64633040	0.00178282918929871
64635841	0.000756761743812193
64651691	0.000853288063562172
64674820	0.0740510887706543
64676330	0.000463592130971316
64677901	0.00576365595135091
64680190	0.0958765183655783
64681071	0.000868386212680723
64713990	0.00153249035184779
64715920	0.000344888997710056
64726571	0.000797881159493415
64750400	0.000720262504131335
64752231	0.00076272526849441
64756070	0.00788081096811516
64765321	0.037361114063211
64766950	0.000613807219836728
64771541	0.00416095020171635
64772730	0.000700167074853079
64774140	0.000626814915506487
64779340	0.000895643390020244
64781440	0.152872038938036
64783531	0.000528711689735116
64785130	0.000686693112475475
64792081	0.000922260161137288
64792170	0.000512153669897968
64793191	0.0657020276052015
64795251	0.000397375927093363
64797051	0.000430251400298554
64799251	0.000385943204831046
64800990	0.00280216880683821
64805720	0.00151111992306185
64806400	0.00068258908063501
64809481	0.00789533277236225
64813430	0.000681227785267403
64815961	0.000829671817816471
64821150	0.000908306941148357
64823381	0.00948567884201636
64823811	0.00119606987276519
64824330	0.000351458842408164
64824850	0.00104422775275442
64828060	0.000522687278599219
64828740	0.00158809957858436
64829300	0.00225651308105634
64833051	0.0293783798922776
64837020	0.000468929770357888
64838260	0.000538564703843525
64841970	0.000762335240749924
64843671	0.116620875992805
64843801	0.00165352600105616
64844580	0.000724290653459504
64847340	0.00171364354741053
64851391	0.00122213126075944
64853010	0.000534514195104158
64853430	0.0486741703866582
64864221	0.000389894365383958
64865051	0.000789813003086691
64867931	0.00102184761069953
64870240	0.000512879828559009
64872921	0.00518849983308972
64874141	0.00137095716512154
64879541	0.000757115871440513
64893741	0.000234934966508531
64900180	0.0341163241429852
64904911	0.0254540323176178
64905120	0.00633521181159913
64908470	0.000430406653203523
64912290	0.0010685970026905
64919511	0.0242854842115455
64921301	0.000516888691607697
64929960	0.000793462716776533
64930950	0.000717965331607374
64931470	0.0253340126470835
64932341	0.000568773502945698
64937130	0.00179506025321607
64937570	0.00024342167359695
64940860	0.00167905389166999
64941191	0.00122745802047298
64943261	0.00125292156586081
64945161	0.000608095697452633
64946001	0.000759980504268202
64946411	0.00270236988266312
64951391	0.000373583777160403
64954701	0.000344310103552638
64955371	0.00239056821552481
64956320	0.130172251989836
64958151	0.000668009773804297
64959781	0.000469267613672083
64963740	0.00117944579374827
64970831	0.0378040816096806
64971101	0.000419458379291901
64973571	0.55460774862253
64980290	0.016463768998964
64980570	0.0411346152405248
64981120	0.000499074443240276
64982110	0.0377770576496363
64982691	0.000473675388759405
64991391	0.00120353048250758
64992280	0.00252589850288087
64997530	0.00166963075359662
64997660	0.00144656454822648
64997851	0.000324744743352996
65002541	0.000632117295429965
65005000	0.000780289564156078
65005991	0.537049537491772
65006510	0.00355947279424001
65006561	0.000553997198004818
65012071	0.000553574939257704
65015620	0.00431754417081196
65023180	0.00125561890447403
65023190	0.00218617024919635
65024471	0.0292269547909086
65027350	0.000836652991967554
65028180	0.0037591455187021
65032061	0.00321372744210885
65034800	0.000565009993022652
65042080	0.000500251918370161
65044000	0.000610129298952967
65045390	0.00111549363480477
65045431	0.0326595731761977
65049280	0.00127278425610426
65053711	0.0015455571596835
65056010	0.000350327020340878
65056020	0.000706190040629678
65056191	0.00214205578253928
65057571	0.0394254563205033
65058831	0.000549454762148299
65059030	0.0330060913813354
65061280	0.000608327336983957
65064621	0.000969495272063192
65066001	0.000463832413118269
65066080	0.000624162116705979
65068270	0.000678696814225712
65070100	0.000712614047063378
65072450	0.0106954226143696
65073790	0.000532356839272203
65075371	0.000814493751425596
65076341	0.00186014987266588
65077380	0.00291289139374729
65080061	0.00168970545854656
65081861	0.000706043001616312
65089120	0.0239504402332184
65090131	0.000788674565151741
65090661	0.0135740213002663
65090750	0.00239485061966983
65095990	0.00041057718032184
65102261	0.00210139050636315
65111771	0.000629475526690151
65112990	0.00537106141907769
65120690	0.00109460329076862
65122610	0.000435555064515676
65124720	0.000249280512967934
65126750	0.00597116416842484
65127990	0.00752632572119069
65129820	0.000943094125107757
65130620	0.000854647918629899
65136051	0.0030401814466281
65136840	0.000361310322301912
65139310	0.118421601208684
65143200	0.0190435637722213
65145380	0.00124924982481997
65149260	0.000585754439436477
65150510	0.00466980173245511
65151071	0.000775110009324239
65157291	0.00987412167335744
65158190	0.000815010251305439
65158210	0.00214086502043856
65158330	0.00661750018560478
65159050	0.00128272476541148
65159180	0.00271673309705147
65160061	0.000418221962088962
65160410	0.00750060563950665
65164471	0.000694632252848923
65165270	0.000392179754997768
65166880	0.00043529865177494
65167590	0.345468461148798
65169670	0.00180687607089297
65178620	0.0127353630667288
65182610	0.00189849786144291
65182640	0.000698604160555173
65185400	0.0021726550956781
65185981	0.00936079067599896
65188191	0.000380800604857377
65188400	0.000961125452315755
65194610	0.00149325794104861
65195081	0.000509992128583269
65201271	0.000769452429965541
65201821	0.0013414188304339
65202600	0.00342771415049068
65202931	0.00185102993259019
65203160	0.00989858675501491
65209640	0.000559903778523277
65216430	0.000462716681373248
65216710	0.00686172735165075
65219190	0.00037856270393841
65219860	0.00031616530380547
65222200	0.000259138733824643
65222210	0.00111508156809834
65222651	0.000649023623853669
65223211	0.00112194017396825
65227310	0.00506556071222257
65228051	0.000720069715523639
65228601	0.000793858306470314
65230600	0.00188716710788362
65231631	0.000567010395404101
65238470	0.0247134724947246
65238500	0.000726186333375325
65248980	0.00113432680874395
65249360	0.0157901667490834
65288390	0.156201264468419
65389541	0.0577504486541154
65412120	0.0071272361325882
65513780	0.00050420952215275
65514071	0.000404106003138058
65620800	0.00215395491540257
65656811	0.000589716626336607
66033891	0.0106885937558064
66045570	0.000686554862670677
66057191	0.000304912844651473
66096190	0.0392920270854347
66107811	0.00255656796532924
66108840	0.000634962827762659
66114630	0.000617008592467227
66137420	0.0060294717650408
66139760	0.00033223447238843
66148621	0.00155866982255961
66191501	0.000439846111718241
66193690	0.000848566913751994
66195080	0.0004067222560596
66245660	0.0261464662964328
66261820	0.000619762695087126
66268601	0.000834573509465328
66293281	0.0121546619987542
66353120	0.000692560617723282
66424840	0.000997605963677913
66466381	0.00273360585677725
66487741	0.0117743336566639
66512100	0.00124793234636851
66526480	0.00315407559967392
66550730	0.00402699284261532
66582071	0.00102061262105991
66592011	0.000433749805206645
66600421	0.000535547465867961
66657651	0.000725228595852225
66683301	0.00149412502544614
66699800	0.00168554745709145
66712120	0.000804546673512804
66734030	0.000383746743172396
66767140	0.000528019885418959
66785330	0.000473959220533479
66794741	0.00437202353390435
66836080	0.0153448863019056
66843540	0.000374941322160405
66860551	0.00219068140855901
66928920	0.00240299823727413
66932360	0.0310076877832414
66938150	0.000480817159938954
66959821	0.0125068260237822
66968261	0.0414795175253337
66976941	0.00149737028830914
66978250	0.0374072195136111
66987810	0.0527918496793245
66996460	0.00202279532159991
67003530	0.018158928336121
67115531	0.00238287344378212
67144200	0.000313441040812297
67196320	0.000444934321005529
67203801	0.0247982009850739
67203910	0.00476308569508279
67214530	0.359052621243105
67218551	0.0371891310248528
67221960	0.0691213837359474
67229570	0.0229966400187486
67232081	0.00288057479093889
67232170	0.000289054649279671
67237471	0.00202062150769355
67249300	0.000372639645548981
67250011	0.000384048866979266
67250390	0.0107510110690774
67250841	0.000637111190057228
67251521	0.000555163020222305
67253550	0.000524832204450492
67255801	0.00047562250944086
67258220	0.00493015637122821
67258841	0.00057734617898226
67259640	0.00178106109710699
67261721	0.00109706476056666
67263661	0.0138479605113419
67263921	0.000371943942134163
67266230	0.00148124380686501
67267111	0.108502040135933
67267190	0.00489282349837905
67270220	0.0265232425661857
67270910	0.000554516459489541
67275760	0.00200774565176397
67275951	0.0516507580813673
67276580	0.00331835775322367
67278490	0.00252317783214429
67288751	0.000582222089647885
67290230	0.000500019599363318
67291900	0.00035307188494858
67300911	0.000742130866603492
67307931	0.0700374470473448
67315600	0.000554779056720703
67321161	0.00364694076986502
67331730	0.00278988665128335
67335730	0.00215283784823507
67352881	0.000354175328806645
67352970	0.000733590825518646
67361711	0.00130832455485856
67362110	0.0227104790402726
67364590	0.1405550294742
67370800	0.0598356094075728
67371771	0.00182121161233758
67376440	0.00129730401714447
67377260	0.00185779060054671
67379241	0.00211703924495759
67382941	0.0435562249778768
67388700	0.00039137382714587
67393100	0.000733975675194699
67395241	0.00290321703400246
67399921	0.000952246686698428
67403180	0.00148520161728965
67407610	0.0013896508612525
67413800	0.00556950641505595
67425680	0.00163870017955933
67430121	0.00616258112798744
67436990	0.00110696832967577
67437690	0.0856270619122143
67437831	0.000463253715465866
67437851	0.000411170266170444
67438821	0.00158288476080988
67439620	0.00207161619182423
67440150	0.00067769321109934
67444481	0.000837838936979466
67445260	0.000690215538706196
67446340	0.02571917947593
67446480	0.00119307683043307
67446490	0.000371863147748644
67452000	0.00740112530220616
67452310	0.00403815156711678
67453250	0.0110342020213605
67455211	0.00109908684397378
67456451	0.000789240830159616
67460550	0.0030293864069819
67464400	0.000449984332934847
67470671	0.00631296070737266
67474661	0.000497522302743194
67476471	0.000402953555712452
67479600	0.000574380823443706
67482261	0.000608464238247668
67484300	0.00427307926997781
67484400	0.087881804733111
67484680	0.00522054094780942
67485230	0.000297131463489554
67490121	0.0122248218184675
67492331	0.00191670631499538
67492451	0.00409018624551887
67493411	0.048619428047031
67497820	0.0260870470815175
67498801	0.00037598578548694
67504721	0.0475202618388631
67508871	0.000921987163185403
67509011	0.0130639076436311
67513360	0.00154540223625042
67515860	0.00138532933223565
67524721	0.00165646649181293
67527911	0.000499925326442401
67533821	0.000590768400485807
67534500	0.000935753493164942
67535610	0.00793485293226344
67539160	0.000482536296224613
67539320	0.000662143837860335
67541520	0.0418306447715421
67541800	0.0238664941975256
67542220	0.00884133914500114
67543501	0.0015113127703686
67543710	0.00062897776640651
67543850	0.00107274473167334
67547501	0.000382622547918063
67549711	0.00270508956362978
67554330	0.000599696638481574
67555440	0.00037388228832807
67557520	0.392613242237687
67560150	0.000691557928891453
67560721	0.000704471360084339
67569810	0.00721522366320382
67571180	0.000521061230956796
67576840	0.000686850098454957
67578931	0.00183458010543061
67592161	0.00202136395521459
67596430	0.000672243345693787
67603420	0.00065458168935692
67604290	0.00224684577901616
67605790	0.00309868682415536
67611160	0.000783848902249581
67611860	0.0034964607322636
67612540	0.403681594263427
67615211	0.000521746366816024
67615980	0.00476470452821003
67616311	0.000656720063310093
67618610	0.00250165222558444
67619700	0.000486038673710377
67622101	0.000541469204788182
67632940	0.00211563565877052
67633121	0.00280757022590462
67634460	0.000287827653562872
67634590	0.000461176797642225
67636571	0.396964936905621
67640970	0.00152759899082606
67646900	0.00859669322419172
67650330	0.000611021579571236
67650460	0.000355401832825465
67653131	0.000655508640720625
67656530	0.00726490479463558
67656940	0.00237711938641996
67659970	0.000405460226972459
67660451	0.00144024555413052
67661100	0.000514379257036115
67662170	0.000455751146841109
67664701	0.00866696182960889
67665141	0.000396339365121592
67665821	0.00104840177106311
67669281	0.000291277660973283
67669391	0.000882003272891401
67669770	0.000969162535735967
67672991	0.000541937160447101
67676260	0.116791101783422
67677480	0.000634811146832356
67679621	0.000817928768478047
67680800	0.000876096668587919
67684291	0.000442491286774898
67689541	0.130064012067231
67691741	0.00038480846426364
67696280	0.000433657037043609
67704390	0.0029912707808167
67710870	0.00959717766588183
67712721	0.0287972383122384
67717671	0.00123035059273469
67720410	0.000286302290841704
67860011	0.000669500566249762
67860510	0.00252916127819168
67860940	0.00245722267096945
67861781	0.0146007712727114
67867721	0.00112508747952267
67871741	0.00181311501428548
67877910	0.000447806363767189
67879260	0.0152326813685449
67879950	0.0052507755442547
67879960	0.0328108871952129
67880250	0.000554976751583
67884240	0.00109445510844323
67895311	0.000396421183154571
67898341	0.000370534609393978
67902471	0.000967835915541015
67909190	0.00048561636202999
67909610	0.00832406041729308
67916701	0.000301464193847648
67928500	0.0083087498076456
67936640	0.742554930541216
67943861	0.0016740315236449
67946751	0.0279169278597142
67959011	0.00128888724149658
67960271	0.000671887151370669
67962140	0.0062276049721343
67965450	0.0718666638900429
67971291	0.000368188650486003
67972650	0.000708958350733566
67975140	0.00100592115134413
67976951	0.0037054819975268
67983680	0.00313039085807733
67997740	0.00117380142608701
68002741	0.029460033655295
68003400	0.00167860724265358
68006601	0.000384371403567418
68007960	0.00173077795606115
68012951	0.0156805296343211
68015370	0.00357032492835722
68022741	0.00203495868109048
68023171	0.00142744098134887
68023581	0.00132619530707975
68027141	0.0021185825657562
68028490	0.00299094970757165
68029931	0.00080752107979948
68030201	0.00132452026913999
68030840	0.000466278004980287
68034741	0.195287518939891
68035421	0.0308179885533271
68036070	0.00371367018669461
68037720	0.000576690156673348
68041491	0.000652622434230552
68043110	0.111514483121076
68043960	0.00058408801515431
68044261	0.0164972368185947
68048080	0.000618277724970744
68048350	0.00108030460838967
68048610	0.00263911783383293
68049361	0.0704280791807963
68049590	0.000559550512017595
68050820	0.00202374145407876
68051370	0.000381412324686842
68054990	0.000370223974081408
68055650	0.000892910710198815
68055780	0.000944649168483333
68058980	0.00229087668411132
68060370	0.00302196473257452
68061710	0.00575623754522104
68062751	0.000690948644199478
68062840	0.001427028979955
68064811	0.000862106143527423
68065091	0.000801336138960815
68065710	0.000699956335378176
68066970	0.000601278642996656
68067250	0.000554398114669344
68068821	0.00713969047493898
68072101	0.000756196238625605
68074030	0.0035358232679873
68074051	0.000540024511037915
68074881	0.000586011257391704
68075780	0.000525997429964561
68076360	0.00140904218412878
68079441	0.000656470532630639
68082051	0.000336788601823565
68082061	0.000371966165589223
68094970	0.00062284704547099
68096480	0.000748408544444426
68103001	0.000802753191668869
68103011	0.000475442890891654
68103240	0.00326851868496929
68103910	0.000668461111284151
68105440	0.00127588385589513
68108251	0.000366176516698148
68112910	0.00216486342622461
68114441	0.000405578450901581
68115800	0.00202617864462647
68115910	0.00162496864521347
68118451	0.00241539869987265
68118960	0.0214059906745201
68126400	0.0253758900480889
68127011	0.00120807951326943
68127271	0.00045292668223636
68128080	0.000530635816337321
68130591	0.0190006007589086
68133880	0.00375179000359247
68135400	0.018524142661904
68136460	0.000589117265695634
68140340	0.000567256596360413
68143260	0.204578270890878
68146160	0.000668476399940589
68147551	0.00226516945975732
68149751	0.000388488635337188
68150441	0.000758413359924942
68153611	0.00935457674278076
68155660	0.000479632837342322
68157911	0.213878267344688
68158820	0.000623106064308301
68159940	0.000749967959296187
68160770	0.00684230929542557
68167541	0.00096745287775312
68168391	0.000683066281475162
68171981	0.000345881365975485
68179261	0.000463703088953741
68179831	0.0287182834888851
68180200	0.000654774576065408
68181430	0.160913645095848
68181621	0.027140436892568
68185730	0.000534800080269766
68190540	0.00136520874929534
68191110	0.000391231825789077
68194581	0.000577945483541966
68194820	0.00147494415773897
68194960	0.000829403815906822
68197020	0.0293023813886453
68202980	0.0262634126239758
68204610	0.000368448740463517
68207281	0.00107499558505393
68208590	0.0154885977724355
68210420	0.000507074416106559
68211131	0.00048032960532712
68214150	0.00062353722351598
68217601	0.000991286748428178
68219070	0.615682316085738
68219831	0.0254697113679481
68222120	0.00129823440910693
68222311	0.000954059946900663
68224490	0.00550058961163496
68224760	0.00119933798808433
68225481	0.0022978972432842
68228251	0.0017447817306411
68228770	0.000565274368016437
68233170	0.00141906287401539
68235770	0.00121301308944541
68237891	0.0295175713062644
68241030	0.000526093359020947
68242260	0.000311898951535045
68244610	0.00221623534924299
68246560	0.0108331156655839
68247650	0.0201238680336554
68249290	0.000798425071287486
68251240	0.00103674169417827
68251910	0.0115099501276676
68252620	0.00764344128942056
68253420	0.000439583633181588
68258731	0.00846193394604514
68261891	0.00223215171431065
68262451	0.0250430019202602
68263941	0.00181252772770516
68266571	0.000503986537053867
68269761	0.000597921785772603
68272651	0.00186453901766929
68276791	0.00500841769870071
68278591	0.000585579759300804
68280651	0.000528248201738908
68283100	0.00211393689859073
68285130	0.00332041840578498
68287630	0.00114268597579332
68289290	0.000566129919293863
68289550	0.00110787979307567
68290240	0.00302208792175529
68291520	0.000567140417971633
68291770	0.00176183055670636
68295060	0.000662652224224787
68295121	0.00035346775936214
68299480	0.00052198321812716
68299640	0.000339803927610799
68302161	0.00195202658658164
68304221	0.00166211605442908
68308170	0.0268408010866317
68310650	0.000504338373158252
68310950	0.000398336100390805
68313591	0.000577673460547992
68325980	0.152238360988105
68327121	0.000632438512464975
68338001	0.00179363600144626
68339240	0.132675903735625
68340511	0.00150821500019335
68340580	0.00118652736840471
68343401	0.00147619451855044
68345010	0.000941368201168932
68345290	0.00102736260714015
68351220	0.000303587563622776
68354841	0.0130979891189739
68355391	0.00310005524466848
68362410	0.0497573862782747
68363330	0.00237144591344646
68363630	0.379917129327776
68363951	0.0135766696113859
68368860	0.00141327950108827
68369300	0.00167635797545873
68369570	0.00104727648507966
68369611	0.000861380841606106
68370380	0.000752512683909353
68370950	0.00201428353594599
68372040	0.000495954248762904
68380081	0.112636772285598
68380590	0.00148250547838733
68381970	0.000612467165319973
68387070	0.00262965973204671
68392720	0.000905704094339948
68393840	0.000855472158521855
68396870	0.0129123416898228
68397990	0.00440828129272811
68399880	0.000378297884570264
68400211	0.000508228521379722
68401731	0.00500511803135253
68402510	0.000464692242094782
68404170	0.000542065492739246
68404180	0.000551314220687771
68404341	0.00192913398190351
68405300	0.00935565257547413
68406851	0.000464699782996053
68407531	0.000417298288440798
68411060	0.000480101999467356
68413461	0.0427285734842539
68413570	0.000848049581189719
68413861	0.0195672180855886
68414161	0.000707261999077023
68414530	0.000369774418310254
68416020	0.000456116230638371
68416071	0.115498607614158
68416880	0.0751408819963452
68417970	0.000648481747479642
68419640	0.0212596417202932
68422950	0.00750956341893402
68423640	0.000588906927682204
68425140	0.00152485234587748
68425441	0.000709240523861393
68426920	0.020371298032319
68427220	0.00192647615532945
68427381	0.00127746691309662
68427740	0.00377787887849863
68428290	0.00152153838823638
68429000	0.0030658873933404
68429550	0.000495211008470624
68432751	0.00126587525379612
68433280	0.000317012572552288
68433950	0.0549931647515436
68437120	0.00513257537219133
68438230	0.00188206153959741
68439511	0.000325341462860021
68440740	0.00136384222468188
68440850	0.000361947401697077
68441270	0.0118364505271343
68444351	0.00289387586502758
68447801	0.00859841543152321
68450530	0.0013651512104781
68450800	0.000492185454669119
68450831	0.00137427651171562
68451121	0.000699542269607592
68453960	0.00378083765565569
68456740	0.00108825204623794
68456870	0.000753480955484433
68458431	0.000443757936176995
68460471	0.000286462165069473
68462530	0.000694589457555796
68462800	0.000569633640195981
68468361	0.00044503630914751
68470640	0.000446205771770212
68471620	0.00134314228536389
68476020	0.000277475160931492
68477301	0.000855582698932915
68478510	0.00157335785765345
68484840	0.00230017012702949
68485280	0.000961271679332752
68487111	0.000510029460495898
68488030	0.00181761169652089
68490261	0.000420078432539088
68496290	0.00159757939777652
68500460	0.000330150343881777
68500860	0.00525528423454092
68502370	0.00933432065699424
68505981	0.0712124696522468
68505991	0.000490165206455903
68509031	0.000401595677673714
68509591	0.000547909570209477
68510401	0.109055542257268
68510831	0.00167777127117773
68512030	0.000544309565658188
68514691	0.000996134791825444
68515791	0.0375713161022143
68516741	0.000819214875553242
68517280	0.0329654418714582
68521400	0.000860060681126162
68522240	0.00125971738549219
68524420	0.00109312327263598
68526141	0.0132725154737401
68531911	0.356707593175587
68533041	0.00420475586241835
68533670	0.0389709206480364
68534350	0.00245004541916182
68534411	0.000584785854052769
68535641	0.0020876324978157
68539050	0.00168471292257332
68541591	0.000568819337841847
68541711	0.0143958592490897
68542350	0.00055818511216093
68542760	0.0368728260719905
68545041	0.187586076224524
68545451	0.000383914169282011
68545721	0.0327527859473819
68551720	0.000588049602296329
68552850	0.000477320123806439
68553540	0.000533582313403102
68554630	0.00279525639417595
68554760	0.000457844380501518
68554930	0.0718002231166903
68555490	0.00372968171085261
68555870	0.16232366970194
68556030	0.00235353963983781
68557110	0.000958908122773987
68558490	0.00256352870454394
68559330	0.000330660829440168
68559750	0.000786630117852061
68560891	0.000701829708839082
68561721	0.00562165258975624
68561790	0.00043125105690207
68562001	0.000808667706400466
68562780	0.000504079115519026
68562831	0.00826066081761235
68562961	0.000710465372514413
68563330	0.000561174268987278
68564550	0.00123513873114901
68564580	0.000474419242375936
68565591	0.000844913176622625
68568270	0.0589028256153037
68572341	0.000688576875969016
68575600	0.00306509011161219
68609920	0.00711679891198571
68616980	0.000820680317399564
68619890	0.00461694421276528
68636611	0.000471180230220113
68637561	0.0010780758393948
68662381	0.000443306579521183
68662811	0.0033119955818823
68664731	0.00468310560302687
68672300	0.00227540058496686
68689411	0.000603580342421551
68715771	0.00207448590168826
68726320	0.000470503421207924
68732140	0.000897818271107572
68734760	0.000239317410740154
68736000	0.00296351395048633
68739850	0.0522688839184614
68744700	0.0167830105245532
68759560	0.00233191905756058
68761350	0.000385306987828473
68761360	0.0254382953169659
68762900	0.000734993574501043
68764181	0.00143519360870625
68764871	0.00118665677660018
68769961	0.000726931442097476
68770241	0.00076004973971604
68773510	0.0261687753434686
68777100	0.000956558647315225
68777681	0.000526788874475406
68777971	0.000797960872553069
68778531	0.00359523173351678
68778590	0.00905690692402426
68782511	0.000311070524862688
68784250	0.0027548289831448
68786750	0.00416152549642698
68790870	0.000602525867864639
68791570	0.0150548493145156
68792301	0.0010834129049165
68792400	0.000641379814170631
68792800	0.000281108570065379
68794040	0.000645276979351289
68794931	0.000984935910501245
68794941	0.0035565451574508
68796550	0.0003260411692633
68796670	0.0195997929479285
68798371	0.00183366347143257
68799341	0.00361863939910133
68801490	0.164963750317947
68803580	0.00142218207831571
68804311	0.000718426445086672
68807830	0.000890659136666889
68810770	0.0013935720637494
68812270	0.000479190939984794
68820130	0.00102237832232096
68820291	0.00170627307422572
68821141	0.000330764266964901
68823201	0.0429043415048682
68823870	0.0456263035625855
68824311	0.000694290561287587
68826900	0.0011316560403023
68828700	0.000417606038567237
68829261	0.0021913184609397
68830320	0.00317087700152095
68831741	0.0485421063761734
68832530	0.00206718328971463
68834620	0.00064830527571307
68837110	0.0217938240688924
68838200	0.00129039827473514
68839560	0.00101326579671202
68840110	0.000756395932215254
68841340	0.000262666027389203
68841961	0.000472795806092756
68844110	0.00799509312183079
68847870	0.000371038022182482
68848380	0.0054135523019696
68848650	0.0182797751186415
68848981	0.000744060193761659
68849090	0.0132537310469226
68850361	0.000647860423689264
68853780	0.000887813799224372
68854050	0.000549780944945988
68859191	0.00167719460238703
68859891	0.00125941728530891
68859901	0.000798031459413935
68862081	0.00240077109764928
68862491	0.000476203577184986
68863481	0.000666522182384479
68866921	0.000571099450120502
68868810	0.0339907188252854
68869760	0.00105727449022632
68870880	0.000698807427570205
68872011	0.00760569005001742
68872561	0.054360980949087
68873770	0.143152833720169
68884100	0.163907423211396
68884790	0.00117332878771624
68885340	0.00110908762250767
68894241	0.001325644965023
68897941	0.185628322163172
68898480	0.0570819140377317
68899160	0.0103476978883488
68903140	0.000382408576075142
68903341	0.000583758727939449
68904011	0.000386956534822775
68904240	0.0133946370678867
68904831	0.0013785509963251
68908400	0.000369839290302548
68908441	0.000529758783464418
68911420	0.00078924295201184
68919980	0.000858199852259173
68921381	0.0014245511257255
68932250	0.00249602975182072
68933541	0.000888151527327142
68936001	0.00340970481860427
68943680	0.000507784066586709
68944120	0.0102891294443765
68945330	0.0131619697388693
68945650	0.000729671878809423
68946990	0.000954659365506036
68952820	0.00180334618072636
68953401	0.0999155348577367
68954750	0.000466381304203005
68957210	0.0341480820144336
68959270	0.000359406357971502
68961681	0.00883220790253698
68966460	0.00140837007707288
68967031	0.00299073554682631
68967820	0.0966422863070981
68968291	0.0225152986690158
68970170	0.0109712206454278
68970781	0.000598019123354624
68973350	0.000860307585999968
68975041	0.00254463036897231
68978330	0.000456624909080616
68996520	0.0680519499848294
69581051	0.0183928621059369
69623470	0.000293023902594623
69623490	0.000463046654645399
69636911	0.0740299165693134
69639880	0.0205481881413623
69640221	0.00681997748861117
69640351	0.00257396379673559
69643220	0.0194455242548448
69643330	0.000670118749690573
69644570	0.00142135862781684
69645290	0.0278786850145202
69645301	0.000313210046134001
69646421	0.0111693356098809
69648570	0.00589605590025542
69650080	0.00207332953254594
69650100	0.000295649027289221
69650110	0.000392746885759795
69651890	0.016693725102474
69653940	0.5232943977881
69657301	0.591573760950884
69662800	0.00096738692569507
69667220	0.0137244037618751
69669660	0.000902344742956021
69670401	0.000452088831170901
69670681	0.000363830306135726
69670910	0.000301611821658401
69671330	0.0152951854810024
69672420	0.000301108851310164
69673700	0.000366680082239084
69675050	0.00643991594176966
69676730	0.000322352020580693
69678541	0.000520654187749573
69680140	0.102009541509462
69685390	0.000465455574282071
69686630	0.000891492515082242
69691941	0.0683826135802044
69694080	0.00228300639279418
69694131	0.000289348913122644
69695900	0.000576010390519984
69697171	0.00802210497926252
69699480	0.000455692499081818
69700140	0.000463795524272594
69701670	0.00118415605516043
69701930	0.000402910429361172
69703661	0.000541424075793005
69705280	0.000644828925374756
69706541	0.000690354534942904
69712990	0.000710900198815404
69713301	0.00959247037117589
69726411	0.00138753137711955
69729591	0.00112650017010424
69732061	0.000670661437190411
69733120	0.00187044931987324
69739911	0.00042770629526258
69741701	0.0354242063077525
69741711	0.00068656568542451
69747381	0.00072682134521123
69747480	0.000575651843609759
69750360	0.12980500754615
69750801	0.00429145957925226
69752871	0.000390031304271115
69754620	0.000539627499400921
69757680	0.000590872989367139
69758230	0.000511695466992271
69758360	0.0109111792254322
69761851	0.000578185125023279
69762801	0.0111548671914572
69764860	0.000552541644033323
69769281	0.00167709621884879
69769800	0.00104252007580369
69769851	0.000859436156101396
69771870	0.000580688897997396
69775060	0.0279781405061878
69776860	0.000844448877120954
69778121	0.000739746090472785
69779221	0.000987268247347403
69783180	0.000658391767606475
69789800	0.00125980807321085
69790391	0.000494990348781383
69791750	0.16722287995828
69792601	0.000951566186181242
69798210	0.0020901363609383
69799610	0.00300374802479318
69805550	0.00313229894728503
69810531	0.00365385190387287
69813950	0.000391925950114266
69819921	0.0544298557154166
69830801	0.0234562453436061
69848591	0.000326160398085136
69904710	0.00978662134304751
69909950	0.00310621310165843
69910640	0.000508126281405181
69912010	0.000357852486947413
69912410	0.0240785878753624
69912871	0.0191093072896665
69971751	0.0319204096411889
69971860	0.000827849393166238
69972311	0.00137393717373459
69975990	0.00118345039701773
69976010	0.000605407918185506
69979450	0.000553982545667048
69979751	0.00399155222535063
70035871	0.000346401991327114
70041890	0.000803307339744596
70044100	0.00144812807636845
70106091	0.00599163198128291
70110020	0.00986285341330699
70168240	0.0140961194205611
70170771	0.000653365751650467
70170891	0.00253354270603196
70171300	0.000552666278832926
70172161	0.00341130702691211
70176400	0.204240364595371
70236961	0.00044847399557745
70243000	0.000702390681546681
70243301	0.000649471972779495
70243581	0.0903946406374317
70297771	0.000560237500238845
70300401	0.0107099653713967
70302830	0.000429092529277524
70365870	0.000424036876910269
70366051	0.000477388754214405
70368900	0.00213798737991158
70370741	0.000680783950307173
70371011	0.000617042671454123
70371861	0.0514989725600032
70375380	0.00128182623328891
70431831	0.000745941122435061
70432381	0.0812673705829716
70434400	0.0191661239876719
70467821	0.0208368425153636
70586400	0.000856322956178179
70676221	0.0400448765604349
71147450	0.0155526352867075
71174310	0.00208826559838252
71186470	0.00235364587447323
71289650	0.00205229426832219
71291840	0.000982868654888383
71340090	0.0186622131740052
71353890	0.00207462838637761
71355311	0.153753537182868
71357490	0.000678619235420779
71359570	0.000686568259105533
71359731	0.000454098696717566
71359741	0.000446841888019065
71359840	0.000799486145344908
71360220	0.00134788351533554
71360431	0.000332346117857732
71360630	0.499784407083219
71378891	0.0249346635277155
71382010	0.00113170469986562
71384131	0.000913167367540591
71386180	0.120990418491582
71388291	0.00658961334149078
71412940	0.00218093669954257
71424691	0.000482344131702312
71425200	0.000570540481203114
71431871	0.000464662868844389
71433310	0.000457156096538816
71434320	0.000268878900463337
71436490	0.000638017858941111
71436630	0.000406982238727338
71452620	0.000765694862843714
71456760	0.000313935326076348
71458320	0.0102608077524141
71459431	0.0418136532866607
71461801	0.0954275816540898
71475800	0.00225706163699265
71476350	0.00101789926361238
71482160	0.000591584396391395
71482440	0.000569690294908268
71484971	0.000753932640725484
71498430	0.000313448084447424
71499031	0.000428371652048834
71505101	0.00512065506054541
71506030	0.000818692160983953
71506471	0.000508111685586865
71509580	0.00319309864399601
71522471	0.00145844134200154
71524681	0.000434277560104109
71525050	0.000790504090287843
71527571	0.000610821786528038
71530290	0.000667923320719122
71530960	0.000330468206864879
71533340	0.00186526560528905
71533931	0.000888033913308802
71555011	0.00385160355713086
71556100	0.000437618279241025
71571161	0.000937423069022966
71571301	0.000577268653572558
71577050	0.000326134224541117
71577990	0.00187025462078008
71578311	0.00354233601073777
71581450	0.000582964374173345
71581870	0.0261098772895103
71596470	0.00148229895606143
71599240	0.00339131590925478
71600681	0.037888145053307
71602871	0.00132157759482366
71608401	0.00167852357906392
71621030	0.107348403409774
71661430	0.0946361971909139
71677211	0.0120534063541945
71679240	0.00104384663987656
71682130	0.000391305763602858
71684381	0.000821331568422042
71687080	0.0158475073475435
71688900	0.00290404493104791
71717710	0.00162883272746558
71719510	0.000709345562235846
71721290	0.0111239178497402
71721600	0.000273961365503694
71734390	0.0121601859442675
71754010	0.000385216733730499
71756210	0.000569897454152863
71775121	0.000711543527298029
71776310	0.0523100680385223
71779080	0.000791473777209648
71781611	0.0057699000838091
71782581	0.000696507767439873
71783630	0.000206658478867205
71783650	0.00123787818087411
71786380	0.0656631097694269
71787520	0.00158556368546101
71787691	0.0030319792880102
71790280	0.0163803815925076
71790421	0.0551634087457294
71792050	0.00107074897617135
71792361	0.0999051262960058
71804231	0.0112440744934259
71823070	0.0018543889863454
71823920	0.00126047032787348
71824620	0.000639030506859034
71825321	0.000869345361172697
71826151	0.0360012428407514
71841560	0.000702367853907828
71860911	0.00448191430893779
71866701	0.000388116687076667
71886021	0.00715222630626251
71889830	0.0372821913485072
71891510	0.00127765566596223
71892310	0.00081213578787233
71892580	0.00636894740487885
71894011	0.0386061493628332
71919121	0.0010060856162937
71937581	0.0021959864112554
71953031	0.00163596021902921
71959610	0.00109090064822864
71969861	0.000758460558065408
71982080	0.00911261380639257
71984300	0.000959793976452741
71985410	0.01420099461414
71985711	0.00178865011998979
71986151	0.000675850605871718
71988331	0.00155825602489009
71991470	0.000476806073026022
72009110	0.00667661868379936
72050261	0.000669258330948535
72051590	0.000777828971994706
72066630	0.000876126876087784
72067580	0.00579287871077726
72072580	0.000750193695175889
72083521	0.00163753198844669
72083631	0.00184475885264995
72096601	0.00141073406002164
72097841	0.000656659510751851
72105370	0.00413565028359392
72119200	0.000624398916129243
72126090	0.00205796141336314
72130930	0.00110851054144613
72135590	0.00326807888012265
72137721	0.0108526479266233
72139501	0.000517921021325688
72153120	0.000383076486198441
72155631	0.00183560981656455
72158401	0.00284829046134041
72159351	0.00606563328088842
72162230	0.0931212689987638
72175440	0.095817745729098
72176830	0.00108955882643264
72178200	0.00204756002956436
72186090	0.000729512399966896
72187060	0.0167874588216802
72198230	0.00331983581538719
72198750	0.00783450484728421
72198910	0.00526443864522579
72199870	0.00361247977894728
72213681	0.000446331289034922
72221650	0.000737394405648466
72222460	0.000417830580966047
72222500	0.734002765189749
72226610	0.00232853650404199
72232051	0.00131749381657234
72232311	0.000539133850473404
72241821	0.00129381978199675
72250740	0.000478242950285389
72251710	0.000426874814714555
72256130	0.00445560943285105
72264601	0.000647364753979953
72279460	0.000608485651339016
72282320	0.00248126049824924
72282661	0.000356181230048634
72314630	0.000461732336130006
72326740	0.000791537527893596
72336790	0.0206003621953756
72347010	0.00040852304999413
72348790	0.0161989948962101
72350180	0.00218776105741534
72352591	0.0504109595125809
72367481	0.0151381933721222
72393541	0.00448399628254968
72394170	0.00117151799189978
72395170	0.000418506415895567
72396250	0.00124683587431563
72399731	0.000942355394967881
72417541	0.000918238939117435
72418580	0.0261036637026099
72443041	0.00174598628658641
72458160	0.00144221279756214
72466170	0.000607333998390045
72468540	0.000995089836176487
72474020	0.000579547516951422
72491331	0.000558176091902725
72493330	0.000286040873078919
72496540	0.00121265809362511
72498290	0.000657871997660192
72509910	0.0116641397233559
72510761	0.0035617599795187
72514160	0.00653993364437782
72514430	0.000234747526558944
72545490	0.000658763499144262
72558061	0.0544500375813725
72570160	0.00153654150055408
72571150	0.0309718854440669
72571970	0.0019984702797748
72574030	0.000894242500012201
72574040	0.000872046498917315
72578901	0.00254704327816248
72581651	0.00124576564396058
72582040	0.00190257073180702
72587670	0.000843723708701708
72589480	0.000350829438742778
72601231	0.000470614712886487
72604701	0.000670534681780003
72605350	0.0017703876703164
72618170	0.0191864267956786
72619571	0.000585325249970777
72621490	0.000330901505014886
72621610	0.000718954599443506
72628800	0.00202918176390145
72628811	0.00185517167762767
72631000	0.000759831918412613
72638761	0.00350698297071249
72638881	0.0179427350628624
72639041	0.00027363416373148
72645320	0.000597510223726352
72646850	0.000409782257307833
72650960	0.000820977265058478
72651161	0.000687784013502935
72655000	0.00215542973340156
72655171	0.00083652612881354
72656090	0.00439384066381491
72667520	0.000751286396564052
72671540	0.0012219360306027
72676411	0.000681024085760332
72683291	0.0039467045203964
72685740	0.00410468681876833
72897840	0.00172832879657838
72905310	0.00445918350208657
72916320	0.00150749167303354
72917040	0.00502241002270231
72921140	0.0172700682491917
72925320	0.000328843765659674
72926670	0.000284147574888482
72928190	0.000371318895019795
72928470	0.00359240712588646
72929440	0.000963423202748618
72932921	0.00357265205247215
72939240	0.12215316459733
72943780	0.000337442905595179
72945850	0.000675737982757553
72948450	0.000755691026014826
72950420	0.000374562064400478
72958250	0.00168089587183316
72962011	0.0521557060087386
72965310	0.000797578520329522
72965450	0.000661634615467846
72965700	0.00415308371183009
72969270	0.00100305958344352
72972470	0.000668899847129658
72978250	0.000750445188811257
72978790	0.0025326530958811
72986841	0.00183566305357704
72988990	0.000296587914607639
72990841	0.00125336895178832
73005061	0.0713459052622585
73008870	0.000552221923867063
73017960	0.000645814826325042
73020300	0.000774682922008832
73022701	0.000526236188440743
73022721	0.000398165770645376
73022800	0.00336993218904483
73027261	0.0848938003326935
73027330	0.0783249669912336
73028480	0.000870097837970666
73031350	0.00387222618134483
73035671	0.00201904577610431
73037830	0.00147289907339873
73039391	0.00325243136213173
73045420	0.000714276423828482
73047210	0.000492294359093996
73047650	0.00038915711134714
73048221	0.00123661745025686
73049171	0.000672599371042161
73050130	0.000968174852068611
73055681	0.00104194794846764
73059190	0.14150035239143
73059220	0.00617108621699237
73059750	0.00126124138755848
73061191	0.00826351272473625
73064050	0.000554093000986719
73066510	0.00108715102059396
73068201	0.00141923090342658
73068761	0.00157726844392049
73069020	0.00240743346619097
73071600	0.082666593911057
73077031	0.00062017915787164
73080840	0.000830624078877417
73094500	0.0022323082119239
73096641	0.000336827096021125
73096891	0.000799219444593502
73097591	0.000590752652881864
73097680	0.00412851251500783
73100351	0.000533234932074089
73172990	0.000993595141360605
73381151	0.00161059809774468
73509520	0.0553990436650076
73523901	0.00312618912711021
73529890	0.000167321092044092
73536441	0.000636667479203024
73540711	0.00228130849046591
73541271	0.000463346399672472
73544260	0.00212810060910719
73550730	0.020015794986664
73551000	0.000379897495125794
73559280	0.000418750692235581
73560571	0.000547202302897519
73561080	0.000381113289657578
73567420	0.000579367179065455
73568270	0.112133083998362
73572670	0.00159767566225822
73573100	0.00465463191102589
73578300	0.000906046477958273
73579430	0.00130500343790376
73580100	0.000304408149489151
73585111	0.000869798637817088
73585620	0.000285325200040146
73589401	0.028223361437301
73702730	0.000949690315359931
73704390	0.000777239615596307
73711031	0.000898214082002277
73712100	0.00152507537222904
73722030	0.116967439329773
73722050	0.00178987040786865
73723010	0.00413311939448947
73724951	0.0185801709873234
73726351	0.00250996785918269
73728370	0.00231331045807084
73729470	0.00123862095040579
73731051	0.000200867195989185
73743181	0.00130839341631265
73752780	0.00118873893890833
73752900	0.00150108850323389
73755140	0.0852193302126923
73757910	0.00204895280017327
73763690	0.0691798618771048
73764411	0.0409656908441569
73765730	0.0508146620232154
73766741	0.000673479390268171
73768100	0.045983417541354
73773340	0.000711931681683489
73777101	0.00301458740258374
73779690	0.000659141637335219
73781651	0.000572738663162715
73792131	0.000929888882044832
73969450	0.000524625827572917
74110140	0.00185611338419474
74113761	0.00055557139299699
74116740	0.0017808755597067
74130670	0.0444729868433864
74131531	0.00178645715746163
74135360	0.00123933079464492
74137471	0.000407753685469448
74140931	0.0316324662343485
74141300	0.00136797139057382
74149280	0.00167973345617317
74152070	0.00164658189459878
74161840	0.00408553045118736
74164890	0.000962021446853919
74165580	0.000601314449381615
74167630	0.000492806835441659
74169010	0.0156409822898213
74170861	0.00108878644583165
74173130	0.00160566165704774
74179271	0.0359648941943976
74338551	0.00277484402446601
74353981	0.0010912710046265
74360690	0.000404393513033761
74363320	0.00131205827155615
74364351	0.00353726718270986
74369670	0.000376070051643461
74374001	0.000868861452162877
74375450	0.0669801362279553
74381451	0.00262852025720781
74382780	0.000725595073651497
74385970	0.000319199605855978
74389041	0.00323768743265333
74390391	0.124663184805779
74392550	0.00133685828708172
74395081	0.0155209773123716
74407911	0.0240275430487735
74408830	0.00119034863890861
74409550	0.000820542211421339
74410240	0.000920503801838868
74411180	0.000713000980672273
74413510	0.00137394476994531
74417451	0.0253873103836333
74429510	0.00508500458311033
74433721	0.002175518848746
74434350	0.0024725822033374
74436170	0.0346867792274668
74441851	0.00279774916963659
74448690	0.00145070006410383
74453031	0.00260046414734615
74456970	0.0474924771020326
74459460	0.136960305358927
74474531	0.000569980227783156
74491030	0.000571697164993394
74498111	0.00455825452073789
74505551	0.00220709794712385
74508260	0.00120776345462438
74509110	0.00906338746286172
74515170	0.00314745135322457
74519890	0.0018341646714385
74522470	0.0215163899370853
74523300	0.000993508424407238
74535231	0.00322082798250648
74536471	0.0115377233844499
74537011	0.00115761264157792
74545011	0.00124418607574731
74548041	0.00252263971485605
74549841	0.000572258980341759
74558391	0.00105301346403276
74559081	0.0503680872081377
74574620	0.000559621202853018
74576840	0.00137563370044398
74581370	0.00713489965958053
74590791	0.00135804312080404
74608660	0.00344819909978549
74610651	0.01890920358205
74620530	0.000483007270080978
74621841	0.00151511260676823
74621961	0.0470022499285775
74625350	0.000696547594557488
74632820	0.000922297054550114
74632940	0.00235743308719007
74633920	0.000507907498145853
74635290	0.0109282532230469
74640680	0.00154349238785238
74652120	0.00316299304541682
74653831	0.00576491360732311
74655191	0.00390516738703361
74661360	0.00296474372383328
74663720	0.0153761295098514
74664711	0.049589544894642
74677910	0.0017224139050188
74688530	0.02315296800698
74696161	0.000547192643290194
74698200	0.0024722159432855
74709090	0.000550882931356504
74711960	0.0201337234540133
74714091	0.0292688671782221
74734600	0.0012775131655685
74734651	0.00334953627345
74738241	0.00279728591922457
74738501	0.00214328932696902
74740270	0.0443138549843412
74745210	0.000932705200749981
74746870	0.000882437083331435
74756120	0.0015115125474013
74757811	0.00102290039747895
74772530	0.0021022104493183
74785951	0.00138647357596305
74794481	0.00149097411524943
74815840	0.00157791649285618
74827670	0.000985206473887744
74830730	0.0023698277032842
74839181	0.00182745843713366
74850040	0.000954594294243738
74854740	0.0234360182514727
74859390	0.000878642210762694
74874320	0.000720544330827335
74884411	0.0169351626025125
74886071	0.00182391038672997
74904350	0.00269827040751391
74904981	0.00124359735882123
74907260	0.0235661732885824
74907970	0.0104887579447792
74910761	0.00354794369353447
74915670	0.00105283467485357
74921620	0.0115984180208484
74930720	0.00294615371305531
74935660	0.00306405090286293
74937781	0.0670510437351889
74942830	0.00149514101274103
74948380	0.0016733063205685
74951400	0.0202083037955405
74952681	0.00496413117045997
74974850	0.0142588152689685
74975930	0.0217915522986764
74979820	0.0139353147664759
74994410	0.00220896590203994
74997511	0.00186401022378257
75016391	0.000940882167989955
75017050	0.00359986306315686
75018061	0.0037089580798644
75031120	0.00151147205757123
75043810	0.0215224471367491
75059660	0.00287433601189866
75066290	0.00574618712444673
75070140	0.00468310560302687
75077030	0.00380773770241929
75082970	0.0127641530922186
75094171	0.00349790086952193
75095110	0.00220619096559126
75100541	0.0320827927172916
75109481	0.00206052552093596
75110970	0.0275785806656627
75112671	0.00289586495129058
75115711	0.00264672709467243
75118550	0.00445918350208657
75120401	0.0266073173552829
75131011	0.018689396698051
75137870	0.00553850274327773
75147281	0.0214493065022565
75155981	0.00303731902354895
75187940	0.00437202353390435
75214571	0.00460272451411539
75225280	0.00468833163485306
75234270	0.00456572295646764
75236630	0.00408066471997156
75250451	0.0220323951042482
75254991	0.0222893173991782
