numero_de_cliente,Predicted
34080250,1
40412061,1
30288530,1
43026490,1
43167170,1
54552140,1
36662290,1
23203061,1
44677190,1
32183500,1
11893651,1
29442550,1
28793830,1
20196060,1
67936640,1
62385040,1
45275050,1
38034400,1
24228150,1
29846090,1
41772201,1
24234961,1
30960180,1
49887450,1
61157010,1
65005991,1
30240550,1
14161040,1
38755130,1
40653360,1
61192251,1
41547330,1
33035260,1
56758691,1
35473840,1
57148841,1
49609680,1
52079371,1
61499040,1
54870730,1
31151610,1
36835941,1
62338021,1
45500820,1
34650080,1
47997500,1
56139980,1
61564270,1
28818240,1
15055840,1
64973571,1
31781921,1
29020810,1
48648751,1
39004180,1
57928901,1
68363630,1
23581730,1
33658261,1
63200950,1
27013600,1
27765090,1
36930951,1
32360751,1
57835780,1
68219070,1
30066770,1
34960800,1
64112550,1
62968270,1
69657301,1
54610271,1
43812761,1
22442891,1
14228941,1
54175240,1
38084730,1
22722711,1
55332921,1
23802711,1
40338971,1
72222500,1
15077220,1
22888491,1
56418430,1
35278270,1
26293171,1
44772050,1
39946840,1
12804021,1
37961430,1
67214530,1
55138211,1
54170021,1
11705610,1
55167390,1
28185040,1
33699870,1
42286471,1
38335440,1
20395790,1
27292180,1
30665580,1
29291461,1
53296030,1
36620921,1
62402871,1
23617931,1
29690021,1
30307040,1
48653260,1
46542101,1
62337570,1
21357771,1
61195500,1
54732991,1
23723151,1
29278700,1
51609210,1
51276950,1
16277520,1
62330110,1
63186860,1
42990360,1
71360630,1
44542081,1
13535190,1
21949571,1
49624310,1
54889230,1
28762951,1
27866750,1
28511121,1
48406171,1
13558390,1
65167590,1
61165980,1
53148901,1
29744641,1
12862200,1
28068530,1
16511731,1
28208630,1
42587401,1
61895741,1
57492001,1
68143260,1
50052051,1
62375780,1
16029171,1
58624230,1
39946020,1
27282970,1
52642211,1
40039110,1
55342840,1
56899880,1
30685340,1
30506600,1
47193420,1
12110290,1
28879880,1
62098590,1
53175261,1
27156640,1
16488770,1
41865120,1
54230861,1
39024221,1
37828391,1
42770110,1
58710420,1
61598060,1
21893291,1
51841491,1
62702790,1
51890390,1
13800311,1
57957830,1
40480351,1
62532491,1
36885710,1
49693830,1
43880030,1
36112960,1
38711000,1
28180630,1
28619210,1
38028850,1
13318041,1
39935690,1
27055291,1
56349330,1
47283251,1
61494250,1
54911201,1
56971440,1
67612540,1
67636571,1
21391681,1
15782100,1
57820340,1
68531911,1
61849121,1
50953041,1
61009730,1
15699110,1
45353640,1
12624051,1
34297341,1
26281550,1
28276360,1
38436041,1
52076901,1
22991101,1
41151281,1
47506271,1
68157911,1
30668391,1
40712321,1
70176400,1
45110500,1
41827440,1
54487371,1
27949971,1
22286310,1
40405420,1
33788100,1
48743620,1
46761740,1
33624741,1
56716470,1
46881050,1
26080480,1
57231010,1
50882680,1
23605590,1
13214710,1
15558741,1
30501220,1
38396970,1
58438730,1
38470620,1
62287220,1
29086750,1
62574530,1
69653940,1
58567161,1
12003650,1
57610331,1
29040871,1
58719141,1
47151691,1
29141930,1
53079261,1
42327171,1
56784310,1
54139950,1
32653360,1
13742080,1
14705800,1
52844750,1
61234660,1
23674311,1
56482980,1
61061921,1
24732370,1
57244410,1
49750790,1
62214201,1
53830190,1
68416071,1
67557520,1
29893020,1
23877201,1
32164071,1
50527780,1
48868430,1
54668140,1
21211851,1
42707610,1
46365291,1
47808151,1
39613930,1
23956211,1
35557840,1
45894440,1
58244010,1
48221590,1
31816340,1
52982390,1
37764210,1
52572301,1
49926750,1
46761630,1
43097900,1
12306841,1
41764290,1
35260910,1
26833240,1
47964571,1
63034511,1
29338460,1
38178001,1
22336380,1
63451120,1
34965070,1
40756110,1
15938421,1
50166050,1
40038601,1
43213920,1
53410240,1
45957580,1
50660531,1
37448660,1
39857340,1
31822881,1
41803631,1
36291031,1
34877530,1
68380081,1
63265661,1
51570611,1
58498201,1
40935670,1
64781440,1
31695820,1
15141920,1
57558311,1
14254030,1
57681201,1
16042900,1
52473671,1
41325081,1
43248270,1
51631701,1
36035221,1
62661311,1
47792800,1
44757460,1
56860751,1
40694931,1
62524901,1
28652771,1
29484370,1
28439541,1
65288390,1
43972990,1
27449550,1
38087360,1
53735140,1
44441941,1
12524570,1
45393141,1
60945111,1
12453021,1
53644930,1
12318431,1
40163421,1
46302961,1
20581950,1
25777941,1
41193320,1
23526150,1
42289310,1
57577911,1
49213470,1
46925221,1
68884100,1
38541060,1
27788051,1
68034741,1
20522100,1
24801440,1
47480881,1
68510401,1
16414580,1
45407911,1
27864810,1
36289671,1
69636911,1
58000860,1
27210041,1
38476550,1
38624821,1
36069401,1
28847340,1
47877401,1
29585440,1
36742581,1
24391710,1
34376170,1
71621030,1
46743601,1
61923400,1
49232961,1
53225980,1
59437900,1
58753190,1
53673811,1
43762240,1
37922291,1
42832420,1
13837940,1
44408441,1
44445941,1
13011400,1
47685151,1
42822951,1
27795351,1
27232401,1
54089231,1
21238590,1
41064910,1
58793310,1
30449610,1
68953401,1
62035140,1
14666220,1
61662350,1
58247450,1
61523911,1
43350351,1
33988360,1
32184850,1
20449041,1
64236991,1
32926601,1
57018050,1
36577211,1
21736440,1
12685981,1
54189720,1
24589500,1
40857910,1
28783340,1
22347390,1
31700411,1
43496630,1
16547011,1
56123331,1
20340450,1
42565140,1
57342440,1
44944211,1
42015710,1
32581001,1
15849311,1
24565261,1
31385541,1
26582391,1
39379070,1
44981990,1
35584491,1
71386180,1
51249961,1
41702380,1
34334250,1
39585411,1
30643171,1
23589610,1
21778350,1
56677680,1
60915301,1
45884330,1
30400640,1
33199131,1
58891780,1
33453431,1
36780750,1
54137590,1
31570200,1
22316630,1
37037171,1
54168750,1
20682111,1
64146101,1
55036080,1
28760891,1
41689571,1
14849841,1
61249321,1
23944470,1
27093771,1
37845481,1
36720750,1
53762641,1
22002111,1
41360210,1
62673540,1
21797151,1
14840690,1
69750360,1
15247010,1
45590610,1
45800360,1
22181210,1
27671781,1
13966600,1
56321760,1
50184410,1
22712200,1
55454390,1
54386110,1
35485980,1
36969721,1
62673820,1
27869951,1
68545041,1
36126921,1
22541911,1
38624950,1
31144590,1
29424951,1
55053320,1
68897941,1
68181430,1
44299331,1
36853300,1
45700350,1
27105050,1
55278850,1
52919530,1
38930270,1
41312371,1
54332180,1
13613400,1
36496251,1
43898421,1
31694730,1
26830170,1
54282660,1
31175381,1
56323701,1
62338451,1
46931530,1
40219681,1
46857651,1
46874201,1
15743070,1
55478130,1
22233640,1
26959451,1
50612460,1
39491710,1
32310541,1
53622221,1
39608270,1
33277341,1
48881691,1
38050831,1
46970560,1
67267111,1
12036350,1
68325980,1
71355311,1
21916400,1
38927120,1
57209790,1
56522181,1
33594931,1
23076341,1
63599920,1
57179420,1
31556281,1
51167081,1
51369610,1
15283250,1
25086960,1
49354160,1
46509291,1
32078851,1
40049341,1
42644371,1
58475700,1
20669940,1
68873770,1
26848950,1
55184381,1
14061801,1
68416880,1
24375590,1
52648821,1
33170530,1
39664550,1
41422670,1
44436640,1
30713201,1
42118730,1
48742370,1
56457631,1
33380170,1
43027061,1
69791750,1
42628371,1
68555870,1
64843671,1
45715270,1
22219300,1
59365770,1
51369551,1
57213220,1
54191780,1
49154330,1
15401661,1
52206370,1
68801490,1
21968430,1
15870131,1
63401050,1
43202911,1
22473231,1
24003920,1
53821121,1
49611131,1
39420400,1
43083710,1
57475280,1
41087270,1
33227951,1
11725200,1
47909521,1
53504840,1
45606310,1
31630010,1
32786430,1
16407461,1
26929620,1
33215070,1
68339240,1
61455360,1
70432381,1
47113611,1
51026401,1
36527551,1
30855561,1
41934921,1
13015670,1
44110900,1
39302640,1
68996520,1
28753830,1
41186030,1
45197420,1
31419180,1
50344370,1
37215631,1
22126610,1
41809981,1
22679230,1
49531671,1
36481040,1
34691750,1
26962710,1
45995900,1
33344580,1
14441420,1
28985691,1
35237801,1
33264730,1
61216381,1
37173650,1
48346250,1
19186650,1
39627290,1
73568270,1
47660731,1
62401450,1
50071980,1
57228950,1
62621570,1
26090020,1
61986870,1
31148730,1
33428881,1
47672871,1
40633100,1
38542620,1
41399620,1
67364590,1
38570081,1
14345890,1
39070021,1
33285881,1
56735401,1
64793191,1
28920461,1
20197590,1
58790020,1
11818280,1
23187850,1
47612061,1
36829120,1
52250500,1
61214000,1
21023420,1
72162230,1
53854700,1
72939240,1
67437690,1
42196390,1
41845360,1
62307510,1
67689541,1
47680280,1
61063441,1
57968290,1
50160301,1
33968370,1
35143741,1
29105500,1
61229140,1
37279160,1
55620420,1
28925571,1
54588310,1
62510800,1
51230251,1
38206920,1
32101410,1
14716600,1
57778680,1
14819921,1
57764870,1
61571870,1
34379811,1
27005050,1
57901051,1
36562950,1
46980070,1
51165141,1
25516861,1
36332841,1
53383911,1
22903880,1
31540301,1
43586560,1
63662031,1
47486370,1
16357121,1
73059190,1
29086740,1
23980030,1
74390391,1
55806480,1
45420311,1
21954521,1
28156390,1
54668581,1
33321731,1
26147790,1
74664711,1
13525960,1
44620650,1
24475010,1
48993951,1
45884251,1
61544720,1
47955700,1
54583231,1
28560030,1
47456150,1
47124070,1
50321460,1
48181160,1
49316531,1
26579860,1
26880670,1
42725031,1
69680140,1
35756221,1
38531331,1
48595671,1
46907670,1
27691921,1
65139310,1
56902801,1
12839341,1
13437191,1
27615651,1
57542430,1
53842170,1
49313330,1
15319041,1
34932530,1
14089521,1
61549441,1
32552441,1
64674820,1
49439561,1
21504340,1
45256150,1
32535180,1
45113441,1
40147670,1
29445480,1
56199840,1
43972840,1
28070081,1
29085141,1
30009390,1
47532840,1
63113251,1
46275801,1
56707111,1
41285751,1
24653870,1
45889071,1
49016270,1
56492180,1
62167021,1
38803441,1
32684510,1
31514580,1
34539951,1
53912691,1
67676260,1
12942730,1
56935030,1
53332830,1
61744560,1
15065080,1
29772641,1
37965170,1
20702671,1
26983601,1
29387981,1
37336161,1
62467910,1
33244460,1
27531811,1
21692751,1
23938851,1
35340620,1
49869151,1
25010560,1
63030610,1
29774520,1
38915810,1
27203780,1
40746040,1
32323740,1
28047130,1
30761150,1
29449180,1
24065451,1
44341790,1
68505981,1
52893590,1
54256241,1
43351430,1
28203530,1
64956320,1
31173240,1
60262080,1
56834121,1
56425361,1
53215610,1
32664151,1
31672770,1
62837500,1
39053990,1
53949521,1
55186000,1
49281170,1
70371861,1
46472461,1
15022480,1
22748320,1
36206710,1
39184050,1
25511020,1
15452380,1
45725040,1
29041401,1
64982110,1
24718000,1
25903291,1
38961891,1
68043110,1
54516580,1
21693680,1
54204200,1
26727481,1
38092761,1
68967820,1
58682160,1
69691941,1
31545510,1
24147771,1
56629980,1
39459190,1
40778781,1
45014790,1
39498200,1
70243581,1
45967670,1
29543800,1
40471651,1
28752211,1
51098821,1
32028730,1
46714340,1
26438500,1
27713680,1
63157500,1
40091681,1
41322670,1
28492791,1
23941270,1
58225151,1
73722030,1
45608360,1
28889711,1
50613310,1
47449430,1
14945910,1
29526850,1
36564760,1
62221610,1
50677170,1
35968020,1
63314830,1
43133271,1
25805910,1
34933650,1
30934950,1
25864401,1
30436971,1
49302560,1
72175440,1
33030960,1
71461801,1
23731810,1
23807530,1
38063470,1
20440211,1
46342650,1
56643360,1
14925141,1
32412591,1
71792361,1
50759360,1
14644641,1
28121101,1
31667051,1
73763690,1
32625391,1
47950470,1
68568270,1
61957811,1
44722280,1
56995351,1
25001351,1
40161621,1
23275830,1
41739180,1
46132620,1
37505340,1
21549621,1
36833690,1
32776431,1
57732610,1
61547880,1
52955360,1
54905951,1
15317801,1
19068890,1
34957760,1
56099871,1
34780150,1
20967181,1
57774571,1
54849360,1
38743711,1
64680190,1
56053620,1
38142900,1
22805140,1
54615610,1
20524570,1
26671211,1
71459431,1
53538740,1
47957121,1
15861881,1
20977251,1
47679150,1
45117950,1
59800831,1
61971950,1
23198880,1
58547181,1
47752250,1
36430751,1
35478420,1
36338611,1
14530581,1
50516640,1
41517710,1
33350110,1
38719560,1
38369431,1
41093661,1
63542981,1
27204480,1
56429491,1
14148530,1
37598040,1
73765730,1
61479630,1
68049361,1
46936620,1
42200360,1
30649990,1
46881661,1
37311420,1
56640330,1
62797281,1
25978570,1
49916580,1
35386400,1
30023590,1
23792480,1
34366110,1
40207691,1
63142170,1
40512960,1
57842561,1
68542760,1
28054901,1
37427980,1
24302630,1
46362920,1
42741970,1
25926980,1
31307341,1
55148240,1
25104590,1
27662941,1
37763271,1
74179271,1
47815201,1
67275951,1
54465660,1
68515791,1
53681790,1
41258840,1
34905500,1
21005811,1
32524991,1
22604340,1
42457631,1
57695811,1
40111630,1
56859900,1
15111751,1
51442870,1
47849541,1
74375450,1
46429110,1
27129050,1
56620580,1
62156271,1
58458020,1
33211920,1
61323271,1
16095921,1
43410000,1
31571731,1
42801830,1
68872561,1
58731001,1
46477920,1
53958341,1
61620830,1
21887600,1
49753530,1
58105431,1
15010910,1
29636080,1
40903130,1
48627521,1
12405130,1
16279310,1
56594660,1
62248931,1
42318700,1
48209050,1
57388831,1
47586801,1
49399991,1
42420661,1
56315571,1
61062000,1
33819700,1
41980021,1
53855680,1
30391311,1
46650170,1
42250761,1
14002791,1
31922670,1
46907991,1
53841480,1
73027261,1
49997950,1
36147601,1
34429310,1
34882350,1
22321941,1
41774801,1
71790421,1
44440120,1
16167221,1
33762781,1
25917890,1
30492500,1
44061400,1
11803461,1
45183030,1
71661430,1
15542311,1
13054321,1
27675580,1
74937781,1
21099830,1
54351541,1
30448961,1
40940120,1
28976430,1
29181090,1
56991720,1
21333320,1
24253851,1
44630341,1
67493411,1
22736190,1
43564510,1
26596980,1
24389541,1
57871060,1
32757340,1
31706300,1
45334920,1
43437631,1
24244020,1
39227231,1
66968261,1
68554930,1
72962011,1
34715340,1
44369480,1
43083481,1
48104620,1
13064230,1
65057571,1
39250790,1
46155241,1
23296441,1
25768910,1
67307931,1
57470550,1
23573180,1
33828660,1
56265231,1
41076230,1
61818460,1
28852211,1
43846001,1
11697490,1
28804980,1
61930330,1
42791050,1
26385601,1
49182310,1
14478530,1
14575200,1
55277450,1
27027280,1
21478291,1
21394321,1
28279250,1
52881621,1
56713611,1
15452661,1
23664131,1
48897681,1
47746340,1
22980891,1
25965091,1
38922991,1
32825511,1
16170180,1
39365161,1
26445810,1
40700270,1
53975280,1
54930460,1
28058361,1
37607571,1
26781360,1
24132010,1
28866240,1
15041490,1
61824550,1
21697581,1
27869640,1
49193870,1
32153321,1
30180840,1
35579661,1
15568490,1
13202960,1
29367581,1
21526291,1
29665570,1
16590990,1
62264090,1
28820410,1
28322751,1
38461490,1
50217900,1
16104741,1
29853420,1
26464700,1
46787601,1
32207921,1
22901690,1
27855590,1
27862241,1
41243640,1
16542341,1
13143930,1
15356380,1
55327370,1
12796711,1
48043280,1
62281641,1
45065390,1
43754250,1
39062810,1
25956681,1
58215330,1
34287841,1
51976091,1
52256041,1
20230311,1
19359101,1
57385801,1
62568020,1
23752791,1
70676221,1
31428991,1
23075030,1
21641700,1
15617201,1
50535950,1
61662470,1
33063100,1
34457270,1
21039181,1
74459460,1
15200940,1
68823870,1
16135180,1
47047100,1
29002111,1
58700251,1
26720130,1
16182091,1
36429771,1
15560231,1
16330351,1
73027330,1
45728261,1
45629050,1
21996830,1
49289600,1
27318591,1
42287820,1
54567180,1
26678511,1
57870431,1
49466311,1
33452211,1
29096130,1
54515600,1
32096501,1
21277921,1
68739850,1
30912190,1
56510311,1
33349430,1
22883500,1
71786380,1
12675621,1
62998620,1
16195590,1
48371411,1
36942411,1
13087140,1
34511681,1
37771390,1
14664481,1
40557031,1
34527111,1
35034060,1
31046151,1
14916690,1
29157941,1
26692851,1
16329121,1
22201610,1
53079971,1
40786791,1
27205610,1
52452660,1
29684070,1
33783010,1
42966531,1
41043800,1
41164090,1
35177801,1
57935251,1
37663971,1
31011511,1
67229570,1
46933460,1
21435001,1
23835001,1
53138390,1
45540151,1
40431760,1
73755140,1
58512681,1
31238961,1
28323370,1
31090971,1
38712510,1
29758571,1
27046020,1
31713340,1
12712540,1
41891970,1
26243411,1
26345181,1
32050000,1
37767110,1
22742670,1
52820541,1
59095490,1
34701861,1
24116460,1
39405711,1
52336540,1
49459630,1
58507451,1
22524760,1
68898480,1
45456810,1
35794920,1
33296621,1
51570710,1
26964230,1
68413461,1
38363600,1
54682610,1
54307500,1
26906740,1
53802060,1
33223070,1
23396360,1
33674330,1
36137380,1
13829510,1
45138080,1
12931741,1
13968451,1
38854980,1
66096190,1
15065531,1
16018370,1
35179960,1
38727380,1
39379060,1
24691820,1
27951560,1
14346741,1
53207391,1
45104030,1
56556870,1
35576781,1
26395791,1
20419681,1
34494250,1
72418580,1
14128920,1
57753830,1
47607990,1
24864470,1
11695140,1
30923391,1
12544170,1
69645290,1
49953380,1
13265450,1
57173411,1
34570390,1
60949040,1
48132380,1
72558061,1
32731720,1
74907970,1
26905791,1
63297610,1
74436170,1
21721800,1
70434400,1
34012421,1
52533930,1
46961880,1
29110750,1
27038061,1
30651561,1
36336431,1
26766900,1
28288821,1
33631091,1
53825900,1
31340861,1
31827691,1
67382941,1
26800110,1
40607570,1
12562941,1
29007771,1
23324930,1
27977200,1
40116921,1
15755500,1
48422970,1
54560041,1
31256970,1
14546270,1
73764411,1
28869281,1
52479741,1
33685411,1
24071381,1
39635030,1
56563281,1
61876281,1
13803481,1
34710401,1
39373110,1
25714221,1
45557240,1
73768100,1
22143030,1
23019091,1
52990260,1
63105080,1
34078751,1
55181060,1
63418410,1
40831020,1
47947710,1
57474550,1
46714651,1
34735761,1
41075591,1
26704051,1
14938220,1
61527750,1
21898251,1
66987810,1
54478800,1
31369001,1
29494150,1
40683180,1
38324810,1
55136480,1
42162221,1
49607500,1
61457430,1
41185491,1
34933811,1
36232540,1
13890750,1
53390961,1
38224720,1
31211901,1
63646240,1
25588250,1
51358190,1
12101471,1
62722131,1
54381451,1
45700841,1
40063660,1
73071600,1
44271580,1
14792000,1
53324560,1
15027491,1
15150320,1
21983160,1
61453731,1
29511691,1
31164980,1
63080810,1
30394020,1
52893361,1
20891990,1
60272720,1
28382280,1
22784221,1
36780781,1
61776721,1
12307241,1
51115781,1
25669541,1
29229210,1
23200181,1
42913260,1
20660181,1
29213821,1
53302640,1
25681350,1
29464920,1
16115361,1
32979250,1
45288130,1
37062210,1
15543370,1
54583931,1
57002951,1
43359010,1
32862071,1
12169321,1
33664321,1
29267950,1
21824140,1
22115140,1
46946030,1
11812131,1
14325990,1
51082890,1
62134140,1
22200370,1
62686210,1
47865551,1
27303650,1
32823721,1
16454201,1
46059920,1
44353620,1
49273101,1
65072450,1
69912410,1
20638250,1
71776310,1
46748971,1
71894011,1
12078871,1
62370950,1
26560280,1
20972790,1
41807570,1
43993670,1
14565881,1
51455020,1
31392010,1
34364931,1
28220541,1
32809811,1
61191660,1
57226850,1
29867791,1
52524380,1
23869720,1
57758250,1
57204281,1
74130670,1
44227570,1
27297761,1
57339181,1
43702851,1
62762920,1
40416720,1
15655831,1
41024640,1
64931470,1
22351530,1
40034270,1
52249971,1
40141850,1
23892511,1
57314880,1
27423630,1
16182391,1
22879080,1
69581051,1
23941451,1
12064780,1
46412990,1
26085150,1
23563591,1
14586650,1
26981521,1
39264061,1
33550111,1
55387001,1
68773510,1
16359041,1
26969791,1
40940301,1
48068650,1
53158130,1
34529270,1
44148290,1
23717850,1
36964860,1
67504721,1
26796991,1
62228951,1
45215911,1
45832510,1
38561790,1
22176981,1
34925281,1
28796491,1
39102810,1
43011430,1
36887671,1
42150481,1
34647101,1
49001770,1
39470391,1
33268620,1
22657201,1
31036740,1
68237891,1
44593460,1
12264491,1
52349431,1
48056971,1
37279481,1
38300970,1
32517011,1
30979500,1
26965121,1
21698530,1
32663751,1
30332011,1
15569190,1
35444231,1
31033150,1
46317721,1
27612741,1
31330490,1
51965700,1
51392950,1
57973451,1
57548931,1
32821531,1
46567361,1
39674511,1
48364371,1
26450650,1
20677130,1
21970951,1
14844201,1
27405010,1
15856600,1
34784690,1
27374970,1
72352591,1
30259000,1
46588721,1
49577481,1
53370630,1
21283510,1
39444321,1
26494370,1
14055820,1
27770811,1
53412310,1
68868810,1
40778900,1
31388571,1
39608711,1
39801500,1
65389541,1
39165960,1
27617380,1
50422051,1
43746441,1
43312810,0
46410661,0
31792750,0
42970791,0
29638690,0
15502051,0
61259510,0
67446340,0
53239460,0
62806090,0
16191280,0
22278580,0
57268011,0
16258600,0
35427021,0
44596940,0
38064310,0
57640360,0
46424871,0
36882250,0
62997961,0
30138780,0
62395070,0
14505201,0
47155250,0
50400510,0
61869780,0
54709421,0
13716201,0
50505040,0
14643640,0
13399080,0
36657201,0
61307210,0
27979471,0
45319020,0
30717211,0
12937200,0
43742260,0
40899861,0
54170820,0
67218551,0
66932360,0
36394061,0
40994891,0
27626210,0
41630520,0
50149660,0
15193131,0
12817220,0
63234570,0
34476361,0
69819921,0
36546130,0
28981800,0
23498020,0
49312671,0
15362440,0
61772451,0
12056511,0
15888840,0
58165011,0
43351400,0
40775631,0
21015000,0
67221960,0
15446010,0
73509520,0
62745571,0
21471831,0
54297481,0
14989831,0
23300530,0
43106620,0
27824191,0
44213910,0
15207440,0
33204180,0
53922970,0
12145160,0
14119530,0
51235440,0
40992240,0
28461201,0
48045371,0
32649080,0
20874190,0
20615590,0
48705561,0
28563760,0
28140291,0
12607901,0
29419530,0
21831210,0
31957980,0
61220200,0
52043210,0
13054761,0
47492180,0
62615091,0
64900180,0
67965450,0
12493660,0
26569441,0
22737560,0
59940121,0
22848570,0
54570750,0
68035421,0
26095660,0
58526740,0
40585390,0
56895511,0
35742821,0
43303840,0
36694120,0
38405261,0
64441340,0
50754530,0
47185051,0
55751641,0
56122580,0
21064130,0
52006691,0
30224660,0
44398091,0
69775060,0
20584061,0
24035090,0
29369931,0
68433950,0
25923240,0
12175971,0
49988181,0
36095580,0
53455911,0
37503120,0
40190711,0
37758311,0
14530851,0
28211321,0
39971670,0
56600590,0
58772920,0
21936171,0
28021220,0
15924840,0
53487491,0
65059030,0
44289760,0
22310430,0
51066070,0
29557221,0
57689491,0
13090321,0
37884740,0
57932870,0
71889830,0
34366731,0
29825560,0
26180180,0
30831011,0
22414601,0
71378891,0
12252850,0
73005061,0
12504570,0
36464941,0
27587180,0
40567300,0
41151410,0
32942290,0
63520620,0
29592600,0
64904911,0
21914671,0
36305890,0
25332410,0
20304931,0
55277201,0
36760931,0
41924690,0
40006700,0
64853430,0
30092331,0
15774031,0
21991700,0
61007380,0
40612181,0
37012690,0
12921371,0
47475781,0
74714091,0
21271790,0
62597410,0
31997730,0
69643220,0
25952790,0
54339880,0
36790571,0
54559050,0
11859380,0
13781250,0
47750770,0
56283810,0
74140931,0
42868601,0
33184941,0
39748281,0
12786880,0
21628870,0
27807430,0
57495660,0
39754610,0
62415090,0
74417451,0
39551040,0
27639070,0
21875901,0
46570241,0
57760170,0
44001711,0
56862930,0
26675290,0
36403380,0
44587861,0
12355360,0
51017571,0
42703090,0
46698931,0
37085011,0
16765320,0
52657750,0
38045991,0
13375401,0
36021950,0
15764600,0
30991791,0
23103740,0
54212040,0
34712481,0
47803570,0
33360150,0
12790610,0
29679001,0
58444090,0
44986120,0
31985331,0
12050540,0
39365810,0
29786260,0
39591481,0
28806940,0
50243601,0
27618681,0
23797450,0
23702830,0
56677400,0
33504621,0
42159161,0
62334451,0
12248491,0
30865280,0
45972870,0
37050770,0
68796670,0
41748970,0
63375930,0
55077231,0
28475370,0
54534080,0
33694640,0
24166910,0
15363031,0
32253810,0
16122401,0
55405040,0
33082690,0
44780900,0
54593031,0
29140810,0
38384000,0
31383460,0
21022180,0
28360480,0
54902720,0
24112170,0
31200830,0
25020210,0
14238331,0
12744930,0
50182620,0
52159661,0
40239360,0
26649810,0
26408560,0
21932690,0
53476031,0
12727730,0
13723761,0
21783361,0
31610081,0
71790280,0
39904390,0
38528950,0
67861781,0
41990470,0
64980570,0
61619361,0
43977550,0
30999510,0
63492480,0
41828461,0
23431420,0
13005450,0
40556840,0
22513340,0
20570821,0
39836770,0
13200381,0
47241891,0
40551340,0
30694611,0
40389461,0
54681431,0
23735971,0
56884990,0
40149460,0
26457120,0
25211521,0
29603500,0
36167051,0
30501070,0
42435660,0
36007180,0
22156311,0
68219831,0
53858860,0
31865460,0
39644000,0
67712721,0
47681780,0
28111171,0
56021920,0
58447710,0
14788160,0
12356980,0
14157251,0
24203511,0
27679081,0
55503370,0
61266280,0
23333900,0
74559081,0
52788281,0
45524161,0
14018030,0
20637701,0
61796670,0
38344140,0
45535201,0
21157600,0
61233180,0
30001660,0
12178581,0
23139860,0
31795530,0
14529211,0
30269110,0
68533670,0
31146220,0
24106401,0
46656380,0
16459731,0
62658821,0
38627290,0
26772960,0
13055270,0
56049070,0
51100690,0
11823820,0
52579400,0
26747160,0
54694350,0
38960251,0
30929191,0
14087280,0
40528440,0
33644181,0
34478510,0
44625081,0
23040850,0
14614021,0
23028321,0
32049351,0
13491101,0
41289911,0
49438020,0
31607290,0
24604701,0
40187510,0
41279681,0
26485581,0
38631430,0
34406721,0
20454520,0
16318771,0
74854740,0
53067090,0
20908841,0
27377860,0
41669151,0
14452180,0
12408560,0
38993901,0
39146820,0
38873990,0
28675801,0
37453251,0
30315580,0
15627100,0
53648660,0
37434631,0
47065570,0
46182281,0
43593440,0
16060891,0
35468801,0
46790071,0
37260670,0
15087621,0
35387260,0
41434031,0
23653761,0
51521870,0
26963591,0
21807371,0
29786691,0
29151731,0
14822240,0
27955580,0
72571150,0
27654691,0
43719490,0
15758421,0
58103580,0
54657971,0
13080111,0
23354310,0
46586750,0
21678561,0
41208931,0
13520870,0
28644730,0
20633390,0
63519250,0
56079201,0
30082080,0
40266390,0
31728141,0
31524581,0
51077281,0
53208091,0
55712201,0
68957210,0
46796910,0
12326390,0
29416261,0
22968331,0
23832641,0
50842161,0
37527540,0
48174860,0
22337641,0
37727230,0
48713530,0
31346780,0
58400680,0
50046190,0
47633920,0
14994070,0
53228771,0
13253860,0
38856340,0
31372980,0
13357030,0
57980280,0
29390690,0
62442110,0
68517280,0
16053561,0
45405691,0
21533040,0
23309370,0
27775071,0
58733081,0
26489650,0
16387430,0
65024471,0
35777571,0
23140581,0
22103860,0
45703670,0
27769780,0
45744930,0
42352801,0
27359001,0
16120041,0
54535050,0
13403080,0
42614421,0
41459210,0
55940301,0
36134931,0
43682441,0
33467080,0
12473940,0
51046490,0
33272070,0
68362410,0
39357130,0
46081761,0
42515920,0
16275690,0
56500661,0
40573400,0
31170510,0
27488231,0
30305230,0
42964690,0
31637231,0
26549960,0
24110650,0
62494281,0
66245660,0
53011650,0
68426920,0
64374600,0
37702321,0
26504560,0
32700571,0
39912271,0
53551730,0
15607630,0
14857711,0
14589860,0
50961711,0
45899390,0
33245850,0
37819151,0
41266540,0
46720790,0
67370800,0
54860991,0
41945790,0
56782490,0
34221590,0
35307120,0
25173960,0
62294980,0
33032330,0
28044011,0
55015721,0
23256280,0
28553030,0
13785370,0
28210051,0
14520340,0
67484400,0
46153061,0
57838390,0
33476030,0
34294311,0
28121350,0
68545721,0
45451700,0
67946751,0
37820320,0
49871600,0
31667540,0
22022320,0
14710240,0
44618280,0
23928221,0
13182850,0
38826850,0
28968990,0
29873181,0
31123781,0
23916361,0
22890981,0
12636591,0
42428490,0
30842120,0
61829421,0
21600791,0
25615830,0
56655080,0
64181650,0
42973640,0
26473861,0
57323560,0
39778091,0
12983461,0
73550730,0
14650281,0
48578011,0
35975491,0
46476010,0
62032841,0
29800631,0
50840071,0
25886730,0
30987770,0
14089401,0
54336501,0
50603981,0
44980050,0
40868390,0
34694551,0
68823201,0
26033730,0
47251801,0
49566560,0
57481340,0
48376630,0
21948850,0
39843851,0
32263661,0
28870640,0
32274011,0
42554660,0
34816051,0
47433830,0
23633791,0
41256121,0
34919030,0
26422640,0
54745810,0
45957901,0
46865910,0
48639091,0
41295640,0
46575071,0
42449580,0
39679310,0
57320141,0
44351280,0
36394611,0
27145641,0
42418830,0
53169181,0
45924371,0
44573480,0
15846971,0
46770190,0
54891830,0
46548301,0
13872711,0
38627150,0
54942170,0
41428491,0
23352930,0
20316210,0
37175040,0
49318840,0
25782470,0
43879330,0
31532701,0
38883240,0
39228850,0
36788081,0
61551190,0
44795510,0
41888700,0
22038931,0
29562160,0
13256391,0
39434350,0
65045431,0
28744751,0
22310030,0
40349670,0
29530410,0
39841391,0
48885411,0
61472850,0
32929310,0
38899851,0
21405020,0
46892780,0
24560991,0
44356930,0
24019760,0
49698260,0
25485540,0
30463020,0
39875000,0
62841120,0
41158741,0
27679931,0
30101920,0
44971200,0
64980290,0
48208090,0
42910210,0
40279661,0
24101540,0
31882051,0
36870790,0
43981110,0
44258600,0
32635310,0
43848440,0
13065641,0
26379811,0
21058580,0
57131071,0
46767710,0
46535440,0
13432470,0
30464500,0
20855580,0
39689360,0
46402210,0
56488391,0
31077161,0
15456661,0
23234651,0
24230661,0
42170491,0
61150670,0
48391660,0
42315721,0
26275770,0
61253690,0
61243490,0
50108731,0
37331720,0
53918201,0
64833051,0
56039150,0
31513500,0
46975021,0
20286731,0
62641680,0
12034850,0
48742821,0
12561841,0
27337881,0
33862211,0
22253890,0
62872321,0
47875310,0
12529270,0
33416440,0
55363951,0
40917610,0
51442730,0
12129040,0
19569510,0
37931750,0
55657700,0
55228620,0
11809921,0
30074650,0
20705581,0
29767951,0
12320020,0
66836080,0
67203801,0
38309660,0
13905421,0
14429361,0
20626411,0
38349510,0
12651560,0
49817301,0
54396740,0
74711960,0
49672761,0
67879960,0
13056070,0
61855010,0
40250311,0
48774931,0
43181090,0
28204350,0
43727821,0
48704191,0
60324850,0
48370581,0
60908411,0
55180681,0
41968311,0
39495751,0
23115310,0
26237410,0
21075830,0
43553091,0
22644460,0
29569091,0
12937811,0
35968430,0
43383181,0
27715511,0
61241201,0
13542011,0
16534450,0
58322340,0
50595950,0
64970831,0
21778510,0
30418430,0
14650110,0
61025190,0
31799690,0
30046691,0
55894121,0
39366131,0
45625391,0
71581870,0
39955680,0
25553390,0
15574430,0
15122720,0
14900201,0
56521600,0
37869611,0
56492740,0
50634581,0
61914190,0
67541800,0
61929541,0
44077240,0
69741701,0
23392650,0
21436791,0
26400590,0
51783520,0
51048850,0
47315780,0
16699650,0
31664961,0
52544581,0
14729120,0
34523880,0
49034351,0
27918610,0
39693220,0
47387490,0
63155160,0
20322400,0
29119481,0
49063960,0
34181300,0
32332010,0
26045710,0
49182491,0
36490410,0
63050600,0
32262910,0
38133550,0
34370851,0
41429140,0
13591220,0
37889191,0
20254420,0
51698311,0
45957501,0
12064261,0
60931400,0
41731641,0
28947590,0
23605460,0
27950050,0
14158860,0
23137120,0
71826151,0
12156361,0
62442441,0
42571640,0
14559681,0
51370911,0
44122131,0
74621961,0
67362110,0
43216510,0
46838081,0
47661561,0
37432431,0
34720331,0
26550210,0
56536890,0
43683760,0
45732930,0
74395081,0
11819171,0
24175101,0
29376551,0
47716680,0
62871771,0
42608870,0
46001020,0
50705611,0
36374720,0
47024920,0
29987221,0
57234990,0
57035621,0
13279390,0
21534311,0
62100691,0
13995010,0
15974770,0
25444570,0
23473811,0
58230180,0
21795450,0
12758890,0
20713431,0
35882671,0
42762780,0
75250451,0
50279300,0
51860040,0
31536110,0
28722250,0
64289210,0
29027341,0
62232681,0
21531620,0
11922840,0
53408130,0
50076161,0
61492600,0
38630771,0
21895491,0
39005310,0
13220880,0
57336640,0
44957191,0
15994780,0
26578401,0
30246210,0
72367481,0
61798641,0
61563590,0
25679550,0
43724760,0
30113380,0
40377451,0
45770611,0
35756040,0
55138410,0
13194970,0
50188301,0
44371020,0
21926470,0
54460201,0
44878420,0
23316270,0
68002741,0
16260270,0
35607920,0
35101220,0
62483360,0
46801811,0
36053220,0
69830801,0
53906061,0
13962470,0
28860601,0
57737430,0
56664440,0
29318980,0
56700231,0
11966820,0
21923170,0
44562320,0
28107970,0
56158170,0
45887441,0
75254991,0
22719900,0
36288260,0
68262451,0
54247650,0
45012170,0
38377421,0
63677601,0
22626280,0
30913440,0
32175050,0
32434340,0
45887831,0
15636070,0
61932820,0
31696920,0
20469150,0
41432511,0
71600681,0
44791090,0
36732060,0
12871410,0
51034360,0
26475190,0
47189830,0
71677211,0
62804311,0
50686560,0
38841351,0
75147281,0
40864851,0
14578571,0
22191850,0
43386351,0
31490460,0
56744440,0
34331271,0
63086470,0
26509530,0
51225971,0
17427881,0
15030080,0
11764971,0
46818010,0
11850850,0
74975930,0
41488050,0
57015300,0
69671330,0
26882491,0
50031310,0
27348050,0
33465301,0
12716311,0
40282660,0
46677811,0
40322660,0
68831741,0
46853880,0
46491030,0
33432850,0
50479711,0
49945250,0
57158501,0
42601881,0
29413241,0
47914170,0
75043810,0
68202980,0
42474171,0
54642671,0
40319931,0
12966450,0
58554990,0
36922770,0
20466940,0
60977070,0
61514121,0
74907260,0
45113150,0
28000670,0
55291131,0
49769560,0
38956521,0
61754900,0
29451711,0
40441390,0
16688241,0
30483400,0
55356450,0
62322301,0
74407911,0
30866861,0
14674571,0
61835410,0
48297891,0
46729070,0
38038220,0
49315981,0
68401731,0
15871111,0
46770030,0
16548080,0
53639020,0
63401071,0
22868740,0
62279271,0
55544781,0
52671140,0
25845050,0
41693591,0
55742811,0
39390251,0
29491100,0
41008100,0
59100850,0
11748120,0
44883630,0
48518540,0
15919480,0
34754920,0
59221970,0
51110951,0
32522490,0
51665190,0
41172900,0
52329540,0
31042971,0
13379261,0
14103570,0
13264671,0
32689770,0
41778381,0
29447540,0
62305990,0
24130141,0
45599580,0
42212281,0
11971561,0
31301821,0
44933601,0
57733160,0
42089750,0
44412161,0
32531310,0
15948040,0
23760781,0
74951400,0
51664510,0
45292451,0
53480580,0
30210060,0
48308371,0
29719281,0
20296060,0
49793670,0
35988850,0
51903070,0
37828730,0
41985671,0
22226071,0
12290540,0
37488151,0
55335981,0
61702210,0
58099870,0
52519560,0
12747071,0
15089490,0
13940800,0
11906310,0
27886620,0
41707791,0
28060400,0
35418260,0
25865330,0
30458430,0
31661760,0
46759960,0
47338161,0
52669381,0
20278660,0
50317050,0
40278410,0
23596240,0
22837871,0
33325601,0
36358030,0
53778440,0
31797361,0
27468761,0
57597570,0
29098870,0
30966930,0
23425050,0
68363951,0
12225201,0
15616251,0
29827220,0
56979880,0
24882020,0
40915881,0
30670341,0
44303040,0
58348140,0
32368690,0
36871381,0
33938600,0
57848180,0
28493351,0
48400880,0
32170930,0
47378291,0
15460090,0
61194670,0
58738970,0
38141970,0
35465560,0
25782570,0
12662671,0
29591821,0
24120720,0
36097650,0
68181621,0
14787490,0
53801770,0
47090051,0
74456970,0
27208521,0
49943030,0
70168240,0
31166281,0
15384370,0
53188330,0
13058191,0
46976541,0
48042631,0
38551720,0
56146221,0
33468280,0
24940620,0
34352641,0
46782310,0
44244591,0
63319950,0
26501530,0
49534830,0
12331500,0
55285870,0
35550960,0
26588970,0
53416690,0
47669370,0
33157450,0
21429211,0
61572150,0
13681960,0
22301121,0
30199891,0
35510950,0
57323820,0
23408390,0
73589401,0
56986661,0
50797751,0
66978250,0
14708700,0
37577210,0
43838021,0
68837110,0
29540931,0
27892110,0
38420260,0
67270220,0
34261040,0
44793040,0
32016111,0
43985380,0
73724951,0
53417960,0
14488801,0
41701970,0
27773161,0
61853090,0
16233070,0
34279151,0
43768610,0
12889801,0
20954760,0
53324170,0
39462190,0
36113900,0
16947111,0
44382491,0
45650850,0
51884050,0
22754561,0
44479861,0
16519970,0
36481170,0
57097701,0
62482650,0
48188360,0
15211451,0
25006420,0
39870830,0
31936610,0
38558340,0
58116891,0
47000510,0
12745821,0
51174811,0
13780120,0
51259201,0
23284011,0
64765321,0
33749691,0
27378130,0
62444760,0
31903100,0
43100591,0
36727401,0
43330361,0
13755190,0
43299471,0
63216981,0
30985820,0
56056861,0
25304211,0
40767020,0
46115121,0
27454680,0
35371711,0
31849440,0
37331871,0
16157120,0
68944120,0
22890541,0
34334010,0
15873881,0
14289081,0
55399660,0
39768991,0
30674181,0
47308091,0
34636761,0
37182391,0
61636201,0
20285891,0
11720520,0
41917831,0
54785971,0
39768800,0
42999880,0
62381481,0
50960990,0
34637181,0
35453870,0
48135250,0
20265600,0
46836141,0
27170130,0
39325021,0
26625021,0
41764871,0
25675280,0
28316490,0
74921620,0
34582691,0
25759960,0
68761360,0
43067050,0
16500380,0
24016190,0
11881921,0
47765650,0
14196210,0
27421201,0
62112271,0
56198600,0
16364130,0
38350480,0
47777250,0
49064410,0
33986751,0
58271751,0
48838261,0
42330331,0
54565301,0
25656270,0
52797720,0
54602510,0
14764140,0
28559080,0
52590901,0
58310771,0
21499281,0
41870381,0
49360900,0
22284961,0
57664231,0
69971751,0
46779051,0
12882761,0
50401911,0
62831430,0
12466520,0
12981531,0
33219910,0
27077750,0
35513450,0
31417671,0
14944420,0
57559370,0
54468460,0
30748671,0
45122360,0
39349390,0
26529281,0
27416740,0
15069240,0
32105341,0
30857611,0
29326471,0
52947971,0
38750580,0
47705561,0
39794710,0
35617611,0
30618960,0
75100541,0
38467730,0
16545870,0
30288731,0
52956350,0
16163071,0
14179451,0
58103791,0
20601571,0
39813220,0
13245170,0
39144710,0
13149730,0
15722100,0
33553431,0
28320671,0
44378170,0
33413601,0
52723700,0
57305111,0
13659760,0
61805500,0
13929510,0
46567341,0
29244940,0
12341130,0
47050150,0
68849090,0
55107820,0
41605171,0
48614770,0
56872891,0
14065740,0
11827140,0
24426661,0
47637991,0
49651401,0
34337990,0
50807750,0
39898351,0
27365891,0
63183721,0
34110410,0
75131011,0
28090730,0
29350600,0
13047810,0
14769981,0
32072720,0
50368120,0
53525971,0
68126400,0
40717831,0
33547340,0
61153580,0
38991670,0
35689160,0
21939870,0
26161211,0
22379441,0
30892610,0
27405720,0
26502411,0
56651360,0
14748600,0
64809481,0
31377981,0
11860070,0
52605370,0
38349630,0
41080691,0
46730371,0
58402921,0
36120431,0
32132610,0
39332471,0
72348790,0
33777800,0
38862990,0
22089910,0
31096351,0
36316271,0
31120280,0
36388230,0
34477181,0
32340960,0
15318191,0
13069511,0
38061991,0
22122511,0
27043960,0
43789611,0
75120401,0
14309771,0
30083850,0
36428811,0
31960760,0
30904030,0
42831490,0
35080260,0
29726930,0
48553120,0
12228440,0
34272111,0
23337510,0
60576311,0
38532301,0
32329591,0
47214560,0
40220361,0
50585330,0
29760050,0
36970541,0
74740270,0
31038520,0
32342821,0
68441270,0
32744431,0
46456331,0
50301811,0
26427910,0
36802640,0
22375420,0
14279120,0
56729871,0
42275991,0
33697561,0
50231591,0
14605731,0
28463500,0
41668901,0
61466630,0
53611170,0
39229540,0
13434520,0
68179831,0
53640540,0
40187110,0
74581370,0
49366150,0
13484570,0
35193600,0
30169571,0
22361091,0
12004381,0
15932970,0
38677641,0
53767321,0
56260561,0
68012951,0
35587661,0
25713941,0
13843850,0
30594410,0
28618151,0
13523780,0
62769301,0
62204271,0
32290541,0
33521390,0
44370030,0
52955691,0
11760370,0
29088161,0
62912980,0
31764500,0
25690781,0
50954841,0
43317651,0
26531340,0
13204920,0
74688530,0
26912151,0
29751671,0
53370220,0
16432220,0
11941720,0
15431171,0
49702640,0
62093381,0
29365490,0
40750091,0
46661271,0
34549140,0
68413861,0
20390971,0
61826050,0
55349140,0
63209241,0
38858741,0
16521890,0
22584951,0
24231091,0
18582740,0
27437731,0
66487741,0
13877770,0
15735510,0
56466130,0
12987321,0
22554840,0
52883370,0
48708211,0
13308511,0
28722940,0
14214180,0
30844371,0
57727831,0
15728860,0
13132681,0
34490301,0
38599410,0
25679891,0
50364670,0
25588181,0
59593111,0
42704860,0
28198471,0
38497100,0
42156630,0
67879260,0
21655060,0
15797061,0
62027991,0
42993100,0
23829830,0
41165071,0
46337400,0
56882890,0
25478750,0
68904240,0
41114181,0
44569641,0
12869220,0
22382160,0
23944371,0
13887140,0
11963581,0
50785341,0
56778681,0
29864891,0
34101231,0
23803561,0
62794480,0
40697701,0
34974771,0
49253050,0
13719880,0
48539630,0
42201470,0
68247650,0
68554630,0
38457220,0
27565570,0
16513921,0
30271481,0
25875550,0
23979220,0
35092520,0
62326591,0
57537890,0
35151970,0
54368590,0
46485370,0
50032120,0
32641490,0
58453480,0
30148420,0
56483431,0
14694131,0
32849501,0
21703750,0
31839110,0
41274690,0
15398450,0
34203100,0
24166480,0
74663720,0
39568950,0
53198991,0
22862940,0
28017261,0
30270101,0
49466031,0
56145521,0
22921680,0
16302050,0
31919120,0
70467821,0
30365131,0
38284540,0
52028501,0
65157291,0
51356711,0
24256591,0
32950580,0
36960741,0
29343800,0
23473921,0
62309430,0
23660890,0
40849220,0
15726171,0
29748101,0
39555361,0
68118960,0
30990021,0
22644111,0
37187771,0
43245650,0
34819300,0
33787140,0
30664780,0
12838781,0
40116640,0
25562781,0
27458691,0
39511010,0
32685900,0
24732790,0
44259840,0
72336790,0
39586501,0
11791581,0
20430021,0
12243780,0
57716501,0
43794441,0
55096421,0
52205400,0
26595570,0
55366110,0
14214741,0
39476560,0
24444581,0
27813650,0
61877671,0
45950390,0
48647361,0
32293721,0
20455531,0
40495661,0
33364221,0
33569270,0
24078350,0
29249640,0
39199360,0
26754050,0
38874540,0
34024401,0
38727851,0
33054120,0
52766180,0
48536330,0
12069481,0
34616580,0
39120101,0
39887940,0
29126381,0
45597531,0
34174000,0
38448431,0
23971090,0
62536030,0
13116681,0
21418420,0
49161671,0
15536391,0
13091000,0
47193071,0
31847021,0
38176970,0
36902370,0
51657190,0
39605951,0
39450261,0
21836830,0
54948260,0
23374340,0
16017820,0
38562600,0
16285520,0
48213440,0
69675050,0
45357670,0
33361311,0
48924680,0
26528741,0
31662310,0
47582551,0
26474671,0
36494191,0
41775221,0
27308750,0
21812321,0
34322520,0
11975691,0
56736170,0
44753300,0
47137160,0
43020041,0
32547840,0
29251410,0
45666061,0
27217720,0
15154440,0
49659531,0
52676841,0
22999880,0
32978201,0
51543041,0
27549820,0
32714160,0
21955600,0
49619620,0
29732931,0
51144690,0
29454341,0
24110230,0
56984171,0
43769061,0
23388640,0
65089120,0
28125220,0
24577510,0
57256991,0
32624841,0
56843070,0
28553840,0
27391401,0
23853440,0
56255571,0
51471051,0
37628111,0
29461320,0
73061191,0
27170560,0
57697150,0
32485291,0
39199251,0
74169010,0
27948451,0
30958711,0
12260740,0
25964121,0
36535291,0
69758360,0
23794430,0
39735171,0
11886430,0
65127990,0
28939351,0
51967941,0
52558030,0
50145910,0
23947910,0
38058131,0
48306861,0
21410410,0
13381820,0
38811390,0
58782031,0
49498140,0
16290491,0
13370130,0
39044651,0
50072660,0
31064351,0
16380711,0
57609211,0
45637080,0
50351010,0
22393630,0
46157700,0
24232451,0
64190511,0
54185580,0
26392501,0
23257961,0
37696541,0
44399010,0
65249360,0
44518990,0
42926930,0
62503090,0
21367691,0
29520750,0
34106461,0
67541520,0
55367691,0
25975790,0
39858751,0
30514901,0
54868100,0
36706571,0
30162811,0
21323971,0
37315891,0
45643710,0
15863121,0
35504060,0
23756521,0
35800990,0
65238470,0
58150910,0
13517160,0
12333031,0
16022930,0
33855270,0
11907291,0
69912871,0
48271981,0
68160770,0
18186120,0
48521810,0
30629211,0
38490081,0
54627901,0
68130591,0
13084131,0
41861541,0
24006100,0
15929041,0
40987851,0
46352830,0
62733800,0
27743320,0
22786100,0
60769900,0
45919011,0
27142591,0
54887731,0
34958730,0
62181610,0
48327250,0
44948200,0
33362090,0
56943221,0
56063980,0
42481221,0
29782790,0
23041171,0
50716460,0
43787640,0
21394970,0
42343120,0
37730611,0
20942860,0
26899680,0
23648770,0
28193900,0
46982270,0
13485430,0
53861740,0
21506711,0
41195680,0
35249501,0
48977281,0
36988000,0
56119680,0
27892150,0
51455041,0
23546860,0
46445240,0
61811720,0
58192290,0
11799940,0
18797941,0
14507001,0
54615160,0
64185800,0
52703680,0
23496520,0
24145301,0
20197850,0
56202710,0
67453250,0
45750180,0
21280920,0
55262970,0
56654370,0
31428930,0
53021881,0
39422780,0
37037970,0
34286441,0
67490121,0
32393650,0
31419061,0
43981431,0
62089391,0
48106430,0
44803910,0
22611691,0
15530451,0
49378280,0
68197020,0
41382940,0
44968511,0
21321860,0
29921861,0
26346400,0
57360401,0
27164391,0
69646421,0
41234461,0
54549250,0
62964571,0
68308170,0
29571131,0
38635041,0
21228910,0
29098750,0
31412031,0
44622191,0
50274631,0
24970991,0
21540921,0
36183310,0
65090661,0
56207660,0
17020040,0
27904851,0
38584441,0
28647801,0
67413800,0
14844280,0
30824460,0
68968291,0
58408571,0
42420360,0
15852850,0
42111591,0
72137721,0
42504060,0
71147450,0
28852410,0
25719840,0
22418590,0
39944370,0
46755570,0
15877800,0
27180391,0
56663200,0
31240400,0
29075860,0
62018501,0
37038760,0
47690610,0
46144730,0
16274580,0
20623750,0
23065701,0
27062990,0
50028420,0
21775490,0
31654590,0
15288360,0
51258730,0
27869940,0
27015260,0
44139190,0
34640631,0
54661100,0
29416520,0
41822811,0
45140710,0
53190851,0
65158330,0
31631560,0
39050250,0
36871931,0
22430550,0
35943990,0
69639880,0
58539051,0
25705340,0
58803260,0
16105520,0
16650311,0
44196410,0
50228920,0
35834480,0
12446660,0
23683930,0
34895331,0
57468681,0
43537440,0
36296660,0
15487551,0
28063160,0
42181180,0
34836020,0
27169190,0
22500070,0
23833891,0
14431780,0
38632230,0
69904710,0
16293780,0
40670880,0
30043641,0
56601000,0
56770220,0
26839030,0
62393331,0
34202871,0
14996311,0
41719921,0
13905001,0
41208811,0
13225850,0
31207651,0
27654800,0
26679840,0
74653831,0
50116380,0
68526141,0
72618170,0
63248900,0
15166081,0
49134071,0
63584350,0
43225681,0
46872411,0
50313500,0
48013630,0
56218870,0
31182790,0
31076491,0
24195631,0
47144651,0
24215761,0
44553590,0
33732970,0
28300671,0
20442800,0
32234520,0
28823501,0
24236540,0
33343661,0
14541830,0
14250830,0
37736190,0
16196591,0
54935461,0
39081580,0
26507200,0
27288770,0
31341380,0
61458681,0
39107340,0
31758720,0
33129570,0
45914560,0
41290830,0
20603350,0
36833471,0
26583730,0
60178141,0
39972930,0
20682900,0
43880570,0
13502421,0
14352681,0
47610401,0
37784210,0
58752210,0
23318351,0
30198231,0
22792740,0
28558540,0
37120611,0
40346841,0
57931371,0
62416241,0
53185010,0
54300880,0
22390570,0
68848650,0
23053171,0
33799191,0
37188700,0
39365670,0
24731790,0
27927870,0
13576331,0
36743691,0
61657841,0
43572210,0
30412950,0
42217600,0
55572491,0
27533160,0
35732030,0
50998961,0
39966170,0
42499961,0
48195380,0
15351731,0
42276951,0
21460080,0
55537061,0
23269070,0
48519770,0
42079601,0
30121691,0
34532771,0
54396621,0
20899440,0
45587751,0
31271641,0
49346331,0
68419640,0
71721290,0
40146830,0
30190490,0
47242100,0
14494571,0
40208740,0
36422300,0
68044261,0
27473881,0
23567861,0
55397901,0
60955520,0
30690140,0
29829000,0
30878810,0
22199820,0
67250390,0
71340090,0
16394880,0
16533241,0
29288250,0
31882591,0
14603961,0
16540411,0
24756961,0
53167230,0
45116730,0
21408941,0
30020181,0
50231720,0
43223580,0
37983330,0
57809871,0
37244991,0
50958151,0
55379900,0
39838351,0
13092121,0
43035771,0
18384140,0
15239270,0
39773200,0
12238530,0
42314310,0
14726151,0
62280661,0
22198030,0
35556730,0
32353650,0
50945731,0
30439820,0
14876690,0
31088570,0
43376971,0
14298481,0
41777831,0
74979820,0
26209481,0
15577170,0
58514491,0
29333661,0
32889870,0
15771200,0
28081490,0
32634890,0
61684601,0
38236990,0
68354841,0
23753911,0
30625170,0
20252630,0
27160070,0
63225791,0
62611480,0
37742550,0
36813741,0
45165380,0
41014460,0
51871240,0
51399181,0
13864461,0
28609410,0
27178130,0
36127450,0
38437281,0
46885180,0
45965050,0
50764781,0
44318620,0
47148750,0
33440061,0
57178371,0
13688300,0
30629760,0
26003561,0
28423281,0
52827790,0
44433200,0
57373641,0
22836580,0
38833580,0
51478751,0
48672180,0
36746410,0
31170760,0
14256080,0
22827600,0
29301661,0
71985410,0
34129381,0
57642601,0
27514001,0
35981821,0
55353840,0
13258461,0
26333840,0
46112211,0
63913370,0
54454490,0
18576861,0
27586691,0
38166131,0
35827860,0
55160910,0
13153361,0
47471890,0
22406341,0
28248620,0
41010710,0
30782250,0
73059220,0
43687530,0
51189930,0
58686061,0
53125741,0
12220590,0
29890151,0
15371380,0
28072360,0
53318261,0
51698720,0
64823381,0
32480000,0
42733591,0
22370320,0
44609750,0
12056050,0
16536811,0
21368951,0
40367811,0
52140071,0
26671180,0
44446221,0
38529401,0
30219030,0
34604860,0
44613050,0
26451320,0
57770151,0
47918740,0
27917360,0
41900540,0
72187060,0
33586131,0
67497820,0
54619480,0
22285931,0
13359070,0
13380040,0
62227120,0
39881371,0
43475431,0
27151930,0
24192300,0
21631780,0
62386861,0
12022191,0
27858371,0
21790001,0
29308910,0
24874041,0
13988270,0
13116210,0
34059441,0
54311640,0
22715111,0
34962890,0
22037390,0
53604000,0
41576491,0
33332430,0
49790770,0
48263571,0
24074530,0
28286430,0
41828810,0
22468340,0
52622641,0
33309741,0
47119971,0
48246430,0
21939170,0
41675480,0
70110020,0
23722850,0
30585030,0
29259950,0
57580780,0
34469960,0
21201600,0
38803390,0
55081760,0
45334750,0
51466351,0
32315361,0
39628100,0
24256260,0
37526450,0
35351250,0
23542341,0
25675980,0
35993810,0
48767180,0
15012660,0
34008821,0
58268031,0
21701321,0
47247200,0
45356031,0
16316120,0
44951961,0
11763540,0
26064391,0
31977201,0
12679840,0
29770950,0
45231210,0
61349570,0
30135901,0
48608040,0
33673360,0
30739981,0
36646601,0
27700461,0
45060430,0
30678451,0
52174250,0
31999541,0
46394661,0
22280421,0
37245671,0
34165020,0
35235790,0
14136431,0
36534970,0
41198440,0
71734390,0
16046490,0
27907870,0
61902180,0
47293321,0
21111420,0
74610651,0
47906160,0
24815240,0
22939600,0
28692310,0
37888030,0
29414170,0
74522470,0
37623291,0
70106091,0
54688560,0
38680770,0
44518880,0
48411691,0
54571931,0
50809290,0
16364820,0
22162631,0
69697171,0
45925290,0
20428160,0
28129241,0
41051970,0
16225770,0
53420420,0
16346990,0
16150760,0
14153190,0
35233101,0
30382570,0
38326661,0
39911130,0
52382760,0
44791831,0
69651890,0
31270391,0
38302090,0
54585011,0
38005440,0
37924791,0
38591970,0
11886341,0
22077011,0
28113941,0
53756640,0
35789540,0
42356100,0
15386341,0
47338820,0
57652781,0
14273030,0
11779820,0
21913820,0
38951291,0
39179910,0
29923910,0
32375860,0
28963730,0
32190281,0
27873800,0
33873500,0
15061691,0
50193691,0
56570390,0
44201411,0
61812130,0
26118690,0
22890800,0
51480510,0
14594780,0
16095091,0
32534330,0
28148421,0
63590100,0
34974641,0
35830401,0
27109101,0
38602891,0
46748001,0
56677611,0
28649570,0
40710770,0
63382061,0
31420120,0
53440300,0
57665061,0
56176090,0
20915140,0
38473630,0
67710870,0
54916151,0
14041350,0
43143461,0
22655650,0
15125141,0
37265100,0
63358150,0
39626490,0
24171200,0
11808110,0
68208590,0
12518100,0
30399290,0
27102690,0
67909610,0
36398140,0
42858090,0
28808471,0
31173690,0
30748521,0
19090690,0
27001511,0
15338430,0
38390791,0
36278470,0
49825010,0
68135400,0
35089750,0
37854660,0
20985261,0
50714711,0
38875250,0
49797810,0
61451251,0
62162130,0
46451200,0
29937290,0
33284710,0
21045640,0
30218060,0
25741681,0
13469061,0
14898821,0
26553841,0
68791570,0
31594300,0
14399220,0
53410230,0
68562831,0
32972210,0
41544501,0
15530990,0
26356730,0
32855550,0
12647300,0
54959581,0
29001650,0
24508701,0
50602171,0
36091690,0
30200670,0
34844810,0
61899860,0
32768230,0
54493301,0
24103890,0
31017181,0
62959560,0
51196601,0
34396050,0
13348081,0
20827460,0
17719011,0
47105501,0
39720120,0
16502901,0
34097760,0
16647540,0
13019991,0
53473411,0
42160500,0
20332801,0
52390050,0
30624401,0
32387231,0
23050910,0
40689131,0
46458760,0
33297061,0
11689401,0
53424680,0
43728600,0
54653411,0
49752081,0
30686720,0
21559080,0
54665161,0
34324921,0
41124210,0
28633300,0
15668190,0
44602601,0
38309431,0
71687080,0
38634310,0
71982080,0
56492070,0
52487881,0
43326911,0
26119520,0
11683331,0
34051940,0
71458320,0
56853280,0
15992580,0
51917211,0
22909441,0
56247031,0
35254160,0
11949310,0
74509110,0
21577751,0
51046240,0
30299290,0
22920751,0
32322940,0
13976370,0
51928231,0
24930250,0
27722551,0
61876820,0
75110970,0
39226250,0
30584831,0
29454850,0
30754570,0
55285761,0
51603021,0
52812961,0
46951441,0
61621441,0
16361811,0
32639211,0
22947490,0
45359911,0
39179760,0
60292590,0
26990010,0
35254020,0
45118230,0
43528521,0
27633851,0
23606321,0
26976790,0
40395661,0
20612751,0
22556600,0
11799690,0
31677480,0
13519801,0
20397820,0
74974850,0
37515690,0
31007480,0
21698640,0
55819631,0
72509910,0
24072361,0
20307001,0
27895720,0
34353290,0
34335811,0
24154630,0
38055651,0
29271160,0
15352011,0
22230501,0
30219420,0
12685930,0
46506620,0
50844310,0
57181360,0
32908240,0
53622330,0
62795050,0
41875840,0
44639410,0
54904021,0
36418850,0
45150951,0
27053880,0
40399500,0
37128850,0
23148881,0
36698560,0
13496160,0
16715271,0
42461180,0
36472941,0
57869980,0
39519710,0
47733240,0
16007880,0
16275550,0
44929270,0
53215541,0
20677431,0
38630460,0
30558351,0
15308660,0
25965351,0
40431931,0
45950871,0
32033840,0
45835230,0
34292651,0
43262160,0
25494050,0
47161730,0
33171811,0
37623960,0
30987330,0
54778080,0
33770320,0
48107701,0
14543671,0
16335820,0
35592070,0
35485440,0
26070731,0
25738750,0
28218461,0
45280300,0
23958431,0
13799020,0
13924161,0
15222330,0
74884411,0
45307231,0
27290550,0
16332281,0
53477640,0
13848451,0
62533020,0
39563870,0
62435691,0
47662330,0
15393610,0
54080190,0
26548601,0
37509870,0
34736591,0
16172021,0
53182780,0
31855100,0
13469150,0
13379620,0
32543621,0
25947950,0
51187061,0
22058241,0
37342040,0
61186560,0
48224630,0
67879950,0
47874200,0
40807621,0
29444380,0
31360161,0
51175720,0
62539230,0
23845290,0
44384550,0
40264511,0
75082970,0
22715681,0
24263590,0
20870651,0
22191331,0
20904150,0
48907191,0
44456930,0
61192760,0
25700960,0
12644150,0
63402871,0
27761250,0
42067690,0
72921140,0
16509661,0
27495480,0
26716830,0
37741751,0
51319160,0
13333980,0
51285630,0
57561211,0
42958531,0
22188991,0
61805490,0
61494561,0
38210801,0
21672040,0
27495340,0
27917350,0
42713710,0
33127360,0
56205080,0
40441290,0
34050440,0
31473780,0
34860161,0
42428880,0
27339350,0
29657710,0
21522151,0
32799260,0
61668560,0
15724381,0
43438830,0
24189240,0
43081670,0
66033891,0
14094351,0
28331971,0
64919511,0
34851761,0
16248151,0
12545011,0
47541680,0
57515690,0
24942430,0
13504330,0
43349521,0
56093401,0
35868850,0
38261820,0
42970350,0
33621161,0
38443611,0
13060281,0
49075950,0
37931230,0
31858990,0
32487880,0
24742140,0
44926260,0
12970160,0
38886311,0
39870020,0
36346010,0
13517690,0
28946620,0
31767390,0
22378010,0
35364401,0
40378701,0
44511530,0
36186791,0
34116691,0
14377590,0
24265161,0
27796020,0
44231351,0
34094901,0
26387500,0
53250910,0
53216710,0
30347560,0
26892841,0
14540651,0
62633441,0
30468380,0
58209800,0
15142480,0
44881850,0
72198750,0
37646020,0
13865951,0
24460660,0
22796631,0
29661061,0
67928500,0
27514540,0
27357601,0
13015520,0
21763900,0
12251630,0
37974260,0
30723260,0
42227660,0
33443760,0
21895221,0
43850790,0
32340560,0
23623940,0
15964351,0
56145101,0
23977331,0
68224490,0
57978961,0
20190031,0
24096751,0
40371080,0
55867501,0
15262611,0
15979921,0
37982790,0
12447221,0
22597570,0
44735961,0
46882040,0
60558050,0
25862170,0
26495030,0
42147851,0
44105230,0
20437181,0
57282750,0
53309861,0
31958171,0
20203411,0
52408140,0
61606620,0
55572980,0
35585270,0
54793811,0
15463950,0
42627801,0
46853091,0
36065561,0
60886170,0
45995701,0
40006201,0
28309781,0
34802121,0
28477191,0
61802340,0
31806420,0
38546351,0
47983120,0
12148200,0
26856100,0
62032920,0
34574640,0
44311211,0
26405711,0
33990850,0
37744880,0
15195710,0
22427431,0
53580571,0
11939011,0
57303451,0
15441651,0
27275151,0
30337391,0
24139900,0
42557000,0
55314171,0
49097791,0
22446570,0
11859041,0
52059920,0
48266420,0
16458180,0
14710230,0
47249000,0
65143200,0
11984220,0
30423731,0
46404700,0
48754681,0
27557390,0
54436980,0
32702610,0
26266960,0
22019180,0
50133480,0
29091010,0
31639400,0
34559531,0
39819280,0
39697251,0
29034070,0
32749330,0
12157351,0
41351390,0
36593351,0
30101291,0
13776150,0
68396870,0
21189180,0
33284750,0
32056750,0
44763110,0
15884621,0
50932430,0
44635390,0
40703580,0
14590130,0
36637050,0
21936120,0
36031180,0
54939591,0
68251910,0
41393300,0
48114871,0
23090340,0
22180431,0
40685780,0
30841460,0
46452861,0
27342851,0
29836300,0
43190580,0
35234160,0
32617421,0
62645830,0
56979310,0
41131390,0
33716731,0
25815120,0
36308780,0
34293850,0
23579991,0
23422190,0
14882060,0
21186300,0
70300401,0
13529550,0
35131591,0
12748250,0
28633970,0
26316091,0
46314681,0
28934340,0
15891931,0
21588791,0
14706080,0
15989830,0
51849710,0
55109350,0
21224930,0
27192931,0
62439111,0
15052810,0
37147320,0
44432551,0
20688461,0
29536251,0
36568500,0
33128360,0
33630090,0
41499531,0
15737980,0
48627531,0
49556231,0
47931000,0
14409501,0
54565421,0
46616250,0
12614050,0
41339930,0
54517690,0
63308230,0
52824391,0
24424140,0
24950130,0
14571131,0
50438180,0
44809720,0
32115770,0
43048820,0
40129880,0
45087921,0
44358320,0
27034970,0
53455651,0
26434401,0
23697761,0
61822111,0
30850940,0
37605631,0
50964911,0
27016421,0
67263661,0
21402830,0
44876880,0
28827231,0
29287731,0
63030091,0
65227310,0
32873770,0
22121401,0
27837230,0
23786250,0
16640360,0
32719140,0
41880270,0
41504781,0
15382751,0
45944350,0
41026050,0
69713301,0
41093750,0
41493720,0
20875830,0
28459770,0
27250031,0
22295950,0
24395450,0
30428380,0
39512000,0
28307971,0
13748150,0
25174971,0
39599201,0
48865390,0
30360141,0
41143110,0
57088031,0
33122051,0
53449851,0
61827550,0
12183551,0
31283600,0
54600980,0
37206620,0
54186270,0
46714491,0
27851710,0
24263320,0
54291111,0
46678470,0
61179530,0
34212770,0
30375960,0
29764310,0
67003530,0
37054760,0
21830210,0
29098610,0
41301751,0
47921090,0
25124040,0
34971040,0
12293540,0
24222790,0
53893371,0
41207250,0
28293440,0
32666030,0
20496310,0
32639040,0
47488741,0
56812710,0
14006710,0
32728820,0
24171091,0
53293280,0
32333790,0
34137371,0
66959821,0
43479441,0
31072341,0
21223540,0
38255180,0
40410650,0
24394770,0
68068821,0
28881930,0
47222790,0
56400780,0
38723291,0
34263961,0
52819830,0
33546770,0
32512991,0
12137300,0
21592440,0
26676020,0
13908560,0
48134030,0
28399711,0
30442891,0
21386960,0
30363601,0
14668621,0
51273790,0
33052251,0
53685360,0
29210890,0
13440310,0
38898120,0
15040820,0
34240070,0
31157670,0
21730640,0
62336231,0
28883850,0
56731381,0
11987530,0
30857730,0
41979621,0
36662721,0
27724000,0
29627650,0
32329721,0
27031851,0
25919680,0
15426030,0
38631420,0
46434090,0
12176730,0
21694520,0
39119920,0
37483591,0
32397390,0
33159530,0
50289401,0
43186091,0
13529570,0
68744700,0
43133250,0
47261030,0
41948680,0
61330780,0
23399290,0
51241421,0
28500200,0
29810820,0
43353931,0
30330860,0
40115920,0
36756491,0
38978181,0
30945751,0
53789470,0
29132981,0
23562621,0
54522421,0
21957780,0
12612451,0
58743250,0
38388550,0
35482540,0
26232440,0
66293281,0
15015761,0
27099250,0
53457820,0
29209811,0
36976741,0
49682680,0
24620961,0
42463500,0
49042310,0
13075950,0
23245660,0
30283590,0
12295791,0
21426680,0
27690900,0
42877940,0
22825741,0
40956640,0
23434641,0
15916491,0
62168910,0
33045180,0
42249630,0
12998450,0
42084250,0
35431260,0
27201460,0
15984860,0
27113730,0
15613700,0
69667220,0
49686250,0
68153611,0
54471190,0
16364431,0
15183871,0
24199030,0
28298420,0
68103240,0
42207130,0
30120041,0
50678000,0
45542180,0
13568430,0
16347891,0
34655600,0
51877170,0
54219480,0
68970170,0
21672091,0
40915300,0
20393461,0
51357360,0
67470671,0
33930310,0
32270490,0
24286510,0
27843621,0
22699650,0
13732430,0
22287410,0
31812910,0
58735110,0
15600220,0
53300191,0
29406840,0
30805331,0
21479650,0
41276261,0
12980281,0
35003471,0
15109551,0
47639860,0
41049231,0
14051120,0
29998210,0
34291220,0
23405401,0
61269710,0
34011830,0
15434191,0
44459970,0
56423100,0
23534720,0
41911870,0
46808841,0
62458680,0
27886340,0
41624621,0
61201331,0
33961350,0
54513110,0
28839081,0
20332361,0
51669040,0
67646900,0
22264110,0
26888120,0
36089100,0
58347730,0
48869561,0
57849000,0
31311631,0
32980070,0
43735281,0
30969290,0
56289791,0
34532901,0
30265920,0
15691360,0
56995740,0
42791750,0
13187540,0
30963401,0
26873470,0
14384671,0
30758570,0
21696361,0
40222571,0
38607260,0
31491440,0
22701601,0
16497521,0
16054661,0
61624181,0
38183381,0
30564920,0
37601590,0
12408730,0
55124070,0
66137420,0
36932320,0
31505380,0
35077661,0
49140790,0
35112981,0
67542220,0
55404050,0
32394620,0
28151120,0
43006101,0
26694770,0
31581630,0
45271761,0
23592271,0
13906210,0
16215351,0
31899930,0
53341451,0
35074330,0
26522941,0
11691191,0
31515041,0
13580700,0
15179990,0
32865770,0
45777760,0
14484750,0
15213070,0
23644620,0
57975590,0
23913731,0
47139421,0
61913630,0
33311330,0
27966101,0
33754361,0
53422920,0
69762801,0
12505390,0
47802221,0
62436170,0
23381251,0
13536860,0
72198910,0
62932041,0
38115371,0
44155071,0
33115971,0
13927850,0
51060751,0
59170951,0
40054540,0
35028011,0
32448570,0
21766691,0
28992700,0
42846121,0
11796240,0
15938800,0
47139500,0
41302051,0
36356230,0
32217390,0
23660920,0
31643591,0
27933230,0
15928440,0
28943091,0
41783720,0
25790030,0
41111930,0
72638881,0
23175710,0
55240630,0
55309631,0
54642630,0
28672761,0
37337350,0
21415141,0
16452281,0
21058081,0
36677201,0
26130270,0
57592190,0
25705760,0
49917390,0
43058180,0
62845141,0
52140440,0
33687631,0
28010740,0
22535831,0
49078310,0
13619060,0
28121931,0
27695740,0
27096251,0
23260690,0
12390421,0
29027491,0
13899000,0
21860830,0
20490930,0
51941560,0
62740970,0
44530211,0
37104861,0
34115581,0
23776740,0
12175551,0
16051231,0
35294881,0
31487270,0
27654421,0
31335710,0
46448550,0
36625491,0
14695480,0
42843781,0
42657850,0
21201040,0
44567851,0
58397100,0
15099280,0
34199551,0
55211281,0
21580070,0
23864760,0
12983110,0
22795770,0
21399220,0
63562171,0
28602171,0
39701551,0
44289281,0
54382220,0
25260430,0
31722040,0
14073391,0
21401570,0
13951440,0
16624111,0
25072771,0
20192920,0
13036561,0
14717820,0
32671881,0
31354330,0
36532531,0
37116270,0
51093701,0
11957091,0
14904820,0
65178620,0
53138520,0
23002131,0
28274560,0
26522640,0
24626730,0
32887970,0
47110051,0
51346460,0
14761950,0
53485981,0
65185981,0
16384981,0
31352570,0
11764540,0
24261301,0
14440870,0
56124981,0
41870360,0
16696401,0
15162450,0
48364060,0
56215670,0
28093080,0
16594580,0
14280360,0
56459950,0
55362110,0
67509011,0
26797760,0
53626911,0
13119981,0
16433200,0
16231030,0
16219730,0
47306820,0
15885970,0
26187780,0
59658430,0
20305081,0
25581401,0
41494100,0
42586701,0
15146091,0
21723770,0
42870811,0
21294280,0
16535441,0
39834460,0
38393350,0
22706441,0
31708421,0
67452000,0
16344930,0
32572321,0
53577660,0
35917240,0
30615161,0
13705400,0
54901210,0
13292750,0
42761840,0
31813641,0
12327251,0
14155991,0
55108971,0
36634110,0
22351010,0
58795630,0
20994480,0
15060161,0
14515510,0
37525740,0
21213221,0
24182401,0
46950700,0
68422950,0
57358730,0
62580870,0
18946020,0
16286880,0
53631840,0
31965580,0
18516800,0
13200391,0
37632681,0
43701570,0
30344120,0
58371191,0
14870210,0
39972370,0
12097700,0
22933540,0
25171521,0
45089711,0
21828830,0
36875401,0
49737540,0
26365840,0
43482150,0
36454820,0
28631500,0
40412751,0
45456680,0
44227190,0
12403651,0
22410300,0
39557401,0
52203501,0
36353371,0
32702750,0
29895651,0
47476901,0
23993420,0
34216350,0
62571210,0
53835550,0
41186611,0
44090760,0
24082971,0
27157921,0
57207871,0
62128281,0
30184120,0
49066730,0
13678920,0
12178250,0
11947581,0
30305001,0
26467241,0
24460270,0
12235541,0
50535960,0
33561810,0
20287961,0
33653640,0
22174600,0
56338461,0
13330380,0
37007590,0
16389750,0
13072490,0
13648990,0
56590701,0
29427940,0
16194360,0
46477271,0
27730510,0
45933330,0
44874240,0
14488501,0
23780381,0
37622010,0
16562601,0
23076061,0
34868420,0
47664461,0
20380860,0
28876710,0
22454591,0
12189410,0
51711410,0
22736330,0
26803840,0
27700680,0
31735670,0
46898331,0
43215680,0
12291620,0
13113060,0
29358420,0
37716880,0
27142160,0
27937951,0
31985741,0
12576591,0
57473320,0
36934210,0
12064890,0
48596611,0
36647800,0
61035721,0
54708010,0
14090310,0
37805081,0
23563000,0
62275920,0
12128760,0
50346860,0
31132290,0
27330670,0
13115690,0
51524910,0
42425320,0
29954121,0
33710360,0
36346460,0
20629010,0
58286460,0
68246560,0
48201720,0
29355041,0
16320820,0
48866350,0
28249091,0
14138160,0
28600371,0
30618051,0
31745180,0
24498450,0
63440360,0
55108001,0
15788580,0
28143410,0
48100141,0
51649330,0
31508390,0
33661510,0
12263381,0
33225700,0
50265470,0
45287231,0
26326500,0
25808001,0
14624860,0
12474380,0
38169930,0
30085441,0
38354371,0
24200990,0
56655131,0
38944490,0
31370050,0
50139450,0
61001911,0
49983621,0
41230721,0
32244361,0
14225911,0
30359871,0
56608880,0
12859550,0
29760200,0
40754101,0
12712581,0
28877171,0
16003241,0
52233431,0
27707470,0
49348411,0
15801881,0
27138181,0
47417020,0
43310611,0
30602321,0
46322281,0
40414770,0
35484391,0
28000861,0
29440650,0
22343960,0
54251090,0
15354570,0
15875360,0
31400830,0
15676511,0
14033261,0
15147020,0
15481340,0
15178190,0
22989311,0
61923280,0
34248220,0
47384631,0
55455890,0
22903641,0
21056230,0
15729710,0
69648570,0
49043580,0
23284260,0
37237240,0
34603511,0
52187750,0
52827000,0
48391411,0
14302140,0
41777820,0
30546970,0
13504020,0
22053790,0
74635290,0
38529360,0
15101620,0
27732410,0
13043690,0
24015931,0
38490620,0
40201730,0
28846831,0
27273481,0
62931191,0
15872911,0
32906450,0
25784510,0
47537690,0
32948360,0
43059590,0
27389000,0
45942721,0
29865150,0
34588850,0
45921221,0
31308850,0
27035840,0
37237701,0
34494540,0
51346521,0
56322130,0
26848431,0
39350070,0
15905410,0
61509700,0
15779910,0
33363340,0
31831810,0
55305891,0
27165091,0
14063321,0
39030960,0
20427640,0
41739771,0
20385700,0
53397571,0
56048311,0
23088881,0
22394051,0
36401490,0
29305090,0
14617331,0
44005240,0
34143151,0
39110670,0
40477981,0
63589560,0
42476251,0
54702640,0
51998151,0
28925441,0
34047960,0
29330290,0
48373730,0
44001270,0
29729341,0
13178810,0
36565351,0
42569901,0
28106160,0
32619970,0
23261281,0
37761730,0
15699811,0
33283381,0
12421940,0
42860741,0
33475101,0
54339271,0
23000580,0
21625540,0
68778590,0
38774150,0
28716310,0
42018631,0
47232470,0
43962920,0
61533390,0
51297110,0
26895440,0
28700870,0
41070420,0
12143900,0
14095670,0
27849151,0
12167250,0
27871761,0
39759861,0
27115830,0
24655670,0
36486881,0
24971100,0
39710351,0
30184970,0
27722100,0
31001560,0
14572310,0
43773191,0
59609900,0
61790470,0
40687860,0
40981780,0
16306501,0
48961001,0
24006120,0
55234260,0
25813330,0
24100211,0
50884020,0
25161820,0
25746040,0
20557420,0
26048880,0
27851850,0
16117431,0
12576400,0
63414120,0
53910460,0
38636001,0
36741150,0
53542620,0
37587311,0
57374320,0
43079030,0
16421500,0
60923571,0
15482710,0
55225860,0
38110800,0
52556270,0
27560600,0
38922120,0
15092311,0
61497311,0
39961740,0
21701581,0
16240441,0
43890001,0
57622280,0
42195461,0
25473120,0
12011431,0
51245920,0
24684800,0
22712371,0
14523240,0
25883380,0
21423271,0
61544000,0
14315711,0
38465620,0
41509980,0
31628100,0
31546081,0
27009060,0
34378270,0
28788460,0
41187270,0
14595220,0
49688371,0
62277720,0
12180620,0
26843461,0
13626271,0
41476310,0
14796621,0
30408831,0
15771681,0
23714980,0
21490851,0
23355311,0
21443981,0
61857620,0
45008221,0
14702110,0
28854490,0
37817911,0
42167410,0
28295861,0
23563410,0
34325290,0
49962470,0
49051710,0
28718810,0
13701120,0
37444090,0
11915981,0
42530161,0
13966720,0
41911720,0
56644440,0
50890650,0
22877731,0
27777831,0
41978200,0
41272241,0
46561431,0
26769070,0
13327660,0
37854161,0
54347340,0
15412360,0
58468220,0
22183741,0
12680441,0
22198050,0
58705870,0
50770120,0
56942391,0
30861211,0
11997300,0
71804231,0
51422781,0
27646760,0
45771711,0
11774481,0
57742041,0
29569491,0
16484411,0
33283060,0
56595401,0
23770800,0
50044041,0
44317480,0
61045310,0
61850040,0
62309501,0
21930060,0
33963861,0
11840961,0
16500670,0
43140140,0
50611131,0
32692441,0
34143370,0
39242790,0
46368481,0
31391970,0
13332361,0
57818530,0
25729890,0
17031261,0
30855541,0
21553690,0
26548280,0
55326130,0
44240660,0
41651070,0
33294540,0
48569830,0
24090670,0
14567671,0
47920940,0
49271670,0
43361501,0
21575760,0
36241951,0
43447711,0
61975710,0
44078401,0
37915090,0
34076121,0
38639601,0
35212800,0
45562470,0
14990531,0
11881200,0
60929521,0
29263150,0
53628311,0
29638150,0
38627550,0
28030750,0
33022440,0
31319470,0
43355871,0
51296031,0
22438731,0
48568481,0
28985810,0
13361550,0
43426170,0
41168951,0
12245051,0
47192521,0
46381561,0
45877621,0
36187341,0
50604401,0
28296531,0
27620000,0
20521451,0
25600540,0
41287790,0
53880650,0
22883190,0
15153920,0
62224370,0
11856821,0
54697220,0
56264350,0
25448321,0
34106840,0
58381220,0
15877410,0
48345600,0
56365040,0
52219231,0
23118230,0
26968800,0
14512241,0
12024511,0
41887020,0
27449061,0
54932920,0
54695590,0
58284280,0
40061160,0
46424041,0
42533761,0
30689890,0
29756600,0
23196960,0
26457140,0
14764881,0
28183390,0
47370800,0
48213470,0
29090320,0
31239870,0
58995890,0
58518050,0
50977871,0
35468641,0
28046231,0
32488540,0
23935100,0
27734811,0
58270190,0
21804730,0
30577730,0
22698410,0
12845770,0
16557600,0
34717670,0
52623260,0
14792471,0
43975941,0
27673390,0
47081351,0
34669970,0
47689011,0
36102610,0
24263580,0
37296420,0
56841991,0
46626771,0
38165250,0
31947841,0
62589301,0
22029821,0
51122480,0
29200421,0
42983180,0
39904250,0
44960351,0
44497111,0
16045841,0
13837650,0
68844110,0
68936001,0
42764911,0
51080150,0
42482540,0
23559560,0
46066540,0
41367220,0
29293760,0
23076010,0
14883791,0
15498540,0
47521031,0
49011130,0
28481040,0
21675480,0
49460760,0
13333300,0
38348321,0
12202810,0
28289300,0
30119430,0
39121331,0
62594281,0
24239901,0
16122951,0
43730151,0
47526910,0
36896491,0
24026650,0
15018511,0
34784850,0
29776170,0
52628930,0
21993090,0
39994871,0
50453651,0
28579121,0
28685471,0
61730531,0
14514410,0
16131990,0
31287081,0
27158440,0
28684580,0
23716190,0
52544240,0
29772791,0
53552741,0
32567341,0
12746501,0
24821740,0
31268980,0
26899710,0
20701790,0
32312840,0
31900521,0
25344160,0
39280901,0
13571880,0
49120701,0
34373761,0
37812111,0
50152810,0
27248060,0
13583060,0
44452110,0
14532730,0
42272520,0
23882451,0
65203160,0
24770570,0
31170391,0
19330271,0
62077941,0
30634881,0
52893710,0
21760700,0
51459810,0
41952861,0
58504080,0
51080570,0
21538841,0
31594891,0
15990780,0
26857640,0
41912800,0
30790851,0
38876620,0
58578191,0
30626420,0
27718760,0
18608830,0
34575360,0
47976240,0
14145890,0
41316740,0
38117591,0
43881830,0
39450640,0
48667760,0
50419711,0
33264880,0
62454431,0
35583541,0
37882031,0
20266120,0
28580470,0
74536471,0
13232941,0
53932681,0
34511370,0
68258731,0
34850910,0
28073330,0
45725870,0
30354450,0
26596400,0
14128950,0
21694920,0
47855550,0
39246660,0
13451490,0
52193581,0
12184050,0
21250410,0
27356720,0
13501430,0
34546011,0
12532840,0
12224760,0
26590200,0
31475461,0
22563940,0
16359451,0
16050620,0
60978730,0
30416260,0
28149070,0
36792371,0
54016230,0
29967750,0
47533410,0
53777801,0
32360690,0
16038790,0
12619081,0
28008690,0
33818750,0
52416861,0
25761080,0
45726970,0
25891790,0
21652641,0
31309380,0
39639430,0
30224000,0
39170360,0
37941481,0
14383230,0
55371490,0
21967341,0
27380620,0
21064920,0
57177801,0
53760810,0
51540561,0
38387290,0
34051800,0
32870450,0
46345660,0
68027141,0
26088231,0
12281420,0
36449460,0
13088801,0
49319810,0
13223691,0
11877221,0
42951610,0
33045330,0
15289210,0
57076980,0
53423921,0
14257050,0
16498761,0
27438260,0
38524820,0
72683291,0
16098740,0
23228171,0
26249461,0
21136640,0
68872011,0
26837391,0
52413141,0
25975260,0
30489350,0
60911181,0
56867880,0
31436041,0
52338470,0
71892580,0
54953811,0
23004761,0
38376120,0
35320620,0
28408900,0
22005090,0
37923770,0
21321720,0
48858350,0
52526450,0
14963990,0
53644380,0
51311611,0
22188270,0
43070091,0
51223990,0
64756070,0
28043540,0
57210450,0
56068130,0
21367120,0
57733840,0
44906400,0
28062990,0
37770731,0
48156391,0
13020421,0
51855500,0
39515221,0
14305631,0
39824841,0
47396170,0
15406690,0
40233191,0
56449221,0
12226680,0
29774510,0
25701060,0
28735640,0
13928560,0
15336800,0
30535270,0
26258000,0
15925550,0
31825600,0
21745250,0
28553321,0
32894901,0
56701850,0
30777600,0
37641620,0
50020570,0
15916751,0
53600280,0
16255450,0
28308060,0
26457851,0
14360760,0
54210171,0
23317271,0
21621451,0
61894190,0
35823801,0
39913641,0
62642551,0
53891280,0
11677630,0
38672250,0
52958051,0
14870490,0
27341000,0
22895760,0
11881490,0
54949900,0
27291831,0
31001970,0
32740130,0
13913551,0
48026560,0
15249760,0
47635320,0
31215200,0
33184231,0
20229611,0
38880251,0
34075041,0
28424610,0
43172260,0
22172520,0
32779331,0
32127080,0
13917261,0
13598790,0
22731401,0
26978560,0
44507311,0
44407560,0
30114220,0
22660231,0
55157060,0
30410371,0
49560740,0
40405840,0
73573100,0
25068450,0
30093291,0
25566381,0
58109721,0
34824041,0
32610740,0
11909491,0
40881090,0
53839670,0
36324630,0
52953351,0
49222430,0
37871271,0
57211570,0
45138220,0
14463080,0
67430121,0
44438621,0
29008260,0
31413811,0
34035970,0
43791411,0
47533940,0
62532330,0
43286351,0
53345110,0
20651460,0
23917181,0
38543731,0
22615541,0
21627080,0
33597660,0
26223770,0
25985460,0
26261611,0
16359010,0
39934310,0
26942720,0
15471301,0
14622561,0
12352300,0
34805790,0
67656530,0
36033660,0
38787431,0
55207711,0
30670331,0
13315940,0
15571271,0
40036510,0
30459390,0
63492640,0
47386380,0
57056191,0
44772470,0
12154270,0
54880011,0
22373371,0
15068690,0
31449940,0
33311661,0
26514391,0
65150510,0
30892931,0
35138720,0
51747691,0
20678831,0
17321950,0
40807310,0
33160641,0
27725971,0
47128811,0
18053170,0
54508700,0
55396050,0
29335940,0
23773050,0
63351390,0
27859570,0
56183540,0
16261281,0
21708621,0
42975590,0
46672151,0
37667991,0
24181130,0
43309251,0
49990661,0
51082821,0
14985681,0
22107560,0
28745540,0
27948130,0
42000130,0
16507680,0
42583770,0
34370820,0
27015950,0
40427931,0
31741381,0
43795470,0
13492870,0
42872300,0
38668551,0
27199711,0
12195640,0
42182720,0
32755550,0
56856051,0
16290651,0
24289291,0
13690750,0
20926450,0
16002691,0
43403520,0
28341860,0
23684661,0
27547251,0
22048991,0
21098061,0
27308470,0
34377980,0
51411471,0
33419500,0
34552481,0
28860300,0
30280291,0
58391840,0
51057981,0
44006671,0
55456860,0
14499961,0
13467521,0
30246770,0
56215711,0
37073390,0
22807190,0
58241390,0
62463671,0
15565840,0
63590841,0
64547930,0
27940031,0
47788130,0
13819850,0
21004120,0
31020610,0
34723720,0
31833211,0
22722940,0
27910241,0
14141781,0
36215881,0
49939850,0
46669360,0
34097740,0
15105961,0
13808680,0
75137870,0
30457811,0
15170860,0
30108410,0
22637040,0
46267391,0
14631060,0
56378300,0
14018200,0
26132210,0
20977671,0
48193180,0
56527070,0
21939921,0
53642880,0
30167050,0
12788031,0
14836160,0
12202650,0
41123930,0
40533940,0
44792101,0
27350130,0
34757930,0
56874660,0
16002251,0
61565110,0
32253581,0
14071601,0
26028360,0
54280340,0
15234590,0
28241610,0
52887670,0
46826471,0
33527511,0
23985000,0
37624811,0
12771331,0
13862801,0
15210460,0
27982340,0
44751711,0
62905120,0
47927461,0
42481631,0
15483230,0
11815150,0
16115880,0
44129380,0
25708230,0
58790311,0
13402110,0
16348981,0
31845860,0
23685180,0
16297200,0
35577481,0
47759600,0
35748201,0
58491420,0
50112021,0
36834400,0
54687860,0
24096720,0
48193460,0
68945330,0
12983161,0
32725370,0
12233980,0
38783660,0
28328241,0
26040521,0
53588140,0
56871490,0
16088950,0
62278191,0
35769021,0
14284200,0
32827441,0
42646691,0
36066801,0
43898930,0
45582860,0
49367110,0
42590260,0
28204630,0
43898510,0
12049081,0
61044070,0
15015040,0
46496820,0
47892230,0
58751780,0
20297840,0
32860360,0
15204530,0
42803450,0
43972891,0
57799001,0
22321460,0
47857630,0
47479190,0
42436060,0
36156571,0
14937701,0
14553290,0
28801010,0
40710460,0
48840331,0
12532020,0
15039320,0
24066100,0
48093450,0
25998840,0
14678001,0
42870220,0
62455750,0
13173570,0
16531431,0
68961681,0
26847881,0
68541711,0
28439940,0
38607871,0
35225361,0
48497980,0
51522631,0
23947121,0
43032851,0
17850950,0
30112601,0
48078990,0
35613970,0
13888270,0
40208381,0
15674410,0
36365921,0
13275811,0
38019490,0
49020940,0
28580771,0
40163541,0
36546560,0
24916740,0
33292030,0
11979151,0
16333770,0
40876960,0
53514610,0
45632021,0
38399160,0
34638551,0
53221171,0
37520230,0
15441450,0
16360920,0
23569740,0
49976540,0
31202060,0
22291420,0
21688091,0
21340060,0
67664701,0
15273101,0
41407760,0
20673861,0
33886450,0
52754881,0
40151920,0
41468641,0
50105541,0
32867861,0
37944491,0
22543131,0
30038661,0
32436720,0
21185600,0
51073421,0
61651590,0
23999490,0
43571130,0
47505851,0
50039300,0
27537020,0
13525130,0
67321161,0
27683620,0
41082191,0
31315600,0
47016681,0
53503170,0
26213840,0
11753261,0
23509251,0
61276480,0
61575241,0
26389191,0
30284270,0
27264511,0
54322940,0
43676251,0
13072070,0
24781491,0
23490580,0
30320790,0
52187791,0
51318870,0
22949591,0
41477840,0
27957760,0
41156510,0
25662860,0
40448430,0
24207610,0
45741630,0
13412600,0
30487721,0
38630030,0
31769241,0
36297511,0
48142560,0
13198960,0
30397220,0
50841061,0
56684200,0
38658081,0
33269321,0
57718000,0
42091290,0
14710011,0
57483140,0
54459750,0
41459070,0
42731791,0
43194211,0
51702680,0
39509831,0
47186731,0
32845641,0
15635490,0
27412300,0
48358660,0
39556171,0
53291210,0
32603481,0
50149941,0
22376821,0
45946130,0
12216580,0
20898791,0
38603160,0
13150000,0
22080830,0
22143700,0
36666260,0
52502101,0
27312760,0
32593210,0
12657841,0
30486771,0
44045711,0
26455200,0
15629730,0
52317500,0
41372361,0
12120590,0
26751570,0
12728250,0
45708141,0
14897270,0
51593070,0
28330140,0
22746140,0
15311940,0
25895820,0
41673940,0
41767190,0
20381860,0
54657370,0
30430621,0
32518090,0
38173940,0
31079330,0
34280880,0
15877260,0
29061220,0
62136370,0
42765861,0
35006990,0
68662811,0
72199870,0
32095801,0
32530111,0
22355840,0
12916851,0
27578390,0
32999370,0
42928430,0
56086200,0
32192460,0
41545731,0
45040590,0
50484941,0
42278310,0
14380651,0
21255311,0
63458710,0
31521780,0
16638871,0
62804280,0
57615821,0
26454951,0
23275690,0
32780681,0
64905120,0
69799610,0
28210611,0
37770250,0
49372671,0
29998500,0
51185691,0
21698500,0
30450710,0
38163381,0
21789110,0
36524090,0
47374650,0
26079001,0
11936500,0
29354160,0
15971200,0
64771541,0
56038310,0
27428190,0
30287020,0
27359531,0
54646531,0
25762450,0
54507730,0
30782731,0
39280050,0
16598071,0
48949380,0
42492040,0
40233290,0
15239581,0
73031350,0
13403131,0
58775090,0
14555230,0
20669540,0
39025000,0
50622020,0
33038150,0
16488281,0
27702080,0
16346170,0
47863601,0
24011910,0
41619801,0
48094601,0
21687811,0
15368920,0
30161520,0
26946621,0
25291070,0
43024000,0
28598291,0
40862330,0
16047740,0
13077860,0
35517300,0
33350271,0
31620551,0
29948850,0
46589951,0
33658070,0
49942620,0
57117831,0
56649420,0
34873630,0
56747750,0
52060891,0
12067370,0
47309751,0
12579730,0
31560670,0
43201480,0
65126750,0
53230940,0
42698400,0
14950121,0
37723411,0
23842120,0
51116720,0
23228581,0
35138361,0
39378500,0
44679441,0
33080230,0
46572960,0
12763860,0
22928430,0
35170631,0
27770951,0
22635530,0
51211361,0
44431560,0
16087880,0
25831140,0
14802910,0
37301080,0
12594220,0
16386231,0
51401780,0
43003150,0
26521000,0
67484300,0
62011991,0
15540890,0
36912491,0
30670150,0
14156910,0
71555011,0
16094920,0
23055190,0
30986130,0
11954191,0
32141471,0
45551000,0
12840960,0
31016860,0
22758390,0
38327880,0
29215420,0
54173351,0
12603610,0
50963630,0
24273831,0
35770510,0
13736690,0
12419330,0
62781550,0
28177791,0
31024071,0
15303601,0
32112590,0
16048451,0
41262690,0
45357260,0
36754650,0
40353670,0
29328281,0
52276140,0
33060910,0
22170060,0
44829180,0
54518360,0
16423140,0
49028431,0
54530920,0
53391210,0
13353051,0
36437781,0
29243461,0
46963250,0
59128440,0
41836721,0
23080331,0
46108491,0
22455370,0
44424540,0
34127820,0
22168960,0
30109971,0
34058690,0
52197420,0
61468761,0
16653170,0
27399951,0
29644730,0
61262100,0
20321850,0
31659700,0
68899160,0
51942421,0
38084351,0
13318680,0
36220090,0
12807850,0
21731890,0
52667270,0
40722480,0
38429131,0
12276020,0
12728680,0
68967031,0
33144231,0
28396340,0
63334290,0
15028010,0
14633160,0
38483611,0
14775490,0
56704450,0
21909520,0
65112990,0
54407770,0
25582511,0
50908330,0
50988211,0
44024761,0
30136290,0
34311841,0
49886920,0
35261040,0
22422730,0
21858801,0
14098481,0
20219100,0
31042540,0
13698610,0
26388621,0
26124910,0
13178181,0
21023601,0
21631200,0
38608230,0
23360581,0
12956541,0
14899580,0
26910921,0
20658681,0
55857421,0
46895711,0
38677620,0
15772180,0
30561661,0
13535521,0
51438160,0
29336701,0
42465030,0
41871891,0
12240921,0
22157001,0
37175150,0
30428810,0
48390011,0
41612751,0
13913971,0
21526400,0
51670270,0
36485990,0
25792080,0
63323820,0
21658090,0
21573710,0
31732070,0
23036430,0
42052441,0
28838790,0
39789220,0
23955391,0
20365310,0
15384070,0
61647300,0
29676521,0
31613060,0
15396531,0
23302170,0
42641751,0
34436060,0
57258071,0
11985231,0
41368210,0
22586710,0
39508461,0
30129240,0
32566641,0
21324381,0
21705171,0
43083331,0
14084110,0
50227430,0
24409900,0
34876851,0
54985101,0
45244690,0
36817891,0
62788270,0
20398550,0
37670170,0
38386340,0
25573080,0
23172560,0
20329020,0
20437611,0
49299021,0
29083631,0
13507770,0
29113070,0
44225390,0
32966030,0
47410230,0
26222100,0
13454790,0
16113301,0
32821880,0
26443361,0
46798081,0
29538871,0
54566401,0
57298020,0
23199160,0
57543090,0
18350630,0
23469101,0
30145930,0
24028061,0
49352240,0
12577250,0
14369050,0
58735981,0
21450980,0
29220810,0
11937070,0
41225450,0
58673040,0
40848701,0
38009591,0
75236630,0
25682081,0
26949391,0
16312790,0
20588030,0
47794060,0
12811410,0
27510131,0
34117651,0
29302450,0
11884780,0
21799221,0
25807830,0
53875270,0
70172161,0
22918701,0
38181021,0
37864921,0
13158751,0
31725050,0
28040151,0
46495621,0
53077830,0
52905200,0
23652910,0
39166001,0
16490611,0
16518081,0
29540080,0
56660720,0
68799341,0
35400890,0
24225141,0
14214160,0
51109400,0
31513240,0
33520440,0
50338300,0
13374240,0
12343371,0
31183200,0
15914701,0
46829111,0
14113371,0
25408321,0
30361770,0
23239170,0
13840410,0
50955511,0
23603260,0
12226950,0
23616411,0
55078061,0
27202700,0
35191260,0
16122190,0
29873991,0
25166380,0
43996201,0
62025190,0
31830550,0
20629280,0
54189560,0
44866441,0
36941721,0
30993061,0
39483631,0
27830500,0
41913281,0
30446621,0
42432220,0
45399030,0
40588690,0
25625141,0
34574961,0
33370961,0
60975861,0
50945150,0
33497530,0
31771421,0
12094991,0
27897971,0
49026241,0
29448251,0
50252981,0
52636120,0
49406560,0
52782990,0
36555640,0
49363120,0
23311160,0
41861260,0
62466711,0
14656891,0
28279940,0
22198340,0
20297061,0
37920330,0
60891301,0
27923150,0
11847140,0
35167260,0
13333840,0
37739411,0
56746910,0
15208230,0
38393541,0
28675740,0
47208661,0
56715080,0
38276331,0
28283380,0
26324020,0
27961490,0
42770940,0
46035760,0
25003691,0
39669541,0
32229280,0
15250341,0
53672161,0
22774790,0
58732811,0
35681430,0
20572341,0
35794390,0
25785951,0
51990650,0
22163130,0
12194130,0
14231011,0
15065640,0
13282530,0
13750121,0
29481771,0
49333641,0
15159270,0
34192060,0
14997411,0
55043140,0
51581521,0
22756740,0
29620040,0
46656810,0
14087741,0
41532170,0
21639190,0
42676170,0
22228520,0
36623390,0
22924081,0
13638551,0
13934460,0
38727260,0
27062211,0
61299661,0
33002710,0
68397990,0
39309591,0
12772110,0
30701850,0
39216710,0
37588811,0
31420130,0
55164100,0
27964540,0
27970651,0
34497601,0
65160410,0
41790470,0
12702340,0
31612571,0
72158401,0
27348921,0
37224110,0
20294431,0
30670300,0
46950990,0
64404210,0
30402860,0
26510401,0
13794640,0
28961141,0
15763541,0
33476761,0
27278110,0
42597850,0
36434201,0
13262581,0
25756930,0
23620521,0
34795320,0
37269811,0
13662510,0
20516700,0
38483871,0
36529501,0
12929671,0
31488161,0
12508020,0
58289261,0
23645170,0
28949120,0
26951871,0
68015370,0
29832160,0
25413281,0
24085010,0
16086681,0
65028180,0
27868150,0
13159800,0
27828140,0
21841161,0
40213860,0
16643581,0
13385450,0
12541810,0
14252261,0
50654830,0
27130170,0
67452310,0
16313510,0
15069780,0
46745190,0
50655401,0
58472120,0
33492420,0
26883540,0
47060060,0
55868410,0
35235171,0
38625600,0
29814100,0
30577350,0
44941300,0
46196781,0
12200361,0
12411781,0
29170241,0
41820270,0
43676870,0
14033200,0
26904561,0
21157470,0
23817631,0
58401090,0
24157571,0
13173610,0
71505101,0
15666861,0
31874311,0
30436090,0
13242290,0
22579230,0
29496890,0
45525210,0
30319160,0
30552691,0
30217380,0
62426420,0
12106810,0
71886021,0
15632910,0
22262641,0
23074381,0
72978790,0
36119741,0
14581710,0
42207150,0
44747161,0
15431140,0
44818810,0
63140230,0
30469460,0
41474011,0
40674340,0
62858651,0
11882430,0
51008440,0
44239211,0
43011911,0
61697940,0
35255110,0
30963811,0
33222031,0
42348220,0
35958811,0
16640951,0
26829750,0
25794980,0
72009110,0
22853601,0
61445940,0
34239240,0
62217720,0
32899800,0
45066141,0
47702791,0
56717611,0
26512730,0
46134841,0
45846311,0
31164901,0
45075320,0
26196760,0
55139260,0
12255900,0
24915670,0
62545970,0
54839881,0
67535610,0
52125301,0
32748281,0
56477320,0
14695620,0
27485560,0
12472830,0
26282540,0
56944690,0
46460560,0
43543841,0
21980581,0
14794971,0
41011120,0
22426430,0
38081741,0
43043560,0
56055751,0
20936250,0
31607690,0
32822751,0
57581901,0
14130870,0
12059120,0
20547210,0
14593051,0
12548140,0
62761650,0
27301211,0
57659910,0
55206440,0
12515610,0
14412111,0
12784110,0
13039530,0
24082530,0
31517821,0
57805871,0
67860510,0
33577920,0
34949490,0
13242721,0
33042850,0
45698061,0
36932221,0
38852490,0
15580760,0
58774270,0
30696740,0
51857040,0
39303781,0
33257611,0
21279281,0
29429781,0
15917110,0
30845310,0
15043891,0
14663661,0
45943910,0
40395330,0
33239380,0
15238990,0
12335521,0
13938730,0
44435260,0
56051990,0
43719630,0
46788001,0
23634030,0
40362230,0
33991700,0
58559810,0
35646130,0
23990520,0
58349961,0
26916110,0
21455650,0
28741581,0
27359630,0
68502370,0
40657780,0
32088491,0
14227400,0
23538730,0
26455080,0
28575681,0
13203510,0
47525981,0
21852891,0
25808940,0
52231491,0
14011311,0
41210461,0
22635760,0
30188270,0
44985130,0
32268351,0
60921241,0
40390920,0
40559590,0
60958751,0
22843330,0
24990680,0
26232501,0
14909831,0
52167180,0
26437280,0
37720780,0
36992030,0
12753640,0
30488271,0
15528261,0
47571040,0
15512610,0
51936890,0
61066020,0
16393880,0
29788921,0
42043690,0
23707281,0
25386121,0
12435040,0
12193830,0
30035200,0
23653870,0
39415310,0
31485240,0
60961180,0
47519450,0
40903430,0
22816091,0
14626370,0
43911050,0
14013100,0
32202100,0
55841851,0
28439660,0
23257411,0
13597321,0
28555001,0
38792090,0
32327111,0
18619420,0
53732780,0
41526520,0
13359490,0
35197590,0
27972441,0
62681400,0
39960790,0
74498111,0
15634000,0
53312280,0
53841070,0
20520840,0
30286180,0
31244311,0
29681211,0
13588450,0
14951320,0
28748700,0
51059651,0
27706681,0
53509380,0
48622561,0
41028350,0
54945610,0
13663760,0
43043330,0
34475531,0
55340210,0
36630940,0
16485360,0
41752310,0
54452740,0
40169010,0
54518780,0
41258581,0
48153170,0
14419250,0
14998190,0
55309310,0
27618900,0
28203321,0
47104080,0
41258140,0
43467011,0
39043831,0
37824350,0
57813410,0
54394711,0
71781611,0
56467100,0
16320721,0
61155100,0
26934460,0
51896600,0
32684861,0
62167140,0
25959021,0
44127730,0
74429510,0
50408090,0
23129271,0
50639090,0
53614310,0
16332950,0
23400691,0
26712041,0
30236591,0
43061541,0
15604470,0
14906910,0
30757440,0
28809581,0
28444791,0
37303430,0
26715460,0
41270970,0
22517911,0
13909500,0
40041050,0
27273880,0
56937260,0
60924230,0
43790510,0
35819170,0
21028520,0
36292510,0
72067580,0
43130760,0
14002580,0
46437691,0
47743911,0
26959560,0
67267190,0
13566120,0
22903791,0
21424220,0
15085240,0
46102031,0
41866610,0
31302760,0
44842981,0
33971260,0
13362011,0
12886771,0
46683341,0
24250241,0
14698151,0
55516071,0
35425481,0
44574051,0
28626670,0
39866580,0
15922961,0
34565161,0
21152370,0
49822110,0
13133720,0
27978870,0
15261080,0
37504220,0
56493580,0
39539440,0
22467540,0
33010680,0
26059250,0
14107741,0
72965700,0
43202860,0
13719190,0
28059140,0
21527770,0
29161691,0
29372510,0
45199241,0
50326061,0
38712630,0
31360270,0
34711180,0
36684470,0
30806840,0
51380670,0
33782190,0
47001040,0
22750660,0
14419650,0
33181870,0
56705881,0
13659241,0
68848380,0
13201160,0
45374880,0
38521370,0
30368110,0
36889871,0
28292240,0
48307100,0
21503001,0
30990510,0
12927820,0
21551811,0
37007511,0
29154190,0
35757840,0
56776320,0
45698720,0
34006980,0
53170390,0
15586010,0
37824490,0
32554501,0
38235050,0
40276091,0
27536720,0
46991971,0
42571500,0
45044621,0
12022280,0
29388510,0
31851230,0
27366240,0
32112460,0
51599010,0
71388291,0
14253340,0
13461140,0
22384271,0
27164360,0
21837530,0
51329391,0
30182870,0
22618441,0
60981931,0
41563340,0
46076371,0
52672011,0
12641230,0
46186831,0
24263720,0
24142940,0
54940281,0
45574750,0
45176990,0
14564470,0
23487980,0
36246720,0
49071710,0
32219320,0
51463540,0
41865650,0
15146760,0
26696461,0
13992540,0
20856980,0
23307280,0
28768450,0
22799650,0
42539421,0
14133121,0
23949840,0
30623981,0
56924170,0
34560081,0
49451220,0
36309640,0
41732881,0
28102850,0
54867850,0
27791290,0
72159351,0
41253150,0
21331011,0
41929011,0
13951170,0
13586220,0
47922870,0
43379410,0
31337001,0
44608240,0
22253610,0
20423620,0
57519680,0
27558790,0
20392740,0
27412381,0
30777190,0
40732581,0
33053201,0
29692050,0
32711400,0
58266730,0
66794741,0
35964871,0
33091530,0
12563771,0
39042981,0
30421521,0
38159880,0
29187130,0
57812040,0
49749581,0
22778930,0
29419260,0
37186330,0
15882561,0
40194410,0
46531740,0
16255570,0
63461190,0
57029790,0
31545931,0
49586991,0
39521821,0
56768221,0
55410930,0
56705061,0
56429860,0
48896960,0
54314090,0
32707471,0
23623230,0
11701770,0
16606860,0
74338551,0
12612601,0
16253800,0
27348791,0
27124060,0
15911641,0
34571330,0
37784931,0
52206240,0
40071230,0
21767740,0
24484110,0
47365611,0
39347231,0
35576361,0
11803021,0
37883210,0
40600611,0
31413281,0
11976350,0
36461870,0
29212240,0
20252801,0
14729150,0
40529841,0
14456910,0
51232420,0
11971390,0
75187940,0
52234251,0
35699210,0
29176820,0
21981151,0
25245571,0
26310920,0
62419100,0
30083491,0
44102230,0
52325540,0
33422831,0
38824240,0
15430891,0
51249951,0
40548181,0
24870130,0
14010491,0
23436691,0
44055600,0
22416541,0
27634821,0
15655640,0
26389420,0
27056240,0
16257070,0
34881110,0
29799811,0
46301311,0
39826061,0
13390540,0
47224170,0
33249410,0
54922190,0
56248541,0
24254791,0
14910951,0
14608440,0
29485470,0
41103431,0
51863910,0
29034320,0
40951670,0
12573660,0
50748750,0
49326341,0
13190051,0
47846450,0
40521390,0
38360950,0
33397451,0
38739181,0
39832230,0
67962140,0
39707201,0
28720020,0
15731531,0
40503781,0
36917940,0
22445070,0
31718280,0
40081980,0
41735610,0
38853850,0
49555681,0
27297351,0
15247810,0
15150081,0
54607710,0
22776901,0
47815720,0
20872700,0
26320091,0
41009340,0
54860240,0
61523590,0
36300380,0
38046971,0
26755341,0
26463200,0
23425890,0
34212510,0
21734961,0
15257600,0
33823160,0
30834560,0
34064541,0
36790711,0
31214910,0
37653460,0
61611491,0
46131220,0
32750231,0
21700860,0
40426240,0
50589901,0
49400241,0
58785320,0
31343430,0
32556010,0
40002061,0
31178090,0
58426651,0
16668080,0
16005280,0
48390280,0
29049541,0
39824981,0
33443781,0
61875321,0
27482441,0
17665360,0
15480770,0
30495851,0
48748710,0
36679131,0
29183061,0
16200031,0
22502611,0
32771270,0
38279880,0
11796660,0
26760240,0
14015061,0
36475421,0
37492090,0
34316340,0
33929251,0
32320331,0
35668040,0
42909510,0
16057021,0
21485170,0
23760070,0
62396791,0
23371160,0
26254800,0
49567121,0
31970270,0
33291610,0
44916460,0
56129750,0
35245641,0
44911650,0
11766751,0
15034531,0
31790440,0
57968911,0
68405300,0
14441221,0
38531820,0
51199160,0
46838740,0
65159180,0
36671250,0
55388081,0
54700721,0
14453221,0
32673770,0
22267960,0
43952720,0
29696911,0
15379021,0
62864980,0
23904351,0
50244100,0
54367681,0
63266351,0
46041491,0
29072721,0
12220600,0
41237621,0
46454661,0
65006510,0
22115580,0
54543730,0
45157291,0
24771380,0
45697371,0
64677901,0
50727520,0
20458120,0
34290731,0
12935031,0
28499210,0
21639070,0
69640221,0
21995030,0
29203591,0
45116310,0
62501160,0
14087960,0
22741191,0
38595270,0
31000580,0
20367920,0
28300780,0
22584101,0
11849630,0
29779500,0
37821030,0
57528490,0
30216290,0
23046340,0
41457020,0
13619781,0
44269650,0
29996461,0
53183340,0
36436370,0
50655831,0
38577920,0
51055590,0
50525310,0
14439951,0
56574560,0
57388940,0
47633130,0
28340801,0
43386030,0
51613791,0
31450720,0
56329320,0
14446181,0
45143190,0
61203910,0
32905381,0
11750710,0
15117951,0
32177731,0
25930010,0
22728480,0
22875180,0
14158061,0
45140761,0
15555500,0
15772870,0
37539591,0
40827130,0
21658011,0
31010120,0
13363121,0
12678330,0
50926380,0
25938570,0
26441041,0
41358581,0
34648280,0
30385630,0
53419890,0
12516881,0
22345470,0
46196491,0
12791030,0
11688421,0
30967070,0
16712740,0
22130911,0
43784911,0
65216710,0
20906760,0
23227331,0
15510440,0
34050310,0
22251871,0
25222500,0
58550911,0
15966240,0
13294970,0
24880600,0
42943190,0
12350001,0
34605690,0
35894780,0
30634891,0
38970700,0
21828761,0
45190951,0
13029661,0
23201971,0
25754921,0
20284890,0
27037791,0
33434350,0
36301780,0
24701770,0
16552350,0
31353390,0
26458230,0
23897170,0
47486230,0
28102160,0
25811120,0
23686990,0
31182350,0
41673161,0
28560911,0
20712481,0
65412120,0
32738860,0
28034491,0
51214941,0
40889241,0
38035251,0
74548041,0
27888700,0
40487350,0
47697360,0
21014850,0
54882101,0
22400821,0
58528701,0
38737371,0
40189280,0
13256610,0
48856700,0
12444990,0
30948101,0
24112690,0
60943311,0
49957540,0
12479210,0
11704260,0
56954900,0
27307151,0
23186050,0
24617241,0
15911781,0
40965460,0
20553140,0
37827131,0
14021931,0
22793181,0
64197900,0
24291361,0
48770801,0
56663230,0
25564581,0
36472251,0
15703790,0
32230630,0
27318250,0
38665760,0
46604390,0
72198230,0
32149030,0
38074490,0
24260300,0
24777070,0
20320931,0
30874240,0
15241600,0
37970090,0
30405610,0
20637731,0
19905500,0
55868560,0
61682370,0
14493870,0
12448341,0
47406281,0
38277820,0
23731120,0
29047970,0
37988081,0
74652120,0
27933360,0
33819761,0
55030891,0
55325020,0
36931490,0
30015880,0
32753890,0
39475921,0
28774141,0
44222921,0
25976541,0
68555490,0
14088271,0
55469601,0
57514061,0
27823840,0
16279761,0
53506340,0
36969550,0
48678360,0
23654570,0
38921201,0
14359141,0
15798400,0
22717310,0
50248100,0
46653500,0
31349360,0
49782650,0
26253061,0
15681840,0
13356371,0
56850831,0
24751940,0
28941940,0
51129141,0
27685410,0
28304380,0
26987140,0
33080750,0
21160380,0
50115901,0
26662220,0
28302201,0
53044921,0
14116701,0
15785270,0
51326180,0
62767320,0
32654170,0
60926331,0
56081780,0
15848751,0
33229071,0
37576100,0
30585210,0
36142081,0
71783650,0
34599511,0
58375310,0
16530000,0
45887820,0
54277820,0
42468750,0
13219640,0
14708430,0
48023181,0
22947890,0
21930111,0
24652131,0
31521470,0
14638670,0
41415620,0
14610100,0
20350591,0
12128050,0
36970681,0
42943361,0
27234181,0
23688951,0
46190260,0
26863430,0
37866871,0
35540241,0
58314170,0
45014920,0
24121120,0
30960870,0
32635601,0
23270060,0
14211731,0
55367380,0
29662321,0
51658310,0
45159350,0
14815651,0
25834870,0
37137151,0
47275210,0
53922071,0
33530541,0
51438740,0
42212821,0
23830520,0
39534360,0
61723190,0
16190610,0
25113181,0
26749370,0
44132741,0
41619931,0
57076991,0
58284810,0
33171510,0
40490760,0
32515471,0
11787140,0
22017380,0
60898170,0
14371120,0
57342430,0
56705550,0
41552611,0
13632751,0
41601110,0
14731480,0
12785100,0
34883081,0
25775980,0
24088471,0
23448380,0
30546310,0
27972520,0
45289581,0
15235280,0
32249741,0
20399480,0
35478591,0
24571000,0
28621830,0
27557181,0
42309470,0
50104820,0
40098420,0
27811610,0
56870790,0
16074251,0
39853511,0
41953770,0
12004900,0
32588181,0
67569810,0
51107211,0
14187810,0
63661321,0
33497140,0
14185251,0
26185450,0
44361090,0
61607921,0
44959671,0
26963810,0
20354110,0
16026811,0
14611121,0
47349410,0
40821930,0
13657451,0
16476630,0
40861121,0
58563940,0
13834360,0
47127380,0
54278110,0
15505310,0
15284240,0
29467130,0
57187211,0
43140171,0
41896451,0
51628900,0
54905251,0
44305080,0
32165700,0
46800001,0
23620821,0
23563280,0
26849220,0
49598151,0
56299830,0
29592890,0
73712100,0
68533041,0
51791571,0
43677560,0
26260081,0
38890611,0
41285180,0
29074760,0
61196521,0
38983910,0
48251920,0
13447381,0
61331510,0
13260111,0
38904740,0
72514160,0
12948810,0
62164360,0
12169870,0
40712041,0
14032260,0
53209420,0
12282810,0
46500051,0
28401850,0
23758830,0
50627541,0
23313111,0
29410891,0
34310820,0
66928920,0
55109651,0
14210420,0
42020161,0
75070140,0
25704161,0
34376870,0
28076950,0
21564180,0
33626070,0
21586810,0
26882351,0
15854640,0
43889741,0
69979751,0
29086480,0
39666771,0
46342770,0
50353811,0
26691300,0
18327730,0
42968461,0
63318820,0
68609920,0
11957221,0
54387770,0
32137960,0
27478851,0
20641301,0
12977210,0
40042550,0
68561721,0
30313510,0
53074011,0
43892590,0
21817810,0
32389301,0
14492740,0
68794941,0
22489211,0
16412930,0
23829010,0
49223851,0
24907670,0
48822470,0
60480850,0
34585581,0
13008500,0
25079111,0
41289020,0
12723440,0
40466800,0
50823920,0
31746341,0
62372931,0
26543750,0
40709401,0
40131151,0
14839040,0
50394331,0
30090470,0
56920270,0
15566851,0
49576200,0
16383560,0
21406301,0
21812570,0
54628591,0
21950401,0
30099020,0
47646610,0
38230650,0
24941621,0
16617200,0
34966661,0
47795840,0
30983330,0
68453960,0
23710000,0
28199010,0
34031970,0
45133871,0
33988670,0
26051110,0
26242421,0
21947990,0
20581321,0
14128421,0
54097091,0
38585121,0
36294211,0
26821920,0
59747820,0
15678660,0
27133190,0
49563500,0
12801890,0
37920651,0
23903500,0
15257890,0
30408971,0
29157770,0
30334180,0
27886630,0
21437180,0
12257871,0
40929951,0
62579360,0
51173910,0
32571351,0
31945420,0
39004080,0
24450860,0
34368040,0
21770900,0
11814221,0
16612941,0
37626601,0
47086311,0
21893971,0
14453980,0
13877821,0
12836810,0
23394211,0
14704061,0
19950501,0
27949910,0
29744600,0
28802940,0
67203910,0
50843241,0
28545481,0
27896311,0
25851950,0
29080721,0
14093910,0
40109590,0
30092270,0
12760991,0
30636220,0
14857270,0
26924100,0
43683281,0
36981280,0
57553170,0
55236470,0
25030830,0
33332730,0
42724590,0
42169600,0
31106790,0
16439530,0
43570990,0
51909051,0
33946730,0
26089600,0
11871930,0
16091040,0
21061330,0
44387341,0
51561760,0
62623220,0
42843921,0
49155280,0
51214391,0
12051691,0
67439620,0
25736961,0
29055700,0
50392630,0
43378351,0
48495350,0
46408980,0
23650410,0
61843321,0
75225280,0
13083280,0
43570881,0
24573340,0
27532740,0
26110700,0
45550641,0
36258641,0
38214500,0
61575860,0
53181311,0
45017020,0
29107590,0
33539241,0
22559411,0
39925371,0
25907861,0
15870011,0
57316151,0
20175660,0
20405591,0
39867670,0
16605931,0
62103851,0
20386410,0
22330631,0
61285761,0
53193420,0
54433810,0
57181350,0
27386991,0
30658451,0
53453250,0
23740330,0
13835880,0
25848110,0
32761651,0
27167991,0
46783570,0
24502320,0
73097680,0
23009861,0
40108231,0
45181161,0
19349881,0
30672750,0
35652860,0
61451040,0
46899871,0
36177391,0
32140921,0
43459520,0
13997350,0
22399520,0
55447490,0
28905991,0
32704031,0
45396980,0
46930980,0
16498440,0
11758720,0
27348060,0
29038241,0
43642451,0
12468850,0
15728911,0
25814901,0
23253401,0
12585431,0
13079930,0
35868590,0
31850030,0
39595870,0
75059660,0
36427110,0
68904831,0
22463701,0
22314040,0
68276791,0
52485790,0
12704140,0
56948471,0
36383311,0
32876080,0
29829400,0
15490201,0
20493400,0
28984260,0
16211071,0
21409061,0
27255131,0
41526971,0
50233760,0
36313121,0
47831040,0
12211681,0
47896851,0
48949281,0
22109080,0
16465220,0
34145200,0
44697761,0
22987241,0
40478910,0
37833980,0
22499540,0
39191900,0
47648260,0
67549711,0
11823130,0
34922251,0
28047710,0
57305391,0
56342611,0
30955330,0
16318200,0
51462730,0
57566741,0
12597520,0
43803521,0
27736891,0
38872900,0
41226280,0
20359281,0
16408011,0
46617541,0
31595430,0
38415471,0
35860611,0
22249080,0
30656681,0
21607541,0
27187291,0
15495141,0
32096340,0
27619890,0
54121860,0
35545160,0
49247140,0
68778531,0
14566660,0
38774481,0
56270850,0
21450321,0
40499730,0
50539810,0
16207081,0
26750521,0
74997511,0
30861850,0
45700530,0
11697261,0
38850410,0
68429000,0
57882411,0
13909220,0
20261580,0
12469110,0
29278150,0
12020060,0
30414621,0
58514740,0
33014550,0
43739380,0
28902811,0
29898360,0
11956080,0
15139980,0
23769891,0
21773031,0
47314120,0
12291070,0
31961870,0
41568631,0
51319191,0
50668521,0
13186721,0
28549980,0
45925050,0
63335380,0
54947331,0
42336681,0
15999781,0
32723591,0
21585471,0
27967881,0
43806380,0
31185161,0
62740061,0
32329861,0
65620800,0
29116680,0
53206701,0
12901920,0
16658280,0
13468440,0
35299120,0
43487230,0
14939590,0
14757420,0
28272951,0
53133181,0
43661040,0
11908401,0
35512931,0
57092410,0
57069981,0
43445860,0
22558451,0
14807760,0
42810561,0
15481320,0
46163650,0
22372240,0
48858090,0
24202780,0
27577451,0
23578560,0
28152500,0
38808951,0
24206900,0
24978021,0
23469330,0
38608131,0
29839941,0
37281261,0
11862570,0
72917040,0
26545021,0
30018930,0
23689860,0
14209730,0
32904121,0
34518281,0
47718080,0
47416901,0
53305041,0
62690770,0
48934760,0
37227280,0
30655831,0
51309551,0
43639660,0
29863340,0
21876980,0
42780710,0
44360520,0
24265920,0
40580871,0
31270931,0
12952950,0
46464321,0
31659721,0
34436860,0
34538920,0
16112140,0
20270461,0
29484541,0
42494451,0
40677971,0
14478721,0
34071810,0
54840711,0
41690770,0
21969841,0
20412610,0
13212671,0
34387941,0
22463380,0
32142400,0
21355421,0
21019041,0
23163341,0
42001080,0
47492040,0
16509450,0
22866400,0
68619890,0
12625161,0
23129851,0
22330860,0
66860551,0
40837251,0
27007871,0
13634640,0
35095700,0
53693821,0
45801900,0
42387991,0
36347311,0
49628921,0
13348730,0
58979200,0
12627050,0
43146791,0
14221661,0
24723380,0
26003540,0
44336021,0
31614300,0
27899030,0
39222551,0
65202600,0
12768400,0
26642371,0
11798331,0
51048170,0
42449201,0
65076341,0
36096120,0
40266301,0
39994440,0
43222781,0
12076320,0
67258220,0
55424511,0
30886540,0
26826720,0
23699370,0
15585501,0
32810020,0
39906730,0
12780120,0
30058240,0
61545520,0
11963660,0
34661140,0
67484680,0
14935501,0
31002551,0
46847000,0
14761670,0
33691290,0
50322010,0
13205840,0
23248700,0
31437100,0
35019061,0
20325631,0
26098800,0
16388151,0
13148620,0
23846800,0
28690080,0
40226991,0
15854120,0
16539930,0
39802771,0
12858730,0
28121651,0
54337150,0
40524881,0
57134590,0
27404921,0
13441950,0
33017050,0
23672401,0
24101721,0
33410281,0
26861370,0
38818201,0
21952581,0
25160290,0
32220611,0
68427740,0
34372511,0
43394051,0
62886200,0
15293200,0
23485671,0
21617420,0
29911371,0
50664210,0
42364131,0
68829261,0
56720020,0
16123850,0
46531150,0
13002590,0
20477680,0
30988781,0
29505501,0
14735941,0
20399240,0
22337391,0
45364010,0
12526630,0
28888860,0
46318281,0
72105370,0
39836090,0
46760151,0
16045691,0
68664731,0
56161101,0
22045561,0
40527730,0
53784161,0
29814660,0
30770280,0
47329270,0
33997101,0
24171210,0
14917851,0
54748601,0
45259740,0
28490560,0
21457030,0
13959840,0
40024200,0
41744160,0
66526480,0
67331730,0
51502730,0
26792930,0
35724761,0
52014780,0
34715101,0
11890270,0
47780581,0
45623120,0
41649041,0
12213160,0
39707960,0
58228390,0
50376001,0
46225570,0
59010291,0
38137321,0
39054390,0
29456821,0
58511581,0
50242040,0
26605701,0
47937651,0
29350850,0
32584530,0
51134230,0
43249941,0
12943321,0
27812160,0
33283750,0
47677271,0
12213061,0
51647400,0
42672631,0
38646751,0
68291770,0
33482360,0
43040010,0
14865820,0
33299900,0
12066851,0
13253331,0
30466440,0
11881091,0
12666220,0
47351640,0
43878910,0
33441530,0
51853211,0
45979271,0
54344590,0
27707791,0
49268831,0
39086940,0
44399260,0
56342560,0
12056460,0
62618530,0
33871341,0
33796571,0
31059261,0
16415461,0
16118811,0
48484491,0
41230611,0
16004181,0
39776831,0
15592801,0
64992280,0
56689560,0
35846681,0
36619090,0
28768211,0
33490900,0
33299920,0
62028520,0
60171770,0
24958601,0
27366270,0
52628380,0
15401900,0
21586960,0
21801390,0
43255700,0
53021901,0
68830320,0
14802391,0
42904570,0
22055201,0
36287120,0
47075411,0
57793270,0
38308410,0
55712621,0
22715380,0
45034110,0
11948401,0
15906650,0
11984490,0
14325590,0
27672270,0
23187471,0
33503030,0
30380161,0
27082580,0
54502951,0
13654251,0
54893890,0
28116500,0
30389931,0
45679861,0
33028251,0
29789960,0
55148811,0
42146621,0
39460031,0
51344161,0
45305561,0
14539380,0
36381361,0
12211811,0
56987071,0
52449971,0
56803511,0
28924331,0
15212640,0
68060370,0
12591071,0
43865140,0
57901280,0
27017770,0
25988080,0
21235950,0
32673920,0
21687651,0
45016050,0
29535810,0
22686861,0
28171041,0
23076331,0
68558490,0
33687430,0
40929620,0
38017270,0
15328220,0
64594581,0
23056140,0
75214571,0
38690331,0
27694210,0
35956311,0
22067320,0
52414480,0
21883221,0
21028701,0
30010780,0
13699491,0
13122030,0
31120580,0
15148971,0
28371110,0
68447801,0
22382280,0
56190560,0
29535820,0
68932250,0
50293770,0
37187901,0
16595820,0
29101760,0
11808561,0
54260330,0
38069010,0
63074221,0
15721621,0
12572580,0
51856600,0
32692281,0
15363841,0
46837490,0
47612331,0
46217150,0
46524410,0
28624990,0
13186570,0
39727451,0
26987851,0
46632680,0
21685160,0
25917310,0
62371691,0
30346921,0
46528540,0
41263950,0
27158871,0
11724520,0
52449681,0
24814830,0
20551610,0
39888961,0
30909700,0
22848730,0
62338970,0
29079420,0
31825071,0
27161211,0
28315031,0
58332280,0
13681520,0
27094410,0
12130991,0
57874421,0
35066320,0
44871360,0
28923860,0
15631760,0
35277890,0
52789221,0
54559641,0
32579051,0
21717410,0
52602310,0
34726531,0
21718920,0
53133751,0
47656260,0
20446021,0
30104830,0
75066290,0
25757251,0
12207141,0
56309590,0
42024540,0
49012240,0
13574350,0
41596150,0
42995320,0
35877240,0
58743711,0
34585950,0
34853120,0
41135650,0
12441161,0
29127550,0
33003151,0
50367400,0
61565410,0
21578581,0
63230280,0
33303821,0
28175591,0
50979190,0
22146340,0
29347851,0
33279500,0
54563880,0
74161840,0
42517990,0
35912990,0
26499501,0
67592161,0
62821831,0
12987550,0
43606570,0
34116801,0
25783191,0
29283031,0
26412180,0
42376261,0
62730080,0
25822570,0
38950461,0
48935560,0
41341460,0
55995840,0
29522471,0
52622860,0
23802970,0
37996880,0
30262730,0
15410550,0
45086291,0
32611000,0
51384151,0
64872921,0
26839461,0
15236301,0
62038720,0
13466250,0
47948141,0
12427641,0
28418010,0
26778200,0
14315250,0
46827700,0
48016001,0
30481101,0
37181831,0
15428500,0
12452700,0
31209690,0
63237251,0
20376890,0
57923391,0
43840590,0
14758770,0
30822270,0
51103160,0
51719670,0
53139060,0
41862101,0
54962750,0
39750921,0
42503831,0
54758900,0
26145710,0
54294250,0
53501530,0
41371790,0
22596931,0
34568290,0
20834500,0
60351340,0
72256130,0
43505870,0
23692750,0
23924091,0
25725370,0
57597180,0
47959731,0
24289431,0
33972520,0
38713480,0
32932681,0
11908650,0
23980450,0
56374601,0
11867991,0
12322110,0
28821540,0
47298670,0
12622401,0
35039130,0
12742781,0
42878350,0
43207280,0
14053490,0
49985510,0
44578850,0
30045431,0
49274990,0
28184780,0
31570491,0
75234270,0
52247580,0
42287510,0
23507840,0
37520380,0
68370950,0
55261221,0
39875871,0
31532991,0
44300031,0
71937581,0
56538270,0
25025590,0
48474421,0
14931901,0
28980530,0
51041650,0
20506961,0
42171390,0
29174361,0
31404940,0
41798791,0
39331210,0
13150410,0
34142560,0
27599391,0
26788380,0
39633121,0
14314871,0
37733570,0
44767500,0
43554861,0
29405900,0
23957891,0
61580761,0
42332401,0
39248320,0
34978091,0
41899071,0
30206381,0
12531890,0
32871731,0
26225420,0
42717441,0
31692831,0
14103591,0
48761831,0
43676590,0
65136051,0
35005401,0
30613361,0
18971370,0
68003400,0
20677311,0
21151461,0
37006110,0
16078210,0
21430461,0
63426591,0
11746730,0
53269560,0
22516620,0
15306221,0
40813401,0
46650600,0
74535231,0
23787630,0
32040070,0
30073141,0
22234610,0
61639921,0
49525601,0
26361000,0
45061840,0
58785341,0
29345091,0
45899130,0
28024400,0
12639020,0
27531500,0
45242340,0
68363330,0
54780140,0
16391120,0
41081460,0
35571900,0
45429250,0
30828190,0
30197131,0
15926940,0
54294100,0
39978611,0
25682631,0
40761281,0
42062320,0
15424240,0
23754301,0
13359360,0
22357661,0
47873230,0
45639680,0
35171311,0
24087610,0
52215781,0
53796271,0
32547160,0
15853570,0
30830181,0
44485640,0
49626790,0
49446721,0
11914590,0
49690400,0
33223391,0
15327840,0
26873661,0
14036780,0
26379320,0
34182440,0
32881070,0
37891941,0
31439040,0
24487280,0
28441030,0
52474101,0
72282320,0
26641770,0
30370580,0
47013620,0
30231881,0
21126621,0
30306101,0
40949210,0
14015160,0
31628360,0
71891510,0
63473560,0
14281750,0
15225740,0
53206640,0
25664650,0
25583000,0
23701501,0
16384571,0
38256430,0
12119790,0
16379420,0
43192520,0
46742450,0
14147851,0
41817510,0
16649071,0
27773640,0
24259580,0
22068280,0
26840711,0
32956240,0
68252620,0
32570661,0
30428660,0
43821871,0
13592710,0
14512860,0
12056121,0
40012470,0
38663290,0
15676101,0
53923660,0
44187720,0
45337530,0
13929681,0
44971251,0
46938850,0
37457920,0
20586940,0
38341670,0
22652781,0
34213771,0
36864020,0
44925150,0
63369620,0
15499680,0
23889000,0
41178430,0
12640850,0
13460200,0
51325070,0
73022800,0
49738100,0
41127380,0
26508481,0
45593230,0
22173610,0
46726101,0
21158310,0
66466381,0
52599680,0
22493921,0
11881590,0
43003860,0
71475800,0
26249960,0
36190440,0
22088581,0
13416050,0
49555630,0
37299881,0
26588580,0
28960051,0
41862811,0
47884711,0
36608600,0
56103410,0
58625781,0
14135810,0
49169921,0
12478760,0
23020440,0
13373280,0
35669580,0
50220721,0
43540791,0
34723890,0
15072431,0
36099440,0
32429820,0
50141940,0
31317971,0
58675431,0
33820400,0
25308010,0
41786880,0
22099420,0
31210360,0
24011070,0
32157130,0
15448620,0
27800861,0
61492621,0
14573700,0
48328620,0
51261701,0
22230781,0
64946411,0
37528951,0
29518830,0
43971381,0
52929980,0
75094171,0
11970311,0
34510240,0
39259241,0
16285650,0
44060601,0
30845290,0
22362970,0
55849230,0
29410010,0
42856030,0
24100850,0
38833050,0
39622911,0
29086620,0
36465310,0
33736431,0
23049930,0
49884741,0
25876800,0
62431121,0
16602700,0
49174631,0
43306150,0
56132130,0
14222611,0
25224450,0
21564511,0
12565680,0
61690401,0
36946530,0
32211661,0
16310040,0
21438741,0
52858420,0
15610161,0
15886260,0
49885120,0
23771660,0
30339741,0
21360080,0
34302970,0
12924961,0
46073310,0
51830861,0
37777020,0
47892380,0
12820581,0
35634670,0
47340491,0
24597360,0
12299931,0
55574530,0
53839250,0
35024441,0
26182161,0
14397071,0
43368350,0
38052150,0
65015620,0
12055650,0
45016880,0
36911620,0
61669841,0
75118550,0
39155230,0
31659570,0
26062051,0
43789980,0
14188080,0
14001230,0
16510450,0
40998840,0
34766271,0
12933511,0
15666260,0
44203211,0
20818190,0
39609490,0
22090381,0
45076330,0
33183510,0
20613451,0
15307591,0
13880380,0
49572480,0
35481891,0
27559740,0
39255641,0
55093921,0
43001780,0
23187320,0
32365660,0
40864510,0
58445880,0
30862810,0
25986990,0
21449980,0
45537411,0
11690740,0
27972410,0
49037480,0
32312420,0
31405141,0
69640351,0
33044401,0
31967390,0
43886711,0
31287901,0
23822670,0
25922331,0
49399370,0
31518101,0
40921791,0
74389041,0
27587200,0
35110641,0
47731061,0
45127801,0
15844040,0
55285901,0
48368251,0
24146421,0
12735481,0
53403221,0
32136600,0
49772040,0
22397361,0
58191590,0
29437371,0
22560600,0
48726520,0
35783630,0
20513810,0
16170371,0
72905310,0
38704811,0
34124391,0
22197391,0
35051041,0
57520671,0
23656811,0
32631550,0
21396101,0
23283450,0
32925791,0
52421281,0
53451860,0
30060850,0
12729090,0
40050960,0
29906691,0
55157371,0
44943541,0
38992460,0
28799890,0
21194051,0
44222791,0
23654020,0
23194671,0
26563190,0
13833780,0
13683330,0
21541211,0
25837101,0
58626331,0
44415540,0
54534480,0
57966770,0
39866201,0
53803861,0
54189030,0
34081600,0
27962480,0
41417300,0
27735211,0
13440050,0
72932921,0
61679880,0
41506011,0
47728181,0
27298670,0
36951760,0
27405601,0
30276100,0
30382330,0
57666581,0
41964420,0
50943101,0
22219051,0
32083060,0
55489280,0
36588050,0
67976951,0
23899261,0
41163981,0
27927601,0
15423280,0
72928470,0
48462800,0
43998250,0
73728370,0
22278621,0
58117400,0
31195241,0
12880411,0
38452270,0
25957771,0
22671811,0
11856971,0
16260400,0
22312770,0
13600071,0
43677170,0
45447280,0
12851020,0
41643791,0
34037080,0
56921270,0
27441570,0
38611530,0
48998091,0
20329420,0
45313360,0
23518471,0
46641671,0
31412690,0
56488750,0
54345820,0
28696840,0
16609190,0
50445050,0
33262920,0
15112171,0
52117290,0
54096791,0
48430861,0
16586481,0
46477001,0
25754590,0
12509100,0
30236700,0
63550311,0
53810361,0
13102741,0
23720920,0
53287200,0
55170321,0
50690800,0
49677570,0
30867640,0
56905830,0
27477700,0
24025530,0
50263311,0
29191321,0
41868410,0
45714440,0
37501251,0
21420770,0
65056191,0
22087191,0
28151540,0
21744211,0
23487741,0
56498980,0
14139550,0
15113200,0
22452630,0
40110851,0
39994000,0
44238391,0
49597150,0
12844410,0
62020930,0
32514060,0
63142071,0
32669001,0
56010060,0
13470370,0
27142860,0
27432470,0
41204500,0
15315400,0
30354071,0
11897730,0
34275841,0
16502211,0
42128571,0
47392491,0
31008641,0
29996420,0
26404290,0
30328011,0
26609431,0
56538041,0
39445250,0
26345731,0
54967280,0
44698461,0
20232111,0
32086940,0
44163710,0
27931850,0
57858130,0
29860990,0
33891850,0
32122120,0
33733770,0
50472531,0
16216110,0
53756370,0
55326851,0
39355600,0
29778550,0
33969740,0
53324180,0
44155880,0
21963300,0
23686031,0
27650620,0
41545181,0
29414410,0
23958141,0
20614940,0
25124030,0
57798370,0
42077811,0
34792721,0
30029981,0
40910730,0
36431280,0
27675651,0
14360640,0
24419331,0
40779201,0
57746520,0
27723050,0
60908100,0
39407371,0
40199770,0
30596220,0
21914090,0
56435011,0
28762500,0
49407151,0
12524300,0
23075440,0
12684581,0
31923551,0
39922860,0
31343040,0
14858380,0
12393861,0
31134541,0
34530940,0
12036951,0
23212810,0
16286180,0
40994720,0
13931051,0
14851860,0
36538440,0
32262350,0
12416300,0
13261840,0
15680620,0
57946971,0
56601741,0
25687960,0
41784140,0
39434931,0
42798510,0
28780300,0
26807000,0
36585990,0
23706260,0
24006291,0
31306931,0
16306470,0
49736590,0
43080540,0
21286041,0
51643520,0
22082921,0
45082131,0
74434350,0
46731840,0
28940601,0
28665140,0
16508961,0
42134040,0
14236941,0
13461611,0
20881350,0
42417071,0
47863030,0
27132490,0
62942870,0
11933620,0
23215191,0
20932530,0
12368160,0
53189171,0
42817520,0
53598350,0
56478041,0
15604231,0
23232250,0
62472631,0
53668940,0
20561321,0
54886221,0
36986790,0
28657270,0
33855850,0
49946941,0
16121220,0
43556671,0
39138151,0
28165241,0
62923170,0
26759850,0
32146831,0
13440781,0
29068540,0
35030610,0
56972731,0
29412660,0
61724710,0
36077220,0
57033530,0
39517510,0
26895820,0
24947350,0
12453100,0
40121761,0
34993671,0
26529390,0
28289460,0
40854750,0
22747240,0
44900880,0
13222710,0
27162871,0
63617850,0
50422420,0
72656090,0
36721751,0
43579260,0
61996500,0
22324291,0
40541540,0
38872620,0
51570351,0
71787691,0
42280620,0
62527661,0
45788121,0
50765970,0
13101781,0
40218660,0
31954041,0
45363481,0
63073961,0
22879941,0
27474380,0
45740500,0
37979821,0
54153331,0
62745171,0
31387040,0
27350700,0
55385720,0
52404670,0
45855540,0
21773581,0
31405800,0
27181190,0
42349211,0
45876401,0
34281190,0
15063850,0
44005851,0
41795730,0
14286010,0
50856341,0
32649121,0
65049280,0
30347891,0
27497700,0
40319821,0
25187900,0
64026330,0
34867361,0
33661110,0
31270401,0
42060810,0
14521321,0
62229081,0
56806520,0
23286070,0
54722620,0
43209220,0
56526660,0
41357481,0
56167461,0
45729501,0
31369961,0
50262160,0
16463461,0
12752810,0
35199321,0
14138570,0
27866740,0
20610110,0
46702340,0
54851410,0
13190331,0
26352201,0
51420120,0
37431550,0
25903451,0
50322450,0
21139840,0
15354481,0
43352701,0
33230161,0
25758060,0
12734241,0
29321360,0
20559870,0
54941190,0
50429791,0
23526071,0
26973671,0
15331950,0
39808670,0
22416930,0
26886710,0
46774060,0
42091181,0
20859201,0
30998500,0
31888330,0
38345220,0
13530910,0
33879130,0
12522661,0
56231181,0
22669970,0
14375080,0
34740010,0
36407660,0
13082881,0
61480430,0
64955371,0
30566280,0
29622110,0
63341600,0
59886830,0
51197971,0
51451980,0
26783280,0
53671150,0
13655921,0
49196640,0
23647031,0
28906681,0
27195660,0
20318530,0
26006400,0
46105970,0
37796231,0
23975381,0
44758130,0
32487621,0
29498400,0
48180681,0
35238751,0
45433701,0
31516011,0
39761531,0
54176360,0
25871970,0
68036070,0
43138870,0
40455330,0
53301110,0
51728890,0
31662300,0
29733860,0
34959440,0
23542290,0
26338360,0
20223021,0
40120101,0
13820690,0
23957720,0
56112500,0
22208790,0
16338610,0
38420690,0
27720970,0
29211741,0
44677081,0
12688010,0
15267031,0
26928691,0
27505960,0
52053171,0
49592740,0
75077030,0
28164250,0
47288480,0
36259881,0
57851821,0
68225481,0
43692760,0
15190880,0
26657810,0
20341550,0
30808620,0
27770230,0
58739520,0
42773550,0
52968910,0
31595741,0
20225710,0
27971170,0
25036101,0
46355760,0
57105390,0
22989011,0
23545900,0
12184661,0
14713980,0
25169041,0
40616051,0
15234570,0
14118990,0
68133880,0
16024481,0
33514760,0
11863861,0
49508651,0
26234161,0
13473881,0
55317481,0
31787240,0
38091040,0
62592600,0
47347391,0
40242960,0
48260210,0
69750801,0
25909911,0
51713351,0
26626391,0
68074030,0
42153470,0
60711471,0
35276141,0
26236900,0
53426470,0
16291071,0
14062610,0
50053800,0
36940611,0
43307301,0
58274590,0
14427951,0
36092540,0
12934050,0
31546060,0
29316630,0
39717661,0
27966200,0
40320221,0
14761700,0
33872370,0
31502901,0
61528310,0
37021581,0
60299590,0
42049620,0
51182600,0
31910850,0
63171591,0
49217531,0
61127021,0
45933870,0
14488661,0
22833560,0
25913890,0
49247400,0
29352001,0
36771521,0
38157270,0
31371860,0
67232081,0
29756631,0
65185400,0
49780720,0
22610390,0
46393130,0
47235141,0
42029920,0
49038050,0
21703261,0
26507631,0
62157641,0
22485091,0
39821470,0
14391910,0
25100101,0
11783010,0
21717970,0
22364650,0
46098981,0
30900221,0
62916800,0
51274340,0
34743060,0
28115301,0
13716300,0
46114991,0
29655151,0
62051851,0
21607640,0
14909930,0
13261341,0
75017050,0
29402410,0
16451540,0
31358220,0
61540690,0
36552801,0
27868181,0
31024720,0
28818630,0
15723900,0
39658720,0
22378491,0
22974930,0
16454501,0
13192080,0
30216280,0
16646280,0
27520610,0
13179711,0
52835711,0
52707400,0
61698200,0
14373460,0
36948180,0
52263460,0
14565471,0
58694611,0
42596730,0
27304880,0
15306471,0
12111230,0
72685740,0
33419880,0
28120421,0
14024930,0
15806011,0
62181320,0
28845260,0
21380801,0
26890511,0
45415860,0
30384260,0
32645951,0
32988360,0
68759560,0
50090730,0
38760370,0
43323390,0
67656940,0
23529590,0
36055761,0
38040880,0
39461021,0
42780420,0
29534680,0
15596880,0
32845791,0
53351490,0
57689300,0
32180901,0
42354140,0
30516910,0
27325020,0
52781750,0
44457241,0
13064920,0
58543690,0
51610160,0
39894040,0
20340781,0
29957410,0
45322210,0
51324550,0
46596311,0
28470441,0
31015381,0
51293360,0
50267400,0
38960121,0
73711031,0
27526370,0
11867800,0
55101630,0
38565880,0
57190900,0
28372510,0
12538490,0
23027221,0
58240301,0
35257200,0
43725461,0
43619431,0
67633121,0
32438190,0
30187980,0
42988150,0
30133141,0
12164050,0
54169201,0
32899000,0
50181001,0
15362751,0
27186601,0
26424580,0
16494310,0
26931441,0
42735350,0
62319940,0
14867030,0
30734700,0
50971190,0
58289650,0
46984350,0
63401511,0
67860940,0
50974500,0
35072011,0
24337390,0
22523090,0
58513220,0
32241311,0
41259400,0
57725420,0
26768530,0
69805550,0
50639790,0
51595270,0
16151751,0
35051881,0
28024721,0
53909241,0
21361060,0
37519940,0
11753050,0
43755480,0
25750750,0
22266891,0
14107280,0
64997660,0
16680770,0
32906491,0
16419260,0
38966800,0
38864791,0
49948731,0
15294720,0
28414690,0
47508051,0
33783051,0
16015081,0
27081231,0
43852621,0
21859730,0
29648060,0
61989661,0
26654090,0
13894931,0
12568611,0
16280260,0
28065391,0
30635240,0
68437120,0
29223430,0
12932961,0
63291291,0
68444351,0
43525340,0
49567141,0
51453210,0
54932540,0
24316680,0
50624350,0
74131531,0
37179621,0
37466880,0
12323620,0
22028430,0
46340140,0
14754541,0
22485231,0
34115280,0
33710470,0
51232140,0
27596221,0
30488080,0
34901380,0
54529441,0
40339880,0
40921531,0
28233310,0
75155981,0
56988031,0
15552070,0
37140550,0
42457180,0
58127361,0
15782151,0
28240240,0
21456501,0
24634300,0
44207170,0
51125670,0
15840061,0
33581141,0
11770150,0
36862561,0
46383890,0
45739380,0
22699640,0
62111841,0
13193761,0
28987201,0
44009820,0
51157500,0
14112701,0
32644431,0
39667850,0
31492151,0
27293180,0
12809350,0
13717660,0
36476920,0
57327270,0
33997900,0
46623191,0
36823251,0
61293751,0
39668100,0
41871310,0
16056331,0
32187220,0
63951880,0
62069371,0
16627841,0
49221251,0
38414760,0
28462150,0
14041230,0
24937440,0
26039930,0
26895010,0
29465030,0
46727400,0
74952681,0
32712940,0
49343090,0
32580260,0
29006500,0
42457010,0
68061710,0
28134911,0
56253320,0
44864040,0
27343681,0
47815420,0
11897180,0
40544980,0
56508180,0
20365710,0
54452580,0
22428200,0
26403480,0
63177651,0
30050210,0
16064150,0
36811780,0
15279420,0
39205041,0
13706490,0
13414851,0
16509590,0
75018061,0
44865580,0
34324190,0
32649070,0
62535821,0
24963800,0
41118450,0
25985641,0
15068670,0
15452480,0
20883741,0
29920730,0
15588910,0
38245380,0
14640491,0
61674350,0
35339370,0
50087771,0
12380320,0
50971931,0
44944330,0
51175610,0
47113170,0
53297410,0
67604290,0
52186001,0
34077070,0
20925971,0
41843071,0
23707240,0
43154781,0
27289420,0
15209370,0
51241151,0
61782060,0
16106370,0
16160670,0
26641841,0
13818880,0
44430850,0
44538850,0
21506291,0
34142420,0
71577990,0
27216890,0
25613220,0
54395951,0
20189071,0
56158850,0
41102590,0
42137080,0
20967580,0
22668760,0
47481410,0
45199221,0
49334041,0
12373260,0
20939300,0
44953751,0
28128821,0
49032000,0
22063081,0
15527660,0
42977551,0
13860021,0
45491550,0
56634950,0
44360291,0
24889740,0
52227381,0
24811431,0
49688310,0
25752291,0
72083631,0
22209671,0
51263180,0
24256710,0
45956521,0
44000550,0
21868280,0
61287200,0
24252300,0
29415970,0
38091330,0
14110481,0
20415750,0
22824211,0
41110611,0
32340590,0
43556920,0
40570380,0
23699421,0
30142480,0
49927040,0
21751460,0
50079010,0
61994310,0
34626131,0
44607311,0
38200071,0
67403180,0
23845180,0
26844550,0
29354051,0
48197990,0
13107110,0
21923300,0
38041031,0
36653430,0
62702920,0
29674571,0
28782951,0
20281071,0
12684451,0
31470170,0
25827390,0
30069670,0
51024690,0
42607090,0
16608100,0
29599530,0
42466550,0
38917190,0
44468561,0
55982060,0
39497920,0
25968531,0
37674341,0
13420590,0
15601850,0
44215860,0
58619550,0
31576230,0
12473311,0
44256280,0
12874491,0
33572731,0
23859770,0
33344190,0
41099550,0
29352131,0
45731000,0
28016031,0
29192790,0
41820311,0
43420971,0
12867020,0
67395241,0
39920660,0
53856670,0
31946290,0
40339470,0
56712091,0
14563411,0
51912460,0
42318990,0
46552940,0
22402030,0
55644280,0
73039391,0
25946170,0
22047191,0
15259471,0
15749430,0
47997391,0
42494390,0
27531801,0
29275410,0
23958110,0
26504481,0
14700990,0
28393911,0
22111730,0
72178200,0
53436871,0
45280960,0
28083980,0
12929750,0
35346891,0
29185380,0
55108640,0
51669491,0
58370381,0
26125471,0
22729430,0
41466250,0
46679761,0
31884060,0
22097961,0
14640091,0
22891630,0
71186470,0
32292030,0
45429780,0
28359411,0
41680590,0
54886231,0
41863460,0
36576371,0
47291230,0
39131271,0
22346730,0
45726170,0
17398050,0
43962701,0
25383990,0
13227090,0
31822440,0
28950490,0
26804721,0
29769960,0
57763080,0
22226750,0
27646971,0
40086710,0
44051050,0
13002611,0
15453911,0
15067730,0
33296371,0
31224570,0
50959610,0
36065370,0
38967930,0
52246500,0
12259251,0
36998900,0
28840150,0
35031321,0
58782690,0
45043190,0
21229501,0
58503881,0
26068791,0
71599240,0
57046740,0
31255850,0
43205661,0
63414440,0
56838951,0
28471681,0
28080431,0
20401731,0
22481880,0
55591640,0
14568221,0
14275550,0
63501430,0
13314861,0
34530660,0
41405840,0
15363960,0
12927120,0
41782750,0
14282871,0
63228541,0
30417241,0
37724801,0
30045270,0
15997680,0
29425310,0
35711251,0
28504941,0
46042400,0
33654910,0
52245530,0
26435870,0
42397170,0
29463650,0
23347290,0
74515170,0
58582980,0
27962371,0
13980950,0
23444011,0
27871290,0
29726721,0
38831161,0
33396061,0
43963661,0
12234680,0
29995361,0
46324611,0
13262800,0
12282831,0
30250231,0
49149880,0
12179541,0
39476290,0
26844650,0
20660280,0
23799121,0
16321230,0
22343940,0
35729820,0
15162771,0
25894320,0
68427381,0
23784740,0
14543770,0
21349781,0
14579360,0
63449351,0
37527441,0
44008471,0
18842471,0
51742140,0
15513030,0
22207270,0
21126570,0
62533280,0
29013400,0
43473501,0
34143851,0
27389051,0
39209591,0
38587471,0
35138840,0
29456131,0
43261931,0
12753691,0
32540390,0
43002600,0
22888580,0
31094001,0
41828540,0
46037140,0
15853861,0
40342161,0
24994861,0
45049451,0
32636441,0
70170891,0
36554430,0
25339791,0
48699880,0
16011501,0
39823120,0
12452570,0
55120240,0
27911891,0
74910761,0
45238220,0
46541571,0
12742330,0
30308380,0
20667791,0
27596201,0
29671681,0
23187341,0
62434650,0
46446770,0
36992560,0
34032271,0
38933631,0
11797200,0
38570570,0
50128301,0
14311530,0
44638980,0
57660791,0
32953651,0
40656950,0
23683800,0
21546721,0
46470951,0
51625381,0
26684301,0
56024970,0
28125090,0
56991160,0
52711530,0
40294950,0
56163970,0
61015291,0
29394331,0
47277290,0
39551600,0
12302230,0
29073380,0
25435050,0
29129251,0
22587431,0
29863600,0
28420511,0
42748580,0
71289650,0
57545071,0
37276981,0
14212261,0
38955981,0
26384440,0
15841430,0
22809041,0
35494041,0
39069761,0
23028201,0
12809640,0
34761301,0
16572920,0
14481860,0
49274140,0
45302200,0
14804690,0
23144710,0
30098780,0
30259590,0
44204950,0
27088480,0
61599720,0
14929130,0
74608660,0
57689891,0
16433600,0
27110580,0
14992991,0
12002950,0
47932820,0
56252930,0
24806820,0
16418600,0
61314831,0
46213290,0
58527741,0
38177670,0
63191000,0
52987281,0
68285130,0
35734100,0
31936121,0
18951960,0
32152730,0
13710340,0
46488420,0
31985700,0
26909360,0
55240370,0
25878741,0
23372670,0
31608821,0
28714920,0
12448881,0
52446641,0
24553230,0
22431940,0
33000360,0
11882290,0
44218740,0
37914410,0
15847460,0
41421690,0
62479890,0
74772530,0
22669560,0
57195461,0
48851160,0
14802421,0
41868710,0
68786750,0
25418811,0
23250620,0
56299270,0
13840540,0
44755090,0
31867421,0
16567431,0
37863790,0
21119540,0
14545850,0
32883560,0
29206890,0
29805611,0
34746780,0
23096990,0
32541131,0
49005480,0
42778110,0
27735791,0
30562430,0
56829161,0
56629461,0
33103011,0
52886440,0
46861180,0
44610601,0
22579691,0
30227440,0
54119001,0
40123260,0
27940520,0
13095721,0
29396681,0
23738031,0
38762690,0
47489930,0
47844991,0
71509580,0
38464311,0
29028451,0
42734120,0
23391120,0
34423411,0
48704430,0
16115750,0
15927330,0
21760010,0
16673460,0
39838590,0
74785951,0
39955021,0
27103380,0
19216890,0
29553740,0
24852101,0
12448191,0
63337450,0
48200070,0
22094600,0
26472290,0
21277091,0
42914541,0
72241821,0
48111120,0
33094581,0
12915881,0
51524011,0
41438660,0
11854590,0
44919380,0
13119110,0
13697380,0
41474790,0
36722701,0
25130281,0
20580611,0
31785610,0
28827880,0
14088151,0
12569100,0
12759870,0
11905890,0
22430440,0
29287020,0
15570120,0
40427521,0
13355811,0
53179750,0
21565830,0
14150710,0
34676891,0
38815530,0
30728651,0
21811361,0
22934520,0
28686571,0
12132340,0
13808430,0
34179270,0
28380490,0
40762620,0
29430020,0
43069681,0
43802540,0
14712211,0
53598600,0
35727600,0
40820410,0
68885340,0
30213841,0
39336040,0
44751780,0
44769700,0
39632110,0
14904570,0
21338601,0
58136051,0
62006901,0
16501921,0
26485130,0
25888500,0
56950391,0
45001280,0
52857340,0
30161411,0
50245650,0
62547770,0
20978501,0
16388950,0
52263771,0
34989660,0
74935660,0
19028350,0
31450200,0
23737850,0
50691961,0
24121800,0
27934050,0
43773840,0
32636820,0
57828361,0
29897041,0
37537890,0
31999490,0
49917100,0
22513450,0
68194960,0
63182361,0
31874710,0
34053750,0
23556121,0
44973150,0
51881970,0
29342471,0
71860911,0
45463741,0
53096870,0
27839491,0
54649520,0
14042300,0
21240281,0
38909501,0
40688670,0
50089141,0
23613200,0
47768530,0
29817570,0
57856880,0
50428940,0
14661741,0
28135960,0
15272390,0
51143211,0
62556020,0
28625690,0
21081900,0
12848561,0
13470800,0
60961890,0
61194161,0
53162291,0
72226610,0
72638761,0
32755031,0
24537230,0
44266890,0
27277481,0
54853480,0
28432391,0
15348500,0
31277790,0
47206000,0
23000270,0
35425290,0
24924640,0
67335730,0
39781121,0
39825500,0
73069020,0
32163101,0
32193321,0
54023950,0
12682111,0
34020971,0
34863990,0
39661510,0
54691621,0
40512191,0
65032061,0
30046220,0
53668950,0
50444421,0
46169130,0
39503980,0
31839151,0
46782730,0
31961740,0
14982511,0
42231140,0
37827790,0
28172401,0
12386831,0
35325440,0
13778080,0
14809011,0
62175031,0
61825271,0
28064960,0
49337440,0
31194750,0
40778941,0
45942041,0
31352820,0
27459620,0
71578311,0
13110280,0
45155880,0
68764181,0
43258300,0
39204590,0
40326370,0
40277751,0
40882361,0
48156760,0
22028110,0
26251230,0
15573471,0
30966851,0
37848511,0
30076181,0
36559520,0
52269991,0
74364351,0
23841830,0
50462860,0
30281391,0
44810810,0
13014560,0
36091290,0
53261010,0
32975540,0
40207080,0
36060800,0
57108031,0
42679740,0
27734650,0
11868360,0
36211550,0
28961820,0
35101531,0
29107980,0
26632810,0
29551240,0
67276580,0
50488640,0
20478950,0
53674050,0
36756210,0
50022210,0
60955451,0
25079490,0
60960660,0
49073330,0
49275280,0
20150451,0
14077470,0
50095341,0
73523901,0
32117041,0
37864880,0
31866960,0
13412351,0
41421300,0
37313110,0
12616591,0
50110080,0
36377101,0
26853801,0
14970111,0
34244490,0
16030271,0
43976211,0
27727511,0
33509011,0
20957110,0
22844771,0
32954820,0
30556930,0
32127220,0
15880611,0
42001520,0
17318791,0
14521980,0
42141500,0
33501420,0
39671300,0
13188630,0
12282421,0
33441171,0
13992410,0
57268701,0
24357770,0
27108100,0
27205310,0
56234600,0
40574230,0
43339400,0
45466781,0
37005701,0
24590091,0
12981490,0
32728790,0
32760831,0
31307921,0
21217200,0
24247330,0
43120851,0
12439730,0
26344840,0
20880830,0
48320511,0
34785950,0
48490510,0
53627870,0
47734880,0
55123960,0
27326380,0
41742610,0
28095331,0
12219770,0
37700490,0
22241101,0
34124941,0
44197220,0
15642110,0
15975221,0
46760120,0
54497981,0
45461520,0
23984231,0
15552780,0
71596470,0
47284730,0
51970861,0
11700790,0
61243090,0
33349331,0
34457020,0
48982371,0
33205901,0
49631230,0
22878660,0
48908150,0
27688331,0
54338230,0
23841491,0
61361290,0
14810401,0
25747000,0
25675341,0
12283470,0
21113651,0
67871741,0
22980870,0
67379241,0
31712500,0
61878190,0
23798571,0
38881990,0
26566890,0
37781450,0
40613510,0
14790551,0
21796690,0
16707281,0
22808071,0
41739330,0
48786931,0
40018471,0
68283100,0
36073121,0
68048610,0
37446091,0
44111160,0
15848761,0
47771710,0
11691850,0
22451561,0
42845410,0
57647250,0
38912190,0
23486361,0
30990540,0
46003380,0
32636851,0
12868520,0
13176330,0
13022170,0
63347011,0
74839181,0
23082910,0
53666760,0
22458341,0
26937371,0
12245860,0
23216021,0
15914920,0
13058040,0
32827721,0
29176650,0
15667770,0
48113040,0
13648860,0
16137370,0
26442360,0
53081611,0
45744691,0
33662050,0
22675411,0
22783230,0
21652361,0
13328050,0
31722881,0
14313470,0
53368891,0
21373320,0
37928720,0
73723010,0
11911100,0
30666840,0
21926111,0
30316431,0
32169410,0
47447931,0
15122180,0
27366690,0
41151971,0
15379130,0
61753421,0
53866710,0
27846360,0
68500860,0
41621301,0
69909950,0
14077811,0
67377260,0
20454410,0
21566400,0
28646431,0
35065131,0
34491070,0
42121381,0
26838211,0
55331421,0
14124650,0
13528840,0
44383020,0
55367951,0
29009810,0
68030201,0
23193291,0
30781990,0
49141941,0
28859170,0
48902801,0
49158501,0
27463360,0
21652730,0
15553771,0
14405071,0
49249490,0
13271510,0
28959170,0
29450960,0
14642810,0
32087890,0
49467930,0
46784660,0
26580341,0
26753001,0
24571700,0
43506481,0
56792901,0
48204251,0
26108371,0
27403131,0
25919100,0
61558070,0
61221550,0
45768261,0
21938101,0
14936280,0
15670800,0
51240581,0
62426120,0
40241990,0
16145380,0
26525140,0
22747961,0
27363941,0
56270351,0
38019610,0
13918750,0
23137790,0
27538411,0
11965870,0
28818370,0
52342910,0
47693660,0
15470140,0
34780540,0
33750470,0
52905020,0
15913441,0
48536980,0
35888061,0
74948380,0
41902241,0
16266310,0
25021410,0
26273170,0
38649470,0
56161661,0
13603091,0
36568511,0
45398330,0
28142570,0
43727780,0
40176870,0
33890850,0
62760420,0
48895341,0
27357990,0
22987310,0
25901740,0
15661191,0
53545971,0
40624321,0
15547291,0
15396230,0
54750330,0
28127270,0
50578420,0
62925360,0
52326490,0
67278490,0
34975331,0
35211010,0
37982130,0
39010390,0
45038670,0
42353330,0
20369300,0
12553421,0
52190001,0
28419421,0
32884350,0
53327391,0
74698200,0
54773370,0
34239691,0
12557680,0
23194350,0
31432291,0
44836470,0
55072770,0
54521680,0
24033120,0
33314380,0
13662480,0
43995180,0
15610451,0
13933001,0
36215290,0
14744290,0
58699691,0
14051871,0
52081260,0
12557230,0
36938490,0
12582220,0
29278460,0
21526790,0
12886300,0
46340310,0
34837220,0
21466660,0
27205450,0
33691330,0
44515830,0
30213370,0
15968290,0
44518850,0
53116330,0
63653741,0
14339790,0
49261170,0
14712351,0
48341351,0
37545340,0
28835231,0
39441400,0
30004611,0
31559311,0
23324520,0
13474991,0
46344891,0
20506981,0
30709460,0
21483681,0
68115910,0
49264210,0
37794181,0
44959220,0
55326731,0
39948510,0
39448420,0
60978150,0
42486571,0
41166591,0
26947441,0
46467511,0
13409960,0
26665571,0
22655001,0
34638650,0
43181951,0
72393541,0
29306190,0
53531700,0
53253191,0
21021261,0
13649250,0
32911260,0
46921501,0
25155200,0
15197620,0
23139621,0
44461241,0
29402761,0
48539490,0
38587321,0
65248980,0
41071581,0
75109481,0
32898290,0
20858231,0
46825870,0
31672790,0
15297941,0
15978961,0
40021641,0
53191740,0
55339971,0
11818221,0
15897670,0
51449470,0
39101871,0
12201590,0
13732540,0
45241960,0
52992371,0
67261721,0
72135590,0
67704390,0
16059631,0
33011130,0
44798430,0
23002890,0
39697370,0
28063061,0
14566291,0
25783420,0
55319660,0
46663570,0
38196130,0
32039790,0
20907481,0
31817791,0
47009211,0
32208460,0
42759641,0
39614340,0
41546950,0
50938421,0
36807640,0
22050251,0
20656191,0
31629340,0
31079760,0
53159060,0
13765520,0
27711241,0
15478300,0
38667570,0
36390970,0
49723241,0
14565860,0
28784040,0
61864960,0
14616890,0
35144950,0
35505580,0
29348681,0
33268911,0
13386390,0
23673351,0
35701980,0
33926880,0
40994590,0
33191100,0
15488230,0
37849440,0
16336691,0
44245691,0
21439510,0
26790511,0
69798210,0
39868951,0
13133850,0
40010130,0
30190391,0
27916270,0
28842790,0
42228701,0
45917081,0
51117270,0
49180080,0
39152720,0
33928711,0
22819951,0
22125500,0
37759630,0
28429730,0
52675290,0
11792120,0
38279320,0
35784201,0
51946031,0
49655470,0
74734651,0
23894970,0
36442590,0
53819280,0
49001801,0
24791380,0
41797540,0
33248381,0
20153340,0
47444450,0
57958380,0
40042300,0
36773051,0
56271100,0
60399210,0
12390500,0
23619581,0
30047440,0
32749251,0
14875320,0
34180330,0
62457820,0
23067060,0
55377710,0
35615521,0
35729670,0
50767541,0
40848171,0
28701171,0
12387880,0
35090621,0
68575600,0
22257531,0
37879281,0
28413440,0
50127290,0
13300941,0
37295140,0
12157690,0
53617920,0
14837510,0
23934780,0
22710171,0
28733570,0
39392820,0
35785591,0
33229300,0
65090750,0
23234791,0
24243160,0
38613600,0
31739451,0
39269430,0
42857571,0
23361271,0
22472630,0
51318641,0
30387270,0
25525920,0
34449191,0
32875981,0
22566601,0
24121041,0
38380120,0
14055061,0
20435121,0
32936380,0
62244541,0
16032621,0
47461451,0
39516991,0
26220081,0
44120171,0
25788500,0
16216410,0
54599720,0
58322361,0
26858460,0
50671920,0
44801071,0
14437481,0
33689790,0
48263971,0
26234861,0
22199280,0
43479581,0
45019610,0
14109330,0
14948990,0
30410481,0
40618620,0
21125610,0
52593531,0
54972021,0
15901461,0
42394960,0
34099711,0
44051620,0
31889221,0
16034121,0
13680331,0
29077401,0
16015610,0
25786740,0
27285471,0
39154851,0
15858541,0
72578901,0
35690500,0
38678310,0
68798371,0
31512721,0
15114210,0
14279441,0
58273951,0
40647450,0
74930720,0
50253391,0
13889220,0
36046770,0
14083540,0
27937271,0
37282050,0
16338491,0
42521341,0
12326011,0
29305791,0
63270450,0
20397700,0
23304311,0
16654820,0
54962761,0
37944340,0
15312910,0
45250500,0
33681281,0
63533491,0
47945941,0
55468580,0
55103250,0
55381710,0
32045020,0
30978130,0
30801911,0
26881391,0
31670430,0
25405090,0
26629271,0
42043030,0
12885241,0
21540580,0
28162211,0
61249450,0
14996581,0
48732960,0
28913011,0
45447180,0
27031820,0
14403500,0
38264591,0
29044270,0
24594990,0
42638120,0
58713450,0
72655000,0
72510761,0
63152711,0
40424600,0
44181510,0
67259640,0
45581340,0
36469890,0
45775790,0
61955191,0
40061170,0
15067160,0
61612000,0
13880441,0
28619100,0
40289280,0
22958971,0
52621050,0
29798380,0
61511770,0
41773001,0
21806831,0
45361701,0
57962981,0
53340870,0
36056731,0
32935250,0
33900571,0
22528671,0
22028581,0
32145990,0
52562221,0
62158621,0
46029741,0
67115531,0
22435031,0
27484450,0
23193670,0
31065140,0
52496171,0
28927361,0
51520500,0
26803830,0
29156431,0
38892760,0
21235280,0
21074600,0
46007800,0
29435721,0
48369010,0
25882201,0
25363860,0
68235770,0
30167460,0
38378080,0
21285870,0
22795681,0
15341180,0
27502540,0
31386490,0
57650420,0
29836091,0
51324140,0
23860350,0
13348310,0
42870630,0
37315621,0
57240680,0
47518360,0
36032031,0
71533340,0
29100400,0
23191170,0
42726281,0
15052321,0
31493500,0
71953031,0
73777101,0
14194611,0
23888521,0
20192900,0
23798851,0
46371590,0
74738241,0
32871410,0
43592620,0
15953851,0
31508581,0
13824410,0
27145211,0
48141371,0
38992521,0
27694821,0
14109750,0
11875810,0
39865091,0
44519181,0
13916410,0
44310661,0
15567920,0
67660451,0
56906261,0
20508190,0
26974621,0
44931900,0
22350450,0
34336760,0
43761191,0
14935180,0
53637230,0
21127400,0
51191071,0
54687850,0
33567720,0
13936680,0
30392530,0
53144740,0
61614750,0
47608990,0
23316021,0
15936030,0
68290240,0
12175240,0
31186510,0
13869421,0
11763301,0
29414550,0
54958740,0
22307120,0
46935380,0
46068330,0
14727880,0
29139850,0
49117740,0
29364640,0
41292091,0
27352111,0
30243710,0
52223381,0
46587201,0
27174150,0
42820471,0
46558091,0
43752641,0
63145920,0
30892720,0
21757270,0
36609720,0
38188570,0
13936851,0
31848490,0
45385421,0
27987310,0
41084671,0
21141801,0
12063930,0
27746510,0
24303081,0
28047260,0
51855971,0
54328621,0
31441640,0
61802371,0
15298061,0
36150470,0
61720191,0
45479830,0
23862940,0
25834710,0
45889470,0
34171011,0
16314190,0
47759580,0
32201861,0
27899010,0
49877260,0
41714920,0
35931860,0
43982821,0
34417741,0
57802950,0
31720281,0
33768451,0
68522240,0
32680660,0
13170440,0
40930860,0
11991520,0
23886940,0
32150510,0
29166101,0
43861010,0
50924860,0
20883331,0
32385991,0
28010870,0
21076411,0
51196280,0
49554400,0
36236291,0
41424371,0
44241151,0
36535820,0
11778761,0
26996500,0
34015321,0
24507321,0
41565601,0
33242940,0
51654191,0
13423121,0
27063311,0
46972910,0
38524141,0
27468730,0
11872780,0
33166690,0
15761731,0
12906730,0
13491770,0
38917710,0
13330930,0
32078530,0
61810101,0
25102691,0
33626050,0
29395270,0
32537291,0
45583830,0
34915140,0
40518961,0
11990000,0
47467501,0
20333010,0
33030290,0
16101991,0
24381390,0
12121460,0
30920750,0
14883740,0
16109841,0
43310710,0
39603040,0
11813501,0
24626501,0
57054781,0
55966651,0
14163171,0
28483240,0
27043130,0
15137520,0
14760891,0
51037410,0
29709871,0
15449600,0
31695830,0
21564730,0
12365301,0
25698990,0
12259360,0
12262991,0
41750961,0
18271470,0
45916801,0
61835601,0
68975041,0
42786230,0
61464700,0
12666500,0
37526300,0
13633851,0
48939341,0
13561530,0
14964010,0
28768830,0
23513661,0
22350310,0
22201200,0
31055910,0
31002841,0
47630951,0
24219720,0
20964140,0
40525431,0
32799881,0
34538981,0
28276141,0
38071490,0
15127751,0
21167461,0
29175160,0
12096210,0
27415951,0
32165741,0
16669170,0
58475731,0
48943440,0
39739710,0
12394810,0
23550710,0
40257170,0
27926620,0
75115711,0
24472301,0
41167031,0
41236750,0
44990650,0
32935581,0
63152930,0
16027781,0
33156251,0
22933010,0
21729690,0
27211640,0
54289290,0
24412861,0
48886921,0
24152351,0
31254111,0
28689990,0
15311280,0
31074971,0
12924421,0
23732630,0
23017991,0
72929440,0
33828550,0
22982811,0
40053020,0
54803040,0
20336350,0
31345151,0
26980670,0
23608401,0
41146960,0
38237380,0
55242270,0
46490111,0
28448600,0
38023241,0
57278850,0
14181340,0
43555141,0
22093090,0
68784250,0
51635820,0
31750550,0
50245790,0
56577020,0
29650410,0
44488920,0
28813841,0
39960111,0
16650710,0
16221070,0
39398380,0
14837790,0
53325851,0
36490310,0
15282190,0
14920710,0
24272550,0
24083910,0
56673061,0
43898370,0
36960440,0
16109500,0
67275760,0
62094201,0
49345850,0
24580831,0
67425680,0
20452710,0
33549721,0
35654230,0
46296611,0
49640351,0
22905660,0
13227961,0
43667760,0
50977021,0
26515081,0
29588050,0
35418840,0
25924831,0
39883250,0
65169670,0
32995721,0
20997780,0
44937601,0
22702011,0
28920000,0
45774840,0
23713460,0
55870360,0
23810171,0
42507930,0
42037531,0
13015991,0
16274900,0
50169350,0
16356650,0
28754350,0
37895271,0
52337691,0
20886941,0
54878470,0
13859881,0
34094191,0
44197151,0
31052330,0
27221320,0
26483630,0
40157030,0
39746450,0
63107720,0
20250591,0
14911911,0
13922040,0
26671720,0
24055490,0
30859360,0
23695510,0
43153541,0
38615150,0
36281330,0
33069621,0
13761841,0
42698250,0
13459951,0
16301220,0
27258991,0
61994221,0
69769281,0
15723520,0
68862081,0
36298580,0
74519890,0
37903271,0
13562770,0
44120451,0
27714360,0
44830991,0
30697730,0
13566551,0
42869970,0
13153450,0
27615050,0
48634421,0
21052920,0
53401510,0
31185021,0
37450600,0
12017290,0
13166830,0
42251790,0
40062010,0
20909210,0
36200130,0
33273570,0
26315801,0
37395451,0
28089941,0
47778381,0
52231180,0
37841211,0
36137630,0
28838510,0
74661360,0
68261891,0
48418280,0
28419151,0
36933851,0
27595200,0
64940860,0
45065601,0
30538430,0
42968430,0
33618780,0
51430641,0
28209231,0
15721201,0
44063760,0
28026580,0
37626621,0
41834740,0
25923690,0
27001781,0
45418880,0
26413010,0
31614850,0
56303451,0
29378180,0
62846910,0
74441851,0
28376080,0
15410170,0
12835481,0
62457030,0
72628811,0
49198061,0
14098290,0
12725920,0
12424160,0
41394420,0
12831830,0
30634550,0
23826110,0
39111790,0
45358921,0
22208141,0
68115800,0
50968160,0
29661990,0
34755710,0
50237801,0
36402560,0
34744020,0
13109221,0
64847340,0
32608560,0
14390991,0
20333300,0
22348691,0
25875130,0
36177910,0
43139211,0
36205951,0
32840630,0
62788751,0
43886670,0
44814871,0
31063060,0
55268460,0
36876880,0
32378500,0
29915190,0
13381430,0
28405440,0
14859480,0
39155750,0
15619131,0
26863990,0
25724390,0
23515120,0
28246020,0
22884720,0
24274931,0
25502220,0
27791351,0
44655151,0
28029790,0
15965011,0
40823730,0
40457560,0
38924890,0
48608450,0
42282720,0
37857970,0
47795570,0
41210680,0
21646411,0
24095770,0
15325040,0
57067481,0
57020290,0
28096250,0
12749070,0
22667630,0
14387001,0
38153851,0
49103020,0
46100050,0
29408001,0
14156230,0
28622920,0
23053370,0
47179940,0
35052680,0
22293180,0
12833610,0
23534180,0
41038150,0
53675830,0
24113171,0
31198630,0
38078650,0
61533530,0
14143410,0
22749710,0
53631201,0
60883581,0
49666130,0
15075191,0
45502651,0
14260131,0
32759700,0
16449801,0
31570600,0
27974231,0
39220600,0
45004320,0
39519560,0
34146440,0
45257790,0
34974870,0
14509321,0
32265991,0
24900080,0
73726351,0
60606791,0
39368461,0
41999560,0
13088951,0
62476740,0
57771760,0
30411950,0
29902090,0
34684321,0
13671460,0
56955480,0
43121370,0
55801930,0
43907740,0
12117201,0
53831710,0
50770311,0
13219240,0
30480001,0
24251621,0
22424510,0
27955850,0
36143071,0
57251140,0
16285370,0
35813151,0
50290450,0
65077380,0
47220630,0
37282511,0
35996591,0
33080121,0
32845050,0
12397940,0
56417300,0
27526100,0
57720900,0
31910741,0
15610820,0
16296800,0
26440980,0
12460321,0
58468711,0
61897650,0
54529861,0
27616020,0
45205530,0
54616881,0
40785401,0
33942450,0
62639330,0
35120380,0
34251400,0
39098291,0
33184111,0
41173310,0
15795681,0
42542581,0
36638430,0
45075330,0
32627751,0
41140961,0
12020620,0
14284510,0
23044601,0
48647730,0
22933270,0
26067530,0
28867491,0
12833541,0
41857780,0
45163661,0
62438670,0
37868511,0
14113760,0
33369171,0
28634400,0
12508270,0
31036911,0
27223291,0
46310961,0
52852910,0
13807071,0
24125830,0
43072711,0
29513211,0
48331790,0
46069761,0
37779971,0
41041791,0
23733621,0
11883520,0
44381661,0
30011231,0
22697970,0
43420281,0
71412940,0
31975421,0
49335581,0
72628800,0
29864351,0
61611190,0
22355711,0
50796091,0
30612121,0
54000650,0
36784761,0
25596680,0
53590040,0
39496471,0
31502740,0
21594940,0
34666640,0
14482550,0
43823080,0
49306471,0
47262110,0
23903650,0
32718320,0
22005291,0
22500490,0
47625151,0
25950621,0
48883880,0
43210060,0
41704720,0
31577900,0
32544110,0
66550730,0
27011031,0
45060470,0
39754351,0
43140441,0
31608271,0
74381451,0
44123020,0
56128831,0
29512241,0
45971260,0
30140741,0
11882751,0
37262900,0
49601181,0
73722050,0
21589540,0
13024510,0
51445360,0
32815420,0
27390810,0
28222901,0
14226720,0
68736000,0
30726591,0
41133781,0
27139810,0
46662480,0
16080140,0
15783370,0
42731780,0
49641430,0
27474110,0
39284331,0
24921180,0
31740940,0
69779221,0
23689190,0
33258981,0
32645411,0
29921571,0
37701211,0
39637910,0
26641161,0
67632940,0
35129080,0
68302161,0
61272310,0
21594841,0
39550180,0
51028020,0
44512551,0
15373600,0
16552220,0
39575081,0
13045231,0
23050661,0
56869451,0
30477210,0
45232580,0
31582030,0
57510481,0
31420260,0
21995631,0
49369160,0
12885500,0
13196531,0
48349280,0
13859990,0
38174790,0
68355391,0
23285790,0
34525270,0
20868991,0
15506420,0
30566690,0
16151761,0
36671240,0
53016880,0
23025311,0
69733120,0
20377170,0
13183530,0
44287071,0
32062540,0
55320490,0
22457511,0
28187120,0
11891800,0
55364941,0
46118011,0
43475510,0
41503541,0
45290760,0
40781070,0
17125451,0
24082401,0
15277900,0
12038010,0
51640391,0
48457690,0
36722981,0
52846061,0
61471921,0
14139711,0
21559930,0
62126761,0
28958661,0
38984531,0
15623561,0
39587631,0
25049040,0
29392121,0
26009570,0
33385810,0
60404570,0
13976161,0
22289801,0
43106200,0
35136831,0
35845410,0
26904640,0
31833440,0
27960721,0
68456870,0
12120730,0
20470670,0
46433991,0
51175580,0
38016450,0
51105810,0
45865641,0
29356920,0
14753031,0
44935750,0
27071581,0
13675101,0
46874351,0
16642680,0
43323690,0
75112671,0
65045390,0
12460051,0
27745151,0
21242030,0
41649530,0
50961150,0
44788900,0
67578931,0
39650040,0
56674680,0
22470300,0
68952820,0
54918730,0
15285060,0
38678590,0
24327290,0
15818691,0
27863761,0
23770130,0
23851421,0
13244241,0
36575260,0
56484750,0
49608860,0
55658681,0
35810261,0
49895450,0
49286040,0
40158311,0
21640921,0
40924981,0
36899880,0
32323921,0
47811430,0
68921381,0
57953741,0
34326960,0
13099021,0
23103081,0
23132010,0
16401811,0
72990841,0
20632290,0
50090180,0
11900121,0
39720141,0
30835900,0
26412010,0
55842740,0
15175591,0
13427200,0
48144890,0
43890831,0
16103361,0
46763840,0
51418351,0
27973131,0
53399511,0
35351670,0
52793760,0
14673530,0
22193370,0
58154740,0
16413401,0
68028490,0
20877630,0
20263100,0
28040301,0
18723270,0
30342931,0
53037140,0
22232291,0
23898270,0
51578710,0
46809801,0
11729620,0
39211090,0
35716361,0
29473890,0
31319631,0
22669550,0
12337530,0
48017231,0
44793710,0
26169430,0
16309500,0
41730951,0
23250870,0
13596191,0
52700230,0
36201801,0
13223961,0
50864911,0
24640080,0
52328560,0
33281280,0
20491090,0
58592811,0
44648261,0
12621161,0
38523570,0
49267031,0
26539040,0
29879750,0
37989130,0
33724980,0
57488001,0
15541440,0
23940750,0
28965940,0
28059201,0
13474680,0
50613071,0
49417440,0
16612500,0
12502520,0
21215660,0
28984390,0
53526220,0
34045661,0
31267720,0
37727250,0
74904350,0
57288380,0
23292000,0
28533550,0
30659151,0
33360501,0
28466690,0
29035771,0
29883511,0
28742090,0
14711750,0
25965371,0
27104951,0
48924670,0
54371090,0
26415880,0
26838620,0
34552751,0
25917720,0
57910940,0
36924491,0
21958480,0
26278011,0
22607110,0
15001681,0
35844280,0
39824551,0
37531581,0
27671511,0
15343250,0
39942860,0
39971270,0
28619630,0
62108080,0
36226621,0
28205470,0
41737550,0
54375890,0
40574821,0
31896521,0
27452091,0
56785021,0
29539920,0
44972621,0
28987501,0
27295151,0
51092010,0
47491371,0
30004901,0
29255321,0
46937180,0
30818400,0
45804541,0
40817900,0
34039550,0
50966411,0
35995730,0
21556730,0
54529790,0
31732370,0
53240190,0
30645720,0
71174310,0
61697080,0
11742460,0
56115871,0
44580770,0
26751741,0
47572450,0
15042320,0
12030820,0
33074970,0
46780360,0
33577270,0
37604340,0
25888141,0
74994410,0
50607110,0
44129711,0
28823320,0
20404081,0
40584061,0
13267670,0
15944341,0
13660730,0
42206600,0
32502360,0
28114990,0
15179290,0
50667630,0
13209361,0
54261140,0
37274190,0
16097421,0
68427220,0
12602370,0
11749090,0
54975020,0
46924520,0
29379280,0
47203790,0
31450170,0
34200630,0
52694160,0
11675570,0
22175741,0
68672300,0
36823490,0
47411620,0
20615070,0
38920360,0
72986841,0
17572380,0
49573970,0
31783260,0
63652610,0
61894771,0
68118451,0
23964860,0
13783201,0
47633161,0
28785550,0
21347291,0
29341921,0
27973890,0
23073270,0
28523490,0
36534540,0
39290510,0
23081670,0
45433780,0
16537050,0
13683600,0
14213200,0
48558510,0
49318270,0
45414661,0
23623400,0
14172370,0
35155430,0
31824640,0
56335291,0
44540360,0
35748320,0
28677680,0
15826100,0
21294170,0
29510020,0
37244390,0
27957261,0
33455910,0
40277010,0
37483680,0
14828751,0
29363960,0
47404160,0
53639491,0
13430920,0
56277200,0
46047971,0
40860171,0
45726590,0
12844151,0
55354400,0
33948800,0
43401241,0
45589121,0
40206721,0
53075770,0
57941570,0
31749241,0
38024160,0
58596681,0
29457921,0
40989880,0
54564860,0
41434650,0
14716761,0
27919860,0
33274100,0
50250330,0
38262510,0
15124120,0
37433780,0
35483971,0
39517380,0
49729280,0
13904550,0
34192791,0
39284221,0
27077880,0
57239700,0
14361720,0
39353270,0
21887501,0
46666600,0
12180340,0
46604820,0
30381111,0
16662580,0
36321371,0
16491840,0
24819021,0
11734201,0
74448690,0
25993221,0
55366000,0
34838750,0
23180711,0
28984160,0
53276071,0
38404120,0
38338651,0
12231480,0
12409290,0
38893761,0
14360060,0
61470390,0
32181010,0
26880011,0
30843900,0
12551211,0
14955330,0
72581651,0
51916600,0
13072941,0
43358280,0
14136370,0
43203290,0
65159050,0
13077091,0
39972531,0
20622640,0
12789671,0
30526030,0
35132520,0
74433721,0
12288020,0
31475300,0
15217360,0
24639000,0
37965591,0
57571100,0
28797270,0
28796170,0
23609030,0
30643550,0
47864790,0
15466550,0
28844611,0
33639740,0
71608401,0
23027440,0
12593271,0
39423911,0
68228251,0
14724980,0
32047380,0
11908240,0
25727960,0
48132500,0
46484581,0
16543010,0
54979181,0
33786860,0
23528070,0
56482181,0
29632630,0
61027260,0
31859161,0
30346491,0
61926040,0
29349651,0
26910091,0
16439290,0
51515721,0
34273590,0
56918060,0
25877911,0
16289340,0
41772331,0
28076780,0
18010000,0
28153931,0
41844010,0
56997110,0
61448631,0
15295010,0
28109070,0
36061910,0
48033900,0
13220661,0
61530240,0
59475280,0
47234280,0
59241851,0
50777570,0
50224270,0
34284890,0
48527111,0
15542321,0
56196691,0
23951790,0
27746941,0
29372930,0
53781391,0
17000641,0
36985110,0
39009160,0
34684601,0
31203060,0
27980011,0
27040421,0
45421370,0
25043541,0
21551200,0
22426881,0
22028441,0
52631120,0
14959501,0
67611860,0
21554970,0
40336730,0
12113331,0
26312231,0
31822680,0
24987920,0
60965480,0
52620110,0
43823941,0
30057441,0
43210050,0
35411770,0
22292080,0
12144921,0
30842680,0
12107530,0
23439301,0
23372971,0
42187871,0
13967201,0
30285811,0
15327171,0
30000461,0
23811530,0
48427121,0
36838141,0
47736960,0
46679201,0
22849950,0
43141900,0
36354870,0
65182610,0
27948680,0
44799701,0
14062921,0
44556090,0
15748211,0
12850170,0
32139340,0
13216630,0
48375510,0
54230171,0
27896161,0
29995231,0
12958611,0
48360791,0
49409190,0
27128640,0
31616650,0
16085500,0
62200100,0
21130150,0
35160110,0
13689510,0
58713600,0
30815370,0
60118981,0
50271721,0
14653700,0
41928711,0
56207410,0
28624870,0
48011810,0
16573740,0
42718681,0
23284810,0
49501061,0
51700080,0
53646101,0
61014020,0
36727070,0
65023190,0
40889350,0
13529020,0
64800990,0
28462550,0
52117560,0
61342831,0
33699201,0
39644841,0
28780341,0
44220851,0
15925861,0
44810670,0
30249650,0
58254050,0
69810531,0
52065451,0
43140711,0
30943360,0
64937130,0
15913581,0
26279790,0
44510030,0
48400490,0
11929620,0
40790371,0
23967780,0
23484080,0
46635881,0
16368810,0
12385970,0
28106751,0
54452720,0
24881710,0
22874380,0
32224491,0
29947511,0
23003791,0
74738501,0
35893291,0
22460370,0
29081281,0
50121971,0
64507851,0
33907550,0
14119700,0
50471301,0
22978971,0
22109110,0
45240850,0
27673810,0
15651811,0
46909770,0
24980521,0
26775160,0
37211310,0
27345170,0
29071191,0
63083881,0
54403951,0
58424991,0
33063800,0
26574671,0
30253811,0
23559540,0
22117780,0
40672840,0
28489191,0
13271370,0
34525710,0
26642251,0
29093930,0
28223960,0
27897930,0
22385320,0
13832321,0
21493450,0
21635101,0
32557800,0
36549501,0
31202090,0
28065640,0
44602351,0
14821000,0
40918730,0
68404341,0
22436900,0
25742860,0
27644290,0
28685000,0
24032481,0
43091081,0
35256671,0
23682810,0
15471510,0
22154651,0
23024580,0
28497150,0
33885681,0
44128960,0
27999051,0
68022741,0
27497560,0
31686600,0
51672240,0
41087820,0
29394751,0
26668871,0
47332491,0
31295610,0
23740941,0
68007960,0
53492160,0
27830210,0
20860840,0
33532061,0
53148231,0
24954161,0
23252711,0
27398021,0
36604470,0
26938201,0
14645970,0
35158420,0
57728590,0
21959320,0
48698380,0
22294170,0
23072960,0
51920050,0
21622551,0
61863731,0
40839840,0
35570431,0
61853760,0
55083940,0
38804941,0
13993490,0
41873510,0
39160570,0
54552040,0
41015830,0
67605790,0
50104871,0
47805951,0
28783320,0
42916160,0
48305761,0
52443870,0
20687221,0
29561781,0
48851450,0
27768680,0
51570440,0
41155920,0
24674761,0
37201401,0
24575311,0
37927890,0
12513441,0
40465810,0
22472760,0
15736921,0
37585170,0
31525230,0
14458041,0
20932581,0
25970181,0
27081050,0
29850411,0
41496911,0
28338010,0
23896900,0
29974070,0
25897180,0
15794660,0
13723911,0
21432791,0
53931010,0
28130580,0
45804531,0
41063930,0
44471970,0
44653740,0
28131690,0
24176130,0
48550090,0
34084930,0
40366920,0
14458021,0
16069950,0
26653561,0
56432381,0
14059181,0
41825090,0
64772730,0
13001770,0
40772041,0
34737670,0
55709721,0
40141570,0
27012271,0
27044261,0
21923610,0
72571970,0
14926370,0
61737100,0
16155010,0
41771600,0
43890021,0
48235670,0
31279870,0
50648880,0
31737600,0
52241021,0
14975050,0
54313830,0
51870140,0
49400261,0
37287730,0
20852270,0
25989101,0
27589301,0
45230961,0
29437521,0
26725841,0
29455530,0
37861471,0
46923550,0
24945071,0
24913720,0
69729591,0
27979270,0
27436590,0
54394520,0
30685720,0
25706850,0
36794940,0
23896060,0
30231341,0
21214211,0
68127011,0
67943861,0
21490250,0
53296061,0
15912071,0
14911761,0
32979370,0
20405980,0
32806751,0
48477871,0
13056281,0
40864960,0
40760820,0
12848841,0
24254750,0
51896361,0
49148141,0
14769451,0
23323731,0
37819220,0
29825260,0
26915000,0
27920041,0
39419450,0
53799471,0
24880760,0
13549270,0
57705980,0
19495030,0
25807000,0
50647151,0
49486311,0
43319161,0
55322041,0
67492331,0
11917470,0
31982520,0
39058820,0
30094770,0
14643541,0
39925070,0
25299490,0
28447780,0
37827261,0
41762951,0
66683301,0
23899941,0
16086521,0
36549200,0
16611930,0
33528960,0
13623480,0
43750250,0
62204111,0
36892020,0
73540711,0
15069370,0
50612531,0
46166971,0
16201900,0
35973930,0
29107611,0
28218611,0
31600961,0
61942160,0
20489150,0
15973591,0
23737860,0
57297480,0
40464430,0
30094630,0
52589070,0
27606530,0
34254331,0
20388330,0
12834750,0
16301350,0
33524700,0
24014500,0
58415560,0
45146281,0
35244630,0
23209660,0
22903180,0
56320750,0
41864430,0
24298080,0
24222391,0
50480620,0
41275390,0
51704251,0
42275100,0
47668680,0
31766020,0
34342140,0
16310081,0
35149180,0
45328680,0
13783641,0
54178301,0
13102560,0
25601100,0
46945200,0
27013740,0
69650080,0
44506710,0
12092200,0
46959711,0
51270050,0
14513860,0
53105061,0
45482371,0
68207281,0
57272920,0
27681851,0
13008350,0
49964150,0
17205120,0
43131180,0
32809241,0
41965900,0
15296260,0
33633431,0
70044100,0
63191550,0
13796461,0
14056971,0
68023171,0
15325511,0
39255880,0
15641310,0
50262911,0
16096400,0
23295150,0
21565300,0
34996021,0
20253061,0
29571220,0
40156391,0
31033010,0
34122191,0
37191730,0
15738820,0
40797001,0
12373980,0
36607670,0
65102261,0
42229241,0
43411171,0
15449371,0
35502721,0
13481950,0
24493360,0
57223270,0
36998401,0
11779270,0
31783441,0
31149451,0
74152070,0
57503441,0
21595251,0
63086221,0
42718770,0
43812081,0
74621841,0
21578281,0
26611921,0
23714441,0
15525081,0
37585190,0
23081571,0
31075521,0
20395401,0
75031120,0
33439101,0
48653041,0
27354571,0
42345030,0
36723080,0
31485360,0
28185910,0
11781360,0
31917870,0
50652180,0
61373260,0
43603500,0
73579430,0
62391240,0
39823270,0
21937161,0
45321701,0
42433330,0
36734670,0
38157140,0
22297371,0
31070230,0
32989361,0
54889251,0
35408060,0
55312320,0
13525311,0
50832901,0
72582040,0
52928910,0
52900811,0
56439431,0
44871821,0
49244141,0
28667220,0
13608550,0
53006820,0
68810770,0
14339380,0
33020121,0
57241070,0
14143120,0
55084490,0
41332750,0
35739371,0
28207851,0
27616710,0
29857840,0
13782101,0
53165741,0
15204571,0
27959960,0
15950531,0
38218070,0
22154381,0
26762630,0
14857930,0
52559751,0
61747351,0
29989721,0
13274840,0
23658980,0
27062690,0
62426171,0
21997701,0
61996950,0
21982371,0
27895761,0
12873880,0
21561461,0
39225181,0
43075211,0
24838830,0
41283131,0
73059750,0
11695321,0
14870261,0
42203260,0
29611500,0
30448571,0
50555810,0
70375380,0
28357850,0
14824461,0
27545290,0
27815320,0
24108430,0
43274491,0
45281701,0
21454560,0
31557780,0
34838740,0
48232050,0
36238921,0
49766220,0
34348740,0
54636700,0
20426920,0
55782931,0
21447930,0
13420040,0
35177480,0
32747140,0
35230590,0
32549681,0
48747371,0
27899990,0
12826200,0
31378870,0
26624010,0
29598290,0
13139250,0
16363150,0
30653160,0
34768311,0
55257201,0
56088701,0
57323850,0
39799601,0
13558981,0
21805000,0
35255660,0
50957560,0
26108740,0
31756821,0
33189730,0
31184030,0
52959950,0
39781190,0
39316471,0
46066410,0
13772270,0
25773900,0
28857171,0
55696300,0
15927241,0
74904981,0
40465130,0
68387070,0
22372800,0
26780861,0
22878691,0
22430871,0
33106191,0
14992140,0
12448170,0
13845401,0
58435130,0
13614640,0
28389710,0
15911490,0
46854700,0
12117160,0
34150041,0
38953771,0
36064810,0
53813760,0
53180020,0
28968041,0
46326490,0
12473670,0
26939430,0
55264740,0
52554231,0
39694330,0
42952430,0
30859391,0
16682751,0
29195160,0
54956090,0
26839410,0
30639680,0
41451541,0
38850000,0
13361461,0
68222311,0
22164561,0
49177111,0
39267470,0
42200131,0
56350471,0
39450121,0
15609290,0
20523651,0
60928141,0
27849230,0
46313420,0
45246910,0
12612871,0
29708361,0
12536830,0
26469380,0
13364450,0
20199011,0
53163900,0
23067901,0
16349500,0
12723970,0
22118060,0
13864181,0
36700180,0
67371771,0
29108970,0
44480841,0
27563220,0
52826550,0
72155631,0
22117671,0
27437891,0
34748970,0
28874510,0
52112481,0
16349230,0
42254461,0
12583621,0
48860980,0
27608020,0
62739460,0
46303781,0
13506681,0
12558090,0
33686210,0
13558080,0
12004230,0
74453031,0
44166770,0
65053711,0
15372900,0
39609561,0
12885480,0
20875771,0
20193730,0
30200830,0
53924971,0
43849331,0
48896540,0
33650880,0
13791730,0
16218350,0
46756250,0
12410281,0
74149280,0
42379230,0
44571260,0
54444860,0
15774971,0
34359660,0
21685430,0
32305110,0
26792120,0
46385000,0
43381610,0
41481311,0
23088710,0
54640440,0
38245130,0
26205570,0
40680280,0
23950520,0
43196151,0
29480240,0
13318851,0
51150261,0
12030000,0
47518480,0
45964350,0
13185361,0
44029530,0
49744211,0
48658261,0
28734151,0
23387410,0
32112720,0
27952151,0
26744670,0
35577871,0
27508430,0
20433591,0
23143160,0
54439091,0
15504541,0
47203900,0
40155691,0
12621640,0
43756340,0
45999811,0
24632400,0
39441810,0
39248201,0
23770161,0
38902130,0
54238431,0
35813680,0
44980631,0
13720010,0
69694080,0
11759960,0
46120070,0
31328810,0
22917461,0
43872501,0
35584771,0
34453051,0
12766791,0
61608690,0
40123131,0
15201131,0
33952821,0
30270791,0
49220100,0
29440750,0
32687030,0
39907560,0
15275670,0
31392731,0
31447850,0
42324370,0
27563630,0
42795750,0
39859021,0
26521581,0
26345260,0
34463470,0
38176410,0
51221360,0
38803940,0
36386420,0
31914670,0
62842330,0
53843960,0
61330790,0
43799821,0
39159671,0
38083531,0
15132120,0
12934631,0
62919450,0
22435701,0
28038330,0
48877981,0
40559310,0
15478820,0
39689900,0
13225911,0
62965760,0
43756740,0
14453970,0
48500160,0
28610281,0
12185840,0
23558990,0
12732240,0
40285191,0
47705271,0
30853710,0
42894401,0
19750870,0
27587610,0
45099040,0
14602581,0
15121271,0
30195580,0
32033191,0
22360011,0
34214181,0
38713330,0
21611941,0
15017011,0
42895491,0
43094590,0
12084900,0
16334211,0
45165560,0
25927571,0
34381020,0
12206260,0
58132160,0
25170250,0
37816320,0
44515711,0
73757910,0
50044861,0
21490311,0
33258991,0
35111670,0
47761910,0
35710120,0
32826870,0
33699911,0
15459780,0
62837281,0
13612191,0
36176410,0
54186520,0
28128780,0
48332590,0
47399060,0
27957380,0
29771411,0
61742220,0
14689991,0
26861780,0
63374041,0
37829741,0
48593570,0
53135090,0
30897690,0
47081020,0
24177800,0
57286921,0
13120500,0
28940690,0
40803180,0
32884001,0
16238661,0
46106260,0
12826320,0
38115330,0
27903280,0
43189340,0
28590690,0
15424520,0
15783650,0
28097241,0
14406871,0
12855051,0
62847641,0
24860531,0
27625301,0
12404611,0
68471620,0
32107080,0
15388790,0
30662540,0
62187291,0
20483910,0
20523401,0
15893871,0
11678621,0
46392590,0
12140941,0
31407481,0
27663200,0
40437181,0
55191260,0
29865991,0
13705680,0
41122191,0
27707211,0
34416610,0
31352741,0
20942470,0
35388230,0
13004971,0
49680761,0
47495460,0
51669641,0
20260890,0
16246740,0
40562650,0
54713250,0
50306631,0
31906400,0
68338001,0
58797450,0
27099161,0
34652180,0
49759340,0
39404690,0
12314670,0
28407421,0
45691711,0
27146540,0
51576411,0
24021680,0
44028871,0
57963870,0
13972130,0
30679291,0
48611880,0
30668480,0
35565290,0
62913691,0
39867140,0
32210790,0
26106601,0
15076120,0
62819850,0
73050130,0
39283450,0
28270860,0
35521341,0
21142430,0
50966831,0
46101461,0
49636470,0
36321251,0
30806041,0
13058140,0
42250051,0
50813720,0
34892861,0
21141641,0
44833061,0
33352860,0
30776050,0
49836840,0
22453921,0
21669820,0
40672991,0
28051300,0
32205820,0
22023980,0
30208400,0
35774811,0
62016260,0
42860700,0
23830930,0
63196780,0
52189810,0
50851811,0
38632681,0
29477870,0
27628331,0
27013460,0
32996521,0
25093680,0
36648610,0
49633300,0
26796151,0
13118440,0
50925010,0
45161981,0
23480431,0
68859191,0
29464620,0
26999861,0
20292750,0
45710030,0
44863141,0
12305850,0
15952980,0
30101930,0
26537950,0
33733650,0
29358980,0
25799950,0
71353890,0
21477300,0
22055280,0
56543940,0
57290050,0
15000670,0
40257461,0
27424651,0
27394250,0
15341740,0
44585241,0
15760200,0
30938291,0
29547431,0
31883841,0
28669020,0
22235710,0
38893160,0
31692701,0
41756980,0
44539431,0
16049421,0
12540290,0
64824850,0
20921281,0
23121691,0
39364871,0
28090911,0
68715771,0
34672420,0
35289590,0
36316151,0
56661741,0
20892301,0
31394630,0
27339691,0
23039440,0
22534000,0
23008871,0
43599930,0
41314721,0
26648471,0
27996370,0
23108451,0
49352111,0
14263680,0
15619370,0
49557621,0
23773361,0
33645660,0
41123441,0
27397761,0
15963921,0
12259510,0
35804020,0
24278230,0
46115490,0
58221821,0
14006231,0
16199071,0
28410530,0
34220230,0
16087771,0
34695860,0
64779340,0
26783010,0
62689161,0
28438601,0
39572171,0
41900260,0
30172940,0
51104550,0
28837711,0
27721151,0
27656341,0
33518660,0
52412140,0
51398040,0
14719080,0
46624420,0
55151130,0
68820130,0
57654741,0
13010881,0
24302890,0
23717610,0
30157431,0
32942700,0
16315010,0
29440951,0
28028691,0
21082621,0
58772651,0
15555141,0
58339351,0
13112650,0
12530220,0
49727470,0
31636640,0
41656481,0
58784381,0
44496100,0
24172410,0
40213160,0
27644150,0
26222800,0
27877281,0
13649550,0
33204371,0
32073751,0
15732310,0
22945940,0
61761981,0
36734110,0
46486070,0
41317730,0
34077890,0
49923320,0
43373251,0
21730421,0
56507011,0
29264380,0
50422160,0
15711121,0
56202751,0
47277041,0
24088860,0
41685810,0
37221090,0
22088380,0
30548510,0
37746031,0
27435900,0
50925670,0
28171301,0
23437070,0
15498000,0
34676871,0
42611210,0
39566080,0
39304751,0
23456120,0
61054130,0
51655311,0
29598461,0
48897500,0
31737320,0
48202061,0
11713251,0
62410441,0
22897861,0
22520350,0
30239710,0
37920320,0
43913940,0
36780730,0
27245361,0
30236950,0
13871560,0
15849031,0
39996821,0
32855871,0
41450520,0
45002831,0
32533831,0
23314310,0
74173130,0
16150610,0
58210740,0
27816191,0
44197260,0
38524110,0
21825680,0
47109761,0
14861940,0
20375090,0
23731411,0
67438821,0
48796540,0
72897840,0
43006230,0
29318020,0
26028931,0
46086291,0
40594401,0
44231221,0
43040280,0
50090350,0
14498940,0
45852610,0
27258690,0
22228670,0
12279241,0
15053910,0
68450530,0
55217761,0
13931481,0
29341470,0
68478510,0
32467570,0
31952330,0
25070301,0
22155570,0
31524940,0
42865940,0
53424170,0
39007350,0
26654060,0
13943160,0
37555181,0
68304221,0
60913320,0
32739300,0
32745920,0
21145121,0
27198120,0
15784200,0
32271610,0
31270360,0
39969371,0
29975661,0
15814820,0
42469221,0
29566570,0
45080840,0
27583200,0
45857200,0
54556310,0
24192680,0
20332070,0
22269080,0
16066531,0
71688900,0
52579871,0
27128661,0
13877370,0
39613401,0
14012520,0
34578431,0
50071870,0
25014960,0
40089610,0
20612700,0
25766570,0
27566291,0
28062710,0
34440221,0
50910380,0
40803280,0
37416240,0
65230600,0
48307520,0
50586461,0
31603140,0
26604260,0
48332620,0
42971190,0
20313491,0
39710231,0
44083440,0
16516390,0
39707010,0
45723861,0
41224521,0
50448251,0
41030840,0
33180350,0
30925720,0
44259280,0
23386351,0
27419640,0
40851331,0
14834630,0
35493290,0
62902340,0
58384540,0
20637181,0
74116740,0
41262840,0
30943090,0
23900880,0
33597851,0
35198170,0
47637281,0
42351561,0
15599090,0
31541350,0
34179930,0
14703231,0
25078940,0
15960570,0
23549330,0
46865941,0
47379931,0
46360761,0
35119530,0
58745880,0
31000860,0
29967091,0
42412521,0
28703220,0
15488880,0
16066200,0
12559060,0
35144981,0
47763970,0
33859280,0
14907351,0
33449830,0
41222010,0
37589330,0
22469460,0
69972311,0
12749620,0
52109120,0
25084600,0
21209040,0
37830171,0
56705611,0
32868411,0
27637151,0
62535200,0
14131851,0
14922370,0
25975120,0
32998591,0
33729510,0
14572600,0
24219491,0
28841550,0
63321310,0
30636240,0
16609730,0
16045151,0
66107811,0
46094680,0
22678130,0
48592911,0
29529481,0
25929781,0
29690560,0
31199060,0
21527350,0
39352211,0
36996751,0
15020260,0
23849850,0
35261480,0
33828120,0
16542611,0
46772530,0
26045720,0
13395951,0
32327170,0
22314300,0
22756580,0
29571950,0
38231241,0
33284901,0
68147551,0
23123750,0
30483830,0
27209330,0
47143630,0
21536050,0
45896490,0
16046801,0
61489311,0
51512691,0
31846051,0
45627980,0
11914290,0
26512280,0
14134560,0
11704650,0
38301920,0
49540890,0
24078961,0
43679080,0
44615670,0
24377100,0
61274390,0
39475980,0
33570261,0
29287560,0
23692931,0
12055431,0
23087050,0
74392550,0
56090880,0
37447140,0
13630780,0
14867101,0
20883860,0
67524721,0
59524711,0
47839201,0
34119421,0
26656400,0
52992251,0
12381861,0
49374751,0
48468631,0
51834260,0
21534130,0
56798520,0
29919641,0
14857120,0
26694880,0
26985231,0
55108630,0
25860080,0
28419971,0
16142511,0
28198850,0
15711251,0
28982470,0
14668590,0
47671081,0
52958560,0
52331590,0
30306880,0
54848021,0
21941421,0
67361711,0
54846060,0
16342351,0
54849920,0
32870081,0
36633320,0
12738651,0
47630480,0
62980301,0
15023850,0
29107180,0
27919840,0
72350180,0
39177861,0
49924850,0
61455480,0
23718420,0
47277341,0
22165821,0
28196070,0
33694210,0
57997171,0
33533110,0
35610260,0
43418751,0
20714380,0
15011320,0
15987450,0
39722160,0
15533071,0
47243671,0
27194591,0
21280811,0
40206280,0
13538821,0
46641640,0
31092751,0
13726090,0
32620441,0
15469030,0
26457540,0
74655191,0
20427760,0
50918660,0
27235220,0
38335751,0
29256161,0
13423200,0
54997791,0
64829300,0
67959011,0
14540911,0
11680281,0
14594981,0
15415701,0
31176140,0
28679780,0
31173151,0
13092821,0
74757811,0
30540551,0
13837520,0
58192150,0
33292651,0
15319270,0
29421340,0
37334870,0
68826900,0
41297570,0
27277720,0
61938860,0
52659840,0
32995400,0
38265650,0
16339550,0
49340531,0
39823861,0
23320711,0
24086670,0
52424980,0
26876441,0
42034241,0
15706970,0
43570550,0
21458250,0
21226870,0
73752900,0
40779140,0
25030151,0
26158420,0
40914020,0
25008231,0
54849930,0
24278620,0
37104540,0
28956611,0
49262331,0
48709441,0
22455390,0
33733350,0
26539631,0
37002640,0
71823070,0
35326751,0
26671740,0
24767140,0
24052771,0
22406761,0
46334930,0
16421121,0
21395640,0
47253030,0
23771120,0
21836181,0
50778110,0
15875801,0
34534110,0
38251511,0
26795710,0
34646090,0
15339451,0
35594810,0
25511850,0
39852810,0
56218331,0
47421191,0
27074590,0
22349921,0
71988331,0
22893120,0
68564550,0
12011291,0
14099051,0
67997740,0
32971561,0
29788730,0
12780810,0
39603020,0
24124611,0
21264251,0
37487420,0
23968870,0
41430311,0
32577090,0
14268900,0
52785450,0
36824450,0
39370920,0
26809480,0
30782690,0
49622940,0
47901080,0
25914270,0
64633040,0
40540611,0
13131380,0
32634880,0
27379500,0
73752780,0
21882890,0
72458160,0
68062840,0
20878651,0
11920080,0
20971150,0
20437540,0
31813310,0
34785431,0
69726411,0
16206320,0
29087881,0
30367290,0
34546370,0
11716360,0
49437740,0
49375090,0
15097930,0
66976941,0
64805720,0
23066811,0
12366411,0
13966381,0
11783150,0
40664810,0
12120251,0
54956670,0
13081450,0
57851350,0
27182840,0
41583330,0
23495731,0
29971190,0
12706610,0
21505170,0
27310861,0
40364880,0
62021190,0
41523370,0
31214200,0
38246900,0
55060841,0
42989571,0
13242000,0
16082101,0
40479911,0
29512671,0
12756380,0
44784200,0
49773960,0
20621981,0
28178830,0
22758680,0
28162020,0
20573840,0
35588460,0
39201960,0
64874141,0
14776450,0
16601900,0
63281730,0
23104300,0
37754970,0
35597690,0
20468221,0
27034300,0
27777380,0
48596590,0
52103220,0
35323520,0
22637901,0
36552620,0
38014810,0
24078490,0
15242450,0
22184650,0
14929021,0
16308140,0
16234480,0
56220900,0
15570581,0
28302461,0
35250191,0
22762861,0
28895091,0
31168020,0
21386471,0
30578061,0
28831890,0
29689420,0
25746740,0
33907451,0
23705320,0
33593780,0
27464901,0
31686180,0
13671470,0
38362231,0
14067591,0
38636510,0
41372870,0
21534110,0
16380110,0
25228300,0
30141281,0
63425030,0
53795440,0
28081630,0
34327401,0
31266791,0
26900940,0
72443041,0
68440740,0
32544660,0
36591701,0
36216011,0
49520921,0
22310440,0
36222990,0
28091280,0
20875621,0
12805230,0
49016950,0
14570130,0
68510831,0
29193951,0
13033200,0
31870871,0
43204950,0
29457511,0
41734961,0
20461830,0
31378080,0
62105111,0
26691570,0
58397661,0
13235271,0
32094151,0
28839740,0
61915881,0
25176840,0
22999170,0
29209780,0
38795161,0
12567340,0
36960170,0
27545161,0
14263550,0
14384070,0
71985711,0
30415440,0
38385151,0
13465420,0
18590350,0
43991180,0
14340630,0
41532211,0
28291561,0
40240340,0
47318831,0
29376811,0
37929191,0
24406781,0
53282780,0
33418670,0
13685550,0
31366091,0
32750040,0
34573270,0
13742401,0
22808030,0
29092031,0
20647221,0
41321891,0
33014130,0
15724631,0
68450831,0
40145160,0
38008600,0
37051361,0
15026610,0
53893220,0
15666800,0
12921640,0
34665690,0
28460091,0
39369960,0
13788861,0
49287650,0
36780330,0
41130850,0
46795000,0
49405290,0
21711760,0
22280961,0
31632561,0
38052891,0
53556410,0
13298520,0
30477101,0
23441210,0
45632940,0
39980340,0
12924530,0
68820291,0
33305830,0
12540041,0
33489250,0
16066500,0
54519781,0
13007530,0
13985630,0
50524510,0
41017500,0
49172670,0
44962431,0
62492211,0
35385771,0
46315610,0
42813591,0
31049530,0
44176530,0
26231370,0
56193500,0
11851550,0
31936760,0
25942881,0
14959061,0
14476111,0
23875691,0
29366631,0
32582450,0
13832120,0
37346740,0
53236891,0
45130080,0
57676900,0
19546240,0
55685021,0
14494680,0
31609531,0
21472661,0
42618550,0
30857430,0
43952700,0
32055920,0
66996460,0
27999471,0
24760780,0
20613410,0
29181411,0
38098110,0
49512190,0
51029520,0
26910081,0
28035201,0
21721810,0
26956770,0
34377331,0
45154971,0
13822620,0
46929890,0
54855820,0
14068001,0
54208801,0
29953431,0
12826211,0
32850071,0
21355530,0
43040150,0
34528850,0
28280661,0
28715101,0
16567571,0
39049891,0
53904271,0
47762180,0
49437880,0
15012130,0
23255061,0
43725601,0
47159080,0
29610991,0
55231561,0
41107400,0
53076511,0
25944411,0
58126681,0
23228181,0
70368900,0
21916550,0
34336911,0
16388561,0
16041920,0
13358171,0
11906300,0
73572670,0
21429300,0
43217541,0
34150840,0
42639640,0
68128080,0
24671810,0
13468870,0
25461281,0
27126570,0
33686070,0
23686810,0
44818390,0
15756101,0
16200130,0
20427821,0
62368330,0
30324971,0
15248670,0
49666780,0
44520350,0
51373640,0
49463490,0
47500830,0
27936800,0
30064410,0
26468331,0
22285090,0
14274181,0
25956001,0
31113851,0
50461210,0
53004231,0
63138621,0
20260521,0
44254480,0
33261020,0
23760241,0
25683731,0
36608500,0
63556111,0
12689971,0
15307041,0
23520230,0
23445770,0
16070750,0
23325200,0
28134491,0
11876421,0
58443580,0
68105440,0
37953410,0
41568450,0
56764341,0
23721980,0
13623661,0
25140610,0
51675841,0
68432751,0
49922890,0
24408130,0
22189811,0
46366100,0
26756851,0
26525721,0
23950561,0
24245400,0
16012990,0
13289621,0
33705670,0
14351011,0
47791461,0
50802380,0
29346700,0
39174510,0
14394550,0
27684450,0
30326081,0
13292050,0
12250250,0
40917671,0
46241130,0
13896560,0
30528001,0
50530051,0
51625070,0
40892291,0
51086681,0
22558830,0
46909231,0
68368860,0
46800800,0
50168830,0
15203850,0
44122090,0
35269651,0
26166970,0
41246721,0
23421890,0
61048750,0
26633411,0
27732591,0
12180921,0
50711411,0
26068080,0
22540531,0
26506480,0
13597721,0
56090511,0
28696430,0
32984360,0
24116000,0
27038720,0
21880310,0
51823541,0
63098310,0
14640430,0
12127151,0
29831330,0
29348281,0
22700070,0
60973771,0
41778681,0
40950320,0
14895050,0
31343160,0
27005651,0
49571490,0
67983680,0
41085231,0
47480440,0
31859991,0
36859200,0
13635460,0
12524720,0
27931621,0
33631921,0
16227201,0
33428840,0
46572250,0
44189100,0
25981651,0
14622971,0
54649421,0
61306021,0
23002520,0
31212871,0
58115740,0
55857011,0
36201131,0
28506520,0
44235700,0
68428290,0
44944610,0
63253070,0
47226520,0
33708731,0
28668501,0
16152721,0
22076380,0
14898541,0
14561430,0
55346830,0
27822511,0
29223720,0
28869510,0
27995980,0
51239310,0
12570541,0
27575900,0
12863970,0
41153050,0
26837811,0
13438691,0
27099280,0
15901410,0
15354180,0
14650650,0
37632811,0
50991241,0
63071980,0
13732171,0
22509621,0
29408531,0
25443091,0
26049481,0
47478930,0
22748070,0
42402150,0
22186771,0
62749311,0
28236770,0
48580860,0
39286230,0
36060400,0
36127550,0
28773690,0
20936400,0
53967561,0
36828761,0
29208561,0
21650301,0
15178091,0
15322020,0
52562351,0
21919621,0
25265800,0
44341650,0
30093390,0
54973230,0
13873141,0
25563621,0
61187380,0
23698810,0
45598190,0
31787110,0
73035671,0
12157990,0
47392341,0
42922111,0
29404961,0
20640990,0
29089230,0
40365731,0
38449541,0
12776161,0
57788170,0
55265460,0
15795740,0
11831940,0
63142750,0
11725651,0
31781091,0
33928660,0
64585491,0
56274741,0
32291361,0
29120830,0
38752531,0
39801770,0
45945850,0
33451641,0
42826831,0
29707760,0
36177890,0
50379400,0
58628510,0
21434311,0
22144581,0
28270071,0
34374731,0
15559370,0
23536500,0
14662851,0
27232951,0
46398760,0
15884290,0
49920580,0
27725130,0
43889410,0
46487290,0
40980390,0
16340991,0
23926380,0
62914200,0
45712811,0
16142320,0
12776571,0
47363910,0
37248981,0
45810000,0
23754840,0
28182450,0
15516640,0
15065131,0
41162341,0
30481880,0
22693440,0
24010851,0
43954411,0
65158190,0
39642651,0
15704600,0
52955001,0
13660970,0
45954290,0
16233770,0
38416260,0
44422091,0
34142621,0
12821640,0
56218860,0
47644440,0
51071320,0
38043651,0
22302150,0
13462640,0
35580070,0
12408300,0
54630951,0
16409241,0
33279271,0
14304531,0
15583920,0
30240000,0
15397580,0
23674970,0
26885811,0
16155201,0
20861790,0
45194760,0
49374970,0
14131041,0
39290250,0
44647380,0
21323940,0
14703050,0
11993450,0
15502710,0
28097220,0
46833890,0
47474370,0
38743700,0
56982480,0
29237740,0
27707320,0
44201001,0
37969540,0
21685331,0
21841171,0
21802131,0
49959901,0
36965960,0
14987990,0
25777511,0
27324371,0
22312131,0
27253330,0
41926740,0
26946781,0
28146600,0
23910000,0
42039680,0
64997530,0
31565251,0
28058481,0
14807620,0
55268490,0
26717131,0
50355311,0
21752081,0
34077900,0
33864800,0
41662500,0
40856920,0
43219720,0
12251060,0
43373641,0
74942830,0
12521120,0
31321380,0
31014161,0
15234730,0
47137580,0
46624841,0
29063580,0
30413750,0
13014331,0
26102171,0
30320421,0
35498380,0
54997090,0
12654480,0
21314570,0
72468540,0
14269200,0
23650560,0
41178550,0
21993400,0
23387451,0
12511580,0
12249830,0
15110781,0
28065330,0
42569201,0
15166631,0
27822340,0
50670140,0
13466161,0
15498201,0
12591040,0
12930050,0
15243461,0
56726151,0
25690480,0
51517210,0
36525361,0
50436100,0
40980971,0
45546491,0
36958390,0
24980900,0
21553071,0
45248451,0
52195221,0
12736940,0
27869360,0
33963031,0
46964831,0
22336090,0
23946660,0
56223021,0
36824850,0
58118811,0
51898100,0
38759690,0
27206300,0
36858021,0
33899290,0
25058421,0
41164801,0
35975781,0
41635241,0
15943630,0
30197260,0
12762371,0
45672281,0
26517011,0
43683080,0
14637410,0
29254320,0
61404221,0
33347531,0
56991901,0
36796081,0
27239940,0
27993080,0
12392700,0
26522900,0
30441801,0
20571750,0
65130620,0
36315700,0
46356410,0
28862920,0
14744061,0
15491120,0
30036820,0
33378110,0
39446521,0
22452961,0
61317820,0
34105200,0
11973890,0
12751491,0
15225200,0
22887900,0
53672800,0
41811621,0
12754231,0
55289590,0
22965960,0
34100821,0
20829250,0
27021350,0
15580661,0
61621410,0
57824990,0
33972930,0
74632940,0
28303690,0
14254191,0
23669911,0
34988810,0
16666171,0
68369300,0
15479260,0
16134880,0
16336680,0
16297251,0
14721871,0
12305581,0
23114630,0
23411000,0
44251450,0
61799730,0
12001590,0
27399541,0
26904370,0
27045231,0
42994381,0
13091510,0
57203560,0
50148571,0
36543411,0
16593610,0
14023201,0
39727980,0
14804710,0
23969331,0
15740470,0
29043320,0
35358181,0
46546190,0
30820620,0
30725071,0
44518870,0
43621450,0
41280740,0
23004751,0
13830870,0
30420250,0
31541780,0
15642280,0
15459431,0
38051630,0
35582021,0
54652690,0
12202950,0
12755430,0
27242700,0
11846280,0
12151620,0
68194820,0
50411240,0
28475350,0
29357391,0
21888481,0
48898381,0
12247080,0
23577050,0
15775340,0
28449880,0
57004051,0
43932331,0
56306970,0
20605150,0
49198320,0
13909100,0
47319821,0
28451640,0
16711770,0
12065880,0
68848981,0
26451210,0
43330341,0
34188080,0
43519431,0
26301420,0
23439130,0
12513721,0
48536081,0
20342410,0
14107270,0
27794661,0
54601660,0
26861230,0
16111901,0
36254781,0
56477030,0
25441640,0
30910550,0
62846101,0
69705280,0
26939331,0
14714841,0
16365951,0
24013581,0
36879111,0
42566540,0
50495120,0
23792460,0
48945131,0
52893901,0
56853010,0
29941321,0
47622210,0
23276991,0
43167891,0
33508010,0
39951530,0
72176830,0
27261440,0
39711970,0
23455851,0
20694401,0
44978021,0
13825230,0
14740341,0
36547390,0
68966460,0
20397830,0
34306110,0
56260240,0
13690490,0
39650180,0
36418440,0
39591580,0
68792301,0
29903910,0
23553791,0
24076891,0
41392480,0
28444781,0
26747450,0
57479270,0
68029931,0
55134871,0
41412580,0
13315561,0
28764280,0
75095110,0
57685471,0
14150990,0
34206260,0
13119130,0
31668131,0
13369550,0
21453840,0
30954650,0
23379710,0
28767661,0
39786300,0
35775080,0
38738440,0
27151660,0
52152160,0
22894930,0
27640351,0
27208080,0
13087650,0
29579141,0
46146950,0
63321330,0
15770370,0
48385491,0
21385491,0
41839300,0
50963620,0
55327110,0
53167941,0
39484440,0
42245740,0
26586271,0
29266880,0
62173911,0
15791951,0
42222450,0
11698641,0
13323281,0
32220020,0
12134530,0
30259201,0
36751510,0
37517070,0
29103040,0
44431031,0
39684950,0
13939450,0
27110840,0
59001150,0
38207030,0
45367351,0
50467171,0
43817051,0
27740400,0
15886770,0
26946590,0
13967580,0
47992770,0
22238081,0
41451230,0
26605291,0
15927460,0
12694521,0
47725640,0
12332491,0
32507700,0
12524170,0
32749220,0
20428580,0
44177810,0
16650440,0
13639720,0
27530561,0
27003711,0
31123641,0
33565120,0
26161310,0
12602791,0
43852440,0
31649640,0
32240221,0
13846040,0
29620870,0
49919450,0
14927180,0
14262430,0
14410581,0
51053280,0
15654970,0
12718381,0
53263251,0
52168730,0
41536751,0
13365580,0
36506690,0
29586560,0
58485080,0
34199571,0
47481390,0
32978010,0
16408971,0
56916020,0
44902550,0
43399260,0
41241481,0
25813340,0
31914810,0
60826170,0
39588420,0
31208871,0
60934051,0
29388630,0
16599100,0
14561550,0
11744100,0
12458391,0
65194610,0
45785631,0
24198070,0
13916280,0
29758120,0
15666940,0
12619880,0
55196521,0
49344620,0
20308340,0
32619000,0
40266800,0
45207081,0
11935960,0
12279131,0
60990440,0
54164511,0
14120691,0
25856821,0
13684580,0
23392411,0
33409000,0
50626690,0
11907110,0
30017680,0
65228051,0
39335480,0
40449171,0
48012961,0
22307540,0
14598810,0
23016820,0
42256900,0
47989900,0
13591091,0
27645571,0
22289200,0
39358910,0
22427701,0
50408401,0
47726791,0
30175290,0
11817661,0
13281980,0
22571151,0
34177160,0
45062510,0
24220430,0
67615980,0
21049111,0
24868510,0
41982310,0
29310570,0
21618141,0
41658490,0
29933410,0
34248210,0
14317621,0
22226460,0
50937700,0
13971700,0
65023180,0
45807240,0
27502930,0
67576840,0
39107070,0
67492451,0
28084260,0
22687930,0
12367360,0
29502680,0
23154740,0
48637660,0
71787520,0
50852621,0
20881271,0
14928550,0
28094440,0
22173251,0
20451480,0
12891000,0
41746941,0
37239700,0
39892551,0
54187421,0
32049901,0
49016690,0
25991930,0
14072110,0
26930850,0
47233730,0
31127791,0
24693910,0
33110581,0
13261331,0
20314311,0
68838200,0
14269580,0
29304640,0
71717710,0
40231510,0
54958310,0
40624150,0
27280080,0
15216680,0
21788741,0
12643580,0
41082840,0
12705971,0
40841360,0
12351900,0
30931681,0
43244650,0
27034010,0
21407701,0
40621151,0
63575541,0
28987840,0
13404890,0
37921041,0
41014430,0
36474960,0
61197201,0
30844911,0
13481980,0
67640970,0
27982511,0
49648740,0
12486110,0
28997770,0
67460550,0
56299161,0
29376250,0
56241340,0
31286251,0
26454110,0
22179170,0
15608630,0
48986860,0
21457420,0
52528711,0
16481490,0
45583720,0
22298481,0
31426941,0
51414491,0
23836480,0
35482601,0
29457241,0
21508480,0
31262330,0
55115140,0
27094450,0
28722910,0
46968750,0
14873171,0
45035330,0
37763650,0
24255850,0
38540100,0
30964050,0
11837590,0
24978451,0
14886640,0
51634741,0
62169921,0
27448300,0
39625401,0
38768380,0
32640680,0
27195991,0
57569310,0
14648880,0
30960300,0
16554830,0
31882861,0
16402320,0
16005400,0
38575420,0
26021621,0
36448500,0
14939771,0
41816950,0
49415281,0
25640431,0
13094471,0
12689681,0
13551480,0
24713101,0
14295851,0
12036490,0
22220431,0
29345470,0
37047221,0
16547161,0
68222120,0
12384611,0
39324491,0
33579860,0
26646101,0
24346460,0
38216820,0
28224660,0
65209640,0
13078191,0
12119660,0
28115390,0
58680210,0
48397830,0
46866460,0
29421310,0
68251240,0
38598310,0
26609411,0
58582201,0
37937051,0
34103130,0
38681200,0
57936430,0
29385750,0
38434620,0
36730140,0
21744280,0
27776861,0
12586251,0
14542550,0
35159550,0
28973500,0
22649621,0
22511551,0
27469710,0
39937750,0
12780571,0
39019271,0
24465900,0
21046361,0
41175421,0
43470970,0
13328091,0
15849850,0
25162110,0
36966070,0
26345311,0
20204391,0
56828881,0
44456961,0
34400470,0
36242460,0
28736901,0
37491540,0
11765340,0
49789960,0
24767820,0
27146280,0
62751631,0
43828320,0
61760800,0
31072440,0
12298380,0
22541170,0
74363320,0
28034221,0
38623420,0
43299560,0
21807931,0
15882821,0
16329080,0
34678660,0
22446611,0
32365830,0
29436340,0
28682380,0
47207831,0
15936990,0
23117001,0
24325240,0
14986811,0
24266121,0
28973540,0
28514731,0
29487960,0
14078300,0
72969270,0
21288671,0
32618760,0
12361181,0
49308531,0
36306361,0
30563181,0
68438230,0
30579591,0
35704290,0
56390331,0
15529750,0
15857851,0
33538671,0
13407941,0
49598520,0
33230011,0
25967841,0
16319700,0
72605350,0
37224660,0
15089910,0
12011230,0
22139980,0
61312740,0
36583681,0
22330491,0
30489630,0
39896831,0
49969110,0
12008060,0
14639070,0
57949581,0
67266230,0
46555440,0
36022480,0
58420691,0
54633680,0
26917640,0
37197841,0
15402321,0
15837191,0
31796370,0
54763050,0
51571861,0
21140240,0
62291360,0
14004291,0
73094500,0
18838071,0
62086331,0
42323000,0
36642010,0
27651361,0
44946790,0
34979300,0
44946510,0
21513461,0
39621821,0
32723270,0
50995740,0
27987450,0
50191310,0
22754820,0
22698301,0
36786031,0
36841980,0
44364820,0
15922910,0
45113280,0
28879911,0
32064170,0
72130930,0
22241541,0
20568460,0
28154201,0
21383250,0
16436230,0
16281671,0
22846680,0
39697100,0
14559271,0
24005840,0
35004400,0
40715320,0
60246360,0
39835741,0
48290690,0
15934780,0
11865070,0
12260101,0
30948651,0
11957491,0
43338501,0
32991691,0
56081890,0
45631191,0
31693391,0
29541081,0
24947281,0
27819730,0
68777100,0
46473950,0
14868430,0
26722080,0
24610641,0
22553450,0
40982700,0
28954931,0
56767360,0
26101471,0
53588031,0
12279111,0
12395050,0
14264551,0
24837570,0
52131350,0
13115680,0
28172561,0
57616080,0
12280030,0
16212461,0
28250840,0
45348461,0
13675070,0
31579540,0
42039331,0
62605390,0
30995791,0
29858260,0
39433421,0
22879610,0
27688830,0
32303091,0
51955070,0
32852920,0
61332221,0
49755381,0
33264870,0
32119090,0
32544031,0
27243520,0
13724020,0
35548880,0
42517860,0
30964040,0
11745200,0
39635351,0
13673960,0
32744660,0
27636040,0
28848481,0
40577441,0
27824861,0
64828740,0
52153451,0
29774130,0
28081541,0
32680790,0
54242841,0
25954430,0
23054131,0
29820460,0
51109581,0
31882881,0
41233501,0
46624540,0
43787531,0
31440530,0
29094361,0
14138471,0
45880391,0
27151540,0
44432920,0
36075211,0
13691180,0
43464551,0
23463301,0
29136451,0
34652351,0
33371531,0
35377330,0
22804921,0
15693440,0
29351940,0
62687101,0
25730710,0
12104091,0
37080321,0
27868861,0
22996570,0
35284240,0
21486451,0
19194130,0
52665760,0
33492030,0
61428040,0
30592900,0
15520360,0
23547410,0
29004940,0
14959880,0
39404290,0
68456740,0
43333391,0
49055331,0
45595721,0
32180310,0
31752080,0
27420460,0
68556030,0
27787880,0
32830071,0
29312431,0
52259211,0
14576330,0
31528520,0
23530160,0
35605960,0
25649941,0
37491301,0
32552601,0
39261250,0
63317030,0
15497050,0
16434901,0
34742200,0
49189091,0
31088870,0
44521770,0
45246630,0
34658671,0
34242530,0
57133141,0
21889011,0
51424520,0
54326260,0
62735350,0
31027080,0
13834121,0
14081070,0
55194471,0
56134091,0
14578100,0
11690330,0
33423801,0
21792901,0
15687620,0
49161951,0
28537290,0
47491210,0
15070620,0
34549840,0
30806130,0
28382581,0
30664251,0
41569670,0
61527081,0
37484571,0
53019940,0
27751491,0
24238620,0
55141911,0
24283860,0
44566170,0
41458421,0
13397601,0
43698380,0
16236140,0
20395240,0
36470150,0
45241711,0
31733490,0
25974051,0
36861721,0
45980080,0
23416120,0
64676330,0
19993760,0
21809540,0
65222210,0
74110140,0
36930790,0
33041781,0
21498871,0
38701330,0
26921111,0
44671421,0
52892650,0
30879240,0
12810511,0
20521601,0
68340580,0
36043980,0
24005041,0
40679771,0
24335501,0
42947860,0
31666560,0
13682520,0
14539910,0
33769370,0
35272261,0
41562790,0
31000361,0
21277911,0
15658010,0
36891350,0
38033871,0
15343991,0
36371670,0
16286750,0
12431190,0
44568001,0
63076780,0
64912290,0
15735531,0
13929541,0
37083450,0
12234230,0
38034100,0
14761810,0
21994630,0
63124940,0
34682500,0
35483131,0
58353650,0
49350170,0
31724520,0
26673100,0
47907451,0
55566810,0
28495640,0
12089300,0
41224080,0
62639391,0
21685871,0
16053691,0
27821220,0
72050261,0
27163551,0
34595941,0
12007561,0
39848350,0
13581711,0
45679991,0
11932821,0
23122251,0
29020741,0
30376701,0
40318301,0
12770521,0
36487960,0
30903941,0
37996180,0
16259741,0
25943171,0
22261200,0
13162700,0
54333990,0
16140390,0
41984550,0
46560051,0
30517050,0
36956491,0
15280360,0
40283480,0
29516521,0
33479170,0
54606521,0
13840010,0
21343561,0
14319670,0
49586670,0
32824910,0
20899990,0
13053750,0
23806970,0
27088770,0
29788440,0
49098310,0
15525501,0
36005910,0
30665091,0
12510681,0
14222440,0
32690781,0
32365311,0
27263571,0
33555651,0
38016160,0
11760780,0
15263680,0
47378790,0
21318680,0
35843610,0
38466661,0
20423610,0
29514990,0
54617441,0
40183551,0
41348620,0
27317170,0
71522471,0
47676290,0
33465670,0
13548840,0
25872760,0
34030351,0
30359560,0
34660020,0
38764100,0
16243720,0
53215661,0
32780411,0
56699050,0
27821141,0
61422250,0
52890830,0
34034460,0
11882310,0
20210280,0
28235810,0
29932491,0
12618920,0
12221570,0
63127041,0
39684130,0
23027600,0
15693420,0
43897410,0
49955901,0
49102300,0
53461991,0
29007150,0
16704060,0
13819860,0
29534550,0
41439210,0
50634410,0
13097590,0
32254240,0
22977441,0
33935031,0
43700170,0
29902380,0
24122210,0
21459011,0
24660490,0
14688850,0
53146410,0
29001950,0
26953511,0
24968330,0
13641021,0
44453480,0
31368980,0
27488501,0
20558131,0
35904820,0
38517770,0
35175670,0
12462411,0
62840850,0
56609201,0
24110790,0
15796761,0
25731321,0
11847950,0
13041210,0
30427810,0
32686631,0
13405481,0
58284861,0
33310540,0
15394621,0
15438461,0
22470960,0
28833410,0
21790800,0
47099151,0
20223650,0
45324120,0
40946071,0
40956790,0
29578120,0
26395091,0
39031261,0
14028571,0
12016760,0
25931031,0
26607730,0
42618441,0
29368100,0
48937500,0
13035700,0
12694501,0
31846840,0
46302530,0
16700811,0
57030630,0
39602361,0
37290480,0
51432141,0
20871050,0
27976421,0
32495160,0
53318551,0
26997180,0
43340950,0
14867860,0
46080460,0
35224790,0
68155660,0
12994580,0
20435681,0
46169061,0
26575231,0
40538391,0
42086771,0
21837991,0
57091030,0
15744340,0
22607401,0
38066520,0
31575120,0
14278741,0
26680301,0
32177160,0
31473001,0
65120690,0
20377751,0
53165611,0
28159140,0
14078641,0
29339830,0
12471771,0
32285721,0
11702710,0
28614981,0
27993060,0
24083371,0
31594860,0
55257911,0
32162930,0
34281870,0
29617170,0
64028471,0
13256080,0
35610690,0
56074330,0
23222330,0
36741160,0
40130800,0
61471080,0
15989301,0
14325050,0
28131741,0
14531890,0
23316851,0
33645920,0
31129280,0
37971230,0
68272651,0
68496290,0
13094430,0
12182680,0
13632590,0
22945960,0
16054480,0
14772980,0
33667290,0
14234341,0
63617881,0
52325291,0
13297901,0
20323520,0
14454410,0
14676081,0
15953700,0
54647351,0
43448210,0
16462361,0
56754220,0
44818400,0
37888590,0
63256080,0
15294891,0
32755611,0
62807990,0
26361710,0
72916320,0
14282451,0
54989770,0
14102850,0
33725691,0
41280080,0
30319341,0
31413401,0
72671540,0
12195760,0
44967261,0
50970541,0
45351170,0
31030421,0
29163420,0
22874431,0
21392780,0
14036530,0
67717671,0
37710611,0
46601930,0
34206591,0
29494591,0
43204380,0
22798831,0
22866930,0
12267330,0
44492520,0
26347880,0
47650801,0
39560301,0
32174680,0
53283190,0
15879320,0
21330840,0
55368330,0
15499011,0
23875070,0
23987370,0
20233870,0
15380551,0
20212890,0
21762401,0
34722910,0
44358911,0
48713991,0
15948331,0
41873250,0
22566741,0
33537380,0
55155250,0
28945360,0
40945801,0
39997720,0
49629550,0
14456050,0
27013340,0
38711400,0
14933930,0
35170761,0
23037530,0
31879971,0
47544341,0
42979361,0
38697200,0
40086591,0
37922930,0
57178580,0
24069441,0
39795830,0
16194231,0
22530430,0
44766960,0
12474370,0
13926750,0
28977110,0
31639581,0
29101281,0
27050550,0
33139261,0
11887940,0
23332281,0
22485030,0
26533400,0
16572340,0
12190721,0
54322790,0
32739970,0
51654030,0
24309701,0
11800250,0
23404240,0
14255000,0
44822840,0
26234550,0
44176570,0
53403791,0
34446090,0
49431390,0
33848810,0
27858500,0
37833720,0
35817140,0
43984331,0
47672680,0
46776991,0
15802640,0
13145170,0
44335731,0
12824390,0
12543160,0
29401630,0
41280671,0
13539121,0
22899770,0
12483921,0
16238101,0
61985801,0
48099270,0
50722800,0
39933631,0
14459230,0
14543951,0
23662300,0
15823640,0
68551720,0
33226120,0
14200780,0
15298840,0
55265481,0
24209120,0
16623920,0
38199210,0
36367290,0
26578090,0
45030551,0
37196970,0
44224800,0
15896290,0
35136780,0
67479600,0
67543501,0
57113770,0
23035211,0
51205151,0
16066941,0
16635841,0
27227571,0
48912970,0
35588921,0
47169901,0
51977181,0
30192171,0
54624061,0
72083521,0
45744900,0
37460981,0
12999581,0
37877280,0
23445330,0
62148681,0
16317380,0
68076360,0
40673100,0
33128740,0
30227221,0
48696601,0
12117560,0
45984241,0
28599790,0
30808050,0
38319300,0
51462921,0
15854080,0
68345010,0
20413601,0
28736211,0
13599050,0
20968711,0
51825160,0
41122201,0
32498480,0
26888960,0
69789800,0
12362380,0
39850980,0
45500861,0
26684120,0
51303990,0
21742110,0
34124380,0
51421920,0
13281771,0
68112910,0
12571481,0
18015541,0
68340511,0
26435770,0
39815960,0
45656551,0
21906620,0
24114250,0
27518810,0
30160290,0
49555360,0
49380210,0
13056230,0
35597410,0
29911070,0
21307790,0
74374001,0
53492680,0
28635880,0
15411800,0
44743100,0
27169091,0
46652800,0
46094970,0
45927421,0
44379000,0
27952711,0
29209801,0
62049040,0
19075800,0
31730611,0
35645300,0
22132721,0
36644101,0
29966660,0
38379300,0
22914131,0
28994531,0
47683840,0
14725680,0
28933011,0
39715311,0
29860720,0
12815280,0
53152491,0
26641711,0
23990810,0
22553320,0
38951520,0
16665600,0
45092160,0
66512100,0
11796800,0
63327110,0
49349771,0
57066320,0
35122641,0
40689701,0
31147931,0
29285750,0
14681331,0
33086540,0
25919861,0
34035550,0
47516191,0
31001850,0
12813220,0
39516331,0
43982131,0
27133231,0
21937110,0
47199350,0
44634761,0
72394170,0
21638551,0
20523470,0
12715051,0
31048600,0
29496411,0
54968021,0
40695450,0
24179651,0
45582450,0
39216751,0
42956201,0
47900421,0
13138191,0
30087870,0
25534241,0
14554550,0
37981861,0
49945031,0
27078860,0
37997130,0
16450310,0
21481170,0
13001661,0
37930380,0
39413530,0
63551070,0
16159611,0
12970081,0
65158210,0
12703980,0
74886071,0
68072101,0
24130691,0
54927300,0
24681931,0
74508260,0
34168200,0
13023031,0
30837071,0
44493610,0
20656051,0
30859110,0
29442560,0
41097480,0
31342801,0
38069000,0
26919451,0
37872330,0
27303141,0
14025931,0
21676491,0
30469931,0
26457930,0
50795521,0
14432880,0
61315521,0
21874070,0
47936831,0
11960360,0
13272040,0
16405661,0
21597030,0
16439130,0
42261641,0
46119340,0
13486141,0
33852680,0
30322791,0
40071141,0
14351820,0
31736230,0
56535411,0
14320650,0
23247300,0
39685131,0
58630160,0
56182310,0
15746441,0
48113350,0
30687561,0
40213300,0
64941191,0
32541910,0
14778250,0
73544260,0
33575921,0
27118450,0
27930241,0
33641701,0
38229571,0
22223000,0
38313910,0
40160661,0
28246341,0
14917691,0
16525760,0
74135360,0
48158700,0
11806990,0
56550291,0
55517020,0
42807101,0
49893930,0
23603240,0
26983540,0
13003520,0
30479260,0
25953491,0
48212080,0
38543700,0
49754240,0
41830050,0
12864991,0
27430021,0
12155940,0
40713701,0
14173801,0
12891550,0
24027391,0
49188670,0
51946000,0
26721001,0
58399181,0
37051371,0
63468060,0
30336930,0
13252730,0
11908500,0
11732421,0
23450351,0
13624170,0
22920331,0
57076960,0
26464570,0
27991860,0
35159741,0
12344730,0
23974151,0
23175160,0
32091821,0
14572200,0
42274181,0
16838120,0
20316921,0
29271581,0
27781250,0
13021600,0
52233950,0
36739490,0
68637561,0
23972180,0
23346450,0
28478800,0
63240821,0
24008761,0
27428170,0
53909460,0
26830050,0
33346841,0
57905591,0
14544511,0
29050600,0
25970881,0
45260440,0
57818721,0
20520761,0
48375920,0
49039191,0
23240451,0
46419590,0
34288760,0
14973090,0
39093071,0
32731611,0
27126150,0
14142361,0
38215440,0
68233170,0
37631031,0
36361180,0
47097160,0
12338660,0
22443140,0
41377020,0
24215091,0
12553550,0
13125440,0
33784991,0
12058000,0
12968691,0
53173140,0
14702520,0
39656820,0
15747541,0
57007921,0
12297400,0
44965341,0
12736041,0
42387670,0
15452890,0
69662800,0
54763481,0
11678491,0
22880010,0
72051590,0
44121021,0
21469730,0
65202931,0
16295700,0
55145460,0
24286391,0
36958920,0
49624750,0
53426401,0
51663530,0
13772670,0
44772910,0
23700360,0
47721630,0
37685460,0
33906211,0
38236420,0
39488031,0
12040251,0
43372490,0
25559460,0
54631590,0
42052431,0
28610250,0
13967310,0
13698251,0
27019810,0
31816661,0
11829801,0
12633400,0
67376440,0
68884790,0
27582090,0
12302090,0
11777661,0
35878801,0
16708671,0
30381261,0
27923420,0
32797360,0
39927000,0
74413510,0
56981940,0
13861370,0
35102221,0
58467560,0
57161100,0
34913271,0
49980871,0
29191471,0
14090911,0
48004930,0
41762480,0
28717980,0
13709000,0
39410411,0
13962190,0
26561650,0
29861270,0
47743870,0
23880580,0
23647301,0
39987431,0
25979680,0
41795860,0
49789980,0
38194671,0
46640540,0
27911430,0
31764691,0
11709131,0
45299200,0
33433280,0
12584451,0
13941821,0
61121600,0
41129351,0
24344290,0
31496000,0
46790231,0
38249410,0
22720720,0
40619060,0
26186680,0
25821080,0
27490441,0
51427601,0
48899331,0
30228540,0
13100661,0
34200340,0
46557780,0
14441891,0
40697930,0
33784530,0
41536211,0
74640680,0
43951880,0
15725591,0
31310801,0
15958121,0
23918151,0
44058271,0
29005380,0
31828941,0
22240551,0
15910800,0
31444711,0
21170320,0
27744871,0
14273180,0
42374471,0
26692171,0
13199421,0
29714280,0
43311191,0
12704851,0
27818671,0
15784850,0
46903260,0
68769961,0
68539050,0
33644140,0
16004020,0
25113130,0
41198041,0
26721561,0
45281370,0
70371011,0
30894540,0
27345751,0
40666780,0
12741090,0
14131731,0
42610281,0
74576840,0
13357051,0
11926440,0
54637110,0
53155671,0
39344010,0
29927330,0
21565680,0
22148981,0
12117860,0
44002090,0
29471841,0
47812420,0
32280850,0
40858750,0
16041991,0
52148071,0
25990970,0
43773860,0
33348980,0
36215970,0
62006860,0
75016391,0
40700700,0
71571161,0
43073360,0
56863860,0
29958640,0
56919221,0
35860731,0
40220091,0
26746080,0
35398441,0
12971731,0
23044341,0
12591870,0
23749190,0
16646680,0
22200981,0
12332580,0
20425840,0
40335620,0
13234570,0
29481901,0
12709350,0
35407090,0
13259240,0
46002140,0
26820950,0
39575980,0
24102681,0
16400790,0
26172730,0
24022981,0
73068761,0
22437310,0
36009220,0
16388971,0
29804460,0
38285421,0
29618171,0
13338680,0
27606220,0
70370741,0
37609600,0
69776860,0
14369180,0
15005380,0
42356121,0
31278760,0
15109131,0
21221460,0
22934530,0
30689740,0
38701450,0
20444870,0
63080421,0
64963740,0
27462571,0
22813041,0
33843550,0
67902471,0
36548090,0
24162090,0
14808071,0
20695371,0
11840920,0
26758371,0
71476350,0
13934600,0
30850240,0
13187961,0
21711371,0
51180041,0
41078331,0
28386741,0
13761390,0
29461880,0
58685351,0
30515010,0
62598701,0
45323020,0
15762410,0
21816061,0
41748710,0
20846371,0
46936480,0
25811840,0
43231570,0
54050140,0
40991581,0
25815181,0
41365071,0
26065771,0
27509160,0
38803130,0
68794931,0
23340851,0
58791660,0
38424291,0
50887090,0
34792331,0
21769851,0
12127920,0
16499591,0
71524681,0
34743040,0
14316900,0
23973550,0
29608890,0
13816260,0
35563760,0
16323540,0
34982470,0
54864311,0
45285640,0
55574250,0
13082560,0
54327490,0
15315000,0
68065091,0
63480880,0
22549720,0
12073330,0
62653290,0
64538840,0
46002540,0
42392791,0
14102190,0
31092700,0
56756600,0
34497990,0
16782690,0
21664610,0
39085741,0
71775121,0
71719510,0
51792480,0
14989770,0
36156270,0
49513881,0
52155921,0
28255711,0
29636091,0
26218100,0
42866531,0
33606681,0
13390130,0
38149571,0
54990911,0
66699800,0
54521540,0
21248691,0
27339541,0
20309611,0
62078010,0
15070381,0
13832041,0
22804221,0
13056900,0
29215700,0
61999191,0
25402490,0
48984431,0
22714120,0
44938960,0
30196591,0
62657161,0
23590450,0
14843931,0
58472400,0
68488030,0
14311981,0
51431201,0
46661131,0
14526540,0
47439360,0
41672030,0
25899520,0
61174031,0
21170170,0
63488350,0
35201340,0
41362530,0
30905751,0
57335321,0
29854910,0
29687250,0
63106860,0
44567311,0
38188560,0
41097190,0
33400590,0
50100950,0
21195550,0
32865630,0
51821190,0
49059150,0
28155830,0
32312211,0
26819891,0
49667360,0
23800251,0
22557170,0
38817610,0
13666210,0
26548580,0
13307070,0
29335390,0
30686000,0
54452730,0
49055410,0
12481240,0
49555811,0
28940031,0
37543550,0
53295080,0
14887590,0
13669140,0
71360220,0
47221430,0
62310540,0
27495760,0
65222651,0
43136260,0
20397290,0
46139531,0
27945110,0
13180121,0
14116100,0
29762581,0
30332161,0
48536430,0
13427100,0
14597051,0
51306190,0
51974841,0
33216480,0
22978831,0
12383060,0
14810910,0
57217401,0
27882531,0
28086621,0
33351111,0
39711471,0
12613800,0
36372940,0
65073790,0
56083451,0
21456651,0
27605250,0
27478981,0
50080010,0
30278791,0
21796211,0
13270451,0
41265020,0
21605461,0
38041000,0
22295820,0
44093390,0
30903001,0
24284451,0
22262720,0
15749341,0
29123010,0
54861210,0
52749210,0
61042471,0
28878521,0
37639650,0
27379941,0
48660710,0
38493811,0
22015901,0
54469581,0
11979851,0
25839810,0
12022840,0
35033620,0
33676311,0
12942710,0
14132411,0
50601870,0
46739710,0
52660701,0
13640621,0
33936421,0
27406800,0
48989360,0
12185010,0
22549170,0
34397730,0
15327311,0
47043510,0
14601201,0
74734600,0
38586860,0
68734760,0
14139530,0
28619200,0
35845810,0
27509710,0
45231781,0
27619050,0
31028880,0
12202800,0
12762460,0
46337591,0
22830411,0
12239930,0
45346500,0
14652231,0
52626160,0
23499970,0
63677260,0
14780891,0
26202441,0
26667180,0
46588110,0
39244880,0
14446120,0
54327350,0
49903590,0
39621541,0
47696550,0
13539620,0
13167841,0
54366141,0
67288751,0
41164220,0
15605071,0
32701261,0
32693080,0
44652551,0
44580110,0
28638640,0
35760860,0
74505551,0
37927811,0
12056521,0
61929801,0
35912191,0
13633420,0
64841970,0
11935650,0
47569540,0
27740690,0
13582250,0
41022471,0
26938160,0
26012620,0
11879861,0
27808960,0
44592640,0
27948690,0
14069251,0
14836761,0
44951541,0
25688920,0
13643641,0
50146490,0
16471721,0
12960790,0
57087061,0
54832100,0
40231380,0
13461840,0
14441970,0
22893461,0
23583100,0
60174950,0
40644980,0
22994531,0
61470141,0
30262610,0
13155240,0
42648231,0
28233661,0
62015191,0
14377460,0
47321160,0
68946990,0
21790080,0
27798880,0
30227160,0
40292590,0
67622101,0
11986891,0
62069791,0
28706561,0
55333180,0
54299541,0
21043840,0
58254460,0
41867901,0
42840290,0
38837850,0
44050480,0
57171211,0
68249290,0
23694331,0
37687301,0
24362630,0
63598670,0
15082900,0
41016971,0
44449060,0
31244020,0
43354891,0
28929571,0
23877700,0
15211990,0
22509781,0
27737100,0
57239611,0
55084671,0
21288900,0
57658670,0
26692810,0
23779380,0
13693421,0
25838590,0
12954751,0
24288540,0
25990471,0
44025140,0
12813360,0
28147120,0
57079710,0
62775450,0
69975990,0
65513780,0
36523141,0
14295670,0
61334380,0
68108251,0
42372350,0
50970821,0
12786241,0
30339680,0
40792181,0
15388681,0
45595710,0
13327370,0
14036711,0
71984300,0
13804451,0
16576271,0
33186021,0
16459451,0
49430570,0
13785711,0
20892731,0
19737080,0
30258320,0
56436941,0
30146760,0
13780160,0
46214151,0
30633730,0
67618610,0
38650290,0
53577230,0
51102480,0
30889960,0
23480080,0
13519320,0
41575480,0
20871150,0
73702730,0
25154650,0
32979421,0
14759600,0
12332980,0
28686920,0
53889910,0
33965770,0
22396220,0
33823690,0
22761430,0
28816450,0
49699090,0
57587680,0
62969650,0
29666520,0
30841840,0
22842981,0
58011320,0
26469660,0
23091740,0
35796150,0
35962360,0
23216041,0
50000830,0
43894670,0
26049631,0
26966621,0
41378800,0
11765330,0
51150220,0
69790391,0
28377351,0
30244140,0
23242480,0
50817201,0
53632560,0
48777301,0
43164161,0
44531851,0
41148531,0
28159041,0
49352671,0
40377390,0
41739231,0
21378270,0
33893650,0
63152561,0
23692121,0
13989760,0
35860570,0
67884240,0
20452730,0
56233220,0
48965510,0
70297771,0
46561011,0
54118721,0
28841301,0
12957811,0
28367971,0
11905921,0
14054710,0
28030081,0
38230401,0
52288680,0
16540760,0
40719481,0
16471140,0
12581011,0
12796550,0
45301640,0
54476850,0
14398120,0
26831310,0
14969390,0
42354331,0
29974681,0
39141300,0
68732140,0
50088321,0
39940131,0
11978970,0
45512550,0
12606200,0
38500161,0
25703751,0
14093780,0
49741290,0
31239170,0
20877131,0
31238210,0
32923100,0
27165081,0
67515860,0
43936290,0
24008221,0
72466170,0
29785030,0
49370580,0
31753911,0
63349040,0
12668120,0
25744831,0
50379280,0
26894860,0
62208650,0
27736751,0
17563280,0
36898001,0
13467510,0
14442041,0
73743181,0
21313160,0
37313510,0
14559790,0
69792601,0
13585451,0
22906360,0
40719150,0
29642970,0
28450290,0
23959681,0
27559880,0
49054501,0
51406491,0
33535310,0
30971090,0
33442350,0
65002541,0
13185351,0
39861781,0
21592651,0
48239001,0
45427140,0
20704970,0
30335051,0
23442290,0
13619750,0
34623101,0
23276520,0
24771370,0
45469551,0
27027540,0
37981950,0
49353190,0
53649110,0
45544851,0
38010360,0
31584680,0
22093900,0
23675711,0
46769480,0
29857041,0
23897160,0
39770600,0
50476520,0
62102320,0
30477531,0
26579880,0
37992351,0
74164890,0
29056970,0
31870420,0
12676570,0
68792400,0
21910890,0
23519321,0
31430870,0
36792511,0
28206341,0
23171850,0
62503510,0
23128130,0
27991181,0
14733970,0
21971481,0
37993140,0
22866141,0
16476120,0
51754530,0
12918201,0
69979450,0
58491430,0
63580760,0
32255490,0
22404350,0
54475480,0
42383161,0
46812510,0
47452720,0
14319421,0
36742810,0
44337240,0
40167630,0
15143010,0
39158151,0
45262821,0
20295900,0
28492480,0
52966311,0
25012320,0
32672701,0
12915990,0
32646911,0
47071940,0
31307020,0
68521400,0
38176461,0
61300211,0
40227271,0
26239271,0
28545850,0
47356600,0
27323770,0
68103910,0
22925150,0
61617851,0
15291400,0
50436421,0
49300541,0
20425540,0
30354911,0
57721741,0
63363370,0
40722050,0
26515631,0
20278581,0
24273301,0
37164451,0
13211021,0
21565020,0
32856701,0
46726730,0
62702110,0
24399881,0
62201990,0
55187031,0
43726250,0
24100170,0
42363680,0
62055290,0
16510420,0
23509750,0
40435931,0
25942690,0
36351021,0
54900100,0
47986761,0
43896361,0
72096601,0
53289260,0
38530330,0
16160260,0
49581461,0
12508170,0
62501181,0
26241700,0
31803380,0
14811781,0
24958711,0
56435131,0
57142620,0
30396421,0
68058980,0
39145700,0
41549130,0
30328660,0
61318550,0
14586670,0
28571510,0
60886560,0
34641021,0
40884561,0
48960700,0
72958250,0
13473970,0
15932420,0
15201230,0
41141620,0
20401201,0
61779751,0
50466761,0
49572310,0
32161840,0
51343751,0
21088411,0
31992231,0
67513360,0
50910360,0
22175731,0
33436040,0
14456391,0
16112430,0
53430620,0
15177610,0
39812780,0
43148970,0
36941400,0
13085590,0
43291591,0
38590710,0
41053931,0
63161780,0
48961121,0
21694701,0
22770721,0
31948791,0
14162221,0
50853061,0
72396250,0
68535641,0
21053220,0
27394711,0
21757800,0
24383140,0
56990220,0
14621820,0
30020990,0
45035080,0
21357880,0
36921530,0
54296901,0
15782841,0
34631050,0
54603880,0
44908340,0
51647291,0
27469030,0
13042491,0
39405820,0
58611790,0
68190540,0
27503780,0
74141300,0
32812240,0
20690391,0
51984081,0
14509601,0
45997191,0
15538331,0
48320791,0
49772341,0
73048221,0
23645771,0
30753180,0
62789510,0
16422501,0
50499441,0
50982411,0
28794520,0
43038661,0
34871840,0
53660660,0
14494161,0
13143431,0
21769451,0
15514311,0
36811681,0
25571071,0
27147960,0
74756120,0
51051091,0
67436990,0
47339650,0
57574171,0
14506420,0
15141620,0
31322801,0
35383701,0
26397150,0
68287630,0
12067151,0
48866671,0
37649750,0
12800981,0
53510070,0
47195971,0
54194840,0
20936390,0
29111420,0
51609641,0
40905360,0
55119120,0
56260531,0
74545011,0
41907881,0
68369570,0
56227301,0
30378450,0
40976670,0
28211711,0
23989690,0
70586400,0
45772790,0
24073731,0
30222091,0
26335900,0
55023390,0
43317060,0
61058751,0
62171260,0
15763890,0
36437730,0
60309120,0
51880941,0
20660901,0
56877950,0
36982630,0
22298870,0
68792800,0
74369670,0
31144901,0
27940291,0
48983140,0
22549231,0
42333160,0
71602871,0
62575801,0
21742510,0
26606370,0
39142130,0
21651760,0
32735280,0
11868131,0
47935810,0
27258530,0
15208800,0
65228601,0
68023581,0
68945650,0
63714411,0
42702571,0
37699920,0
13270660,0
16964610,0
71679240,0
31682570,0
43104861,0
34952930,0
68413570,0
73096891,0
14048940,0
63643510,0
47158660,0
50997390,0
28379291,0
33525970,0
58418030,0
57480681,0
42491390,0
22286290,0
61225560,0
49304821,0
71825321,0
15365320,0
44569610,0
14369911,0
28495701,0
56224530,0
15673201,0
21197180,0
15366881,0
62339271,0
15020290,0
26989050,0
41242181,0
30236161,0
42977650,0
31807790,0
61655190,0
48950350,0
57888300,0
13402000,0
42689430,0
34859351,0
16333100,0
42800211,0
27477030,0
58467670,0
36589330,0
39481380,0
47407460,0
33018720,0
66582071,0
57180451,0
16203751,0
40881541,0
14611910,0
22343871,0
21694650,0
22800211,0
14122330,0
28959201,0
63352661,0
65075371,0
12874860,0
44937201,0
35193770,0
21953230,0
74382780,0
62446161,0
34222550,0
41179291,0
37420660,0
49515390,0
63687401,0
20660570,0
34020961,0
61544751,0
31374231,0
52961310,0
31268400,0
26762081,0
11843021,0
42260100,0
46779980,0
55442441,0
44187860,0
22256161,0
68803580,0
28993770,0
11980100,0
68560891,0
39286691,0
45239480,0
71792050,0
29991450,0
62704611,0
61635990,0
31496930,0
51399290,0
14808730,0
60268351,0
37492250,0
36905110,0
26088801,0
68534350,0
67975140,0
28007580,0
14906521,0
74915670,0
50003501,0
47033781,0
43020311,0
35115130,0
23768791,0
26737220,0
40391780,0
39380410,0
20362110,0
68973350,0
23607031,0
26477181,0
35726841,0
57571230,0
44964030,0
55496361,0
42639111,0
34860840,0
44277561,0
26721940,0
12335230,0
27865431,0
31227070,0
68559750,0
14064370,0
63472791,0
22705410,0
27940431,0
34340610,0
30983370,0
74574620,0
55318721,0
71823920,0
39878840,0
22332291,0
38398760,0
64752231,0
12694740,0
27490301,0
29624050,0
14339920,0
13606350,0
46383221,0
37724951,0
23011880,0
29702861,0
38925641,0
44607660,0
37839900,0
23904241,0
38181140,0
16559701,0
34207540,0
35460651,0
30206610,0
46304710,0
27111670,0
45683980,0
25646511,0
21873151,0
74794481,0
68524420,0
58492271,0
63251270,0
22746561,0
53304481,0
35079420,0
64821150,0
27568030,0
15455230,0
27474991,0
45278340,0
14182331,0
44492770,0
51891630,0
42360671,0
36333760,0
38290111,0
51279140,0
55711480,0
36817020,0
14909011,0
28746001,0
35071201,0
32863540,0
24222200,0
29640531,0
64627240,0
30361610,0
28750701,0
68541591,0
29467561,0
31568161,0
68343401,0
32213031,0
63538140,0
54000620,0
16250040,0
33805070,0
74830730,0
68516741,0
73066510,0
70243000,0
56758250,0
55341300,0
47879051,0
33889620,0
47903170,0
42414420,0
26937951,0
55265030,0
37791561,0
18404410,0
57091341,0
25471901,0
28072561,0
24251911,0
56013650,0
30150500,0
30412021,0
28116411,0
41011980,0
43389060,0
30308930,0
52037140,0
56645410,0
28707931,0
53401311,0
73704390,0
37651441,0
23680500,0
15048950,0
15739510,0
47988240,0
33111360,0
21992601,0
36347130,0
43377470,0
35191660,0
71919121,0
12239620,0
27652761,0
60201010,0
57403940,0
21362960,0
61818771,0
14119980,0
37688760,0
28531411,0
13966911,0
28046371,0
16491410,0
68824311,0
12663170,0
56090160,0
28093200,0
36603500,0
16385780,0
45723700,0
29368551,0
69971860,0
45149451,0
66148621,0
14932970,0
43189900,0
45281780,0
47136060,0
34271011,0
30763001,0
54712461,0
54225590,0
28614031,0
43467680,0
21966190,0
12792970,0
61126051,0
27293870,0
30154360,0
57999340,0
68804311,0
14737601,0
47976920,0
53300040,0
56304350,0
39831601,0
57094231,0
35696460,0
30312291,0
39752940,0
34535350,0
68807830,0
57669560,0
39387610,0
26788021,0
35676190,0
49888150,0
28120950,0
52368120,0
20253580,0
24985061,0
68514691,0
32675051,0
54280450,0
29930261,0
34507330,0
32308191,0
51128160,0
40701950,0
26562770,0
48116500,0
31154531,0
23959801,0
31760770,0
54518131,0
67669770,0
39099391,0
69644570,0
32548451,0
13579531,0
59081530,0
68079441,0
29916440,0
54603860,0
12211100,0
35017900,0
49199270,0
51357541,0
29705710,0
25714501,0
53167261,0
14344190,0
68484840,0
25348420,0
66191501,0
53013990,0
69783180,0
41622240,0
49898001,0
61285601,0
69761851,0
57512100,0
32831991,0
30486420,0
74558391,0
27477950,0
44559010,0
72066630,0
68055780,0
68834620,0
63624091,0
57683910,0
67543850,0
74632820,0
36845471,0
12564041,0
49807610,0
16056611,0
56672990,0
13517710,0
50025981,0
22334351,0
45464380,0
27457061,0
39659000,0
53267121,0
34110030,0
41790811,0
56567360,0
38034950,0
68859891,0
67867721,0
47919820,0
55900731,0
71357490,0
12219541,0
37840200,0
15134921,0
38120071,0
20636280,0
43387840,0
37821430,0
15135461,0
64726571,0
54348351,0
30150261,0
67407610,0
16559140,0
28866541,0
52700910,0
14926900,0
45416800,0
70171300,0
39413380,0
16106070,0
29329651,0
34539460,0
16575301,0
61682780,0
62755590,0
41051991,0
26481021,0
56495940,0
23033130,0
72667520,0
30049120,0
52674980,0
46172221,0
48676751,0
38578771,0
34980991,0
43799411,0
38281281,0
31221660,0
20980540,0
15445600,0
34524180,0
32345830,0
14839781,0
50449600,0
41397621,0
35843781,0
39608031,0
62339910,0
41064940,0
40967140,0
68313591,0
55937360,0
40939680,0
38383860,0
12987110,0
26731870,0
25689521,0
65188400,0
27616160,0
53246001,0
12108781,0
62444460,0
29384930,0
12056951,0
44537750,0
67455211,0
37110480,0
30606871,0
71959610,0
49165190,0
13952301,0
22446700,0
31460311,0
40574240,0
54980770,0
46488970,0
51442491,0
73729470,0
13719081,0
71382010,0
38601640,0
23221790,0
43915251,0
39778730,0
73578300,0
52303371,0
45919551,0
63127051,0
11851110,0
71506030,0
27039110,0
62819180,0
31530231,0
28426710,0
46516120,0
74165580,0
36059980,0
61230960,0
33642370,0
50062651,0
30829570,0
68370380,0
16483670,0
53591751,0
27991130,0
22334730,0
38269790,0
74746870,0
40987741,0
44024160,0
16156721,0
65129820,0
72570160,0
23035890,0
12142031,0
55711931,0
52976101,0
15391260,0
44046780,0
57065910,0
35698271,0
14032120,0
35476231,0
32246291,0
68970781,0
37413241,0
41016920,0
27807071,0
72965310,0
55868980,0
38619530,0
44425681,0
15911231,0
45236020,0
55412890,0
34343681,0
62945561,0
43414201,0
51630051,0
41264381,0
33663621,0
35456500,0
22463250,0
52310381,0
31911370,0
41815911,0
40951181,0
72574030,0
22540661,0
35884130,0
25512970,0
16154090,0
38227040,0
49925110,0
20286700,0
15810540,0
14206901,0
12145150,0
48350410,0
15098771,0
68064811,0
55073060,0
50307051,0
73037830,0
33482281,0
23288120,0
44066251,0
46132450,0
22209220,0
38603041,0
63463691,0
68217601,0
22098890,0
67237471,0
68450800,0
29328110,0
58186780,0
15142190,0
54345540,0
41697301,0
54845961,0
51663701,0
30186231,0
50449860,0
62009651,0
25806720,0
44301510,0
45991981,0
68832530,0
46426090,0
64991391,0
52175750,0
45102951,0
42574000,0
55192500,0
12930460,0
49472210,0
56223000,0
22128960,0
39175770,0
30289780,0
49471691,0
12218940,0
48950371,0
43078231,0
72945850,0
31896531,0
50354700,0
39508010,0
28281081,0
51949751,0
27129320,0
15234491,0
51587970,0
72574040,0
51147221,0
38358060,0
64635841,0
21459681,0
38375720,0
38528151,0
68894241,0
45803790,0
29267680,0
46626480,0
32116870,0
30116550,0
46821381,0
15058880,0
39459180,0
14552651,0
15188110,0
16355191,0
45956101,0
63155191,0
69747381,0
38603440,0
24115460,0
43214740,0
53081051,0
54541100,0
27196190,0
57325630,0
36500210,0
15665891,0
11679331,0
43976560,0
22312380,0
45570081,0
29977270,0
52390070,0
61340300,0
71436490,0
22323711,0
41585670,0
28190710,0
47544211,0
62418711,0
38292830,0
16077380,0
37513470,0
21567780,0
57723910,0
35877940,0
41444990,0
47698921,0
29466860,0
12621800,0
62360921,0
29764480,0
60439340,0
38918160,0
68289550,0
21024230,0
40823580,0
46359490,0
29143990,0
44348701,0
49634161,0
53689401,0
41713410,0
62424730,0
28398290,0
54889100,0
74410240,0
62038580,0
15287731,0
49980580,0
50938271,0
23240540,0
15124110,0
38821480,0
21866271,0
63215960,0
25791410,0
21803501,0
13533400,0
23535301,0
25907680,0
68770241,0
65201271,0
35990920,0
40337160,0
73045420,0
40505380,0
14442260,0
28321071,0
45398641,0
21036441,0
16140560,0
56314140,0
63228271,0
37604660,0
68863481,0
63584050,0
35257590,0
42766920,0
15287581,0
51030121,0
46052661,0
40113891,0
68280651,0
53685220,0
74590791,0
68392720,0
30820590,0
62331421,0
45400311,0
25657060,0
30001800,0
50413750,0
32691270,0
24205011,0
26662760,0
62623121,0
49737420,0
68167541,0
65064621,0
57675360,0
33172320,0
56997011,0
41317430,0
35783381,0
34332900,0
45983411,0
26843020,0
23317480,0
25945221,0
32649790,0
31561890,0
34467370,0
23921830,0
40547180,0
26736991,0
58206241,0
28868720,0
44364660,0
44023781,0
54296320,0
13653581,0
38167361,0
36806370,0
65223211,0
53571420,0
53572000,0
74850040,0
54543880,0
35291011,0
36348281,0
45436800,0
22911340,0
44816671,0
73055681,0
61472700,0
15694161,0
48397751,0
46066581,0
39695820,0
63502441,0
39632841,0
22986490,0
35977110,0
45017611,0
27656030,0
30788340,0
71484971,0
61337030,0
40709701,0
23696671,0
47908670,0
56645540,0
68345290,0
60449230,0
27158540,0
53918071,0
12321530,0
27469280,0
33696250,0
46749811,0
55149190,0
24204960,0
40138290,0
72965450,0
62076151,0
42015000,0
28612730,0
63510820,0
23702710,0
22127901,0
72264601,0
54863450,0
62201320,0
67669391,0
26762501,0
42087550,0
45558081,0
29979651,0
44434371,0
44386091,0
48302540,0
56346150,0
53688561,0
14381771,0
62967621,0
35453700,0
39029980,0
44735021,0
46397441,0
46075691,0
47434291,0
29810950,0
12814620,0
12415070,0
30309650,0
16177370,0
30223970,0
33576010,0
40295920,0
26828550,0
36102361,0
62330031,0
27965210,0
30761880,0
73172990,0
36693850,0
68933541,0
25994451,0
42429720,0
51449210,0
53131210,0
27028411,0
40975550,0
54257570,0
32924900,0
26327101,0
35387110,0
74170861,0
71482440,0
21449440,0
45996381,0
30881611,0
49426581,0
27949001,0
73068201,0
16307881,0
66057191,0
42595531,0
45819151,0
32072580,0
47466940,0
13138871,0
36828890,0
71359840,0
68451121,0
41882460,0
31321800,0
48243130,0
73049171,0
48052011,0
54620041,0
73792131,0
27737120,0
31759960,0
36413641,0
53595320,0
23677750,0
53165550,0
57141671,0
43071170,0
42298590,0
67665821,0
29676080,0
12699160,0
58420711,0
62437611,0
36092130,0
68074051,0
43987241,0
71525050,0
22148950,0
68462800,0
57249910,0
74408830,0
37912740,0
57851880,0
51402351,0
53752011,0
17697760,0
74815840,0
54549171,0
41028930,0
43723510,0
41067960,0
56135300,0
66261820,0
45749490,0
51908480,0
62780710,0
45699711,0
27749161,0
20349000,0
48019670,0
58715810,0
69686630,0
72496540,0
69676730,0
61920841,0
12709930,0
23504500,0
57652320,0
58311590,0
16689180,0
22661990,0
41536730,0
57430980,0
49127680,0
56714390,0
34194160,0
46826030,0
31762010,0
68278591,0
52503730,0
22975070,0
34222270,0
38016330,0
28495001,0
13262270,0
58682191,0
38294681,0
64521860,0
56750100,0
54224661,0
67440150,0
68159940,0
44841150,0
54828820,0
57292230,0
22453990,0
32736281,0
39981720,0
62143561,0
54715751,0
72655171,0
41050600,0
52802040,0
23191720,0
31631160,0
67352970,0
55074000,0
13591641,0
25570801,0
55339670,0
39901760,0
41422130,0
52539061,0
15615650,0
26770470,0
27572740,0
65080061,0
39152040,0
52403850,0
71721600,0
45390870,0
52258551,0
38022301,0
27218260,0
46895451,0
41467480,0
55690070,0
71824620,0
38343081,0
57570031,0
31046630,0
68572341,0
37770570,0
27948660,0
74709090,0
71684381,0
55107711,0
74745210,0
24138541,0
11935561,0
41790760,0
48344040,0
45778621,0
60246291,0
29889970,0
63417040,0
30573101,0
31329981,0
62886391,0
62880051,0
57588630,0
49714011,0
62504221,0
27183260,0
32987410,0
55545280,0
73773340,0
58221961,0
30644131,0
41792270,0
16122640,0
15406140,0
53929771,0
33426530,0
56295021,0
22575360,0
30967251,0
41159250,0
30423331,0
11740680,0
51150740,0
29048441,0
40727491,0
58771151,0
68869760,0
61295131,0
55549601,0
38389691,0
65145380,0
55193921,0
68854050,0
51315280,0
33000780,0
54248610,0
53302530,0
29229900,0
52879090,0
29084981,0
61999820,0
71779080,0
24050640,0
46313110,0
68214150,0
23906301,0
14342731,0
20295780,0
41793370,0
47772700,0
23358371,0
30396100,0
42403271,0
61715180,0
43019501,0
70243301,0
22288500,0
25054561,0
68425140,0
13867980,0
34590520,0
24327621,0
48535740,0
36339441,0
73381151,0
46126250,0
54786730,0
57998800,0
47916991,0
39403101,0
22365111,0
22837861,0
62208330,0
50361101,0
42675381,0
21893660,0
63211280,0
35063171,0
49748221,0
56460381,0
12490900,0
14319831,0
65081861,0
48235551,0
29997441,0
33549530,0
49666230,0
29722820,0
42300200,0
56464661,0
24270890,0
53163080,0
35275561,0
45751581,0
47149621,0
30043091,0
27636580,0
22986261,0
24478870,0
56315260,0
36697471,0
74353981,0
39648451,0
20888721,0
15524261,0
21759890,0
36842130,0
13851980,0
42867170,0
11893180,0
23900480,0
67508871,0
11859000,0
28356391,0
24412851,0
13342800,0
53619611,0
15011631,0
49732351,0
55525181,0
34664180,0
31217861,0
49605611,0
52259221,0
52310610,0
74137471,0
24362360,0
24277120,0
55292261,0
14618551,0
41764850,0
34054191,0
47043431,0
44524250,0
24247491,0
43441101,0
49790551,0
57258911,0
52105171,0
38249090,0
40528300,0
25866621,0
62567111,0
58228441,0
52914970,0
68487111,0
36929400,0
54502370,0
15516480,0
53132781,0
21672470,0
36155751,0
13517461,0
46900100,0
23552210,0
62691320,0
37201681,0
58713870,0
41277471,0
23079880,0
74523300,0
56532620,0
53584680,0
28027591,0
38414880,0
62146290,0
35545990,0
37902820,0
73077031,0
31553661,0
48161101,0
62314601,0
21882401,0
68429550,0
29290891,0
57528770,0
43703070,0
68055650,0
35499530,0
41910220,0
34724580,0
51690980,0
20924301,0
26498650,0
21446571,0
24906741,0
74827670,0
53592810,0
61294981,0
64815961,0
56930510,0
62752020,0
14580101,0
26670740,0
41518250,0
61856861,0
46653691,0
58567041,0
34557430,0
43779941,0
58287290,0
22981270,0
56133200,0
58223081,0
73047210,0
39966321,0
39618210,0
46107610,0
15475390,0
56857151,0
34148210,0
15358990,0
35115731,0
40273860,0
35758490,0
50413900,0
62691931,0
46438090,0
68263941,0
70365870,0
30940340,0
23117841,0
33606101,0
31977071,0
58286381,0
42149511,0
51592800,0
50494850,0
38000020,0
62250871,0
12604120,0
55714210,0
23578410,0
62965780,0
38935220,0
61331350,0
45861180,0
21558431,0
45366190,0
21539520,0
56044561,0
37107771,0
28054221,0
52579410,0
39021180,0
63509631,0
43818920,0
57818390,0
12664390,0
66600421,0
42911600,0
30862021,0
50501631,0
38986041,0
52236720,0
34111301,0
61940431,0
33401301,0
49186471,0
54629960,0
45040050,0
47636580,0
34753790,0
40774900,0
51081140,0
23889471,0
39837531,0
41740601,0
27970921,0
62285600,0
28635070,0
57214781,0
29594031,0
40395770,0
26899280,0
62306250,0
64997851,0
23757840,0
44130951,0
45767400,0
32644981,0
40021580,0
14741980,0
33754801,0
12854020,0
31540721,0
31009280,0
57672641,0
23956880,0
44313671,0
57176161,0
45788770,0
57190651,0
41801291,0
41212671,0
37700671,0
40295811,0
32118110,0
27550360,0
45698560,0
27750811,0
50583421,0
51684090,0
32969760,0
63537460,0
14302420,0
56242710,0
14153111,0
60937511,0
57895490,0
23499000,0
40229020,0
43604910,0
72399731,0
43005971,0
32580840,0
54210280,0
12182410,0
56148841,0
26752041,0
24055620,0
62146850,0
37867401,0
57628210,0
62077450,0
13268870,0
65070100,0
47639300,0
52270401,0
32088791,0
54760441,0
34007130,0
71482160,0
49167031,0
39978181,0
50125531,0
63952410,0
26431900,0
21945551,0
18449360,0
57474700,0
33025221,0
41522530,0
72587670,0
49869940,0
52514600,0
63671900,0
41579890,0
26405570,0
61022751,0
44172670,0
23252550,0
27891320,0
67445260,0
24157851,0
62747620,0
33407921,0
30077971,0
68636611,0
67444481,0
26440320,0
61703891,0
41718790,0
43103010,0
13642110,0
23933041,0
27921770,0
27444491,0
68423640,0
54066061,0
23572660,0
12330021,0
68534411,0
25794221,0
35773721,0
68048350,0
30658400,0
53626480,0
67672991,0
47528611,0
25971831,0
44358470,0
68616980,0
27080230,0
29371530,0
62464330,0
44569320,0
31755581,0
53802641,0
53857941,0
26185761,0
72645320,0
31791721,0
63241480,0
21762650,0
21637430,0
39449421,0
35631121,0
47654261,0
67534500,0
26462691,0
20389331,0
69741711,0
68103001,0
53543501,0
28938131,0
28383431,0
41140640,0
65201821,0
55321980,0
44436950,0
31608961,0
63614421,0
57583100,0
64879541,0
32641141,0
23122630,0
63283420,0
68369611,0
50283420,0
31811230,0
72631000,0
71359570,0
54378021,0
50820081,0
33871720,0
36177770,0
31695960,0
33143011,0
51340810,0
33916961,0
39728400,0
36540801,0
22436060,0
23029021,0
40511781,0
32085331,0
47084121,0
28289351,0
15205610,0
48861961,0
68839560,0
34735590,0
37795681,0
29734380,0
37721631,0
42298580,0
40102321,0
54506210,0
71506471,0
13431951,0
14442830,0
65182640,0
29336910,0
68295060,0
29060970,0
62506011,0
49931231,0
54642350,0
52116150,0
49023071,0
37247560,0
24076170,0
56285460,0
32263651,0
38915520,0
26938211,0
28551141,0
52886290,0
45690180,0
39555280,0
56310300,0
50901160,0
39779430,0
42919511,0
55215711,0
23302880,0
22575390,0
68194581,0
37471840,0
69769800,0
45152430,0
37222381,0
36682550,0
29528740,0
41865681,0
52198790,0
30835350,0
61445950,0
58780340,0
42228070,0
63143680,0
67315600,0
33801671,0
55271660,0
13689830,0
16510331,0
44931500,0
40230100,0
51041130,0
65656811,0
55099711,0
13501581,0
61602200,0
41187930,0
56810510,0
56683951,0
32303210,0
25916210,0
57936870,0
27598701,0
33293321,0
63449050,0
51686140,0
41955970,0
71425200,0
22238040,0
13381731,0
68850361,0
61616061,0
39310510,0
51102531,0
36726151,0
39183370,0
30390501,0
57922831,0
14207550,0
44515550,0
62317471,0
22158931,0
23103091,0
57885270,0
63559531,0
52576540,0
68458431,0
29321750,0
68065710,0
28727910,0
30367970,0
62346031,0
16389391,0
14803310,0
15271041,0
30353551,0
12004480,0
15022241,0
73080840,0
47774241,0
52144560,0
39702221,0
39951571,0
50132031,0
29086450,0
29366491,0
27341010,0
51186210,0
42731360,0
48625690,0
26470421,0
28973810,0
40851440,0
31674740,0
30202060,0
13267001,0
49656460,0
42930370,0
23028051,0
56615220,0
57083730,0
34802070,0
67533821,0
43987890,0
55164770,0
61008240,0
38882321,0
31764380,0
47360911,0
27491910,0
23029000,0
40343210,0
40427630,0
62049610,0
63496050,0
38710840,0
67554330,0
21551551,0
36076441,0
23348151,0
25649750,0
41697701,0
56845960,0
23643851,0
72676411,0
51732350,0
56441911,0
27267670,0
52953470,0
24072351,0
15404691,0
45936340,0
28296640,0
33217550,0
30602881,0
23963220,0
37877040,0
37276451,0
43834971,0
23815011,0
62307790,0
38587611,0
71571301,0
61454810,0
72948450,0
23789980,0
14732351,0
27120610,0
50085240,0
46946280,0
29751640,0
37005851,0
11975711,0
12900021,0
29575281,0
13282991,0
54920161,0
24042681,0
41430140,0
34662250,0
29186211,0
55104790,0
43702841,0
41523640,0
63503650,0
68372040,0
45104010,0
52504120,0
63305521,0
48170440,0
56727350,0
36661351,0
63490000,0
68562961,0
68853780,0
46409250,0
27709100,0
57905810,0
48751340,0
51029731,0
43247290,0
54213201,0
71841560,0
24143740,0
53831810,0
24131921,0
45590180,0
23031460,0
33511221,0
34127431,0
13214540,0
63486830,0
58740480,0
38857740,0
51067620,0
13921520,0
29414310,0
43018350,0
23551540,0
50972730,0
15011040,0
71530290,0
46404980,0
12483170,0
36654721,0
49581860,0
50366570,0
28859600,0
56670301,0
46413660,0
69757680,0
43729010,0
47903990,0
39767871,0
72417541,0
64750400,0
57551400,0
48627050,0
44001380,0
62937971,0
11810460,0
69848591,0
72282661,0
44887271,0
28091721,0
42737540,0
23545801,0
25459300,0
58143990,0
55307961,0
12905070,0
25745780,0
62692191,0
12542811,0
61005440,0
51108700,0
73585111,0
30723110,0
61498080,0
46514521,0
61774910,0
53291490,0
49682691,0
42978811,0
68565591,0
63251000,0
50891801,0
53411990,0
25482371,0
13191701,0
69669660,0
13814050,0
22268711,0
41659750,0
45430190,0
29815401,0
27862610,0
33318141,0
65195081,0
14164271,0
28446560,0
13561410,0
14613061,0
56566571,0
72250740,0
46819530,0
27740461,0
35065510,0
42410840,0
29736180,0
49947340,0
26803901,0
39637930,0
32236891,0
38774420,0
21164971,0
23599810,0
50239830,0
13892150,0
61521021,0
69678541,0
67679621,0
26486780,0
15448531,0
37705050,0
69650110,0
42169610,0
56727090,0
45116320,0
58565470,0
71782581,0
12245960,0
66139760,0
67680800,0
24499751,0
50144400,0
68050820,0
29938411,0
33625780,0
43834301,0
39816910,0
38403290,0
25763550,0
57849751,0
32248071,0
12981080,0
46381670,0
44291970,0
44762020,0
47689950,0
51651011,0
14055400,0
71452620,0
30188731,0
36416271,0
51195621,0
42041370,0
51599731,0
38554491,0
60817500,0
48121241,0
12301410,0
11777951,0
16457760,0
23030261,0
50989660,0
68828700,0
51657620,0
37861010,0
24258101,0
14995590,0
39863960,0
49458290,0
31729200,0
52287890,0
68400211,0
52587731,0
54137211,0
30222330,0
70170771,0
61917931,0
37622741,0
60418770,0
43457870,0
36788060,0
24035320,0
30010900,0
64908470,0
25975291,0
47243520,0
68043960,0
21527650,0
22698041,0
46746460,0
45389530,0
31927271,0
60951120,0
38127521,0
42539951,0
27910391,0
50827111,0
40834791,0
16150210,0
45289390,0
16297900,0
36832470,0
41180200,0
44854380,0
56768730,0
14095000,0
51828231,0
13767730,0
26697670,0
28793380,0
50225411,0
54766360,0
40719970,0
42198211,0
42824160,0
29329490,0
26743730,0
51090910,0
32374220,0
28592091,0
26655611,0
39140091,0
24523440,0
31035671,0
54464761,0
48711521,0
47123561,0
58166401,0
45417230,0
36066620,0
34366311,0
34501950,0
33023991,0
61118451,0
13413331,0
58480380,0
62901571,0
22381470,0
31498091,0
22850540,0
22455110,0
57397750,0
69747480,0
27488621,0
48728191,0
49866401,0
69712990,0
51821420,0
53998191,0
33181341,0
41737390,0
50345251,0
34015120,0
23549350,0
23147211,0
50654581,0
38392711,0
32244631,0
30182371,0
53873941,0
29115201,0
21975160,0
41897490,0
62101371,0
38065940,0
54699071,0
58115190,0
64713990,0
23337681,0
61294690,0
32776701,0
52318780,0
38850400,0
38357790,0
31084990,0
26681291,0
46537260,0
55104261,0
51083771,0
42766841,0
45981040,0
32208771,0
39424690,0
45428290,0
45789750,0
36413330,0
33985391,0
32614180,0
23408380,0
51275481,0
62303930,0
14584190,0
21456921,0
38855540,0
39719051,0
36497610,0
16682420,0
23761501,0
63510250,0
47336300,0
30422440,0
14471240,0
12666060,0
21585321,0
44084830,0
41342861,0
14959730,0
72326740,0
24922570,0
42854630,0
71291840,0
26915420,0
30379461,0
22565050,0
16093510,0
47951051,0
46547330,0
40918300,0
35244800,0
42810131,0
27532720,0
21688061,0
53028770,0
16167911,0
61746791,0
30288431,0
29937700,0
43875230,0
62929510,0
28389300,0
48928950,0
53827810,0
64173080,0
53258390,0
22522430,0
61337731,0
22982790,0
54462520,0
68180200,0
43625310,0
25940551,0
40457991,0
33359101,0
32324160,0
31015801,0
20666780,0
32687710,0
62945520,0
28218830,0
44111750,0
67474661,0
56472910,0
45527751,0
43003351,0
48675241,0
45786761,0
65231631,0
44164530,0
68777971,0
30280031,0
31417561,0
48382441,0
38388571,0
16231320,0
45214750,0
30480981,0
20195421,0
31530101,0
61989620,0
27961890,0
52148901,0
32170650,0
33085570,0
52117451,0
20487060,0
35103311,0
52079101,0
58386190,0
61956540,0
42264930,0
68310650,0
49258710,0
26187650,0
62657410,0
32917050,0
40139220,0
34842760,0
49721700,0
64921301,0
49111471,0
53417670,0
23457220,0
63575900,0
35108670,0
73567420,0
16213510,0
41856530,0
54991441,0
12579310,0
47466930,0
20388460,0
27739480,0
34642831,0
46547310,0
12136450,0
29884320,0
44725091,0
23477760,0
39846771,0
27171011,0
15097210,0
58250101,0
54733961,0
40085491,0
49891791,0
56746790,0
31879011,0
26896831,0
50673850,0
66108840,0
56702291,0
61307131,0
63427271,0
57842530,0
32686361,0
57001940,0
68462530,0
12045481,0
45185861,0
28522530,0
45095801,0
51410081,0
23542751,0
49562660,0
45341510,0
43403130,0
24878980,0
25091811,0
52013810,0
14732191,0
54214041,0
54978160,0
30071620,0
32118141,0
30304250,0
68224760,0
22215041,0
68726320,0
68764871,0
30357821,0
35223560,0
32865231,0
33410831,0
38562351,0
42245651,0
28974760,0
23979620,0
62099321,0
51041680,0
35018180,0
27624191,0
48594981,0
41932441,0
25536150,0
48159230,0
65149260,0
57849830,0
69910640,0
26722060,0
65027350,0
48377481,0
60819451,0
43055440,0
28059051,0
66712120,0
43286730,0
29136800,0
28749270,0
62069060,0
54397171,0
29585430,0
53777811,0
20381960,0
26899580,0
68244610,0
28539070,0
27196360,0
13292391,0
46121990,0
14364360,0
31346470,0
64946001,0
47432621,0
62979560,0
12259941,0
54521970,0
50490300,0
48349170,0
68404180,0
43145811,0
61775481,0
48145221,0
35270741,0
71359731,0
64783531,0
41158550,0
26290301,0
11880961,0
37776080,0
23693631,0
11952350,0
41927710,0
21910401,0
68794040,0
26910440,0
26775830,0
63646100,0
23973680,0
44508421,0
38066650,0
51378491,0
14218990,0
54688721,0
47074471,0
35741051,0
27306311,0
13486961,0
12209751,0
71530960,0
22744480,0
63168540,0
47610261,0
39252860,0
49130310,0
21747490,0
26559071,0
68414161,0
53201741,0
27090960,0
52242360,0
27949520,0
14843200,0
55089460,0
48667170,0
55202891,0
22759251,0
37817570,0
34059800,0
21789171,0
61928441,0
23613101,0
61669250,0
64930950,0
14788180,0
14426991,0
35434031,0
14338591,0
44163231,0
57186381,0
33848861,0
26266810,0
63525430,0
61407261,0
63255431,0
45946041,0
12097891,0
28548231,0
40931581,0
21500111,0
39032651,0
28789451,0
47511900,0
30471270,0
51316711,0
53681001,0
32137871,0
27131960,0
30869590,0
51017410,0
47869790,0
58325951,0
56476791,0
29304561,0
32773470,0
32284211,0
54642650,0
72545490,0
62965650,0
38843270,0
67971291,0
55033360,0
57874240,0
61595610,0
25875571,0
26962600,0
33891700,0
68269761,0
29766390,0
37274801,0
70431831,0
45581190,0
73022721,0
25754290,0
28433771,0
62631651,0
43899500,0
11778631,0
16462761,0
27198280,0
21706370,0
31302610,0
45405660,0
36975900,0
47227380,0
50863880,0
58718321,0
72651161,0
58599591,0
74874320,0
31186660,0
39875150,0
35548631,0
48226440,0
35663910,0
46644851,0
34830760,0
15024120,0
48505290,0
32093461,0
41936991,0
53124440,0
64929960,0
57453781,0
35845530,0
38840650,0
55247961,0
50869871,0
25977850,0
48962050,0
74167630,0
43838561,0
14060971,0
33056610,0
28109121,0
47590531,0
47605581,0
64843801,0
44626000,0
54824660,0
41975970,0
25949170,0
50592920,0
42959860,0
42356941,0
63086750,0
50090241,0
44024970,0
55138461,0
28008100,0
61276350,0
36739520,0
34741370,0
41566691,0
51276970,0
23766321,0
52187630,0
51902420,0
53839451,0
53261150,0
62880010,0
32494740,0
51575830,0
27885281,0
41760881,0
62196360,0
12045730,0
72126090,0
67547501,0
55342250,0
37237360,0
28101791,0
49751791,0
44522560,0
21786691,0
41339110,0
72498290,0
62488371,0
73064050,0
54567600,0
14497471,0
61173580,0
61414520,0
62108910,0
55872290,0
32569790,0
26450001,0
47369710,0
46796670,0
48932280,0
70041890,0
40265680,0
18942601,0
63617690,0
56673461,0
72232051,0
29713830,0
33434011,0
27942190,0
39553530,0
42005261,0
38233000,0
31212420,0
24590470,0
62502960,0
40460020,0
50433371,0
30782570,0
36693761,0
15063580,0
21681420,0
29453491,0
45671390,0
30252930,0
26492611,0
29392780,0
36176240,0
62500190,0
52514760,0
37242050,0
68416020,0
35219451,0
55605171,0
49111191,0
27508501,0
46859550,0
42641950,0
68402510,0
68509591,0
51858291,0
22436220,0
57641160,0
39742200,0
52677251,0
65151071,0
16627510,0
15704501,0
63382601,0
68847870,0
57852860,0
48903331,0
61339090,0
53626340,0
68859901,0
38715041,0
33449871,0
42676211,0
46258971,0
37757710,0
33910211,0
25768530,0
42505580,0
22270590,0
58265670,0
67255801,0
51932491,0
13545280,0
62027150,0
32298910,0
41444081,0
42440760,0
47111370,0
36523680,0
49740501,0
53229680,0
36594970,0
31597080,0
40721500,0
68812270,0
42542591,0
57000830,0
37263700,0
13472440,0
58458631,0
22563131,0
15338351,0
27056640,0
44229350,0
51573801,0
66114630,0
39366541,0
37467280,0
32158800,0
56987990,0
36170880,0
29051040,0
57702800,0
41647740,0
56405850,0
31072290,0
15301921,0
38746430,0
56801871,0
45037570,0
22657761,0
44268571,0
41845961,0
29054241,0
45353790,0
29678851,0
52831000,0
71969861,0
43764241,0
39234510,0
47898470,0
45337230,0
30575830,0
62855740,0
31196020,0
47984500,0
38427020,0
60379190,0
50950500,0
34687221,0
29137780,0
56647210,0
45521090,0
40271401,0
21849000,0
63481621,0
32588800,0
52204891,0
44122910,0
13967830,0
46226021,0
67527911,0
35281381,0
48380630,0
39749090,0
53325031,0
54553530,0
46502661,0
40561510,0
22212161,0
68066970,0
57656251,0
35082580,0
21104670,0
27440300,0
54654510,0
41837561,0
14803511,0
45081741,0
39817050,0
32782481,0
39164600,0
66657651,0
63383100,0
62248210,0
50134361,0
68146160,0
68425441,0
44119371,0
34624150,0
25756090,0
60820510,0
29183451,0
65042080,0
37885621,0
27544361,0
34021040,0
73017960,0
15306010,0
38048361,0
70236961,0
30639270,0
74474531,0
73028480,0
68411060,0
27065750,0
35844881,0
13895061,0
53750371,0
31225161,0
67300911,0
57389180,0
61261690,0
44907411,0
15986650,0
49674960,0
27044961,0
41317331,0
65111771,0
61206171,0
39367651,0
37577931,0
62218160,0
23285141,0
54502510,0
67880250,0
40023800,0
37078121,0
15010381,0
52278531,0
40390120,0
13251291,0
34579490,0
47731970,0
37314781,0
24833450,0
52907711,0
52103500,0
38190801,0
22705040,0
51951480,0
20245201,0
62101641,0
15648371,0
49372330,0
41476901,0
45404140,0
39670460,0
61742091,0
64792081,0
35337180,0
16240431,0
68840110,0
13402431,0
30685450,0
30021830,0
28052130,0
40113560,0
61595170,0
15687370,0
55918600,0
67603420,0
26782340,0
30355280,0
24008190,0
30801560,0
67437831,0
61961050,0
41454141,0
30888330,0
28243431,0
38936931,0
45049390,0
53066400,0
58555260,0
31366791,0
16062490,0
68241030,0
41528221,0
57752600,0
32348191,0
23925170,0
63332780,0
31768941,0
50420671,0
44583810,0
68414530,0
15514130,0
51410580,0
29232820,0
34358830,0
58741850,0
22492391,0
45038950,0
38032221,0
54017890,0
73097591,0
47775601,0
20436501,0
63056171,0
56971590,0
50264971,0
40486650,0
27043560,0
33515460,0
25848490,0
51317660,0
15075290,0
58182750,0
61611101,0
31358791,0
42912051,0
49227820,0
65005000,0
31151860,0
51886841,0
56955211,0
37549610,0
31440711,0
57819760,0
14679780,0
51083911,0
24204550,0
16200260,0
42013531,0
45136211,0
33418240,0
23031170,0
43160240,0
13621161,0
29872361,0
22219540,0
27390301,0
27287100,0
43997010,0
29344261,0
40562681,0
72213681,0
38872661,0
29201790,0
42695500,0
38348140,0
69623490,0
54123220,0
61229040,0
41238581,0
20492621,0
48825281,0
40469721,0
21532661,0
22369921,0
40860421,0
52756930,0
73969450,0
37788811,0
27979881,0
27316910,0
32597630,0
30091361,0
49667811,0
55078440,0
44564141,0
21574800,0
71581450,0
39582890,0
47870491,0
47068750,0
41454851,0
73529890,0
42543920,0
49773161,0
20267260,0
40462360,0
71499031,0
47793080,0
43970780,0
37827681,0
48162560,0
40124521,0
40482001,0
23030780,0
36985841,0
22518471,0
69769851,0
48219831,0
30389910,0
36712771,0
61578930,0
67684291,0
22411130,0
27742961,0
37525661,0
33208911,0
27027000,0
37953580,0
25538251,0
41912840,0
57284660,0
30935131,0
14314861,0
46138130,0
68866921,0
40723621,0
54018140,0
63565331,0
37770970,0
21800860,0
45640691,0
28975850,0
27224121,0
53212980,0
27268770,0
52488270,0
44887620,0
14141241,0
56013821,0
29935630,0
43064031,0
14692481,0
38308120,0
55690261,0
54632861,0
65061280,0
14684860,0
32261721,0
16540421,0
31150541,0
58488711,0
22689410,0
27198741,0
41563080,0
49090890,0
68841961,0
58509880,0
66785330,0
51637771,0
63381511,0
38321971,0
67860011,0
53010800,0
34697021,0
27480200,0
68562001,0
44205831,0
22591530,0
42190310,0
48188391,0
27128001,0
26184921,0
48222700,0
15010490,0
64951391,0
11999161,0
47431391,0
57688210,0
22417921,0
48233091,0
57729970,0
36847910,0
21139700,0
27386021,0
16324141,0
58623301,0
67399921,0
44183751,0
11746710,0
73008870,0
28040100,0
56783251,0
46545930,0
38212321,0
60972790,0
46409410,0
13627590,0
31707181,0
61934720,0
23197380,0
32521110,0
68512030,0
40502971,0
73779690,0
67650330,0
16437531,0
55340730,0
54847481,0
32997071,0
38370900,0
53598490,0
57955521,0
11784561,0
43746711,0
64865051,0
24691800,0
62798210,0
65160061,0
13672710,0
41443941,0
40500850,0
24895711,0
12357000,0
50119751,0
39626190,0
24597460,0
56445720,0
42694421,0
68327121,0
68062751,0
40831601,0
36920491,0
21459790,0
68903341,0
55435500,0
41467811,0
55488791,0
72314630,0
29194771,0
32181570,0
32884800,0
42964680,0
25829740,0
72514430,0
28043170,0
48101730,0
63315991,0
27747750,0
30427400,0
13138270,0
16391400,0
21105230,0
21505860,0
49402140,0
16146231,0
26590360,0
39233700,0
33314141,0
41869810,0
33992681,0
31051090,0
54988780,0
54995550,0
30297261,0
21200411,0
37828511,0
25274421,0
35443151,0
51516630,0
40972151,0
51945410,0
36628220,0
65056020,0
43657911,0
31866181,0
47803450,0
68158820,0
63360480,0
39507631,0
61494530,0
30439690,0
63914210,0
68096480,0
39506340,0
35258690,0
35921991,0
46017611,0
46407480,0
54123400,0
30494751,0
51690560,0
41928830,0
29473921,0
19336470,0
62183571,0
74859390,0
68485280,0
64681071,0
47901470,0
72279460,0
56582140,0
32613121,0
30031880,0
41305150,0
72072580,0
72972470,0
65136840,0
14987590,0
39779471,0
38873850,0
62231581,0
53296430,0
39623020,0
28986600,0
68557110,0
29634000,0
23707100,0
28226590,0
41858251,0
34681721,0
31044840,0
52131381,0
27875450,0
33556450,0
35394810,0
34039690,0
12282841,0
23587270,0
64943261,0
50392230,0
21133811,0
26696731,0
69694131,0
45559191,0
29466030,0
57603841,0
64851391,0
42792331,0
36298201,0
32680721,0
55307940,0
40227080,0
43546710,0
46891670,0
42897000,0
46273171,0
56491110,0
25231870,0
68908441,0
63306181,0
67677480,0
45173431,0
62425410,0
68862491,0
27318041,0
12811061,0
38795981,0
48471080,0
51658420,0
74537011,0
47888691,0
50121920,0
40257010,0
58707260,0
57804771,0
42297310,0
41746080,0
50101910,0
39151330,0
40127530,0
13445601,0
23979210,0
28785031,0
28299670,0
14506571,0
14491131,0
40991191,0
27578780,0
27411531,0
20675381,0
29921980,0
15235260,0
37059880,0
39921740,0
48623180,0
43723391,0
64774140,0
15507380,0
33443921,0
39981641,0
69764860,0
55011010,0
30706861,0
35109661,0
48597181,0
63658171,0
31789170,0
31989980,0
33763341,0
15484131,0
67659970,0
26078861,0
72491331,0
23889710,0
14452381,0
61806860,0
57896061,0
63169900,0
30666331,0
61952991,0
31637910,0
68150441,0
33618470,0
37668340,0
34597410,0
39254401,0
38544031,0
16084171,0
32097891,0
54225720,0
23535840,0
47445250,0
29963801,0
49142221,0
67960271,0
24085571,0
46328870,0
62661560,0
44548800,0
51526570,0
36390191,0
22226590,0
35172240,0
72222460,0
63071570,0
40149481,0
41820861,0
54338520,0
63657341,0
31845570,0
26760970,0
45204061,0
36266921,0
53769821,0
71360431,0
28581000,0
67972650,0
61331090,0
46504451,0
27831351,0
38245390,0
31361510,0
62159670,0
44487530,0
67258841,0
63538721,0
52220201,0
51343341,0
27100240,0
63449600,0
33866720,0
22370980,0
32256751,0
28866770,0
38498050,0
44041711,0
46058800,0
57102791,0
44904350,0
46427361,0
68094970,0
42564641,0
34166270,0
48696871,0
23210231,0
41448990,0
61197481,0
64823811,0
54288491,0
33993460,0
64932341,0
66268601,0
51223460,0
42895600,0
31619861,0
16179590,0
25949060,0
43707780,0
22103150,0
61481441,0
23904720,0
21458950,0
61552980,0
68689411,0
22478471,0
63421621,0
30454980,0
14486721,0
21694250,0
51940221,0
23587161,0
68380590,0
33906761,0
50902540,0
68266571,0
31586310,0
42759091,0
69778121,0
31269800,0
32795991,0
46015230,0
52923701,0
44961130,0
72153120,0
38204860,0
27189460,0
43158880,0
44245151,0
45352581,0
74409550,0
33346260,0
16072820,0
31309670,0
39193591,0
12967540,0
37614150,0
48952581,0
26989060,0
64958151,0
50254860,0
68477301,0
58438501,0
12947591,0
56243451,0
46603481,0
41431671,0
58112540,0
64799251,0
68911420,0
66195080,0
11675731,0
49496381,0
14267370,0
48288121,0
14360111,0
62660450,0
47433451,0
67196320,0
29122641,0
40370360,0
15072721,0
61162540,0
52131220,0
45933361,0
12325810,0
58257001,0
16199751,0
32973580,0
27765670,0
73536441,0
48111021,0
23961840,0
50279601,0
40975191,0
48908171,0
37821290,0
15565870,0
58332581,0
40608741,0
21776860,0
37892070,0
30197360,0
50212581,0
40519070,0
29972150,0
43382191,0
36215700,0
53200310,0
56721311,0
47339920,0
44475530,0
25821210,0
45178480,0
61140111,0
61885070,0
44023750,0
61553000,0
47204040,0
38733511,0
61851420,0
61476020,0
67596430,0
33268730,0
44837850,0
38922260,0
26600980,0
44368021,0
26831830,0
68074881,0
16021550,0
48652580,0
51108400,0
38163781,0
47350841,0
11981740,0
37230200,0
29729611,0
54499180,0
68954750,0
27891341,0
58791961,0
39296020,0
28194020,0
61614391,0
45976620,0
28843210,0
23361801,0
54837141,0
23694690,0
11873330,0
46716421,0
69706541,0
11921880,0
42835521,0
44932931,0
23637761,0
14005671,0
21879771,0
53258370,0
22945120,0
41728970,0
68790870,0
30567171,0
59516701,0
23157390,0
63379851,0
58410990,0
51436400,0
58163921,0
15001940,0
31636500,0
23132260,0
26399750,0
22219410,0
72621610,0
64226040,0
30376520,0
28581580,0
30152850,0
12176231,0
38302531,0
66424840,0
49500350,0
20599770,0
30929430,0
23562690,0
29700771,0
29504801,0
57494130,0
41824041,0
53791400,0
44689501,0
45613780,0
49609980,0
57945731,0
56160400,0
55796051,0
67498801,0
22176100,0
27885821,0
33185170,0
20307350,0
35415431,0
32387501,0
46102510,0
67485230,0
32781220,0
62326270,0
71431871,0
42738421,0
36915740,0
48854261,0
34048250,0
23183221,0
32968001,0
33296590,0
39835031,0
23115341,0
42924461,0
40034010,0
26241280,0
72650960,0
26428201,0
26413871,0
14360220,0
41823990,0
32164870,0
55162181,0
41793001,0
43957441,0
53340000,0
27200750,0
30021520,0
27999440,0
69771870,0
16589480,0
49752491,0
67560150,0
26794330,0
14160261,0
30027600,0
38583830,0
37211361,0
50989260,0
31483820,0
45987240,0
61150290,0
68777681,0
50252090,0
46433960,0
38930301,0
57739640,0
31401121,0
28349320,0
33666620,0
21457040,0
29135970,0
44076830,0
33312060,0
52197431,0
63975221,0
30616760,0
54385570,0
60821200,0
30859411,0
39875851,0
62758811,0
41525020,0
49292811,0
39943820,0
61457660,0
23199740,0
72978250,0
15936061,0
29407680,0
56110730,0
57355270,0
43995361,0
15154921,0
40423600,0
58376110,0
36961830,0
42119471,0
45219470,0
56900850,0
47877411,0
15285630,0
50112871,0
23847760,0
49964980,0
43770250,0
41051270,0
54326120,0
44257520,0
56410950,0
27466790,0
51621231,0
55326171,0
74491030,0
41066870,0
27495770,0
68310950,0
51168471,0
38361291,0
33844861,0
73580100,0
27488750,0
32693391,0
49887310,0
41929691,0
62649861,0
39821460,0
41981811,0
34357830,0
41225750,0
32590480,0
48979751,0
21778390,0
40251100,0
26726101,0
50569990,0
27744591,0
57067600,0
40307330,0
44046370,0
41402960,0
29450430,0
21874220,0
51636380,0
12637930,0
46218831,0
30662341,0
61728260,0
52981150,0
62986060,0
53220751,0
33619091,0
62388630,0
63233880,0
46053040,0
47996630,0
40351740,0
13026860,0
56191301,0
62222871,0
12482200,0
74113761,0
15756491,0
67539320,0
58099921,0
62556460,0
49927580,0
38560230,0
68903140,0
57486201,0
40539880,0
41944950,0
46657230,0
51589521,0
23617180,0
47460170,0
57895801,0
28432180,0
62965790,0
54295920,0
38138940,0
48137180,0
13783730,0
29480271,0
28159051,0
29538990,0
42658120,0
62299660,0
15669020,0
32718330,0
35168831,0
49567671,0
26704690,0
44571410,0
47152050,0
22018641,0
38925481,0
37541361,0
16529231,0
27116640,0
29819910,0
63099420,0
30382040,0
44316311,0
57632651,0
22348561,0
41124660,0
50472240,0
57307810,0
54521520,0
39767850,0
50776771,0
12379890,0
54855980,0
32347091,0
43943671,0
62321290,0
28829270,0
24025601,0
42272360,0
20497530,0
47842070,0
71433310,0
30608220,0
42444671,0
42309361,0
23079340,0
45655840,0
64553190,0
28664610,0
26788670,0
26753121,0
51014261,0
31639700,0
67456451,0
32143791,0
22823651,0
26988940,0
41744020,0
41066450,0
38188611,0
68228770,0
31768951,0
27091520,0
22181261,0
62660440,0
23515820,0
62080121,0
32791540,0
35095950,0
43162900,0
41375541,0
50618171,0
16045431,0
61270420,0
41955611,0
62939440,0
24434330,0
35467131,0
30233141,0
57371400,0
13921070,0
13413820,0
71991470,0
57823650,0
30107071,0
22964201,0
26845521,0
74677910,0
22216971,0
41749650,0
27325751,0
29452220,0
67251521,0
44359321,0
28770961,0
42033951,0
16715411,0
40001850,0
31730440,0
64838260,0
31661630,0
39468960,0
40062191,0
56957981,0
51213260,0
50961520,0
41335520,0
53561220,0
39548010,0
62517030,0
47321300,0
24134520,0
47763710,0
64959781,0
16683100,0
52128751,0
49301361,0
27946641,0
53605131,0
67898341,0
41889141,0
47526070,0
48415510,0
29332401,0
43477890,0
28181360,0
39700390,0
28887170,0
60888080,0
47991160,0
29854360,0
42603640,0
53912770,0
27147130,0
72604701,0
35743460,0
52812510,0
41956291,0
24016450,0
58778321,0
45780080,0
23662591,0
68870880,0
68114441,0
28468760,0
21278410,0
28121401,0
12444720,0
28031311,0
43592610,0
56096110,0
16650201,0
63447701,0
63248350,0
53592110,0
55688341,0
12823471,0
29465921,0
48283260,0
41093931,0
54285820,0
57847500,0
55329580,0
34497741,0
68049590,0
28308360,0
15151960,0
13222181,0
54663891,0
61035141,0
31720640,0
40883580,0
42299971,0
37569661,0
39889750,0
36814100,0
27954050,0
44509360,0
34464310,0
61631491,0
39660830,0
51991521,0
30620261,0
62053231,0
39748841,0
57444691,0
45781651,0
38699700,0
27854111,0
62579931,0
36119351,0
47167650,0
65514071,0
21816481,0
13682920,0
74411180,0
31461831,0
40341410,0
39265311,0
23748600,0
48384900,0
32276440,0
35471151,0
33890040,0
23821700,0
31033840,0
57532801,0
36163731,0
52988750,0
48501990,0
26980220,0
22322010,0
22252540,0
46091780,0
14069480,0
52305110,0
11731950,0
51661511,0
46552150,0
45580270,0
45158220,0
12614121,0
20882060,0
28324811,0
54752161,0
25918051,0
43825140,0
27224931,0
30949820,0
63548200,0
15598441,0
39916131,0
56513331,0
52378801,0
13916721,0
54296440,0
41929951,0
42020021,0
62493170,0
55147021,0
51055641,0
12263271,0
52999541,0
56896061,0
49677820,0
61902771,0
28228100,0
67388700,0
63539271,0
42464620,0
39376980,0
62775081,0
27287510,0
32379600,0
54069060,0
20202550,0
25998960,0
40845681,0
34742821,0
61960260,0
20681550,0
45966410,0
46962611,0
50492811,0
21539480,0
23691240,0
32011401,0
29889861,0
62897640,0
57954981,0
27326550,0
36817570,0
56629410,0
33011441,0
36151020,0
49207301,0
55381071,0
68393840,0
41248381,0
74625350,0
53346551,0
68041491,0
50186450,0
67539160,0
26488430,0
26593151,0
29369371,0
16464950,0
55646110,0
28104711,0
23029690,0
67653131,0
57520811,0
34398711,0
46459020,0
29168301,0
32392690,0
15931391,0
32242810,0
63146710,0
33912400,0
38864220,0
31752090,0
36986210,0
29462191,0
61485000,0
40552290,0
30821420,0
61239480,0
45198961,0
28616020,0
28135601,0
21087990,0
35123020,0
23772381,0
66045570,0
54328020,0
15232021,0
60903800,0
33005190,0
68553540,0
38719711,0
29950790,0
12372850,0
63681010,0
54105641,0
24103641,0
49196401,0
43105531,0
58525921,0
37947240,0
45570071,0
68406851,0
55151701,0
32165990,0
57898400,0
15010121,0
36388220,0
12086800,0
67253550,0
30977420,0
23901410,0
54266171,0
49475971,0
43085230,0
47771180,0
35448671,0
62635480,0
41859150,0
46803051,0
26737770,0
44862861,0
70302830,0
67877910,0
47435651,0
68067250,0
44706150,0
29511820,0
54601380,0
40073231,0
23779961,0
47838860,0
50016861,0
54655371,0
62391971,0
30589490,0
56153480,0
13431411,0
42398430,0
27657161,0
12779341,0
53386681,0
51348660,0
15417470,0
39397561,0
38232440,0
33702880,0
61781350,0
35361081,0
42638510,0
36848170,0
50350201,0
41102430,0
44265951,0
32164631,0
15338830,0
21476460,0
21130700,0
12568191,0
61267251,0
72619571,0
30201510,0
54453960,0
57270580,0
31024221,0
45599710,0
35235120,0
16315300,0
47598350,0
14629120,0
65090131,0
39714050,0
53288970,0
39428980,0
36062890,0
26444881,0
58222350,0
37867821,0
25729900,0
35055140,0
21547531,0
50164690,0
41096110,0
52533350,0
47401550,0
36825601,0
73020300,0
40950091,0
40377700,0
23593210,0
44345900,0
23446481,0
64867931,0
55743320,0
30006541,0
50030360,0
16688101,0
37686881,0
24181270,0
56824061,0
67464400,0
36951801,0
42370130,0
28832590,0
71892310,0
40470230,0
64561231,0
60936490,0
37723561,0
33460631,0
68381970,0
65006561,0
62586281,0
47500751,0
46138581,0
45085420,0
39806460,0
29405911,0
67250011,0
13092240,0
36110651,0
27323070,0
11687440,0
68185730,0
58488841,0
21767241,0
50265190,0
32794320,0
58528920,0
15230740,0
15017261,0
48935840,0
26910450,0
38153550,0
64813430,0
30507690,0
15634451,0
30083480,0
43013831,0
46750761,0
58440161,0
49132120,0
57324500,0
28596880,0
50297900,0
43188920,0
41095731,0
32001341,0
47564741,0
28618370,0
33888841,0
34223841,0
63465491,0
13727730,0
40987161,0
68919980,0
26148050,0
31460660,0
63032670,0
62187161,0
15824891,0
55443630,0
21434540,0
64945161,0
31866570,0
46229991,0
69699480,0
63560320,0
41309430,0
42491691,0
63291280,0
14489700,0
41844820,0
30392410,0
30880030,0
61192190,0
38804920,0
28384080,0
21489450,0
40097980,0
31384301,0
37569460,0
30202080,0
44164820,0
30288410,0
64828060,0
42370970,0
50592931,0
35762250,0
12436481,0
30187590,0
50273101,0
67696280,0
23876771,0
15760491,0
49717670,0
32985580,0
47831061,0
48339421,0
27953541,0
40668970,0
50869260,0
21344230,0
39806980,0
22999310,0
29104520,0
45181670,0
12480751,0
63422820,0
24173161,0
50823360,0
20185771,0
27357191,0
23345401,0
28239451,0
28663050,0
48599620,0
29309640,0
49082771,0
54735361,0
40045720,0
68561790,0
65164471,0
39183681,0
29507390,0
40206690,0
53755731,0
68289290,0
20943290,0
23581241,0
29541320,0
27329700,0
16093691,0
39369280,0
44831390,0
51349500,0
45710010,0
33672950,0
45413790,0
28793540,0
29259270,0
20885940,0
20422960,0
15565150,0
26957610,0
24224731,0
49969151,0
44399440,0
68037720,0
27682541,0
16099570,0
47818911,0
70366051,0
12926020,0
16068731,0
43050781,0
32821671,0
38015121,0
36472821,0
25213311,0
34096551,0
64785130,0
56916010,0
39173670,0
22787920,0
60970030,0
66734030,0
45003210,0
68404170,0
29041411,0
12118800,0
69672420,0
40782330,0
21383230,0
21861841,0
52855120,0
44745361,0
49299721,0
26217601,0
12781210,0
46265810,0
36160571,0
26892520,0
26707730,0
62825701,0
41032350,0
33307941,0
25821101,0
34349000,0
22697870,0
23070671,0
57828231,0
29588740,0
73766741,0
16440841,0
61307821,0
57296841,0
29792361,0
48642800,0
11926891,0
61728000,0
29634871,0
36794960,0
29216370,0
26498080,0
60818740,0
49371670,0
48887150,0
25930860,0
20436511,0
28868690,0
35515360,0
49034231,0
41932150,0
40169631,0
62310410,0
43801580,0
47158731,0
61687641,0
29784641,0
27124531,0
71533931,0
58477910,0
63422550,0
30308970,0
20509331,0
43941731,0
64376001,0
32608291,0
54052350,0
43462960,0
54362691,0
49596060,0
40075400,0
47107380,0
45532370,0
40830720,0
36728921,0
42577331,0
57728241,0
69701670,0
35750390,0
14878060,0
48854330,0
23770441,0
36289610,0
45423071,0
63279851,0
26763061,0
50118070,0
15789051,0
55709011,0
61838180,0
31372530,0
62743381,0
53146701,0
28984041,0
44491000,0
65044000,0
63171680,0
45331590,0
53145461,0
64853010,0
62478950,0
37489740,0
55678490,0
72347010,0
31594501,0
21896420,0
32331791,0
37698741,0
15231171,0
21804840,0
26844281,0
58200850,0
44533630,0
23495110,0
20333440,0
36356220,0
58365910,0
30220181,0
50985581,0
61011940,0
39831441,0
42357491,0
36951630,0
25939800,0
35205231,0
57784580,0
55112520,0
50216940,0
25077300,0
47823980,0
64806400,0
30971210,0
63560511,0
26829890,0
42682240,0
45944391,0
30995780,0
48837940,0
57607930,0
44034360,0
44338791,0
23473531,0
54027431,0
30534690,0
44065971,0
27160630,0
71384131,0
43808631,0
33398500,0
31269370,0
33521451,0
69695900,0
61274250,0
16598970,0
43322611,0
46141820,0
46947581,0
58160061,0
61470250,0
41805800,0
51317240,0
50775080,0
46627601,0
42931470,0
61285331,0
56027430,0
57231201,0
12021081,0
26964640,0
37941000,0
30863281,0
32350121,0
30240731,0
27820991,0
24107180,0
57268230,0
28741031,0
25198950,0
61905920,0
35051150,0
32463870,0
42580880,0
42483141,0
53830320,0
28770271,0
13611190,0
35446270,0
21528050,0
57106241,0
40128470,0
28209730,0
41433601,0
49114621,0
34143431,0
39880681,0
58379280,0
66353120,0
30510081,0
16272851,0
24178801,0
55337211,0
46045211,0
26316190,0
63297661,0
32495641,0
28063010,0
50949031,0
63397710,0
15588880,0
23094801,0
48866060,0
67250841,0
25762470,0
35080810,0
37479881,0
14007741,0
68136460,0
45034551,0
47632820,0
12882730,0
38916600,0
47095821,0
26644290,0
57667640,0
43333330,0
55512771,0
46120371,0
13608761,0
16389900,0
58114350,0
26301201,0
43779890,0
21394881,0
60889040,0
28460521,0
61999410,0
13754090,0
14376791,0
69754620,0
43204940,0
38052850,0
28638500,0
16674430,0
58698300,0
60663560,0
15537771,0
25729480,0
35084001,0
35008561,0
58687011,0
57952150,0
42262720,0
33620191,0
43507831,0
45004511,0
34638131,0
13751481,0
41078710,0
16544811,0
61001440,0
40990020,0
20673400,0
53665510,0
38796340,0
44181950,0
27552710,0
22322160,0
51733450,0
33029320,0
54178250,0
39985730,0
68564580,0
27991071,0
15377310,0
41356501,0
67616311,0
38629050,0
45127740,0
27830381,0
50427291,0
48316231,0
41858610,0
31689350,0
51384540,0
15319581,0
34025350,0
38376171,0
13476231,0
50556470,0
28718520,0
56269511,0
37565911,0
39276761,0
42869680,0
44971121,0
55672140,0
39982300,0
23186350,0
38958410,0
24029820,0
37265630,0
46884380,0
58517781,0
68351220,0
59491700,0
30676811,0
23030001,0
52927841,0
61897100,0
58146780,0
28881380,0
15442181,0
48928021,0
26129700,0
53876971,0
52273001,0
31075651,0
62827221,0
53451160,0
50909550,0
33000060,0
15200380,0
30613070,0
41737260,0
44210121,0
39885080,0
33087500,0
62010771,0
24115391,0
53445260,0
21074491,0
15359591,0
71527571,0
27638760,0
64870240,0
50374341,0
23615861,0
63081521,0
67393100,0
37680330,0
26978980,0
68552850,0
44381350,0
33854241,0
61739071,0
22409101,0
43680760,0
39003630,0
45329220,0
45713340,0
42969670,0
67571180,0
22847261,0
37703950,0
54678630,0
47361990,0
51575810,0
26689510,0
28340681,0
68103011,0
71756210,0
68048080,0
29993530,0
34394260,0
49465061,0
35773520,0
23575311,0
12923430,0
37858591,0
44876091,0
21783661,0
32065461,0
30984890,0
60636041,0
67249300,0
44375051,0
44229001,0
51303290,0
37432540,0
14869971,0
33438360,0
38248850,0
51286231,0
42225101,0
54544580,0
63004530,0
43024830,0
25968490,0
61952510,0
23908651,0
29292380,0
36146720,0
33405810,0
50806301,0
21731241,0
15351270,0
56045490,0
41545810,0
33673400,0
62726520,0
36277541,0
36706841,0
27999481,0
55125200,0
55265860,0
27662480,0
44061240,0
62658971,0
40158660,0
43376670,0
42414471,0
14218321,0
39837811,0
43964081,0
35322041,0
39297301,0
37925840,0
61582350,0
31888780,0
39115411,0
28847900,0
72395170,0
49559951,0
51586430,0
46122520,0
20474250,0
27256900,0
72646850,0
41994381,0
34319790,0
29302040,0
29591831,0
50667401,0
41080630,0
36586120,0
47932301,0
27948960,0
60300700,0
61566100,0
71986151,0
12758791,0
33108890,0
15772651,0
11969501,0
38601261,0
49824980,0
43052960,0
57484210,0
65012071,0
67555440,0
62154461,0
27284490,0
33602500,0
73541271,0
39568311,0
58222070,0
41291001,0
35612040,0
50798390,0
37323430,0
38892490,0
22816231,0
39412840,0
56477450,0
56952881,0
24275300,0
50178651,0
63635490,0
31411870,0
38806270,0
16511571,0
27116230,0
63256220,0
30337630,0
15919740,0
43491110,0
35154300,0
26762361,0
49620340,0
34548891,0
55262171,0
63546950,0
36418970,0
53456150,0
63343370,0
49792331,0
14340640,0
63486161,0
39642330,0
37599031,0
28069381,0
48865001,0
68417970,0
38847640,0
26288720,0
54858070,0
37506460,0
65056010,0
29056150,0
31020781,0
22357200,0
44279700,0
15023420,0
23545880,0
48698100,0
28552521,0
14832471,0
64315020,0
54632321,0
38756380,0
52301960,0
65219860,0
50094070,0
24522641,0
74633920,0
37205821,0
43233531,0
40486640,0
37774940,0
72139501,0
29917051,0
36534440,0
69732061,0
68291520,0
37753020,0
31604841,0
54902020,0
27387900,0
14336791,0
34653270,0
40119650,0
68762900,0
41045900,0
12206431,0
36753140,0
44976050,0
22641420,0
39936910,0
29521460,0
35713581,0
35383090,0
38833491,0
32524250,0
48190150,0
23749580,0
14509730,0
37624630,0
28612040,0
47233461,0
32139391,0
54036910,0
45601101,0
64238600,0
61291930,0
39266080,0
50229271,0
30268820,0
44416711,0
14876160,0
15777430,0
44377951,0
47947311,0
21917831,0
21529461,0
45081390,0
68051370,0
35763480,0
32724230,0
45595990,0
46789661,0
33770740,0
64120800,0
30499731,0
15523551,0
20523330,0
56205340,0
41810801,0
35217310,0
42925410,0
22456951,0
23077971,0
38072880,0
48929930,0
42864580,0
24891131,0
29557310,0
31278661,0
38004231,0
72119200,0
62800140,0
57066180,0
62004940,0
27671060,0
44145230,0
48273071,0
27826391,0
52613190,0
53357981,0
23503270,0
39398640,0
55345030,0
44518980,0
51426911,0
63481740,0
29906281,0
27421751,0
65095990,0
31469941,0
31822020,0
33851560,0
71436630,0
60544741,0
45123050,0
33645001,0
15711141,0
63332930,0
50838581,0
67691741,0
35159290,0
64982691,0
54278690,0
60823441,0
37536261,0
36782960,0
62547330,0
46973781,0
64844580,0
21600631,0
31191180,0
12130721,0
39372061,0
12686360,0
24010790,0
28832150,0
56844450,0
23061540,0
29998110,0
36981010,0
31280580,0
39573250,0
42224930,0
31063340,0
32683611,0
47501151,0
69703661,0
33382141,0
43221271,0
21579350,0
29510540,0
54917961,0
56941800,0
41482571,0
45425671,0
46299091,0
40091250,0
30292041,0
30188670,0
32520000,0
49344210,0
22829540,0
53651830,0
42049210,0
61040210,0
28808010,0
36093671,0
23003091,0
68433280,0
72474020,0
73047650,0
58684340,0
30140031,0
46964380,0
72928190,0
63467240,0
50833061,0
23016440,0
44215840,0
27032910,0
61284231,0
21961961,0
36273330,0
24247901,0
36177121,0
63255700,0
74549841,0
31412441,0
12675710,0
74620530,0
56583650,0
67290230,0
35156940,0
34644751,0
51229981,0
41762941,0
42434290,0
58511150,0
26855990,0
63174611,0
29587220,0
49114460,0
61785780,0
52796691,0
43692781,0
31275351,0
69623470,0
36741560,0
31498241,0
54121590,0
57330590,0
13924571,0
51244420,0
32015141,0
33462281,0
21569051,0
50242990,0
43472131,0
31573210,0
35053381,0
55868260,0
63139830,0
58123761,0
39635010,0
24902560,0
21181450,0
30202880,0
23916491,0
41278960,0
11723611,0
37849040,0
51357551,0
40129621,0
39020450,0
41542831,0
42748840,0
28604440,0
62960321,0
68439511,0
38645360,0
28868471,0
35295021,0
43104041,0
52841030,0
21812191,0
45102961,0
41655361,0
68500460,0
47075841,0
29763790,0
54860581,0
31048481,0
16184690,0
39768021,0
67482261,0
35677041,0
37224840,0
50210200,0
36654021,0
26433010,0
57885130,0
23008010,0
41844430,0
52733740,0
62198871,0
58576671,0
50991450,0
30237650,0
67611160,0
62000090,0
52335300,0
32730901,0
50274351,0
41901800,0
32005590,0
54329970,0
32699580,0
27645830,0
20430400,0
22699100,0
55020800,0
38711800,0
41737510,0
28437040,0
71682130,0
26835700,0
54573670,0
28813140,0
50416790,0
52877590,0
13410151,0
21159021,0
44392141,0
36102730,0
64651691,0
37221660,0
22699790,0
38469930,0
36788761,0
34256531,0
29018910,0
58528001,0
68563330,0
36513030,0
46931041,0
35308750,0
61304091,0
30015310,0
56351141,0
25951161,0
48291240,0
52617541,0
38930830,0
25652670,0
27899290,0
31632421,0
13195250,0
19040890,0
28133791,0
12111080,0
30561381,0
14089230,0
23746041,0
16357961,0
33014950,0
61775201,0
32821801,0
60262421,0
65066001,0
45001290,0
41837770,0
14263410,0
47125501,0
53409670,0
26462671,0
29676371,0
40641021,0
53152720,0
33685541,0
20610910,0
50074661,0
40799150,0
61689851,0
29504941,0
29331430,0
32159210,0
45609060,0
27425341,0
31583061,0
13419121,0
46608120,0
45048840,0
62388060,0
27466711,0
65068270,0
46245980,0
43292120,0
44829891,0
35105070,0
45104320,0
38288321,0
67446480,0
42104120,0
45760350,0
15373210,0
38429900,0
43978800,0
35077251,0
44556220,0
29068000,0
22142460,0
30996440,0
41472710,0
12586370,0
73022701,0
53001600,0
47265071,0
33188371,0
44550901,0
22430461,0
53237881,0
68211131,0
44399871,0
44800091,0
63215970,0
12392611,0
26998190,0
14529761,0
68075780,0
50663790,0
51339840,0
64715920,0
41359401,0
27155701,0
69643330,0
31268591,0
46276341,0
63514940,0
44399130,0
43128021,0
23724951,0
41324241,0
23031491,0
31627420,0
15816300,0
30805351,0
14010890,0
41307670,0
22967450,0
35026310,0
67437851,0
30893550,0
21364531,0
46390271,0
34705960,0
58006421,0
48914080,0
28708150,0
46964790,0
69670681,0
25926010,0
25869890,0
45329520,0
49655391,0
61860431,0
43004000,0
57619670,0
34307520,0
40900260,0
46213861,0
42388090,0
46455870,0
36652941,0
42984020,0
57189620,0
61318240,0
27458701,0
43039170,0
74385970,0
29040110,0
39699270,0
65058831,0
13709940,0
36391270,0
35846131,0
13393881,0
35430960,0
45338900,0
68030840,0
35274010,0
49238160,0
12924271,0
58331830,0
41832881,0
33979991,0
37126920,0
29917820,0
42691910,0
55625810,0
63131820,0
23378081,0
29865191,0
57698571,0
14783600,0
35957421,0
22850930,0
30959620,0
47826200,0
46073560,0
55329611,0
56333371,0
67720410,0
48667180,0
43210330,0
57608780,0
47515931,0
49440060,0
13472330,0
38917310,0
71556100,0
41358250,0
15684350,0
36318320,0
50478341,0
23057930,0
34610811,0
21522660,0
14723890,0
33169211,0
33453711,0
32356450,0
36476500,0
27950740,0
61889490,0
36580521,0
60940210,0
63418400,0
21442820,0
22872040,0
13294960,0
51519830,0
48322591,0
13062310,0
71424691,0
56474570,0
23590440,0
24106630,0
69976010,0
21967450,0
53509500,0
16404810,0
61876510,0
55334461,0
45107630,0
28976280,0
27991020,0
31662600,0
36300800,0
22126231,0
47663190,0
32896070,0
34165491,0
54750381,0
39541810,0
45183320,0
30123440,0
52763591,0
54257550,0
39202770,0
54957190,0
27948550,0
15807740,0
14076090,0
57006890,0
16474980,0
61540280,0
40320740,0
22361931,0
68140340,0
21969431,0
39005040,0
28222160,0
58208700,0
29094310,0
53983301,0
47338120,0
63643411,0
32859021,0
28059540,0
29828750,0
41107861,0
62194751,0
40976681,0
40129611,0
45618621,0
28312271,0
35788201,0
42255100,0
23614440,0
42391530,0
28817390,0
45431990,0
39611601,0
25981050,0
67615211,0
46271511,0
15049401,0
41111280,0
56556880,0
20514431,0
13796741,0
32697661,0
35083400,0
37524770,0
57672190,0
52408660,0
15337470,0
38674491,0
27713230,0
20299390,0
61401420,0
53706450,0
49881291,0
61113980,0
58274101,0
41832441,0
29948560,0
16707961,0
44433350,0
46721230,0
53145160,0
55425891,0
41413550,0
39844401,0
36180581,0
31686201,0
24686631,0
62730531,0
23005711,0
29093261,0
66767140,0
48404750,0
31247231,0
42763500,0
34067161,0
30096550,0
27063790,0
12864920,0
42665731,0
16466710,0
47368211,0
31084361,0
14594991,0
22281890,0
42878131,0
39738200,0
63534970,0
35691791,0
26843191,0
27119930,0
55718920,0
61916711,0
52533271,0
50193790,0
46351101,0
27719631,0
62603200,0
16646201,0
22758721,0
28712761,0
44380291,0
21342000,0
29126580,0
32288560,0
49884211,0
39117000,0
28749851,0
30672100,0
26061020,0
51007060,0
46364901,0
55248220,0
51146401,0
63306020,0
61342240,0
50920730,0
50589361,0
35457331,0
53425250,0
13672601,0
12055831,0
25802170,0
20860181,0
16424240,0
61927140,0
34246721,0
46546760,0
21595541,0
25682921,0
47326141,0
29120571,0
26908981,0
62167830,0
55834500,0
45716281,0
26483040,0
52274510,0
43210101,0
15042870,0
57121620,0
42777940,0
37225541,0
13651641,0
56974661,0
30741341,0
65216430,0
30618181,0
14354990,0
26447460,0
61860650,0
39138920,0
44088170,0
37752791,0
24939910,0
57609361,0
12786931,0
31048010,0
15401641,0
39464970,0
23192181,0
42431411,0
58738160,0
63567930,0
21589280,0
64824330,0
26861610,0
37941891,0
39921641,0
16488831,0
25807430,0
12854170,0
21521720,0
14006720,0
27511630,0
28142440,0
48857510,0
64181480,0
28836061,0
33323770,0
26012640,0
34549970,0
33863601,0
62005231,0
21452931,0
26814470,0
30250740,0
56444261,0
50608740,0
58678881,0
30865191,0
63248110,0
57065431,0
28698790,0
30578741,0
49578280,0
35010870,0
44729710,0
36643141,0
48377170,0
14391120,0
54353321,0
16059170,0
42636631,0
46224180,0
51015070,0
43656470,0
44257701,0
54551921,0
34189440,0
56461361,0
15308910,0
68253420,0
16520971,0
57490570,0
36952170,0
37151440,0
35381290,0
13851990,0
47426390,0
48621660,0
41678961,0
29785980,0
38225410,0
29450341,0
22763261,0
28192080,0
26882340,0
23623240,0
12325321,0
12882921,0
49339100,0
61849220,0
27289730,0
20710900,0
56019290,0
27472850,0
48972520,0
62046491,0
60964490,0
56607111,0
48700321,0
35327520,0
22070730,0
22077800,0
29669040,0
13444901,0
61510110,0
58757201,0
37741050,0
36690660,0
41632351,0
13042980,0
72926670,0
19956360,0
44951811,0
69701930,0
54285160,0
73560571,0
31934410,0
53463190,0
46846221,0
51832511,0
36984061,0
48783460,0
30190210,0
50116670,0
57525101,0
68545451,0
66592011,0
29117671,0
37890250,0
39332170,0
43960761,0
52586180,0
40802860,0
48716191,0
45458450,0
26839960,0
45250661,0
41565140,0
27932110,0
50192971,0
48344501,0
42782800,0
29280640,0
61302940,0
12578640,0
26256211,0
43965520,0
58453391,0
13942890,0
44535451,0
56116431,0
26455931,0
32190400,0
57861560,0
57775671,0
27690111,0
36357931,0
32257130,0
52599840,0
23995391,0
64795251,0
31766051,0
38016491,0
73100351,0
31277660,0
32994970,0
30188721,0
36730660,0
45083111,0
46906611,0
41942870,0
27719890,0
42958661,0
72097841,0
55262990,0
44942820,0
15034080,0
61223940,0
46336570,0
39904141,0
68082061,0
48242871,0
23096881,0
68490261,0
26447610,0
14550650,0
15284001,0
16510850,0
20258171,0
32703990,0
30376120,0
32638460,0
45426460,0
39478350,0
54136371,0
26803471,0
26803751,0
22481211,0
32074660,0
30961010,0
13192890,0
37904070,0
46455590,0
38221841,0
27614660,0
68179261,0
22075690,0
29456961,0
67270910,0
72186090,0
53850221,0
64893741,0
30850540,0
40343050,0
47392030,0
72621490,0
53371781,0
50672391,0
67661100,0
34245631,0
34289211,0
61302130,0
62947730,0
62096691,0
49331141,0
26313471,0
55992930,0
24100030,0
24194340,0
51785600,0
48021521,0
52551710,0
40924971,0
69700140,0
72601231,0
67543710,0
22541891,0
30021841,0
72988990,0
26090051,0
38712770,0
28485310,0
50768361,0
36585730,0
35581580,0
39858420,0
40192610,0
30404670,0
50001230,0
30036160,0
26185850,0
63609461,0
23003720,0
12968510,0
44017520,0
62211011,0
26326670,0
39580810,0
15446051,0
69670910,0
42136701,0
42805871,0
16002780,0
39957771,0
27418240,0
23872381,0
26765401,0
69752871,0
44179450,0
34974501,0
28726500,0
30190460,0
61662521,0
26179500,0
63609580,0
34714531,0
26793401,0
15759811,0
24268120,0
46541380,0
56869240,0
31010011,0
49737991,0
56748621,0
71783630,0
23719090,0
40938170,0
28604620,0
44954800,0
24618201,0
52498330,0
54973391,0
13531521,0
46971031,0
49307650,0
43625911,0
29944850,0
69758230,0
21609960,0
12368850,0
40079571,0
46591901,0
16299871,0
72943780,0
53330271,0
43027860,0
34763371,0
68562780,0
34096531,0
22436001,0
53481831,0
28281030,0
28925841,0
62650131,0
32608171,0
32939270,0
54394650,0
45663250,0
45006090,0
45207771,0
45552920,0
72251710,0
34527391,0
42927050,0
13075561,0
60885330,0
71434320,0
60984920,0
27060001,0
27709000,0
32283890,0
48143120,0
44283140,0
23361920,0
67560721,0
52341821,0
14126361,0
61314370,0
32419231,0
46783850,0
67634590,0
27301150,0
23269900,0
26455900,0
29100851,0
52120420,0
28858801,0
64797051,0
39923250,0
23661501,0
42896170,0
30607520,0
44415181,0
23131491,0
54350991,0
14266130,0
61979570,0
37694471,0
23026531,0
28934261,0
16230661,0
56347530,0
40023021,0
45229270,0
22675541,0
36685491,0
42156691,0
39818310,0
49421590,0
21612511,0
26826760,0
28267820,0
34866480,0
53765470,0
42350300,0
11928920,0
44386911,0
32820230,0
29045810,0
56810250,0
34601301,0
54703310,0
29748340,0
37280800,0
35400931,0
50268670,0
68542350,0
27000360,0
31734420,0
27082040,0
39853651,0
46601390,0
45123921,0
44627981,0
68662381,0
31961611,0
33346701,0
46884360,0
52501650,0
69739911,0
21602691,0
39758351,0
42100141,0
13282410,0
39415641,0
36853010,0
35761150,0
36153370,0
44556421,0
45939670,0
51935900,0
46143671,0
34383520,0
40786730,0
50965420,0
30079870,0
37489210,0
31035801,0
60336320,0
33264190,0
63026870,0
40559491,0
62133870,0
61461301,0
56104151,0
24213441,0
38860650,0
35426130,0
35792460,0
24112191,0
34149060,0
31124000,0
55766251,0
23549791,0
42087000,0
38605261,0
37658440,0
50502881,0
30459881,0
21742930,0
51704750,0
35262901,0
39126441,0
40221450,0
42848840,0
12227510,0
43592350,0
32391890,0
32261390,0
38848111,0
50467841,0
62261470,0
65122610,0
56655121,0
16012181,0
36263400,0
32582330,0
37807800,0
59606470,0
62937660,0
23380991,0
12491361,0
54732970,0
33999810,0
43022320,0
27630531,0
42644990,0
32122520,0
38611260,0
49887320,0
54482390,0
54815180,0
40150871,0
22857560,0
54647710,0
27066720,0
58221670,0
34387900,0
20280091,0
59429131,0
24178920,0
45007230,0
44704330,0
64766950,0
23959470,0
51038660,0
34175090,0
61056931,0
27282130,0
33052200,0
51174750,0
22907220,0
15573901,0
27830671,0
26490391,0
62771371,0
22985950,0
35155041,0
32102861,0
14139150,0
44628360,0
23695540,0
51231160,0
14031191,0
51856630,0
13989750,0
45539051,0
48909490,0
60326541,0
49182840,0
33548280,0
68821141,0
33040931,0
49382960,0
60849210,0
29779100,0
47564731,0
54945780,0
66193690,0
12999660,0
30095710,0
21442120,0
45092020,0
14505321,0
58417961,0
50078470,0
38297961,0
34110830,0
23156441,0
30558560,0
56897550,0
54856680,0
35247011,0
60924800,0
46509971,0
22197890,0
20661800,0
53569390,0
34807361,0
50494881,0
61043380,0
35498390,0
27285771,0
30449391,0
55010771,0
61409830,0
44023631,0
40807140,0
39891280,0
69673700,0
63124971,0
41361761,0
41907860,0
27640901,0
36522570,0
55349221,0
64837020,0
61561670,0
31832650,0
46441930,0
28622640,0
27867631,0
60846570,0
44268410,0
32319630,0
48345020,0
23672920,0
20490510,0
34715600,0
26824171,0
68470640,0
69650100,0
21371110,0
62574961,0
44683011,0
40088620,0
28243540,0
40234311,0
21706971,0
50850291,0
35667531,0
27437420,0
64937570,0
42908871,0
56181251,0
23682410,0
67662170,0
34514130,0
30691981,0
37997191,0
61814080,0
58470750,0
41535190,0
22945390,0
65034800,0
39290660,0
56046091,0
60892360,0
36694731,0
40918200,0
42757461,0
41565690,0
62987850,0
39669230,0
65066080,0
30173510,0
43120520,0
23898530,0
29745410,0
56769410,0
42839350,0
35891750,0
61322820,0
28820160,0
56301350,0
41264070,0
23863961,0
60941931,0
57998831,0
61784700,0
12017221,0
56901021,0
22384620,0
39669801,0
21279291,0
27079031,0
39338100,0
41989671,0
16192871,0
11930860,0
31642501,0
24614901,0
12564871,0
31562030,0
17199081,0
31503170,0
46186691,0
61060661,0
49457481,0
61722900,0
64063911,0
14154430,0
25994440,0
65166880,0
27965110,0
45529090,0
40223671,0
21863901,0
27755440,0
12281861,0
47921510,0
35746971,0
51797010,0
28112670,0
15807230,0
29801061,0
72221650,0
37316011,0
52172970,0
36726520,0
56150361,0
12892390,0
40956650,0
29809191,0
13160090,0
56978340,0
42709540,0
62713041,0
52364530,0
49687880,0
30206101,0
62143550,0
36601351,0
22618270,0
21950890,0
29667250,0
46319060,0
34025781,0
69670401,0
33943690,0
37960060,0
61728130,0
45405080,0
32198011,0
14633290,0
34343230,0
51436670,0
16150801,0
27852311,0
49793110,0
60986010,0
62664761,0
25597360,0
54861490,0
67291900,0
68505991,0
62996851,0
56753041,0
29755640,0
62359520,0
42443260,0
73585620,0
28868741,0
65188191,0
56435770,0
27546120,0
26602521,0
25774911,0
56722510,0
26509690,0
55300090,0
16453511,0
55361331,0
63077760,0
28807480,0
32981491,0
13148261,0
57596801,0
31836900,0
32657760,0
39775000,0
11911970,0
61049081,0
11717880,0
35967170,0
47136661,0
20218970,0
30802161,0
54340160,0
74360690,0
30908610,0
30240420,0
54874860,0
45966991,0
68782511,0
42913370,0
39659840,0
11724141,0
29350621,0
42095680,0
50052031,0
21355090,0
67476471,0
28872140,0
62966460,0
57527370,0
47626340,0
16530051,0
38902980,0
47252631,0
27212360,0
23235331,0
57053291,0
30214661,0
43285630,0
22973410,0
35205880,0
63515640,0
29246720,0
26090680,0
74696161,0
68149751,0
30997950,0
26610880,0
68295121,0
42807630,0
63006511,0
23765880,0
25642760,0
49287981,0
53539201,0
34721230,0
16475420,0
47325171,0
71359741,0
38478190,0
35351001,0
46048371,0
31884080,0
45075870,0
67263921,0
53201140,0
69813950,0
28390820,0
36720450,0
67619700,0
51599820,0
55959150,0
40838101,0
35909120,0
68210420,0
40823150,0
60901521,0
58166951,0
27398800,0
39897630,0
23035231,0
33629360,0
62843020,0
68127271,0
73096641,0
44336820,0
28031300,0
51702410,0
66938150,0
32754610,0
47333150,0
29951050,0
15115871,0
63199321,0
72925320,0
45747800,0
27607111,0
38508250,0
34328730,0
21804491,0
52096030,0
68191110,0
32666340,0
71866701,0
38963490,0
68509031,0
20923870,0
58270651,0
50433921,0
54389690,0
26511781,0
69912010,0
24065260,0
48886671,0
37530320,0
44131190,0
56064431,0
35845940,0
29527260,0
53181731,0
61836420,0
13278690,0
27160080,0
28040161,0
30215341,0
62245720,0
34225980,0
61198321,0
37944990,0
47112190,0
39302831,0
49317221,0
29408551,0
34949951,0
65165270,0
36951060,0
54856670,0
47757520,0
26756550,0
14541560,0
30972610,0
22315451,0
46412871,0
30830250,0
49653960,0
36610581,0
62747070,0
35419011,0
28952321,0
44923200,0
44005680,0
45927711,0
32654200,0
34613940,0
38255901,0
43688350,0
48117340,0
63194631,0
35124001,0
53758641,0
67895311,0
30452691,0
29407031,0
31936661,0
38466880,0
48647450,0
63109190,0
33762620,0
58215170,0
31163771,0
27235810,0
44962000,0
24003890,0
61778641,0
58132030,0
21711470,0
47748991,0
51940091,0
68407531,0
57515011,0
40936841,0
46590610,0
42452231,0
25572871,0
47334410,0
42356090,0
26401010,0
27740471,0
58391170,0
13772420,0
40173560,0
15728170,0
39336990,0
43662451,0
51825361,0
54348310,0
42251021,0
51301001,0
13154420,0
32990840,0
14904321,0
32261830,0
27263961,0
29001380,0
29203420,0
40233871,0
26473161,0
56602250,0
43090740,0
49950360,0
22127980,0
48376791,0
12769800,0
48231230,0
42060431,0
12589380,0
42232281,0
61797900,0
40272901,0
34839740,0
28459940,0
43195751,0
34167581,0
23856330,0
50694950,0
27165590,0
23163911,0
52185400,0
62376391,0
39486370,0
49482550,0
27923331,0
72589480,0
63342270,0
52272481,0
21354710,0
31088710,0
27625150,0
63300251,0
38124481,0
27403531,0
40899030,0
27004011,0
54765821,0
50208670,0
47976961,0
48608050,0
64981120,0
14268360,0
12706450,0
40142430,0
24952231,0
34051000,0
12448830,0
27443630,0
31342231,0
42933780,0
14870640,0
22417491,0
22559930,0
39219931,0
63584361,0
50642441,0
15399721,0
58466911,0
33657800,0
68904011,0
23988781,0
55091390,0
31374921,0
30821990,0
53717090,0
23001100,0
50164540,0
12070670,0
39899871,0
21990320,0
40716031,0
41971450,0
36284551,0
26820240,0
30701911,0
35107830,0
31837631,0
52540441,0
52937880,0
23806571,0
39645230,0
50779510,0
26440010,0
32608550,0
61420891,0
43052140,0
35107191,0
43864850,0
37742710,0
23909430,0
27576631,0
49258150,0
32802201,0
13237611,0
24040911,0
14994750,0
42906100,0
30443160,0
45552530,0
45844060,0
24100600,0
36333320,0
53136720,0
38154401,0
49237921,0
32896380,0
32583040,0
58673491,0
68299480,0
55109511,0
14141941,0
50439520,0
20436231,0
21650161,0
32706330,0
37793300,0
12987301,0
12840831,0
57187611,0
28756160,0
27311670,0
26185690,0
52319921,0
22699411,0
34283271,0
34842251,0
39380041,0
29627100,0
45959011,0
54663600,0
12939820,0
41389471,0
30054630,0
14890780,0
27082550,0
64971101,0
54188450,0
21695651,0
27953800,0
26522831,0
53847861,0
56149340,0
26756970,0
44430180,0
38102390,0
16185971,0
35733000,0
48356091,0
45837740,0
40916161,0
26486360,0
14244941,0
30477060,0
62488200,0
41636850,0
23894410,0
46596031,0
22318631,0
51032621,0
47809691,0
62493871,0
41181361,0
48733930,0
63927880,0
45955250,0
39546870,0
39592840,0
21354591,0
15676641,0
45474921,0
31182200,0
48287370,0
20365201,0
44386850,0
42875330,0
54188371,0
55380231,0
28225371,0
43710260,0
49065610,0
48275950,0
43083211,0
30628801,0
63026470,0
28754821,0
35325641,0
36311700,0
36347591,0
30333961,0
32256761,0
52876340,0
35729041,0
24174520,0
56525600,0
62794500,0
43896590,0
62808321,0
43808740,0
50665050,0
38660630,0
54006580,0
62868010,0
55353850,0
29381941,0
44309660,0
41596061,0
25077201,0
16071211,0
31570890,0
40073771,0
12650261,0
32487190,0
62707200,0
71754010,0
52096300,0
32159661,0
40001091,0
49122921,0
54646821,0
25866850,0
28011280,0
24085861,0
31628021,0
56535100,0
13869360,0
63234751,0
28434721,0
50854691,0
54349300,0
21551910,0
55652211,0
21200500,0
67634460,0
49654540,0
41247800,0
41351530,0
27580310,0
22390000,0
62618790,0
61205211,0
29464500,0
32609240,0
51168191,0
31018431,0
34770931,0
34993240,0
21069521,0
42115611,0
33103821,0
12477031,0
47671300,0
22685300,0
41207370,0
47922750,0
47258110,0
29589870,0
51350511,0
25882550,0
72232311,0
47638470,0
22943880,0
29479810,0
44558471,0
26289820,0
40263121,0
26357191,0
42436090,0
32515481,0
39615891,0
58236970,0
38899151,0
47880510,0
33624751,0
40565960,0
37189380,0
49598400,0
47607450,0
48596160,0
20601871,0
24181250,0
39256081,0
62006310,0
57579950,0
66843540,0
27958200,0
13046980,0
12604400,0
27786521,0
23584831,0
36441200,0
61149710,0
33139100,0
42222560,0
64954701,0
33692700,0
52927411,0
27999341,0
41139370,0
29074730,0
30403311,0
42315670,0
49586390,0
53852120,0
48327141,0
46276850,0
15783060,0
23928101,0
29415960,0
24952760,0
47531651,0
22264530,0
40280241,0
36254980,0
49898780,0
46114421,0
54304911,0
43915200,0
50578670,0
15265080,0
44450160,0
60949180,0
31644421,0
51978711,0
39906020,0
36317210,0
57614581,0
29837601,0
15315021,0
65219190,0
33424331,0
25885521,0
45898321,0
36480220,0
42011830,0
45565470,0
61848851,0
39694931,0
57133930,0
45546860,0
20618210,0
67144200,0
27717991,0
71456760,0
24146490,0
33440191,0
61149901,0
29105971,0
57218200,0
32937521,0
30291280,0
62487541,0
57212161,0
29129370,0
14612781,0
37288441,0
44644490,0
39695000,0
24177260,0
61541000,0
56909721,0
24179241,0
68761350,0
26478520,0
38813170,0
53601811,0
34194550,0
26067800,0
33625291,0
54676680,0
40622101,0
39688930,0
26834990,0
34569680,0
35765530,0
56980820,0
27161040,0
46269051,0
40383101,0
49422290,0
62564580,0
61613031,0
50235191,0
68796550,0
33403910,0
21082720,0
23939080,0
57810680,0
27719221,0
53490480,0
41744871,0
42645170,0
51898540,0
52136201,0
56577030,0
45182220,0
11810471,0
43104410,0
45591540,0
73561080,0
15576651,0
48333430,0
68943680,0
55370700,0
27886241,0
37913051,0
38854741,0
37672790,0
57968860,0
30065410,0
23564131,0
35743381,0
34131680,0
34357280,0
32818170,0
11797600,0
21347230,0
40732010,0
22128991,0
23507800,0
29821881,0
23949170,0
61052661,0
15863190,0
39949590,0
34338871,0
52153820,0
27679050,0
43586120,0
12406541,0
51864340,0
58147580,0
12339090,0
56097681,0
55134471,0
57633771,0
42461361,0
37737710,0
43999091,0
31170541,0
14299981,0
65238500,0
62853640,0
21908830,0
39464741,0
27756061,0
68399880,0
26044811,0
69645301,0
50901721,0
21393180,0
68841340,0
59508140,0
28187700,0
34197330,0
41159281,0
36288520,0
28574540,0
21975631,0
40993350,0
40859830,0
65222200,0
30598621,0
42203270,0
52581661,0
36637341,0
38903500,0
32998400,0
58422060,0
29702650,0
15535380,0
36921110,0
31221991,0
42699900,0
37788640,0
23185930,0
68476020,0
27321621,0
30901751,0
21638831,0
23097120,0
28031290,0
21654790,0
39336710,0
44426781,0
35507131,0
54761220,0
49908840,0
28052390,0
68959270,0
56458390,0
54757110,0
21497290,0
36983941,0
63542431,0
36291270,0
23680681,0
49922541,0
24270821,0
27929350,0
41268671,0
29110450,0
34486120,0
31568411,0
50923921,0
39369991,0
44766280,0
33835300,0
14415831,0
30225131,0
25747540,0
24141701,0
20311520,0
39145290,0
13202670,0
35238331,0
22105660,0
46166270,0
28710390,0
68440850,0
53642480,0
28814110,0
13610121,0
62915170,0
28466041,0
25674371,0
23030131,0
41468091,0
25958830,0
26802750,0
27797011,0
36952010,0
32939171,0
48355541,0
47293690,0
48667190,0
28525461,0
61123281,0
62001811,0
40598510,0
51230210,0
53351900,0
68554760,0
30326450,0
73731051,0
38963640,0
58154480,0
13156381,0
20618681,0
33457171,0
29686520,0
33619580,0
40186571,0
23022541,0
14446700,0
60948490,0
36996211,0
22699380,0
12480590,0
48918340,0
20386790,0
50096321,0
21246570,0
11772500,0
45970441,0
33646111,0
27927901,0
50012410,0
41335380,0
52374600,0
39623990,0
44432141,0
28186980,0
36905010,0
41831211,0
55640990,0
18819021,0
61963400,0
26515720,0
34318311,0
43653980,0
11748810,0
51204700,0
46478750,0
27450390,0
50790400,0
53894570,0
45167371,0
37601371,0
21786411,0
23025830,0
27673100,0
57741601,0
37225120,0
54458520,0
51269370,0
36757700,0
36482690,0
32936240,0
25925200,0
58420701,0
13292490,0
36065701,0
41364361,0
15341450,0
34679330,0
55373061,0
38074940,0
30318440,0
45614351,0
21558110,0
46242500,0
12670350,0
61257601,0
14620071,0
49160500,0
15673560,0
67352881,0
12083541,0
51034490,0
56071041,0
20678660,0
31638061,0
13499811,0
54947041,0
29736330,0
45033300,0
55977640,0
26439630,0
33883191,0
49541201,0
21516630,0
15100930,0
40457400,0
47392781,0
56781560,0
28216650,0
13664270,0
45136891,0
12134670,0
45997180,0
38009430,0
51113390,0
61973050,0
23352701,0
27100821,0
49836891,0
38633101,0
29409241,0
35245730,0
13053610,0
43052110,0
14446400,0
27990791,0
41637441,0
32263381,0
47508970,0
42955880,0
13165211,0
61802330,0
11888941,0
41312531,0
22862780,0
31488400,0
30925570,0
64864221,0
47533680,0
45041581,0
44263751,0
56433081,0
32356871,0
31601480,0
15042651,0
49495900,0
12600171,0
57197350,0
27773540,0
27455251,0
51633190,0
40624881,0
47767280,0
26981371,0
35088301,0
61466230,0
37693570,0
50250060,0
13054061,0
50102521,0
56071591,0
12717760,0
35714260,0
39512850,0
22568671,0
54459671,0
22188691,0
57831801,0
43010651,0
31563191,0
25787721,0
62425020,0
57065660,0
33547720,0
25774751,0
22332131,0
32071370,0
14228141,0
28628990,0
40337321,0
62666811,0
43461631,0
27901660,0
45001861,0
23429080,0
29515001,0
23466081,0
53442480,0
24392420,0
68168391,0
31225151,0
39336580,0
37437381,0
35693140,0
32310780,0
39847420,0
50658810,0
42918780,0
26817121,0
49010651,0
41868871,0
25635010,0
12180030,0
20859611,0
37839141,0
28698431,0
11814850,0
45180690,0
48275821,0
27252671,0
27301631,0
30001550,0
39849040,0
27200360,0
57469720,0
16069370,0
41096070,0
51634751,0
29716791,0
13058010,0
37317961,0
11701350,0
34484511,0
45249650,0
50210880,0
37238060,0
15694021,0
30872750,0
15785731,0
62336801,0
47880701,0
48538151,0
41018980,0
28365921,0
26691190,0
49997961,0
63248230,0
46015821,0
56149050,0
37677371,0
28065900,0
68006601,0
56655100,0
25802631,0
24424581,0
30996590,0
33467740,0
58008150,0
27103950,0
27843290,0
29055201,0
25888360,0
37890820,0
63465460,0
13101040,0
12106171,0
35130710,0
22063420,0
30532821,0
36449320,0
41855470,0
27972830,0
42872061,0
30829580,0
44969461,0
49900990,0
29860030,0
40009600,0
13624211,0
73559280,0
37546491,0
28001500,0
32744270,0
27679900,0
48643190,0
49502431,0
23963821,0
42981660,0
12961330,0
25976060,0
58164980,0
12123110,0
56356541,0
72950420,0
72493330,0
41336340,0
27455470,0
27442230,0
12706501,0
23291000,0
57151980,0
47094191,0
30842530,0
12219920,0
38395761,0
14644990,0
26464631,0
46944671,0
57794260,0
27315121,0
49545051,0
39276860,0
54269270,0
43049011,0
39576581,0
42907631,0
32498330,0
39046530,0
27903420,0
16476981,0
47976510,0
41303810,0
25762040,0
45723400,0
54228180,0
39033150,0
15409350,0
37193291,0
43380841,0
43171341,0
48127400,0
27198010,0
28420880,0
51175850,0
52218890,0
35029650,0
31986810,0
36453030,0
54924390,0
14091710,0
24353401,0
24084460,0
11763191,0
12968831,0
49531620,0
37183491,0
15333450,0
27183250,0
56063960,0
29988830,0
54371261,0
36752921,0
28078590,0
49560631,0
37867271,0
43765960,0
37245530,0
58774680,0
30965020,0
30843261,0
71577050,0
35777591,0
20984291,0
36855770,0
21476220,0
62353430,0
49679821,0
16181780,0
27720840,0
27700041,0
44816490,0
16630980,0
56134740,0
53832431,0
42439380,0
37879520,0
47177970,0
51074490,0
39905921,0
57343010,0
22595380,0
31218401,0
27735580,0
48172930,0
41125590,0
23103300,0
52580650,0
46564940,0
24411061,0
28273651,0
29082350,0
33542890,0
49097890,0
29144110,0
62886740,0
40355251,0
11807871,0
47997261,0
54830740,0
37533630,0
67909190,0
29211451,0
47330270,0
16630201,0
50654700,0
44308790,0
67446490,0
38265991,0
13039731,0
53770440,0
68978330,0
44935890,0
42440740,0
68908400,0
44951060,0
39133891,0
61656820,0
12198690,0
48406540,0
23421090,0
22488111,0
22713590,0
22804200,0
42999860,0
40823140,0
45089960,0
20465331,0
40885131,0
33609380,0
56995980,0
61185751,0
55078010,0
27665540,0
29530160,0
23571031,0
40788711,0
57849680,0
49085951,0
22171170,0
58528110,0
51313131,0
43681150,0
55333211,0
22694041,0
20484880,0
33905780,0
29484080,0
36697450,0
49889960,0
31167180,0
12389150,0
30618881,0
57349531,0
26964950,0
33199110,0
35405751,0
23948911,0
56669871,0
39693630,0
43831671,0
16479571,0
58230671,0
29945140,0
27713110,0
46768441,0
12306500,0
44019070,0
32823540,0
27251120,0
41258991,0
51901030,0
54988510,0
33161830,0
57470751,0
44965440,0
62475780,0
63501730,0
45732800,0
31963380,0
21741980,0
70035871,0
47006881,0
42730250,0
27789161,0
36689980,0
14340370,0
36255031,0
16424360,0
24586160,0
38637921,0
58756381,0
50872740,0
13852031,0
49782660,0
51186251,0
23944641,0
29774161,0
38800080,0
23100400,0
30397470,0
56104100,0
40042130,0
28361730,0
51062230,0
30050541,0
23367720,0
61192910,0
21029961,0
46556670,0
25905521,0
44111631,0
43679701,0
56266030,0
54538480,0
27710380,0
54735150,0
39010000,0
43965380,0
67669281,0
38089110,0
20894511,0
58785190,0
63518871,0
29190511,0
36478191,0
21338260,0
23790410,0
41447930,0
45498350,0
21393450,0
26901910,0
43330980,0
44192191,0
62192100,0
30639441,0
54565100,0
28774220,0
21439131,0
34296490,0
61000121,0
36042630,0
47846351,0
57973980,0
56417710,0
36354850,0
21794920,0
30486460,0
23442580,0
27381690,0
16706670,0
44591100,0
52483461,0
25017481,0
73781651,0
26817890,0
27964561,0
56049380,0
54249181,0
33473260,0
67650460,0
56801840,0
46363060,0
26463641,0
37558901,0
48882340,0
28551681,0
23186060,0
41156340,0
54714320,0
21414250,0
12118021,0
42531940,0
49844601,0
22251041,0
37241110,0
31331631,0
13748030,0
40883891,0
31990441,0
44226521,0
35062040,0
57470700,0
39751171,0
26947560,0
54339961,0
31954840,0
62793711,0
39752640,0
29471940,0
54345440,0
20300220,0
47676881,0
44806530,0
24917880,0
45212860,0
67665141,0
29545600,0
14092790,0
58673460,0
29975070,0
30280830,0
58780740,0
35669980,0
57771660,0
33432860,0
30614840,0
24040501,0
45277571,0
38052030,0
37556800,0
12324901,0
43373220,0
56530700,0
49754961,0
21399831,0
56162700,0
16624350,0
39570360,0
51547711,0
31432841,0
56700351,0
46811581,0
44863660,0
53435880,0
41041101,0
42676911,0
13748061,0
24566470,0
22587541,0
30984040,0
40477591,0
47935400,0
35073661,0
49570940,0
51343440,0
37891821,0
63360930,0
36585891,0
54502411,0
14235970,0
42115601,0
32161160,0
27613420,0
39634170,0
47457311,0
29187201,0
49962880,0
21892170,0
56216920,0
32703321,0
36515510,0
15463971,0
29750660,0
61492580,0
38115460,0
25883670,0
30939521,0
20384600,0
23030910,0
63592521,0
45705941,0
41053381,0
27632901,0
36899220,0
16430361,0
33212900,0
32330760,0
40843840,0
49078371,0
45354951,0
57714400,0
24020891,0
25557210,0
42243120,0
41030040,0
38044860,0
25895680,0
13885250,0
23936491,0
23770861,0
47682740,0
33604000,0
56731511,0
12608280,0
39880951,0
49610800,0
53405810,0
64792170,0
27179790,0
69685390,0
37643281,0
13697260,0
16344090,0
68054990,0
26271920,0
62195701,0
41163141,0
32713681,0
46247320,0
15071440,0
37307071,0
34301341,0
13492211,0
27042881,0
41739491,0
20481031,0
34644201,0
23032450,0
58252960,0
54114810,0
23802840,0
36214870,0
43749341,0
53634511,0
45174531,0
27973141,0
27738910,0
15658711,0
63402960,0
26470411,0
27825001,0
41924680,0
16310330,0
29060000,0
20325590,0
39049870,0
49487421,0
47283671,0
30703141,0
28908321,0
43403851,0
30137810,0
39358251,0
42756050,0
68082051,0
29974401,0
33061330,0
46341550,0
14643951,0
36646171,0
29054070,0
22870561,0
22772091,0
58252851,0
40710931,0
61061710,0
54847710,0
14869141,0
30362740,0
45424181,0
53414541,0
12481680,0
29825871,0
54725961,0
35804621,0
52116160,0
13750111,0
40385881,0
26983171,0
26718870,0
71498430,0
40009221,0
55286290,0
31007060,0
32485520,0
43717710,0
49326840,0
30821700,0
36287300,0
49813690,0
56923760,0
13673301,0
29125121,0
51825280,0
41482400,0
58765440,0
54970590,0
29279130,0
31785361,0
63079461,0
28878401,0
30596961,0
56941780,0
20898460,0
30169981,0
20197310,0
39497110,0
56104370,0
21718650,0
63675671,0
56559421,0
30307621,0
48037340,0
51652811,0
57057691,0
24259901,0
68242260,0
42990190,0
47369171,0
49017111,0
43169340,0
54502561,0
20579501,0
22386471,0
35712330,0
38838570,0
29022350,0
14495780,0
16274350,0
21407561,0
55180111,0
30616920,0
42998941,0
28495520,0
22492941,0
42246051,0
40581851,0
41728140,0
15297640,0
45014940,0
50980280,0
56886360,0
16231351,0
24588151,0
12009740,0
14731921,0
36502891,0
36638321,0
12364860,0
42238850,0
40377960,0
12645510,0
31369910,0
40003431,0
13082731,0
31107040,0
57321490,0
27604751,0
12586801,0
61284070,0
23964641,0
16624391,0
50935770,0
13719060,0
37700890,0
42145261,0
15172171,0
30097520,0
39340440,0
31816681,0
36281470,0
43701881,0
68468361,0
62199701,0
27593700,0
27745561,0
54516160,0
29080830,0
56071130,0
14134010,0
30955090,0
27185221,0
21470840,0
57056430,0
25973610,0
15094511,0
30984170,0
21942661,0
13620560,0
37995880,0
30208010,0
37280380,0
38839960,0
26607430,0
50527260,0
58128331,0
36411841,0
62371090,0
56947320,0
34599921,0
36461911,0
24395710,0
53794720,0
27602421,0
37043320,0
29287031,0
23421220,0
21839720,0
52065881,0
63172400,0
24113981,0
54300501,0
57277200,0
51602850,0
33372901,0
32603580,0
63932450,0
55375780,0
57229251,0
41978760,0
27391681,0
46582231,0
58103850,0
62422280,0
58349251,0
52390460,0
23665460,0
24174500,0
49517590,0
30958240,0
31277021,0
22924140,0
57494280,0
27875160,0
24240720,0
12350541,0
44942800,0
20932991,0
56102781,0
35069251,0
29780221,0
33437601,0
21975610,0
46157471,0
15790660,0
42454950,0
14710090,0
44724541,0
29011560,0
29428760,0
22921321,0
21759180,0
32142930,0
14995020,0
47225730,0
51582211,0
26745630,0
20859911,0
26730371,0
32744820,0
40161590,0
22733891,0
38707520,0
49079201,0
41544740,0
15525190,0
55185870,0
52045871,0
38013611,0
53539720,0
22231020,0
21457180,0
29181500,0
16502720,0
32479870,0
31037191,0
46989491,0
38610300,0
11998700,0
23164851,0
42350871,0
41013791,0
35347250,0
39423371,0
14709451,0
50645590,0
46766020,0
44885440,0
46063251,0
51418050,0
39624851,0
21431940,0
37900210,0
29086111,0
43619240,0
61620311,0
27756560,0
54995051,0
36195420,0
40727170,0
29374761,0
26926341,0
50943531,0
51460250,0
44095071,0
32157850,0
13225631,0
15774851,0
29497330,0
57926011,0
42783921,0
38172700,0
23661890,0
45796210,0
39544840,0
48314800,0
29159830,0
31689750,0
58243751,0
42359851,0
23660681,0
48207161,0
36079150,0
23211970,0
29044311,0
48772191,0
13304521,0
57361791,0
41971730,0
12938771,0
30157540,0
27909250,0
53879660,0
12030171,0
33202660,0
34356730,0
53128211,0
36289931,0
27728970,0
13530271,0
55302280,0
49896700,0
48919580,0
13027420,0
12607160,0
50798240,0
29868010,0
27733800,0
15975501,0
29055751,0
36535510,0
46500430,0
13022020,0
51518860,0
47470760,0
55371500,0
14119270,0
54956230,0
14200070,0
32675420,0
37799401,0
31032170,0
51692360,0
34732010,0
63416261,0
30850550,0
41287950,0
34670240,0
32686221,0
61504891,0
54911061,0
13954750,0
38004501,0
28056790,0
21763870,0
14942910,0
45832811,0
27932830,0
42942261,0
35351551,0
16022500,0
56750691,0
54221990,0
41204101,0
37172820,0
15599701,0
45425131,0
45622710,0
23228301,0
50986500,0
27502151,0
39705480,0
53546500,0
54886990,0
15310481,0
20568980,0
32058400,0
54647470,0
41470410,0
39572451,0
16605211,0
33428191,0
46108300,0
45453630,0
40921340,0
21723200,0
56204220,0
30450150,0
35017391,0
37194180,0
27792120,0
34304470,0
51047781,0
22978951,0
22567670,0
55916721,0
29969800,0
43053951,0
35188080,0
47952831,0
23108260,0
67232170,0
28988430,0
25057020,0
31754901,0
47253590,0
40893510,0
56652231,0
47870651,0
44211020,0
15875931,0
14183270,0
37961471,0
50491110,0
58543980,0
32109051,0
50208011,0
50637891,0
35133640,0
39415580,0
53096070,0
61799560,0
36795780,0
29765270,0
20639241,0
21063540,0
16644271,0
36133401,0
11783410,0
27959580,0
50701980,0
37701501,0
29623541,0
68171981,0
28581191,0
16343980,0
20662930,0
45565821,0
38831930,0
52143750,0
55993230,0
29561901,0
40133071,0
40500341,0
68204610,0
23029441,0
15329190,0
27107970,0
49856730,0
22050610,0
20489601,0
41298980,0
31550160,0
51203201,0
21574721,0
14236090,0
12571501,0
47435730,0
47702760,0
30313520,0
39403480,0
35330321,0
58316981,0
57950281,0
57534560,0
56494321,0
56260951,0
49652480,0
31919540,0
13075830,0
22426150,0
13517861,0
31684411,0
29910650,0
40625691,0
45881750,0
41773090,0
54211630,0
13950350,0
23201551,0
25803840,0
38624131,0
57667500,0
41748201,0
43346020,0
34113730,0
72639041,0
34579350,0
27191141,0
34582240,0
43212851,0
34036210,0
37948460,0
36253750,0
21791521,0
29108540,0
57140161,0
39617360,0
14159940,0
57051611,0
47556580,0
36422980,0
30976351,0
15732791,0
42929270,0
48997271,0
50936201,0
40407610,0
57932730,0
15747750,0
31263440,0
73551000,0
33005040,0
42641410,0
40784851,0
28134450,0
57180810,0
38777330,0
57719271,0
30107710,0
21698520,0
44755940,0
44271621,0
54700560,0
38430880,0
61855980,0
24013690,0
26090851,0
22709611,0
31684811,0
35444080,0
34353320,0
33282090,0
46989060,0
31512790,0
39125960,0
13477430,0
56830650,0
41833571,0
44367280,0
28483151,0
26744321,0
43581481,0
61838890,0
32245560,0
57513600,0
15276841,0
32292590,0
28187260,0
13741940,0
53501250,0
27845810,0
61026690,0
13339650,0
57735480,0
29416121,0
29283140,0
29880860,0
22840491,0
29779640,0
31819650,0
51720661,0
14772901,0
32096101,0
32094161,0
45561480,0
15694571,0
35302440,0
53357711,0
47171100,0
29901861,0
25675410,0
30130101,0
38461261,0
42337620,0
26916390,0
24243720,0
46218780,0
21458041,0
36452141,0
34010050,0
30290890,0
21378041,0
47247111,0
52872961,0
47329041,0
36484100,0
12188371,0
32352170,0
56371940,0
29112830,0
34691060,0
55137651,0
58564760,0
38722341,0
28632771,0
48396470,0
22572480,0
26981921,0
28186280,0
21967320,0
12802590,0
46438401,0
27498271,0
14421050,0
57949031,0
37756921,0
35133371,0
46006680,0
40813141,0
12459760,0
27485290,0
16210050,0
21235301,0
35204971,0
39328990,0
36144530,0
23992050,0
37639370,0
36916481,0
12101870,0
22699360,0
56475360,0
50272281,0
51991931,0
49915620,0
13889811,0
46892691,0
27710340,0
53640820,0
33694101,0
58161660,0
25795010,0
28049370,0
32858460,0
25997020,0
52372140,0
47268310,0
50179980,0
30638741,0
21457990,0
21724840,0
51601200,0
42215031,0
34184681,0
34243100,0
42721570,0
47727840,0
42332060,0
50859681,0
52630641,0
46207500,0
31995520,0
43331881,0
16540551,0
36960310,0
45397271,0
38637101,0
23080881,0
55307260,0
45795820,0
14711080,0
32569770,0
25664950,0
17713661,0
47110690,0
39556871,0
20554380,0
31870471,0
33061170,0
47625561,0
32157171,0
14975720,0
35693840,0
28787231,0
29884850,0
44764251,0
28832850,0
31813590,0
29953530,0
38594300,0
21153231,0
40069030,0
22441590,0
31159101,0
34141860,0
13455780,0
14326980,0
14957281,0
32925641,0
44769081,0
28546841,0
42716330,0
62632720,0
46500160,0
13101351,0
27786780,0
33010030,0
26812670,0
39340180,0
39968001,0
33192610,0
20600150,0
48169180,0
30070961,0
58777361,0
21391110,0
57330150,0
31209281,0
30654611,0
22915770,0
30826840,0
45365831,0
32281000,0
40862170,0
37814731,0
22289340,0
28621891,0
29767821,0
50663100,0
56768351,0
62324500,0
38125000,0
20415790,0
15070060,0
23185281,0
46525240,0
61458401,0
58743640,0
29079430,0
36991470,0
49905530,0
31073530,0
55075420,0
26503900,0
16684750,0
53386551,0
13962381,0
48176240,0
12849510,0
26973460,0
34008951,0
28239571,0
27700850,0
44121810,0
32620520,0
29141821,0
14919040,0
56713041,0
32309981,0
32075941,0
52201120,0
47802911,0
56773820,0
21982490,0
53199791,0
32291590,0
22385771,0
30977430,0
42870910,0
23017441,0
46082670,0
25909460,0
39176020,0
58136321,0
38267570,0
45314370,0
30128591,0
54984950,0
47160921,0
39167210,0
34362690,0
56083591,0
44564551,0
23276981,0
14718670,0
14032400,0
29691121,0
29267120,0
35826100,0
40921620,0
22549040,0
57519800,0
44928860,0
27274110,0
53191101,0
61865251,0
11698501,0
14582530,0
39012361,0
36966630,0
30579701,0
23829040,0
68460471,0
45581821,0
61252320,0
36144660,0
61947970,0
29176530,0
46419241,0
44915220,0
36296431,0
51012420,0
67916701,0
38835930,0
31278541,0
41521471,0
42211660,0
40713681,0
26220641,0
33409670,0
48955901,0
55259940,0
27440351,0
34184271,0
34536641,0
24117431,0
21796850,0
39605780,0
11968500,0
44827141,0
40198571,0
25884380,0
65124720,0
41096831,0
39553370,0
33418370,0
56562031,0
28456511,0
44035210,0
45260410,0
11935711,0
39474600,0
49520521,0
27709820,0
16642601,0
46516191,0
55315800,0
30311570,0
33198581,0
28809000,0
15980191,0
24024040,0
40835550,0
27248350,0
63104810,0
43051420,0
42826790,0
46573770,0
45568031,0
41906350,0
54120121,0
40067800,0
27346151,0
50967870,0
40977070,0
40619870,0
55121610,0
29249381,0
22305200,0
35353351,0
57124021,0
54455531,0
31147781,0
57071860,0
34169071,0
27634660,0
16024580,0
25566050,0
30100201,0
42686161,0
24219300,0
13383240,0
47909381,0
44312120,0
22127881,0
46621531,0
40518800,0
68299640,0
20898931,0
31032720,0
44504841,0
36139191,0
41116821,0
23025701,0
27404470,0
30654440,0
20984711,0
29676210,0
35427930,0
41013641,0
43693150,0
38697350,0
26949740,0
23079511,0
15221480,0
40588751,0
53362640,0
32625930,0
42109261,0
32498090,0
20670531,0
42303291,0
28147871,0
48200080,0
24303491,0
13109911,0
62242960,0
39418220,0
54359490,0
57819251,0
44971111,0
14235120,0
48007000,0
50653970,0
26835051,0
21659511,0
12497410,0
39212351,0
22850400,0
16144031,0
38331170,0
11860421,0
24173390,0
15084690,0
54159401,0
40796680,0
16273380,0
16230050,0
56074440,0
31433971,0
43083071,0
53300300,0
29992710,0
26709411,0
31707451,0
16284000,0
13247431,0
37926981,0
43084301,0
30129120,0
54683610,0
39317420,0
13541731,0
27275831,0
39701350,0
12912001,0
55641700,0
22439960,0
20825001,0
32160231,0
26259111,0
29133401,0
35416340,0
26516621,0
28102150,0
20501160,0
43053810,0
11830211,0
51606860,0
40147230,0
49982770,0
54936790,0
39791721,0
31128840,0
20269351,0
16116810,0
26423791,0
16464831,0
57670851,0
25829610,0
44282610,0
39940630,0
57122911,0
37881560,0
27701670,0
43687640,0
68559330,0
56733950,0
37736080,0
32755471,0
29977250,0
42786220,0
46566251,0
21777311,0
51214241,0
31444041,0
32351231,0
44218251,0
39899841,0
50209100,0
22394150,0
22698151,0
23235010,0
38429121,0
22869851,0
51029260,0
50956700,0
27692191,0
41066440,0
26861131,0
44901461,0
56565211,0
40470011,0
39839840,0
12051981,0
30364981,0
21771381,0
44973000,0
37909010,0
42234320,0
45486241,0
28241070,0
28049261,0
29465901,0
24744660,0
20620560,0
31219200,0
27164920,0
24110780,0
34736290,0
32942761,0
27894251,0
55314700,0
37193141,0
52527850,0
12997801,0
36534731,0
30623991,0
49623480,0
33849630,0
15875231,0
20482141,0
25985511,0
22615650,0
15036660,0
53139070,0
31711171,0
33516621,0
33920920,0
25301930,0
38436871,0
39990140,0
26785650,0
21819330,0
28532340,0
41983321,0
38669210,0
56546171,0
22267171,0
13714350,0
47133611,0
57708870,0
15609061,0
47803320,0
27987980,0
42764570,0
32594501,0
48334441,0
51681170,0
20517881,0
44047180,0
14653840,0
46498261,0
26831341,0
31315050,0
58426511,0
45887670,0
20237740,0
41030631,0
26451080,0
47025040,0
30797560,0
39818631,0
49824280,0
31596500,0
14742900,0
46350780,0
42331550,0
32082270,0
31026291,0
43980320,0
32157840,0
24119101,0
51976101,0
33727870,0
12018260,0
20592191,0
26960541,0
56342331,0
19337540,0
44074360,0
14381580,0
25965030,0
13887570,0
23945400,0
36826130,0
23787821,0
34291100,0
38811920,0
44856590,0
49293091,0
53322530,0
36412531,0
33595340,0
20913760,0
41919970,0
16480770,0
35553071,0
50060161,0
45335211,0
31350661,0
13369010,0
36758291,0
46481001,0
32182940,0
36834141,0
50111170,0
33537561,0
15018921,0
34311811,0
57809710,0
44244110,0
36153930,0
44124120,0
29667701,0
27662360,0
20859751,0
46466531,0
29160011,0
46762081,0
62242871,0
42594540,0
34571371,0
41627391,0
31683461,0
36408090,0
29445060,0
41057180,0
45141680,0
20646340,0
27447770,0
23329230,0
23705990,0
42002381,0
35089470,0
51574730,0
31746000,0
28306130,0
42563951,0
57782960,0
43416230,0
51296240,0
13448610,0
28717420,0
50828470,0
34185060,0
45819000,0
22435790,0
51959890,0
37824381,0
28508381,0
15161930,0
49292070,0
43743510,0
44944351,0
26570401,0
53817910,0
50779100,0
51001041,0
47750521,0
38390661,0
40100801,0
20680041,0
43251601,0
13342021,0
12379360,0
50684080,0
24167310,0
38084430,0
21903641,0
37298350,0
40337311,0
53741220,0
44156311,0
47827160,0
49429610,0
12964630,0
29064171,0
58669200,0
47401400,0
28070501,0
58209360,0
49904741,0
30556100,0
39656810,0
26802730,0
28636921,0
29118081,0
61677961,0
36763801,0
35213590,0
48111400,0
56101890,0
31756800,0
22150450,0
40638500,0
54627631,0
28127581,0
42854110,0
54894060,0
38978820,0
33974061,0
61637540,0
51889761,0
12655330,0
52136990,0
36408770,0
50360281,0
29052181,0
21897841,0
30265640,0
25907810,0
36281080,0
39934061,0
53337120,0
22337740,0
13004421,0
28179150,0
47439251,0
56557030,0
34062611,0
21816010,0
40901661,0
25803430,0
12633950,0
36588121,0
32639570,0
34783911,0
27174830,0
31715981,0
49563340,0
50976881,0
62214680,0
26831201,0
24941901,0
31598570,0
14414410,0
46324290,0
21612860,0
49359790,0
22589570,0
30439670,0
50632340,0
49429180,0
26491070,0
41242430,0
42712850,0
42678981,0
28773321,0
28201801,0
22391820,0
41562940,0
48145730,0
23207730,0
24059350,0
28005610,0
33889350,0
57286330,0
23225640,0
43347581,0
35319680,0
43834380,0
47856130,0
30518970,0
58069581,0
29160830,0
29822780,0
37832210,0
47129440,0
41718770,0
30514221,0
35750350,0
20627651,0
28015580,0
24022790,0
26819280,0
41201020,0
13090680,0
33317601,0
53266551,0
34327691,0
21058750,0
13075930,0
28307930,0
32248290,0
12263941,0
30772241,0
44357370,0
37825280,0
51608531,0
22295700,0
16397941,0
44018510,0
12391801,0
22255181,0
37898851,0
46460850,0
37703680,0
43477651,0
23030531,0
12181550,0
49375390,0
42918521,0
47134871,0
30487010,0
17353090,0
50474410,0
43404261,0
28429201,0
52654740,0
56001541,0
52111231,0
34849930,0
25048050,0
16677231,0
32070011,0
47934300,0
29667350,0
28856860,0
13203271,0
12496560,0
38567840,0
14702400,0
34748591,0
19006130,0
29349190,0
24474350,0
40334841,0
55351281,0
22705331,0
29110310,0
38185451,0
12166660,0
29130661,0
20938180,0
23288390,0
48854521,0
54873240,0
13875590,0
27965691,0
13906870,0
35701601,0
13765660,0
21795221,0
47004200,0
28691760,0
37230060,0
45415471,0
35210211,0
39988620,0
49776341,0
23367170,0
29476391,0
14959710,0
34260070,0
24217031,0
28871480,0
27815621,0
28192121,0
29418010,0
57747001,0
41013320,0
36823890,0
32491990,0
39144450,0
51600510,0
54153850,0
56733120,0
25706020,0
50941430,0
23413360,0
12909251,0
15887220,0
12041610,0
39912951,0
27187920,0
21868331,0
26960821,0
29855900,0
15446290,0
51932890,0
49215410,0
36388630,0
32184330,0
45775171,0
40456440,0
49075690,0
49098481,0
34685571,0
34170611,0
30178340,0
41510291,0
13177610,0
28423271,0
32254110,0
46167121,0
30997990,0
41171380,0
52207771,0
29751770,0
62117860,0
21335120,0
40868940,0
12491091,0
49999880,0
26325670,0
30966431,0
45248891,0
45665340,0
56038641,0
31445380,0
28714660,0
23027340,0
21714141,0
29987350,0
44285121,0
12542381,0
47442800,0
32362790,0
25805360,0
33276511,0
31260710,0
29077261,0
50909980,0
31698191,0
12166380,0
46850710,0
42208230,0
62404521,0
33453000,0
37419321,0
50489310,0
43736890,0
39805941,0
25618740,0
37321531,0
22165121,0
52597521,0
51108160,0
33844851,0
36108930,0
23087221,0
29716501,0
43586471,0
12341830,0
39532940,0
42300360,0
53253680,0
51280560,0
43982961,0
36377620,0
35112711,0
13883341,0
27701830,0
46635741,0
13288651,0
20246301,0
21534270,0
39456181,0
41236900,0
20241030,0
41951430,0
41081350,0
28959980,0
51901730,0
49512470,0
30307481,0
45133041,0
28222331,0
48967621,0
12577831,0
12448461,0
34137070,0
32298691,0
38652541,0
37517251,0
26987690,0
41259131,0
20710240,0
62593430,0
38310360,0
61656830,0
16603670,0
26518350,0
32599071,0
57911261,0
40523101,0
29529710,0
55619350,0
41424081,0
31863281,0
41001750,0
40212870,0
36643790,0
37914841,0
14987450,0
12998310,0
38014971,0
43693891,0
26523381,0
42034190,0
53608130,0
38151771,0
33989651,0
32296341,0
31197400,0
30179290,0
12296341,0
33300610,0
28852731,0
33318660,0
28368890,0
29406051,0
41384231,0
15427400,0
40464751,0
44200150,0
37627670,0
42549020,0
52628411,0
38972730,0
57245370,0
39107411,0
41254010,0
23190880,0
44206890,0
43427800,0
41978651,0
38193800,0
14762390,0
44026941,0
26434271,0
26400990,0
38086681,0
47647330,0
12472741,0
30383430,0
33977180,0
58500711,0
45779390,0
24195470,0
39050011,0
29176991,0
22051471,0
35894210,0
25843041,0
28970230,0
21446400,0
33699081,0
21786900,0
37219600,0
38434801,0
22401210,0
30476271,0
43924331,0
32590651,0
47706941,0
51055900,0
30297941,0
26954071,0
46440341,0
35157620,0
36558540,0
29886230,0
24273540,0
31804370,0
15878910,0
27986501,0
32549510,0
12576260,0
22110590,0
49028520,0
30623410,0
22402321,0
34076760,0
16367710,0
13476740,0
26322431,0
21950630,0
28086221,0
28717851,0
53224310,0
38474381,0
40994710,0
43322911,0
49646650,0
14963590,0
32049150,0
41232630,0
41134160,0
40730040,0
26667450,0
33729821,0
24181981,0
46523320,0
31595331,0
27923751,0
62285771,0
54867591,0
34060640,0
40214161,0
50651250,0
32015541,0
22129271,0
47638190,0
27186690,0
27973770,0
41166020,0
46516051,0
55341290,0
36330570,0
20696440,0
27844181,0
48921421,0
28772460,0
53765490,0
14564730,0
21091471,0
22578540,0
46147330,0
31803151,0
52240850,0
27923170,0
21661581,0
12327920,0
26821671,0
30299860,0
38835441,0
50667240,0
23990800,0
12143121,0
47882160,0
12034260,0
33034191,0
22862390,0
28696980,0
41066160,0
13031930,0
35249651,0
31048160,0
45422391,0
30623171,0
11934840,0
34561731,0
15173340,0
42230051,0
32103411,0
42801991,0
52942290,0
60445930,0
13147571,0
47103711,0
35045920,0
49570250,0
23027580,0
21852881,0
31672250,0
27608560,0
31739690,0
52150411,0
49720751,0
27242680,0
58746311,0
44626290,0
62861360,0
20946040,0
58426570,0
46178151,0
52670481,0
40980790,0
36602140,0
36378590,0
57966230,0
47898351,0
24139921,0
20223141,0
50110521,0
16497511,0
61391801,0
33457940,0
30189800,0
31211651,0
36346970,0
26658490,0
28039201,0
24223320,0
28211871,0
14312330,0
13654100,0
53206800,0
37685300,0
61750531,0
15558560,0
33043841,0
34655101,0
24167060,0
23962110,0
37977751,0
30343300,0
23836911,0
53190691,0
30998400,0
44443570,0
39657340,0
51834800,0
32181881,0
33912001,0
24442030,0
23740951,0
27446120,0
31220191,0
39392410,0
32610801,0
47113700,0
57974240,0
27814101,0
49112831,0
50438420,0
51637740,0
34698480,0
44986711,0
23523461,0
28235530,0
45954810,0
28843740,0
47493311,0
23615260,0
12793141,0
45689941,0
42315920,0
35181910,0
62402270,0
57365620,0
44558191,0
57724111,0
23621050,0
20581000,0
32848350,0
31823510,0
27974880,0
45642290,0
54387600,0
35273210,0
35078091,0
29844040,0
23320540,0
44430170,0
29077900,0
37605460,0
49138501,0
51045721,0
43087850,0
48976581,0
23988631,0
28501590,0
38889750,0
40889630,0
45548550,0
51931251,0
27991010,0
27601861,0
39357571,0
27947690,0
43350850,0
31534791,0
28194061,0
37621310,0
12288621,0
39486791,0
39654480,0
45286880,0
20333570,0
40204750,0
52862341,0
47353591,0
51060450,0
22166771,0
62612030,0
27182731,0
41323951,0
43214750,0
44555280,0
29833550,0
20616211,0
32292310,0
22430761,0
24067870,0
62469591,0
23096980,0
22289371,0
45172010,0
43065380,0
33004941,0
15259260,0
28162341,0
44615380,0
53834771,0
35739740,0
22293630,0
39069830,0
29977441,0
25564171,0
29107761,0
38883650,0
13698131,0
20589820,0
32336300,0
36934920,0
35108691,0
38665531,0
37678010,0
38104860,0
47788171,0
53752141,0
49888871,0
29532531,0
32965931,0
30788641,0
37657200,0
53439860,0
50778021,0
26760260,0
25984521,0
23029851,0
35077740,0
48924820,0
31583820,0
15908860,0
50811620,0
29879070,0
12404331,0
51862581,0
30796101,0
47261761,0
25888070,0
12999181,0
46469510,0
42775231,0
41199540,0
26489400,0
44348441,0
21708330,0
36979070,0
40268631,0
12602801,0
48357430,0
13423470,0
51310480,0
53434401,0
58210630,0
39643840,0
55408890,0
44792340,0
35218870,0
52627471,0
41032401,0
12828861,0
25900780,0
53803171,0
30962240,0
38110670,0
49409290,0
29693020,0
29445091,0
27250581,0
50105640,0
21390991,0
41991321,0
41192750,0
26975871,0
37659100,0
46597691,0
15145811,0
47420621,0
12143360,0
29428340,0
43130040,0
37553620,0
11836770,0
30858520,0
38018800,0
27832670,0
26699761,0
22810161,0
58711820,0
47640020,0
22683370,0
48978521,0
32220010,0
27400340,0
58689590,0
16447670,0
27254000,0
44910701,0
12784021,0
28125080,0
35008581,0
54569950,0
44726420,0
28140681,0
13036800,0
29092021,0
37878930,0
58178220,0
36284851,0
21795050,0
28118430,0
53278821,0
32786190,0
13594900,0
51938581,0
38332171,0
41366700,0
14056920,0
13427111,0
35346560,0
47793940,0
28033941,0
39712141,0
43263731,0
40231900,0
61560300,0
27982610,0
23150381,0
41971201,0
55119861,0
47864510,0
22992310,0
22373791,0
45169591,0
28410731,0
25780080,0
37823261,0
41305180,0
39441240,0
28828030,0
16454870,0
12994310,0
39609411,0
47304511,0
36251560,0
26831990,0
37716500,0
13741851,0
28716460,0
49932680,0
15384411,0
25727270,0
43355400,0
11858970,0
41108360,0
23677091,0
12194000,0
29089121,0
38268201,0
36632900,0
33497591,0
41021330,0
52219060,0
27582770,0
54015841,0
27446380,0
61992360,0
35470451,0
20568901,0
14701980,0
60986440,0
43623650,0
20426861,0
11981850,0
29811470,0
11704161,0
37759930,0
62306970,0
40937770,0
34792741,0
40957190,0
49595760,0
52518911,0
23973171,0
36495100,0
42561201,0
23861611,0
31742840,0
46146810,0
44853051,0
38864630,0
36804621,0
25752370,0
48109651,0
20601940,0
46144710,0
58538891,0
45669470,0
16285121,0
32335040,0
27258400,0
23234740,0
32280300,0
61147151,0
15924600,0
29953721,0
36398850,0
16729211,0
38416591,0
25467170,0
14072711,0
15668511,0
26248081,0
31024201,0
11685801,0
21435681,0
24379491,0
37309510,0
36125391,0
25067261,0
39069611,0
62339151,0
39357581,0
11876900,0
21552880,0
26961870,0
24289301,0
36107211,0
38281981,0
28048100,0
22693290,0
50198480,0
37601580,0
48300210,0
41141170,0
26496690,0
41876940,0
16656350,0
32598480,0
42587531,0
48346301,0
49165870,0
51934930,0
46140761,0
23685330,0
56564330,0
39081761,0
30191310,0
47684430,0
49854800,0
20449970,0
41564700,0
30200461,0
57601190,0
24203091,0
22818500,0
50270430,0
39474630,0
42277620,0
39184040,0
57773430,0
25893180,0
48606541,0
16282340,0
26242240,0
22438860,0
26844161,0
43834851,0
51189561,0
46742850,0
28829981,0
45067630,0
24352560,0
22018190,0
21718421,0
27466520,0
39507020,0
26866781,0
23785471,0
49750120,0
46992770,0
61812451,0
36717201,0
22855651,0
13657561,0
15291991,0
22968901,0
62406670,0
26344901,0
48940301,0
28073401,0
22842851,0
13443111,0
31096901,0
30670850,0
26802740,0
35704170,0
27128941,0
40475381,0
41874050,0
21955750,0
22006651,0
26968001,0
27487121,0
53208050,0
31084450,0
11819851,0
38720831,0
50619650,0
32938621,0
45710191,0
43722530,0
36723520,0
31994171,0
27476990,0
39829470,0
44121011,0
27959741,0
49457201,0
36935531,0
15325070,0
27099021,0
29119000,0
57829280,0
27236080,0
30032690,0
29027160,0
27050010,0
33369570,0
37447041,0
24027470,0
40938030,0
47442930,0
29139071,0
56164151,0
27297050,0
42756570,0
18502391,0
17114930,0
27070010,0
40774101,0
51052700,0
21430871,0
14920570,0
20278410,0
15224831,0
24721470,0
39660841,0
29904440,0
34453311,0
32669770,0
23725860,0
30274111,0
41455801,0
46212061,0
15304120,0
14951720,0
25969310,0
12229990,0
23755571,0
31957631,0
12640140,0
37489480,0
45533951,0
49767350,0
41648580,0
58124591,0
40550961,0
32650070,0
47468830,0
62170621,0
58341090,0
23624630,0
21104660,0
62312080,0
21053620,0
29520500,0
42160971,0
35776901,0
29875661,0
33251961,0
52787041,0
42044680,0
45232160,0
30287580,0
13184910,0
27990351,0
36727941,0
40299381,0
47155080,0
40384720,0
24207931,0
29035331,0
35082921,0
21589041,0
27035851,0
40516280,0
29651541,0
32900900,0
55298950,0
48674790,0
49537901,0
50215591,0
44844340,0
40736851,0
22548531,0
49890961,0
13478790,0
44762430,0
41085590,0
23643571,0
32699601,0
44894581,0
25742980,0
30402351,0
11779810,0
50071300,0
56708060,0
27895771,0
21514820,0
35450530,0
40669940,0
32669801,0
12395630,0
29399151,0
22246341,0
47258721,0
33559870,0
43034811,0
30189691,0
45245291,0
28188900,0
42324271,0
42164080,0
36524770,0
49621990,0
32279470,0
47309540,0
23229770,0
32826061,0
38603461,0
27968400,0
57903661,0
11988890,0
33648140,0
39652670,0
47438780,0
51135351,0
29695490,0
29801280,0
16556760,0
33419941,0
30347010,0
38764780,0
31018940,0
34741940,0
27194020,0
24163860,0
26725650,0
12378250,0
40538080,0
34964701,0
27931840,0
11825210,0
41023700,0
11843700,0
45587030,0
47535060,0
27499101,0
21798780,0
24267511,0
50042760,0
40938730,0
15255331,0
28785950,0
37945700,0
52460311,0
26871181,0
31238200,0
23166671,0
56103041,0
49372060,0
24576680,0
37948361,0
28187670,0
27991030,0
21776310,0
13718381,0
38002141,0
25425400,0
16253671,0
53605770,0
42604101,0
49738770,0
11753910,0
44671960,0
22457030,0
38326220,0
24055371,0
26696581,0
48666660,0
23691950,0
33012090,0
34349830,0
35270321,0
25542620,0
37876860,0
45910591,0
53371600,0
13266940,0
27055380,0
31970110,0
11995960,0
46750050,0
48930740,0
30424971,0
28970360,0
11747710,0
36882711,0
30076321,0
54494900,0
48008141,0
26455801,0
16572531,0
21711180,0
48662250,0
43598280,0
22984410,0
15126760,0
26345820,0
32324040,0
34278171,0
45182671,0
35255011,0
58473200,0
57363051,0
14221030,0
22591551,0
23967111,0
22424930,0
27768321,0
21459370,0
40807450,0
43953290,0
27219540,0
55262871,0
54258680,0
37173400,0
41032011,0
45383351,0
54261741,0
51112160,0
15030651,0
30847831,0
12691290,0
44608790,0
39712400,0
58226750,0
14394051,0
24171241,0
31756831,0
33571200,0
51021110,0
53222360,0
41144930,0
13202560,0
33729380,0
37956491,0
58313380,0
55179800,0
40729510,0
53000641,0
45490911,0
51210330,0
35682390,0
31390781,0
29568750,0
11893521,0
37719851,0
34532880,0
28079461,0
50846001,0
26653021,0
23943391,0
46614521,0
51238671,0
37178190,0
53664851,0
44332970,0
30471881,0
42768580,0
15768860,0
24224270,0
31021461,0
49299790,0
49286410,0
35316220,0
57705341,0
29523680,0
30977400,0
27721141,0
41655060,0
41492170,0
34382960,0
47570070,0
15321350,0
22671220,0
42532771,0
40936910,0
23984911,0
31607850,0
44263710,0
30500841,0
43423390,0
31332270,0
23057800,0
54387880,0
54898361,0
53358240,0
32699020,0
24064290,0
15214600,0
23702171,0
33335470,0
54552150,0
29208790,0
39165020,0
28133780,0
33268890,0
29107860,0
45113601,0
32614111,0
13000900,0
29487581,0
28047311,0
38183870,0
37164820,0
28707340,0
21729550,0
24032491,0
37896740,0
45235351,0
31017191,0
32586801,0
35232930,0
34193740,0
40773691,0
12443600,0
46518391,0
56902671,0
23461620,0
45166131,0
33554100,0
12149020,0
32867810,0
48963860,0
38281500,0
13061340,0
24232400,0
26503040,0
47234690,0
20458851,0
42194201,0
36523711,0
28071270,0
36061210,0
54937791,0
43795411,0
41767361,0
24047261,0
25755331,0
28323530,0
27937141,0
22843350,0
45565910,0
41791310,0
20907430,0
35019160,0
21312930,0
41316730,0
55863570,0
12686500,0
23301941,0
21987440,0
16689050,0
56126740,0
48281020,0
15921550,0
25954280,0
39927830,0
12759290,0
51071590,0
36959231,0
44348861,0
38077441,0
28071741,0
32807390,0
44905420,0
52331990,0
33451490,0
44129120,0
49584460,0
41323401,0
16179481,0
52236450,0
32238390,0
53295210,0
46149970,0
48445820,0
14529611,0
42972280,0
38236181,0
31203371,0
25988610,0
21237590,0
34160111,0
29793010,0
46822160,0
31694191,0
40812550,0
56069111,0
56107680,0
25772161,0
42733550,0
26960431,0
39571061,0
30046780,0
26358910,0
29142791,0
51582850,0
49901670,0
22928201,0
47097361,0
28245040,0
33609370,0
57281090,0
52623430,0
14106470,0
12790740,0
28097671,0
21233760,0
30730570,0
42868310,0
41212070,0
13988110,0
23162671,0
57519841,0
28476080,0
62298690,0
36903460,0
38065461,0
28286310,0
55870101,0
27613940,0
28638950,0
23187010,0
29806981,0
25998540,0
22126241,0
61161050,0
33884230,0
29437890,0
26490630,0
28306170,0
35109190,0
53831881,0
37682990,0
26487480,0
21171940,0
40961760,0
27227370,0
40463450,0
56755880,0
39576591,0
51907541,0
23340120,0
30982230,0
46590590,0
36759661,0
46894730,0
49210970,0
51312711,0
27440631,0
48238051,0
61117720,0
26604300,0
29571021,0
29847381,0
62153501,0
50929840,0
48913500,0
34019010,0
15714380,0
46334760,0
31645101,0
36251861,0
57223720,0
49754981,0
52170531,0
61057911,0
21627801,0
24122500,0
25555560,0
49347561,0
22807111,0
53244860,0
57141411,0
26615221,0
27166130,0
21629540,0
38206681,0
53411760,0
37906790,0
39490661,0
22283830,0
31095651,0
47082331,0
21350950,0
37525880,0
33402260,0
40045371,0
41259821,0
12712670,0
52855790,0
34217880,0
53160200,0
39264170,0
27870470,0
32975380,0
43150241,0
13511371,0
43426040,0
31028160,0
51076041,0
29077920,0
26442110,0
28298580,0
27400730,0
26982751,0
61262171,0
20653260,0
30864661,0
20361410,0
54752390,0
23674191,0
32812271,0
51138480,0
51702201,0
24103320,0
39719420,0
35744061,0
30582331,0
20315650,0
11813740,0
24695390,0
42195830,0
41634370,0
13627310,0
27439910,0
39074161,0
29314560,0
24081280,0
41002040,0
52275850,0
27253631,0
35042180,0
41178601,0
30658550,0
46289041,0
53371361,0
49769021,0
38975630,0
23137551,0
39859721,0
51946721,0
43052441,0
51992361,0
27635310,0
49585051,0
15699780,0
32947800,0
38705111,0
47047370,0
15668880,0
21992721,0
36382310,0
41863891,0
53861610,0
31791130,0
29747510,0
37341681,0
57270720,0
35136151,0
61709431,0
13378940,0
41727470,0
29370860,0
41031400,0
23058790,0
32297991,0
44165680,0
32473691,0
62106690,0
57578311,0
43229900,0
29718260,0
36417730,0
42590171,0
29033390,0
34355910,0
27950870,0
48187660,0
27740540,0
13258181,0
39598501,0
21728331,0
44352790,0
12659771,0
45976890,0
22330970,0
15011720,0
26898320,0
40788581,0
42962920,0
46874460,0
52482590,0
47636280,0
27509721,0
31829501,0
28467080,0
14763590,0
13567060,0
34186051,0
47781780,0
29700070,0
48236920,0
13847160,0
31233520,0
31472410,0
31812821,0
30286610,0
44498481,0
39997030,0
22924460,0
54178290,0
34864441,0
61765681,0
61682251,0
27027010,0
47273290,0
27402561,0
21538960,0
48751921,0
48300381,0
40938341,0
41138420,0
28591930,0
24185291,0
33971420,0
40273830,0
26818590,0
38540650,0
34717021,0
27386670,0
37963330,0
33658401,0
53191640,0
56206331,0
28021360,0
54204661,0
35700491,0
39120860,0
54396201,0
29398491,0
28002300,0
16454150,0
15813611,0
36694591,0
37825351,0
44464411,0
41852451,0
31648260,0
61798460,0
43572470,0
45258920,0
38073150,0
50209640,0
41484580,0
23835620,0
24902441,0
44393760,0
14168790,0
25708141,0
35376101,0
38863021,0
20877090,0
29921540,0
44954250,0
42573550,0
29796600,0
35069661,0
46226520,0
51912900,0
33097840,0
15444090,0
16262190,0
51008860,0
21663080,0
39786201,0
15680511,0
27253010,0
39881350,0
15225780,0
15189360,0
11839680,0
27783740,0
41032510,0
38986601,0
16237080,0
15376920,0
25998331,0
14694431,0
20187100,0
29346730,0
45024641,0
49317300,0
13519511,0
27426680,0
37249520,0
23093981,0
28498680,0
44634990,0
37857580,0
35103321,0
56598991,0
55384091,0
41764840,0
38406870,0
47966180,0
53941190,0
56178501,0
41973421,0
27231701,0
27126000,0
37594590,0
30044741,0
11977781,0
36192950,0
41049371,0
26291951,0
12284511,0
22432920,0
34544710,0
27155660,0
57337661,0
15644740,0
41445990,0
15180240,0
32956510,0
29535540,0
49757670,0
55372781,0
42899730,0
14898910,0
12497940,0
14795450,0
28714421,0
11702170,0
41225730,0
61263210,0
46106940,0
40034440,0
46065051,0
38753911,0
13690380,0
15633150,0
25850570,0
31198391,0
36575981,0
27233020,0
35581601,0
22032400,0
41337631,0
25707430,0
38152290,0
51676080,0
13991720,0
39906440,0
31038950,0
40139520,0
42635610,0
32839571,0
34056121,0
25318790,0
48685120,0
39653080,0
32796520,0
62154891,0
55155370,0
34083270,0
37062500,0
38347761,0
41452351,0
32616540,0
27174680,0
14339670,0
54485260,0
56306980,0
39505431,0
53145960,0
48149590,0
41108480,0
14984680,0
44311850,0
40459791,0
37253961,0
38101321,0
31266770,0
26130601,0
51683920,0
32742491,0
31011391,0
30644480,0
29889181,0
38097840,0
44504421,0
44831090,0
27991270,0
29201770,0
30672391,0
15386550,0
29899760,0
23829450,0
38654730,0
38615670,0
49376671,0
33266390,0
30232991,0
36083010,0
37704610,0
43683530,0
28214191,0
52255990,0
33949760,0
38320871,0
42917861,0
37941181,0
29367110,0
30532281,0
24706621,0
46531221,0
41921360,0
42463950,0
41962750,0
31005400,0
22340670,0
13339490,0
40188060,0
39464820,0
42956990,0
35115690,0
27126140,0
22478321,0
37551441,0
15406550,0
33408980,0
41218410,0
27454090,0
38044450,0
55061501,0
30898530,0
23963650,0
37430020,0
27969111,0
54928410,0
53187470,0
44913840,0
43086180,0
28729161,0
26928421,0
29213121,0
41018040,0
25956100,0
48225060,0
44387280,0
39953310,0
41728280,0
53140870,0
23787551,0
27691030,0
49626100,0
12152050,0
23105431,0
33539620,0
26772110,0
31857720,0
41106010,0
35175451,0
40261850,0
23017250,0
58548421,0
30826851,0
32053881,0
38250131,0
50786281,0
16339591,0
24073451,0
23451881,0
29134480,0
41482520,0
28224681,0
40112180,0
38568250,0
37565661,0
22959371,0
34180640,0
49547630,0
15434170,0
49570270,0
15946630,0
12490380,0
41816440,0
27557000,0
11979421,0
46944240,0
27638370,0
23763260,0
14588511,0
16083340,0
48663911,0
50951060,0
52632100,0
21890920,0
24476810,0
39885890,0
11918461,0
23994971,0
29037100,0
29609361,0
41776540,0
13789780,0
16284800,0
30810591,0
40578661,0
39187671,0
49497010,0
12746470,0
46631980,0
34518851,0
36780101,0
43093821,0
47103950,0
27267240,0
46584540,0
26355740,0
15674280,0
35704730,0
28594861,0
22931480,0
46748800,0
40006840,0
51211190,0
42936451,0
14588480,0
29394170,0
29739350,0
34735890,0
19684280,0
58371410,0
56726680,0
34106560,0
29043740,0
29201951,0
26824100,0
38477760,0
23031590,0
31218770,0
15705201,0
33587631,0
12154260,0
45164300,0
37825481,0
34244101,0
36142330,0
28922210,0
28237460,0
42349450,0
43238060,0
32329451,0
54849391,0
40753541,0
48476620,0
33172750,0
48514370,0
29452551,0
27697370,0
39911291,0
30372851,0
34167390,0
43166730,0
49220350,0
20297870,0
42319281,0
13992940,0
47764311,0
14309651,0
25893190,0
12682880,0
41909100,0
36685440,0
33536000,0
31094961,0
46274090,0
48240951,0
36483670,0
13453560,0
21596050,0
16096290,0
15246091,0
28123830,0
27972721,0
34088080,0
29361921,0
26672120,0
23675670,0
30266340,0
45166121,0
15919511,0
50789481,0
30673340,0
40597260,0
23496640,0
28402191,0
30837300,0
42888130,0
16163430,0
46354391,0
25473220,0
46277000,0
32948411,0
12849330,0
13840950,0
37852101,0
23702741,0
14955600,0
29351591,0
27506571,0
24068361,0
30639711,0
31054950,0
34300610,0
46562480,0
14318130,0
12575761,0
47160620,0
20188651,0
47794480,0
50755811,0
54152180,0
21628921,0
25845511,0
39626781,0
21555660,0
31636110,0
43032540,0
40712250,0
25768851,0
48708820,0
12325130,0
43394211,0
49765430,0
44678440,0
33941101,0
37973030,0
51134241,0
40958570,0
33012630,0
26898440,0
21675910,0
36846961,0
25969330,0
13611350,0
28147041,0
22246190,0
41598011,0
30279751,0
51988351,0
46327320,0
32673780,0
30195471,0
26913200,0
46482880,0
26148801,0
15995101,0
46987940,0
21538540,0
27715050,0
29425190,0
34271810,0
52161520,0
39816770,0
11739140,0
16087430,0
29949010,0
28432600,0
26974710,0
52800650,0
35694910,0
23142920,0
62157580,0
43951350,0
44757481,0
27176261,0
22090340,0
14267550,0
28987980,0
51795271,0
26796820,0
44238190,0
23187310,0
29910110,0
39464260,0
57231560,0
39286900,0
32619901,0
26471101,0
41247831,0
24167590,0
26855720,0
58776900,0
13653680,0
28755200,0
51590730,0
57923220,0
51936651,0
23790400,0
13069190,0
30420011,0
45890290,0
41194030,0
48164271,0
12942481,0
30157500,0
32237250,0
43552360,0
15308390,0
43959190,0
27034460,0
28135140,0
11703280,0
35804611,0
48949551,0
39875181,0
24018390,0
23028710,0
16209360,0
33848301,0
26966730,0
38389981,0
50129001,0
13340890,0
40559190,0
41539220,0
40543791,0
48197190,0
46151661,0
51608480,0
26861271,0
27509461,0
16670840,0
36406071,0
35076110,0
36466840,0
22449720,0
27957271,0
27017931,0
13578821,0
13480341,0
32307931,0
33659170,0
13956650,0
30266310,0
47714241,0
51976590,0
46040760,0
29285671,0
42795340,0
49784580,0
49683370,0
40225461,0
21978750,0
29366160,0
48641321,0
44229930,0
48358260,0
51223751,0
29377460,0
43699261,0
49583531,0
61221980,0
54704591,0
53176300,0
11763160,0
27879730,0
15153801,0
15263670,0
29238300,0
29548661,0
30215040,0
11884920,0
13269331,0
13267401,0
28736860,0
35090641,0
31983910,0
42820611,0
37947801,0
12261400,0
15841810,0
27308060,0
61839611,0
29945400,0
48710490,0
25905631,0
40250130,0
15935091,0
56547620,0
24091490,0
56556101,0
31674710,0
38579451,0
49772891,0
24054920,0
12817890,0
25718310,0
37714051,0
61661950,0
49985940,0
29030330,0
38334811,0
40139411,0
40659980,0
47378380,0
40381010,0
50069271,0
25884121,0
39619560,0
48715030,0
55313330,0
33038031,0
29649071,0
23990790,0
35315571,0
38721641,0
50971600,0
23500821,0
30686840,0
12455880,0
12662460,0
36140301,0
23197131,0
41835470,0
53754641,0
29595701,0
48993220,0
46191880,0
39408540,0
54297550,0
23955210,0
27487791,0
30701361,0
36177200,0
45246770,0
16118661,0
13413970,0
33448460,0
44515420,0
46143521,0
44300841,0
28682291,0
47163131,0
42887511,0
16159201,0
36555551,0
39670081,0
31809190,0
15354020,0
27156360,0
46610630,0
55283421,0
35111130,0
21533730,0
40729131,0
47498940,0
32621070,0
11924200,0
35073241,0
29469300,0
46978440,0
29810790,0
48202840,0
38360601,0
44559861,0
44504151,0
50002610,0
36313511,0
22855780,0
30206200,0
54830030,0
21078641,0
15333730,0
39975380,0
29884880,0
36698280,0
49626571,0
28106201,0
27508840,0
13177170,0
40102250,0
27478790,0
40759020,0
29065271,0
11817641,0
23800760,0
46136651,0
26110530,0
30059371,0
42446420,0
36414970,0
13648481,0
42524931,0
39811991,0
26789001,0
32189861,0
21095731,0
46992500,0
35940191,0
31760760,0
32988521,0
13150300,0
15394030,0
44979961,0
30494440,0
41287510,0
36239181,0
42493010,0
29162310,0
28121801,0
27862320,0
32368550,0
27334690,0
39868250,0
38282900,0
14502680,0
30710690,0
34291011,0
28857970,0
22689901,0
35989131,0
39922751,0
30617200,0
22883060,0
40630200,0
30969130,0
49539240,0
40276631,0
34755450,0
23025711,0
53238920,0
49085811,0
28577751,0
13816550,0
61915341,0
45565340,0
26278301,0
39778430,0
14512760,0
15948901,0
32061891,0
45570590,0
46080350,0
49525191,0
44780780,0
13616560,0
28637871,0
33904250,0
24665360,0
36483861,0
57710660,0
14176640,0
12150591,0
20479190,0
33057460,0
38286330,0
49628361,0
52251211,0
55249300,0
15074760,0
55738930,0
14999631,0
34178191,0
30997570,0
43730140,0
47415781,0
22873830,0
41426510,0
37472291,0
58675550,0
38173311,0
38326050,0
15872040,0
35165121,0
52016221,0
40973511,0
31225031,0
42849861,0
24833361,0
32793251,0
20391681,0
50083891,0
38825771,0
27924041,0
38707950,0
36525091,0
29958760,0
31022701,0
36277941,0
30147330,0
49704460,0
20841910,0
30606980,0
36456070,0
32329581,0
24675301,0
41003550,0
14313781,0
24065311,0
41376040,0
44376780,0
37594321,0
36310720,0
27021801,0
43021961,0
36806100,0
40946201,0
29554181,0
14181391,0
40763720,0
31738000,0
34353830,0
27696191,0
16682461,0
40644721,0
27797090,0
12641650,0
14035850,0
46185970,0
42701441,0
20549171,0
49728300,0
36902411,0
49034241,0
13691470,0
24076320,0
39818221,0
40232760,0
58277520,0
31842751,0
40995540,0
39223900,0
47297611,0
44283461,0
28096650,0
15255881,0
22525231,0
39978020,0
52951291,0
20280770,0
34336241,0
34238810,0
34758230,0
39463740,0
28692071,0
42935631,0
15283960,0
31670081,0
14306980,0
15827531,0
29688470,0
56180630,0
21496330,0
13242960,0
16657750,0
37680381,0
33408040,0
32136450,0
11832070,0
54681711,0
13264941,0
13704150,0
37778161,0
23426610,0
38252041,0
26955540,0
63105880,0
21627271,0
33321881,0
17563130,0
23966141,0
34892871,0
28603630,0
37588541,0
44710000,0
31576090,0
44526600,0
41009320,0
32190220,0
14049801,0
47860031,0
37303761,0
38647461,0
23029400,0
16132850,0
31197540,0
36613071,0
26976120,0
53479330,0
32393660,0
37544490,0
27082570,0
28211420,0
36813020,0
38390630,0
28443821,0
41953961,0
54300060,0
29142330,0
45281090,0
23462590,0
29636770,0
30483991,0
39148631,0
62218300,0
45374231,0
12597670,0
13027120,0
22505501,0
43312240,0
56860140,0
38228960,0
49445081,0
20431801,0
34374000,0
54166540,0
26012661,0
23346330,0
28404200,0
12716431,0
62643511,0
47425960,0
42546031,0
15684170,0
50138040,0
16395980,0
14983501,0
32238650,0
45302220,0
34616901,0
24251361,0
26999991,0
33485280,0
27754271,0
30043610,0
37494341,0
27999160,0
29131030,0
37997300,0
27974210,0
27299630,0
28534701,0
24096170,0
30101431,0
27987410,0
23053240,0
39588940,0
32136880,0
28534930,0
32115951,0
45549910,0
42364671,0
26474660,0
45372940,0
29089210,0
48972000,0
48319370,0
36996341,0
15309641,0
38871431,0
12673230,0
33230520,0
27213180,0
44555161,0
42502830,0
37957860,0
53252351,0
48974371,0
35585560,0
32473291,0
28480661,0
31549350,0
43015631,0
50775401,0
23815681,0
38959141,0
26975000,0
14108841,0
22226890,0
21615620,0
34214041,0
48148531,0
32624530,0
36450850,0
26392631,0
27548471,0
49066890,0
21527510,0
41147120,0
55331971,0
39607870,0
29954530,0
47243391,0
46988401,0
27279650,0
49472111,0
39333011,0
54248241,0
20553861,0
31968200,0
27361331,0
29034610,0
21585990,0
33432010,0
23151170,0
51199990,0
32509500,0
21609440,0
15260370,0
28801410,0
13790381,0
44127850,0
23028331,0
38372970,0
16259461,0
16537470,0
24561340,0
36176800,0
47302581,0
47081481,0
50755350,0
16647380,0
24272120,0
23164670,0
37762420,0
30898861,0
44640780,0
13989610,0
57353760,0
33550100,0
25912281,0
35591370,0
28007310,0
35886930,0
61266561,0
13069101,0
22866131,0
24828941,0
40719850,0
40592201,0
51380701,0
30315331,0
13506530,0
38014561,0
31293400,0
29011310,0
41029870,0
35011881,0
14429621,0
27441560,0
30090360,0
39404310,0
26440160,0
20514800,0
37223020,0
35763791,0
22165541,0
54981760,0
35308111,0
34334820,0
29923870,0
25882901,0
36835080,0
57078241,0
47544040,0
49784590,0
44875551,0
34702821,0
33997941,0
25976630,0
33982980,0
21010071,0
12531320,0
16219341,0
15499800,0
49231431,0
41135660,0
29096280,0
23258651,0
36972150,0
29969540,0
12494681,0
31658430,0
47995830,0
16516530,0
29630010,0
33672461,0
33812130,0
38987350,0
29572330,0
40903580,0
28952260,0
49245661,0
12793060,0
50093811,0
30363830,0
45114640,0
22244820,0
34126140,0
22711080,0
18184740,0
22260950,0
39808260,0
34088691,0
16331840,0
22083710,0
43899791,0
28006750,0
37496831,0
27982860,0
37111440,0
14196961,0
49661280,0
44601870,0
13411531,0
21422250,0
27058040,0
16542071,0
13086321,0
14073480,0
16130900,0
26803290,0
37454440,0
38377090,0
48695490,0
15655210,0
38303200,0
39038031,0
23738290,0
39118421,0
14944031,0
49724150,0
62118420,0
30187221,0
35178901,0
42608771,0
14238850,0
22747230,0
46448871,0
47130950,0
42323400,0
39505790,0
45786030,0
48931140,0
28622820,0
23843250,0
49960990,0
16609720,0
27835160,0
54466080,0
53253250,0
15298320,0
29770291,0
38434661,0
60975841,0
20086871,0
38663451,0
31365551,0
49213760,0
44401681,0
45015791,0
13909281,0
23695161,0
12041600,0
21324510,0
41964560,0
33661390,0
34108370,0
16106360,0
24006551,0
27439200,0
26750791,0
49992191,0
28021121,0
44370351,0
28237450,0
44857980,0
30193151,0
16120020,0
38379211,0
24186961,0
46969480,0
29430270,0
33894211,0
31189581,0
40044900,0
40635980,0
39332491,0
51136540,0
36282081,0
28986791,0
39528010,0
56300811,0
38294391,0
26471221,0
26610470,0
26762791,0
39375631,0
32932910,0
11791601,0
51401210,0
33923810,0
58378231,0
44083740,0
14138700,0
36134490,0
16307741,0
26667710,0
23669081,0
47247261,0
31007210,0
22075450,0
20353310,0
29196011,0
30790031,0
28032561,0
43301900,0
24194760,0
41083830,0
24022971,0
34098601,0
27698240,0
16478061,0
23725751,0
27568710,0
30143361,0
31853880,0
55392590,0
33032360,0
13835611,0
22962650,0
44786970,0
11995831,0
27825681,0
47782070,0
28765960,0
42302601,0
22750810,0
52493531,0
51623390,0
46620301,0
40525130,0
46103760,0
36357890,0
47637421,0
23592801,0
22420100,0
38340000,0
55194550,0
43726390,0
33530121,0
41472890,0
29640900,0
46934300,0
25883800,0
29454560,0
31642771,0
39637660,0
36846780,0
30857461,0
31232990,0
15159741,0
12127640,0
30572110,0
22549211,0
52508950,0
46225591,0
44732750,0
30443031,0
44515410,0
29533850,0
34730910,0
23762120,0
35274191,0
35065750,0
31239761,0
22443240,0
32991240,0
29745720,0
14186280,0
27609660,0
33679180,0
23974841,0
39508960,0
34394520,0
34082881,0
15129520,0
46044521,0
27999280,0
15613180,0
45289500,0
27024271,0
22193500,0
29914141,0
33689770,0
33073040,0
26258991,0
41067530,0
23743250,0
22847330,0
37055470,0
38080150,0
45003401,0
15650700,0
42666001,0
57668391,0
27814460,0
44757980,0
28976970,0
26825261,0
22972341,0
40485960,0
58787910,0
50084530,0
46975301,0
41211270,0
28592371,0
61970160,0
42912061,0
39268170,0
51106780,0
42885100,0
29040280,0
39462050,0
27981111,0
31808910,0
41536320,0
22700170,0
27574370,0
39509940,0
49459800,0
28544720,0
57210211,0
34996280,0
37594570,0
34375370,0
30002760,0
14830080,0
21797410,0
31744520,0
52265031,0
37890380,0
22549351,0
47749110,0
30691421,0
23104550,0
61012070,0
58259180,0
26127561,0
23026240,0
15576630,0
32547010,0
48275940,0
51934970,0
23830981,0
45766410,0
13095841,0
23077090,0
35244110,0
44616520,0
26924230,0
50771930,0
50929861,0
36435571,0
52319850,0
22469921,0
23190890,0
27213870,0
28120291,0
14577300,0
45963291,0
41767740,0
33393171,0
21164551,0
41866320,0
49492651,0
31972941,0
50476080,0
37045701,0
12876520,0
39439160,0
34917640,0
35083051,0
44310330,0
40933610,0
42770100,0
21947091,0
35819460,0
15102610,0
37823670,0
23915370,0
43680781,0
40195541,0
30962680,0
28395250,0
36239030,0
25914061,0
22154880,0
22561470,0
26875690,0
50767350,0
12323521,0
38841320,0
49863371,0
28127840,0
40498831,0
46483200,0
39239200,0
44953871,0
39686060,0
23074391,0
36305511,0
35230870,0
14580470,0
16338190,0
43689040,0
26981910,0
21130050,0
29938360,0
30385541,0
12862481,0
36252100,0
40383630,0
29703930,0
42304121,0
21634130,0
36640360,0
16510491,0
45084361,0
23031730,0
27621550,0
37780880,0
40594210,0
32113280,0
21887580,0
35820341,0
30001540,0
49665311,0
35683050,0
42362550,0
41106901,0
50180120,0
42940830,0
23809010,0
56672480,0
42810620,0
37251560,0
40175110,0
30871620,0
62324890,0
40958710,0
38781350,0
27718521,0
23170320,0
54413881,0
23858250,0
15725970,0
37533111,0
31379751,0
13596560,0
33297300,0
27838931,0
41490510,0
45424451,0
32208481,0
45066691,0
56545590,0
37847141,0
23694461,0
13776430,0
21731080,0
21796440,0
44780770,0
22873991,0
26771881,0
40607211,0
27195001,0
27454510,0
28626800,0
43132970,0
28142330,0
15653460,0
51156440,0
42789571,0
45067521,0
26726791,0
23709310,0
20469280,0
12159681,0
13766050,0
28636580,0
27308651,0
13131680,0
49619411,0
27928410,0
34836980,0
52330220,0
29135440,0
35476200,0
37266630,0
34656051,0
15311110,0
31717590,0
33282130,0
32168631,0
23767510,0
43013950,0
28834961,0
35709830,0
55986781,0
29158190,0
49734240,0
16310931,0
41798671,0
50465880,0
22670041,0
22829810,0
42540330,0
12982180,0
34562810,0
27711890,0
29692460,0
14939911,0
57110200,0
45054770,0
46929610,0
49029411,0
20410711,0
21433020,0
52137010,0
26110940,0
27062970,0
26939570,0
20620071,0
25909490,0
40958211,0
15519001,0
39621110,0
27410991,0
15891500,0
41779990,0
52236710,0
46851950,0
21804761,0
28954920,0
26271620,0
58312660,0
40733691,0
43312370,0
47819290,0
30164731,0
20466680,0
43023501,0
14843371,0
22749560,0
40731170,0
14961650,0
26091100,0
40569861,0
32095391,0
41342820,0
40268440,0
42551510,0
46608571,0
61615600,0
22430010,0
32336590,0
37439051,0
35795921,0
41053241,0
47955840,0
38597791,0
31868111,0
16276790,0
39965610,0
45790030,0
42960171,0
50826390,0
48928960,0
47061491,0
27619070,0
11687720,0
40767901,0
52664650,0
16036601,0
33773961,0
40882990,0
46581660,0
27350970,0
41421960,0
21819320,0
36251741,0
22513430,0
11942471,0
21776580,0
40823331,0
23403570,0
30437470,0
29460920,0
51203290,0
31197441,0
27965900,0
22082340,0
31841221,0
40117061,0
35795040,0
41839180,0
44939360,0
42112701,0
13803641,0
14774510,0
30081161,0
53176440,0
27507261,0
38787991,0
47883420,0
29521570,0
40160040,0
28503510,0
28729591,0
45989570,0
58348670,0
27750890,0
38973771,0
56760700,0
33491610,0
41829001,0
49636990,0
44569770,0
49007071,0
47474261,0
41450301,0
44136120,0
17773190,0
34701561,0
33208750,0
49636040,0
36141811,0
39255371,0
43974770,0
47630770,0
15253661,0
24487471,0
13550001,0
21433771,0
16643301,0
32698440,0
27655750,0
45977351,0
42780071,0
21496231,0
23026401,0
36647971,0
32499450,0
38143080,0
53398131,0
43816300,0
20855870,0
47706080,0
16019760,0
57098070,0
15052571,0
16476411,0
16469651,0
26237181,0
41289570,0
14305730,0
38224621,0
13423510,0
44913181,0
51109831,0
44424660,0
58565490,0
45429961,0
27973951,0
24593910,0
29559510,0
22397501,0
14702080,0
29967231,0
13508901,0
32949470,0
52826970,0
13474250,0
43817191,0
26186400,0
40264880,0
25959920,0
37235280,0
29876361,0
19925121,0
41448761,0
53067001,0
22878141,0
45363901,0
50543820,0
57613450,0
35787470,0
45585791,0
27396361,0
47674261,0
33976650,0
38393780,0
31260540,0
30678820,0
33213420,0
45585681,0
53209181,0
28104141,0
36758981,0
31211600,0
52228481,0
52687570,0
42682810,0
13126481,0
30433791,0
30834321,0
46345250,0
40451220,0
46500601,0
47130191,0
31533210,0
31827031,0
54350701,0
51628271,0
30482740,0
37697911,0
22498741,0
22253880,0
43374280,0
44303980,0
27016650,0
13435890,0
27628980,0
44227341,0
47922160,0
50278890,0
26585571,0
32091510,0
24041810,0
43036420,0
40310291,0
29893601,0
25969241,0
39470951,0
49557690,0
23716241,0
13525810,0
12201321,0
23908590,0
47189720,0
38846471,0
28549440,0
25658771,0
31002301,0
40681821,0
30032980,0
13102000,0
31176280,0
23503830,0
13561390,0
33350510,0
20229430,0
38698570,0
51128871,0
21456521,0
15222341,0
42434820,0
50088980,0
25979120,0
34618770,0
51132440,0
53619751,0
43608600,0
45394350,0
12500560,0
31027251,0
34325840,0
50219000,0
47991601,0
22579100,0
40435740,0
24193400,0
44543711,0
45772401,0
51213810,0
39645691,0
32789941,0
39567081,0
48161091,0
43852071,0
44980030,0
53719840,0
31229660,0
16265510,0
18110031,0
14620470,0
37281671,0
28146320,0
39886081,0
41935990,0
46367180,0
20659890,0
27512040,0
33090181,0
29967310,0
15975771,0
32994891,0
40991530,0
21860450,0
21841660,0
54731020,0
45624141,0
51286880,0
29721170,0
51698710,0
36408261,0
49487080,0
16577931,0
27212370,0
36608111,0
44699011,0
44112560,0
11903100,0
47979290,0
41019690,0
12179281,0
27839761,0
27998491,0
50646260,0
31477500,0
53176470,0
38072700,0
46421120,0
44189650,0
22322331,0
54569981,0
21652030,0
22561300,0
36946261,0
13112380,0
54666381,0
25596140,0
40991960,0
28322461,0
50864621,0
40884820,0
41743720,0
30037660,0
41786671,0
15354720,0
52701210,0
35605160,0
35422010,0
41782190,0
16332851,0
61824410,0
40306691,0
57704330,0
40117840,0
22450601,0
35072441,0
31403081,0
50534181,0
29593720,0
48371520,0
14494311,0
30232161,0
54223121,0
32060340,0
35861431,0
15857191,0
45162350,0
36971801,0
20632020,0
16639100,0
20206990,0
40778590,0
14155420,0
25864261,0
57135180,0
38631410,0
31173270,0
42197220,0
32592700,0
23137701,0
36290440,0
26890361,0
24724131,0
28555801,0
15371660,0
32741350,0
38539591,0
25759160,0
26057211,0
38542450,0
32875291,0
41966781,0
50066060,0
29344561,0
45615270,0
25910690,0
13100360,0
16095870,0
22255881,0
16248970,0
29403701,0
31072631,0
33782310,0
21641850,0
50452961,0
55970251,0
20261190,0
48355380,0
39227880,0
26666531,0
38712940,0
57033821,0
16264280,0
32131480,0
43714820,0
47524160,0
25597271,0
30624671,0
30215081,0
26973070,0
12820561,0
33633301,0
20402281,0
20844861,0
15747111,0
46085191,0
32070800,0
49711521,0
39481520,0
53157550,0
49340551,0
34003871,0
20257081,0
42198341,0
38098541,0
21307540,0
53575300,0
32092070,0
30039210,0
21735040,0
45081570,0
53176610,0
45141700,0
28013490,0
37692350,0
39924961,0
44980091,0
16405600,0
21119250,0
46758440,0
50797700,0
13478281,0
34073771,0
23871831,0
48855020,0
40423661,0
27109231,0
23043651,0
23527420,0
16689740,0
28793311,0
38886871,0
27410240,0
56845970,0
49684020,0
50763360,0
30175201,0
41726240,0
38641791,0
14448760,0
27437580,0
53164371,0
30718410,0
41988820,0
27866360,0
37229541,0
37678150,0
20571320,0
50452620,0
42575401,0
29363810,0
38333220,0
34669650,0
15460951,0
44014681,0
36975781,0
24214760,0
41350530,0
31291290,0
56839911,0
12177040,0
22877051,0
43085100,0
34828311,0
16251580,0
26694531,0
44803810,0
15854930,0
27952140,0
27617581,0
39484260,0
15543131,0
13278430,0
49020171,0
33375750,0
34634701,0
42997540,0
36778171,0
45212440,0
29093660,0
13557601,0
33005030,0
36717191,0
20887761,0
40832021,0
12046710,0
43072041,0
15218450,0
37778120,0
35377491,0
28876680,0
26974450,0
14437580,0
29347161,0
39279210,0
43935350,0
37985140,0
32511330,0
24384810,0
25931100,0
50681150,0
36515670,0
30374450,0
36739370,0
27107021,0
31888600,0
40099120,0
12608840,0
42868331,0
44999190,0
37296721,0
35196940,0
46125481,0
26919160,0
21482981,0
31286951,0
20861240,0
22466051,0
24931831,0
36216400,0
30053571,0
41186410,0
13205990,0
25990960,0
12213130,0
13772410,0
22805810,0
28169070,0
21697940,0
15332490,0
26918750,0
33576850,0
27904301,0
14310150,0
31699711,0
26953610,0
29954971,0
34102061,0
41066051,0
53165410,0
14048950,0
25902010,0
27823330,0
37695011,0
41811341,0
27923201,0
46319371,0
28117620,0
40023380,0
24152071,0
27310820,0
32377971,0
27921510,0
23031750,0
13178820,0
56076581,0
15725720,0
15126860,0
24228170,0
40541680,0
15205681,0
40473161,0
22301630,0
23690990,0
40523860,0
22514820,0
15914151,0
54892410,0
44937160,0
39750740,0
50843391,0
43412681,0
22821731,0
30139720,0
15931910,0
22726280,0
44445381,0
45721910,0
35059331,0
21458571,0
32379101,0
26177300,0
43252421,0
15263530,0
38138520,0
27997920,0
29286470,0
49319940,0
22000321,0
36162781,0
42705420,0
12078830,0
42510991,0
47016661,0
22440531,0
25784141,0
16590970,0
29034490,0
34271971,0
29852330,0
43922360,0
34731300,0
35130351,0
36940621,0
32183910,0
14372801,0
20339940,0
46374900,0
38000190,0
28773560,0
46420820,0
27929080,0
30314231,0
29463940,0
54848810,0
29694810,0
31708660,0
38419570,0
48617031,0
39668510,0
38501001,0
57373750,0
42827180,0
47857910,0
14644621,0
42241490,0
57107010,0
52588380,0
22460480,0
34210540,0
25710570,0
29587380,0
15026490,0
45625661,0
48904731,0
27367620,0
28611790,0
22052731,0
50441651,0
22489651,0
35228620,0
26928500,0
28147400,0
45401421,0
13884680,0
31025120,0
13810791,0
43735800,0
44641610,0
40877770,0
28044650,0
37841280,0
57953950,0
23927640,0
12289591,0
29056700,0
38017120,0
36061120,0
25978451,0
45075391,0
36858821,0
31513760,0
22918691,0
13658100,0
39036320,0
32162090,0
39142240,0
46632820,0
42649611,0
30677631,0
11738921,0
41119161,0
39641391,0
28096821,0
32908480,0
37594720,0
24091770,0
14474861,0
42374611,0
36152400,0
54415651,0
25830191,0
32287050,0
41426971,0
35932830,0
40158950,0
34027950,0
44003750,0
39732820,0
23080970,0
14998610,0
23632541,0
54651901,0
22808491,0
11682860,0
29439270,0
47670261,0
25760571,0
24009871,0
20630800,0
32359921,0
16444640,0
26458401,0
50913010,0
25609821,0
35104571,0
14181180,0
43718441,0
37281531,0
22831050,0
46158960,0
44116550,0
51038240,0
23283321,0
36357921,0
11939390,0
38391030,0
37024061,0
30445340,0
29372790,0
30379990,0
46659420,0
43122460,0
14629331,0
23026411,0
52106961,0
23553651,0
16193951,0
21551920,0
41156760,0
15823490,0
38506511,0
43425791,0
28022631,0
24840791,0
24945600,0
36454990,0
34669991,0
47709510,0
32157140,0
38037010,0
41310711,0
45235170,0
31811650,0
41566810,0
31878591,0
16345080,0
12984951,0
44540920,0
49451800,0
43591131,0
26875160,0
35178491,0
22365040,0
40642370,0
45490600,0
26601260,0
15319560,0
35495401,0
11825791,0
44631861,0
28561071,0
41009740,0
26987731,0
33863000,0
40474551,0
35242331,0
13154260,0
48329580,0
27446270,0
30427530,0
30187150,0
35217350,0
27806470,0
44088191,0
22487141,0
31681320,0
32512010,0
52150370,0
37602980,0
21262150,0
31712240,0
39711061,0
53786491,0
31272051,0
40988131,0
33707771,0
20266991,0
14821250,0
40711331,0
14987570,0
22604070,0
46792711,0
54842371,0
34537840,0
50105940,0
40448201,0
22376910,0
46115790,0
31091921,0
54376320,0
48395671,0
26237321,0
30804620,0
29004031,0
23271710,0
46902051,0
13415951,0
30161790,0
15398730,0
43036540,0
37748671,0
36220540,0
45044990,0
34051120,0
27395240,0
49024410,0
29021920,0
36272831,0
32366531,0
34513300,0
47357290,0
28031051,0
13437950,0
54193310,0
24140420,0
36327110,0
41125890,0
30776180,0
38838970,0
34441601,0
16699021,0
25356700,0
31094250,0
50169930,0
33276761,0
21185070,0
35047700,0
12449151,0
29787630,0
52226230,0
56798530,0
37946660,0
36911330,0
26977600,0
29718311,0
13696331,0
34323770,0
35258550,0
38394340,0
28010511,0
16554990,0
22401170,0
42972960,0
12628311,0
32658620,0
30315621,0
32960001,0
24229571,0
36559250,0
46920250,0
21964041,0
28709881,0
52155740,0
42725721,0
31251580,0
32963851,0
43709471,0
38653180,0
33386291,0
52882611,0
12578070,0
47527750,0
31706761,0
47201201,0
33602770,0
42423930,0
36896860,0
33636721,0
31019050,0
30369920,0
50900860,0
22150750,0
23783250,0
37723240,0
39244570,0
14673560,0
28224230,0
37944921,0
34724061,0
27903320,0
35796191,0
33536290,0
46543300,0
44795490,0
36438300,0
30040471,0
35763231,0
32130820,0
12537250,0
15548401,0
13188740,0
15279410,0
30411120,0
34625840,0
30606270,0
45709480,0
16340410,0
27740181,0
33271610,0
42963180,0
22315270,0
25838761,0
40025901,0
31421691,0
33659290,0
38098831,0
15044250,0
29452760,0
50029910,0
36577341,0
29725481,0
41187291,0
50967651,0
26377161,0
27135680,0
20564341,0
15216981,0
32570350,0
40652670,0
33990870,0
39360980,0
27877151,0
15427280,0
22767951,0
12666320,0
45282931,0
33847550,0
40736591,0
21424640,0
33734791,0
13353461,0
31471420,0
30276250,0
41321310,0
27464470,0
14757120,0
40433861,0
20880970,0
37695260,0
39357561,0
22129821,0
31726860,0
40547900,0
31525070,0
35419151,0
16637720,0
57230101,0
26815960,0
30894380,0
44477880,0
30798871,0
29962350,0
34100240,0
30978421,0
27349461,0
32538620,0
15947630,0
29706721,0
26982901,0
50900710,0
23528141,0
49035321,0
31397971,0
14119830,0
44237681,0
45577671,0
39094701,0
41304220,0
26050950,0
47597100,0
34996971,0
42191711,0
29160660,0
27066751,0
23308120,0
37431181,0
39503341,0
27665721,0
12910590,0
27923180,0
49300490,0
33973330,0
45331351,0
35639470,0
23039880,0
13507600,0
33662340,0
27146700,0
27969520,0
33197690,0
21402940,0
21364541,0
31271600,0
36188281,0
26952390,0
38253421,0
42224900,0
28614851,0
43096150,0
26846320,0
27586831,0
36567220,0
28137870,0
28294751,0
34228610,0
33637680,0
16349671,0
47744260,0
53365670,0
43380401,0
41608980,0
35482721,0
52624950,0
26781261,0
34468590,0
11847991,0
39172231,0
15020700,0
33325611,0
41060281,0
30480141,0
31642020,0
38578850,0
27481741,0
29733041,0
44589470,0
42446881,0
23200871,0
45574990,0
39911571,0
11708130,0
32097680,0
43760241,0
37436800,0
42724621,0
23031221,0
25774720,0
43769710,0
28052431,0
45377260,0
51049851,0
22348401,0
54959471,0
35399680,0
56072161,0
41454151,0
15626940,0
23361900,0
49853550,0
36923671,0
27751371,0
15437740,0
24970721,0
28626701,0
34183240,0
32398470,0
14773520,0
31517401,0
54875960,0
41012100,0
48406380,0
22411431,0
21113330,0
23103470,0
46782491,0
27457160,0
37905570,0
11930420,0
30806800,0
28626810,0
30212410,0
40338250,0
25998300,0
30766161,0
23808630,0
40365950,0
29812631,0
44487041,0
14079570,0
25939940,0
50110381,0
40238970,0
43217941,0
44972101,0
29640470,0
26716430,0
23032331,0
23404810,0
45421100,0
39665200,0
27433061,0
27757920,0
47119510,0
48243991,0
46588451,0
25167080,0
33387661,0
20216261,0
28002180,0
52633910,0
26700810,0
12582671,0
32256590,0
43675380,0
28880030,0
27791020,0
26010461,0
21647090,0
36399960,0
11884770,0
24768391,0
29418741,0
29860160,0
42300100,0
26457420,0
36754311,0
27159230,0
12509981,0
49272340,0
22154101,0
29426430,0
29851220,0
36667630,0
31100850,0
45184690,0
40537171,0
40433840,0
51640370,0
24126531,0
36484240,0
31172871,0
53135080,0
46361390,0
57617840,0
27061651,0
44062551,0
22373781,0
33209010,0
36802530,0
31646771,0
39936681,0
32898621,0
34711511,0
33187490,0
45552161,0
28557560,0
40208470,0
21929650,0
42937810,0
25054701,0
32660021,0
28221330,0
25118390,0
32141980,0
26476481,0
12333130,0
47347370,0
23546310,0
41527511,0
31613521,0
31642901,0
47373461,0
27368040,0
45484451,0
22951190,0
39490671,0
31895930,0
23925591,0
34535200,0
42625580,0
33027551,0
26951861,0
30637190,0
22361460,0
38336840,0
40083981,0
45717661,0
15696771,0
13960311,0
41899911,0
29589990,0
30447670,0
39807420,0
22553501,0
48706350,0
43333180,0
12038700,0
11849921,0
12525800,0
43269050,0
26031711,0
52865050,0
34169621,0
47966740,0
39680810,0
53650320,0
49303250,0
21502390,0
40529431,0
43956980,0
30134370,0
26189440,0
52150421,0
30617040,0
52921921,0
42684300,0
14541820,0
40449680,0
29010490,0
15501160,0
37699800,0
44058510,0
36756320,0
38332881,0
31032781,0
27707040,0
27671921,0
22044290,0
39112921,0
44241380,0
29069630,0
33431880,0
21998101,0
36613860,0
16673231,0
27750780,0
51635161,0
49163540,0
46549100,0
16239140,0
22839360,0
14426530,0
25908360,0
44790191,0
37928050,0
37475331,0
33301601,0
28416111,0
31172030,0
36133360,0
37265490,0
37909150,0
14468330,0
41112821,0
26801141,0
34260630,0
53127240,0
30235580,0
41258331,0
51616080,0
37892661,0
25898040,0
26663061,0
37605330,0
12134840,0
50235611,0
31185851,0
22075440,0
26277710,0
25734720,0
21443770,0
31934530,0
26500150,0
24508120,0
29409880,0
40960271,0
13796550,0
24550091,0
43757030,0
27750681,0
28978080,0
15818530,0
20959590,0
12547620,0
42909230,0
43435171,0
30861201,0
29325801,0
24222801,0
32469821,0
42008000,0
47250120,0
34215151,0
29765310,0
45619611,0
37449230,0
48023311,0
17881320,0
49593440,0
32289400,0
33300631,0
51460370,0
38180201,0
25971270,0
35404090,0
14032780,0
36780081,0
13119370,0
21713560,0
30439031,0
40790450,0
33435730,0
31669330,0
33568550,0
14192001,0
33425851,0
15901400,0
11776961,0
31303310,0
20360730,0
31815110,0
14561621,0
33205980,0
36724241,0
12948370,0
11926280,0
34199510,0
50918250,0
53669620,0
23047361,0
35080961,0
40073730,0
29750380,0
28952601,0
54935191,0
26924530,0
12733811,0
33350950,0
15700180,0
20214741,0
45367061,0
11760001,0
16367270,0
35198071,0
28790350,0
39907000,0
33032230,0
41047150,0
23169650,0
49396811,0
35325180,0
20887710,0
54616290,0
48536740,0
40348330,0
54974290,0
26988951,0
26291671,0
12985231,0
41424440,0
36549030,0
47784120,0
29511960,0
29132991,0
30909891,0
27939040,0
46819970,0
33536611,0
33628451,0
23677761,0
40588160,0
21322950,0
39315521,0
26906081,0
27925561,0
42496241,0
28194040,0
26000610,0
36944720,0
27093781,0
14384640,0
42854971,0
41286830,0
29994821,0
36854250,0
22396230,0
14684010,0
22251850,0
36438310,0
29630161,0
14950511,0
43418481,0
49809390,0
16003091,0
45132901,0
22455240,0
12697271,0
57226081,0
43942701,0
35069770,0
40011920,0
39915410,0
42875241,0
57232431,0
36404831,0
22435650,0
26926880,0
33423180,0
37707530,0
35599261,0
12320231,0
24773900,0
38434101,0
21809930,0
22174180,0
23394460,0
25937221,0
27739091,0
31515680,0
24032901,0
46875851,0
47281820,0
16488500,0
33965640,0
22517060,0
27317570,0
36187741,0
29552801,0
41885370,0
30251300,0
38961720,0
30881990,0
45149410,0
22585310,0
29117760,0
44173841,0
25828131,0
50613170,0
52132700,0
40786320,0
58192540,0
33311370,0
28148940,0
40797271,0
14298960,0
26662750,0
39102400,0
11926181,0
20866241,0
44019501,0
21701731,0
44895490,0
35766660,0
16383680,0
33048910,0
29051570,0
38365630,0
11961791,0
27217341,0
30172741,0
46485800,0
27998990,0
41480330,0
31094500,0
13268620,0
31745661,0
28186631,0
44966650,0
26898030,0
32318380,0
28004410,0
31573050,0
22062730,0
45014411,0
46919581,0
42254410,0
21341310,0
26509171,0
29763131,0
36824750,0
30060160,0
22705420,0
27109911,0
31520711,0
31859380,0
14673670,0
16299580,0
42897561,0
42903491,0
33382541,0
36911750,0
28027550,0
29375871,0
41648850,0
51456431,0
35330540,0
26895400,0
23825440,0
27327390,0
45888910,0
29754861,0
35325200,0
45082701,0
26048090,0
32739031,0
36996881,0
33686381,0
27095291,0
15522960,0
25930040,0
32109970,0
26668161,0
22350071,0
21355130,0
31051801,0
47093020,0
27949671,0
44175450,0
29736170,0
29055481,0
12980810,0
51382180,0
42533341,0
22155420,0
25896070,0
24150131,0
15218781,0
46540250,0
41803060,0
23646741,0
12307401,0
23940740,0
21783511,0
13026331,0
11702430,0
12992080,0
42375640,0
28197760,0
49236910,0
42163851,0
24084221,0
14429891,0
42428920,0
27039140,0
49945790,0
14219721,0
13987321,0
23850000,0
29487691,0
12748940,0
35829420,0
35031860,0
29568050,0
27273061,0
45410941,0
15771640,0
41132920,0
23016430,0
39247890,0
37706840,0
12211220,0
23827681,0
46400041,0
28082310,0
12253980,0
35129750,0
29464671,0
13169631,0
27009630,0
50451270,0
26443931,0
30498980,0
12865941,0
49189391,0
51865351,0
45963080,0
26826990,0
12292501,0
43066661,0
39936141,0
28396490,0
35073521,0
32483030,0
14797171,0
37921570,0
32762201,0
27087291,0
49019150,0
47678090,0
29721871,0
39411351,0
43935880,0
30660890,0
51795220,0
22303861,0
28228281,0
14147010,0
48867341,0
13544341,0
28953571,0
23466061,0
26714590,0
30044601,0
38466610,0
28438451,0
23982250,0
14405870,0
33225830,0
41424030,0
27022970,0
45589391,0
28786821,0
23028440,0
30055101,0
29706380,0
46612530,0
16613180,0
40192860,0
34568460,0
32844230,0
27815761,0
43718550,0
44287980,0
13209320,0
16566840,0
40148360,0
16016580,0
23030230,0
35978640,0
31888671,0
38254271,0
52223911,0
44028000,0
32080340,0
46623870,0
29156400,0
32649900,0
44918561,0
11958310,0
15547770,0
22164171,0
22639421,0
42595750,0
45929751,0
46925091,0
44232810,0
43711370,0
26965261,0
47376751,0
11786491,0
36555151,0
33568290,0
21525690,0
27939560,0
24013570,0
25948900,0
44325200,0
41962791,0
12846231,0
40306581,0
29597010,0
22432760,0
46307511,0
37922830,0
23789351,0
29857530,0
33471310,0
37266490,0
42882380,0
30655090,0
27862251,0
13068541,0
27916540,0
27163291,0
22131860,0
37962441,0
28192001,0
14726090,0
20226731,0
47225180,0
27163090,0
22485160,0
13368190,0
32096870,0
27411060,0
33513000,0
15887770,0
46131080,0
39240911,0
45232601,0
49109760,0
38056211,0
30806820,0
15642270,0
44171740,0
22542710,0
12674661,0
40238380,0
27265850,0
31782041,0
16511010,0
30214671,0
43991870,0
28559531,0
16542331,0
29438300,0
27681301,0
32931670,0
24073120,0
48302000,0
29033380,0
30100471,0
32899400,0
14883781,0
26459791,0
14799340,0
25975380,0
45938680,0
11944760,0
21371220,0
23456001,0
43719110,0
35740020,0
39722211,0
54852721,0
47159961,0
22498000,0
34581130,0
14215410,0
35157740,0
28063031,0
26069840,0
38016050,0
27279380,0
26299190,0
31237780,0
12878570,0
35693410,0
23510420,0
22331560,0
52136970,0
15123761,0
30371410,0
36535441,0
28502451,0
14022460,0
26951850,0
42908451,0
28503141,0
39931861,0
13382930,0
35529860,0
24185701,0
21714380,0
32270520,0
27980981,0
31428680,0
41569991,0
36914260,0
50813140,0
41670380,0
35949400,0
31738980,0
34617140,0
28500381,0
29828570,0
23658321,0
29977721,0
31067190,0
25455761,0
41845790,0
40269481,0
28243550,0
29998790,0
46125201,0
26145051,0
14285870,0
46968271,0
44234080,0
23880101,0
26326961,0
24095890,0
21333600,0
31625780,0
28244131,0
31694771,0
16356400,0
34600221,0
31608940,0
16140741,0
50224441,0
38164310,0
13063800,0
24008751,0
25893890,0
22463820,0
36379871,0
13165430,0
38849211,0
28174180,0
16686440,0
14785301,0
42719251,0
15398550,0
34672191,0
30450720,0
31549750,0
23208940,0
39976240,0
30095020,0
29077951,0
49316541,0
42583941,0
44843490,0
41445881,0
15911220,0
31721111,0
16340421,0
43176530,0
26976701,0
27821131,0
14315161,0
30794700,0
36760590,0
31376820,0
50775640,0
47975301,0
16324031,0
40958310,0
21888300,0
26086970,0
41307100,0
29764651,0
24098910,0
21620190,0
37330501,0
41216381,0
30386911,0
45987500,0
29135601,0
37714010,0
12932551,0
41993001,0
52503611,0
30959381,0
41062051,0
28757280,0
49087000,0
32128610,0
26689561,0
29127211,0
34031991,0
35127150,0
51419700,0
43954701,0
21647370,0
36529720,0
22651910,0
27240210,0
27882340,0
32640650,0
41095930,0
37486341,0
23544350,0
32786460,0
24247870,0
13837630,0
35763760,0
36436811,0
21094580,0
22689860,0
34019150,0
27862870,0
39771130,0
37923500,0
29807821,0
40883201,0
43034180,0
33607570,0
23782451,0
41729841,0
28446451,0
27641110,0
32337830,0
25869511,0
22830680,0
36781181,0
21539340,0
41291380,0
32812981,0
33378910,0
40810511,0
20349611,0
16565931,0
38223211,0
58463570,0
37734290,0
38660281,0
43153380,0
47515170,0
40341550,0
27069190,0
28837701,0
23277391,0
27058891,0
26256340,0
32161150,0
24146691,0
38798820,0
49822510,0
38644770,0
51179320,0
51097561,0
28190870,0
46716240,0
38795151,0
12137690,0
33264931,0
27257880,0
33644300,0
40071961,0
26128241,0
13793161,0
14182741,0
32116330,0
47989910,0
44509460,0
30626051,0
21183721,0
36910630,0
23026650,0
14300770,0
26764660,0
28163290,0
34272050,0
30189281,0
16523291,0
37632890,0
33855201,0
12229191,0
34692290,0
47357850,0
34356340,0
25876561,0
27448750,0
50224820,0
23161271,0
23665450,0
22577201,0
14340241,0
27274120,0
42972451,0
32176040,0
42290310,0
22462461,0
44598410,0
49773711,0
14562950,0
36195601,0
21430851,0
27770251,0
32095340,0
26809100,0
25891670,0
33257290,0
36157070,0
32353410,0
25942321,0
13701711,0
30724101,0
20464901,0
28181760,0
27716820,0
29581320,0
26973111,0
40138041,0
37689610,0
29066781,0
54774770,0
22764180,0
15321610,0
40954730,0
45622180,0
16001380,0
46045901,0
29763411,0
14193651,0
41630131,0
43779910,0
29270310,0
30379420,0
36885581,0
42050020,0
21383400,0
13732270,0
29475301,0
15550690,0
21452460,0
42518670,0
36959060,0
32642610,0
36592791,0
33808960,0
20636420,0
24576650,0
34123240,0
29787941,0
14279530,0
29057900,0
27880461,0
27234010,0
12826921,0
26743891,0
33593930,0
16128400,0
27816591,0
28756170,0
28077210,0
43064110,0
41239120,0
27002970,0
28551900,0
27879010,0
29942780,0
49569710,0
32260450,0
14272521,0
20674100,0
39110920,0
30018760,0
29285890,0
25571211,0
26455251,0
21366861,0
33096231,0
44058370,0
45562651,0
24610180,0
13778210,0
13768721,0
31178551,0
40282031,0
37435270,0
34972581,0
23993950,0
39209321,0
31171450,0
30274641,0
21127321,0
27755740,0
13110960,0
47260070,0
30493740,0
33278110,0
31978690,0
43149141,0
38481510,0
31493790,0
51289971,0
32685350,0
21361160,0
13056220,0
41276870,0
29002261,0
40621950,0
20269720,0
22746991,0
15653201,0
31066670,0
49294450,0
24103210,0
43862530,0
16348100,0
31274521,0
34179510,0
35177910,0
52829651,0
39955950,0
16290880,0
47390930,0
21338611,0
31447201,0
40733770,0
20524700,0
14468470,0
22649990,0
36260390,0
30347030,0
31594781,0
28805571,0
30092280,0
39322790,0
12972151,0
14494031,0
23757560,0
35240480,0
33580270,0
41297730,0
16558440,0
14794790,0
12881111,0
28796631,0
28077510,0
29862561,0
36552200,0
27982740,0
26915461,0
45386371,0
42123280,0
16615281,0
16680381,0
20668270,0
39654460,0
29068321,0
47487231,0
29541570,0
34635600,0
30908791,0
21804690,0
27965350,0
30100570,0
22815251,0
27302820,0
39836120,0
36647681,0
34484730,0
11957081,0
22533491,0
25982051,0
27680481,0
36846640,0
27613540,0
32876350,0
41327900,0
30342791,0
20384210,0
22543650,0
26715290,0
41624051,0
33824280,0
16292930,0
37256400,0
35391961,0
22454850,0
26495241,0
29987641,0
14743251,0
49133671,0
32084081,0
26711020,0
34055721,0
31277260,0
27507050,0
39551580,0
12920691,0
26060941,0
27058351,0
30540790,0
50458761,0
30997591,0
51681310,0
39662781,0
26479651,0
45617261,0
26708000,0
40189450,0
22867880,0
29223580,0
33225481,0
27939980,0
34737971,0
23170941,0
27126010,0
13483760,0
44732391,0
41925660,0
29122880,0
38082240,0
45996620,0
36526181,0
41060401,0
31873911,0
26989910,0
37842690,0
14094440,0
27887471,0
36911190,0
22980331,0
14838380,0
31310880,0
41087950,0
31375621,0
42784911,0
39395221,0
33966740,0
42851610,0
26852151,0
14477580,0
41208821,0
20189351,0
34180490,0
22981120,0
27658210,0
47175110,0
27241330,0
44089660,0
41072240,0
32088060,0
51652500,0
38806140,0
30333691,0
16070890,0
25902611,0
36881991,0
35281511,0
22852030,0
14270481,0
41815891,0
41874490,0
38980320,0
54633400,0
38293090,0
40098991,0
12862440,0
29430290,0
53768120,0
46144901,0
44383010,0
27143100,0
26989040,0
36905970,0
13814941,0
20844451,0
23023351,0
31180720,0
42307270,0
51335871,0
23189640,0
33522230,0
14582861,0
15435571,0
13509710,0
29133900,0
26847741,0
22733601,0
27828601,0
29579920,0
16296161,0
12731211,0
35166030,0
22085930,0
28560730,0
40192050,0
29555640,0
36085671,0
41794531,0
20229061,0
27908010,0
29061561,0
23940631,0
27167780,0
39287101,0
26738241,0
49343861,0
27055711,0
36804580,0
16630030,0
37484701,0
15612340,0
34101070,0
22411441,0
41113781,0
29948761,0
31733310,0
32130431,0
30359300,0
30272711,0
27166290,0
50532121,0
40668270,0
24302210,0
15389931,0
45138141,0
13882910,0
31973730,0
31883800,0
21162911,0
26804140,0
28166170,0
35273720,0
21338010,0
26840281,0
28824351,0
37712651,0
29653850,0
38896121,0
22497740,0
12258721,0
39090820,0
30439331,0
46385390,0
35589990,0
39399850,0
26908950,0
36964310,0
34412351,0
11700691,0
39741210,0
31708360,0
39535061,0
35708150,0
22255280,0
37714741,0
27904680,0
15176380,0
13987960,0
30673501,0
26846990,0
41995751,0
13439340,0
24383881,0
39272491,0
29136520,0
45601760,0
30383720,0
31555570,0
37912081,0
14606090,0
26724120,0
23056820,0
25457561,0
28966811,0
25751960,0
12025060,0
29648750,0
39560700,0
30502180,0
22571380,0
22842680,0
49592330,0
28505071,0
33286031,0
26655570,0
15731111,0
27017241,0
26700871,0
50375861,0
27785120,0
29900061,0
14974671,0
21805250,0
34565410,0
27593171,0
32073061,0
23930650,0
32885801,0
30496681,0
33640311,0
22851111,0
42811231,0
28083830,0
23724241,0
24209100,0
46426541,0
31820770,0
14642551,0
50442601,0
43587681,0
30042340,0
31611591,0
30520411,0
12230250,0
53318561,0
41743580,0
36622560,0
15240971,0
48197781,0
35094921,0
27620430,0
36588090,0
43413480,0
22435151,0
25771400,0
25804100,0
40958150,0
34323951,0
33987410,0
28095700,0
30846530,0
12979270,0
22615510,0
43601310,0
26781380,0
23027651,0
23779271,0
37512780,0
34920010,0
41454240,0
28162911,0
40506681,0
36489470,0
27686230,0
13966340,0
41050140,0
26356990,0
29003570,0
28167150,0
31265230,0
27263431,0
30789631,0
37451980,0
22121900,0
27256951,0
27056070,0
24083111,0
11964790,0
29841861,0
15781171,0
38997600,0
13064930,0
15739900,0
22446850,0
40457731,0
23016030,0
30853211,0
12340010,0
25853101,0
29714250,0
48394250,0
30185401,0
53541390,0
31625770,0
38487000,0
38208560,0
24005031,0
27110181,0
47428211,0
31094831,0
27477741,0
38939821,0
21511001,0
22323171,0
39222920,0
25530600,0
30098931,0
31743011,0
21892980,0
22445620,0
28948680,0
20458270,0
14082891,0
27266670,0
21698110,0
27769851,0
35306871,0
38407191,0
22840980,0
45670190,0
32760800,0
16443690,0
36961581,0
25380970,0
38782820,0
46380000,0
38781740,0
33378711,0
39572840,0
27022420,0
27757680,0
27982931,0
15688610,0
23535390,0
40977200,0
27574780,0
26289990,0
22691401,0
13891180,0
21965431,0
22435660,0
26907751,0
21377310,0
36874681,0
31430590,0
24062401,0
21447510,0
45115190,0
26013091,0
32512570,0
39992490,0
29804081,0
16129431,0
14665530,0
30877010,0
22151891,0
29277381,0
28804491,0
28100110,0
27190591,0
40420860,0
40562261,0
30036150,0
36620241,0
37502740,0
30036170,0
32641110,0
33920431,0
49565351,0
27450800,0
26601120,0
23743831,0
37655920,0
38646440,0
37444711,0
43831261,0
46657800,0
54190390,0
14758650,0
26835601,0
16061130,0
29948830,0
41240661,0
30634860,0
30244861,0
35094071,0
22537221,0
20462260,0
32485790,0
40452290,0
15694311,0
40130980,0
44378730,0
28072920,0
31173380,0
29411130,0
23395830,0
38072320,0
14840710,0
25818560,0
22911320,0
44103901,0
34636850,0
29119901,0
22210860,0
12511511,0
33378090,0
28798561,0
14913981,0
34751781,0
46163261,0
51403820,0
15239440,0
32995141,0
33014191,0
21735320,0
13655750,0
12442800,0
27102140,0
24351450,0
38204751,0
44048020,0
26775560,0
27753540,0
29443820,0
11976920,0
32962830,0
40984380,0
32282961,0
32010940,0
26609291,0
52895520,0
30333360,0
15171881,0
27333560,0
30623650,0
40935810,0
21367971,0
42665550,0
26925080,0
30290641,0
12707970,0
34716560,0
13133621,0
45540930,0
13363650,0
30893901,0
29888850,0
21706640,0
44835780,0
44409060,0
31002400,0
23647851,0
24124570,0
41103250,0
30620650,0
12210820,0
30792180,0
31070380,0
32396150,0
31732220,0
41027690,0
24971681,0
28103461,0
16447280,0
29855600,0
39134250,0
34355250,0
49303841,0
21331161,0
34540190,0
38634460,0
28850090,0
42433221,0
24041161,0
38177530,0
49595790,0
29390140,0
31371621,0
21730370,0
36182300,0
26802760,0
26704711,0
18889870,0
31559331,0
14117931,0
46793600,0
40852940,0
38357400,0
40338510,0
33388481,0
43223400,0
40418551,0
29702390,0
34184931,0
27245150,0
46744670,0
15206231,0
32987250,0
37941010,0
37453371,0
30003911,0
16350470,0
34100961,0
31887670,0
13428081,0
33425140,0
29167881,0
30338501,0
28044701,0
43601160,0
40237970,0
12859461,0
40936971,0
38692411,0
22812911,0
25844350,0
36736880,0
30195071,0
27116760,0
40724690,0
48412210,0
13412890,0
15688210,0
47486100,0
41533260,0
27900441,0
42989831,0
38748930,0
23028980,0
27801910,0
34127011,0
13259821,0
43758851,0
27229980,0
22127960,0
28619640,0
12163920,0
33296880,0
41551880,0
32730081,0
30097500,0
26605530,0
38190261,0
34201631,0
28837650,0
35787490,0
45038831,0
44611930,0
38165400,0
16728770,0
31634211,0
25665760,0
29498181,0
44597241,0
14261641,0
30024590,0
25097321,0
41635220,0
22697990,0
39479740,0
27034290,0
27948420,0
39239740,0
41426991,0
40321191,0
28561450,0
27651081,0
43420790,0
27503200,0
12115271,0
13995720,0
33452300,0
44594720,0
27775341,0
51266450,0
15446751,0
51085841,0
25819161,0
29286320,0
15581880,0
21539100,0
26609780,0
37431540,0
22717471,0
33110280,0
31734000,0
30176861,0
33056620,0
28034030,0
27642070,0
32792800,0
21639101,0
22154351,0
25904240,0
34900420,0
37846520,0
30266610,0
26698231,0
32848561,0
31446350,0
12280641,0
13192190,0
43355441,0
27711491,0
29752931,0
31744480,0
50617481,0
26480840,0
37249261,0
35249091,0
41490520,0
28541191,0
32335371,0
15752160,0
30104030,0
30349961,0
22914261,0
44912200,0
29068451,0
29621990,0
28021821,0
22705830,0
33230510,0
43747001,0
22720310,0
15801680,0
39711980,0
29776310,0
30518040,0
39569821,0
26919861,0
38524161,0
44000280,0
45202391,0
35191031,0
35271380,0
27154980,0
22778380,0
38044300,0
25978580,0
28549751,0
27121600,0
43164970,0
27411640,0
51338750,0
38628780,0
21888820,0
14589201,0
40035021,0
15139741,0
49703661,0
38986950,0
40367541,0
30125400,0
24879100,0
14963720,0
29913250,0
12823820,0
27102130,0
27291360,0
34763480,0
26612280,0
23964870,0
23735920,0
33034700,0
26269731,0
33963280,0
42993151,0
25721401,0
27874050,0
34212630,0
27010570,0
26670090,0
26357700,0
40273820,0
26951581,0
40158301,0
20607381,0
50665761,0
31575130,0
47310981,0
41764140,0
23581580,0
25862320,0
36459120,0
14670271,0
31517480,0
35049910,0
37941140,0
30507591,0
23654280,0
14382451,0
34618660,0
21976840,0
29588350,0
31855981,0
28057490,0
33979591,0
31538480,0
30849341,0
13031260,0
27678910,0
31229021,0
50004591,0
28245231,0
40327521,0
25676920,0
29761041,0
14264401,0
20363790,0
14437440,0
12700390,0
38340140,0
28055891,0
47742080,0
13928031,0
29901591,0
35365170,0
46338541,0
30725580,0
36149770,0
41013200,0
39768981,0
13416371,0
32153741,0
40994491,0
14886131,0
26797831,0
33655481,0
23103160,0
24003811,0
27750610,0
22889420,0
51229260,0
15100701,0
31780121,0
12789831,0
44237220,0
25747990,0
34996991,0
29381511,0
26011920,0
41997090,0
29343161,0
44392930,0
42177101,0
28949520,0
37021981,0
16563100,0
14514690,0
15609590,0
23986711,0
46527170,0
40335490,0
31414220,0
36281770,0
16667790,0
42969421,0
21433160,0
27710951,0
26666060,0
45550231,0
13059680,0
14279431,0
28682831,0
39899670,0
41211141,0
23658201,0
49653601,0
40599330,0
16252171,0
21742981,0
49471401,0
16110340,0
38628561,0
34013791,0
45340010,0
31014520,0
13279971,0
24173981,0
39619170,0
14829520,0
31356820,0
27032681,0
27146560,0
27219011,0
40014140,0
35639951,0
12927741,0
44008341,0
22509641,0
32995130,0
23103351,0
35516870,0
40634060,0
30265121,0
28091871,0
45585671,0
12956110,0
12115971,0
23669091,0
27004490,0
29686981,0
11804131,0
20447401,0
38986171,0
40033761,0
26429800,0
14087191,0
28319800,0
27400740,0
14562940,0
28954890,0
25891181,0
29272411,0
21681461,0
13961671,0
24071910,0
26437410,0
32821180,0
16253220,0
28140411,0
16145510,0
36433040,0
28124291,0
28061080,0
36383000,0
27862080,0
27497731,0
45348000,0
42272500,0
27931901,0
16312721,0
21383291,0
20377290,0
41158570,0
29107140,0
38316321,0
37266760,0
27467220,0
42955170,0
15854220,0
32225301,0
31835031,0
21738821,0
32159131,0
41902521,0
38221301,0
45132331,0
46645001,0
35093521,0
22312260,0
12929350,0
16667100,0
24173930,0
26724311,0
27471060,0
52830580,0
12211070,0
31403331,0
37756070,0
15848720,0
35105890,0
39486941,0
23999210,0
26848390,0
33257891,0
45755420,0
13979201,0
20902111,0
33103841,0
13849141,0
23312991,0
32990400,0
26686620,0
34660700,0
25978700,0
12302141,0
43213500,0
27395551,0
14397840,0
31922280,0
12400050,0
42164821,0
29974760,0
12606480,0
12333461,0
11888510,0
28064680,0
21406250,0
33102530,0
12829370,0
42381030,0
25833801,0
15627691,0
37986410,0
23379030,0
27048390,0
20361160,0
27623781,0
41152811,0
38486221,0
28036950,0
13056961,0
14103451,0
14953360,0
51681180,0
37448701,0
22472080,0
46054540,0
47949220,0
45291590,0
16328950,0
30406740,0
35722080,0
30203911,0
34519230,0
31400451,0
39030410,0
20673171,0
44918861,0
36400940,0
31891650,0
16670540,0
27015420,0
33711071,0
26967830,0
28016851,0
25311781,0
28060090,0
15456780,0
29069110,0
29056560,0
30081640,0
29862530,0
32938270,0
17515850,0
37519560,0
50236161,0
39642771,0
16538351,0
15535360,0
27942870,0
27943430,0
27230710,0
41008650,0
23027450,0
14575551,0
29000690,0
28967980,0
34638951,0
36744740,0
47327890,0
22649601,0
34626961,0
38683250,0
33998580,0
16172000,0
27139400,0
38667110,0
23028860,0
50465791,0
14302300,0
29452691,0
28405880,0
32485360,0
35061521,0
28062880,0
16519410,0
14236790,0
15943931,0
26766081,0
25924490,0
32299620,0
22017810,0
35869311,0
23854950,0
